14:24:55 INFO: ãƒã‚¤ã‚°ãƒ¬ãƒ¼ã‚·ãƒ§ãƒ³: v_race_mart ãƒ“ãƒ¥ãƒ¼ã‚’å†ä½œæˆã—ã¾ã—ãŸ
14:24:55 INFO: DB åˆæœŸåŒ–å®Œäº†: C:\dev\horse-racing-ai\data\umalogi.db
14:24:55 INFO: ============================================================
14:24:55 INFO: UMALOGI ç›´å‰äºˆæƒ³ + çµæœé€Ÿå ± è‡ªå¾‹ç›£è¦–ãƒ«ãƒ¼ãƒ— èµ·å‹•
14:24:55 INFO: å¯¾è±¡æ—¥: 20260426  å¯¾è±¡ãƒ¬ãƒ¼ã‚¹: 36 ä»¶  ç™ºèµ°20åˆ†å‰/ç™ºèµ°15åˆ†å¾Œ
14:24:55 INFO: ============================================================
14:24:55 INFO:   R01  202603010601  ç™ºèµ°æ¨å®š 10:00  preraceâ†’09:40  postraceâ†’10:15
14:24:55 INFO:   R02  202603010602  ç™ºèµ°æ¨å®š 10:30  preraceâ†’10:10  postraceâ†’10:45
14:24:55 INFO:   R03  202603010603  ç™ºèµ°æ¨å®š 11:00  preraceâ†’10:40  postraceâ†’11:15
14:24:55 INFO:   R04  202603010604  ç™ºèµ°æ¨å®š 11:30  preraceâ†’11:10  postraceâ†’11:45
14:24:55 INFO:   R05  202603010605  ç™ºèµ°æ¨å®š 12:00  preraceâ†’11:40  postraceâ†’12:15
14:24:55 INFO:   R06  202603010606  ç™ºèµ°æ¨å®š 12:30  preraceâ†’12:10  postraceâ†’12:45
14:24:55 INFO:   R07  202603010607  ç™ºèµ°æ¨å®š 13:00  preraceâ†’12:40  postraceâ†’13:15
14:24:55 INFO:   R08  202603010608  ç™ºèµ°æ¨å®š 13:30  preraceâ†’13:10  postraceâ†’13:45
14:24:55 INFO:   R09  202603010609  ç™ºèµ°æ¨å®š 14:00  preraceâ†’13:40  postraceâ†’14:15
14:24:55 INFO:   R10  202603010610  ç™ºèµ°æ¨å®š 14:30  preraceâ†’14:10  postraceâ†’14:45
14:24:55 INFO:   R11  202603010611  ç™ºèµ°æ¨å®š 15:00  preraceâ†’14:40  postraceâ†’15:15
14:24:55 INFO:   R12  202603010612  ç™ºèµ°æ¨å®š 15:30  preraceâ†’15:10  postraceâ†’15:45
14:24:55 INFO:   R01  202605020201  ç™ºèµ°æ¨å®š 10:00  preraceâ†’09:40  postraceâ†’10:15
14:24:55 INFO:   R02  202605020202  ç™ºèµ°æ¨å®š 10:30  preraceâ†’10:10  postraceâ†’10:45
14:24:55 INFO:   R03  202605020203  ç™ºèµ°æ¨å®š 11:00  preraceâ†’10:40  postraceâ†’11:15
14:24:55 INFO:   R04  202605020204  ç™ºèµ°æ¨å®š 11:30  preraceâ†’11:10  postraceâ†’11:45
14:24:55 INFO:   R05  202605020205  ç™ºèµ°æ¨å®š 12:00  preraceâ†’11:40  postraceâ†’12:15
14:24:55 INFO:   R06  202605020206  ç™ºèµ°æ¨å®š 12:30  preraceâ†’12:10  postraceâ†’12:45
14:24:55 INFO:   R07  202605020207  ç™ºèµ°æ¨å®š 13:00  preraceâ†’12:40  postraceâ†’13:15
14:24:55 INFO:   R08  202605020208  ç™ºèµ°æ¨å®š 13:30  preraceâ†’13:10  postraceâ†’13:45
14:24:55 INFO:   R09  202605020209  ç™ºèµ°æ¨å®š 14:00  preraceâ†’13:40  postraceâ†’14:15
14:24:55 INFO:   R10  202605020210  ç™ºèµ°æ¨å®š 14:30  preraceâ†’14:10  postraceâ†’14:45
14:24:55 INFO:   R11  202605020211  ç™ºèµ°æ¨å®š 15:00  preraceâ†’14:40  postraceâ†’15:15
14:24:55 INFO:   R12  202605020212  ç™ºèµ°æ¨å®š 15:30  preraceâ†’15:10  postraceâ†’15:45
14:24:55 INFO:   R01  202608030201  ç™ºèµ°æ¨å®š 10:00  preraceâ†’09:40  postraceâ†’10:15
14:24:55 INFO:   R02  202608030202  ç™ºèµ°æ¨å®š 10:30  preraceâ†’10:10  postraceâ†’10:45
14:24:55 INFO:   R03  202608030203  ç™ºèµ°æ¨å®š 11:00  preraceâ†’10:40  postraceâ†’11:15
14:24:55 INFO:   R04  202608030204  ç™ºèµ°æ¨å®š 11:30  preraceâ†’11:10  postraceâ†’11:45
14:24:55 INFO:   R05  202608030205  ç™ºèµ°æ¨å®š 12:00  preraceâ†’11:40  postraceâ†’12:15
14:24:55 INFO:   R06  202608030206  ç™ºèµ°æ¨å®š 12:30  preraceâ†’12:10  postraceâ†’12:45
14:24:55 INFO:   R07  202608030207  ç™ºèµ°æ¨å®š 13:00  preraceâ†’12:40  postraceâ†’13:15
14:24:55 INFO:   R08  202608030208  ç™ºèµ°æ¨å®š 13:30  preraceâ†’13:10  postraceâ†’13:45
14:24:55 INFO:   R09  202608030209  ç™ºèµ°æ¨å®š 14:00  preraceâ†’13:40  postraceâ†’14:15
14:24:55 INFO:   R10  202608030210  ç™ºèµ°æ¨å®š 14:30  preraceâ†’14:10  postraceâ†’14:45
14:24:55 INFO:   R11  202608030211  ç™ºèµ°æ¨å®š 15:00  preraceâ†’14:40  postraceâ†’15:15
14:24:55 INFO:   R12  202608030212  ç™ºèµ°æ¨å®š 15:30  preraceâ†’15:10  postraceâ†’15:45
14:24:55 INFO: ------------------------------------------------------------
14:24:55 WARNING: R01 202603010601 [prerace] ç™ºèµ°æ¨å®šæ™‚åˆ» 10:00 ã‚’éãã¦ã„ã¾ã™ -> ã‚¹ã‚­ãƒƒãƒ—
14:24:55 WARNING: R01 202605020201 [prerace] ç™ºèµ°æ¨å®šæ™‚åˆ» 10:00 ã‚’éãã¦ã„ã¾ã™ -> ã‚¹ã‚­ãƒƒãƒ—
14:24:55 WARNING: R01 202608030201 [prerace] ç™ºèµ°æ¨å®šæ™‚åˆ» 10:00 ã‚’éãã¦ã„ã¾ã™ -> ã‚¹ã‚­ãƒƒãƒ—
14:24:55 WARNING: R02 202603010602 [prerace] ç™ºèµ°æ¨å®šæ™‚åˆ» 10:30 ã‚’éãã¦ã„ã¾ã™ -> ã‚¹ã‚­ãƒƒãƒ—
14:24:55 WARNING: R02 202605020202 [prerace] ç™ºèµ°æ¨å®šæ™‚åˆ» 10:30 ã‚’éãã¦ã„ã¾ã™ -> ã‚¹ã‚­ãƒƒãƒ—
14:24:55 WARNING: R02 202608030202 [prerace] ç™ºèµ°æ¨å®šæ™‚åˆ» 10:30 ã‚’éãã¦ã„ã¾ã™ -> ã‚¹ã‚­ãƒƒãƒ—
14:24:55 WARNING: R03 202603010603 [prerace] ç™ºèµ°æ¨å®šæ™‚åˆ» 11:00 ã‚’éãã¦ã„ã¾ã™ -> ã‚¹ã‚­ãƒƒãƒ—
14:24:55 WARNING: R03 202605020203 [prerace] ç™ºèµ°æ¨å®šæ™‚åˆ» 11:00 ã‚’éãã¦ã„ã¾ã™ -> ã‚¹ã‚­ãƒƒãƒ—
14:24:55 WARNING: R03 202608030203 [prerace] ç™ºèµ°æ¨å®šæ™‚åˆ» 11:00 ã‚’éãã¦ã„ã¾ã™ -> ã‚¹ã‚­ãƒƒãƒ—
14:24:55 WARNING: R04 202603010604 [prerace] ç™ºèµ°æ¨å®šæ™‚åˆ» 11:30 ã‚’éãã¦ã„ã¾ã™ -> ã‚¹ã‚­ãƒƒãƒ—
14:24:55 WARNING: R04 202605020204 [prerace] ç™ºèµ°æ¨å®šæ™‚åˆ» 11:30 ã‚’éãã¦ã„ã¾ã™ -> ã‚¹ã‚­ãƒƒãƒ—
14:24:55 WARNING: R04 202608030204 [prerace] ç™ºèµ°æ¨å®šæ™‚åˆ» 11:30 ã‚’éãã¦ã„ã¾ã™ -> ã‚¹ã‚­ãƒƒãƒ—
14:24:55 WARNING: R05 202603010605 [prerace] ç™ºèµ°æ¨å®šæ™‚åˆ» 12:00 ã‚’éãã¦ã„ã¾ã™ -> ã‚¹ã‚­ãƒƒãƒ—
14:24:55 WARNING: R05 202605020205 [prerace] ç™ºèµ°æ¨å®šæ™‚åˆ» 12:00 ã‚’éãã¦ã„ã¾ã™ -> ã‚¹ã‚­ãƒƒãƒ—
14:24:55 WARNING: R05 202608030205 [prerace] ç™ºèµ°æ¨å®šæ™‚åˆ» 12:00 ã‚’éãã¦ã„ã¾ã™ -> ã‚¹ã‚­ãƒƒãƒ—
14:24:55 WARNING: R06 202603010606 [prerace] ç™ºèµ°æ¨å®šæ™‚åˆ» 12:30 ã‚’éãã¦ã„ã¾ã™ -> ã‚¹ã‚­ãƒƒãƒ—
14:24:55 WARNING: R06 202605020206 [prerace] ç™ºèµ°æ¨å®šæ™‚åˆ» 12:30 ã‚’éãã¦ã„ã¾ã™ -> ã‚¹ã‚­ãƒƒãƒ—
14:24:55 WARNING: R06 202608030206 [prerace] ç™ºèµ°æ¨å®šæ™‚åˆ» 12:30 ã‚’éãã¦ã„ã¾ã™ -> ã‚¹ã‚­ãƒƒãƒ—
14:24:55 WARNING: R07 202603010607 [prerace] ç™ºèµ°æ¨å®šæ™‚åˆ» 13:00 ã‚’éãã¦ã„ã¾ã™ -> ã‚¹ã‚­ãƒƒãƒ—
14:24:55 WARNING: R07 202605020207 [prerace] ç™ºèµ°æ¨å®šæ™‚åˆ» 13:00 ã‚’éãã¦ã„ã¾ã™ -> ã‚¹ã‚­ãƒƒãƒ—
14:24:55 WARNING: R07 202608030207 [prerace] ç™ºèµ°æ¨å®šæ™‚åˆ» 13:00 ã‚’éãã¦ã„ã¾ã™ -> ã‚¹ã‚­ãƒƒãƒ—
14:24:55 WARNING: R08 202603010608 [prerace] ç™ºèµ°æ¨å®šæ™‚åˆ» 13:30 ã‚’éãã¦ã„ã¾ã™ -> ã‚¹ã‚­ãƒƒãƒ—
14:24:55 WARNING: R08 202605020208 [prerace] ç™ºèµ°æ¨å®šæ™‚åˆ» 13:30 ã‚’éãã¦ã„ã¾ã™ -> ã‚¹ã‚­ãƒƒãƒ—
14:24:55 WARNING: R08 202608030208 [prerace] ç™ºèµ°æ¨å®šæ™‚åˆ» 13:30 ã‚’éãã¦ã„ã¾ã™ -> ã‚¹ã‚­ãƒƒãƒ—
14:24:55 WARNING: R09 202603010609 [prerace] ç™ºèµ°æ¨å®šæ™‚åˆ» 14:00 ã‚’éãã¦ã„ã¾ã™ -> ã‚¹ã‚­ãƒƒãƒ—
14:24:55 WARNING: R09 202605020209 [prerace] ç™ºèµ°æ¨å®šæ™‚åˆ» 14:00 ã‚’éãã¦ã„ã¾ã™ -> ã‚¹ã‚­ãƒƒãƒ—
14:24:55 WARNING: R09 202608030209 [prerace] ç™ºèµ°æ¨å®šæ™‚åˆ» 14:00 ã‚’éãã¦ã„ã¾ã™ -> ã‚¹ã‚­ãƒƒãƒ—
14:24:55 INFO: ã‚¹ã‚±ã‚¸ãƒ¥ãƒ¼ãƒ«æ¸ˆã¿ã‚¸ãƒ§ãƒ–: 45 ä»¶ (ã‚¹ã‚­ãƒƒãƒ—: 27 ä»¶)
14:24:55 INFO: ç›£è¦–ãƒ«ãƒ¼ãƒ—é–‹å§‹ - Ctrl+C ã§ä¸­æ–­
14:24:55 INFO: ------------------------------------------------------------
14:24:55 INFO: [START] R01 202603010601  [postrace] çµæœå–å¾—é–‹å§‹
14:24:56 INFO: ãƒã‚¤ã‚°ãƒ¬ãƒ¼ã‚·ãƒ§ãƒ³: v_race_mart ãƒ“ãƒ¥ãƒ¼ã‚’å†ä½œæˆã—ã¾ã—ãŸ
14:24:56 INFO: DB åˆæœŸåŒ–å®Œäº†: C:\dev\horse-racing-ai\data\umalogi.db
14:24:57 INFO: ãƒ¬ãƒ¼ã‚¹çµæœå–å¾—é–‹å§‹: race_id=202603010601
14:25:00 INFO: å–å¾—å®Œäº†: race_id=202603010601, å‡ºèµ°é ­æ•°=16
14:25:00 INFO: race_results ä¿å­˜: race_id=202603010601 (16/16é ­)
14:25:04 INFO: æ‰•æˆ»å–å¾— (æ–°å½¢å¼): race_id=202603010601, 12 ä»¶
14:25:04 INFO: æ‰•æˆ»ä¿å­˜: race_id=202603010601, 12 ä»¶
14:25:04 INFO: race_payouts ä¿å­˜: race_id=202603010601 (12ä»¶)
14:25:04 INFO: [è©•ä¾¡] race=202603010601 3æ­³æœªå‹åˆ©: äºˆæƒ³24ä»¶ çš„ä¸­0ä»¶ æŠ•è³‡Â¥7200 æ‰•æˆ»Â¥0 ROI=0.0%
14:25:04 INFO: è©•ä¾¡å®Œäº†: race_id=202603010601  çš„ä¸­=0ä»¶  æŠ•è³‡Â¥7200  æ‰•æˆ»Â¥0  ROI=0.0%
races.json:       18408 ƒŒ[ƒX
races/{id}.json: 18408 ƒtƒ@ƒCƒ‹ ¨ C:\dev\horse-racing-ai\web\src\data\races
predictions.json:  3089 Œ
summary.json:         4 ƒ‚ƒfƒ‹~”NƒŒƒR[ƒh  (‘ƒŒ[ƒX 18,408)
financial.json:      18 “ú~ƒ‚ƒfƒ‹ƒŒƒR[ƒh

ƒGƒNƒXƒ|[ƒgæ: C:\dev\horse-racing-ai\web\src\data
14:25:48 INFO: ãƒ€ãƒƒã‚·ãƒ¥ãƒœãƒ¼ãƒ‰æ›´æ–°å®Œäº†
14:25:48 INFO: [OK] R01 202603010601  [postrace] å®Œäº†
14:25:48 INFO: [START] R01 202605020201  [postrace] çµæœå–å¾—é–‹å§‹
14:25:51 INFO: ãƒã‚¤ã‚°ãƒ¬ãƒ¼ã‚·ãƒ§ãƒ³: v_race_mart ãƒ“ãƒ¥ãƒ¼ã‚’å†ä½œæˆã—ã¾ã—ãŸ
14:25:51 INFO: DB åˆæœŸåŒ–å®Œäº†: C:\dev\horse-racing-ai\data\umalogi.db
14:25:51 INFO: ãƒ¬ãƒ¼ã‚¹çµæœå–å¾—é–‹å§‹: race_id=202605020201
14:25:53 INFO: å–å¾—å®Œäº†: race_id=202605020201, å‡ºèµ°é ­æ•°=16
14:25:53 INFO: race_results ä¿å­˜: race_id=202605020201 (16/16é ­)
14:25:57 INFO: æ‰•æˆ»å–å¾— (æ–°å½¢å¼): race_id=202605020201, 12 ä»¶
14:25:57 INFO: æ‰•æˆ»ä¿å­˜: race_id=202605020201, 12 ä»¶
14:25:57 INFO: race_payouts ä¿å­˜: race_id=202605020201 (12ä»¶)
14:25:57 INFO: [è©•ä¾¡] race=202605020201 3æ­³æœªå‹åˆ©: äºˆæƒ³24ä»¶ çš„ä¸­0ä»¶ æŠ•è³‡Â¥7200 æ‰•æˆ»Â¥0 ROI=0.0%
14:25:57 INFO: è©•ä¾¡å®Œäº†: race_id=202605020201  çš„ä¸­=0ä»¶  æŠ•è³‡Â¥7200  æ‰•æˆ»Â¥0  ROI=0.0%
races.json:       18408 ƒŒ[ƒX
races/{id}.json: 18408 ƒtƒ@ƒCƒ‹ ¨ C:\dev\horse-racing-ai\web\src\data\races
predictions.json:  3089 Œ
summary.json:         4 ƒ‚ƒfƒ‹~”NƒŒƒR[ƒh  (‘ƒŒ[ƒX 18,408)
financial.json:      18 “ú~ƒ‚ƒfƒ‹ƒŒƒR[ƒh

ƒGƒNƒXƒ|[ƒgæ: C:\dev\horse-racing-ai\web\src\data
14:26:41 INFO: ãƒ€ãƒƒã‚·ãƒ¥ãƒœãƒ¼ãƒ‰æ›´æ–°å®Œäº†
14:26:41 INFO: [OK] R01 202605020201  [postrace] å®Œäº†
14:26:41 INFO: [START] R01 202608030201  [postrace] çµæœå–å¾—é–‹å§‹
14:26:43 INFO: ãƒã‚¤ã‚°ãƒ¬ãƒ¼ã‚·ãƒ§ãƒ³: v_race_mart ãƒ“ãƒ¥ãƒ¼ã‚’å†ä½œæˆã—ã¾ã—ãŸ
14:26:43 INFO: DB åˆæœŸåŒ–å®Œäº†: C:\dev\horse-racing-ai\data\umalogi.db
14:26:43 INFO: ãƒ¬ãƒ¼ã‚¹çµæœå–å¾—é–‹å§‹: race_id=202608030201
14:26:45 INFO: å–å¾—å®Œäº†: race_id=202608030201, å‡ºèµ°é ­æ•°=16
14:26:45 INFO: race_results ä¿å­˜: race_id=202608030201 (16/16é ­)
14:26:50 INFO: æ‰•æˆ»å–å¾— (æ–°å½¢å¼): race_id=202608030201, 12 ä»¶
14:26:50 INFO: æ‰•æˆ»ä¿å­˜: race_id=202608030201, 12 ä»¶
14:26:50 INFO: race_payouts ä¿å­˜: race_id=202608030201 (12ä»¶)
14:26:50 INFO: [è©•ä¾¡] race=202608030201 3æ­³æœªå‹åˆ©: äºˆæƒ³24ä»¶ çš„ä¸­0ä»¶ æŠ•è³‡Â¥7200 æ‰•æˆ»Â¥0 ROI=0.0%
14:26:50 INFO: è©•ä¾¡å®Œäº†: race_id=202608030201  çš„ä¸­=0ä»¶  æŠ•è³‡Â¥7200  æ‰•æˆ»Â¥0  ROI=0.0%
races.json:       18408 ƒŒ[ƒX
races/{id}.json: 18408 ƒtƒ@ƒCƒ‹ ¨ C:\dev\horse-racing-ai\web\src\data\races
predictions.json:  3089 Œ
summary.json:         4 ƒ‚ƒfƒ‹~”NƒŒƒR[ƒh  (‘ƒŒ[ƒX 18,408)
financial.json:      18 “ú~ƒ‚ƒfƒ‹ƒŒƒR[ƒh

ƒGƒNƒXƒ|[ƒgæ: C:\dev\horse-racing-ai\web\src\data
14:27:20 INFO: ãƒ€ãƒƒã‚·ãƒ¥ãƒœãƒ¼ãƒ‰æ›´æ–°å®Œäº†
14:27:20 INFO: [OK] R01 202608030201  [postrace] å®Œäº†
14:27:20 INFO: [START] R02 202603010602  [postrace] çµæœå–å¾—é–‹å§‹
14:27:21 INFO: ãƒã‚¤ã‚°ãƒ¬ãƒ¼ã‚·ãƒ§ãƒ³: v_race_mart ãƒ“ãƒ¥ãƒ¼ã‚’å†ä½œæˆã—ã¾ã—ãŸ
14:27:21 INFO: DB åˆæœŸåŒ–å®Œäº†: C:\dev\horse-racing-ai\data\umalogi.db
14:27:21 INFO: ãƒ¬ãƒ¼ã‚¹çµæœå–å¾—é–‹å§‹: race_id=202603010602
14:27:24 INFO: å–å¾—å®Œäº†: race_id=202603010602, å‡ºèµ°é ­æ•°=16
14:27:24 INFO: race_results ä¿å­˜: race_id=202603010602 (16/16é ­)
14:27:28 INFO: æ‰•æˆ»å–å¾— (æ–°å½¢å¼): race_id=202603010602, 15 ä»¶
14:27:28 INFO: æ‰•æˆ»ä¿å­˜: race_id=202603010602, 15 ä»¶
14:27:28 INFO: race_payouts ä¿å­˜: race_id=202603010602 (15ä»¶)
14:27:28 INFO: [è©•ä¾¡] race=202603010602 3æ­³æœªå‹åˆ©: äºˆæƒ³24ä»¶ çš„ä¸­0ä»¶ æŠ•è³‡Â¥7200 æ‰•æˆ»Â¥0 ROI=0.0%
14:27:28 INFO: è©•ä¾¡å®Œäº†: race_id=202603010602  çš„ä¸­=0ä»¶  æŠ•è³‡Â¥7200  æ‰•æˆ»Â¥0  ROI=0.0%
races.json:       18408 ƒŒ[ƒX
races/{id}.json: 18408 ƒtƒ@ƒCƒ‹ ¨ C:\dev\horse-racing-ai\web\src\data\races
predictions.json:  3089 Œ
summary.json:         4 ƒ‚ƒfƒ‹~”NƒŒƒR[ƒh  (‘ƒŒ[ƒX 18,408)
financial.json:      18 “ú~ƒ‚ƒfƒ‹ƒŒƒR[ƒh

ƒGƒNƒXƒ|[ƒgæ: C:\dev\horse-racing-ai\web\src\data
14:28:02 INFO: ãƒ€ãƒƒã‚·ãƒ¥ãƒœãƒ¼ãƒ‰æ›´æ–°å®Œäº†
14:28:02 INFO: [OK] R02 202603010602  [postrace] å®Œäº†
14:28:02 INFO: [START] R02 202605020202  [postrace] çµæœå–å¾—é–‹å§‹
14:28:04 INFO: ãƒã‚¤ã‚°ãƒ¬ãƒ¼ã‚·ãƒ§ãƒ³: v_race_mart ãƒ“ãƒ¥ãƒ¼ã‚’å†ä½œæˆã—ã¾ã—ãŸ
14:28:04 INFO: DB åˆæœŸåŒ–å®Œäº†: C:\dev\horse-racing-ai\data\umalogi.db
14:28:04 INFO: ãƒ¬ãƒ¼ã‚¹çµæœå–å¾—é–‹å§‹: race_id=202605020202
14:28:07 INFO: å–å¾—å®Œäº†: race_id=202605020202, å‡ºèµ°é ­æ•°=14
14:28:07 INFO: race_results ä¿å­˜: race_id=202605020202 (14/14é ­)
14:28:12 INFO: æ‰•æˆ»å–å¾— (æ–°å½¢å¼): race_id=202605020202, 12 ä»¶
14:28:12 INFO: æ‰•æˆ»ä¿å­˜: race_id=202605020202, 12 ä»¶
14:28:12 INFO: race_payouts ä¿å­˜: race_id=202605020202 (12ä»¶)
14:28:12 INFO: [è©•ä¾¡] race=202605020202 3æ­³æœªå‹åˆ©: äºˆæƒ³24ä»¶ çš„ä¸­0ä»¶ æŠ•è³‡Â¥7200 æ‰•æˆ»Â¥0 ROI=0.0%
14:28:12 INFO: è©•ä¾¡å®Œäº†: race_id=202605020202  çš„ä¸­=0ä»¶  æŠ•è³‡Â¥7200  æ‰•æˆ»Â¥0  ROI=0.0%
races.json:       18408 ƒŒ[ƒX
races/{id}.json: 18408 ƒtƒ@ƒCƒ‹ ¨ C:\dev\horse-racing-ai\web\src\data\races
predictions.json:  3089 Œ
summary.json:         4 ƒ‚ƒfƒ‹~”NƒŒƒR[ƒh  (‘ƒŒ[ƒX 18,408)
financial.json:      18 “ú~ƒ‚ƒfƒ‹ƒŒƒR[ƒh

ƒGƒNƒXƒ|[ƒgæ: C:\dev\horse-racing-ai\web\src\data
14:29:17 INFO: ãƒ€ãƒƒã‚·ãƒ¥ãƒœãƒ¼ãƒ‰æ›´æ–°å®Œäº†
14:29:17 INFO: [OK] R02 202605020202  [postrace] å®Œäº†
14:29:17 INFO: [START] R02 202608030202  [postrace] çµæœå–å¾—é–‹å§‹
14:29:19 INFO: ãƒã‚¤ã‚°ãƒ¬ãƒ¼ã‚·ãƒ§ãƒ³: v_race_mart ãƒ“ãƒ¥ãƒ¼ã‚’å†ä½œæˆã—ã¾ã—ãŸ
14:29:19 INFO: DB åˆæœŸåŒ–å®Œäº†: C:\dev\horse-racing-ai\data\umalogi.db
14:29:19 INFO: ãƒ¬ãƒ¼ã‚¹çµæœå–å¾—é–‹å§‹: race_id=202608030202
14:29:24 INFO: å–å¾—å®Œäº†: race_id=202608030202, å‡ºèµ°é ­æ•°=15
14:29:24 INFO: race_results ä¿å­˜: race_id=202608030202 (15/15é ­)
14:29:28 INFO: æ‰•æˆ»å–å¾— (æ–°å½¢å¼): race_id=202608030202, 12 ä»¶
14:29:28 INFO: æ‰•æˆ»ä¿å­˜: race_id=202608030202, 12 ä»¶
14:29:28 INFO: race_payouts ä¿å­˜: race_id=202608030202 (12ä»¶)
14:29:28 INFO: [è©•ä¾¡] race=202608030202 3æ­³æœªå‹åˆ©: äºˆæƒ³24ä»¶ çš„ä¸­0ä»¶ æŠ•è³‡Â¥7300 æ‰•æˆ»Â¥0 ROI=0.0%
14:29:28 INFO: è©•ä¾¡å®Œäº†: race_id=202608030202  çš„ä¸­=0ä»¶  æŠ•è³‡Â¥7300  æ‰•æˆ»Â¥0  ROI=0.0%
races.json:       18408 ƒŒ[ƒX
races/{id}.json: 18408 ƒtƒ@ƒCƒ‹ ¨ C:\dev\horse-racing-ai\web\src\data\races
predictions.json:  3089 Œ
summary.json:         4 ƒ‚ƒfƒ‹~”NƒŒƒR[ƒh  (‘ƒŒ[ƒX 18,408)
financial.json:      18 “ú~ƒ‚ƒfƒ‹ƒŒƒR[ƒh

ƒGƒNƒXƒ|[ƒgæ: C:\dev\horse-racing-ai\web\src\data
14:30:20 INFO: ãƒ€ãƒƒã‚·ãƒ¥ãƒœãƒ¼ãƒ‰æ›´æ–°å®Œäº†
14:30:20 INFO: [OK] R02 202608030202  [postrace] å®Œäº†
14:30:20 INFO: [START] R03 202603010603  [postrace] çµæœå–å¾—é–‹å§‹
14:30:22 INFO: ãƒã‚¤ã‚°ãƒ¬ãƒ¼ã‚·ãƒ§ãƒ³: v_race_mart ãƒ“ãƒ¥ãƒ¼ã‚’å†ä½œæˆã—ã¾ã—ãŸ
14:30:22 INFO: DB åˆæœŸåŒ–å®Œäº†: C:\dev\horse-racing-ai\data\umalogi.db
14:30:22 INFO: ãƒ¬ãƒ¼ã‚¹çµæœå–å¾—é–‹å§‹: race_id=202603010603
14:30:26 INFO: å–å¾—å®Œäº†: race_id=202603010603, å‡ºèµ°é ­æ•°=15
14:30:26 INFO: race_results ä¿å­˜: race_id=202603010603 (15/15é ­)
14:30:30 INFO: æ‰•æˆ»å–å¾— (æ–°å½¢å¼): race_id=202603010603, 12 ä»¶
14:30:30 INFO: æ‰•æˆ»ä¿å­˜: race_id=202603010603, 12 ä»¶
14:30:30 INFO: race_payouts ä¿å­˜: race_id=202603010603 (12ä»¶)
14:30:30 INFO: [è©•ä¾¡] race=202603010603 3æ­³æœªå‹åˆ©: äºˆæƒ³24ä»¶ çš„ä¸­0ä»¶ æŠ•è³‡Â¥7200 æ‰•æˆ»Â¥0 ROI=0.0%
14:30:30 INFO: è©•ä¾¡å®Œäº†: race_id=202603010603  çš„ä¸­=0ä»¶  æŠ•è³‡Â¥7200  æ‰•æˆ»Â¥0  ROI=0.0%
races.json:       18408 ƒŒ[ƒX
races/{id}.json: 18408 ƒtƒ@ƒCƒ‹ ¨ C:\dev\horse-racing-ai\web\src\data\races
predictions.json:  3089 Œ
summary.json:         4 ƒ‚ƒfƒ‹~”NƒŒƒR[ƒh  (‘ƒŒ[ƒX 18,408)
financial.json:      18 “ú~ƒ‚ƒfƒ‹ƒŒƒR[ƒh

ƒGƒNƒXƒ|[ƒgæ: C:\dev\horse-racing-ai\web\src\data
14:31:09 INFO: ãƒ€ãƒƒã‚·ãƒ¥ãƒœãƒ¼ãƒ‰æ›´æ–°å®Œäº†
14:34:57 INFO: ãƒã‚¤ã‚°ãƒ¬ãƒ¼ã‚·ãƒ§ãƒ³: v_race_mart ãƒ“ãƒ¥ãƒ¼ã‚’å†ä½œæˆã—ã¾ã—ãŸ
14:34:57 INFO: DB åˆæœŸåŒ–å®Œäº†: C:\dev\horse-racing-ai\data\umalogi.db
14:34:57 INFO: ============================================================
14:34:57 INFO: UMALOGI ç›´å‰äºˆæƒ³ + çµæœé€Ÿå ± è‡ªå¾‹ç›£è¦–ãƒ«ãƒ¼ãƒ— èµ·å‹•
14:34:57 INFO: å¯¾è±¡æ—¥: 20260426  å¯¾è±¡ãƒ¬ãƒ¼ã‚¹: 36 ä»¶  ç™ºèµ°20åˆ†å‰/ç™ºèµ°15åˆ†å¾Œ
14:34:57 INFO: ============================================================
14:34:57 INFO:   R01  202603010601  ç™ºèµ°æ¨å®š 10:00  preraceâ†’09:40  postraceâ†’10:15
14:34:57 INFO:   R02  202603010602  ç™ºèµ°æ¨å®š 10:30  preraceâ†’10:10  postraceâ†’10:45
14:34:57 INFO:   R03  202603010603  ç™ºèµ°æ¨å®š 11:00  preraceâ†’10:40  postraceâ†’11:15
14:34:57 INFO:   R04  202603010604  ç™ºèµ°æ¨å®š 11:30  preraceâ†’11:10  postraceâ†’11:45
14:34:57 INFO:   R05  202603010605  ç™ºèµ°æ¨å®š 12:00  preraceâ†’11:40  postraceâ†’12:15
14:34:57 INFO:   R06  202603010606  ç™ºèµ°æ¨å®š 12:30  preraceâ†’12:10  postraceâ†’12:45
14:34:57 INFO:   R07  202603010607  ç™ºèµ°æ¨å®š 13:00  preraceâ†’12:40  postraceâ†’13:15
14:34:57 INFO:   R08  202603010608  ç™ºèµ°æ¨å®š 13:30  preraceâ†’13:10  postraceâ†’13:45
14:34:57 INFO:   R09  202603010609  ç™ºèµ°æ¨å®š 14:00  preraceâ†’13:40  postraceâ†’14:15
14:34:57 INFO:   R10  202603010610  ç™ºèµ°æ¨å®š 14:30  preraceâ†’14:10  postraceâ†’14:45
14:34:57 INFO:   R11  202603010611  ç™ºèµ°æ¨å®š 15:00  preraceâ†’14:40  postraceâ†’15:15
14:34:57 INFO:   R12  202603010612  ç™ºèµ°æ¨å®š 15:30  preraceâ†’15:10  postraceâ†’15:45
14:34:57 INFO:   R01  202605020201  ç™ºèµ°æ¨å®š 10:00  preraceâ†’09:40  postraceâ†’10:15
14:34:57 INFO:   R02  202605020202  ç™ºèµ°æ¨å®š 10:30  preraceâ†’10:10  postraceâ†’10:45
14:34:57 INFO:   R03  202605020203  ç™ºèµ°æ¨å®š 11:00  preraceâ†’10:40  postraceâ†’11:15
14:34:57 INFO:   R04  202605020204  ç™ºèµ°æ¨å®š 11:30  preraceâ†’11:10  postraceâ†’11:45
14:34:57 INFO:   R05  202605020205  ç™ºèµ°æ¨å®š 12:00  preraceâ†’11:40  postraceâ†’12:15
14:34:57 INFO:   R06  202605020206  ç™ºèµ°æ¨å®š 12:30  preraceâ†’12:10  postraceâ†’12:45
14:34:57 INFO:   R07  202605020207  ç™ºèµ°æ¨å®š 13:00  preraceâ†’12:40  postraceâ†’13:15
14:34:57 INFO:   R08  202605020208  ç™ºèµ°æ¨å®š 13:30  preraceâ†’13:10  postraceâ†’13:45
14:34:57 INFO:   R09  202605020209  ç™ºèµ°æ¨å®š 14:00  preraceâ†’13:40  postraceâ†’14:15
14:34:57 INFO:   R10  202605020210  ç™ºèµ°æ¨å®š 14:30  preraceâ†’14:10  postraceâ†’14:45
14:34:57 INFO:   R11  202605020211  ç™ºèµ°æ¨å®š 15:00  preraceâ†’14:40  postraceâ†’15:15
14:34:57 INFO:   R12  202605020212  ç™ºèµ°æ¨å®š 15:30  preraceâ†’15:10  postraceâ†’15:45
14:34:57 INFO:   R01  202608030201  ç™ºèµ°æ¨å®š 10:00  preraceâ†’09:40  postraceâ†’10:15
14:34:57 INFO:   R02  202608030202  ç™ºèµ°æ¨å®š 10:30  preraceâ†’10:10  postraceâ†’10:45
14:34:57 INFO:   R03  202608030203  ç™ºèµ°æ¨å®š 11:00  preraceâ†’10:40  postraceâ†’11:15
14:34:57 INFO:   R04  202608030204  ç™ºèµ°æ¨å®š 11:30  preraceâ†’11:10  postraceâ†’11:45
14:34:57 INFO:   R05  202608030205  ç™ºèµ°æ¨å®š 12:00  preraceâ†’11:40  postraceâ†’12:15
14:34:57 INFO:   R06  202608030206  ç™ºèµ°æ¨å®š 12:30  preraceâ†’12:10  postraceâ†’12:45
14:34:57 INFO:   R07  202608030207  ç™ºèµ°æ¨å®š 13:00  preraceâ†’12:40  postraceâ†’13:15
14:34:57 INFO:   R08  202608030208  ç™ºèµ°æ¨å®š 13:30  preraceâ†’13:10  postraceâ†’13:45
14:34:57 INFO:   R09  202608030209  ç™ºèµ°æ¨å®š 14:00  preraceâ†’13:40  postraceâ†’14:15
14:34:57 INFO:   R10  202608030210  ç™ºèµ°æ¨å®š 14:30  preraceâ†’14:10  postraceâ†’14:45
14:34:57 INFO:   R11  202608030211  ç™ºèµ°æ¨å®š 15:00  preraceâ†’14:40  postraceâ†’15:15
14:34:57 INFO:   R12  202608030212  ç™ºèµ°æ¨å®š 15:30  preraceâ†’15:10  postraceâ†’15:45
14:34:57 INFO: ------------------------------------------------------------
14:34:57 WARNING: R01 202603010601 [prerace] ç™ºèµ°æ¨å®šæ™‚åˆ» 10:00 ã‚’éãã¦ã„ã¾ã™ -> ã‚¹ã‚­ãƒƒãƒ—
14:34:57 WARNING: R01 202605020201 [prerace] ç™ºèµ°æ¨å®šæ™‚åˆ» 10:00 ã‚’éãã¦ã„ã¾ã™ -> ã‚¹ã‚­ãƒƒãƒ—
14:34:57 WARNING: R01 202608030201 [prerace] ç™ºèµ°æ¨å®šæ™‚åˆ» 10:00 ã‚’éãã¦ã„ã¾ã™ -> ã‚¹ã‚­ãƒƒãƒ—
14:34:57 WARNING: R02 202603010602 [prerace] ç™ºèµ°æ¨å®šæ™‚åˆ» 10:30 ã‚’éãã¦ã„ã¾ã™ -> ã‚¹ã‚­ãƒƒãƒ—
14:34:57 WARNING: R02 202605020202 [prerace] ç™ºèµ°æ¨å®šæ™‚åˆ» 10:30 ã‚’éãã¦ã„ã¾ã™ -> ã‚¹ã‚­ãƒƒãƒ—
14:34:57 WARNING: R02 202608030202 [prerace] ç™ºèµ°æ¨å®šæ™‚åˆ» 10:30 ã‚’éãã¦ã„ã¾ã™ -> ã‚¹ã‚­ãƒƒãƒ—
14:34:57 WARNING: R03 202603010603 [prerace] ç™ºèµ°æ¨å®šæ™‚åˆ» 11:00 ã‚’éãã¦ã„ã¾ã™ -> ã‚¹ã‚­ãƒƒãƒ—
14:34:57 WARNING: R03 202605020203 [prerace] ç™ºèµ°æ¨å®šæ™‚åˆ» 11:00 ã‚’éãã¦ã„ã¾ã™ -> ã‚¹ã‚­ãƒƒãƒ—
14:34:57 WARNING: R03 202608030203 [prerace] ç™ºèµ°æ¨å®šæ™‚åˆ» 11:00 ã‚’éãã¦ã„ã¾ã™ -> ã‚¹ã‚­ãƒƒãƒ—
14:34:57 WARNING: R04 202603010604 [prerace] ç™ºèµ°æ¨å®šæ™‚åˆ» 11:30 ã‚’éãã¦ã„ã¾ã™ -> ã‚¹ã‚­ãƒƒãƒ—
14:34:57 WARNING: R04 202605020204 [prerace] ç™ºèµ°æ¨å®šæ™‚åˆ» 11:30 ã‚’éãã¦ã„ã¾ã™ -> ã‚¹ã‚­ãƒƒãƒ—
14:34:57 WARNING: R04 202608030204 [prerace] ç™ºèµ°æ¨å®šæ™‚åˆ» 11:30 ã‚’éãã¦ã„ã¾ã™ -> ã‚¹ã‚­ãƒƒãƒ—
14:34:57 WARNING: R05 202603010605 [prerace] ç™ºèµ°æ¨å®šæ™‚åˆ» 12:00 ã‚’éãã¦ã„ã¾ã™ -> ã‚¹ã‚­ãƒƒãƒ—
14:34:57 WARNING: R05 202605020205 [prerace] ç™ºèµ°æ¨å®šæ™‚åˆ» 12:00 ã‚’éãã¦ã„ã¾ã™ -> ã‚¹ã‚­ãƒƒãƒ—
14:34:57 WARNING: R05 202608030205 [prerace] ç™ºèµ°æ¨å®šæ™‚åˆ» 12:00 ã‚’éãã¦ã„ã¾ã™ -> ã‚¹ã‚­ãƒƒãƒ—
14:34:57 WARNING: R06 202603010606 [prerace] ç™ºèµ°æ¨å®šæ™‚åˆ» 12:30 ã‚’éãã¦ã„ã¾ã™ -> ã‚¹ã‚­ãƒƒãƒ—
14:34:57 WARNING: R06 202605020206 [prerace] ç™ºèµ°æ¨å®šæ™‚åˆ» 12:30 ã‚’éãã¦ã„ã¾ã™ -> ã‚¹ã‚­ãƒƒãƒ—
14:34:57 WARNING: R06 202608030206 [prerace] ç™ºèµ°æ¨å®šæ™‚åˆ» 12:30 ã‚’éãã¦ã„ã¾ã™ -> ã‚¹ã‚­ãƒƒãƒ—
14:34:57 WARNING: R07 202603010607 [prerace] ç™ºèµ°æ¨å®šæ™‚åˆ» 13:00 ã‚’éãã¦ã„ã¾ã™ -> ã‚¹ã‚­ãƒƒãƒ—
14:34:57 WARNING: R07 202605020207 [prerace] ç™ºèµ°æ¨å®šæ™‚åˆ» 13:00 ã‚’éãã¦ã„ã¾ã™ -> ã‚¹ã‚­ãƒƒãƒ—
14:34:57 WARNING: R07 202608030207 [prerace] ç™ºèµ°æ¨å®šæ™‚åˆ» 13:00 ã‚’éãã¦ã„ã¾ã™ -> ã‚¹ã‚­ãƒƒãƒ—
14:34:57 WARNING: R08 202603010608 [prerace] ç™ºèµ°æ¨å®šæ™‚åˆ» 13:30 ã‚’éãã¦ã„ã¾ã™ -> ã‚¹ã‚­ãƒƒãƒ—
14:34:57 WARNING: R08 202605020208 [prerace] ç™ºèµ°æ¨å®šæ™‚åˆ» 13:30 ã‚’éãã¦ã„ã¾ã™ -> ã‚¹ã‚­ãƒƒãƒ—
14:34:57 WARNING: R08 202608030208 [prerace] ç™ºèµ°æ¨å®šæ™‚åˆ» 13:30 ã‚’éãã¦ã„ã¾ã™ -> ã‚¹ã‚­ãƒƒãƒ—
14:34:57 WARNING: R09 202603010609 [prerace] ç™ºèµ°æ¨å®šæ™‚åˆ» 14:00 ã‚’éãã¦ã„ã¾ã™ -> ã‚¹ã‚­ãƒƒãƒ—
14:34:57 WARNING: R09 202605020209 [prerace] ç™ºèµ°æ¨å®šæ™‚åˆ» 14:00 ã‚’éãã¦ã„ã¾ã™ -> ã‚¹ã‚­ãƒƒãƒ—
14:34:57 WARNING: R09 202608030209 [prerace] ç™ºèµ°æ¨å®šæ™‚åˆ» 14:00 ã‚’éãã¦ã„ã¾ã™ -> ã‚¹ã‚­ãƒƒãƒ—
14:34:57 WARNING: R10 202603010610 [prerace] ç™ºèµ°æ¨å®šæ™‚åˆ» 14:30 ã‚’éãã¦ã„ã¾ã™ -> ã‚¹ã‚­ãƒƒãƒ—
14:34:57 WARNING: R10 202605020210 [prerace] ç™ºèµ°æ¨å®šæ™‚åˆ» 14:30 ã‚’éãã¦ã„ã¾ã™ -> ã‚¹ã‚­ãƒƒãƒ—
14:34:57 WARNING: R10 202608030210 [prerace] ç™ºèµ°æ¨å®šæ™‚åˆ» 14:30 ã‚’éãã¦ã„ã¾ã™ -> ã‚¹ã‚­ãƒƒãƒ—
14:34:57 INFO: ã‚¹ã‚±ã‚¸ãƒ¥ãƒ¼ãƒ«æ¸ˆã¿ã‚¸ãƒ§ãƒ–: 42 ä»¶ (ã‚¹ã‚­ãƒƒãƒ—: 30 ä»¶)
14:34:57 INFO: ç›£è¦–ãƒ«ãƒ¼ãƒ—é–‹å§‹ - Ctrl+C ã§ä¸­æ–­
14:34:57 INFO: ------------------------------------------------------------
14:34:57 INFO: [START] R01 202603010601  [postrace] çµæœå–å¾—é–‹å§‹
14:34:59 INFO: ãƒã‚¤ã‚°ãƒ¬ãƒ¼ã‚·ãƒ§ãƒ³: v_race_mart ãƒ“ãƒ¥ãƒ¼ã‚’å†ä½œæˆã—ã¾ã—ãŸ
14:34:59 INFO: DB åˆæœŸåŒ–å®Œäº†: C:\dev\horse-racing-ai\data\umalogi.db
14:34:59 INFO: ãƒ¬ãƒ¼ã‚¹çµæœå–å¾—é–‹å§‹: race_id=202603010601
14:35:02 INFO: å–å¾—å®Œäº†: race_id=202603010601, å‡ºèµ°é ­æ•°=16
14:35:02 INFO: race_results ä¿å­˜: race_id=202603010601 (16/16é ­)
14:35:06 INFO: æ‰•æˆ»å–å¾— (æ–°å½¢å¼): race_id=202603010601, 12 ä»¶
14:35:06 INFO: æ‰•æˆ»ä¿å­˜: race_id=202603010601, 12 ä»¶
14:35:06 INFO: race_payouts ä¿å­˜: race_id=202603010601 (12ä»¶)
14:35:06 INFO: [è©•ä¾¡] race=202603010601 3æ­³æœªå‹åˆ©: äºˆæƒ³24ä»¶ çš„ä¸­0ä»¶ æŠ•è³‡Â¥7200 æ‰•æˆ»Â¥0 ROI=0.0%
14:35:06 INFO: è©•ä¾¡å®Œäº†: race_id=202603010601  çš„ä¸­=0ä»¶  æŠ•è³‡Â¥7200  æ‰•æˆ»Â¥0  ROI=0.0%
races.json:       18408 ƒŒ[ƒX
races/{id}.json: 18408 ƒtƒ@ƒCƒ‹ ¨ C:\dev\horse-racing-ai\web\src\data\races
predictions.json:  3039 Œ
summary.json:         4 ƒ‚ƒfƒ‹~”NƒŒƒR[ƒh  (‘ƒŒ[ƒX 18,408)
financial.json:      18 “ú~ƒ‚ƒfƒ‹ƒŒƒR[ƒh

ƒGƒNƒXƒ|[ƒgæ: C:\dev\horse-racing-ai\web\src\data
14:35:52 INFO: ãƒ€ãƒƒã‚·ãƒ¥ãƒœãƒ¼ãƒ‰æ›´æ–°å®Œäº†
14:35:52 INFO: [OK] R01 202603010601  [postrace] å®Œäº†
14:35:52 INFO: [START] R01 202605020201  [postrace] çµæœå–å¾—é–‹å§‹
14:35:53 INFO: ãƒã‚¤ã‚°ãƒ¬ãƒ¼ã‚·ãƒ§ãƒ³: v_race_mart ãƒ“ãƒ¥ãƒ¼ã‚’å†ä½œæˆã—ã¾ã—ãŸ
14:35:53 INFO: DB åˆæœŸåŒ–å®Œäº†: C:\dev\horse-racing-ai\data\umalogi.db
14:35:53 INFO: ãƒ¬ãƒ¼ã‚¹çµæœå–å¾—é–‹å§‹: race_id=202605020201
14:35:56 INFO: å–å¾—å®Œäº†: race_id=202605020201, å‡ºèµ°é ­æ•°=16
14:35:56 INFO: race_results ä¿å­˜: race_id=202605020201 (16/16é ­)
14:36:00 INFO: æ‰•æˆ»å–å¾— (æ–°å½¢å¼): race_id=202605020201, 12 ä»¶
14:36:00 INFO: æ‰•æˆ»ä¿å­˜: race_id=202605020201, 12 ä»¶
14:36:00 INFO: race_payouts ä¿å­˜: race_id=202605020201 (12ä»¶)
14:36:01 INFO: [è©•ä¾¡] race=202605020201 3æ­³æœªå‹åˆ©: äºˆæƒ³24ä»¶ çš„ä¸­0ä»¶ æŠ•è³‡Â¥7200 æ‰•æˆ»Â¥0 ROI=0.0%
14:36:01 INFO: è©•ä¾¡å®Œäº†: race_id=202605020201  çš„ä¸­=0ä»¶  æŠ•è³‡Â¥7200  æ‰•æˆ»Â¥0  ROI=0.0%
races.json:       18408 ƒŒ[ƒX
races/{id}.json: 18408 ƒtƒ@ƒCƒ‹ ¨ C:\dev\horse-racing-ai\web\src\data\races
predictions.json:  3039 Œ
summary.json:         4 ƒ‚ƒfƒ‹~”NƒŒƒR[ƒh  (‘ƒŒ[ƒX 18,408)
financial.json:      18 “ú~ƒ‚ƒfƒ‹ƒŒƒR[ƒh

ƒGƒNƒXƒ|[ƒgæ: C:\dev\horse-racing-ai\web\src\data
14:37:02 INFO: ãƒ€ãƒƒã‚·ãƒ¥ãƒœãƒ¼ãƒ‰æ›´æ–°å®Œäº†
14:37:02 INFO: [OK] R01 202605020201  [postrace] å®Œäº†
14:37:02 INFO: [START] R01 202608030201  [postrace] çµæœå–å¾—é–‹å§‹
14:37:04 INFO: ãƒã‚¤ã‚°ãƒ¬ãƒ¼ã‚·ãƒ§ãƒ³: v_race_mart ãƒ“ãƒ¥ãƒ¼ã‚’å†ä½œæˆã—ã¾ã—ãŸ
14:37:04 INFO: DB åˆæœŸåŒ–å®Œäº†: C:\dev\horse-racing-ai\data\umalogi.db
14:37:04 INFO: ãƒ¬ãƒ¼ã‚¹çµæœå–å¾—é–‹å§‹: race_id=202608030201
14:37:07 INFO: å–å¾—å®Œäº†: race_id=202608030201, å‡ºèµ°é ­æ•°=16
14:37:07 INFO: race_results ä¿å­˜: race_id=202608030201 (16/16é ­)
14:37:12 INFO: æ‰•æˆ»å–å¾— (æ–°å½¢å¼): race_id=202608030201, 12 ä»¶
14:37:12 INFO: æ‰•æˆ»ä¿å­˜: race_id=202608030201, 12 ä»¶
14:37:12 INFO: race_payouts ä¿å­˜: race_id=202608030201 (12ä»¶)
14:37:12 INFO: [è©•ä¾¡] race=202608030201 3æ­³æœªå‹åˆ©: äºˆæƒ³24ä»¶ çš„ä¸­0ä»¶ æŠ•è³‡Â¥7200 æ‰•æˆ»Â¥0 ROI=0.0%
14:37:12 INFO: è©•ä¾¡å®Œäº†: race_id=202608030201  çš„ä¸­=0ä»¶  æŠ•è³‡Â¥7200  æ‰•æˆ»Â¥0  ROI=0.0%
races.json:       18408 ƒŒ[ƒX
races/{id}.json: 18408 ƒtƒ@ƒCƒ‹ ¨ C:\dev\horse-racing-ai\web\src\data\races
predictions.json:  3039 Œ
summary.json:         4 ƒ‚ƒfƒ‹~”NƒŒƒR[ƒh  (‘ƒŒ[ƒX 18,408)
financial.json:      18 “ú~ƒ‚ƒfƒ‹ƒŒƒR[ƒh

ƒGƒNƒXƒ|[ƒgæ: C:\dev\horse-racing-ai\web\src\data
14:37:56 INFO: ãƒ€ãƒƒã‚·ãƒ¥ãƒœãƒ¼ãƒ‰æ›´æ–°å®Œäº†
14:37:56 INFO: [OK] R01 202608030201  [postrace] å®Œäº†
14:37:56 INFO: [START] R02 202603010602  [postrace] çµæœå–å¾—é–‹å§‹
14:37:58 INFO: ãƒã‚¤ã‚°ãƒ¬ãƒ¼ã‚·ãƒ§ãƒ³: v_race_mart ãƒ“ãƒ¥ãƒ¼ã‚’å†ä½œæˆã—ã¾ã—ãŸ
14:37:58 INFO: DB åˆæœŸåŒ–å®Œäº†: C:\dev\horse-racing-ai\data\umalogi.db
14:37:58 INFO: ãƒ¬ãƒ¼ã‚¹çµæœå–å¾—é–‹å§‹: race_id=202603010602
14:38:00 INFO: å–å¾—å®Œäº†: race_id=202603010602, å‡ºèµ°é ­æ•°=16
14:38:00 INFO: race_results ä¿å­˜: race_id=202603010602 (16/16é ­)
14:38:05 INFO: æ‰•æˆ»å–å¾— (æ–°å½¢å¼): race_id=202603010602, 15 ä»¶
14:38:05 INFO: æ‰•æˆ»ä¿å­˜: race_id=202603010602, 15 ä»¶
14:38:05 INFO: race_payouts ä¿å­˜: race_id=202603010602 (15ä»¶)
14:38:05 INFO: [è©•ä¾¡] race=202603010602 3æ­³æœªå‹åˆ©: äºˆæƒ³24ä»¶ çš„ä¸­0ä»¶ æŠ•è³‡Â¥7200 æ‰•æˆ»Â¥0 ROI=0.0%
14:38:05 INFO: è©•ä¾¡å®Œäº†: race_id=202603010602  çš„ä¸­=0ä»¶  æŠ•è³‡Â¥7200  æ‰•æˆ»Â¥0  ROI=0.0%
races.json:       18408 ƒŒ[ƒX
races/{id}.json: 18408 ƒtƒ@ƒCƒ‹ ¨ C:\dev\horse-racing-ai\web\src\data\races
predictions.json:  3039 Œ
summary.json:         4 ƒ‚ƒfƒ‹~”NƒŒƒR[ƒh  (‘ƒŒ[ƒX 18,408)
financial.json:      18 “ú~ƒ‚ƒfƒ‹ƒŒƒR[ƒh

ƒGƒNƒXƒ|[ƒgæ: C:\dev\horse-racing-ai\web\src\data
14:39:04 INFO: ãƒ€ãƒƒã‚·ãƒ¥ãƒœãƒ¼ãƒ‰æ›´æ–°å®Œäº†
14:39:04 INFO: [OK] R02 202603010602  [postrace] å®Œäº†
14:39:04 INFO: [START] R02 202605020202  [postrace] çµæœå–å¾—é–‹å§‹
14:39:06 INFO: ãƒã‚¤ã‚°ãƒ¬ãƒ¼ã‚·ãƒ§ãƒ³: v_race_mart ãƒ“ãƒ¥ãƒ¼ã‚’å†ä½œæˆã—ã¾ã—ãŸ
14:39:06 INFO: DB åˆæœŸåŒ–å®Œäº†: C:\dev\horse-racing-ai\data\umalogi.db
14:39:06 INFO: ãƒ¬ãƒ¼ã‚¹çµæœå–å¾—é–‹å§‹: race_id=202605020202
14:39:09 INFO: å–å¾—å®Œäº†: race_id=202605020202, å‡ºèµ°é ­æ•°=14
14:39:09 INFO: race_results ä¿å­˜: race_id=202605020202 (14/14é ­)
14:39:14 INFO: æ‰•æˆ»å–å¾— (æ–°å½¢å¼): race_id=202605020202, 12 ä»¶
14:39:14 INFO: æ‰•æˆ»ä¿å­˜: race_id=202605020202, 12 ä»¶
14:39:14 INFO: race_payouts ä¿å­˜: race_id=202605020202 (12ä»¶)
14:39:14 INFO: [è©•ä¾¡] race=202605020202 3æ­³æœªå‹åˆ©: äºˆæƒ³24ä»¶ çš„ä¸­0ä»¶ æŠ•è³‡Â¥7200 æ‰•æˆ»Â¥0 ROI=0.0%
14:39:14 INFO: è©•ä¾¡å®Œäº†: race_id=202605020202  çš„ä¸­=0ä»¶  æŠ•è³‡Â¥7200  æ‰•æˆ»Â¥0  ROI=0.0%
races.json:       18408 ƒŒ[ƒX
races/{id}.json: 18408 ƒtƒ@ƒCƒ‹ ¨ C:\dev\horse-racing-ai\web\src\data\races
predictions.json:  3039 Œ
summary.json:         4 ƒ‚ƒfƒ‹~”NƒŒƒR[ƒh  (‘ƒŒ[ƒX 18,408)
financial.json:      18 “ú~ƒ‚ƒfƒ‹ƒŒƒR[ƒh

ƒGƒNƒXƒ|[ƒgæ: C:\dev\horse-racing-ai\web\src\data
14:40:26 INFO: ãƒ€ãƒƒã‚·ãƒ¥ãƒœãƒ¼ãƒ‰æ›´æ–°å®Œäº†
14:40:27 INFO: [OK] R02 202605020202  [postrace] å®Œäº†
14:40:27 INFO: [START] R02 202608030202  [postrace] çµæœå–å¾—é–‹å§‹
14:40:29 INFO: ãƒã‚¤ã‚°ãƒ¬ãƒ¼ã‚·ãƒ§ãƒ³: v_race_mart ãƒ“ãƒ¥ãƒ¼ã‚’å†ä½œæˆã—ã¾ã—ãŸ
14:40:29 INFO: DB åˆæœŸåŒ–å®Œäº†: C:\dev\horse-racing-ai\data\umalogi.db
14:40:29 INFO: ãƒ¬ãƒ¼ã‚¹çµæœå–å¾—é–‹å§‹: race_id=202608030202
14:40:32 INFO: å–å¾—å®Œäº†: race_id=202608030202, å‡ºèµ°é ­æ•°=15
14:40:32 INFO: race_results ä¿å­˜: race_id=202608030202 (15/15é ­)
14:40:37 INFO: æ‰•æˆ»å–å¾— (æ–°å½¢å¼): race_id=202608030202, 12 ä»¶
14:40:37 INFO: æ‰•æˆ»ä¿å­˜: race_id=202608030202, 12 ä»¶
14:40:37 INFO: race_payouts ä¿å­˜: race_id=202608030202 (12ä»¶)
14:40:37 INFO: [è©•ä¾¡] race=202608030202 3æ­³æœªå‹åˆ©: äºˆæƒ³24ä»¶ çš„ä¸­0ä»¶ æŠ•è³‡Â¥7300 æ‰•æˆ»Â¥0 ROI=0.0%
14:40:37 INFO: è©•ä¾¡å®Œäº†: race_id=202608030202  çš„ä¸­=0ä»¶  æŠ•è³‡Â¥7300  æ‰•æˆ»Â¥0  ROI=0.0%
races.json:       18408 ƒŒ[ƒX
races/{id}.json: 18408 ƒtƒ@ƒCƒ‹ ¨ C:\dev\horse-racing-ai\web\src\data\races
predictions.json:  3039 Œ
summary.json:         4 ƒ‚ƒfƒ‹~”NƒŒƒR[ƒh  (‘ƒŒ[ƒX 18,408)
financial.json:      18 “ú~ƒ‚ƒfƒ‹ƒŒƒR[ƒh

ƒGƒNƒXƒ|[ƒgæ: C:\dev\horse-racing-ai\web\src\data
14:41:32 INFO: ãƒ€ãƒƒã‚·ãƒ¥ãƒœãƒ¼ãƒ‰æ›´æ–°å®Œäº†
14:41:32 INFO: [OK] R02 202608030202  [postrace] å®Œäº†
14:41:32 INFO: [START] R03 202603010603  [postrace] çµæœå–å¾—é–‹å§‹
14:41:35 INFO: ãƒã‚¤ã‚°ãƒ¬ãƒ¼ã‚·ãƒ§ãƒ³: v_race_mart ãƒ“ãƒ¥ãƒ¼ã‚’å†ä½œæˆã—ã¾ã—ãŸ
14:41:35 INFO: DB åˆæœŸåŒ–å®Œäº†: C:\dev\horse-racing-ai\data\umalogi.db
14:41:35 INFO: ãƒ¬ãƒ¼ã‚¹çµæœå–å¾—é–‹å§‹: race_id=202603010603
14:41:38 INFO: å–å¾—å®Œäº†: race_id=202603010603, å‡ºèµ°é ­æ•°=15
14:41:38 INFO: race_results ä¿å­˜: race_id=202603010603 (15/15é ­)
14:41:42 INFO: æ‰•æˆ»å–å¾— (æ–°å½¢å¼): race_id=202603010603, 12 ä»¶
14:41:42 INFO: æ‰•æˆ»ä¿å­˜: race_id=202603010603, 12 ä»¶
14:41:42 INFO: race_payouts ä¿å­˜: race_id=202603010603 (12ä»¶)
14:41:42 INFO: [è©•ä¾¡] race=202603010603 3æ­³æœªå‹åˆ©: äºˆæƒ³24ä»¶ çš„ä¸­0ä»¶ æŠ•è³‡Â¥7200 æ‰•æˆ»Â¥0 ROI=0.0%
14:41:42 INFO: è©•ä¾¡å®Œäº†: race_id=202603010603  çš„ä¸­=0ä»¶  æŠ•è³‡Â¥7200  æ‰•æˆ»Â¥0  ROI=0.0%
races.json:       18408 ƒŒ[ƒX
races/{id}.json: 18408 ƒtƒ@ƒCƒ‹ ¨ C:\dev\horse-racing-ai\web\src\data\races
predictions.json:  3039 Œ
summary.json:         4 ƒ‚ƒfƒ‹~”NƒŒƒR[ƒh  (‘ƒŒ[ƒX 18,408)
financial.json:      18 “ú~ƒ‚ƒfƒ‹ƒŒƒR[ƒh

ƒGƒNƒXƒ|[ƒgæ: C:\dev\horse-racing-ai\web\src\data
14:42:43 INFO: ãƒ€ãƒƒã‚·ãƒ¥ãƒœãƒ¼ãƒ‰æ›´æ–°å®Œäº†
14:42:43 INFO: [OK] R03 202603010603  [postrace] å®Œäº†
14:42:43 INFO: [START] R03 202605020203  [postrace] çµæœå–å¾—é–‹å§‹
14:42:45 INFO: ãƒã‚¤ã‚°ãƒ¬ãƒ¼ã‚·ãƒ§ãƒ³: v_race_mart ãƒ“ãƒ¥ãƒ¼ã‚’å†ä½œæˆã—ã¾ã—ãŸ
14:42:45 INFO: DB åˆæœŸåŒ–å®Œäº†: C:\dev\horse-racing-ai\data\umalogi.db
14:42:45 INFO: ãƒ¬ãƒ¼ã‚¹çµæœå–å¾—é–‹å§‹: race_id=202605020203
14:42:48 INFO: å–å¾—å®Œäº†: race_id=202605020203, å‡ºèµ°é ­æ•°=16
14:42:48 INFO: race_results ä¿å­˜: race_id=202605020203 (16/16é ­)
14:42:55 INFO: æ‰•æˆ»å–å¾— (æ–°å½¢å¼): race_id=202605020203, 12 ä»¶
14:42:55 INFO: æ‰•æˆ»ä¿å­˜: race_id=202605020203, 12 ä»¶
14:42:55 INFO: race_payouts ä¿å­˜: race_id=202605020203 (12ä»¶)
14:42:55 INFO: [è©•ä¾¡] race=202605020203 3æ­³æœªå‹åˆ©: äºˆæƒ³24ä»¶ çš„ä¸­0ä»¶ æŠ•è³‡Â¥7500 æ‰•æˆ»Â¥0 ROI=0.0%
14:42:55 INFO: è©•ä¾¡å®Œäº†: race_id=202605020203  çš„ä¸­=0ä»¶  æŠ•è³‡Â¥7500  æ‰•æˆ»Â¥0  ROI=0.0%
races.json:       18408 ƒŒ[ƒX
races/{id}.json: 18408 ƒtƒ@ƒCƒ‹ ¨ C:\dev\horse-racing-ai\web\src\data\races
predictions.json:  3039 Œ
summary.json:         4 ƒ‚ƒfƒ‹~”NƒŒƒR[ƒh  (‘ƒŒ[ƒX 18,408)
financial.json:      18 “ú~ƒ‚ƒfƒ‹ƒŒƒR[ƒh

ƒGƒNƒXƒ|[ƒgæ: C:\dev\horse-racing-ai\web\src\data
14:43:48 INFO: ãƒ€ãƒƒã‚·ãƒ¥ãƒœãƒ¼ãƒ‰æ›´æ–°å®Œäº†
14:43:49 INFO: [OK] R03 202605020203  [postrace] å®Œäº†
14:43:49 INFO: [START] R03 202608030203  [postrace] çµæœå–å¾—é–‹å§‹
14:43:59 INFO: ãƒã‚¤ã‚°ãƒ¬ãƒ¼ã‚·ãƒ§ãƒ³: v_race_mart ãƒ“ãƒ¥ãƒ¼ã‚’å†ä½œæˆã—ã¾ã—ãŸ
14:43:59 INFO: DB åˆæœŸåŒ–å®Œäº†: C:\dev\horse-racing-ai\data\umalogi.db
14:43:59 INFO: ãƒ¬ãƒ¼ã‚¹çµæœå–å¾—é–‹å§‹: race_id=202608030203
14:44:03 INFO: å–å¾—å®Œäº†: race_id=202608030203, å‡ºèµ°é ­æ•°=18
14:44:03 INFO: race_results ä¿å­˜: race_id=202608030203 (18/18é ­)
14:44:07 INFO: æ‰•æˆ»å–å¾— (æ–°å½¢å¼): race_id=202608030203, 12 ä»¶
14:44:07 INFO: æ‰•æˆ»ä¿å­˜: race_id=202608030203, 12 ä»¶
14:44:07 INFO: race_payouts ä¿å­˜: race_id=202608030203 (12ä»¶)
14:44:07 INFO: [è©•ä¾¡] race=202608030203 3æ­³æœªå‹åˆ©: äºˆæƒ³24ä»¶ çš„ä¸­0ä»¶ æŠ•è³‡Â¥7000 æ‰•æˆ»Â¥0 ROI=0.0%
14:44:07 INFO: è©•ä¾¡å®Œäº†: race_id=202608030203  çš„ä¸­=0ä»¶  æŠ•è³‡Â¥7000  æ‰•æˆ»Â¥0  ROI=0.0%
races.json:       18408 ƒŒ[ƒX
races/{id}.json: 18408 ƒtƒ@ƒCƒ‹ ¨ C:\dev\horse-racing-ai\web\src\data\races
predictions.json:  3039 Œ
summary.json:         4 ƒ‚ƒfƒ‹~”NƒŒƒR[ƒh  (‘ƒŒ[ƒX 18,408)
financial.json:      18 “ú~ƒ‚ƒfƒ‹ƒŒƒR[ƒh

ƒGƒNƒXƒ|[ƒgæ: C:\dev\horse-racing-ai\web\src\data
14:44:51 INFO: ãƒ€ãƒƒã‚·ãƒ¥ãƒœãƒ¼ãƒ‰æ›´æ–°å®Œäº†
14:44:51 INFO: [OK] R03 202608030203  [postrace] å®Œäº†
14:44:51 INFO: [START] R04 202603010604  [postrace] çµæœå–å¾—é–‹å§‹
14:44:52 INFO: ãƒã‚¤ã‚°ãƒ¬ãƒ¼ã‚·ãƒ§ãƒ³: v_race_mart ãƒ“ãƒ¥ãƒ¼ã‚’å†ä½œæˆã—ã¾ã—ãŸ
14:44:52 INFO: DB åˆæœŸåŒ–å®Œäº†: C:\dev\horse-racing-ai\data\umalogi.db
14:44:52 INFO: ãƒ¬ãƒ¼ã‚¹çµæœå–å¾—é–‹å§‹: race_id=202603010604
14:44:55 INFO: å–å¾—å®Œäº†: race_id=202603010604, å‡ºèµ°é ­æ•°=16
14:44:55 INFO: race_results ä¿å­˜: race_id=202603010604 (16/16é ­)
14:44:59 INFO: æ‰•æˆ»å–å¾— (æ–°å½¢å¼): race_id=202603010604, 12 ä»¶
14:44:59 INFO: æ‰•æˆ»ä¿å­˜: race_id=202603010604, 12 ä»¶
14:44:59 INFO: race_payouts ä¿å­˜: race_id=202603010604 (12ä»¶)
14:44:59 INFO: [è©•ä¾¡] race=202603010604 3æ­³æœªå‹åˆ©: äºˆæƒ³24ä»¶ çš„ä¸­0ä»¶ æŠ•è³‡Â¥7200 æ‰•æˆ»Â¥0 ROI=0.0%
14:44:59 INFO: è©•ä¾¡å®Œäº†: race_id=202603010604  çš„ä¸­=0ä»¶  æŠ•è³‡Â¥7200  æ‰•æˆ»Â¥0  ROI=0.0%
races.json:       18408 ƒŒ[ƒX
races/{id}.json: 18408 ƒtƒ@ƒCƒ‹ ¨ C:\dev\horse-racing-ai\web\src\data\races
predictions.json:  3039 Œ
summary.json:         4 ƒ‚ƒfƒ‹~”NƒŒƒR[ƒh  (‘ƒŒ[ƒX 18,408)
financial.json:      18 “ú~ƒ‚ƒfƒ‹ƒŒƒR[ƒh

ƒGƒNƒXƒ|[ƒgæ: C:\dev\horse-racing-ai\web\src\data
14:45:41 INFO: ãƒ€ãƒƒã‚·ãƒ¥ãƒœãƒ¼ãƒ‰æ›´æ–°å®Œäº†
14:45:42 INFO: [OK] R04 202603010604  [postrace] å®Œäº†
14:45:42 INFO: [START] R04 202605020204  [postrace] çµæœå–å¾—é–‹å§‹
14:45:43 INFO: ãƒã‚¤ã‚°ãƒ¬ãƒ¼ã‚·ãƒ§ãƒ³: v_race_mart ãƒ“ãƒ¥ãƒ¼ã‚’å†ä½œæˆã—ã¾ã—ãŸ
14:45:43 INFO: DB åˆæœŸåŒ–å®Œäº†: C:\dev\horse-racing-ai\data\umalogi.db
14:45:43 INFO: ãƒ¬ãƒ¼ã‚¹çµæœå–å¾—é–‹å§‹: race_id=202605020204
14:45:46 INFO: å–å¾—å®Œäº†: race_id=202605020204, å‡ºèµ°é ­æ•°=10
14:45:46 INFO: race_results ä¿å­˜: race_id=202605020204 (10/10é ­)
14:45:50 INFO: æ‰•æˆ»å–å¾— (æ–°å½¢å¼): race_id=202605020204, 12 ä»¶
14:45:50 INFO: æ‰•æˆ»ä¿å­˜: race_id=202605020204, 12 ä»¶
14:45:50 INFO: race_payouts ä¿å­˜: race_id=202605020204 (12ä»¶)
14:45:50 INFO: [è©•ä¾¡] race=202605020204 3æ­³æœªå‹åˆ©: äºˆæƒ³26ä»¶ çš„ä¸­0ä»¶ æŠ•è³‡Â¥8700 æ‰•æˆ»Â¥0 ROI=0.0%
14:45:50 INFO: è©•ä¾¡å®Œäº†: race_id=202605020204  çš„ä¸­=0ä»¶  æŠ•è³‡Â¥8700  æ‰•æˆ»Â¥0  ROI=0.0%
races.json:       18408 ƒŒ[ƒX
races/{id}.json: 18408 ƒtƒ@ƒCƒ‹ ¨ C:\dev\horse-racing-ai\web\src\data\races
predictions.json:  3049 Œ
summary.json:         4 ƒ‚ƒfƒ‹~”NƒŒƒR[ƒh  (‘ƒŒ[ƒX 18,408)
financial.json:      18 “ú~ƒ‚ƒfƒ‹ƒŒƒR[ƒh

ƒGƒNƒXƒ|[ƒgæ: C:\dev\horse-racing-ai\web\src\data
14:46:35 INFO: ãƒ€ãƒƒã‚·ãƒ¥ãƒœãƒ¼ãƒ‰æ›´æ–°å®Œäº†
14:46:35 INFO: [OK] R04 202605020204  [postrace] å®Œäº†
14:46:35 INFO: [START] R04 202608030204  [postrace] çµæœå–å¾—é–‹å§‹
14:46:36 INFO: ãƒã‚¤ã‚°ãƒ¬ãƒ¼ã‚·ãƒ§ãƒ³: v_race_mart ãƒ“ãƒ¥ãƒ¼ã‚’å†ä½œæˆã—ã¾ã—ãŸ
14:46:36 INFO: DB åˆæœŸåŒ–å®Œäº†: C:\dev\horse-racing-ai\data\umalogi.db
14:46:36 INFO: ãƒ¬ãƒ¼ã‚¹çµæœå–å¾—é–‹å§‹: race_id=202608030204
14:46:40 INFO: å–å¾—å®Œäº†: race_id=202608030204, å‡ºèµ°é ­æ•°=14
14:46:40 INFO: race_results ä¿å­˜: race_id=202608030204 (14/14é ­)
14:46:47 INFO: æ‰•æˆ»å–å¾— (æ–°å½¢å¼): race_id=202608030204, 12 ä»¶
14:46:47 INFO: æ‰•æˆ»ä¿å­˜: race_id=202608030204, 12 ä»¶
14:46:47 INFO: race_payouts ä¿å­˜: race_id=202608030204 (12ä»¶)
14:46:47 INFO: [è©•ä¾¡] race=202608030204 4æ­³ä»¥ä¸Šéšœå®³æœªå‹åˆ©: äºˆæƒ³24ä»¶ çš„ä¸­0ä»¶ æŠ•è³‡Â¥7300 æ‰•æˆ»Â¥0 ROI=0.0%
14:46:47 INFO: è©•ä¾¡å®Œäº†: race_id=202608030204  çš„ä¸­=0ä»¶  æŠ•è³‡Â¥7300  æ‰•æˆ»Â¥0  ROI=0.0%
races.json:       18408 ƒŒ[ƒX
races/{id}.json: 18408 ƒtƒ@ƒCƒ‹ ¨ C:\dev\horse-racing-ai\web\src\data\races
predictions.json:  3058 Œ
summary.json:         4 ƒ‚ƒfƒ‹~”NƒŒƒR[ƒh  (‘ƒŒ[ƒX 18,408)
financial.json:      18 “ú~ƒ‚ƒfƒ‹ƒŒƒR[ƒh

ƒGƒNƒXƒ|[ƒgæ: C:\dev\horse-racing-ai\web\src\data
14:48:38 INFO: ãƒ€ãƒƒã‚·ãƒ¥ãƒœãƒ¼ãƒ‰æ›´æ–°å®Œäº†
14:48:39 INFO: [OK] R04 202608030204  [postrace] å®Œäº†
14:48:39 INFO: [START] R05 202603010605  [postrace] çµæœå–å¾—é–‹å§‹
14:48:44 INFO: ãƒã‚¤ã‚°ãƒ¬ãƒ¼ã‚·ãƒ§ãƒ³: v_race_mart ãƒ“ãƒ¥ãƒ¼ã‚’å†ä½œæˆã—ã¾ã—ãŸ
14:48:44 INFO: DB åˆæœŸåŒ–å®Œäº†: C:\dev\horse-racing-ai\data\umalogi.db
14:48:44 INFO: ãƒ¬ãƒ¼ã‚¹çµæœå–å¾—é–‹å§‹: race_id=202603010605
14:48:48 INFO: å–å¾—å®Œäº†: race_id=202603010605, å‡ºèµ°é ­æ•°=15
14:48:48 INFO: race_results ä¿å­˜: race_id=202603010605 (15/15é ­)
14:48:53 INFO: æ‰•æˆ»å–å¾— (æ–°å½¢å¼): race_id=202603010605, 12 ä»¶
14:48:53 INFO: æ‰•æˆ»ä¿å­˜: race_id=202603010605, 12 ä»¶
14:48:53 INFO: race_payouts ä¿å­˜: race_id=202603010605 (12ä»¶)
14:48:53 INFO: [è©•ä¾¡] race=202603010605 3æ­³æœªå‹åˆ©: äºˆæƒ³24ä»¶ çš„ä¸­0ä»¶ æŠ•è³‡Â¥7400 æ‰•æˆ»Â¥0 ROI=0.0%
14:48:53 INFO: è©•ä¾¡å®Œäº†: race_id=202603010605  çš„ä¸­=0ä»¶  æŠ•è³‡Â¥7400  æ‰•æˆ»Â¥0  ROI=0.0%
14:50:54 WARNING: generate_data.py å®Ÿè¡Œã‚¨ãƒ©ãƒ¼: Command '['C:\\Users\\sayaka\\AppData\\Local\\Python\\pythoncore-3.14-64\\python.exe', 'C:\\dev\\horse-racing-ai\\web\\generate_data.py']' timed out after 120 seconds
14:50:56 INFO: [OK] R05 202603010605  [postrace] å®Œäº†
14:50:56 INFO: [START] R05 202605020205  [postrace] çµæœå–å¾—é–‹å§‹
14:50:59 INFO: ãƒã‚¤ã‚°ãƒ¬ãƒ¼ã‚·ãƒ§ãƒ³: v_race_mart ãƒ“ãƒ¥ãƒ¼ã‚’å†ä½œæˆã—ã¾ã—ãŸ
14:50:59 INFO: DB åˆæœŸåŒ–å®Œäº†: C:\dev\horse-racing-ai\data\umalogi.db
14:50:59 INFO: ãƒ¬ãƒ¼ã‚¹çµæœå–å¾—é–‹å§‹: race_id=202605020205
14:51:06 INFO: å–å¾—å®Œäº†: race_id=202605020205, å‡ºèµ°é ­æ•°=18
14:51:06 INFO: race_results ä¿å­˜: race_id=202605020205 (18/18é ­)
14:51:12 INFO: æ‰•æˆ»å–å¾— (æ–°å½¢å¼): race_id=202605020205, 12 ä»¶
14:51:12 INFO: æ‰•æˆ»ä¿å­˜: race_id=202605020205, 12 ä»¶
14:51:12 INFO: race_payouts ä¿å­˜: race_id=202605020205 (12ä»¶)
14:51:12 INFO: [è©•ä¾¡] race=202605020205 3æ­³æœªå‹åˆ©: äºˆæƒ³24ä»¶ çš„ä¸­0ä»¶ æŠ•è³‡Â¥7300 æ‰•æˆ»Â¥0 ROI=0.0%
14:51:12 INFO: è©•ä¾¡å®Œäº†: race_id=202605020205  çš„ä¸­=0ä»¶  æŠ•è³‡Â¥7300  æ‰•æˆ»Â¥0  ROI=0.0%
races.json:       18408 ƒŒ[ƒX
races/{id}.json: 18408 ƒtƒ@ƒCƒ‹ ¨ C:\dev\horse-racing-ai\web\src\data\races
predictions.json:  3058 Œ
summary.json:         4 ƒ‚ƒfƒ‹~”NƒŒƒR[ƒh  (‘ƒŒ[ƒX 18,408)
financial.json:      18 “ú~ƒ‚ƒfƒ‹ƒŒƒR[ƒh

ƒGƒNƒXƒ|[ƒgæ: C:\dev\horse-racing-ai\web\src\data
14:52:28 INFO: ãƒ€ãƒƒã‚·ãƒ¥ãƒœãƒ¼ãƒ‰æ›´æ–°å®Œäº†
postraceâ†’15:15
14:49:22 INFO:   R12  202603010612  ç™ºèµ°æ¨å®š 15:30  preraceâ†’15:10  postraceâ†’15:45
14:49:22 INFO:   R01  202605020201  ç™ºèµ°æ¨å®š 10:00  preraceâ†’09:40  postraceâ†’10:15
14:49:22 INFO:   R02  202605020202  ç™ºèµ°æ¨å®š 10:30  preraceâ†’10:10  postraceâ†’10:45
14:49:22 INFO:   R03  202605020203  ç™ºèµ°æ¨å®š 11:00  preraceâ†’10:40  postraceâ†’11:15
14:49:22 INFO:   R04  202605020204  ç™ºèµ°æ¨å®š 11:30  preraceâ†’11:10  postraceâ†’11:45
14:49:22 INFO:   R05  202605020205  ç™ºèµ°æ¨å®š 12:00  preraceâ†’11:40  postraceâ†’12:15
14:49:22 INFO:   R06  202605020206  ç™ºèµ°æ¨å®š 12:30  preraceâ†’12:10  postraceâ†’12:45
14:49:22 INFO:   R07  202605020207  ç™ºèµ°æ¨å®š 13:00  preraceâ†’12:40  postraceâ†’13:15
14:49:22 INFO:   R08  202605020208  ç™ºèµ°æ¨å®š 13:30  preraceâ†’13:10  postraceâ†’13:45
14:49:22 INFO:   R09  202605020209  ç™ºèµ°æ¨å®š 14:00  preraceâ†’13:40  postraceâ†’14:15
14:49:22 INFO:   R10  202605020210  ç™ºèµ°æ¨å®š 14:30  preraceâ†’14:10  postraceâ†’14:45
14:49:22 INFO:   R11  202605020211  ç™ºèµ°æ¨å®š 15:00  preraceâ†’14:40  postraceâ†’15:15
14:49:22 INFO:   R12  202605020212  ç™ºèµ°æ¨å®š 15:30  preraceâ†’15:10  postraceâ†’15:45
14:49:22 INFO:   R01  202608030201  ç™ºèµ°æ¨å®š 10:00  preraceâ†’09:40  postraceâ†’10:15
14:49:22 INFO:   R02  202608030202  ç™ºèµ°æ¨å®š 10:30  preraceâ†’10:10  postraceâ†’10:45
14:49:22 INFO:   R03  202608030203  ç™ºèµ°æ¨å®š 11:00  preraceâ†’10:40  postraceâ†’11:15
14:49:22 INFO:   R04  202608030204  ç™ºèµ°æ¨å®š 11:30  preraceâ†’11:10  postraceâ†’11:45
14:49:22 INFO:   R05  202608030205  ç™ºèµ°æ¨å®š 12:00  preraceâ†’11:40  postraceâ†’12:15
14:49:22 INFO:   R06  202608030206  ç™ºèµ°æ¨å®š 12:30  preraceâ†’12:10  postraceâ†’12:45
14:49:22 INFO:   R07  202608030207  ç™ºèµ°æ¨å®š 13:00  preraceâ†’12:40  postraceâ†’13:15
14:49:22 INFO:   R08  202608030208  ç™ºèµ°æ¨å®š 13:30  preraceâ†’13:10  postraceâ†’13:45
14:49:22 INFO:   R09  202608030209  ç™ºèµ°æ¨å®š 14:00  preraceâ†’13:40  postraceâ†’14:15
14:49:22 INFO:   R10  202608030210  ç™ºèµ°æ¨å®š 14:30  preraceâ†’14:10  postraceâ†’14:45
14:49:22 INFO:   R11  202608030211  ç™ºèµ°æ¨å®š 15:00  preraceâ†’14:40  postraceâ†’15:15
14:49:22 INFO:   R12  202608030212  ç™ºèµ°æ¨å®š 15:30  preraceâ†’15:10  postraceâ†’15:45
14:49:22 INFO: ------------------------------------------------------------
14:49:22 WARNING: R01 202603010601 [prerace] ç™ºèµ°æ¨å®šæ™‚åˆ» 10:00 ã‚’éãã¦ã„ã¾ã™ -> ã‚¹ã‚­ãƒƒãƒ—
14:49:22 WARNING: R01 202605020201 [prerace] ç™ºèµ°æ¨å®šæ™‚åˆ» 10:00 ã‚’éãã¦ã„ã¾ã™ -> ã‚¹ã‚­ãƒƒãƒ—
14:49:22 WARNING: R01 202608030201 [prerace] ç™ºèµ°æ¨å®šæ™‚åˆ» 10:00 ã‚’éãã¦ã„ã¾ã™ -> ã‚¹ã‚­ãƒƒãƒ—
14:49:22 WARNING: R02 202603010602 [prerace] ç™ºèµ°æ¨å®šæ™‚åˆ» 10:30 ã‚’éãã¦ã„ã¾ã™ -> ã‚¹ã‚­ãƒƒãƒ—
14:49:22 WARNING: R02 202605020202 [prerace] ç™ºèµ°æ¨å®šæ™‚åˆ» 10:30 ã‚’éãã¦ã„ã¾ã™ -> ã‚¹ã‚­ãƒƒãƒ—
14:49:22 WARNING: R02 202608030202 [prerace] ç™ºèµ°æ¨å®šæ™‚åˆ» 10:30 ã‚’éãã¦ã„ã¾ã™ -> ã‚¹ã‚­ãƒƒãƒ—
14:49:22 WARNING: R03 202603010603 [prerace] ç™ºèµ°æ¨å®šæ™‚åˆ» 11:00 ã‚’éãã¦ã„ã¾ã™ -> ã‚¹ã‚­ãƒƒãƒ—
14:49:22 WARNING: R03 202605020203 [prerace] ç™ºèµ°æ¨å®šæ™‚åˆ» 11:00 ã‚’éãã¦ã„ã¾ã™ -> ã‚¹ã‚­ãƒƒãƒ—
14:49:22 WARNING: R03 202608030203 [prerace] ç™ºèµ°æ¨å®šæ™‚åˆ» 11:00 ã‚’éãã¦ã„ã¾ã™ -> ã‚¹ã‚­ãƒƒãƒ—
14:49:22 WARNING: R04 202603010604 [prerace] ç™ºèµ°æ¨å®šæ™‚åˆ» 11:30 ã‚’éãã¦ã„ã¾ã™ -> ã‚¹ã‚­ãƒƒãƒ—
14:49:22 WARNING: R04 202605020204 [prerace] ç™ºèµ°æ¨å®šæ™‚åˆ» 11:30 ã‚’éãã¦ã„ã¾ã™ -> ã‚¹ã‚­ãƒƒãƒ—
14:49:22 WARNING: R04 202608030204 [prerace] ç™ºèµ°æ¨å®šæ™‚åˆ» 11:30 ã‚’éãã¦ã„ã¾ã™ -> ã‚¹ã‚­ãƒƒãƒ—
14:49:22 WARNING: R05 202603010605 [prerace] ç™ºèµ°æ¨å®šæ™‚åˆ» 12:00 ã‚’éãã¦ã„ã¾ã™ -> ã‚¹ã‚­ãƒƒãƒ—
14:49:22 WARNING: R05 202605020205 [prerace] ç™ºèµ°æ¨å®šæ™‚åˆ» 12:00 ã‚’éãã¦ã„ã¾ã™ -> ã‚¹ã‚­ãƒƒãƒ—
14:49:22 WARNING: R05 202608030205 [prerace] ç™ºèµ°æ¨å®šæ™‚åˆ» 12:00 ã‚’éãã¦ã„ã¾ã™ -> ã‚¹ã‚­ãƒƒãƒ—
14:49:22 WARNING: R06 202603010606 [prerace] ç™ºèµ°æ¨å®šæ™‚åˆ» 12:30 ã‚’éãã¦ã„ã¾ã™ -> ã‚¹ã‚­ãƒƒãƒ—
14:49:22 WARNING: R06 202605020206 [prerace] ç™ºèµ°æ¨å®šæ™‚åˆ» 12:30 ã‚’éãã¦ã„ã¾ã™ -> ã‚¹ã‚­ãƒƒãƒ—
14:49:22 WARNING: R06 202608030206 [prerace] ç™ºèµ°æ¨å®šæ™‚åˆ» 12:30 ã‚’éãã¦ã„ã¾ã™ -> ã‚¹ã‚­ãƒƒãƒ—
14:49:22 WARNING: R07 202603010607 [prerace] ç™ºèµ°æ¨å®šæ™‚åˆ» 13:00 ã‚’éãã¦ã„ã¾ã™ -> ã‚¹ã‚­ãƒƒãƒ—
14:49:22 WARNING: R07 202605020207 [prerace] ç™ºèµ°æ¨å®šæ™‚åˆ» 13:00 ã‚’éãã¦ã„ã¾ã™ -> ã‚¹ã‚­ãƒƒãƒ—
14:49:22 WARNING: R07 202608030207 [prerace] ç™ºèµ°æ¨å®šæ™‚åˆ» 13:00 ã‚’éãã¦ã„ã¾ã™ -> ã‚¹ã‚­ãƒƒãƒ—
14:49:22 WARNING: R08 202603010608 [prerace] ç™ºèµ°æ¨å®šæ™‚åˆ» 13:30 ã‚’éãã¦ã„ã¾ã™ -> ã‚¹ã‚­ãƒƒãƒ—
14:49:22 WARNING: R08 202605020208 [prerace] ç™ºèµ°æ¨å®šæ™‚åˆ» 13:30 ã‚’éãã¦ã„ã¾ã™ -> ã‚¹ã‚­ãƒƒãƒ—
14:49:22 WARNING: R08 202608030208 [prerace] ç™ºèµ°æ¨å®šæ™‚åˆ» 13:30 ã‚’éãã¦ã„ã¾ã™ -> ã‚¹ã‚­ãƒƒãƒ—
14:49:22 WARNING: R09 202603010609 [prerace] ç™ºèµ°æ¨å®šæ™‚åˆ» 14:00 ã‚’éãã¦ã„ã¾ã™ -> ã‚¹ã‚­ãƒƒãƒ—
14:49:22 WARNING: R09 202605020209 [prerace] ç™ºèµ°æ¨å®šæ™‚åˆ» 14:00 ã‚’éãã¦ã„ã¾ã™ -> ã‚¹ã‚­ãƒƒãƒ—
14:49:22 WARNING: R09 202608030209 [prerace] ç™ºèµ°æ¨å®šæ™‚åˆ» 14:00 ã‚’éãã¦ã„ã¾ã™ -> ã‚¹ã‚­ãƒƒãƒ—
14:49:22 WARNING: R10 202603010610 [prerace] ç™ºèµ°æ¨å®šæ™‚åˆ» 14:30 ã‚’éãã¦ã„ã¾ã™ -> ã‚¹ã‚­ãƒƒãƒ—
14:49:23 WARNING: R10 202605020210 [prerace] ç™ºèµ°æ¨å®šæ™‚åˆ» 14:30 ã‚’éãã¦ã„ã¾ã™ -> ã‚¹ã‚­ãƒƒãƒ—
14:49:23 WARNING: R10 202608030210 [prerace] ç™ºèµ°æ¨å®šæ™‚åˆ» 14:30 ã‚’éãã¦ã„ã¾ã™ -> ã‚¹ã‚­ãƒƒãƒ—
14:49:23 INFO: ã‚¹ã‚±ã‚¸ãƒ¥ãƒ¼ãƒ«æ¸ˆã¿ã‚¸ãƒ§ãƒ–: 42 ä»¶ (ã‚¹ã‚­ãƒƒãƒ—: 30 ä»¶)
14:49:23 INFO: ç›£è¦–ãƒ«ãƒ¼ãƒ—é–‹å§‹ - Ctrl+C ã§ä¸­æ–­
14:49:23 INFO: ------------------------------------------------------------
14:49:23 INFO: [START] R01 202603010601  [postrace] çµæœå–å¾—é–‹å§‹
14:49:24 INFO: ãƒã‚¤ã‚°ãƒ¬ãƒ¼ã‚·ãƒ§ãƒ³: v_race_mart ãƒ“ãƒ¥ãƒ¼ã‚’å†ä½œæˆã—ã¾ã—ãŸ
14:49:24 INFO: DB åˆæœŸåŒ–å®Œäº†: C:\dev\horse-racing-ai\data\umalogi.db
14:49:24 INFO: ãƒ¬ãƒ¼ã‚¹çµæœå–å¾—é–‹å§‹: race_id=202603010601
14:49:28 INFO: å–å¾—å®Œäº†: race_id=202603010601, å‡ºèµ°é ­æ•°=16
14:49:30 INFO: race_results ä¿å­˜: race_id=202603010601 (16/16é ­)
14:49:36 INFO: æ‰•æˆ»å–å¾— (æ–°å½¢å¼): race_id=202603010601, 12 ä»¶
14:49:36 INFO: æ‰•æˆ»ä¿å­˜: race_id=202603010601, 12 ä»¶
14:49:36 INFO: race_payouts ä¿å­˜: race_id=202603010601 (12ä»¶)
14:49:36 INFO: [è©•ä¾¡] race=202603010601 3æ­³æœªå‹åˆ©: äºˆæƒ³24ä»¶ çš„ä¸­0ä»¶ æŠ•è³‡Â¥7200 æ‰•æˆ»Â¥0 ROI=0.0%
14:49:36 INFO: è©•ä¾¡å®Œäº†: race_id=202603010601  çš„ä¸­=0ä»¶  æŠ•è³‡Â¥7200  æ‰•æˆ»Â¥0  ROI=0.0%
races.json:       18408 ƒŒ[ƒX
races/{id}.json: 18408 ƒtƒ@ƒCƒ‹ ¨ C:\dev\horse-racing-ai\web\src\data\races
predictions.json:  3058 Œ
summary.json:         4 ƒ‚ƒfƒ‹~”NƒŒƒR[ƒh  (‘ƒŒ[ƒX 18,408)
financial.json:      18 “ú~ƒ‚ƒfƒ‹ƒŒƒR[ƒh

ƒGƒNƒXƒ|[ƒgæ: C:\dev\horse-racing-ai\web\src\data
14:51:30 INFO: ãƒ€ãƒƒã‚·ãƒ¥ãƒœãƒ¼ãƒ‰æ›´æ–°å®Œäº†
14:51:30 INFO: [OK] R01 202603010601  [postrace] å®Œäº†
14:51:30 INFO: [START] R01 202605020201  [postrace] çµæœå–å¾—é–‹å§‹
14:51:32 INFO: ãƒã‚¤ã‚°ãƒ¬ãƒ¼ã‚·ãƒ§ãƒ³: v_race_mart ãƒ“ãƒ¥ãƒ¼ã‚’å†ä½œæˆã—ã¾ã—ãŸ
14:51:32 INFO: DB åˆæœŸåŒ–å®Œäº†: C:\dev\horse-racing-ai\data\umalogi.db
14:51:32 INFO: ãƒ¬ãƒ¼ã‚¹çµæœå–å¾—é–‹å§‹: race_id=202605020201
14:51:37 INFO: å–å¾—å®Œäº†: race_id=202605020201, å‡ºèµ°é ­æ•°=16
14:51:37 INFO: race_results ä¿å­˜: race_id=202605020201 (16/16é ­)
14:51:42 INFO: æ‰•æˆ»å–å¾— (æ–°å½¢å¼): race_id=202605020201, 12 ä»¶
14:51:42 INFO: æ‰•æˆ»ä¿å­˜: race_id=202605020201, 12 ä»¶
14:51:42 INFO: race_payouts ä¿å­˜: race_id=202605020201 (12ä»¶)
14:51:42 INFO: [è©•ä¾¡] race=202605020201 3æ­³æœªå‹åˆ©: äºˆæƒ³24ä»¶ çš„ä¸­0ä»¶ æŠ•è³‡Â¥7200 æ‰•æˆ»Â¥0 ROI=0.0%
14:51:42 INFO: è©•ä¾¡å®Œäº†: race_id=202605020201  çš„ä¸­=0ä»¶  æŠ•è³‡Â¥7200  æ‰•æˆ»Â¥0  ROI=0.0%
races.json:       18408 ƒŒ[ƒX
races/{id}.json: 18408 ƒtƒ@ƒCƒ‹ ¨ C:\dev\horse-racing-ai\web\src\data\races
predictions.json:  3058 Œ
summary.json:         4 ƒ‚ƒfƒ‹~”NƒŒƒR[ƒh  (‘ƒŒ[ƒX 18,408)
financial.json:      18 “ú~ƒ‚ƒfƒ‹ƒŒƒR[ƒh

ƒGƒNƒXƒ|[ƒgæ: C:\dev\horse-racing-ai\web\src\data
14:52:48 INFO: ãƒ€ãƒƒã‚·ãƒ¥ãƒœãƒ¼ãƒ‰æ›´æ–°å®Œäº†
14:52:48 INFO: [OK] R01 202605020201  [postrace] å®Œäº†
14:52:48 INFO: [START] R01 202608030201  [postrace] çµæœå–å¾—é–‹å§‹
14:52:50 INFO: ãƒã‚¤ã‚°ãƒ¬ãƒ¼ã‚·ãƒ§ãƒ³: v_race_mart ãƒ“ãƒ¥ãƒ¼ã‚’å†ä½œæˆã—ã¾ã—ãŸ
14:52:50 INFO: DB åˆæœŸåŒ–å®Œäº†: C:\dev\horse-racing-ai\data\umalogi.db
14:52:50 INFO: ãƒ¬ãƒ¼ã‚¹çµæœå–å¾—é–‹å§‹: race_id=202608030201
14:52:53 INFO: å–å¾—å®Œäº†: race_id=202608030201, å‡ºèµ°é ­æ•°=16
14:52:53 INFO: race_results ä¿å­˜: race_id=202608030201 (16/16é ­)
14:52:57 INFO: æ‰•æˆ»å–å¾— (æ–°å½¢å¼): race_id=202608030201, 12 ä»¶
14:52:57 INFO: æ‰•æˆ»ä¿å­˜: race_id=202608030201, 12 ä»¶
14:52:57 INFO: race_payouts ä¿å­˜: race_id=202608030201 (12ä»¶)
14:52:57 INFO: [è©•ä¾¡] race=202608030201 3æ­³æœªå‹åˆ©: äºˆæƒ³24ä»¶ çš„ä¸­0ä»¶ æŠ•è³‡Â¥7200 æ‰•æˆ»Â¥0 ROI=0.0%
14:52:57 INFO: è©•ä¾¡å®Œäº†: race_id=202608030201  çš„ä¸­=0ä»¶  æŠ•è³‡Â¥7200  æ‰•æˆ»Â¥0  ROI=0.0%
races.json:       18408 ƒŒ[ƒX
races/{id}.json: 18408 ƒtƒ@ƒCƒ‹ ¨ C:\dev\horse-racing-ai\web\src\data\races
predictions.json:  3058 Œ
summary.json:         4 ƒ‚ƒfƒ‹~”NƒŒƒR[ƒh  (‘ƒŒ[ƒX 18,408)
financial.json:      18 “ú~ƒ‚ƒfƒ‹ƒŒƒR[ƒh

ƒGƒNƒXƒ|[ƒgæ: C:\dev\horse-racing-ai\web\src\data
14:53:48 INFO: ãƒ€ãƒƒã‚·ãƒ¥ãƒœãƒ¼ãƒ‰æ›´æ–°å®Œäº†
14:53:49 INFO: [OK] R01 202608030201  [postrace] å®Œäº†
14:53:49 INFO: [START] R02 202603010602  [postrace] çµæœå–å¾—é–‹å§‹
14:53:51 INFO: ãƒã‚¤ã‚°ãƒ¬ãƒ¼ã‚·ãƒ§ãƒ³: v_race_mart ãƒ“ãƒ¥ãƒ¼ã‚’å†ä½œæˆã—ã¾ã—ãŸ
14:53:51 INFO: DB åˆæœŸåŒ–å®Œäº†: C:\dev\horse-racing-ai\data\umalogi.db
14:53:51 INFO: ãƒ¬ãƒ¼ã‚¹çµæœå–å¾—é–‹å§‹: race_id=202603010602
14:53:54 INFO: å–å¾—å®Œäº†: race_id=202603010602, å‡ºèµ°é ­æ•°=16
14:53:54 INFO: race_results ä¿å­˜: race_id=202603010602 (16/16é ­)
14:53:58 INFO: æ‰•æˆ»å–å¾— (æ–°å½¢å¼): race_id=202603010602, 15 ä»¶
14:53:58 INFO: æ‰•æˆ»ä¿å­˜: race_id=202603010602, 15 ä»¶
14:53:58 INFO: race_payouts ä¿å­˜: race_id=202603010602 (15ä»¶)
14:53:58 INFO: [è©•ä¾¡] race=202603010602 3æ­³æœªå‹åˆ©: äºˆæƒ³24ä»¶ çš„ä¸­0ä»¶ æŠ•è³‡Â¥7200 æ‰•æˆ»Â¥0 ROI=0.0%
14:53:58 INFO: è©•ä¾¡å®Œäº†: race_id=202603010602  çš„ä¸­=0ä»¶  æŠ•è³‡Â¥7200  æ‰•æˆ»Â¥0  ROI=0.0%
races.json:       18408 ƒŒ[ƒX
races/{id}.json: 18408 ƒtƒ@ƒCƒ‹ ¨ C:\dev\horse-racing-ai\web\src\data\races
predictions.json:  3058 Œ
summary.json:         4 ƒ‚ƒfƒ‹~”NƒŒƒR[ƒh  (‘ƒŒ[ƒX 18,408)
financial.json:      18 “ú~ƒ‚ƒfƒ‹ƒŒƒR[ƒh

ƒGƒNƒXƒ|[ƒgæ: C:\dev\horse-racing-ai\web\src\data
14:54:40 INFO: ãƒ€ãƒƒã‚·ãƒ¥ãƒœãƒ¼ãƒ‰æ›´æ–°å®Œäº†
14:54:40 INFO: [OK] R02 202603010602  [postrace] å®Œäº†
14:54:40 INFO: [START] R02 202605020202  [postrace] çµæœå–å¾—é–‹å§‹
14:54:43 INFO: ãƒã‚¤ã‚°ãƒ¬ãƒ¼ã‚·ãƒ§ãƒ³: v_race_mart ãƒ“ãƒ¥ãƒ¼ã‚’å†ä½œæˆã—ã¾ã—ãŸ
14:54:43 INFO: DB åˆæœŸåŒ–å®Œäº†: C:\dev\horse-racing-ai\data\umalogi.db
14:54:43 INFO: ãƒ¬ãƒ¼ã‚¹çµæœå–å¾—é–‹å§‹: race_id=202605020202
14:54:46 INFO: å–å¾—å®Œäº†: race_id=202605020202, å‡ºèµ°é ­æ•°=14
14:54:46 INFO: race_results ä¿å­˜: race_id=202605020202 (14/14é ­)
14:54:50 INFO: æ‰•æˆ»å–å¾— (æ–°å½¢å¼): race_id=202605020202, 12 ä»¶
14:54:50 INFO: æ‰•æˆ»ä¿å­˜: race_id=202605020202, 12 ä»¶
14:54:50 INFO: race_payouts ä¿å­˜: race_id=202605020202 (12ä»¶)
14:54:50 INFO: [è©•ä¾¡] race=202605020202 3æ­³æœªå‹åˆ©: äºˆæƒ³24ä»¶ çš„ä¸­0ä»¶ æŠ•è³‡Â¥7200 æ‰•æˆ»Â¥0 ROI=0.0%
14:54:50 INFO: è©•ä¾¡å®Œäº†: race_id=202605020202  çš„ä¸­=0ä»¶  æŠ•è³‡Â¥7200  æ‰•æˆ»Â¥0  ROI=0.0%
races.json:       18408 ƒŒ[ƒX
races/{id}.json: 18408 ƒtƒ@ƒCƒ‹ ¨ C:\dev\horse-racing-ai\web\src\data\races
predictions.json:  3058 Œ
summary.json:         4 ƒ‚ƒfƒ‹~”NƒŒƒR[ƒh  (‘ƒŒ[ƒX 18,408)
financial.json:      18 “ú~ƒ‚ƒfƒ‹ƒŒƒR[ƒh

ƒGƒNƒXƒ|[ƒgæ: C:\dev\horse-racing-ai\web\src\data
14:55:53 INFO: ãƒ€ãƒƒã‚·ãƒ¥ãƒœãƒ¼ãƒ‰æ›´æ–°å®Œäº†
14:55:54 INFO: [OK] R02 202605020202  [postrace] å®Œäº†
14:55:54 INFO: [START] R02 202608030202  [postrace] çµæœå–å¾—é–‹å§‹
14:55:56 INFO: ãƒã‚¤ã‚°ãƒ¬ãƒ¼ã‚·ãƒ§ãƒ³: v_race_mart ãƒ“ãƒ¥ãƒ¼ã‚’å†ä½œæˆã—ã¾ã—ãŸ
14:55:56 INFO: DB åˆæœŸåŒ–å®Œäº†: C:\dev\horse-racing-ai\data\umalogi.db
14:55:56 INFO: ãƒ¬ãƒ¼ã‚¹çµæœå–å¾—é–‹å§‹: race_id=202608030202
14:56:01 INFO: å–å¾—å®Œäº†: race_id=202608030202, å‡ºèµ°é ­æ•°=15
14:56:01 INFO: race_results ä¿å­˜: race_id=202608030202 (15/15é ­)
14:56:05 INFO: æ‰•æˆ»å–å¾— (æ–°å½¢å¼): race_id=202608030202, 12 ä»¶
14:56:05 INFO: æ‰•æˆ»ä¿å­˜: race_id=202608030202, 12 ä»¶
14:56:05 INFO: race_payouts ä¿å­˜: race_id=202608030202 (12ä»¶)
14:56:05 INFO: [è©•ä¾¡] race=202608030202 3æ­³æœªå‹åˆ©: äºˆæƒ³24ä»¶ çš„ä¸­0ä»¶ æŠ•è³‡Â¥7300 æ‰•æˆ»Â¥0 ROI=0.0%
14:56:05 INFO: è©•ä¾¡å®Œäº†: race_id=202608030202  çš„ä¸­=0ä»¶  æŠ•è³‡Â¥7300  æ‰•æˆ»Â¥0  ROI=0.0%
races.json:       18408 ƒŒ[ƒX
races/{id}.json: 18408 ƒtƒ@ƒCƒ‹ ¨ C:\dev\horse-racing-ai\web\src\data\races
predictions.json:  3058 Œ
summary.json:         4 ƒ‚ƒfƒ‹~”NƒŒƒR[ƒh  (‘ƒŒ[ƒX 18,408)
financial.json:      18 “ú~ƒ‚ƒfƒ‹ƒŒƒR[ƒh

ƒGƒNƒXƒ|[ƒgæ: C:\dev\horse-racing-ai\web\src\data
14:57:12 INFO: ãƒ€ãƒƒã‚·ãƒ¥ãƒœãƒ¼ãƒ‰æ›´æ–°å®Œäº†
14:57:13 INFO: [OK] R02 202608030202  [postrace] å®Œäº†
14:57:13 INFO: [START] R03 202603010603  [postrace] çµæœå–å¾—é–‹å§‹
14:57:15 INFO: ãƒã‚¤ã‚°ãƒ¬ãƒ¼ã‚·ãƒ§ãƒ³: v_race_mart ãƒ“ãƒ¥ãƒ¼ã‚’å†ä½œæˆã—ã¾ã—ãŸ
14:57:15 INFO: DB åˆæœŸåŒ–å®Œäº†: C:\dev\horse-racing-ai\data\umalogi.db
14:57:15 INFO: ãƒ¬ãƒ¼ã‚¹çµæœå–å¾—é–‹å§‹: race_id=202603010603
14:57:20 INFO: å–å¾—å®Œäº†: race_id=202603010603, å‡ºèµ°é ­æ•°=15
14:57:20 INFO: race_results ä¿å­˜: race_id=202603010603 (15/15é ­)
14:57:25 INFO: æ‰•æˆ»å–å¾— (æ–°å½¢å¼): race_id=202603010603, 12 ä»¶
14:57:25 INFO: æ‰•æˆ»ä¿å­˜: race_id=202603010603, 12 ä»¶
14:57:25 INFO: race_payouts ä¿å­˜: race_id=202603010603 (12ä»¶)
14:57:25 INFO: [è©•ä¾¡] race=202603010603 3æ­³æœªå‹åˆ©: äºˆæƒ³24ä»¶ çš„ä¸­0ä»¶ æŠ•è³‡Â¥7200 æ‰•æˆ»Â¥0 ROI=0.0%
14:57:25 INFO: è©•ä¾¡å®Œäº†: race_id=202603010603  çš„ä¸­=0ä»¶  æŠ•è³‡Â¥7200  æ‰•æˆ»Â¥0  ROI=0.0%
races.json:       18408 ƒŒ[ƒX
races/{id}.json: 18408 ƒtƒ@ƒCƒ‹ ¨ C:\dev\horse-racing-ai\web\src\data\races
predictions.json:  3058 Œ
summary.json:         4 ƒ‚ƒfƒ‹~”NƒŒƒR[ƒh  (‘ƒŒ[ƒX 18,408)
financial.json:      18 “ú~ƒ‚ƒfƒ‹ƒŒƒR[ƒh

ƒGƒNƒXƒ|[ƒgæ: C:\dev\horse-racing-ai\web\src\data
14:58:07 INFO: ãƒ€ãƒƒã‚·ãƒ¥ãƒœãƒ¼ãƒ‰æ›´æ–°å®Œäº†
14:58:08 INFO: [OK] R03 202603010603  [postrace] å®Œäº†
14:58:08 INFO: [START] R03 202605020203  [postrace] çµæœå–å¾—é–‹å§‹
14:58:09 INFO: ãƒã‚¤ã‚°ãƒ¬ãƒ¼ã‚·ãƒ§ãƒ³: v_race_mart ãƒ“ãƒ¥ãƒ¼ã‚’å†ä½œæˆã—ã¾ã—ãŸ
14:58:09 INFO: DB åˆæœŸåŒ–å®Œäº†: C:\dev\horse-racing-ai\data\umalogi.db
14:58:09 INFO: ãƒ¬ãƒ¼ã‚¹çµæœå–å¾—é–‹å§‹: race_id=202605020203
14:58:13 INFO: å–å¾—å®Œäº†: race_id=202605020203, å‡ºèµ°é ­æ•°=16
14:58:13 INFO: race_results ä¿å­˜: race_id=202605020203 (16/16é ­)
14:58:17 INFO: æ‰•æˆ»å–å¾— (æ–°å½¢å¼): race_id=202605020203, 12 ä»¶
14:58:17 INFO: æ‰•æˆ»ä¿å­˜: race_id=202605020203, 12 ä»¶
14:58:17 INFO: race_payouts ä¿å­˜: race_id=202605020203 (12ä»¶)
14:58:17 INFO: [è©•ä¾¡] race=202605020203 3æ­³æœªå‹åˆ©: äºˆæƒ³24ä»¶ çš„ä¸­0ä»¶ æŠ•è³‡Â¥7500 æ‰•æˆ»Â¥0 ROI=0.0%
14:58:17 INFO: è©•ä¾¡å®Œäº†: race_id=202605020203  çš„ä¸­=0ä»¶  æŠ•è³‡Â¥7500  æ‰•æˆ»Â¥0  ROI=0.0%
races.json:       18408 ƒŒ[ƒX
races/{id}.json: 18408 ƒtƒ@ƒCƒ‹ ¨ C:\dev\horse-racing-ai\web\src\data\races
predictions.json:  3058 Œ
summary.json:         4 ƒ‚ƒfƒ‹~”NƒŒƒR[ƒh  (‘ƒŒ[ƒX 18,408)
financial.json:      18 “ú~ƒ‚ƒfƒ‹ƒŒƒR[ƒh

ƒGƒNƒXƒ|[ƒgæ: C:\dev\horse-racing-ai\web\src\data
14:58:54 INFO: ãƒ€ãƒƒã‚·ãƒ¥ãƒœãƒ¼ãƒ‰æ›´æ–°å®Œäº†
14:58:54 INFO: [OK] R03 202605020203  [postrace] å®Œäº†
14:58:54 INFO: [START] R03 202608030203  [postrace] çµæœå–å¾—é–‹å§‹
14:58:56 INFO: ãƒã‚¤ã‚°ãƒ¬ãƒ¼ã‚·ãƒ§ãƒ³: v_race_mart ãƒ“ãƒ¥ãƒ¼ã‚’å†ä½œæˆã—ã¾ã—ãŸ
14:58:56 INFO: DB åˆæœŸåŒ–å®Œäº†: C:\dev\horse-racing-ai\data\umalogi.db
14:58:56 INFO: ãƒ¬ãƒ¼ã‚¹çµæœå–å¾—é–‹å§‹: race_id=202608030203
14:58:58 INFO: å–å¾—å®Œäº†: race_id=202608030203, å‡ºèµ°é ­æ•°=18
14:58:58 INFO: race_results ä¿å­˜: race_id=202608030203 (18/18é ­)
14:59:03 INFO: æ‰•æˆ»å–å¾— (æ–°å½¢å¼): race_id=202608030203, 12 ä»¶
14:59:03 INFO: æ‰•æˆ»ä¿å­˜: race_id=202608030203, 12 ä»¶
14:59:03 INFO: race_payouts ä¿å­˜: race_id=202608030203 (12ä»¶)
14:59:03 INFO: [è©•ä¾¡] race=202608030203 3æ­³æœªå‹åˆ©: äºˆæƒ³24ä»¶ çš„ä¸­0ä»¶ æŠ•è³‡Â¥7000 æ‰•æˆ»Â¥0 ROI=0.0%
14:59:03 INFO: è©•ä¾¡å®Œäº†: race_id=202608030203  çš„ä¸­=0ä»¶  æŠ•è³‡Â¥7000  æ‰•æˆ»Â¥0  ROI=0.0%
races.json:       18408 ƒŒ[ƒX
races/{id}.json: 18408 ƒtƒ@ƒCƒ‹ ¨ C:\dev\horse-racing-ai\web\src\data\races
predictions.json:  3058 Œ
summary.json:         4 ƒ‚ƒfƒ‹~”NƒŒƒR[ƒh  (‘ƒŒ[ƒX 18,408)
financial.json:      18 “ú~ƒ‚ƒfƒ‹ƒŒƒR[ƒh

ƒGƒNƒXƒ|[ƒgæ: C:\dev\horse-racing-ai\web\src\data
14:59:40 INFO: ãƒ€ãƒƒã‚·ãƒ¥ãƒœãƒ¼ãƒ‰æ›´æ–°å®Œäº†
14:59:40 INFO: [OK] R03 202608030203  [postrace] å®Œäº†
14:59:40 INFO: [START] R04 202603010604  [postrace] çµæœå–å¾—é–‹å§‹
14:59:42 INFO: ãƒã‚¤ã‚°ãƒ¬ãƒ¼ã‚·ãƒ§ãƒ³: v_race_mart ãƒ“ãƒ¥ãƒ¼ã‚’å†ä½œæˆã—ã¾ã—ãŸ
14:59:42 INFO: DB åˆæœŸåŒ–å®Œäº†: C:\dev\horse-racing-ai\data\umalogi.db
14:59:42 INFO: ãƒ¬ãƒ¼ã‚¹çµæœå–å¾—é–‹å§‹: race_id=202603010604
14:59:45 INFO: å–å¾—å®Œäº†: race_id=202603010604, å‡ºèµ°é ­æ•°=16
14:59:45 INFO: race_results ä¿å­˜: race_id=202603010604 (16/16é ­)
14:59:48 INFO: æ‰•æˆ»å–å¾— (æ–°å½¢å¼): race_id=202603010604, 12 ä»¶
14:59:48 INFO: æ‰•æˆ»ä¿å­˜: race_id=202603010604, 12 ä»¶
14:59:48 INFO: race_payouts ä¿å­˜: race_id=202603010604 (12ä»¶)
14:59:48 INFO: [è©•ä¾¡] race=202603010604 3æ­³æœªå‹åˆ©: äºˆæƒ³24ä»¶ çš„ä¸­0ä»¶ æŠ•è³‡Â¥7200 æ‰•æˆ»Â¥0 ROI=0.0%
14:59:48 INFO: è©•ä¾¡å®Œäº†: race_id=202603010604  çš„ä¸­=0ä»¶  æŠ•è³‡Â¥7200  æ‰•æˆ»Â¥0  ROI=0.0%
races.json:       18408 ƒŒ[ƒX
races/{id}.json: 18408 ƒtƒ@ƒCƒ‹ ¨ C:\dev\horse-racing-ai\web\src\data\races
predictions.json:  3058 Œ
summary.json:         4 ƒ‚ƒfƒ‹~”NƒŒƒR[ƒh  (‘ƒŒ[ƒX 18,408)
financial.json:      18 “ú~ƒ‚ƒfƒ‹ƒŒƒR[ƒh

ƒGƒNƒXƒ|[ƒgæ: C:\dev\horse-racing-ai\web\src\data
15:00:24 INFO: ãƒ€ãƒƒã‚·ãƒ¥ãƒœãƒ¼ãƒ‰æ›´æ–°å®Œäº†
15:00:24 INFO: [OK] R04 202603010604  [postrace] å®Œäº†
15:00:24 INFO: [START] R04 202605020204  [postrace] çµæœå–å¾—é–‹å§‹
15:00:25 INFO: ãƒã‚¤ã‚°ãƒ¬ãƒ¼ã‚·ãƒ§ãƒ³: v_race_mart ãƒ“ãƒ¥ãƒ¼ã‚’å†ä½œæˆã—ã¾ã—ãŸ
15:00:25 INFO: DB åˆæœŸåŒ–å®Œäº†: C:\dev\horse-racing-ai\data\umalogi.db
15:00:25 INFO: ãƒ¬ãƒ¼ã‚¹çµæœå–å¾—é–‹å§‹: race_id=202605020204
15:00:28 INFO: å–å¾—å®Œäº†: race_id=202605020204, å‡ºèµ°é ­æ•°=10
15:00:28 INFO: race_results ä¿å­˜: race_id=202605020204 (10/10é ­)
15:00:33 INFO: æ‰•æˆ»å–å¾— (æ–°å½¢å¼): race_id=202605020204, 12 ä»¶
15:00:33 INFO: æ‰•æˆ»ä¿å­˜: race_id=202605020204, 12 ä»¶
15:00:33 INFO: race_payouts ä¿å­˜: race_id=202605020204 (12ä»¶)
15:00:33 INFO: [è©•ä¾¡] race=202605020204 3æ­³æœªå‹åˆ©: äºˆæƒ³26ä»¶ çš„ä¸­0ä»¶ æŠ•è³‡Â¥8700 æ‰•æˆ»Â¥0 ROI=0.0%
15:00:33 INFO: è©•ä¾¡å®Œäº†: race_id=202605020204  çš„ä¸­=0ä»¶  æŠ•è³‡Â¥8700  æ‰•æˆ»Â¥0  ROI=0.0%
races.json:       18408 ƒŒ[ƒX
races/{id}.json: 18408 ƒtƒ@ƒCƒ‹ ¨ C:\dev\horse-racing-ai\web\src\data\races
predictions.json:  3058 Œ
summary.json:         4 ƒ‚ƒfƒ‹~”NƒŒƒR[ƒh  (‘ƒŒ[ƒX 18,408)
financial.json:      18 “ú~ƒ‚ƒfƒ‹ƒŒƒR[ƒh

ƒGƒNƒXƒ|[ƒgæ: C:\dev\horse-racing-ai\web\src\data
15:01:07 INFO: ãƒ€ãƒƒã‚·ãƒ¥ãƒœãƒ¼ãƒ‰æ›´æ–°å®Œäº†
15:01:07 INFO: [OK] R04 202605020204  [postrace] å®Œäº†
15:01:07 INFO: [START] R04 202608030204  [postrace] çµæœå–å¾—é–‹å§‹
15:01:09 INFO: ãƒã‚¤ã‚°ãƒ¬ãƒ¼ã‚·ãƒ§ãƒ³: v_race_mart ãƒ“ãƒ¥ãƒ¼ã‚’å†ä½œæˆã—ã¾ã—ãŸ
15:01:09 INFO: DB åˆæœŸåŒ–å®Œäº†: C:\dev\horse-racing-ai\data\umalogi.db
15:01:09 INFO: ãƒ¬ãƒ¼ã‚¹çµæœå–å¾—é–‹å§‹: race_id=202608030204
15:01:11 INFO: å–å¾—å®Œäº†: race_id=202608030204, å‡ºèµ°é ­æ•°=14
15:01:11 INFO: race_results ä¿å­˜: race_id=202608030204 (14/14é ­)
15:01:15 INFO: æ‰•æˆ»å–å¾— (æ–°å½¢å¼): race_id=202608030204, 12 ä»¶
15:01:15 INFO: æ‰•æˆ»ä¿å­˜: race_id=202608030204, 12 ä»¶
15:01:15 INFO: race_payouts ä¿å­˜: race_id=202608030204 (12ä»¶)
15:01:15 INFO: [è©•ä¾¡] race=202608030204 4æ­³ä»¥ä¸Šéšœå®³æœªå‹åˆ©: äºˆæƒ³24ä»¶ çš„ä¸­0ä»¶ æŠ•è³‡Â¥7300 æ‰•æˆ»Â¥0 ROI=0.0%
15:01:15 INFO: è©•ä¾¡å®Œäº†: race_id=202608030204  çš„ä¸­=0ä»¶  æŠ•è³‡Â¥7300  æ‰•æˆ»Â¥0  ROI=0.0%
races.json:       18408 ƒŒ[ƒX
races/{id}.json: 18408 ƒtƒ@ƒCƒ‹ ¨ C:\dev\horse-racing-ai\web\src\data\races
predictions.json:  3058 Œ
summary.json:         4 ƒ‚ƒfƒ‹~”NƒŒƒR[ƒh  (‘ƒŒ[ƒX 18,408)
financial.json:      18 “ú~ƒ‚ƒfƒ‹ƒŒƒR[ƒh

ƒGƒNƒXƒ|[ƒgæ: C:\dev\horse-racing-ai\web\src\data
15:01:49 INFO: ãƒ€ãƒƒã‚·ãƒ¥ãƒœãƒ¼ãƒ‰æ›´æ–°å®Œäº†
15:01:50 INFO: [OK] R04 202608030204  [postrace] å®Œäº†
15:01:50 INFO: [START] R05 202603010605  [postrace] çµæœå–å¾—é–‹å§‹
15:01:51 INFO: ãƒã‚¤ã‚°ãƒ¬ãƒ¼ã‚·ãƒ§ãƒ³: v_race_mart ãƒ“ãƒ¥ãƒ¼ã‚’å†ä½œæˆã—ã¾ã—ãŸ
15:01:51 INFO: DB åˆæœŸåŒ–å®Œäº†: C:\dev\horse-racing-ai\data\umalogi.db
15:01:51 INFO: ãƒ¬ãƒ¼ã‚¹çµæœå–å¾—é–‹å§‹: race_id=202603010605
15:01:54 INFO: å–å¾—å®Œäº†: race_id=202603010605, å‡ºèµ°é ­æ•°=15
15:01:54 INFO: race_results ä¿å­˜: race_id=202603010605 (15/15é ­)
15:01:58 INFO: æ‰•æˆ»å–å¾— (æ–°å½¢å¼): race_id=202603010605, 12 ä»¶
15:01:58 INFO: æ‰•æˆ»ä¿å­˜: race_id=202603010605, 12 ä»¶
15:01:58 INFO: race_payouts ä¿å­˜: race_id=202603010605 (12ä»¶)
15:01:58 INFO: [è©•ä¾¡] race=202603010605 3æ­³æœªå‹åˆ©: äºˆæƒ³24ä»¶ çš„ä¸­0ä»¶ æŠ•è³‡Â¥7400 æ‰•æˆ»Â¥0 ROI=0.0%
15:01:58 INFO: è©•ä¾¡å®Œäº†: race_id=202603010605  çš„ä¸­=0ä»¶  æŠ•è³‡Â¥7400  æ‰•æˆ»Â¥0  ROI=0.0%
races.json:       18408 ƒŒ[ƒX
races/{id}.json: 18408 ƒtƒ@ƒCƒ‹ ¨ C:\dev\horse-racing-ai\web\src\data\races
predictions.json:  3058 Œ
summary.json:         4 ƒ‚ƒfƒ‹~”NƒŒƒR[ƒh  (‘ƒŒ[ƒX 18,408)
financial.json:      18 “ú~ƒ‚ƒfƒ‹ƒŒƒR[ƒh

ƒGƒNƒXƒ|[ƒgæ: C:\dev\horse-racing-ai\web\src\data
15:02:32 INFO: ãƒ€ãƒƒã‚·ãƒ¥ãƒœãƒ¼ãƒ‰æ›´æ–°å®Œäº†
15:02:33 INFO: [OK] R05 202603010605  [postrace] å®Œäº†
15:02:33 INFO: [START] R05 202605020205  [postrace] çµæœå–å¾—é–‹å§‹
15:02:34 INFO: ãƒã‚¤ã‚°ãƒ¬ãƒ¼ã‚·ãƒ§ãƒ³: v_race_mart ãƒ“ãƒ¥ãƒ¼ã‚’å†ä½œæˆã—ã¾ã—ãŸ
15:02:34 INFO: DB åˆæœŸåŒ–å®Œäº†: C:\dev\horse-racing-ai\data\umalogi.db
15:02:34 INFO: ãƒ¬ãƒ¼ã‚¹çµæœå–å¾—é–‹å§‹: race_id=202605020205
15:02:37 INFO: å–å¾—å®Œäº†: race_id=202605020205, å‡ºèµ°é ­æ•°=18
15:02:37 INFO: race_results ä¿å­˜: race_id=202605020205 (18/18é ­)
15:02:41 INFO: æ‰•æˆ»å–å¾— (æ–°å½¢å¼): race_id=202605020205, 12 ä»¶
15:02:41 INFO: æ‰•æˆ»ä¿å­˜: race_id=202605020205, 12 ä»¶
15:02:41 INFO: race_payouts ä¿å­˜: race_id=202605020205 (12ä»¶)
15:02:41 INFO: [è©•ä¾¡] race=202605020205 3æ­³æœªå‹åˆ©: äºˆæƒ³24ä»¶ çš„ä¸­0ä»¶ æŠ•è³‡Â¥7300 æ‰•æˆ»Â¥0 ROI=0.0%
15:02:41 INFO: è©•ä¾¡å®Œäº†: race_id=202605020205  çš„ä¸­=0ä»¶  æŠ•è³‡Â¥7300  æ‰•æˆ»Â¥0  ROI=0.0%
races.json:       18408 ƒŒ[ƒX
races/{id}.json: 18408 ƒtƒ@ƒCƒ‹ ¨ C:\dev\horse-racing-ai\web\src\data\races
predictions.json:  3058 Œ
summary.json:         4 ƒ‚ƒfƒ‹~”NƒŒƒR[ƒh  (‘ƒŒ[ƒX 18,408)
financial.json:      18 “ú~ƒ‚ƒfƒ‹ƒŒƒR[ƒh

ƒGƒNƒXƒ|[ƒgæ: C:\dev\horse-racing-ai\web\src\data
15:03:16 INFO: ãƒ€ãƒƒã‚·ãƒ¥ãƒœãƒ¼ãƒ‰æ›´æ–°å®Œäº†
15:03:17 INFO: [OK] R05 202605020205  [postrace] å®Œäº†
15:03:17 INFO: [START] R05 202608030205  [postrace] çµæœå–å¾—é–‹å§‹
15:03:18 INFO: ãƒã‚¤ã‚°ãƒ¬ãƒ¼ã‚·ãƒ§ãƒ³: v_race_mart ãƒ“ãƒ¥ãƒ¼ã‚’å†ä½œæˆã—ã¾ã—ãŸ
15:03:18 INFO: DB åˆæœŸåŒ–å®Œäº†: C:\dev\horse-racing-ai\data\umalogi.db
15:03:18 INFO: ãƒ¬ãƒ¼ã‚¹çµæœå–å¾—é–‹å§‹: race_id=202608030205
15:03:20 INFO: å–å¾—å®Œäº†: race_id=202608030205, å‡ºèµ°é ­æ•°=12
15:03:20 INFO: race_results ä¿å­˜: race_id=202608030205 (12/12é ­)
15:03:25 INFO: æ‰•æˆ»å–å¾— (æ–°å½¢å¼): race_id=202608030205, 12 ä»¶
15:03:25 INFO: æ‰•æˆ»ä¿å­˜: race_id=202608030205, 12 ä»¶
15:03:25 INFO: race_payouts ä¿å­˜: race_id=202608030205 (12ä»¶)
15:03:25 INFO: [è©•ä¾¡] race=202608030205 3æ­³æœªå‹åˆ©: äºˆæƒ³26ä»¶ çš„ä¸­0ä»¶ æŠ•è³‡Â¥8500 æ‰•æˆ»Â¥0 ROI=0.0%
15:03:25 INFO: è©•ä¾¡å®Œäº†: race_id=202608030205  çš„ä¸­=0ä»¶  æŠ•è³‡Â¥8500  æ‰•æˆ»Â¥0  ROI=0.0%
races.json:       18408 ƒŒ[ƒX
races/{id}.json: 18408 ƒtƒ@ƒCƒ‹ ¨ C:\dev\horse-racing-ai\web\src\data\races
predictions.json:  3058 Œ
summary.json:         4 ƒ‚ƒfƒ‹~”NƒŒƒR[ƒh  (‘ƒŒ[ƒX 18,408)
financial.json:      18 “ú~ƒ‚ƒfƒ‹ƒŒƒR[ƒh

ƒGƒNƒXƒ|[ƒgæ: C:\dev\horse-racing-ai\web\src\data
15:03:53 INFO: ãƒ€ãƒƒã‚·ãƒ¥ãƒœãƒ¼ãƒ‰æ›´æ–°å®Œäº†
15:03:53 INFO: [OK] R05 202608030205  [postrace] å®Œäº†
15:03:53 INFO: [START] R06 202603010606  [postrace] çµæœå–å¾—é–‹å§‹
15:03:54 INFO: ãƒã‚¤ã‚°ãƒ¬ãƒ¼ã‚·ãƒ§ãƒ³: v_race_mart ãƒ“ãƒ¥ãƒ¼ã‚’å†ä½œæˆã—ã¾ã—ãŸ
15:03:54 INFO: DB åˆæœŸåŒ–å®Œäº†: C:\dev\horse-racing-ai\data\umalogi.db
15:03:54 INFO: ãƒ¬ãƒ¼ã‚¹çµæœå–å¾—é–‹å§‹: race_id=202603010606
15:03:58 INFO: å–å¾—å®Œäº†: race_id=202603010606, å‡ºèµ°é ­æ•°=13
15:03:58 INFO: race_results ä¿å­˜: race_id=202603010606 (13/13é ­)
15:04:02 INFO: æ‰•æˆ»å–å¾— (æ–°å½¢å¼): race_id=202603010606, 12 ä»¶
15:04:02 INFO: æ‰•æˆ»ä¿å­˜: race_id=202603010606, 12 ä»¶
15:04:02 INFO: race_payouts ä¿å­˜: race_id=202603010606 (12ä»¶)
15:04:02 INFO: [è©•ä¾¡] race=202603010606 4æ­³ä»¥ä¸Š1å‹ã‚¯ãƒ©ã‚¹: äºˆæƒ³26ä»¶ çš„ä¸­0ä»¶ æŠ•è³‡Â¥8200 æ‰•æˆ»Â¥0 ROI=0.0%
15:04:02 INFO: è©•ä¾¡å®Œäº†: race_id=202603010606  çš„ä¸­=0ä»¶  æŠ•è³‡Â¥8200  æ‰•æˆ»Â¥0  ROI=0.0%
races.json:       18408 ƒŒ[ƒX
races/{id}.json: 18408 ƒtƒ@ƒCƒ‹ ¨ C:\dev\horse-racing-ai\web\src\data\races
predictions.json:  3058 Œ
summary.json:         4 ƒ‚ƒfƒ‹~”NƒŒƒR[ƒh  (‘ƒŒ[ƒX 18,408)
financial.json:      18 “ú~ƒ‚ƒfƒ‹ƒŒƒR[ƒh

ƒGƒNƒXƒ|[ƒgæ: C:\dev\horse-racing-ai\web\src\data
15:04:31 INFO: ãƒ€ãƒƒã‚·ãƒ¥ãƒœãƒ¼ãƒ‰æ›´æ–°å®Œäº†
15:04:31 INFO: [OK] R06 202603010606  [postrace] å®Œäº†
15:04:31 INFO: [START] R06 202605020206  [postrace] çµæœå–å¾—é–‹å§‹
15:04:32 INFO: ãƒã‚¤ã‚°ãƒ¬ãƒ¼ã‚·ãƒ§ãƒ³: v_race_mart ãƒ“ãƒ¥ãƒ¼ã‚’å†ä½œæˆã—ã¾ã—ãŸ
15:04:32 INFO: DB åˆæœŸåŒ–å®Œäº†: C:\dev\horse-racing-ai\data\umalogi.db
15:04:32 INFO: ãƒ¬ãƒ¼ã‚¹çµæœå–å¾—é–‹å§‹: race_id=202605020206
15:04:35 INFO: å–å¾—å®Œäº†: race_id=202605020206, å‡ºèµ°é ­æ•°=8
15:04:35 INFO: race_results ä¿å­˜: race_id=202605020206 (8/8é ­)
15:04:39 INFO: æ‰•æˆ»å–å¾— (æ–°å½¢å¼): race_id=202605020206, 11 ä»¶
15:04:39 INFO: æ‰•æˆ»ä¿å­˜: race_id=202605020206, 11 ä»¶
15:04:39 INFO: race_payouts ä¿å­˜: race_id=202605020206 (11ä»¶)
15:04:39 INFO: [è©•ä¾¡] race=202605020206 3æ­³1å‹ã‚¯ãƒ©ã‚¹: äºˆæƒ³26ä»¶ çš„ä¸­0ä»¶ æŠ•è³‡Â¥7600 æ‰•æˆ»Â¥0 ROI=0.0%
15:04:39 INFO: è©•ä¾¡å®Œäº†: race_id=202605020206  çš„ä¸­=0ä»¶  æŠ•è³‡Â¥7600  æ‰•æˆ»Â¥0  ROI=0.0%
races.json:       18408 ƒŒ[ƒX
races/{id}.json: 18408 ƒtƒ@ƒCƒ‹ ¨ C:\dev\horse-racing-ai\web\src\data\races
predictions.json:  3058 Œ
summary.json:         4 ƒ‚ƒfƒ‹~”NƒŒƒR[ƒh  (‘ƒŒ[ƒX 18,408)
financial.json:      18 “ú~ƒ‚ƒfƒ‹ƒŒƒR[ƒh

ƒGƒNƒXƒ|[ƒgæ: C:\dev\horse-racing-ai\web\src\data
15:05:11 INFO: ãƒ€ãƒƒã‚·ãƒ¥ãƒœãƒ¼ãƒ‰æ›´æ–°å®Œäº†
15:05:12 INFO: [OK] R06 202605020206  [postrace] å®Œäº†
15:05:12 INFO: [START] R06 202608030206  [postrace] çµæœå–å¾—é–‹å§‹
15:05:13 INFO: ãƒã‚¤ã‚°ãƒ¬ãƒ¼ã‚·ãƒ§ãƒ³: v_race_mart ãƒ“ãƒ¥ãƒ¼ã‚’å†ä½œæˆã—ã¾ã—ãŸ
15:05:13 INFO: DB åˆæœŸåŒ–å®Œäº†: C:\dev\horse-racing-ai\data\umalogi.db
15:05:13 INFO: ãƒ¬ãƒ¼ã‚¹çµæœå–å¾—é–‹å§‹: race_id=202608030206
15:05:16 INFO: å–å¾—å®Œäº†: race_id=202608030206, å‡ºèµ°é ­æ•°=11
15:05:16 INFO: race_results ä¿å­˜: race_id=202608030206 (11/11é ­)
15:05:20 INFO: æ‰•æˆ»å–å¾— (æ–°å½¢å¼): race_id=202608030206, 12 ä»¶
15:05:20 INFO: æ‰•æˆ»ä¿å­˜: race_id=202608030206, 12 ä»¶
15:05:20 INFO: race_payouts ä¿å­˜: race_id=202608030206 (12ä»¶)
15:05:20 INFO: [è©•ä¾¡] race=202608030206 3æ­³1å‹ã‚¯ãƒ©ã‚¹: äºˆæƒ³26ä»¶ çš„ä¸­0ä»¶ æŠ•è³‡Â¥8600 æ‰•æˆ»Â¥0 ROI=0.0%
15:05:20 INFO: è©•ä¾¡å®Œäº†: race_id=202608030206  çš„ä¸­=0ä»¶  æŠ•è³‡Â¥8600  æ‰•æˆ»Â¥0  ROI=0.0%
races.json:       18408 ƒŒ[ƒX
races/{id}.json: 18408 ƒtƒ@ƒCƒ‹ ¨ C:\dev\horse-racing-ai\web\src\data\races
predictions.json:  3058 Œ
summary.json:         4 ƒ‚ƒfƒ‹~”NƒŒƒR[ƒh  (‘ƒŒ[ƒX 18,408)
financial.json:      18 “ú~ƒ‚ƒfƒ‹ƒŒƒR[ƒh

ƒGƒNƒXƒ|[ƒgæ: C:\dev\horse-racing-ai\web\src\data
15:05:55 INFO: ãƒ€ãƒƒã‚·ãƒ¥ãƒœãƒ¼ãƒ‰æ›´æ–°å®Œäº†
15:05:55 INFO: [OK] R06 202608030206  [postrace] å®Œäº†
15:05:55 INFO: [START] R07 202603010607  [postrace] çµæœå–å¾—é–‹å§‹
15:05:57 INFO: ãƒã‚¤ã‚°ãƒ¬ãƒ¼ã‚·ãƒ§ãƒ³: v_race_mart ãƒ“ãƒ¥ãƒ¼ã‚’å†ä½œæˆã—ã¾ã—ãŸ
15:05:57 INFO: DB åˆæœŸåŒ–å®Œäº†: C:\dev\horse-racing-ai\data\umalogi.db
15:05:57 INFO: ãƒ¬ãƒ¼ã‚¹çµæœå–å¾—é–‹å§‹: race_id=202603010607
15:06:00 INFO: å–å¾—å®Œäº†: race_id=202603010607, å‡ºèµ°é ­æ•°=15
15:06:00 INFO: race_results ä¿å­˜: race_id=202603010607 (15/15é ­)
15:06:03 INFO: æ‰•æˆ»å–å¾— (æ–°å½¢å¼): race_id=202603010607, 12 ä»¶
15:06:03 INFO: æ‰•æˆ»ä¿å­˜: race_id=202603010607, 12 ä»¶
15:06:03 INFO: race_payouts ä¿å­˜: race_id=202603010607 (12ä»¶)
15:06:03 INFO: [è©•ä¾¡] race=202603010607 4æ­³ä»¥ä¸Š1å‹ã‚¯ãƒ©ã‚¹: äºˆæƒ³14ä»¶ çš„ä¸­0ä»¶ æŠ•è³‡Â¥4000 æ‰•æˆ»Â¥0 ROI=0.0%
15:06:03 INFO: è©•ä¾¡å®Œäº†: race_id=202603010607  çš„ä¸­=0ä»¶  æŠ•è³‡Â¥4000  æ‰•æˆ»Â¥0  ROI=0.0%
races.json:       18408 ƒŒ[ƒX
races/{id}.json: 18408 ƒtƒ@ƒCƒ‹ ¨ C:\dev\horse-racing-ai\web\src\data\races
predictions.json:  3058 Œ
summary.json:         4 ƒ‚ƒfƒ‹~”NƒŒƒR[ƒh  (‘ƒŒ[ƒX 18,408)
financial.json:      18 “ú~ƒ‚ƒfƒ‹ƒŒƒR[ƒh

ƒGƒNƒXƒ|[ƒgæ: C:\dev\horse-racing-ai\web\src\data
15:06:44 INFO: ãƒ€ãƒƒã‚·ãƒ¥ãƒœãƒ¼ãƒ‰æ›´æ–°å®Œäº†
15:06:44 INFO: [OK] R07 202603010607  [postrace] å®Œäº†
15:06:44 INFO: [START] R07 202605020207  [postrace] çµæœå–å¾—é–‹å§‹
15:06:46 INFO: ãƒã‚¤ã‚°ãƒ¬ãƒ¼ã‚·ãƒ§ãƒ³: v_race_mart ãƒ“ãƒ¥ãƒ¼ã‚’å†ä½œæˆã—ã¾ã—ãŸ
15:06:46 INFO: DB åˆæœŸåŒ–å®Œäº†: C:\dev\horse-racing-ai\data\umalogi.db
15:06:46 INFO: ãƒ¬ãƒ¼ã‚¹çµæœå–å¾—é–‹å§‹: race_id=202605020207
15:06:48 INFO: å–å¾—å®Œäº†: race_id=202605020207, å‡ºèµ°é ­æ•°=16
15:06:48 INFO: race_results ä¿å­˜: race_id=202605020207 (16/16é ­)
15:06:52 INFO: æ‰•æˆ»å–å¾— (æ–°å½¢å¼): race_id=202605020207, 12 ä»¶
15:06:52 INFO: æ‰•æˆ»ä¿å­˜: race_id=202605020207, 12 ä»¶
15:06:52 INFO: race_payouts ä¿å­˜: race_id=202605020207 (12ä»¶)
15:06:52 INFO: [è©•ä¾¡] race=202605020207 4æ­³ä»¥ä¸Š1å‹ã‚¯ãƒ©ã‚¹: äºˆæƒ³21ä»¶ çš„ä¸­0ä»¶ æŠ•è³‡Â¥5300 æ‰•æˆ»Â¥0 ROI=0.0%
15:06:52 INFO: è©•ä¾¡å®Œäº†: race_id=202605020207  çš„ä¸­=0ä»¶  æŠ•è³‡Â¥5300  æ‰•æˆ»Â¥0  ROI=0.0%
races.json:       18408 ƒŒ[ƒX
races/{id}.json: 18408 ƒtƒ@ƒCƒ‹ ¨ C:\dev\horse-racing-ai\web\src\data\races
predictions.json:  3058 Œ
summary.json:         4 ƒ‚ƒfƒ‹~”NƒŒƒR[ƒh  (‘ƒŒ[ƒX 18,408)
financial.json:      18 “ú~ƒ‚ƒfƒ‹ƒŒƒR[ƒh

ƒGƒNƒXƒ|[ƒgæ: C:\dev\horse-racing-ai\web\src\data
15:07:23 INFO: ãƒ€ãƒƒã‚·ãƒ¥ãƒœãƒ¼ãƒ‰æ›´æ–°å®Œäº†
15:07:23 INFO: [OK] R07 202605020207  [postrace] å®Œäº†
15:07:23 INFO: [START] R07 202608030207  [postrace] çµæœå–å¾—é–‹å§‹
15:07:24 INFO: ãƒã‚¤ã‚°ãƒ¬ãƒ¼ã‚·ãƒ§ãƒ³: v_race_mart ãƒ“ãƒ¥ãƒ¼ã‚’å†ä½œæˆã—ã¾ã—ãŸ
15:07:24 INFO: DB åˆæœŸåŒ–å®Œäº†: C:\dev\horse-racing-ai\data\umalogi.db
15:07:24 INFO: ãƒ¬ãƒ¼ã‚¹çµæœå–å¾—é–‹å§‹: race_id=202608030207
15:07:27 INFO: å–å¾—å®Œäº†: race_id=202608030207, å‡ºèµ°é ­æ•°=14
15:07:27 INFO: race_results ä¿å­˜: race_id=202608030207 (14/14é ­)
15:07:31 INFO: æ‰•æˆ»å–å¾— (æ–°å½¢å¼): race_id=202608030207, 12 ä»¶
15:07:31 INFO: æ‰•æˆ»ä¿å­˜: race_id=202608030207, 12 ä»¶
15:07:31 INFO: race_payouts ä¿å­˜: race_id=202608030207 (12ä»¶)
15:07:31 INFO: [è©•ä¾¡] race=202608030207 4æ­³ä»¥ä¸Š1å‹ã‚¯ãƒ©ã‚¹: äºˆæƒ³18ä»¶ çš„ä¸­0ä»¶ æŠ•è³‡Â¥4900 æ‰•æˆ»Â¥0 ROI=0.0%
15:07:31 INFO: è©•ä¾¡å®Œäº†: race_id=202608030207  çš„ä¸­=0ä»¶  æŠ•è³‡Â¥4900  æ‰•æˆ»Â¥0  ROI=0.0%
races.json:       18408 ƒŒ[ƒX
races/{id}.json: 18408 ƒtƒ@ƒCƒ‹ ¨ C:\dev\horse-racing-ai\web\src\data\races
predictions.json:  3058 Œ
summary.json:         4 ƒ‚ƒfƒ‹~”NƒŒƒR[ƒh  (‘ƒŒ[ƒX 18,408)
financial.json:      18 “ú~ƒ‚ƒfƒ‹ƒŒƒR[ƒh

ƒGƒNƒXƒ|[ƒgæ: C:\dev\horse-racing-ai\web\src\data
15:08:04 INFO: ãƒ€ãƒƒã‚·ãƒ¥ãƒœãƒ¼ãƒ‰æ›´æ–°å®Œäº†
15:08:04 INFO: [OK] R07 202608030207  [postrace] å®Œäº†
15:08:04 INFO: [START] R08 202603010608  [postrace] çµæœå–å¾—é–‹å§‹
15:08:06 INFO: ãƒã‚¤ã‚°ãƒ¬ãƒ¼ã‚·ãƒ§ãƒ³: v_race_mart ãƒ“ãƒ¥ãƒ¼ã‚’å†ä½œæˆã—ã¾ã—ãŸ
15:08:06 INFO: DB åˆæœŸåŒ–å®Œäº†: C:\dev\horse-racing-ai\data\umalogi.db
15:08:06 INFO: ãƒ¬ãƒ¼ã‚¹çµæœå–å¾—é–‹å§‹: race_id=202603010608
15:08:09 INFO: å–å¾—å®Œäº†: race_id=202603010608, å‡ºèµ°é ­æ•°=15
15:08:09 INFO: race_results ä¿å­˜: race_id=202603010608 (15/15é ­)
15:08:13 INFO: æ‰•æˆ»å–å¾— (æ–°å½¢å¼): race_id=202603010608, 12 ä»¶
15:08:13 INFO: æ‰•æˆ»ä¿å­˜: race_id=202603010608, 12 ä»¶
15:08:13 INFO: race_payouts ä¿å­˜: race_id=202603010608 (12ä»¶)
15:08:13 INFO: [è©•ä¾¡] race=202603010608 4æ­³ä»¥ä¸Š1å‹ã‚¯ãƒ©ã‚¹: äºˆæƒ³14ä»¶ çš„ä¸­0ä»¶ æŠ•è³‡Â¥4000 æ‰•æˆ»Â¥0 ROI=0.0%
15:08:13 INFO: è©•ä¾¡å®Œäº†: race_id=202603010608  çš„ä¸­=0ä»¶  æŠ•è³‡Â¥4000  æ‰•æˆ»Â¥0  ROI=0.0%
races.json:       18408 ƒŒ[ƒX
races/{id}.json: 18408 ƒtƒ@ƒCƒ‹ ¨ C:\dev\horse-racing-ai\web\src\data\races
predictions.json:  3058 Œ
summary.json:         4 ƒ‚ƒfƒ‹~”NƒŒƒR[ƒh  (‘ƒŒ[ƒX 18,408)
financial.json:      18 “ú~ƒ‚ƒfƒ‹ƒŒƒR[ƒh

ƒGƒNƒXƒ|[ƒgæ: C:\dev\horse-racing-ai\web\src\data
15:08:47 INFO: ãƒ€ãƒƒã‚·ãƒ¥ãƒœãƒ¼ãƒ‰æ›´æ–°å®Œäº†
15:08:47 INFO: [OK] R08 202603010608  [postrace] å®Œäº†
15:08:47 INFO: [START] R08 202605020208  [postrace] çµæœå–å¾—é–‹å§‹
15:08:48 INFO: ãƒã‚¤ã‚°ãƒ¬ãƒ¼ã‚·ãƒ§ãƒ³: v_race_mart ãƒ“ãƒ¥ãƒ¼ã‚’å†ä½œæˆã—ã¾ã—ãŸ
15:08:48 INFO: DB åˆæœŸåŒ–å®Œäº†: C:\dev\horse-racing-ai\data\umalogi.db
15:08:48 INFO: ãƒ¬ãƒ¼ã‚¹çµæœå–å¾—é–‹å§‹: race_id=202605020208
15:08:50 INFO: å–å¾—å®Œäº†: race_id=202605020208, å‡ºèµ°é ­æ•°=11
15:08:50 INFO: race_results ä¿å­˜: race_id=202605020208 (11/11é ­)
15:08:55 INFO: æ‰•æˆ»å–å¾— (æ–°å½¢å¼): race_id=202605020208, 12 ä»¶
15:08:55 INFO: æ‰•æˆ»ä¿å­˜: race_id=202605020208, 12 ä»¶
15:08:55 INFO: race_payouts ä¿å­˜: race_id=202605020208 (12ä»¶)
15:08:55 INFO: [è©•ä¾¡] race=202605020208 4æ­³ä»¥ä¸Š2å‹ã‚¯ãƒ©ã‚¹: äºˆæƒ³24ä»¶ çš„ä¸­0ä»¶ æŠ•è³‡Â¥6700 æ‰•æˆ»Â¥0 ROI=0.0%
15:08:55 INFO: è©•ä¾¡å®Œäº†: race_id=202605020208  çš„ä¸­=0ä»¶  æŠ•è³‡Â¥6700  æ‰•æˆ»Â¥0  ROI=0.0%
races.json:       18408 ƒŒ[ƒX
races/{id}.json: 18408 ƒtƒ@ƒCƒ‹ ¨ C:\dev\horse-racing-ai\web\src\data\races
predictions.json:  3058 Œ
summary.json:         4 ƒ‚ƒfƒ‹~”NƒŒƒR[ƒh  (‘ƒŒ[ƒX 18,408)
financial.json:      18 “ú~ƒ‚ƒfƒ‹ƒŒƒR[ƒh

ƒGƒNƒXƒ|[ƒgæ: C:\dev\horse-racing-ai\web\src\data
15:09:26 INFO: ãƒ€ãƒƒã‚·ãƒ¥ãƒœãƒ¼ãƒ‰æ›´æ–°å®Œäº†
15:09:26 INFO: [OK] R08 202605020208  [postrace] å®Œäº†
15:09:26 INFO: [START] R08 202608030208  [postrace] çµæœå–å¾—é–‹å§‹
15:09:27 INFO: ãƒã‚¤ã‚°ãƒ¬ãƒ¼ã‚·ãƒ§ãƒ³: v_race_mart ãƒ“ãƒ¥ãƒ¼ã‚’å†ä½œæˆã—ã¾ã—ãŸ
15:09:27 INFO: DB åˆæœŸåŒ–å®Œäº†: C:\dev\horse-racing-ai\data\umalogi.db
15:09:27 INFO: ãƒ¬ãƒ¼ã‚¹çµæœå–å¾—é–‹å§‹: race_id=202608030208
15:09:30 INFO: å–å¾—å®Œäº†: race_id=202608030208, å‡ºèµ°é ­æ•°=15
15:09:30 INFO: race_results ä¿å­˜: race_id=202608030208 (15/15é ­)
15:09:34 INFO: æ‰•æˆ»å–å¾— (æ–°å½¢å¼): race_id=202608030208, 12 ä»¶
15:09:34 INFO: æ‰•æˆ»ä¿å­˜: race_id=202608030208, 12 ä»¶
15:09:34 INFO: race_payouts ä¿å­˜: race_id=202608030208 (12ä»¶)
15:09:34 INFO: [è©•ä¾¡] race=202608030208 4æ­³ä»¥ä¸Š1å‹ã‚¯ãƒ©ã‚¹: äºˆæƒ³20ä»¶ çš„ä¸­0ä»¶ æŠ•è³‡Â¥5200 æ‰•æˆ»Â¥0 ROI=0.0%
15:09:34 INFO: è©•ä¾¡å®Œäº†: race_id=202608030208  çš„ä¸­=0ä»¶  æŠ•è³‡Â¥5200  æ‰•æˆ»Â¥0  ROI=0.0%
races.json:       18408 ƒŒ[ƒX
races/{id}.json: 18408 ƒtƒ@ƒCƒ‹ ¨ C:\dev\horse-racing-ai\web\src\data\races
predictions.json:  3058 Œ
summary.json:         4 ƒ‚ƒfƒ‹~”NƒŒƒR[ƒh  (‘ƒŒ[ƒX 18,408)
financial.json:      18 “ú~ƒ‚ƒfƒ‹ƒŒƒR[ƒh

ƒGƒNƒXƒ|[ƒgæ: C:\dev\horse-racing-ai\web\src\data
15:10:00 INFO: ãƒ€ãƒƒã‚·ãƒ¥ãƒœãƒ¼ãƒ‰æ›´æ–°å®Œäº†
15:10:00 INFO: [OK] R08 202608030208  [postrace] å®Œäº†
15:10:00 INFO: [START] R09 202603010609  [postrace] çµæœå–å¾—é–‹å§‹
15:10:01 INFO: ãƒã‚¤ã‚°ãƒ¬ãƒ¼ã‚·ãƒ§ãƒ³: v_race_mart ãƒ“ãƒ¥ãƒ¼ã‚’å†ä½œæˆã—ã¾ã—ãŸ
15:10:01 INFO: DB åˆæœŸåŒ–å®Œäº†: C:\dev\horse-racing-ai\data\umalogi.db
15:10:01 INFO: ãƒ¬ãƒ¼ã‚¹çµæœå–å¾—é–‹å§‹: race_id=202603010609
15:10:03 INFO: å–å¾—å®Œäº†: race_id=202603010609, å‡ºèµ°é ­æ•°=13
15:10:03 INFO: race_results ä¿å­˜: race_id=202603010609 (13/13é ­)
15:10:07 INFO: æ‰•æˆ»å–å¾— (æ–°å½¢å¼): race_id=202603010609, 12 ä»¶
15:10:07 INFO: æ‰•æˆ»ä¿å­˜: race_id=202603010609, 12 ä»¶
15:10:07 INFO: race_payouts ä¿å­˜: race_id=202603010609 (12ä»¶)
15:10:07 INFO: [è©•ä¾¡] race=202603010609 é£¯ç››å±±ç‰¹åˆ¥: äºˆæƒ³16ä»¶ çš„ä¸­0ä»¶ æŠ•è³‡Â¥5200 æ‰•æˆ»Â¥0 ROI=0.0%
15:10:07 INFO: è©•ä¾¡å®Œäº†: race_id=202603010609  çš„ä¸­=0ä»¶  æŠ•è³‡Â¥5200  æ‰•æˆ»Â¥0  ROI=0.0%
races.json:       18408 ƒŒ[ƒX
races/{id}.json: 18408 ƒtƒ@ƒCƒ‹ ¨ C:\dev\horse-racing-ai\web\src\data\races
predictions.json:  2370 Œ
summary.json:         4 ƒ‚ƒfƒ‹~”NƒŒƒR[ƒh  (‘ƒŒ[ƒX 18,408)
financial.json:      12 “ú~ƒ‚ƒfƒ‹ƒŒƒR[ƒh

ƒGƒNƒXƒ|[ƒgæ: C:\dev\horse-racing-ai\web\src\data
15:10:44 INFO: ãƒ€ãƒƒã‚·ãƒ¥ãƒœãƒ¼ãƒ‰æ›´æ–°å®Œäº†
15:10:45 INFO: [OK] R09 202603010609  [postrace] å®Œäº†
15:10:45 INFO: [START] R09 202605020209  [postrace] çµæœå–å¾—é–‹å§‹
15:10:47 INFO: ãƒã‚¤ã‚°ãƒ¬ãƒ¼ã‚·ãƒ§ãƒ³: v_race_mart ãƒ“ãƒ¥ãƒ¼ã‚’å†ä½œæˆã—ã¾ã—ãŸ
15:10:47 INFO: DB åˆæœŸåŒ–å®Œäº†: C:\dev\horse-racing-ai\data\umalogi.db
15:10:47 INFO: ãƒ¬ãƒ¼ã‚¹çµæœå–å¾—é–‹å§‹: race_id=202605020209
15:10:51 INFO: å–å¾—å®Œäº†: race_id=202605020209, å‡ºèµ°é ­æ•°=16
15:10:51 INFO: race_results ä¿å­˜: race_id=202605020209 (16/16é ­)
15:10:55 INFO: æ‰•æˆ»å–å¾— (æ–°å½¢å¼): race_id=202605020209, 12 ä»¶
15:10:55 INFO: æ‰•æˆ»ä¿å­˜: race_id=202605020209, 12 ä»¶
15:10:55 INFO: race_payouts ä¿å­˜: race_id=202605020209 (12ä»¶)
15:10:55 INFO: [è©•ä¾¡] race=202605020209 æ¹˜å—S: äºˆæƒ³0ä»¶ çš„ä¸­0ä»¶ æŠ•è³‡Â¥0 æ‰•æˆ»Â¥0 ROI=0.0%
15:10:55 INFO: è©•ä¾¡å®Œäº†: race_id=202605020209  çš„ä¸­=0ä»¶  æŠ•è³‡Â¥0  æ‰•æˆ»Â¥0  ROI=0.0%
races.json:       18408 ƒŒ[ƒX
races/{id}.json: 18408 ƒtƒ@ƒCƒ‹ ¨ C:\dev\horse-racing-ai\web\src\data\races
predictions.json:  2448 Œ
summary.json:         4 ƒ‚ƒfƒ‹~”NƒŒƒR[ƒh  (‘ƒŒ[ƒX 18,408)
financial.json:      12 “ú~ƒ‚ƒfƒ‹ƒŒƒR[ƒh

ƒGƒNƒXƒ|[ƒgæ: C:\dev\horse-racing-ai\web\src\data
15:11:35 INFO: ãƒ€ãƒƒã‚·ãƒ¥ãƒœãƒ¼ãƒ‰æ›´æ–°å®Œäº†
15:11:35 INFO: [OK] R09 202605020209  [postrace] å®Œäº†
15:11:35 INFO: [START] R09 202608030209  [postrace] çµæœå–å¾—é–‹å§‹
15:11:37 INFO: ãƒã‚¤ã‚°ãƒ¬ãƒ¼ã‚·ãƒ§ãƒ³: v_race_mart ãƒ“ãƒ¥ãƒ¼ã‚’å†ä½œæˆã—ã¾ã—ãŸ
15:11:37 INFO: DB åˆæœŸåŒ–å®Œäº†: C:\dev\horse-racing-ai\data\umalogi.db
15:11:37 INFO: ãƒ¬ãƒ¼ã‚¹çµæœå–å¾—é–‹å§‹: race_id=202608030209
15:11:39 INFO: å–å¾—å®Œäº†: race_id=202608030209, å‡ºèµ°é ­æ•°=11
15:11:39 INFO: race_results ä¿å­˜: race_id=202608030209 (11/11é ­)
15:11:43 INFO: æ‰•æˆ»å–å¾— (æ–°å½¢å¼): race_id=202608030209, 12 ä»¶
15:11:43 INFO: æ‰•æˆ»ä¿å­˜: race_id=202608030209, 12 ä»¶
15:11:43 INFO: race_payouts ä¿å­˜: race_id=202608030209 (12ä»¶)
15:11:43 INFO: [è©•ä¾¡] race=202608030209 æ¯”è‰¯å±±ç‰¹åˆ¥: äºˆæƒ³0ä»¶ çš„ä¸­0ä»¶ æŠ•è³‡Â¥0 æ‰•æˆ»Â¥0 ROI=0.0%
15:11:43 INFO: è©•ä¾¡å®Œäº†: race_id=202608030209  çš„ä¸­=0ä»¶  æŠ•è³‡Â¥0  æ‰•æˆ»Â¥0  ROI=0.0%
races.json:       18408 ƒŒ[ƒX
races/{id}.json: 18408 ƒtƒ@ƒCƒ‹ ¨ C:\dev\horse-racing-ai\web\src\data\races
predictions.json:  2698 Œ
summary.json:         4 ƒ‚ƒfƒ‹~”NƒŒƒR[ƒh  (‘ƒŒ[ƒX 18,408)
financial.json:      12 “ú~ƒ‚ƒfƒ‹ƒŒƒR[ƒh

ƒGƒNƒXƒ|[ƒgæ: C:\dev\horse-racing-ai\web\src\data
15:12:21 INFO: ãƒ€ãƒƒã‚·ãƒ¥ãƒœãƒ¼ãƒ‰æ›´æ–°å®Œäº†
15:12:21 INFO: [OK] R09 202608030209  [postrace] å®Œäº†
15:12:21 INFO: [START] R11 202603010611  [prerace] ç›´å‰äºˆæƒ³é–‹å§‹ (æ¨å®šç™ºèµ° 15:00)
15:12:33 INFO __main__: ’¼‘OƒpƒCƒvƒ‰ƒCƒ“ŠJn: race_id=202603010611
15:12:33 INFO src.database.init_db: ƒ}ƒCƒOƒŒ[ƒVƒ‡ƒ“: v_race_mart ƒrƒ…[‚ğÄì¬‚µ‚Ü‚µ‚½
15:12:33 INFO src.database.init_db: DB ‰Šú‰»Š®—¹: C:\dev\horse-racing-ai\data\umalogi.db
15:12:33 WARNING __main__: [’x‰„Œx] 202603010611: ’÷Ø‚©‚ç +27 •ª
15:12:35 INFO __main__: Discord ‘—MŠ®—¹: HTTP 204
15:12:35 INFO __main__: DB ƒLƒƒƒbƒVƒ…: ƒIƒbƒY=0Œ ƒGƒ“ƒgƒŠ=16“ª (race_id=202603010611)
15:12:41 INFO src.scraper.entry_table: ƒIƒbƒYæ“¾ race_id=202603010611: 16 “ª
15:12:41 INFO src.database.init_db: ƒIƒbƒY•Û‘¶: race_id=202603010611, 16 “ª
15:12:41 INFO __main__: ƒIƒbƒYæ“¾ [netkeiba API]: 16 “ª•Û‘¶ (race_id=202603010611)
15:12:41 INFO src.ml.features: “Á’¥—Ê¶¬ race_id=202603010611: 16 “ª ~ 51 “Á’¥—Ê
15:12:41 WARNING __main__: \u26a0\ufe0f ”n‘ÌdŒ‡‘¹ 16/16“ª (100%) \u2014 NaN ‚Ì‚Ü‚Ü„˜_‚ğ‹­s‚µ‚Ü‚· (race_id ‚É‘Î‰)
15:12:41 INFO src.ml.models: ƒ‚ƒfƒ‹“Ç‚İ‚İ: C:\dev\horse-racing-ai\data\models\honmei_model.pkl
15:12:41 INFO src.ml.models: ƒ‚ƒfƒ‹“Ç‚İ‚İ: C:\dev\horse-racing-ai\data\models\manji_model.pkl
15:12:44 INFO src.ml.bet_generator: –{–½”ƒ‚¢–Ú¶¬: race_id=202603010611 5 Œ (ãˆÊ3“ª)
15:12:44 INFO src.ml.bet_generator: ™Â”ƒ‚¢–Ú¶¬: race_id=202603010611 7 Œ (Šm—¦ãˆÊ3“ª‘I‘ğ)
15:12:45 INFO src.ml.bet_generator: Oracle”ƒ‚¢–Ú¶¬: race_id=202603010611 O˜A•¡3“_ O˜A’P3“_
15:12:45 INFO src.database.init_db: —\‘z•Û‘¶: prediction_id=12368 race_id=202603010611 model=–{–½(’¼‘O) bet=’PŸ
15:12:45 INFO src.database.init_db: —\‘z•Û‘¶: prediction_id=12369 race_id=202603010611 model=–{–½(’¼‘O) bet=•¡Ÿ
15:12:45 INFO src.database.init_db: —\‘z•Û‘¶: prediction_id=12370 race_id=202603010611 model=–{–½(’¼‘O) bet=”n˜A
15:12:45 INFO src.database.init_db: —\‘z•Û‘¶: prediction_id=12371 race_id=202603010611 model=–{–½(’¼‘O) bet=ƒƒCƒh
15:12:45 INFO src.database.init_db: —\‘z•Û‘¶: prediction_id=12372 race_id=202603010611 model=–{–½(’¼‘O) bet=O˜A’P
15:12:45 INFO src.database.init_db: —\‘z•Û‘¶: prediction_id=12373 race_id=202603010611 model=™Â(’¼‘O) bet=’PŸ
15:12:45 INFO src.database.init_db: —\‘z•Û‘¶: prediction_id=12374 race_id=202603010611 model=™Â(’¼‘O) bet=•¡Ÿ
15:12:45 INFO src.database.init_db: —\‘z•Û‘¶: prediction_id=12375 race_id=202603010611 model=™Â(’¼‘O) bet=”n˜A
15:12:45 INFO src.database.init_db: —\‘z•Û‘¶: prediction_id=12376 race_id=202603010611 model=™Â(’¼‘O) bet=ƒƒCƒh
15:12:45 INFO src.database.init_db: —\‘z•Û‘¶: prediction_id=12377 race_id=202603010611 model=™Â(’¼‘O) bet=O˜A•¡
15:12:45 INFO src.database.init_db: —\‘z•Û‘¶: prediction_id=12378 race_id=202603010611 model=™Â(’¼‘O) bet=O˜A•¡
15:12:45 INFO src.database.init_db: —\‘z•Û‘¶: prediction_id=12379 race_id=202603010611 model=™Â(’¼‘O) bet=O˜A•¡
15:12:45 INFO src.database.init_db: —\‘z•Û‘¶: prediction_id=12380 race_id=202603010611 model=Oracle(’¼‘O) bet=O˜A•¡
15:12:45 INFO src.database.init_db: —\‘z•Û‘¶: prediction_id=12381 race_id=202603010611 model=Oracle(’¼‘O) bet=O˜A’P
15:12:45 INFO src.database.init_db: —\‘z•Û‘¶: prediction_id=12382 race_id=202603010611 model=–{–½(’¼‘O) bet=”n•ªÍ
15:12:45 INFO src.ml.models: ƒ‚ƒfƒ‹“Ç‚İ‚İ: C:\dev\horse-racing-ai\data\models\honmei_model.pkl
15:12:45 INFO src.ml.models: ƒ‚ƒfƒ‹“Ç‚İ‚İ: C:\dev\horse-racing-ai\data\models\manji_model.pkl
15:12:45 WARNING __main__: WIN5 —\‘ª¸”si‘±sj: no such column: win_odds
15:12:45 INFO __main__: JSON o—Í: C:\dev\horse-racing-ai\data\predictions\202603010611.json
15:12:46 INFO __main__: Discord ’¼‘O—\‘z’Ê’m ‘—MŠ®—¹: 202603010611 HTTP 204
15:12:46 INFO __main__: ’¼‘OƒpƒCƒvƒ‰ƒCƒ“Š®—¹: race_id=202603010611 –{–½5Œ ™Â7Œ
Traceback (most recent call last):
  File "<frozen runpy>", line 198, in _run_module_as_main
  File "<frozen runpy>", line 88, in _run_code
  File "C:\dev\horse-racing-ai\src\main_pipeline.py", line 1481, in <module>
    main()
    ~~~~^^
  File "C:\dev\horse-racing-ai\src\main_pipeline.py", line 1466, in main
    print(json.dumps(result, ensure_ascii=False, indent=2))
    ~~~~~^^^^^^^^^^^^^^^^^^^^^^^^^^^^^^^^^^^^^^^^^^^^^^^^^^
UnicodeEncodeError: 'cp932' codec can't encode character '\u9a38' in position 1568: illegal multibyte sequence
15:12:47 ERROR: [NG] R11 202603010611  [prerace] å¤±æ•— (rc=1)
15:12:47 INFO: [START] R11 202605020211  [prerace] ç›´å‰äºˆæƒ³é–‹å§‹ (æ¨å®šç™ºèµ° 15:00)
15:12:53 INFO __main__: ’¼‘OƒpƒCƒvƒ‰ƒCƒ“ŠJn: race_id=202605020211
15:12:53 INFO src.database.init_db: ƒ}ƒCƒOƒŒ[ƒVƒ‡ƒ“: v_race_mart ƒrƒ…[‚ğÄì¬‚µ‚Ü‚µ‚½
15:12:53 INFO src.database.init_db: DB ‰Šú‰»Š®—¹: C:\dev\horse-racing-ai\data\umalogi.db
15:12:53 WARNING __main__: [’x‰„Œx] 202605020211: ’÷Ø‚©‚ç +27 •ª
15:12:54 INFO __main__: Discord ‘—MŠ®—¹: HTTP 204
15:12:54 INFO __main__: DB ƒLƒƒƒbƒVƒ…: ƒIƒbƒY=13Œ ƒGƒ“ƒgƒŠ=13“ª (race_id=202605020211)
15:12:54 INFO src.ml.features: “Á’¥—Ê¶¬ race_id=202605020211: 13 “ª ~ 51 “Á’¥—Ê
15:12:54 WARNING __main__: \u26a0\ufe0f ”n‘ÌdŒ‡‘¹ 13/13“ª (100%) \u2014 NaN ‚Ì‚Ü‚Ü„˜_‚ğ‹­s‚µ‚Ü‚· (race_id ‚É‘Î‰)
15:12:54 INFO src.ml.models: ƒ‚ƒfƒ‹“Ç‚İ‚İ: C:\dev\horse-racing-ai\data\models\honmei_model.pkl
15:12:54 INFO src.ml.models: ƒ‚ƒfƒ‹“Ç‚İ‚İ: C:\dev\horse-racing-ai\data\models\manji_model.pkl
15:12:56 INFO src.ml.bet_generator: –{–½”ƒ‚¢–Ú¶¬: race_id=202605020211 6 Œ (ãˆÊ3“ª)
15:12:56 INFO src.ml.bet_generator: ™Â”ƒ‚¢–Ú¶¬: race_id=202605020211 7 Œ (Šm—¦ãˆÊ3“ª‘I‘ğ)
15:12:56 INFO src.ml.bet_generator: Oracle”ƒ‚¢–Ú¶¬: race_id=202605020211 O˜A•¡3“_ O˜A’P3“_
15:12:56 INFO src.database.init_db: —\‘z•Û‘¶: prediction_id=12459 race_id=202605020211 model=–{–½(’¼‘O) bet=’PŸ
15:12:56 INFO src.database.init_db: —\‘z•Û‘¶: prediction_id=12460 race_id=202605020211 model=–{–½(’¼‘O) bet=•¡Ÿ
15:12:56 INFO src.database.init_db: —\‘z•Û‘¶: prediction_id=12461 race_id=202605020211 model=–{–½(’¼‘O) bet=”n˜A
15:12:56 INFO src.database.init_db: —\‘z•Û‘¶: prediction_id=12462 race_id=202605020211 model=–{–½(’¼‘O) bet=ƒƒCƒh
15:12:56 INFO src.database.init_db: —\‘z•Û‘¶: prediction_id=12463 race_id=202605020211 model=–{–½(’¼‘O) bet=O˜A•¡
15:12:56 INFO src.database.init_db: —\‘z•Û‘¶: prediction_id=12464 race_id=202605020211 model=–{–½(’¼‘O) bet=O˜A’P
15:12:56 INFO src.database.init_db: —\‘z•Û‘¶: prediction_id=12465 race_id=202605020211 model=™Â(’¼‘O) bet=’PŸ
15:12:56 INFO src.database.init_db: —\‘z•Û‘¶: prediction_id=12466 race_id=202605020211 model=™Â(’¼‘O) bet=•¡Ÿ
15:12:56 INFO src.database.init_db: —\‘z•Û‘¶: prediction_id=12467 race_id=202605020211 model=™Â(’¼‘O) bet=”n˜A
15:12:56 INFO src.database.init_db: —\‘z•Û‘¶: prediction_id=12468 race_id=202605020211 model=™Â(’¼‘O) bet=ƒƒCƒh
15:12:56 INFO src.database.init_db: —\‘z•Û‘¶: prediction_id=12469 race_id=202605020211 model=™Â(’¼‘O) bet=O˜A•¡
15:12:56 INFO src.database.init_db: —\‘z•Û‘¶: prediction_id=12470 race_id=202605020211 model=™Â(’¼‘O) bet=O˜A•¡
15:12:56 INFO src.database.init_db: —\‘z•Û‘¶: prediction_id=12471 race_id=202605020211 model=™Â(’¼‘O) bet=O˜A•¡
15:12:56 INFO src.database.init_db: —\‘z•Û‘¶: prediction_id=12472 race_id=202605020211 model=Oracle(’¼‘O) bet=O˜A•¡
15:12:56 INFO src.database.init_db: —\‘z•Û‘¶: prediction_id=12473 race_id=202605020211 model=Oracle(’¼‘O) bet=O˜A’P
15:12:56 INFO src.database.init_db: —\‘z•Û‘¶: prediction_id=12474 race_id=202605020211 model=–{–½(’¼‘O) bet=”n•ªÍ
15:12:56 INFO __main__: JSON o—Í: C:\dev\horse-racing-ai\data\predictions\202605020211.json
15:12:57 INFO __main__: Discord ’¼‘O—\‘z’Ê’m ‘—MŠ®—¹: 202605020211 HTTP 204
15:12:57 INFO __main__: ’¼‘OƒpƒCƒvƒ‰ƒCƒ“Š®—¹: race_id=202605020211 –{–½6Œ ™Â7Œ
Traceback (most recent call last):
  File "<frozen runpy>", line 198, in _run_module_as_main
  File "<frozen runpy>", line 88, in _run_code
  File "C:\dev\horse-racing-ai\src\main_pipeline.py", line 1481, in <module>
    main()
    ~~~~^^
  File "C:\dev\horse-racing-ai\src\main_pipeline.py", line 1466, in main
    print(json.dumps(result, ensure_ascii=False, indent=2))
    ~~~~~^^^^^^^^^^^^^^^^^^^^^^^^^^^^^^^^^^^^^^^^^^^^^^^^^^
UnicodeEncodeError: 'cp932' codec can't encode character '\u9a38' in position 5233: illegal multibyte sequence
15:12:57 ERROR: [NG] R11 202605020211  [prerace] å¤±æ•— (rc=1)
15:12:57 INFO: [START] R11 202608030211  [prerace] ç›´å‰äºˆæƒ³é–‹å§‹ (æ¨å®šç™ºèµ° 15:00)
15:13:02 INFO __main__: ’¼‘OƒpƒCƒvƒ‰ƒCƒ“ŠJn: race_id=202608030211
15:13:02 INFO src.database.init_db: ƒ}ƒCƒOƒŒ[ƒVƒ‡ƒ“: v_race_mart ƒrƒ…[‚ğÄì¬‚µ‚Ü‚µ‚½
15:13:02 INFO src.database.init_db: DB ‰Šú‰»Š®—¹: C:\dev\horse-racing-ai\data\umalogi.db
15:13:02 WARNING __main__: [’x‰„Œx] 202608030211: ’÷Ø‚©‚ç +28 •ª
15:13:03 INFO __main__: Discord ‘—MŠ®—¹: HTTP 204
15:13:03 INFO __main__: DB ƒLƒƒƒbƒVƒ…: ƒIƒbƒY=18Œ ƒGƒ“ƒgƒŠ=18“ª (race_id=202608030211)
15:13:03 INFO src.ml.features: “Á’¥—Ê¶¬ race_id=202608030211: 18 “ª ~ 51 “Á’¥—Ê
15:13:03 WARNING __main__: \u26a0\ufe0f ”n‘ÌdŒ‡‘¹ 18/18“ª (100%) \u2014 NaN ‚Ì‚Ü‚Ü„˜_‚ğ‹­s‚µ‚Ü‚· (race_id ‚É‘Î‰)
15:13:03 INFO src.ml.models: ƒ‚ƒfƒ‹“Ç‚İ‚İ: C:\dev\horse-racing-ai\data\models\honmei_model.pkl
15:13:03 INFO src.ml.models: ƒ‚ƒfƒ‹“Ç‚İ‚İ: C:\dev\horse-racing-ai\data\models\manji_model.pkl
15:13:06 INFO src.ml.bet_generator: –{–½”ƒ‚¢–Ú¶¬: race_id=202608030211 5 Œ (ãˆÊ3“ª)
15:13:06 INFO src.ml.bet_generator: ™Â”ƒ‚¢–Ú¶¬: race_id=202608030211 7 Œ (Šm—¦ãˆÊ3“ª‘I‘ğ)
15:13:06 INFO src.ml.bet_generator: Oracle”ƒ‚¢–Ú¶¬: race_id=202608030211 O˜A•¡3“_ O˜A’P3“_
15:13:06 INFO src.database.init_db: —\‘z•Û‘¶: prediction_id=12490 race_id=202608030211 model=–{–½(’¼‘O) bet=’PŸ
15:13:06 INFO src.database.init_db: —\‘z•Û‘¶: prediction_id=12491 race_id=202608030211 model=–{–½(’¼‘O) bet=•¡Ÿ
15:13:06 INFO src.database.init_db: —\‘z•Û‘¶: prediction_id=12492 race_id=202608030211 model=–{–½(’¼‘O) bet=”n˜A
15:13:06 INFO src.database.init_db: —\‘z•Û‘¶: prediction_id=12493 race_id=202608030211 model=–{–½(’¼‘O) bet=ƒƒCƒh
15:13:06 INFO src.database.init_db: —\‘z•Û‘¶: prediction_id=12494 race_id=202608030211 model=–{–½(’¼‘O) bet=O˜A’P
15:13:06 INFO src.database.init_db: —\‘z•Û‘¶: prediction_id=12495 race_id=202608030211 model=™Â(’¼‘O) bet=’PŸ
15:13:06 INFO src.database.init_db: —\‘z•Û‘¶: prediction_id=12496 race_id=202608030211 model=™Â(’¼‘O) bet=•¡Ÿ
15:13:06 INFO src.database.init_db: —\‘z•Û‘¶: prediction_id=12497 race_id=202608030211 model=™Â(’¼‘O) bet=”n˜A
15:13:06 INFO src.database.init_db: —\‘z•Û‘¶: prediction_id=12498 race_id=202608030211 model=™Â(’¼‘O) bet=ƒƒCƒh
15:13:06 INFO src.database.init_db: —\‘z•Û‘¶: prediction_id=12499 race_id=202608030211 model=™Â(’¼‘O) bet=O˜A•¡
15:13:06 INFO src.database.init_db: —\‘z•Û‘¶: prediction_id=12500 race_id=202608030211 model=™Â(’¼‘O) bet=O˜A•¡
15:13:06 INFO src.database.init_db: —\‘z•Û‘¶: prediction_id=12501 race_id=202608030211 model=™Â(’¼‘O) bet=O˜A•¡
15:13:06 INFO src.database.init_db: —\‘z•Û‘¶: prediction_id=12502 race_id=202608030211 model=Oracle(’¼‘O) bet=O˜A•¡
15:13:06 INFO src.database.init_db: —\‘z•Û‘¶: prediction_id=12503 race_id=202608030211 model=Oracle(’¼‘O) bet=O˜A’P
15:13:06 INFO src.database.init_db: —\‘z•Û‘¶: prediction_id=12504 race_id=202608030211 model=–{–½(’¼‘O) bet=”n•ªÍ
15:13:06 INFO __main__: JSON o—Í: C:\dev\horse-racing-ai\data\predictions\202608030211.json
15:13:08 INFO __main__: Discord ’¼‘O—\‘z’Ê’m ‘—MŠ®—¹: 202608030211 HTTP 204
15:13:08 INFO __main__: ’¼‘OƒpƒCƒvƒ‰ƒCƒ“Š®—¹: race_id=202608030211 –{–½5Œ ™Â7Œ
Traceback (most recent call last):
  File "<frozen runpy>", line 198, in _run_module_as_main
  File "<frozen runpy>", line 88, in _run_code
  File "C:\dev\horse-racing-ai\src\main_pipeline.py", line 1481, in <module>
    main()
    ~~~~^^
  File "C:\dev\horse-racing-ai\src\main_pipeline.py", line 1466, in main
    print(json.dumps(result, ensure_ascii=False, indent=2))
    ~~~~~^^^^^^^^^^^^^^^^^^^^^^^^^^^^^^^^^^^^^^^^^^^^^^^^^^
UnicodeEncodeError: 'cp932' codec can't encode character '\u9a38' in position 1975: illegal multibyte sequence
15:13:08 ERROR: [NG] R11 202608030211  [prerace] å¤±æ•— (rc=1)
15:13:08 INFO: [START] R10 202603010610  [postrace] çµæœå–å¾—é–‹å§‹
15:13:09 INFO: ãƒã‚¤ã‚°ãƒ¬ãƒ¼ã‚·ãƒ§ãƒ³: v_race_mart ãƒ“ãƒ¥ãƒ¼ã‚’å†ä½œæˆã—ã¾ã—ãŸ
15:13:09 INFO: DB åˆæœŸåŒ–å®Œäº†: C:\dev\horse-racing-ai\data\umalogi.db
15:13:09 INFO: ãƒ¬ãƒ¼ã‚¹çµæœå–å¾—é–‹å§‹: race_id=202603010610
15:13:12 INFO: å–å¾—å®Œäº†: race_id=202603010610, å‡ºèµ°é ­æ•°=15
15:13:12 INFO: race_results ä¿å­˜: race_id=202603010610 (15/15é ­)
15:13:16 INFO: æ‰•æˆ»å–å¾— (æ–°å½¢å¼): race_id=202603010610, 12 ä»¶
15:13:16 INFO: æ‰•æˆ»ä¿å­˜: race_id=202603010610, 12 ä»¶
15:13:16 INFO: race_payouts ä¿å­˜: race_id=202603010610 (12ä»¶)
15:13:16 INFO: [è©•ä¾¡] race=202603010610 å°¾ç€¬ç‰¹åˆ¥: äºˆæƒ³13ä»¶ çš„ä¸­2ä»¶ æŠ•è³‡Â¥3500 æ‰•æˆ»Â¥1680 ROI=48.0%
15:13:16 INFO: è©•ä¾¡å®Œäº†: race_id=202603010610  çš„ä¸­=2ä»¶  æŠ•è³‡Â¥3500  æ‰•æˆ»Â¥1680  ROI=48.0%
races.json:       18408 ƒŒ[ƒX
races/{id}.json: 18408 ƒtƒ@ƒCƒ‹ ¨ C:\dev\horse-racing-ai\web\src\data\races
predictions.json:  2884 Œ
summary.json:         4 ƒ‚ƒfƒ‹~”NƒŒƒR[ƒh  (‘ƒŒ[ƒX 18,408)
financial.json:      15 “ú~ƒ‚ƒfƒ‹ƒŒƒR[ƒh

ƒGƒNƒXƒ|[ƒgæ: C:\dev\horse-racing-ai\web\src\data
15:13:54 INFO: ãƒ€ãƒƒã‚·ãƒ¥ãƒœãƒ¼ãƒ‰æ›´æ–°å®Œäº†
15:13:55 INFO: [OK] R10 202603010610  [postrace] å®Œäº†
15:13:55 INFO: [START] R10 202605020210  [postrace] çµæœå–å¾—é–‹å§‹
15:13:56 INFO: ãƒã‚¤ã‚°ãƒ¬ãƒ¼ã‚·ãƒ§ãƒ³: v_race_mart ãƒ“ãƒ¥ãƒ¼ã‚’å†ä½œæˆã—ã¾ã—ãŸ
15:13:56 INFO: DB åˆæœŸåŒ–å®Œäº†: C:\dev\horse-racing-ai\data\umalogi.db
15:13:56 INFO: ãƒ¬ãƒ¼ã‚¹çµæœå–å¾—é–‹å§‹: race_id=202605020210
15:14:00 INFO: å–å¾—å®Œäº†: race_id=202605020210, å‡ºèµ°é ­æ•°=5
15:14:00 INFO: race_results ä¿å­˜: race_id=202605020210 (5/5é ­)
15:14:05 INFO: æ‰•æˆ»å–å¾— (æ–°å½¢å¼): race_id=202605020210, 12 ä»¶
15:14:05 INFO: æ‰•æˆ»ä¿å­˜: race_id=202605020210, 12 ä»¶
15:14:05 INFO: race_payouts ä¿å­˜: race_id=202605020210 (12ä»¶)
15:14:05 INFO: [è©•ä¾¡] race=202605020210 ã‚ªã‚¢ã‚·ã‚¹S: äºˆæƒ³13ä»¶ çš„ä¸­2ä»¶ æŠ•è³‡Â¥3500 æ‰•æˆ»Â¥900 ROI=25.7%
15:14:05 INFO: è©•ä¾¡å®Œäº†: race_id=202605020210  çš„ä¸­=2ä»¶  æŠ•è³‡Â¥3500  æ‰•æˆ»Â¥900  ROI=25.7%
races.json:       18408 ƒŒ[ƒX
races/{id}.json: 18408 ƒtƒ@ƒCƒ‹ ¨ C:\dev\horse-racing-ai\web\src\data\races
predictions.json:  2884 Œ
summary.json:         4 ƒ‚ƒfƒ‹~”NƒŒƒR[ƒh  (‘ƒŒ[ƒX 18,408)
financial.json:      15 “ú~ƒ‚ƒfƒ‹ƒŒƒR[ƒh

ƒGƒNƒXƒ|[ƒgæ: C:\dev\horse-racing-ai\web\src\data
15:14:57 INFO: ãƒ€ãƒƒã‚·ãƒ¥ãƒœãƒ¼ãƒ‰æ›´æ–°å®Œäº†
15:14:57 INFO: [OK] R10 202605020210  [postrace] å®Œäº†
15:14:57 INFO: [START] R10 202608030210  [postrace] çµæœå–å¾—é–‹å§‹
15:14:59 INFO: ãƒã‚¤ã‚°ãƒ¬ãƒ¼ã‚·ãƒ§ãƒ³: v_race_mart ãƒ“ãƒ¥ãƒ¼ã‚’å†ä½œæˆã—ã¾ã—ãŸ
15:14:59 INFO: DB åˆæœŸåŒ–å®Œäº†: C:\dev\horse-racing-ai\data\umalogi.db
15:14:59 INFO: ãƒ¬ãƒ¼ã‚¹çµæœå–å¾—é–‹å§‹: race_id=202608030210
15:15:01 INFO: å–å¾—å®Œäº†: race_id=202608030210, å‡ºèµ°é ­æ•°=18
15:15:02 INFO: race_results ä¿å­˜: race_id=202608030210 (18/18é ­)
15:15:05 INFO: æ‰•æˆ»å–å¾— (æ–°å½¢å¼): race_id=202608030210, 12 ä»¶
15:15:05 INFO: æ‰•æˆ»ä¿å­˜: race_id=202608030210, 12 ä»¶
15:15:05 INFO: race_payouts ä¿å­˜: race_id=202608030210 (12ä»¶)
15:15:05 INFO: [è©•ä¾¡] race=202608030210 ã‚»ãƒ³ãƒ†ãƒ‹ã‚¢ãƒ«ãƒ‘ãƒ¼ã‚¯S: äºˆæƒ³13ä»¶ çš„ä¸­1ä»¶ æŠ•è³‡Â¥3500 æ‰•æˆ»Â¥1200 ROI=34.3%
15:15:05 INFO: è©•ä¾¡å®Œäº†: race_id=202608030210  çš„ä¸­=1ä»¶  æŠ•è³‡Â¥3500  æ‰•æˆ»Â¥1200  ROI=34.3%
races.json:       18408 ƒŒ[ƒX
races/{id}.json: 18408 ƒtƒ@ƒCƒ‹ ¨ C:\dev\horse-racing-ai\web\src\data\races
predictions.json:  2884 Œ
summary.json:         4 ƒ‚ƒfƒ‹~”NƒŒƒR[ƒh  (‘ƒŒ[ƒX 18,408)
financial.json:      15 “ú~ƒ‚ƒfƒ‹ƒŒƒR[ƒh

ƒGƒNƒXƒ|[ƒgæ: C:\dev\horse-racing-ai\web\src\data
15:15:43 INFO: ãƒ€ãƒƒã‚·ãƒ¥ãƒœãƒ¼ãƒ‰æ›´æ–°å®Œäº†
15:15:44 INFO: [OK] R10 202608030210  [postrace] å®Œäº†
15:15:45 INFO: [START] R12 202603010612  [prerace] ç›´å‰äºˆæƒ³é–‹å§‹ (æ¨å®šç™ºèµ° 15:30)
15:15:53 INFO __main__: ’¼‘OƒpƒCƒvƒ‰ƒCƒ“ŠJn: race_id=202603010612
15:15:54 INFO src.database.init_db: ƒ}ƒCƒOƒŒ[ƒVƒ‡ƒ“: v_race_mart ƒrƒ…[‚ğÄì¬‚µ‚Ü‚µ‚½
15:15:54 INFO src.database.init_db: DB ‰Šú‰»Š®—¹: C:\dev\horse-racing-ai\data\umalogi.db
15:15:54 WARNING __main__: [’x‰„Œx] 202603010612: ’÷Ø‚©‚ç +0 •ª
15:15:55 INFO __main__: Discord ‘—MŠ®—¹: HTTP 204
15:15:55 INFO __main__: DB ƒLƒƒƒbƒVƒ…: ƒIƒbƒY=0Œ ƒGƒ“ƒgƒŠ=16“ª (race_id=202603010612)
15:16:01 INFO src.scraper.entry_table: ƒIƒbƒYæ“¾ race_id=202603010612: 16 “ª
15:16:01 INFO src.database.init_db: ƒIƒbƒY•Û‘¶: race_id=202603010612, 16 “ª
15:16:01 INFO __main__: ƒIƒbƒYæ“¾ [netkeiba API]: 16 “ª•Û‘¶ (race_id=202603010612)
15:16:01 INFO src.ml.features: “Á’¥—Ê¶¬ race_id=202603010612: 16 “ª ~ 51 “Á’¥—Ê
15:16:01 WARNING __main__: \u26a0\ufe0f ”n‘ÌdŒ‡‘¹ 16/16“ª (100%) \u2014 NaN ‚Ì‚Ü‚Ü„˜_‚ğ‹­s‚µ‚Ü‚· (race_id ‚É‘Î‰)
15:16:01 INFO src.ml.models: ƒ‚ƒfƒ‹“Ç‚İ‚İ: C:\dev\horse-racing-ai\data\models\honmei_model.pkl
15:16:01 INFO src.ml.models: ƒ‚ƒfƒ‹“Ç‚İ‚İ: C:\dev\horse-racing-ai\data\models\manji_model.pkl
15:16:04 INFO src.ml.bet_generator: –{–½”ƒ‚¢–Ú¶¬: race_id=202603010612 5 Œ (ãˆÊ3“ª)
15:16:04 INFO src.ml.bet_generator: ™Â”ƒ‚¢–Ú¶¬: race_id=202603010612 5 Œ (Šm—¦ãˆÊ3“ª‘I‘ğ)
15:16:04 INFO src.ml.bet_generator: Oracle”ƒ‚¢–Ú¶¬: race_id=202603010612 O˜A•¡3“_ O˜A’P3“_
15:16:04 INFO src.database.init_db: —\‘z•Û‘¶: prediction_id=13028 race_id=202603010612 model=–{–½(’¼‘O) bet=’PŸ
15:16:04 INFO src.database.init_db: —\‘z•Û‘¶: prediction_id=13029 race_id=202603010612 model=–{–½(’¼‘O) bet=•¡Ÿ
15:16:04 INFO src.database.init_db: —\‘z•Û‘¶: prediction_id=13030 race_id=202603010612 model=–{–½(’¼‘O) bet=”n˜A
15:16:04 INFO src.database.init_db: —\‘z•Û‘¶: prediction_id=13031 race_id=202603010612 model=–{–½(’¼‘O) bet=ƒƒCƒh
15:16:04 INFO src.database.init_db: —\‘z•Û‘¶: prediction_id=13032 race_id=202603010612 model=–{–½(’¼‘O) bet=O˜A’P
15:16:04 INFO src.database.init_db: —\‘z•Û‘¶: prediction_id=13033 race_id=202603010612 model=™Â(’¼‘O) bet=’PŸ
15:16:04 INFO src.database.init_db: —\‘z•Û‘¶: prediction_id=13034 race_id=202603010612 model=™Â(’¼‘O) bet=•¡Ÿ
15:16:04 INFO src.database.init_db: —\‘z•Û‘¶: prediction_id=13035 race_id=202603010612 model=™Â(’¼‘O) bet=”n˜A
15:16:04 INFO src.database.init_db: —\‘z•Û‘¶: prediction_id=13036 race_id=202603010612 model=™Â(’¼‘O) bet=ƒƒCƒh
15:16:04 INFO src.database.init_db: —\‘z•Û‘¶: prediction_id=13037 race_id=202603010612 model=™Â(’¼‘O) bet=O˜A•¡
15:16:04 INFO src.database.init_db: —\‘z•Û‘¶: prediction_id=13038 race_id=202603010612 model=Oracle(’¼‘O) bet=O˜A•¡
15:16:04 INFO src.database.init_db: —\‘z•Û‘¶: prediction_id=13039 race_id=202603010612 model=Oracle(’¼‘O) bet=O˜A’P
15:16:04 INFO src.database.init_db: —\‘z•Û‘¶: prediction_id=13040 race_id=202603010612 model=–{–½(’¼‘O) bet=”n•ªÍ
15:16:04 INFO src.ml.models: ƒ‚ƒfƒ‹“Ç‚İ‚İ: C:\dev\horse-racing-ai\data\models\honmei_model.pkl
15:16:04 INFO src.ml.models: ƒ‚ƒfƒ‹“Ç‚İ‚İ: C:\dev\horse-racing-ai\data\models\manji_model.pkl
15:16:04 WARNING __main__: WIN5 —\‘ª¸”si‘±sj: no such column: win_odds
15:16:04 INFO __main__: JSON o—Í: C:\dev\horse-racing-ai\data\predictions\202603010612.json
15:16:05 INFO __main__: Discord ’¼‘O—\‘z’Ê’m ‘—MŠ®—¹: 202603010612 HTTP 204
15:16:05 INFO __main__: ’¼‘OƒpƒCƒvƒ‰ƒCƒ“Š®—¹: race_id=202603010612 –{–½5Œ ™Â5Œ
Traceback (most recent call last):
  File "<frozen runpy>", line 198, in _run_module_as_main
  File "<frozen runpy>", line 88, in _run_code
  File "C:\dev\horse-racing-ai\src\main_pipeline.py", line 1481, in <module>
    main()
    ~~~~^^
  File "C:\dev\horse-racing-ai\src\main_pipeline.py", line 1466, in main
    print(json.dumps(result, ensure_ascii=False, indent=2))
    ~~~~~^^^^^^^^^^^^^^^^^^^^^^^^^^^^^^^^^^^^^^^^^^^^^^^^^^
UnicodeEncodeError: 'cp932' codec can't encode character '\u9a38' in position 746: illegal multibyte sequence
15:16:05 ERROR: [NG] R12 202603010612  [prerace] å¤±æ•— (rc=1)
15:16:05 INFO: [START] R12 202605020212  [prerace] ç›´å‰äºˆæƒ³é–‹å§‹ (æ¨å®šç™ºèµ° 15:30)
15:16:09 INFO __main__: ’¼‘OƒpƒCƒvƒ‰ƒCƒ“ŠJn: race_id=202605020212
15:16:09 INFO src.database.init_db: ƒ}ƒCƒOƒŒ[ƒVƒ‡ƒ“: v_race_mart ƒrƒ…[‚ğÄì¬‚µ‚Ü‚µ‚½
15:16:09 INFO src.database.init_db: DB ‰Šú‰»Š®—¹: C:\dev\horse-racing-ai\data\umalogi.db
15:16:09 WARNING __main__: [’x‰„Œx] 202605020212: ’÷Ø‚©‚ç +1 •ª
15:16:10 INFO __main__: Discord ‘—MŠ®—¹: HTTP 204
15:16:10 INFO __main__: DB ƒLƒƒƒbƒVƒ…: ƒIƒbƒY=0Œ ƒGƒ“ƒgƒŠ=16“ª (race_id=202605020212)
15:16:15 INFO src.scraper.entry_table: ƒIƒbƒYæ“¾ race_id=202605020212: 16 “ª
15:16:15 INFO src.database.init_db: ƒIƒbƒY•Û‘¶: race_id=202605020212, 16 “ª
15:16:15 INFO __main__: ƒIƒbƒYæ“¾ [netkeiba API]: 16 “ª•Û‘¶ (race_id=202605020212)
15:16:16 INFO src.ml.features: “Á’¥—Ê¶¬ race_id=202605020212: 16 “ª ~ 51 “Á’¥—Ê
15:16:16 WARNING __main__: \u26a0\ufe0f ”n‘ÌdŒ‡‘¹ 16/16“ª (100%) \u2014 NaN ‚Ì‚Ü‚Ü„˜_‚ğ‹­s‚µ‚Ü‚· (race_id ‚É‘Î‰)
15:16:16 INFO src.ml.models: ƒ‚ƒfƒ‹“Ç‚İ‚İ: C:\dev\horse-racing-ai\data\models\honmei_model.pkl
15:16:16 INFO src.ml.models: ƒ‚ƒfƒ‹“Ç‚İ‚İ: C:\dev\horse-racing-ai\data\models\manji_model.pkl
15:16:18 INFO src.ml.bet_generator: –{–½”ƒ‚¢–Ú¶¬: race_id=202605020212 5 Œ (ãˆÊ3“ª)
15:16:18 INFO src.ml.bet_generator: ™Â”ƒ‚¢–Ú¶¬: race_id=202605020212 7 Œ (Šm—¦ãˆÊ3“ª‘I‘ğ)
15:16:18 INFO src.ml.bet_generator: Oracle”ƒ‚¢–Ú¶¬: race_id=202605020212 O˜A•¡3“_ O˜A’P3“_
15:16:18 INFO src.database.init_db: —\‘z•Û‘¶: prediction_id=13041 race_id=202605020212 model=–{–½(’¼‘O) bet=’PŸ
15:16:18 INFO src.database.init_db: —\‘z•Û‘¶: prediction_id=13042 race_id=202605020212 model=–{–½(’¼‘O) bet=•¡Ÿ
15:16:18 INFO src.database.init_db: —\‘z•Û‘¶: prediction_id=13043 race_id=202605020212 model=–{–½(’¼‘O) bet=”n˜A
15:16:18 INFO src.database.init_db: —\‘z•Û‘¶: prediction_id=13044 race_id=202605020212 model=–{–½(’¼‘O) bet=ƒƒCƒh
15:16:18 INFO src.database.init_db: —\‘z•Û‘¶: prediction_id=13045 race_id=202605020212 model=–{–½(’¼‘O) bet=O˜A’P
15:16:18 INFO src.database.init_db: —\‘z•Û‘¶: prediction_id=13046 race_id=202605020212 model=™Â(’¼‘O) bet=’PŸ
15:16:18 INFO src.database.init_db: —\‘z•Û‘¶: prediction_id=13047 race_id=202605020212 model=™Â(’¼‘O) bet=•¡Ÿ
15:16:18 INFO src.database.init_db: —\‘z•Û‘¶: prediction_id=13048 race_id=202605020212 model=™Â(’¼‘O) bet=”n˜A
15:16:18 INFO src.database.init_db: —\‘z•Û‘¶: prediction_id=13049 race_id=202605020212 model=™Â(’¼‘O) bet=ƒƒCƒh
15:16:18 INFO src.database.init_db: —\‘z•Û‘¶: prediction_id=13050 race_id=202605020212 model=™Â(’¼‘O) bet=O˜A•¡
15:16:18 INFO src.database.init_db: —\‘z•Û‘¶: prediction_id=13051 race_id=202605020212 model=™Â(’¼‘O) bet=O˜A•¡
15:16:18 INFO src.database.init_db: —\‘z•Û‘¶: prediction_id=13052 race_id=202605020212 model=™Â(’¼‘O) bet=O˜A•¡
15:16:18 INFO src.database.init_db: —\‘z•Û‘¶: prediction_id=13053 race_id=202605020212 model=Oracle(’¼‘O) bet=O˜A•¡
15:16:18 INFO src.database.init_db: —\‘z•Û‘¶: prediction_id=13054 race_id=202605020212 model=Oracle(’¼‘O) bet=O˜A’P
15:16:18 INFO src.database.init_db: —\‘z•Û‘¶: prediction_id=13055 race_id=202605020212 model=–{–½(’¼‘O) bet=”n•ªÍ
15:16:18 INFO __main__: JSON o—Í: C:\dev\horse-racing-ai\data\predictions\202605020212.json
15:16:19 INFO __main__: Discord ’¼‘O—\‘z’Ê’m ‘—MŠ®—¹: 202605020212 HTTP 204
15:16:19 INFO __main__: ’¼‘OƒpƒCƒvƒ‰ƒCƒ“Š®—¹: race_id=202605020212 –{–½5Œ ™Â7Œ
Traceback (most recent call last):
  File "<frozen runpy>", line 198, in _run_module_as_main
  File "<frozen runpy>", line 88, in _run_code
  File "C:\dev\horse-racing-ai\src\main_pipeline.py", line 1481, in <module>
    main()
    ~~~~^^
  File "C:\dev\horse-racing-ai\src\main_pipeline.py", line 1466, in main
    print(json.dumps(result, ensure_ascii=False, indent=2))
    ~~~~~^^^^^^^^^^^^^^^^^^^^^^^^^^^^^^^^^^^^^^^^^^^^^^^^^^
UnicodeEncodeError: 'cp932' codec can't encode character '\u9a38' in position 2783: illegal multibyte sequence
15:16:19 ERROR: [NG] R12 202605020212  [prerace] å¤±æ•— (rc=1)
15:16:19 INFO: [START] R12 202608030212  [prerace] ç›´å‰äºˆæƒ³é–‹å§‹ (æ¨å®šç™ºèµ° 15:30)
15:16:23 INFO __main__: ’¼‘OƒpƒCƒvƒ‰ƒCƒ“ŠJn: race_id=202608030212
15:16:23 INFO src.database.init_db: ƒ}ƒCƒOƒŒ[ƒVƒ‡ƒ“: v_race_mart ƒrƒ…[‚ğÄì¬‚µ‚Ü‚µ‚½
15:16:23 INFO src.database.init_db: DB ‰Šú‰»Š®—¹: C:\dev\horse-racing-ai\data\umalogi.db
15:16:23 WARNING __main__: [’x‰„Œx] 202608030212: ’÷Ø‚©‚ç +1 •ª
15:16:24 INFO __main__: Discord ‘—MŠ®—¹: HTTP 204
15:16:24 INFO __main__: DB ƒLƒƒƒbƒVƒ…: ƒIƒbƒY=0Œ ƒGƒ“ƒgƒŠ=14“ª (race_id=202608030212)
15:16:29 INFO src.scraper.entry_table: ƒIƒbƒYæ“¾ race_id=202608030212: 14 “ª
15:16:29 INFO src.database.init_db: ƒIƒbƒY•Û‘¶: race_id=202608030212, 14 “ª
15:16:29 INFO __main__: ƒIƒbƒYæ“¾ [netkeiba API]: 14 “ª•Û‘¶ (race_id=202608030212)
15:16:29 INFO src.ml.features: “Á’¥—Ê¶¬ race_id=202608030212: 14 “ª ~ 51 “Á’¥—Ê
15:16:29 WARNING __main__: \u26a0\ufe0f ”n‘ÌdŒ‡‘¹ 14/14“ª (100%) \u2014 NaN ‚Ì‚Ü‚Ü„˜_‚ğ‹­s‚µ‚Ü‚· (race_id ‚É‘Î‰)
15:16:29 INFO src.ml.models: ƒ‚ƒfƒ‹“Ç‚İ‚İ: C:\dev\horse-racing-ai\data\models\honmei_model.pkl
15:16:29 INFO src.ml.models: ƒ‚ƒfƒ‹“Ç‚İ‚İ: C:\dev\horse-racing-ai\data\models\manji_model.pkl
15:16:31 INFO src.ml.bet_generator: –{–½”ƒ‚¢–Ú¶¬: race_id=202608030212 5 Œ (ãˆÊ3“ª)
15:16:31 INFO src.ml.bet_generator: ™Â”ƒ‚¢–Ú¶¬: race_id=202608030212 7 Œ (Šm—¦ãˆÊ3“ª‘I‘ğ)
15:16:31 INFO src.ml.bet_generator: Oracle”ƒ‚¢–Ú¶¬: race_id=202608030212 O˜A•¡3“_ O˜A’P3“_
15:16:31 INFO src.database.init_db: —\‘z•Û‘¶: prediction_id=13056 race_id=202608030212 model=–{–½(’¼‘O) bet=’PŸ
15:16:31 INFO src.database.init_db: —\‘z•Û‘¶: prediction_id=13057 race_id=202608030212 model=–{–½(’¼‘O) bet=•¡Ÿ
15:16:31 INFO src.database.init_db: —\‘z•Û‘¶: prediction_id=13058 race_id=202608030212 model=–{–½(’¼‘O) bet=”n˜A
15:16:31 INFO src.database.init_db: —\‘z•Û‘¶: prediction_id=13059 race_id=202608030212 model=–{–½(’¼‘O) bet=ƒƒCƒh
15:16:31 INFO src.database.init_db: —\‘z•Û‘¶: prediction_id=13060 race_id=202608030212 model=–{–½(’¼‘O) bet=O˜A’P
15:16:31 INFO src.database.init_db: —\‘z•Û‘¶: prediction_id=13061 race_id=202608030212 model=™Â(’¼‘O) bet=’PŸ
15:16:31 INFO src.database.init_db: —\‘z•Û‘¶: prediction_id=13062 race_id=202608030212 model=™Â(’¼‘O) bet=•¡Ÿ
15:16:31 INFO src.database.init_db: —\‘z•Û‘¶: prediction_id=13063 race_id=202608030212 model=™Â(’¼‘O) bet=”n˜A
15:16:31 INFO src.database.init_db: —\‘z•Û‘¶: prediction_id=13064 race_id=202608030212 model=™Â(’¼‘O) bet=ƒƒCƒh
15:16:31 INFO src.database.init_db: —\‘z•Û‘¶: prediction_id=13065 race_id=202608030212 model=™Â(’¼‘O) bet=O˜A•¡
15:16:31 INFO src.database.init_db: —\‘z•Û‘¶: prediction_id=13066 race_id=202608030212 model=™Â(’¼‘O) bet=O˜A•¡
15:16:31 INFO src.database.init_db: —\‘z•Û‘¶: prediction_id=13067 race_id=202608030212 model=™Â(’¼‘O) bet=O˜A•¡
15:16:31 INFO src.database.init_db: —\‘z•Û‘¶: prediction_id=13068 race_id=202608030212 model=Oracle(’¼‘O) bet=O˜A•¡
15:16:31 INFO src.database.init_db: —\‘z•Û‘¶: prediction_id=13069 race_id=202608030212 model=Oracle(’¼‘O) bet=O˜A’P
15:16:31 INFO src.database.init_db: —\‘z•Û‘¶: prediction_id=13070 race_id=202608030212 model=–{–½(’¼‘O) bet=”n•ªÍ
15:16:31 INFO __main__: JSON o—Í: C:\dev\horse-racing-ai\data\predictions\202608030212.json
15:16:32 INFO __main__: Discord ’¼‘O—\‘z’Ê’m ‘—MŠ®—¹: 202608030212 HTTP 204
15:16:32 INFO __main__: ’¼‘OƒpƒCƒvƒ‰ƒCƒ“Š®—¹: race_id=202608030212 –{–½5Œ ™Â7Œ
Traceback (most recent call last):
  File "<frozen runpy>", line 198, in _run_module_as_main
  File "<frozen runpy>", line 88, in _run_code
  File "C:\dev\horse-racing-ai\src\main_pipeline.py", line 1481, in <module>
    main()
    ~~~~^^
  File "C:\dev\horse-racing-ai\src\main_pipeline.py", line 1466, in main
    print(json.dumps(result, ensure_ascii=False, indent=2))
    ~~~~~^^^^^^^^^^^^^^^^^^^^^^^^^^^^^^^^^^^^^^^^^^^^^^^^^^
UnicodeEncodeError: 'cp932' codec can't encode character '\u9a38' in position 747: illegal multibyte sequence
