2026-05-01 18:45:18,042 INFO マイグレーション: v_race_mart ビューを再作成しました
2026-05-01 18:45:18,367 INFO DB 初期化完了: C:\dev\horse-racing-ai\data\umalogi.db
2026-05-01 18:45:18,590 INFO   特徴量生成中... 0/5878
2026-05-01 18:45:18,610 INFO [SIMULATE] 特徴量生成 race_id=202105010811: 16 頭 × 52 特徴量 (リーク除外済み)
2026-05-01 18:45:18,636 INFO [SIMULATE] 特徴量生成 race_id=202107020611: 18 頭 × 52 特徴量 (リーク除外済み)
2026-05-01 18:45:18,651 INFO [SIMULATE] 特徴量生成 race_id=202109020411: 13 頭 × 52 特徴量 (リーク除外済み)
2026-05-01 18:45:18,665 INFO [SIMULATE] 特徴量生成 race_id=202109020611: 18 頭 × 52 特徴量 (リーク除外済み)
2026-05-01 18:45:18,674 INFO [SIMULATE] 特徴量生成 race_id=202106030711: 8 頭 × 52 特徴量 (リーク除外済み)
2026-05-01 18:45:18,706 INFO [SIMULATE] 特徴量生成 race_id=202106030811: 16 頭 × 52 特徴量 (リーク除外済み)
2026-05-01 18:45:18,717 INFO [SIMULATE] 特徴量生成 race_id=202109021211: 17 頭 × 52 特徴量 (リーク除外済み)
2026-05-01 18:45:18,728 INFO [SIMULATE] 特徴量生成 race_id=202105020611: 18 頭 × 52 特徴量 (リーク除外済み)
2026-05-01 18:45:18,743 INFO [SIMULATE] 特徴量生成 race_id=202105020811: 18 頭 × 52 特徴量 (リーク除外済み)
2026-05-01 18:45:18,759 INFO [SIMULATE] 特徴量生成 race_id=202105021011: 18 頭 × 52 特徴量 (リーク除外済み)
2026-05-01 18:45:18,773 INFO [SIMULATE] 特徴量生成 race_id=202105021211: 17 頭 × 52 特徴量 (リーク除外済み)
2026-05-01 18:45:18,786 INFO [SIMULATE] 特徴量生成 race_id=202105030211: 14 頭 × 52 特徴量 (リーク除外済み)
2026-05-01 18:45:18,800 INFO [SIMULATE] 特徴量生成 race_id=202109030411: 13 頭 × 52 特徴量 (リーク除外済み)
2026-05-01 18:45:18,813 INFO [SIMULATE] 特徴量生成 race_id=202106040911: 16 頭 × 52 特徴量 (リーク除外済み)
2026-05-01 18:45:18,824 INFO [SIMULATE] 特徴量生成 race_id=202109040411: 16 頭 × 52 特徴量 (リーク除外済み)
2026-05-01 18:45:18,835 INFO [SIMULATE] 特徴量生成 race_id=202109040611: 18 頭 × 52 特徴量 (リーク除外済み)
2026-05-01 18:45:18,847 INFO [SIMULATE] 特徴量生成 race_id=202105040811: 16 頭 × 52 特徴量 (リーク除外済み)
2026-05-01 18:45:18,859 INFO [SIMULATE] 特徴量生成 race_id=202109050411: 17 頭 × 52 特徴量 (リーク除外済み)
2026-05-01 18:45:18,874 INFO [SIMULATE] 特徴量生成 race_id=202109050611: 16 頭 × 52 特徴量 (リーク除外済み)
2026-05-01 18:45:18,889 INFO [SIMULATE] 特徴量生成 race_id=202105050812: 18 頭 × 52 特徴量 (リーク除外済み)
2026-05-01 18:45:18,899 INFO [SIMULATE] 特徴量生成 race_id=202107060211: 16 頭 × 52 特徴量 (リーク除外済み)
2026-05-01 18:45:18,912 INFO [SIMULATE] 特徴量生成 race_id=202109060411: 18 頭 × 52 特徴量 (リーク除外済み)
2026-05-01 18:45:18,930 INFO [SIMULATE] 特徴量生成 race_id=202109060611: 15 頭 × 52 特徴量 (リーク除外済み)
2026-05-01 18:45:18,941 INFO [SIMULATE] 特徴量生成 race_id=202106050710: 14 頭 × 52 特徴量 (リーク除外済み)
2026-05-01 18:45:18,956 INFO [SIMULATE] 特徴量生成 race_id=202106050811: 16 頭 × 52 特徴量 (リーク除外済み)
2026-05-01 18:45:18,967 INFO [SIMULATE] 特徴量生成 race_id=202106050911: 15 頭 × 52 特徴量 (リーク除外済み)
2026-05-01 18:45:18,978 INFO [SIMULATE] 特徴量生成 race_id=202205010811: 16 頭 × 52 特徴量 (リーク除外済み)
2026-05-01 18:45:18,994 INFO [SIMULATE] 特徴量生成 race_id=202207020611: 18 頭 × 52 特徴量 (リーク除外済み)
2026-05-01 18:45:19,013 INFO [SIMULATE] 特徴量生成 race_id=202209020411: 16 頭 × 52 特徴量 (リーク除外済み)
2026-05-01 18:45:19,029 INFO [SIMULATE] 特徴量生成 race_id=202209020611: 18 頭 × 52 特徴量 (リーク除外済み)
2026-05-01 18:45:19,039 INFO [SIMULATE] 特徴量生成 race_id=202206030711: 9 頭 × 52 特徴量 (リーク除外済み)
2026-05-01 18:45:19,063 INFO [SIMULATE] 特徴量生成 race_id=202206030811: 18 頭 × 52 特徴量 (リーク除外済み)
2026-05-01 18:45:19,075 INFO [SIMULATE] 特徴量生成 race_id=202209021211: 18 頭 × 52 特徴量 (リーク除外済み)
2026-05-01 18:45:19,098 INFO [SIMULATE] 特徴量生成 race_id=202205020611: 18 頭 × 52 特徴量 (リーク除外済み)
2026-05-01 18:45:19,117 INFO [SIMULATE] 特徴量生成 race_id=202205020811: 18 頭 × 52 特徴量 (リーク除外済み)
2026-05-01 18:45:19,129 INFO [SIMULATE] 特徴量生成 race_id=202205021011: 18 頭 × 52 特徴量 (リーク除外済み)
2026-05-01 18:45:19,144 INFO [SIMULATE] 特徴量生成 race_id=202205021211: 18 頭 × 52 特徴量 (リーク除外済み)
2026-05-01 18:45:19,159 INFO [SIMULATE] 特徴量生成 race_id=202205030211: 18 頭 × 52 特徴量 (リーク除外済み)
2026-05-01 18:45:19,177 INFO [SIMULATE] 特徴量生成 race_id=202209030411: 18 頭 × 52 特徴量 (リーク除外済み)
2026-05-01 18:45:19,193 INFO [SIMULATE] 特徴量生成 race_id=202206040911: 16 頭 × 52 特徴量 (リーク除外済み)
2026-05-01 18:45:19,205 INFO [SIMULATE] 特徴量生成 race_id=202209040511: 16 頭 × 52 特徴量 (リーク除外済み)
2026-05-01 18:45:19,218 INFO [SIMULATE] 特徴量生成 race_id=202209040711: 18 頭 × 52 特徴量 (リーク除外済み)
2026-05-01 18:45:19,229 INFO [SIMULATE] 特徴量生成 race_id=202205040911: 15 頭 × 52 特徴量 (リーク除外済み)
2026-05-01 18:45:19,241 INFO [SIMULATE] 特徴量生成 race_id=202209050611: 17 頭 × 52 特徴量 (リーク除外済み)
2026-05-01 18:45:19,254 INFO [SIMULATE] 特徴量生成 race_id=202205050812: 18 頭 × 52 特徴量 (リーク除外済み)
2026-05-01 18:45:19,268 INFO [SIMULATE] 特徴量生成 race_id=202207060211: 16 頭 × 52 特徴量 (リーク除外済み)
2026-05-01 18:45:19,322 INFO [SIMULATE] 特徴量生成 race_id=202209060411: 18 頭 × 52 特徴量 (リーク除外済み)
2026-05-01 18:45:19,333 INFO [SIMULATE] 特徴量生成 race_id=202209060611: 17 頭 × 52 特徴量 (リーク除外済み)
2026-05-01 18:45:19,343 INFO [SIMULATE] 特徴量生成 race_id=202206050710: 11 頭 × 52 特徴量 (リーク除外済み)
2026-05-01 18:45:19,357 INFO [SIMULATE] 特徴量生成 race_id=202206050811: 16 頭 × 52 特徴量 (リーク除外済み)
2026-05-01 18:45:19,373 INFO [SIMULATE] 特徴量生成 race_id=202206050911: 18 頭 × 52 特徴量 (リーク除外済み)
2026-05-01 18:45:19,385 INFO [SIMULATE] 特徴量生成 race_id=202305010811: 16 頭 × 52 特徴量 (リーク除外済み)
2026-05-01 18:45:19,397 INFO [SIMULATE] 特徴量生成 race_id=202307020611: 18 頭 × 52 特徴量 (リーク除外済み)
2026-05-01 18:45:19,409 INFO [SIMULATE] 特徴量生成 race_id=202309020411: 16 頭 × 52 特徴量 (リーク除外済み)
2026-05-01 18:45:19,421 INFO [SIMULATE] 特徴量生成 race_id=202309020611: 18 頭 × 52 特徴量 (リーク除外済み)
2026-05-01 18:45:19,430 INFO [SIMULATE] 特徴量生成 race_id=202306030711: 10 頭 × 52 特徴量 (リーク除外済み)
2026-05-01 18:45:19,441 INFO [SIMULATE] 特徴量生成 race_id=202306030811: 18 頭 × 52 特徴量 (リーク除外済み)
2026-05-01 18:45:19,452 INFO [SIMULATE] 特徴量生成 race_id=202308010411: 17 頭 × 52 特徴量 (リーク除外済み)
2026-05-01 18:45:19,467 INFO [SIMULATE] 特徴量生成 race_id=202305020611: 18 頭 × 52 特徴量 (リーク除外済み)
2026-05-01 18:45:19,483 INFO [SIMULATE] 特徴量生成 race_id=202305020811: 16 頭 × 52 特徴量 (リーク除外済み)
2026-05-01 18:45:19,493 INFO [SIMULATE] 特徴量生成 race_id=202305021011: 18 頭 × 52 特徴量 (リーク除外済み)
2026-05-01 18:45:19,505 INFO [SIMULATE] 特徴量生成 race_id=202305021211: 18 頭 × 52 特徴量 (リーク除外済み)
2026-05-01 18:45:19,521 INFO [SIMULATE] 特徴量生成 race_id=202305030211: 18 頭 × 52 特徴量 (リーク除外済み)
2026-05-01 18:45:19,533 INFO [SIMULATE] 特徴量生成 race_id=202309030811: 17 頭 × 52 特徴量 (リーク除外済み)
2026-05-01 18:45:19,545 INFO [SIMULATE] 特徴量生成 race_id=202306040911: 16 頭 × 52 特徴量 (リーク除外済み)
2026-05-01 18:45:19,557 INFO [SIMULATE] 特徴量生成 race_id=202308020511: 18 頭 × 52 特徴量 (リーク除外済み)
2026-05-01 18:45:19,567 INFO [SIMULATE] 特徴量生成 race_id=202308020711: 17 頭 × 52 特徴量 (リーク除外済み)
2026-05-01 18:45:19,580 INFO [SIMULATE] 特徴量生成 race_id=202305040911: 11 頭 × 52 特徴量 (リーク除外済み)
2026-05-01 18:45:19,608 INFO [SIMULATE] 特徴量生成 race_id=202308030411: 15 頭 × 52 特徴量 (リーク除外済み)
2026-05-01 18:45:19,625 INFO [SIMULATE] 特徴量生成 race_id=202308030611: 16 頭 × 52 特徴量 (リーク除外済み)
2026-05-01 18:45:19,643 INFO [SIMULATE] 特徴量生成 race_id=202305050812: 18 頭 × 52 特徴量 (リーク除外済み)
2026-05-01 18:45:19,656 INFO [SIMULATE] 特徴量生成 race_id=202307040211: 15 頭 × 52 特徴量 (リーク除外済み)
2026-05-01 18:45:19,674 INFO [SIMULATE] 特徴量生成 race_id=202309050411: 18 頭 × 52 特徴量 (リーク除外済み)
2026-05-01 18:45:19,685 INFO [SIMULATE] 特徴量生成 race_id=202309050611: 17 頭 × 52 特徴量 (リーク除外済み)
2026-05-01 18:45:19,695 INFO [SIMULATE] 特徴量生成 race_id=202306050710: 12 頭 × 52 特徴量 (リーク除外済み)
2026-05-01 18:45:19,708 INFO [SIMULATE] 特徴量生成 race_id=202306050811: 16 頭 × 52 特徴量 (リーク除外済み)
2026-05-01 18:45:19,726 INFO [SIMULATE] 特徴量生成 race_id=202306050911: 18 頭 × 52 特徴量 (リーク除外済み)
2026-05-01 18:45:19,743 INFO [SIMULATE] 特徴量生成 race_id=202406010101: 16 頭 × 52 特徴量 (リーク除外済み)
2026-05-01 18:45:19,763 INFO [SIMULATE] 特徴量生成 race_id=202406010102: 16 頭 × 52 特徴量 (リーク除外済み)
2026-05-01 18:45:19,778 INFO [SIMULATE] 特徴量生成 race_id=202406010103: 16 頭 × 52 特徴量 (リーク除外済み)
2026-05-01 18:45:19,789 INFO [SIMULATE] 特徴量生成 race_id=202406010104: 16 頭 × 52 特徴量 (リーク除外済み)
2026-05-01 18:45:19,813 INFO [SIMULATE] 特徴量生成 race_id=202406010105: 17 頭 × 52 特徴量 (リーク除外済み)
2026-05-01 18:45:19,823 INFO [SIMULATE] 特徴量生成 race_id=202406010106: 16 頭 × 52 特徴量 (リーク除外済み)
2026-05-01 18:45:19,842 INFO [SIMULATE] 特徴量生成 race_id=202406010107: 13 頭 × 52 特徴量 (リーク除外済み)
2026-05-01 18:45:19,854 INFO [SIMULATE] 特徴量生成 race_id=202406010108: 16 頭 × 52 特徴量 (リーク除外済み)
2026-05-01 18:45:19,865 INFO [SIMULATE] 特徴量生成 race_id=202406010109: 8 頭 × 52 特徴量 (リーク除外済み)
2026-05-01 18:45:19,879 INFO [SIMULATE] 特徴量生成 race_id=202406010110: 10 頭 × 52 特徴量 (リーク除外済み)
2026-05-01 18:45:19,894 INFO [SIMULATE] 特徴量生成 race_id=202406010111: 17 頭 × 52 特徴量 (リーク除外済み)
2026-05-01 18:45:19,911 INFO [SIMULATE] 特徴量生成 race_id=202406010112: 16 頭 × 52 特徴量 (リーク除外済み)
2026-05-01 18:45:19,923 INFO [SIMULATE] 特徴量生成 race_id=202408010101: 16 頭 × 52 特徴量 (リーク除外済み)
2026-05-01 18:45:19,936 INFO [SIMULATE] 特徴量生成 race_id=202408010102: 16 頭 × 52 特徴量 (リーク除外済み)
2026-05-01 18:45:19,948 INFO [SIMULATE] 特徴量生成 race_id=202408010103: 16 頭 × 52 特徴量 (リーク除外済み)
2026-05-01 18:45:19,965 INFO [SIMULATE] 特徴量生成 race_id=202408010104: 16 頭 × 52 特徴量 (リーク除外済み)
2026-05-01 18:45:19,980 INFO [SIMULATE] 特徴量生成 race_id=202408010105: 18 頭 × 52 特徴量 (リーク除外済み)
2026-05-01 18:45:19,991 INFO [SIMULATE] 特徴量生成 race_id=202408010106: 10 頭 × 52 特徴量 (リーク除外済み)
2026-05-01 18:45:20,004 INFO [SIMULATE] 特徴量生成 race_id=202408010107: 11 頭 × 52 特徴量 (リーク除外済み)
2026-05-01 18:45:20,032 INFO [SIMULATE] 特徴量生成 race_id=202408010108: 16 頭 × 52 特徴量 (リーク除外済み)
2026-05-01 18:45:20,042 INFO [SIMULATE] 特徴量生成 race_id=202408010109: 12 頭 × 52 特徴量 (リーク除外済み)
2026-05-01 18:45:20,057 INFO [SIMULATE] 特徴量生成 race_id=202408010110: 13 頭 × 52 特徴量 (リーク除外済み)
2026-05-01 18:45:20,067 INFO [SIMULATE] 特徴量生成 race_id=202408010111: 18 頭 × 52 特徴量 (リーク除外済み)
2026-05-01 18:45:20,078 INFO [SIMULATE] 特徴量生成 race_id=202408010112: 17 頭 × 52 特徴量 (リーク除外済み)
2026-05-01 18:45:20,088 INFO [SIMULATE] 特徴量生成 race_id=202406010201: 16 頭 × 52 特徴量 (リーク除外済み)
2026-05-01 18:45:20,098 INFO [SIMULATE] 特徴量生成 race_id=202406010202: 16 頭 × 52 特徴量 (リーク除外済み)
2026-05-01 18:45:20,110 INFO [SIMULATE] 特徴量生成 race_id=202406010203: 16 頭 × 52 特徴量 (リーク除外済み)
2026-05-01 18:45:20,123 INFO [SIMULATE] 特徴量生成 race_id=202406010204: 14 頭 × 52 特徴量 (リーク除外済み)
2026-05-01 18:45:20,137 INFO [SIMULATE] 特徴量生成 race_id=202406010205: 16 頭 × 52 特徴量 (リーク除外済み)
2026-05-01 18:45:20,148 INFO [SIMULATE] 特徴量生成 race_id=202406010206: 17 頭 × 52 特徴量 (リーク除外済み)
2026-05-01 18:45:20,161 INFO [SIMULATE] 特徴量生成 race_id=202406010207: 13 頭 × 52 特徴量 (リーク除外済み)
2026-05-01 18:45:20,174 INFO [SIMULATE] 特徴量生成 race_id=202406010208: 16 頭 × 52 特徴量 (リーク除外済み)
2026-05-01 18:45:20,189 INFO [SIMULATE] 特徴量生成 race_id=202406010209: 17 頭 × 52 特徴量 (リーク除外済み)
2026-05-01 18:45:20,201 INFO [SIMULATE] 特徴量生成 race_id=202406010210: 16 頭 × 52 特徴量 (リーク除外済み)
2026-05-01 18:45:20,212 INFO [SIMULATE] 特徴量生成 race_id=202406010211: 14 頭 × 52 特徴量 (リーク除外済み)
2026-05-01 18:45:20,225 INFO [SIMULATE] 特徴量生成 race_id=202406010212: 16 頭 × 52 特徴量 (リーク除外済み)
2026-05-01 18:45:20,246 INFO [SIMULATE] 特徴量生成 race_id=202408010201: 16 頭 × 52 特徴量 (リーク除外済み)
2026-05-01 18:45:20,263 INFO [SIMULATE] 特徴量生成 race_id=202408010202: 15 頭 × 52 特徴量 (リーク除外済み)
2026-05-01 18:45:20,287 INFO [SIMULATE] 特徴量生成 race_id=202408010203: 16 頭 × 52 特徴量 (リーク除外済み)
2026-05-01 18:45:20,301 INFO [SIMULATE] 特徴量生成 race_id=202408010204: 16 頭 × 52 特徴量 (リーク除外済み)
2026-05-01 18:45:20,316 INFO [SIMULATE] 特徴量生成 race_id=202408010205: 18 頭 × 52 特徴量 (リーク除外済み)
2026-05-01 18:45:20,336 INFO [SIMULATE] 特徴量生成 race_id=202408010206: 9 頭 × 52 特徴量 (リーク除外済み)
2026-05-01 18:45:20,353 INFO [SIMULATE] 特徴量生成 race_id=202408010207: 13 頭 × 52 特徴量 (リーク除外済み)
2026-05-01 18:45:20,369 INFO [SIMULATE] 特徴量生成 race_id=202408010208: 16 頭 × 52 特徴量 (リーク除外済み)
2026-05-01 18:45:20,380 INFO [SIMULATE] 特徴量生成 race_id=202408010209: 12 頭 × 52 特徴量 (リーク除外済み)
2026-05-01 18:45:20,393 INFO [SIMULATE] 特徴量生成 race_id=202408010210: 13 頭 × 52 特徴量 (リーク除外済み)
2026-05-01 18:45:20,404 INFO [SIMULATE] 特徴量生成 race_id=202408010211: 15 頭 × 52 特徴量 (リーク除外済み)
2026-05-01 18:45:20,414 INFO [SIMULATE] 特徴量生成 race_id=202408010212: 12 頭 × 52 特徴量 (リーク除外済み)
2026-05-01 18:45:20,425 INFO [SIMULATE] 特徴量生成 race_id=202406010401: 16 頭 × 52 特徴量 (リーク除外済み)
2026-05-01 18:45:20,438 INFO [SIMULATE] 特徴量生成 race_id=202406010402: 16 頭 × 52 特徴量 (リーク除外済み)
2026-05-01 18:45:20,452 INFO [SIMULATE] 特徴量生成 race_id=202406010403: 16 頭 × 52 特徴量 (リーク除外済み)
2026-05-01 18:45:20,467 INFO [SIMULATE] 特徴量生成 race_id=202406010404: 16 頭 × 52 特徴量 (リーク除外済み)
2026-05-01 18:45:20,477 INFO [SIMULATE] 特徴量生成 race_id=202406010405: 16 頭 × 52 特徴量 (リーク除外済み)
2026-05-01 18:45:20,490 INFO [SIMULATE] 特徴量生成 race_id=202406010406: 17 頭 × 52 特徴量 (リーク除外済み)
2026-05-01 18:45:20,502 INFO [SIMULATE] 特徴量生成 race_id=202406010407: 16 頭 × 52 特徴量 (リーク除外済み)
2026-05-01 18:45:20,516 INFO [SIMULATE] 特徴量生成 race_id=202406010408: 12 頭 × 52 特徴量 (リーク除外済み)
2026-05-01 18:45:20,526 INFO [SIMULATE] 特徴量生成 race_id=202406010409: 12 頭 × 52 特徴量 (リーク除外済み)
2026-05-01 18:45:20,538 INFO [SIMULATE] 特徴量生成 race_id=202406010410: 16 頭 × 52 特徴量 (リーク除外済み)
2026-05-01 18:45:20,552 INFO [SIMULATE] 特徴量生成 race_id=202406010411: 16 頭 × 52 特徴量 (リーク除外済み)
2026-05-01 18:45:20,567 INFO [SIMULATE] 特徴量生成 race_id=202406010412: 15 頭 × 52 特徴量 (リーク除外済み)
2026-05-01 18:45:20,582 INFO [SIMULATE] 特徴量生成 race_id=202408010401: 16 頭 × 52 特徴量 (リーク除外済み)
2026-05-01 18:45:20,597 INFO [SIMULATE] 特徴量生成 race_id=202408010402: 14 頭 × 52 特徴量 (リーク除外済み)
2026-05-01 18:45:20,612 INFO [SIMULATE] 特徴量生成 race_id=202408010403: 14 頭 × 52 特徴量 (リーク除外済み)
2026-05-01 18:45:20,625 INFO [SIMULATE] 特徴量生成 race_id=202408010404: 16 頭 × 52 特徴量 (リーク除外済み)
2026-05-01 18:45:20,640 INFO [SIMULATE] 特徴量生成 race_id=202408010405: 18 頭 × 52 特徴量 (リーク除外済み)
2026-05-01 18:45:20,652 INFO [SIMULATE] 特徴量生成 race_id=202408010406: 13 頭 × 52 特徴量 (リーク除外済み)
2026-05-01 18:45:20,671 INFO [SIMULATE] 特徴量生成 race_id=202408010407: 15 頭 × 52 特徴量 (リーク除外済み)
2026-05-01 18:45:20,683 INFO [SIMULATE] 特徴量生成 race_id=202408010408: 16 頭 × 52 特徴量 (リーク除外済み)
2026-05-01 18:45:20,693 INFO [SIMULATE] 特徴量生成 race_id=202408010409: 10 頭 × 52 特徴量 (リーク除外済み)
2026-05-01 18:45:20,705 INFO [SIMULATE] 特徴量生成 race_id=202408010410: 9 頭 × 52 特徴量 (リーク除外済み)
2026-05-01 18:45:20,720 INFO [SIMULATE] 特徴量生成 race_id=202408010411: 17 頭 × 52 特徴量 (リーク除外済み)
2026-05-01 18:45:20,737 INFO [SIMULATE] 特徴量生成 race_id=202408010412: 18 頭 × 52 特徴量 (リーク除外済み)
2026-05-01 18:45:20,752 INFO [SIMULATE] 特徴量生成 race_id=202410010101: 14 頭 × 52 特徴量 (リーク除外済み)
2026-05-01 18:45:20,762 INFO [SIMULATE] 特徴量生成 race_id=202410010102: 12 頭 × 52 特徴量 (リーク除外済み)
2026-05-01 18:45:20,773 INFO [SIMULATE] 特徴量生成 race_id=202410010103: 12 頭 × 52 特徴量 (リーク除外済み)
2026-05-01 18:45:20,785 INFO [SIMULATE] 特徴量生成 race_id=202410010104: 12 頭 × 52 特徴量 (リーク除外済み)
2026-05-01 18:45:20,797 INFO [SIMULATE] 特徴量生成 race_id=202410010105: 12 頭 × 52 特徴量 (リーク除外済み)
2026-05-01 18:45:20,812 INFO [SIMULATE] 特徴量生成 race_id=202410010106: 16 頭 × 52 特徴量 (リーク除外済み)
2026-05-01 18:45:20,827 INFO [SIMULATE] 特徴量生成 race_id=202410010107: 16 頭 × 52 特徴量 (リーク除外済み)
2026-05-01 18:45:20,842 INFO [SIMULATE] 特徴量生成 race_id=202410010108: 16 頭 × 52 特徴量 (リーク除外済み)
2026-05-01 18:45:20,855 INFO [SIMULATE] 特徴量生成 race_id=202410010109: 16 頭 × 52 特徴量 (リーク除外済み)
2026-05-01 18:45:20,866 INFO [SIMULATE] 特徴量生成 race_id=202410010110: 11 頭 × 52 特徴量 (リーク除外済み)
2026-05-01 18:45:20,878 INFO [SIMULATE] 特徴量生成 race_id=202410010111: 14 頭 × 52 特徴量 (リーク除外済み)
2026-05-01 18:45:20,891 INFO [SIMULATE] 特徴量生成 race_id=202410010112: 18 頭 × 52 特徴量 (リーク除外済み)
2026-05-01 18:45:20,902 INFO [SIMULATE] 特徴量生成 race_id=202406010501: 16 頭 × 52 特徴量 (リーク除外済み)
2026-05-01 18:45:20,913 INFO [SIMULATE] 特徴量生成 race_id=202406010502: 16 頭 × 52 特徴量 (リーク除外済み)
2026-05-01 18:45:20,923 INFO [SIMULATE] 特徴量生成 race_id=202406010503: 16 頭 × 52 特徴量 (リーク除外済み)
2026-05-01 18:45:20,935 INFO [SIMULATE] 特徴量生成 race_id=202406010504: 16 頭 × 52 特徴量 (リーク除外済み)
2026-05-01 18:45:20,946 INFO [SIMULATE] 特徴量生成 race_id=202406010505: 16 頭 × 52 特徴量 (リーク除外済み)
2026-05-01 18:45:20,957 INFO [SIMULATE] 特徴量生成 race_id=202406010506: 16 頭 × 52 特徴量 (リーク除外済み)
2026-05-01 18:45:20,974 INFO [SIMULATE] 特徴量生成 race_id=202406010507: 15 頭 × 52 特徴量 (リーク除外済み)
2026-05-01 18:45:20,985 INFO [SIMULATE] 特徴量生成 race_id=202406010508: 16 頭 × 52 特徴量 (リーク除外済み)
2026-05-01 18:45:20,997 INFO [SIMULATE] 特徴量生成 race_id=202406010509: 14 頭 × 52 特徴量 (リーク除外済み)
2026-05-01 18:45:21,012 INFO [SIMULATE] 特徴量生成 race_id=202406010510: 14 頭 × 52 特徴量 (リーク除外済み)
2026-05-01 18:45:21,026 INFO [SIMULATE] 特徴量生成 race_id=202406010511: 15 頭 × 52 特徴量 (リーク除外済み)
2026-05-01 18:45:21,040 INFO [SIMULATE] 特徴量生成 race_id=202406010512: 16 頭 × 52 特徴量 (リーク除外済み)
2026-05-01 18:45:21,052 INFO [SIMULATE] 特徴量生成 race_id=202408010501: 12 頭 × 52 特徴量 (リーク除外済み)
2026-05-01 18:45:21,070 INFO [SIMULATE] 特徴量生成 race_id=202408010502: 13 頭 × 52 特徴量 (リーク除外済み)
2026-05-01 18:45:21,081 INFO [SIMULATE] 特徴量生成 race_id=202408010503: 16 頭 × 52 特徴量 (リーク除外済み)
2026-05-01 18:45:21,093 INFO [SIMULATE] 特徴量生成 race_id=202408010504: 11 頭 × 52 特徴量 (リーク除外済み)
2026-05-01 18:45:21,105 INFO [SIMULATE] 特徴量生成 race_id=202408010505: 18 頭 × 52 特徴量 (リーク除外済み)
2026-05-01 18:45:21,119 INFO [SIMULATE] 特徴量生成 race_id=202408010506: 18 頭 × 52 特徴量 (リーク除外済み)
2026-05-01 18:45:21,129 INFO [SIMULATE] 特徴量生成 race_id=202408010507: 15 頭 × 52 特徴量 (リーク除外済み)
2026-05-01 18:45:21,141 INFO [SIMULATE] 特徴量生成 race_id=202408010508: 13 頭 × 52 特徴量 (リーク除外済み)
2026-05-01 18:45:21,155 INFO [SIMULATE] 特徴量生成 race_id=202408010509: 11 頭 × 52 特徴量 (リーク除外済み)
2026-05-01 18:45:21,172 INFO [SIMULATE] 特徴量生成 race_id=202408010510: 13 頭 × 52 特徴量 (リーク除外済み)
2026-05-01 18:45:21,184 INFO [SIMULATE] 特徴量生成 race_id=202408010511: 14 頭 × 52 特徴量 (リーク除外済み)
2026-05-01 18:45:21,199 INFO [SIMULATE] 特徴量生成 race_id=202408010512: 10 頭 × 52 特徴量 (リーク除外済み)
2026-05-01 18:45:21,213 INFO [SIMULATE] 特徴量生成 race_id=202410010201: 12 頭 × 52 特徴量 (リーク除外済み)
2026-05-01 18:45:21,224 INFO [SIMULATE] 特徴量生成 race_id=202410010202: 18 頭 × 52 特徴量 (リーク除外済み)
2026-05-01 18:45:21,234 INFO [SIMULATE] 特徴量生成 race_id=202410010203: 14 頭 × 52 特徴量 (リーク除外済み)
2026-05-01 18:45:21,246 INFO [SIMULATE] 特徴量生成 race_id=202410010204: 12 頭 × 52 特徴量 (リーク除外済み)
2026-05-01 18:45:21,260 INFO [SIMULATE] 特徴量生成 race_id=202410010205: 14 頭 × 52 特徴量 (リーク除外済み)
2026-05-01 18:45:21,270 INFO [SIMULATE] 特徴量生成 race_id=202410010206: 18 頭 × 52 特徴量 (リーク除外済み)
2026-05-01 18:45:21,283 INFO [SIMULATE] 特徴量生成 race_id=202410010207: 16 頭 × 52 特徴量 (リーク除外済み)
2026-05-01 18:45:21,294 INFO [SIMULATE] 特徴量生成 race_id=202410010208: 12 頭 × 52 特徴量 (リーク除外済み)
2026-05-01 18:45:21,309 INFO [SIMULATE] 特徴量生成 race_id=202410010209: 13 頭 × 52 特徴量 (リーク除外済み)
2026-05-01 18:45:21,327 INFO [SIMULATE] 特徴量生成 race_id=202410010210: 14 頭 × 52 特徴量 (リーク除外済み)
2026-05-01 18:45:21,340 INFO [SIMULATE] 特徴量生成 race_id=202410010211: 16 頭 × 52 特徴量 (リーク除外済み)
2026-05-01 18:45:21,354 INFO [SIMULATE] 特徴量生成 race_id=202410010212: 17 頭 × 52 特徴量 (リーク除外済み)
2026-05-01 18:45:21,364 INFO [SIMULATE] 特徴量生成 race_id=202406010601: 16 頭 × 52 特徴量 (リーク除外済み)
2026-05-01 18:45:21,374 INFO [SIMULATE] 特徴量生成 race_id=202406010602: 16 頭 × 52 特徴量 (リーク除外済み)
2026-05-01 18:45:21,384 INFO [SIMULATE] 特徴量生成 race_id=202406010603: 16 頭 × 52 特徴量 (リーク除外済み)
2026-05-01 18:45:21,395 INFO [SIMULATE] 特徴量生成 race_id=202406010604: 16 頭 × 52 特徴量 (リーク除外済み)
2026-05-01 18:45:21,406 INFO [SIMULATE] 特徴量生成 race_id=202406010605: 16 頭 × 52 特徴量 (リーク除外済み)
2026-05-01 18:45:21,420 INFO [SIMULATE] 特徴量生成 race_id=202406010606: 17 頭 × 52 特徴量 (リーク除外済み)
2026-05-01 18:45:21,431 INFO [SIMULATE] 特徴量生成 race_id=202406010607: 10 頭 × 52 特徴量 (リーク除外済み)
2026-05-01 18:45:21,442 INFO [SIMULATE] 特徴量生成 race_id=202406010608: 15 頭 × 52 特徴量 (リーク除外済み)
2026-05-01 18:45:21,456 INFO [SIMULATE] 特徴量生成 race_id=202406010609: 16 頭 × 52 特徴量 (リーク除外済み)
2026-05-01 18:45:21,477 INFO [SIMULATE] 特徴量生成 race_id=202406010610: 10 頭 × 52 特徴量 (リーク除外済み)
2026-05-01 18:45:21,488 INFO [SIMULATE] 特徴量生成 race_id=202406010611: 11 頭 × 52 特徴量 (リーク除外済み)
2026-05-01 18:45:21,500 INFO [SIMULATE] 特徴量生成 race_id=202406010612: 17 頭 × 52 特徴量 (リーク除外済み)
2026-05-01 18:45:21,511 INFO [SIMULATE] 特徴量生成 race_id=202408010601: 14 頭 × 52 特徴量 (リーク除外済み)
2026-05-01 18:45:21,525 INFO [SIMULATE] 特徴量生成 race_id=202408010602: 12 頭 × 52 特徴量 (リーク除外済み)
2026-05-01 18:45:21,541 INFO [SIMULATE] 特徴量生成 race_id=202408010603: 16 頭 × 52 特徴量 (リーク除外済み)
2026-05-01 18:45:21,550 INFO [SIMULATE] 特徴量生成 race_id=202408010604: 7 頭 × 52 特徴量 (リーク除外済み)
2026-05-01 18:45:21,561 INFO [SIMULATE] 特徴量生成 race_id=202408010605: 13 頭 × 52 特徴量 (リーク除外済み)
2026-05-01 18:45:21,570 INFO [SIMULATE] 特徴量生成 race_id=202408010606: 10 頭 × 52 特徴量 (リーク除外済み)
2026-05-01 18:45:21,581 INFO [SIMULATE] 特徴量生成 race_id=202408010607: 10 頭 × 52 特徴量 (リーク除外済み)
2026-05-01 18:45:21,592 INFO [SIMULATE] 特徴量生成 race_id=202408010608: 13 頭 × 52 特徴量 (リーク除外済み)
2026-05-01 18:45:21,606 INFO [SIMULATE] 特徴量生成 race_id=202408010609: 8 頭 × 52 特徴量 (リーク除外済み)
2026-05-01 18:45:21,616 INFO [SIMULATE] 特徴量生成 race_id=202408010610: 11 頭 × 52 特徴量 (リーク除外済み)
2026-05-01 18:45:21,630 INFO [SIMULATE] 特徴量生成 race_id=202408010611: 16 頭 × 52 特徴量 (リーク除外済み)
2026-05-01 18:45:21,645 INFO [SIMULATE] 特徴量生成 race_id=202408010612: 12 頭 × 52 特徴量 (リーク除外済み)
2026-05-01 18:45:21,658 INFO [SIMULATE] 特徴量生成 race_id=202410010301: 13 頭 × 52 特徴量 (リーク除外済み)
2026-05-01 18:45:21,669 INFO [SIMULATE] 特徴量生成 race_id=202410010302: 16 頭 × 52 特徴量 (リーク除外済み)
2026-05-01 18:45:21,680 INFO [SIMULATE] 特徴量生成 race_id=202410010303: 13 頭 × 52 特徴量 (リーク除外済み)
2026-05-01 18:45:21,695 INFO [SIMULATE] 特徴量生成 race_id=202410010304: 12 頭 × 52 特徴量 (リーク除外済み)
2026-05-01 18:45:21,709 INFO [SIMULATE] 特徴量生成 race_id=202410010305: 12 頭 × 52 特徴量 (リーク除外済み)
2026-05-01 18:45:21,722 INFO [SIMULATE] 特徴量生成 race_id=202410010306: 11 頭 × 52 特徴量 (リーク除外済み)
2026-05-01 18:45:21,735 INFO [SIMULATE] 特徴量生成 race_id=202410010307: 15 頭 × 52 特徴量 (リーク除外済み)
2026-05-01 18:45:21,748 INFO [SIMULATE] 特徴量生成 race_id=202410010308: 13 頭 × 52 特徴量 (リーク除外済み)
2026-05-01 18:45:21,759 INFO [SIMULATE] 特徴量生成 race_id=202410010309: 7 頭 × 52 特徴量 (リーク除外済み)
2026-05-01 18:45:21,773 INFO [SIMULATE] 特徴量生成 race_id=202410010310: 17 頭 × 52 特徴量 (リーク除外済み)
2026-05-01 18:45:21,786 INFO [SIMULATE] 特徴量生成 race_id=202410010311: 13 頭 × 52 特徴量 (リーク除外済み)
2026-05-01 18:45:21,800 INFO [SIMULATE] 特徴量生成 race_id=202410010312: 17 頭 × 52 特徴量 (リーク除外済み)
2026-05-01 18:45:21,813 INFO [SIMULATE] 特徴量生成 race_id=202406010701: 16 頭 × 52 特徴量 (リーク除外済み)
2026-05-01 18:45:21,829 INFO [SIMULATE] 特徴量生成 race_id=202406010702: 15 頭 × 52 特徴量 (リーク除外済み)
2026-05-01 18:45:21,840 INFO [SIMULATE] 特徴量生成 race_id=202406010703: 16 頭 × 52 特徴量 (リーク除外済み)
2026-05-01 18:45:21,851 INFO [SIMULATE] 特徴量生成 race_id=202406010704: 16 頭 × 52 特徴量 (リーク除外済み)
2026-05-01 18:45:21,862 INFO [SIMULATE] 特徴量生成 race_id=202406010705: 17 頭 × 52 特徴量 (リーク除外済み)
2026-05-01 18:45:21,873 INFO [SIMULATE] 特徴量生成 race_id=202406010706: 17 頭 × 52 特徴量 (リーク除外済み)
2026-05-01 18:45:21,884 INFO [SIMULATE] 特徴量生成 race_id=202406010707: 14 頭 × 52 特徴量 (リーク除外済み)
2026-05-01 18:45:21,896 INFO [SIMULATE] 特徴量生成 race_id=202406010708: 15 頭 × 52 特徴量 (リーク除外済み)
2026-05-01 18:45:21,908 INFO [SIMULATE] 特徴量生成 race_id=202406010709: 11 頭 × 52 特徴量 (リーク除外済み)
2026-05-01 18:45:21,923 INFO [SIMULATE] 特徴量生成 race_id=202406010710: 16 頭 × 52 特徴量 (リーク除外済み)
2026-05-01 18:45:21,934 INFO [SIMULATE] 特徴量生成 race_id=202406010711: 12 頭 × 52 特徴量 (リーク除外済み)
2026-05-01 18:45:21,947 INFO [SIMULATE] 特徴量生成 race_id=202406010712: 12 頭 × 52 特徴量 (リーク除外済み)
2026-05-01 18:45:21,958 INFO [SIMULATE] 特徴量生成 race_id=202408010701: 10 頭 × 52 特徴量 (リーク除外済み)
2026-05-01 18:45:21,977 INFO [SIMULATE] 特徴量生成 race_id=202408010702: 16 頭 × 52 特徴量 (リーク除外済み)
2026-05-01 18:45:21,988 INFO [SIMULATE] 特徴量生成 race_id=202408010703: 12 頭 × 52 特徴量 (リーク除外済み)
2026-05-01 18:45:21,998 INFO [SIMULATE] 特徴量生成 race_id=202408010704: 8 頭 × 52 特徴量 (リーク除外済み)
2026-05-01 18:45:22,014 INFO [SIMULATE] 特徴量生成 race_id=202408010705: 17 頭 × 52 特徴量 (リーク除外済み)
2026-05-01 18:45:22,023 INFO [SIMULATE] 特徴量生成 race_id=202408010706: 6 頭 × 52 特徴量 (リーク除外済み)
2026-05-01 18:45:22,034 INFO [SIMULATE] 特徴量生成 race_id=202408010707: 17 頭 × 52 特徴量 (リーク除外済み)
2026-05-01 18:45:22,046 INFO [SIMULATE] 特徴量生成 race_id=202408010708: 16 頭 × 52 特徴量 (リーク除外済み)
2026-05-01 18:45:22,057 INFO [SIMULATE] 特徴量生成 race_id=202408010709: 10 頭 × 52 特徴量 (リーク除外済み)
2026-05-01 18:45:22,068 INFO [SIMULATE] 特徴量生成 race_id=202408010710: 16 頭 × 52 特徴量 (リーク除外済み)
2026-05-01 18:45:22,080 INFO [SIMULATE] 特徴量生成 race_id=202408010711: 16 頭 × 52 特徴量 (リーク除外済み)
2026-05-01 18:45:22,098 INFO [SIMULATE] 特徴量生成 race_id=202408010712: 11 頭 × 52 特徴量 (リーク除外済み)
2026-05-01 18:45:22,109 INFO [SIMULATE] 特徴量生成 race_id=202410010401: 16 頭 × 52 特徴量 (リーク除外済み)
2026-05-01 18:45:22,120 INFO [SIMULATE] 特徴量生成 race_id=202410010402: 14 頭 × 52 特徴量 (リーク除外済み)
2026-05-01 18:45:22,133 INFO [SIMULATE] 特徴量生成 race_id=202410010403: 14 頭 × 52 特徴量 (リーク除外済み)
2026-05-01 18:45:22,144 INFO [SIMULATE] 特徴量生成 race_id=202410010404: 12 頭 × 52 特徴量 (リーク除外済み)
2026-05-01 18:45:22,157 INFO [SIMULATE] 特徴量生成 race_id=202410010405: 18 頭 × 52 特徴量 (リーク除外済み)
2026-05-01 18:45:22,169 INFO [SIMULATE] 特徴量生成 race_id=202410010406: 11 頭 × 52 特徴量 (リーク除外済み)
2026-05-01 18:45:22,181 INFO [SIMULATE] 特徴量生成 race_id=202410010407: 18 頭 × 52 特徴量 (リーク除外済み)
2026-05-01 18:45:22,193 INFO [SIMULATE] 特徴量生成 race_id=202410010408: 16 頭 × 52 特徴量 (リーク除外済み)
2026-05-01 18:45:22,209 INFO [SIMULATE] 特徴量生成 race_id=202410010409: 15 頭 × 52 特徴量 (リーク除外済み)
2026-05-01 18:45:22,227 INFO [SIMULATE] 特徴量生成 race_id=202410010410: 12 頭 × 52 特徴量 (リーク除外済み)
2026-05-01 18:45:22,243 INFO [SIMULATE] 特徴量生成 race_id=202410010411: 16 頭 × 52 特徴量 (リーク除外済み)
2026-05-01 18:45:22,261 INFO [SIMULATE] 特徴量生成 race_id=202410010412: 15 頭 × 52 特徴量 (リーク除外済み)
2026-05-01 18:45:22,275 INFO [SIMULATE] 特徴量生成 race_id=202405010101: 16 頭 × 52 特徴量 (リーク除外済み)
2026-05-01 18:45:22,292 INFO [SIMULATE] 特徴量生成 race_id=202405010102: 15 頭 × 52 特徴量 (リーク除外済み)
2026-05-01 18:45:22,314 INFO [SIMULATE] 特徴量生成 race_id=202405010103: 14 頭 × 52 特徴量 (リーク除外済み)
2026-05-01 18:45:22,328 INFO [SIMULATE] 特徴量生成 race_id=202405010104: 14 頭 × 52 特徴量 (リーク除外済み)
2026-05-01 18:45:22,339 INFO [SIMULATE] 特徴量生成 race_id=202405010105: 16 頭 × 52 特徴量 (リーク除外済み)
2026-05-01 18:45:22,349 INFO [SIMULATE] 特徴量生成 race_id=202405010106: 12 頭 × 52 特徴量 (リーク除外済み)
2026-05-01 18:45:22,362 INFO [SIMULATE] 特徴量生成 race_id=202405010107: 16 頭 × 52 特徴量 (リーク除外済み)
2026-05-01 18:45:22,374 INFO [SIMULATE] 特徴量生成 race_id=202405010108: 16 頭 × 52 特徴量 (リーク除外済み)
2026-05-01 18:45:22,391 INFO [SIMULATE] 特徴量生成 race_id=202405010109: 16 頭 × 52 特徴量 (リーク除外済み)
2026-05-01 18:45:22,407 INFO [SIMULATE] 特徴量生成 race_id=202405010110: 10 頭 × 52 特徴量 (リーク除外済み)
2026-05-01 18:45:22,420 INFO [SIMULATE] 特徴量生成 race_id=202405010111: 12 頭 × 52 特徴量 (リーク除外済み)
2026-05-01 18:45:22,431 INFO [SIMULATE] 特徴量生成 race_id=202405010112: 16 頭 × 52 特徴量 (リーク除外済み)
2026-05-01 18:45:22,443 INFO [SIMULATE] 特徴量生成 race_id=202408020101: 9 頭 × 52 特徴量 (リーク除外済み)
2026-05-01 18:45:22,458 INFO [SIMULATE] 特徴量生成 race_id=202408020102: 9 頭 × 52 特徴量 (リーク除外済み)
2026-05-01 18:45:22,493 INFO [SIMULATE] 特徴量生成 race_id=202408020103: 15 頭 × 52 特徴量 (リーク除外済み)
2026-05-01 18:45:22,514 INFO [SIMULATE] 特徴量生成 race_id=202408020104: 16 頭 × 52 特徴量 (リーク除外済み)
2026-05-01 18:45:22,532 INFO [SIMULATE] 特徴量生成 race_id=202408020105: 9 頭 × 52 特徴量 (リーク除外済み)
2026-05-01 18:45:22,545 INFO [SIMULATE] 特徴量生成 race_id=202408020106: 7 頭 × 52 特徴量 (リーク除外済み)
2026-05-01 18:45:22,560 INFO [SIMULATE] 特徴量生成 race_id=202408020107: 9 頭 × 52 特徴量 (リーク除外済み)
2026-05-01 18:45:22,574 INFO [SIMULATE] 特徴量生成 race_id=202408020108: 7 頭 × 52 特徴量 (リーク除外済み)
2026-05-01 18:45:22,605 INFO [SIMULATE] 特徴量生成 race_id=202408020109: 16 頭 × 52 特徴量 (リーク除外済み)
2026-05-01 18:45:22,620 INFO [SIMULATE] 特徴量生成 race_id=202408020110: 9 頭 × 52 特徴量 (リーク除外済み)
2026-05-01 18:45:22,638 INFO [SIMULATE] 特徴量生成 race_id=202408020111: 14 頭 × 52 特徴量 (リーク除外済み)
2026-05-01 18:45:22,653 INFO [SIMULATE] 特徴量生成 race_id=202408020112: 18 頭 × 52 特徴量 (リーク除外済み)
2026-05-01 18:45:22,667 INFO [SIMULATE] 特徴量生成 race_id=202410010501: 12 頭 × 52 特徴量 (リーク除外済み)
2026-05-01 18:45:22,679 INFO [SIMULATE] 特徴量生成 race_id=202410010502: 14 頭 × 52 特徴量 (リーク除外済み)
2026-05-01 18:45:22,690 INFO [SIMULATE] 特徴量生成 race_id=202410010503: 11 頭 × 52 特徴量 (リーク除外済み)
2026-05-01 18:45:22,705 INFO [SIMULATE] 特徴量生成 race_id=202410010504: 12 頭 × 52 特徴量 (リーク除外済み)
2026-05-01 18:45:22,716 INFO [SIMULATE] 特徴量生成 race_id=202410010505: 13 頭 × 52 特徴量 (リーク除外済み)
2026-05-01 18:45:22,726 INFO [SIMULATE] 特徴量生成 race_id=202410010506: 14 頭 × 52 特徴量 (リーク除外済み)
2026-05-01 18:45:22,743 INFO [SIMULATE] 特徴量生成 race_id=202410010507: 16 頭 × 52 特徴量 (リーク除外済み)
2026-05-01 18:45:22,753 INFO [SIMULATE] 特徴量生成 race_id=202410010508: 14 頭 × 52 特徴量 (リーク除外済み)
2026-05-01 18:45:22,769 INFO [SIMULATE] 特徴量生成 race_id=202410010509: 14 頭 × 52 特徴量 (リーク除外済み)
2026-05-01 18:45:22,795 INFO [SIMULATE] 特徴量生成 race_id=202410010510: 16 頭 × 52 特徴量 (リーク除外済み)
2026-05-01 18:45:22,808 INFO [SIMULATE] 特徴量生成 race_id=202410010511: 10 頭 × 52 特徴量 (リーク除外済み)
2026-05-01 18:45:22,825 INFO [SIMULATE] 特徴量生成 race_id=202410010512: 18 頭 × 52 特徴量 (リーク除外済み)
2026-05-01 18:45:22,837 INFO [SIMULATE] 特徴量生成 race_id=202405010201: 16 頭 × 52 特徴量 (リーク除外済み)
2026-05-01 18:45:22,852 INFO [SIMULATE] 特徴量生成 race_id=202405010202: 16 頭 × 52 特徴量 (リーク除外済み)
2026-05-01 18:45:22,867 INFO [SIMULATE] 特徴量生成 race_id=202405010203: 16 頭 × 52 特徴量 (リーク除外済み)
2026-05-01 18:45:22,879 INFO [SIMULATE] 特徴量生成 race_id=202405010204: 14 頭 × 52 特徴量 (リーク除外済み)
2026-05-01 18:45:22,894 INFO [SIMULATE] 特徴量生成 race_id=202405010205: 16 頭 × 52 特徴量 (リーク除外済み)
2026-05-01 18:45:22,914 INFO [SIMULATE] 特徴量生成 race_id=202405010206: 16 頭 × 52 特徴量 (リーク除外済み)
2026-05-01 18:45:22,926 INFO [SIMULATE] 特徴量生成 race_id=202405010207: 14 頭 × 52 特徴量 (リーク除外済み)
2026-05-01 18:45:22,937 INFO [SIMULATE] 特徴量生成 race_id=202405010208: 16 頭 × 52 特徴量 (リーク除外済み)
2026-05-01 18:45:22,952 INFO [SIMULATE] 特徴量生成 race_id=202405010209: 9 頭 × 52 特徴量 (リーク除外済み)
2026-05-01 18:45:22,967 INFO [SIMULATE] 特徴量生成 race_id=202405010210: 14 頭 × 52 特徴量 (リーク除外済み)
2026-05-01 18:45:22,980 INFO [SIMULATE] 特徴量生成 race_id=202405010211: 16 頭 × 52 特徴量 (リーク除外済み)
2026-05-01 18:45:22,995 INFO [SIMULATE] 特徴量生成 race_id=202405010212: 11 頭 × 52 特徴量 (リーク除外済み)
2026-05-01 18:45:23,007 INFO [SIMULATE] 特徴量生成 race_id=202408020201: 15 頭 × 52 特徴量 (リーク除外済み)
2026-05-01 18:45:23,032 INFO [SIMULATE] 特徴量生成 race_id=202408020202: 11 頭 × 52 特徴量 (リーク除外済み)
2026-05-01 18:45:23,047 INFO [SIMULATE] 特徴量生成 race_id=202408020203: 16 頭 × 52 特徴量 (リーク除外済み)
2026-05-01 18:45:23,059 INFO [SIMULATE] 特徴量生成 race_id=202408020204: 13 頭 × 52 特徴量 (リーク除外済み)
2026-05-01 18:45:23,069 INFO [SIMULATE] 特徴量生成 race_id=202408020205: 13 頭 × 52 特徴量 (リーク除外済み)
2026-05-01 18:45:23,080 INFO [SIMULATE] 特徴量生成 race_id=202408020206: 10 頭 × 52 特徴量 (リーク除外済み)
2026-05-01 18:45:23,095 INFO [SIMULATE] 特徴量生成 race_id=202408020207: 10 頭 × 52 特徴量 (リーク除外済み)
2026-05-01 18:45:23,109 INFO [SIMULATE] 特徴量生成 race_id=202408020208: 16 頭 × 52 特徴量 (リーク除外済み)
2026-05-01 18:45:23,123 INFO [SIMULATE] 特徴量生成 race_id=202408020209: 11 頭 × 52 特徴量 (リーク除外済み)
2026-05-01 18:45:23,139 INFO [SIMULATE] 特徴量生成 race_id=202408020210: 12 頭 × 52 特徴量 (リーク除外済み)
2026-05-01 18:45:23,154 INFO [SIMULATE] 特徴量生成 race_id=202408020211: 18 頭 × 52 特徴量 (リーク除外済み)
2026-05-01 18:45:23,172 INFO [SIMULATE] 特徴量生成 race_id=202408020212: 9 頭 × 52 特徴量 (リーク除外済み)
2026-05-01 18:45:23,183 INFO [SIMULATE] 特徴量生成 race_id=202410010601: 11 頭 × 52 特徴量 (リーク除外済み)
2026-05-01 18:45:23,193 INFO [SIMULATE] 特徴量生成 race_id=202410010602: 16 頭 × 52 特徴量 (リーク除外済み)
2026-05-01 18:45:23,207 INFO [SIMULATE] 特徴量生成 race_id=202410010603: 14 頭 × 52 特徴量 (リーク除外済み)
2026-05-01 18:45:23,220 INFO [SIMULATE] 特徴量生成 race_id=202410010604: 12 頭 × 52 特徴量 (リーク除外済み)
2026-05-01 18:45:23,231 INFO [SIMULATE] 特徴量生成 race_id=202410010605: 14 頭 × 52 特徴量 (リーク除外済み)
2026-05-01 18:45:23,244 INFO [SIMULATE] 特徴量生成 race_id=202410010606: 15 頭 × 52 特徴量 (リーク除外済み)
2026-05-01 18:45:23,254 INFO [SIMULATE] 特徴量生成 race_id=202410010607: 14 頭 × 52 特徴量 (リーク除外済み)
2026-05-01 18:45:23,269 INFO [SIMULATE] 特徴量生成 race_id=202410010608: 14 頭 × 52 特徴量 (リーク除外済み)
2026-05-01 18:45:23,285 INFO [SIMULATE] 特徴量生成 race_id=202410010609: 10 頭 × 52 特徴量 (リーク除外済み)
2026-05-01 18:45:23,298 INFO [SIMULATE] 特徴量生成 race_id=202410010610: 16 頭 × 52 特徴量 (リーク除外済み)
2026-05-01 18:45:23,311 INFO [SIMULATE] 特徴量生成 race_id=202410010611: 18 頭 × 52 特徴量 (リーク除外済み)
2026-05-01 18:45:23,323 INFO [SIMULATE] 特徴量生成 race_id=202410010612: 13 頭 × 52 特徴量 (リーク除外済み)
2026-05-01 18:45:23,341 INFO [SIMULATE] 特徴量生成 race_id=202405010301: 16 頭 × 52 特徴量 (リーク除外済み)
2026-05-01 18:45:23,357 INFO [SIMULATE] 特徴量生成 race_id=202405010302: 16 頭 × 52 特徴量 (リーク除外済み)
2026-05-01 18:45:23,368 INFO [SIMULATE] 特徴量生成 race_id=202405010303: 16 頭 × 52 特徴量 (リーク除外済み)
2026-05-01 18:45:23,378 INFO [SIMULATE] 特徴量生成 race_id=202405010304: 8 頭 × 52 特徴量 (リーク除外済み)
2026-05-01 18:45:23,390 INFO [SIMULATE] 特徴量生成 race_id=202405010305: 16 頭 × 52 特徴量 (リーク除外済み)
2026-05-01 18:45:23,401 INFO [SIMULATE] 特徴量生成 race_id=202405010306: 13 頭 × 52 特徴量 (リーク除外済み)
2026-05-01 18:45:23,412 INFO [SIMULATE] 特徴量生成 race_id=202405010307: 13 頭 × 52 特徴量 (リーク除外済み)
2026-05-01 18:45:23,424 INFO [SIMULATE] 特徴量生成 race_id=202405010308: 16 頭 × 52 特徴量 (リーク除外済み)
2026-05-01 18:45:23,433 INFO [SIMULATE] 特徴量生成 race_id=202405010309: 8 頭 × 52 特徴量 (リーク除外済み)
2026-05-01 18:45:23,445 INFO [SIMULATE] 特徴量生成 race_id=202405010310: 15 頭 × 52 特徴量 (リーク除外済み)
2026-05-01 18:45:23,461 INFO [SIMULATE] 特徴量生成 race_id=202405010311: 12 頭 × 52 特徴量 (リーク除外済み)
2026-05-01 18:45:23,490 INFO [SIMULATE] 特徴量生成 race_id=202405010312: 16 頭 × 52 特徴量 (リーク除外済み)
2026-05-01 18:45:23,502 INFO [SIMULATE] 特徴量生成 race_id=202408020301: 12 頭 × 52 特徴量 (リーク除外済み)
2026-05-01 18:45:23,516 INFO [SIMULATE] 特徴量生成 race_id=202408020302: 9 頭 × 52 特徴量 (リーク除外済み)
2026-05-01 18:45:23,534 INFO [SIMULATE] 特徴量生成 race_id=202408020303: 14 頭 × 52 特徴量 (リーク除外済み)
2026-05-01 18:45:23,550 INFO [SIMULATE] 特徴量生成 race_id=202408020304: 16 頭 × 52 特徴量 (リーク除外済み)
2026-05-01 18:45:23,566 INFO [SIMULATE] 特徴量生成 race_id=202408020305: 16 頭 × 52 特徴量 (リーク除外済み)
2026-05-01 18:45:23,580 INFO [SIMULATE] 特徴量生成 race_id=202408020306: 9 頭 × 52 特徴量 (リーク除外済み)
2026-05-01 18:45:23,590 INFO [SIMULATE] 特徴量生成 race_id=202408020307: 11 頭 × 52 特徴量 (リーク除外済み)
2026-05-01 18:45:23,601 INFO [SIMULATE] 特徴量生成 race_id=202408020308: 12 頭 × 52 特徴量 (リーク除外済み)
2026-05-01 18:45:23,610 INFO [SIMULATE] 特徴量生成 race_id=202408020309: 16 頭 × 52 特徴量 (リーク除外済み)
2026-05-01 18:45:23,619 INFO [SIMULATE] 特徴量生成 race_id=202408020310: 11 頭 × 52 特徴量 (リーク除外済み)
2026-05-01 18:45:23,629 INFO [SIMULATE] 特徴量生成 race_id=202408020311: 12 頭 × 52 特徴量 (リーク除外済み)
2026-05-01 18:45:23,639 INFO [SIMULATE] 特徴量生成 race_id=202408020312: 16 頭 × 52 特徴量 (リーク除外済み)
2026-05-01 18:45:23,649 INFO [SIMULATE] 特徴量生成 race_id=202410010701: 16 頭 × 52 特徴量 (リーク除外済み)
2026-05-01 18:45:23,660 INFO [SIMULATE] 特徴量生成 race_id=202410010702: 14 頭 × 52 特徴量 (リーク除外済み)
2026-05-01 18:45:23,673 INFO [SIMULATE] 特徴量生成 race_id=202410010703: 14 頭 × 52 特徴量 (リーク除外済み)
2026-05-01 18:45:23,684 INFO [SIMULATE] 特徴量生成 race_id=202410010704: 14 頭 × 52 特徴量 (リーク除外済み)
2026-05-01 18:45:23,694 INFO [SIMULATE] 特徴量生成 race_id=202410010705: 12 頭 × 52 特徴量 (リーク除外済み)
2026-05-01 18:45:23,706 INFO [SIMULATE] 特徴量生成 race_id=202410010706: 12 頭 × 52 特徴量 (リーク除外済み)
2026-05-01 18:45:23,718 INFO [SIMULATE] 特徴量生成 race_id=202410010707: 15 頭 × 52 特徴量 (リーク除外済み)
2026-05-01 18:45:23,730 INFO [SIMULATE] 特徴量生成 race_id=202410010708: 16 頭 × 52 特徴量 (リーク除外済み)
2026-05-01 18:45:23,746 INFO [SIMULATE] 特徴量生成 race_id=202410010709: 12 頭 × 52 特徴量 (リーク除外済み)
2026-05-01 18:45:23,767 INFO [SIMULATE] 特徴量生成 race_id=202410010710: 14 頭 × 52 特徴量 (リーク除外済み)
2026-05-01 18:45:23,780 INFO [SIMULATE] 特徴量生成 race_id=202410010711: 11 頭 × 52 特徴量 (リーク除外済み)
2026-05-01 18:45:23,791 INFO [SIMULATE] 特徴量生成 race_id=202410010712: 11 頭 × 52 特徴量 (リーク除外済み)
2026-05-01 18:45:23,803 INFO [SIMULATE] 特徴量生成 race_id=202405010401: 16 頭 × 52 特徴量 (リーク除外済み)
2026-05-01 18:45:23,813 INFO [SIMULATE] 特徴量生成 race_id=202405010402: 16 頭 × 52 特徴量 (リーク除外済み)
2026-05-01 18:45:23,826 INFO [SIMULATE] 特徴量生成 race_id=202405010403: 16 頭 × 52 特徴量 (リーク除外済み)
2026-05-01 18:45:23,837 INFO [SIMULATE] 特徴量生成 race_id=202405010404: 15 頭 × 52 特徴量 (リーク除外済み)
2026-05-01 18:45:23,853 INFO [SIMULATE] 特徴量生成 race_id=202405010405: 16 頭 × 52 特徴量 (リーク除外済み)
2026-05-01 18:45:23,867 INFO [SIMULATE] 特徴量生成 race_id=202405010406: 15 頭 × 52 特徴量 (リーク除外済み)
2026-05-01 18:45:23,880 INFO [SIMULATE] 特徴量生成 race_id=202405010407: 7 頭 × 52 特徴量 (リーク除外済み)
2026-05-01 18:45:23,901 INFO [SIMULATE] 特徴量生成 race_id=202405010408: 16 頭 × 52 特徴量 (リーク除外済み)
2026-05-01 18:45:23,915 INFO [SIMULATE] 特徴量生成 race_id=202405010409: 9 頭 × 52 特徴量 (リーク除外済み)
2026-05-01 18:45:23,931 INFO [SIMULATE] 特徴量生成 race_id=202405010410: 16 頭 × 52 特徴量 (リーク除外済み)
2026-05-01 18:45:23,942 INFO [SIMULATE] 特徴量生成 race_id=202405010411: 16 頭 × 52 特徴量 (リーク除外済み)
2026-05-01 18:45:23,954 INFO [SIMULATE] 特徴量生成 race_id=202405010412: 16 頭 × 52 特徴量 (リーク除外済み)
2026-05-01 18:45:23,966 INFO [SIMULATE] 特徴量生成 race_id=202408020401: 7 頭 × 52 特徴量 (リーク除外済み)
2026-05-01 18:45:23,978 INFO [SIMULATE] 特徴量生成 race_id=202408020402: 11 頭 × 52 特徴量 (リーク除外済み)
2026-05-01 18:45:23,987 INFO [SIMULATE] 特徴量生成 race_id=202408020403: 8 頭 × 52 特徴量 (リーク除外済み)
2026-05-01 18:45:23,999 INFO [SIMULATE] 特徴量生成 race_id=202408020404: 9 頭 × 52 特徴量 (リーク除外済み)
2026-05-01 18:45:24,011 INFO [SIMULATE] 特徴量生成 race_id=202408020405: 17 頭 × 52 特徴量 (リーク除外済み)
2026-05-01 18:45:24,020 INFO [SIMULATE] 特徴量生成 race_id=202408020406: 11 頭 × 52 特徴量 (リーク除外済み)
2026-05-01 18:45:24,031 INFO [SIMULATE] 特徴量生成 race_id=202408020407: 10 頭 × 52 特徴量 (リーク除外済み)
2026-05-01 18:45:24,042 INFO [SIMULATE] 特徴量生成 race_id=202408020408: 8 頭 × 52 特徴量 (リーク除外済み)
2026-05-01 18:45:24,053 INFO [SIMULATE] 特徴量生成 race_id=202408020409: 14 頭 × 52 特徴量 (リーク除外済み)
2026-05-01 18:45:24,065 INFO [SIMULATE] 特徴量生成 race_id=202408020410: 16 頭 × 52 特徴量 (リーク除外済み)
2026-05-01 18:45:24,077 INFO [SIMULATE] 特徴量生成 race_id=202408020411: 12 頭 × 52 特徴量 (リーク除外済み)
2026-05-01 18:45:24,088 INFO [SIMULATE] 特徴量生成 race_id=202408020412: 14 頭 × 52 特徴量 (リーク除外済み)
2026-05-01 18:45:24,098 INFO [SIMULATE] 特徴量生成 race_id=202410010801: 15 頭 × 52 特徴量 (リーク除外済み)
2026-05-01 18:45:24,111 INFO [SIMULATE] 特徴量生成 race_id=202410010802: 12 頭 × 52 特徴量 (リーク除外済み)
2026-05-01 18:45:24,124 INFO [SIMULATE] 特徴量生成 race_id=202410010803: 14 頭 × 52 特徴量 (リーク除外済み)
2026-05-01 18:45:24,134 INFO [SIMULATE] 特徴量生成 race_id=202410010804: 12 頭 × 52 特徴量 (リーク除外済み)
2026-05-01 18:45:24,143 INFO [SIMULATE] 特徴量生成 race_id=202410010805: 12 頭 × 52 特徴量 (リーク除外済み)
2026-05-01 18:45:24,156 INFO [SIMULATE] 特徴量生成 race_id=202410010806: 18 頭 × 52 特徴量 (リーク除外済み)
2026-05-01 18:45:24,167 INFO [SIMULATE] 特徴量生成 race_id=202410010807: 10 頭 × 52 特徴量 (リーク除外済み)
2026-05-01 18:45:24,177 INFO [SIMULATE] 特徴量生成 race_id=202410010808: 12 頭 × 52 特徴量 (リーク除外済み)
2026-05-01 18:45:24,190 INFO [SIMULATE] 特徴量生成 race_id=202410010809: 11 頭 × 52 特徴量 (リーク除外済み)
2026-05-01 18:45:24,201 INFO [SIMULATE] 特徴量生成 race_id=202410010810: 16 頭 × 52 特徴量 (リーク除外済み)
2026-05-01 18:45:24,212 INFO [SIMULATE] 特徴量生成 race_id=202410010811: 9 頭 × 52 特徴量 (リーク除外済み)
2026-05-01 18:45:24,224 INFO [SIMULATE] 特徴量生成 race_id=202410010812: 14 頭 × 52 特徴量 (リーク除外済み)
2026-05-01 18:45:24,235 INFO [SIMULATE] 特徴量生成 race_id=202405010501: 16 頭 × 52 特徴量 (リーク除外済み)
2026-05-01 18:45:24,250 INFO [SIMULATE] 特徴量生成 race_id=202405010502: 16 頭 × 52 特徴量 (リーク除外済み)
2026-05-01 18:45:24,262 INFO [SIMULATE] 特徴量生成 race_id=202405010503: 16 頭 × 52 特徴量 (リーク除外済み)
2026-05-01 18:45:24,274 INFO [SIMULATE] 特徴量生成 race_id=202405010504: 12 頭 × 52 特徴量 (リーク除外済み)
2026-05-01 18:45:24,289 INFO [SIMULATE] 特徴量生成 race_id=202405010505: 16 頭 × 52 特徴量 (リーク除外済み)
2026-05-01 18:45:24,306 INFO [SIMULATE] 特徴量生成 race_id=202405010506: 16 頭 × 52 特徴量 (リーク除外済み)
2026-05-01 18:45:24,316 INFO [SIMULATE] 特徴量生成 race_id=202405010507: 13 頭 × 52 特徴量 (リーク除外済み)
2026-05-01 18:45:24,328 INFO [SIMULATE] 特徴量生成 race_id=202405010508: 16 頭 × 52 特徴量 (リーク除外済み)
2026-05-01 18:45:24,343 INFO [SIMULATE] 特徴量生成 race_id=202405010509: 12 頭 × 52 特徴量 (リーク除外済み)
2026-05-01 18:45:24,357 INFO [SIMULATE] 特徴量生成 race_id=202405010510: 16 頭 × 52 特徴量 (リーク除外済み)
2026-05-01 18:45:24,370 INFO [SIMULATE] 特徴量生成 race_id=202405010511: 13 頭 × 52 特徴量 (リーク除外済み)
2026-05-01 18:45:24,383 INFO [SIMULATE] 特徴量生成 race_id=202405010512: 15 頭 × 52 特徴量 (リーク除外済み)
2026-05-01 18:45:24,393 INFO [SIMULATE] 特徴量生成 race_id=202408020501: 14 頭 × 52 特徴量 (リーク除外済み)
2026-05-01 18:45:24,406 INFO [SIMULATE] 特徴量生成 race_id=202408020502: 11 頭 × 52 特徴量 (リーク除外済み)
2026-05-01 18:45:24,417 INFO [SIMULATE] 特徴量生成 race_id=202408020503: 16 頭 × 52 特徴量 (リーク除外済み)
2026-05-01 18:45:24,428 INFO [SIMULATE] 特徴量生成 race_id=202408020504: 16 頭 × 52 特徴量 (リーク除外済み)
2026-05-01 18:45:24,439 INFO [SIMULATE] 特徴量生成 race_id=202408020505: 12 頭 × 52 特徴量 (リーク除外済み)
2026-05-01 18:45:24,451 INFO [SIMULATE] 特徴量生成 race_id=202408020506: 13 頭 × 52 特徴量 (リーク除外済み)
2026-05-01 18:45:24,466 INFO [SIMULATE] 特徴量生成 race_id=202408020507: 7 頭 × 52 特徴量 (リーク除外済み)
2026-05-01 18:45:24,479 INFO [SIMULATE] 特徴量生成 race_id=202408020508: 16 頭 × 52 特徴量 (リーク除外済み)
2026-05-01 18:45:24,491 INFO [SIMULATE] 特徴量生成 race_id=202408020509: 9 頭 × 52 特徴量 (リーク除外済み)
2026-05-01 18:45:24,501 INFO [SIMULATE] 特徴量生成 race_id=202408020510: 12 頭 × 52 特徴量 (リーク除外済み)
2026-05-01 18:45:24,513 INFO [SIMULATE] 特徴量生成 race_id=202408020511: 18 頭 × 52 特徴量 (リーク除外済み)
2026-05-01 18:45:24,526 INFO [SIMULATE] 特徴量生成 race_id=202408020512: 14 頭 × 52 特徴量 (リーク除外済み)
2026-05-01 18:45:24,541 INFO [SIMULATE] 特徴量生成 race_id=202410020101: 14 頭 × 52 特徴量 (リーク除外済み)
2026-05-01 18:45:24,551 INFO [SIMULATE] 特徴量生成 race_id=202410020102: 14 頭 × 52 特徴量 (リーク除外済み)
2026-05-01 18:45:24,563 INFO [SIMULATE] 特徴量生成 race_id=202410020103: 14 頭 × 52 特徴量 (リーク除外済み)
2026-05-01 18:45:24,574 INFO [SIMULATE] 特徴量生成 race_id=202410020104: 12 頭 × 52 特徴量 (リーク除外済み)
2026-05-01 18:45:24,585 INFO [SIMULATE] 特徴量生成 race_id=202410020105: 12 頭 × 52 特徴量 (リーク除外済み)
2026-05-01 18:45:24,597 INFO [SIMULATE] 特徴量生成 race_id=202410020106: 12 頭 × 52 特徴量 (リーク除外済み)
2026-05-01 18:45:24,611 INFO [SIMULATE] 特徴量生成 race_id=202410020107: 11 頭 × 52 特徴量 (リーク除外済み)
2026-05-01 18:45:24,625 INFO [SIMULATE] 特徴量生成 race_id=202410020108: 11 頭 × 52 特徴量 (リーク除外済み)
2026-05-01 18:45:24,635 INFO [SIMULATE] 特徴量生成 race_id=202410020109: 8 頭 × 52 特徴量 (リーク除外済み)
2026-05-01 18:45:24,644 INFO [SIMULATE] 特徴量生成 race_id=202410020110: 14 頭 × 52 特徴量 (リーク除外済み)
2026-05-01 18:45:24,656 INFO [SIMULATE] 特徴量生成 race_id=202410020111: 16 頭 × 52 特徴量 (リーク除外済み)
2026-05-01 18:45:24,666 INFO [SIMULATE] 特徴量生成 race_id=202410020112: 18 頭 × 52 特徴量 (リーク除外済み)
2026-05-01 18:45:24,677 INFO [SIMULATE] 特徴量生成 race_id=202405010601: 16 頭 × 52 特徴量 (リーク除外済み)
2026-05-01 18:45:24,690 INFO [SIMULATE] 特徴量生成 race_id=202405010602: 16 頭 × 52 特徴量 (リーク除外済み)
2026-05-01 18:45:24,702 INFO [SIMULATE] 特徴量生成 race_id=202405010603: 16 頭 × 52 特徴量 (リーク除外済み)
2026-05-01 18:45:24,717 INFO [SIMULATE] 特徴量生成 race_id=202405010604: 16 頭 × 52 特徴量 (リーク除外済み)
2026-05-01 18:45:24,729 INFO [SIMULATE] 特徴量生成 race_id=202405010605: 16 頭 × 52 特徴量 (リーク除外済み)
2026-05-01 18:45:24,739 INFO [SIMULATE] 特徴量生成 race_id=202405010606: 10 頭 × 52 特徴量 (リーク除外済み)
2026-05-01 18:45:24,751 INFO [SIMULATE] 特徴量生成 race_id=202405010607: 15 頭 × 52 特徴量 (リーク除外済み)
2026-05-01 18:45:24,760 INFO [SIMULATE] 特徴量生成 race_id=202405010608: 8 頭 × 52 特徴量 (リーク除外済み)
2026-05-01 18:45:24,774 INFO [SIMULATE] 特徴量生成 race_id=202405010609: 13 頭 × 52 特徴量 (リーク除外済み)
2026-05-01 18:45:24,797 INFO [SIMULATE] 特徴量生成 race_id=202405010610: 16 頭 × 52 特徴量 (リーク除外済み)
2026-05-01 18:45:24,816 INFO [SIMULATE] 特徴量生成 race_id=202405010611: 10 頭 × 52 特徴量 (リーク除外済み)
2026-05-01 18:45:24,835 INFO [SIMULATE] 特徴量生成 race_id=202405010612: 15 頭 × 52 特徴量 (リーク除外済み)
2026-05-01 18:45:24,846 INFO [SIMULATE] 特徴量生成 race_id=202408020601: 12 頭 × 52 特徴量 (リーク除外済み)
2026-05-01 18:45:24,856 INFO [SIMULATE] 特徴量生成 race_id=202408020602: 16 頭 × 52 特徴量 (リーク除外済み)
2026-05-01 18:45:24,866 INFO [SIMULATE] 特徴量生成 race_id=202408020603: 15 頭 × 52 特徴量 (リーク除外済み)
2026-05-01 18:45:24,876 INFO [SIMULATE] 特徴量生成 race_id=202408020604: 9 頭 × 52 特徴量 (リーク除外済み)
2026-05-01 18:45:24,887 INFO [SIMULATE] 特徴量生成 race_id=202408020605: 14 頭 × 52 特徴量 (リーク除外済み)
2026-05-01 18:45:24,896 INFO [SIMULATE] 特徴量生成 race_id=202408020606: 10 頭 × 52 特徴量 (リーク除外済み)
2026-05-01 18:45:24,907 INFO [SIMULATE] 特徴量生成 race_id=202408020607: 11 頭 × 52 特徴量 (リーク除外済み)
2026-05-01 18:45:24,919 INFO [SIMULATE] 特徴量生成 race_id=202408020608: 11 頭 × 52 特徴量 (リーク除外済み)
2026-05-01 18:45:24,929 INFO [SIMULATE] 特徴量生成 race_id=202408020609: 9 頭 × 52 特徴量 (リーク除外済み)
2026-05-01 18:45:24,939 INFO [SIMULATE] 特徴量生成 race_id=202408020610: 15 頭 × 52 特徴量 (リーク除外済み)
2026-05-01 18:45:24,951 INFO [SIMULATE] 特徴量生成 race_id=202408020611: 12 頭 × 52 特徴量 (リーク除外済み)
2026-05-01 18:45:24,963 INFO [SIMULATE] 特徴量生成 race_id=202408020612: 16 頭 × 52 特徴量 (リーク除外済み)
2026-05-01 18:45:24,973 INFO [SIMULATE] 特徴量生成 race_id=202410020201: 15 頭 × 52 特徴量 (リーク除外済み)
2026-05-01 18:45:24,985 INFO [SIMULATE] 特徴量生成 race_id=202410020202: 18 頭 × 52 特徴量 (リーク除外済み)
2026-05-01 18:45:24,995 INFO [SIMULATE] 特徴量生成 race_id=202410020203: 14 頭 × 52 特徴量 (リーク除外済み)
2026-05-01 18:45:25,005 INFO [SIMULATE] 特徴量生成 race_id=202410020204: 12 頭 × 52 特徴量 (リーク除外済み)
2026-05-01 18:45:25,015 INFO [SIMULATE] 特徴量生成 race_id=202410020205: 10 頭 × 52 特徴量 (リーク除外済み)
2026-05-01 18:45:25,027 INFO [SIMULATE] 特徴量生成 race_id=202410020206: 18 頭 × 52 特徴量 (リーク除外済み)
2026-05-01 18:45:25,041 INFO [SIMULATE] 特徴量生成 race_id=202410020207: 13 頭 × 52 特徴量 (リーク除外済み)
2026-05-01 18:45:25,049 INFO [SIMULATE] 特徴量生成 race_id=202410020208: 11 頭 × 52 特徴量 (リーク除外済み)
2026-05-01 18:45:25,060 INFO [SIMULATE] 特徴量生成 race_id=202410020209: 10 頭 × 52 特徴量 (リーク除外済み)
2026-05-01 18:45:25,070 INFO [SIMULATE] 特徴量生成 race_id=202410020210: 13 頭 × 52 特徴量 (リーク除外済み)
2026-05-01 18:45:25,080 INFO [SIMULATE] 特徴量生成 race_id=202410020211: 18 頭 × 52 特徴量 (リーク除外済み)
2026-05-01 18:45:25,091 INFO [SIMULATE] 特徴量生成 race_id=202410020212: 13 頭 × 52 特徴量 (リーク除外済み)
2026-05-01 18:45:25,100 INFO [SIMULATE] 特徴量生成 race_id=202405010701: 16 頭 × 52 特徴量 (リーク除外済み)
2026-05-01 18:45:25,112 INFO [SIMULATE] 特徴量生成 race_id=202405010702: 16 頭 × 52 特徴量 (リーク除外済み)
2026-05-01 18:45:25,125 INFO [SIMULATE] 特徴量生成 race_id=202405010703: 16 頭 × 52 特徴量 (リーク除外済み)
2026-05-01 18:45:25,138 INFO [SIMULATE] 特徴量生成 race_id=202405010704: 16 頭 × 52 特徴量 (リーク除外済み)
2026-05-01 18:45:25,149 INFO [SIMULATE] 特徴量生成 race_id=202405010705: 18 頭 × 52 特徴量 (リーク除外済み)
2026-05-01 18:45:25,163 INFO [SIMULATE] 特徴量生成 race_id=202405010706: 16 頭 × 52 特徴量 (リーク除外済み)
2026-05-01 18:45:25,183 INFO [SIMULATE] 特徴量生成 race_id=202405010707: 16 頭 × 52 特徴量 (リーク除外済み)
2026-05-01 18:45:25,193 INFO [SIMULATE] 特徴量生成 race_id=202405010708: 11 頭 × 52 特徴量 (リーク除外済み)
2026-05-01 18:45:25,202 INFO [SIMULATE] 特徴量生成 race_id=202405010709: 10 頭 × 52 特徴量 (リーク除外済み)
2026-05-01 18:45:25,213 INFO [SIMULATE] 特徴量生成 race_id=202405010710: 13 頭 × 52 特徴量 (リーク除外済み)
2026-05-01 18:45:25,222 INFO [SIMULATE] 特徴量生成 race_id=202405010711: 10 頭 × 52 特徴量 (リーク除外済み)
2026-05-01 18:45:25,233 INFO [SIMULATE] 特徴量生成 race_id=202405010712: 16 頭 × 52 特徴量 (リーク除外済み)
2026-05-01 18:45:25,247 INFO [SIMULATE] 特徴量生成 race_id=202408020701: 15 頭 × 52 特徴量 (リーク除外済み)
2026-05-01 18:45:25,262 INFO [SIMULATE] 特徴量生成 race_id=202408020702: 15 頭 × 52 特徴量 (リーク除外済み)
2026-05-01 18:45:25,272 INFO [SIMULATE] 特徴量生成 race_id=202408020703: 16 頭 × 52 特徴量 (リーク除外済み)
2026-05-01 18:45:25,274 INFO   特徴量生成中... 500/5878
2026-05-01 18:45:25,287 INFO [SIMULATE] 特徴量生成 race_id=202408020704: 16 頭 × 52 特徴量 (リーク除外済み)
2026-05-01 18:45:25,298 INFO [SIMULATE] 特徴量生成 race_id=202408020705: 14 頭 × 52 特徴量 (リーク除外済み)
2026-05-01 18:45:25,314 INFO [SIMULATE] 特徴量生成 race_id=202408020706: 11 頭 × 52 特徴量 (リーク除外済み)
2026-05-01 18:45:25,324 INFO [SIMULATE] 特徴量生成 race_id=202408020707: 11 頭 × 52 特徴量 (リーク除外済み)
2026-05-01 18:45:25,335 INFO [SIMULATE] 特徴量生成 race_id=202408020708: 16 頭 × 52 特徴量 (リーク除外済み)
2026-05-01 18:45:25,347 INFO [SIMULATE] 特徴量生成 race_id=202408020709: 9 頭 × 52 特徴量 (リーク除外済み)
2026-05-01 18:45:25,359 INFO [SIMULATE] 特徴量生成 race_id=202408020710: 16 頭 × 52 特徴量 (リーク除外済み)
2026-05-01 18:45:25,370 INFO [SIMULATE] 特徴量生成 race_id=202408020711: 18 頭 × 52 特徴量 (リーク除外済み)
2026-05-01 18:45:25,383 INFO [SIMULATE] 特徴量生成 race_id=202408020712: 16 頭 × 52 特徴量 (リーク除外済み)
2026-05-01 18:45:25,394 INFO [SIMULATE] 特徴量生成 race_id=202410020301: 16 頭 × 52 特徴量 (リーク除外済み)
2026-05-01 18:45:25,406 INFO [SIMULATE] 特徴量生成 race_id=202410020302: 18 頭 × 52 特徴量 (リーク除外済み)
2026-05-01 18:45:25,420 INFO [SIMULATE] 特徴量生成 race_id=202410020303: 14 頭 × 52 特徴量 (リーク除外済み)
2026-05-01 18:45:25,434 INFO [SIMULATE] 特徴量生成 race_id=202410020304: 13 頭 × 52 特徴量 (リーク除外済み)
2026-05-01 18:45:25,445 INFO [SIMULATE] 特徴量生成 race_id=202410020305: 12 頭 × 52 特徴量 (リーク除外済み)
2026-05-01 18:45:25,455 INFO [SIMULATE] 特徴量生成 race_id=202410020306: 17 頭 × 52 特徴量 (リーク除外済み)
2026-05-01 18:45:25,479 INFO [SIMULATE] 特徴量生成 race_id=202410020307: 13 頭 × 52 特徴量 (リーク除外済み)
2026-05-01 18:45:25,490 INFO [SIMULATE] 特徴量生成 race_id=202410020308: 12 頭 × 52 特徴量 (リーク除外済み)
2026-05-01 18:45:25,500 INFO [SIMULATE] 特徴量生成 race_id=202410020309: 9 頭 × 52 特徴量 (リーク除外済み)
2026-05-01 18:45:25,511 INFO [SIMULATE] 特徴量生成 race_id=202410020310: 16 頭 × 52 特徴量 (リーク除外済み)
2026-05-01 18:45:25,528 INFO [SIMULATE] 特徴量生成 race_id=202410020311: 16 頭 × 52 特徴量 (リーク除外済み)
2026-05-01 18:45:25,544 INFO [SIMULATE] 特徴量生成 race_id=202410020312: 18 頭 × 52 特徴量 (リーク除外済み)
2026-05-01 18:45:25,556 INFO [SIMULATE] 特徴量生成 race_id=202405010801: 16 頭 × 52 特徴量 (リーク除外済み)
2026-05-01 18:45:25,567 INFO [SIMULATE] 特徴量生成 race_id=202405010802: 16 頭 × 52 特徴量 (リーク除外済み)
2026-05-01 18:45:25,579 INFO [SIMULATE] 特徴量生成 race_id=202405010803: 16 頭 × 52 特徴量 (リーク除外済み)
2026-05-01 18:45:25,591 INFO [SIMULATE] 特徴量生成 race_id=202405010804: 16 頭 × 52 特徴量 (リーク除外済み)
2026-05-01 18:45:25,600 INFO [SIMULATE] 特徴量生成 race_id=202405010805: 12 頭 × 52 特徴量 (リーク除外済み)
2026-05-01 18:45:25,612 INFO [SIMULATE] 特徴量生成 race_id=202405010806: 16 頭 × 52 特徴量 (リーク除外済み)
2026-05-01 18:45:25,628 INFO [SIMULATE] 特徴量生成 race_id=202405010807: 16 頭 × 52 特徴量 (リーク除外済み)
2026-05-01 18:45:25,643 INFO [SIMULATE] 特徴量生成 race_id=202405010808: 12 頭 × 52 特徴量 (リーク除外済み)
2026-05-01 18:45:25,653 INFO [SIMULATE] 特徴量生成 race_id=202405010809: 11 頭 × 52 特徴量 (リーク除外済み)
2026-05-01 18:45:25,663 INFO [SIMULATE] 特徴量生成 race_id=202405010810: 9 頭 × 52 特徴量 (リーク除外済み)
2026-05-01 18:45:25,673 INFO [SIMULATE] 特徴量生成 race_id=202405010811: 16 頭 × 52 特徴量 (リーク除外済み)
2026-05-01 18:45:25,688 INFO [SIMULATE] 特徴量生成 race_id=202405010812: 16 頭 × 52 特徴量 (リーク除外済み)
2026-05-01 18:45:25,698 INFO [SIMULATE] 特徴量生成 race_id=202408020801: 12 頭 × 52 特徴量 (リーク除外済み)
2026-05-01 18:45:25,710 INFO [SIMULATE] 特徴量生成 race_id=202408020802: 15 頭 × 52 特徴量 (リーク除外済み)
2026-05-01 18:45:25,721 INFO [SIMULATE] 特徴量生成 race_id=202408020803: 15 頭 × 52 特徴量 (リーク除外済み)
2026-05-01 18:45:25,735 INFO [SIMULATE] 特徴量生成 race_id=202408020804: 16 頭 × 52 特徴量 (リーク除外済み)
2026-05-01 18:45:25,748 INFO [SIMULATE] 特徴量生成 race_id=202408020805: 13 頭 × 52 特徴量 (リーク除外済み)
2026-05-01 18:45:25,769 INFO [SIMULATE] 特徴量生成 race_id=202408020806: 11 頭 × 52 特徴量 (リーク除外済み)
2026-05-01 18:45:25,787 INFO [SIMULATE] 特徴量生成 race_id=202408020807: 8 頭 × 52 特徴量 (リーク除外済み)
2026-05-01 18:45:25,804 INFO [SIMULATE] 特徴量生成 race_id=202408020808: 16 頭 × 52 特徴量 (リーク除外済み)
2026-05-01 18:45:25,817 INFO [SIMULATE] 特徴量生成 race_id=202408020809: 13 頭 × 52 特徴量 (リーク除外済み)
2026-05-01 18:45:25,828 INFO [SIMULATE] 特徴量生成 race_id=202408020810: 12 頭 × 52 特徴量 (リーク除外済み)
2026-05-01 18:45:25,843 INFO [SIMULATE] 特徴量生成 race_id=202408020811: 13 頭 × 52 特徴量 (リーク除外済み)
2026-05-01 18:45:25,855 INFO [SIMULATE] 特徴量生成 race_id=202408020812: 9 頭 × 52 特徴量 (リーク除外済み)
2026-05-01 18:45:25,868 INFO [SIMULATE] 特徴量生成 race_id=202410020401: 16 頭 × 52 特徴量 (リーク除外済み)
2026-05-01 18:45:25,878 INFO [SIMULATE] 特徴量生成 race_id=202410020402: 18 頭 × 52 特徴量 (リーク除外済み)
2026-05-01 18:45:25,892 INFO [SIMULATE] 特徴量生成 race_id=202410020403: 14 頭 × 52 特徴量 (リーク除外済み)
2026-05-01 18:45:25,906 INFO [SIMULATE] 特徴量生成 race_id=202410020404: 12 頭 × 52 特徴量 (リーク除外済み)
2026-05-01 18:45:25,919 INFO [SIMULATE] 特徴量生成 race_id=202410020406: 13 頭 × 52 特徴量 (リーク除外済み)
2026-05-01 18:45:25,932 INFO [SIMULATE] 特徴量生成 race_id=202410020407: 16 頭 × 52 特徴量 (リーク除外済み)
2026-05-01 18:45:25,943 INFO [SIMULATE] 特徴量生成 race_id=202410020408: 9 頭 × 52 特徴量 (リーク除外済み)
2026-05-01 18:45:25,955 INFO [SIMULATE] 特徴量生成 race_id=202410020409: 14 頭 × 52 特徴量 (リーク除外済み)
2026-05-01 18:45:25,975 INFO [SIMULATE] 特徴量生成 race_id=202410020410: 18 頭 × 52 特徴量 (リーク除外済み)
2026-05-01 18:45:25,985 INFO [SIMULATE] 特徴量生成 race_id=202410020411: 16 頭 × 52 特徴量 (リーク除外済み)
2026-05-01 18:45:25,997 INFO [SIMULATE] 特徴量生成 race_id=202410020412: 18 頭 × 52 特徴量 (リーク除外済み)
2026-05-01 18:45:26,006 INFO [SIMULATE] 特徴量生成 race_id=202406020101: 16 頭 × 52 特徴量 (リーク除外済み)
2026-05-01 18:45:26,020 INFO [SIMULATE] 特徴量生成 race_id=202406020102: 16 頭 × 52 特徴量 (リーク除外済み)
2026-05-01 18:45:26,032 INFO [SIMULATE] 特徴量生成 race_id=202406020103: 16 頭 × 52 特徴量 (リーク除外済み)
2026-05-01 18:45:26,043 INFO [SIMULATE] 特徴量生成 race_id=202406020104: 16 頭 × 52 特徴量 (リーク除外済み)
2026-05-01 18:45:26,055 INFO [SIMULATE] 特徴量生成 race_id=202406020105: 16 頭 × 52 特徴量 (リーク除外済み)
2026-05-01 18:45:26,065 INFO [SIMULATE] 特徴量生成 race_id=202406020106: 16 頭 × 52 特徴量 (リーク除外済み)
2026-05-01 18:45:26,081 INFO [SIMULATE] 特徴量生成 race_id=202406020107: 11 頭 × 52 特徴量 (リーク除外済み)
2026-05-01 18:45:26,092 INFO [SIMULATE] 特徴量生成 race_id=202406020108: 12 頭 × 52 特徴量 (リーク除外済み)
2026-05-01 18:45:26,102 INFO [SIMULATE] 特徴量生成 race_id=202406020109: 7 頭 × 52 特徴量 (リーク除外済み)
2026-05-01 18:45:26,114 INFO [SIMULATE] 特徴量生成 race_id=202406020110: 12 頭 × 52 特徴量 (リーク除外済み)
2026-05-01 18:45:26,126 INFO [SIMULATE] 特徴量生成 race_id=202406020111: 11 頭 × 52 特徴量 (リーク除外済み)
2026-05-01 18:45:26,144 INFO [SIMULATE] 特徴量生成 race_id=202406020112: 16 頭 × 52 特徴量 (リーク除外済み)
2026-05-01 18:45:26,163 INFO [SIMULATE] 特徴量生成 race_id=202409010101: 16 頭 × 52 特徴量 (リーク除外済み)
2026-05-01 18:45:26,176 INFO [SIMULATE] 特徴量生成 race_id=202409010102: 11 頭 × 52 特徴量 (リーク除外済み)
2026-05-01 18:45:26,190 INFO [SIMULATE] 特徴量生成 race_id=202409010103: 15 頭 × 52 特徴量 (リーク除外済み)
2026-05-01 18:45:26,203 INFO [SIMULATE] 特徴量生成 race_id=202409010104: 12 頭 × 52 特徴量 (リーク除外済み)
2026-05-01 18:45:26,218 INFO [SIMULATE] 特徴量生成 race_id=202409010105: 13 頭 × 52 特徴量 (リーク除外済み)
2026-05-01 18:45:26,229 INFO [SIMULATE] 特徴量生成 race_id=202409010106: 11 頭 × 52 特徴量 (リーク除外済み)
2026-05-01 18:45:26,240 INFO [SIMULATE] 特徴量生成 race_id=202409010107: 17 頭 × 52 特徴量 (リーク除外済み)
2026-05-01 18:45:26,250 INFO [SIMULATE] 特徴量生成 race_id=202409010108: 16 頭 × 52 特徴量 (リーク除外済み)
2026-05-01 18:45:26,262 INFO [SIMULATE] 特徴量生成 race_id=202409010109: 10 頭 × 52 特徴量 (リーク除外済み)
2026-05-01 18:45:26,272 INFO [SIMULATE] 特徴量生成 race_id=202409010110: 13 頭 × 52 特徴量 (リーク除外済み)
2026-05-01 18:45:26,285 INFO [SIMULATE] 特徴量生成 race_id=202409010111: 16 頭 × 52 特徴量 (リーク除外済み)
2026-05-01 18:45:26,302 INFO [SIMULATE] 特徴量生成 race_id=202409010112: 10 頭 × 52 特徴量 (リーク除外済み)
2026-05-01 18:45:26,314 INFO [SIMULATE] 特徴量生成 race_id=202410020501: 16 頭 × 52 特徴量 (リーク除外済み)
2026-05-01 18:45:26,326 INFO [SIMULATE] 特徴量生成 race_id=202410020502: 18 頭 × 52 特徴量 (リーク除外済み)
2026-05-01 18:45:26,338 INFO [SIMULATE] 特徴量生成 race_id=202410020503: 14 頭 × 52 特徴量 (リーク除外済み)
2026-05-01 18:45:26,347 INFO [SIMULATE] 特徴量生成 race_id=202410020504: 10 頭 × 52 特徴量 (リーク除外済み)
2026-05-01 18:45:26,360 INFO [SIMULATE] 特徴量生成 race_id=202410020505: 18 頭 × 52 特徴量 (リーク除外済み)
2026-05-01 18:45:26,375 INFO [SIMULATE] 特徴量生成 race_id=202410020506: 13 頭 × 52 特徴量 (リーク除外済み)
2026-05-01 18:45:26,395 INFO [SIMULATE] 特徴量生成 race_id=202410020507: 14 頭 × 52 特徴量 (リーク除外済み)
2026-05-01 18:45:26,406 INFO [SIMULATE] 特徴量生成 race_id=202410020508: 10 頭 × 52 特徴量 (リーク除外済み)
2026-05-01 18:45:26,421 INFO [SIMULATE] 特徴量生成 race_id=202410020509: 14 頭 × 52 特徴量 (リーク除外済み)
2026-05-01 18:45:26,437 INFO [SIMULATE] 特徴量生成 race_id=202410020510: 16 頭 × 52 特徴量 (リーク除外済み)
2026-05-01 18:45:26,450 INFO [SIMULATE] 特徴量生成 race_id=202410020511: 15 頭 × 52 特徴量 (リーク除外済み)
2026-05-01 18:45:26,464 INFO [SIMULATE] 特徴量生成 race_id=202410020512: 18 頭 × 52 特徴量 (リーク除外済み)
2026-05-01 18:45:26,479 INFO [SIMULATE] 特徴量生成 race_id=202406020201: 16 頭 × 52 特徴量 (リーク除外済み)
2026-05-01 18:45:26,491 INFO [SIMULATE] 特徴量生成 race_id=202406020202: 16 頭 × 52 特徴量 (リーク除外済み)
2026-05-01 18:45:26,502 INFO [SIMULATE] 特徴量生成 race_id=202406020203: 16 頭 × 52 特徴量 (リーク除外済み)
2026-05-01 18:45:26,516 INFO [SIMULATE] 特徴量生成 race_id=202406020204: 12 頭 × 52 特徴量 (リーク除外済み)
2026-05-01 18:45:26,527 INFO [SIMULATE] 特徴量生成 race_id=202406020205: 16 頭 × 52 特徴量 (リーク除外済み)
2026-05-01 18:45:26,538 INFO [SIMULATE] 特徴量生成 race_id=202406020206: 16 頭 × 52 特徴量 (リーク除外済み)
2026-05-01 18:45:26,551 INFO [SIMULATE] 特徴量生成 race_id=202406020207: 10 頭 × 52 特徴量 (リーク除外済み)
2026-05-01 18:45:26,564 INFO [SIMULATE] 特徴量生成 race_id=202406020208: 16 頭 × 52 特徴量 (リーク除外済み)
2026-05-01 18:45:26,579 INFO [SIMULATE] 特徴量生成 race_id=202406020209: 13 頭 × 52 特徴量 (リーク除外済み)
2026-05-01 18:45:26,591 INFO [SIMULATE] 特徴量生成 race_id=202406020210: 16 頭 × 52 特徴量 (リーク除外済み)
2026-05-01 18:45:26,607 INFO [SIMULATE] 特徴量生成 race_id=202406020211: 16 頭 × 52 特徴量 (リーク除外済み)
2026-05-01 18:45:26,618 INFO [SIMULATE] 特徴量生成 race_id=202406020212: 12 頭 × 52 特徴量 (リーク除外済み)
2026-05-01 18:45:26,632 INFO [SIMULATE] 特徴量生成 race_id=202409010201: 13 頭 × 52 特徴量 (リーク除外済み)
2026-05-01 18:45:26,643 INFO [SIMULATE] 特徴量生成 race_id=202409010202: 14 頭 × 52 特徴量 (リーク除外済み)
2026-05-01 18:45:26,654 INFO [SIMULATE] 特徴量生成 race_id=202409010203: 11 頭 × 52 特徴量 (リーク除外済み)
2026-05-01 18:45:26,666 INFO [SIMULATE] 特徴量生成 race_id=202409010204: 18 頭 × 52 特徴量 (リーク除外済み)
2026-05-01 18:45:26,683 INFO [SIMULATE] 特徴量生成 race_id=202409010205: 10 頭 × 52 特徴量 (リーク除外済み)
2026-05-01 18:45:26,694 INFO [SIMULATE] 特徴量生成 race_id=202409010206: 10 頭 × 52 特徴量 (リーク除外済み)
2026-05-01 18:45:26,707 INFO [SIMULATE] 特徴量生成 race_id=202409010207: 7 頭 × 52 特徴量 (リーク除外済み)
2026-05-01 18:45:26,721 INFO [SIMULATE] 特徴量生成 race_id=202409010208: 10 頭 × 52 特徴量 (リーク除外済み)
2026-05-01 18:45:26,733 INFO [SIMULATE] 特徴量生成 race_id=202409010209: 12 頭 × 52 特徴量 (リーク除外済み)
2026-05-01 18:45:26,743 INFO [SIMULATE] 特徴量生成 race_id=202409010210: 11 頭 × 52 特徴量 (リーク除外済み)
2026-05-01 18:45:26,755 INFO [SIMULATE] 特徴量生成 race_id=202409010211: 18 頭 × 52 特徴量 (リーク除外済み)
2026-05-01 18:45:26,769 INFO [SIMULATE] 特徴量生成 race_id=202409010212: 15 頭 × 52 特徴量 (リーク除外済み)
2026-05-01 18:45:26,781 INFO [SIMULATE] 特徴量生成 race_id=202410020601: 16 頭 × 52 特徴量 (リーク除外済み)
2026-05-01 18:45:26,793 INFO [SIMULATE] 特徴量生成 race_id=202410020602: 16 頭 × 52 特徴量 (リーク除外済み)
2026-05-01 18:45:26,807 INFO [SIMULATE] 特徴量生成 race_id=202410020603: 14 頭 × 52 特徴量 (リーク除外済み)
2026-05-01 18:45:26,817 INFO [SIMULATE] 特徴量生成 race_id=202410020604: 10 頭 × 52 特徴量 (リーク除外済み)
2026-05-01 18:45:26,830 INFO [SIMULATE] 特徴量生成 race_id=202410020605: 16 頭 × 52 特徴量 (リーク除外済み)
2026-05-01 18:45:26,845 INFO [SIMULATE] 特徴量生成 race_id=202410020606: 18 頭 × 52 特徴量 (リーク除外済み)
2026-05-01 18:45:26,859 INFO [SIMULATE] 特徴量生成 race_id=202410020607: 13 頭 × 52 特徴量 (リーク除外済み)
2026-05-01 18:45:26,874 INFO [SIMULATE] 特徴量生成 race_id=202410020608: 11 頭 × 52 特徴量 (リーク除外済み)
2026-05-01 18:45:26,886 INFO [SIMULATE] 特徴量生成 race_id=202410020609: 12 頭 × 52 特徴量 (リーク除外済み)
2026-05-01 18:45:26,895 INFO [SIMULATE] 特徴量生成 race_id=202410020610: 9 頭 × 52 特徴量 (リーク除外済み)
2026-05-01 18:45:26,906 INFO [SIMULATE] 特徴量生成 race_id=202410020611: 17 頭 × 52 特徴量 (リーク除外済み)
2026-05-01 18:45:26,916 INFO [SIMULATE] 特徴量生成 race_id=202410020612: 10 頭 × 52 特徴量 (リーク除外済み)
2026-05-01 18:45:26,927 INFO [SIMULATE] 特徴量生成 race_id=202406020301: 16 頭 × 52 特徴量 (リーク除外済み)
2026-05-01 18:45:26,939 INFO [SIMULATE] 特徴量生成 race_id=202406020302: 16 頭 × 52 特徴量 (リーク除外済み)
2026-05-01 18:45:26,951 INFO [SIMULATE] 特徴量生成 race_id=202406020303: 16 頭 × 52 特徴量 (リーク除外済み)
2026-05-01 18:45:26,964 INFO [SIMULATE] 特徴量生成 race_id=202406020304: 16 頭 × 52 特徴量 (リーク除外済み)
2026-05-01 18:45:26,984 INFO [SIMULATE] 特徴量生成 race_id=202406020305: 18 頭 × 52 特徴量 (リーク除外済み)
2026-05-01 18:45:26,994 INFO [SIMULATE] 特徴量生成 race_id=202406020306: 12 頭 × 52 特徴量 (リーク除外済み)
2026-05-01 18:45:27,006 INFO [SIMULATE] 特徴量生成 race_id=202406020307: 16 頭 × 52 特徴量 (リーク除外済み)
2026-05-01 18:45:27,019 INFO [SIMULATE] 特徴量生成 race_id=202406020308: 16 頭 × 52 特徴量 (リーク除外済み)
2026-05-01 18:45:27,032 INFO [SIMULATE] 特徴量生成 race_id=202406020309: 11 頭 × 52 特徴量 (リーク除外済み)
2026-05-01 18:45:27,043 INFO [SIMULATE] 特徴量生成 race_id=202406020310: 14 頭 × 52 特徴量 (リーク除外済み)
2026-05-01 18:45:27,058 INFO [SIMULATE] 特徴量生成 race_id=202406020311: 16 頭 × 52 特徴量 (リーク除外済み)
2026-05-01 18:45:27,075 INFO [SIMULATE] 特徴量生成 race_id=202406020312: 13 頭 × 52 特徴量 (リーク除外済み)
2026-05-01 18:45:27,086 INFO [SIMULATE] 特徴量生成 race_id=202409010301: 12 頭 × 52 特徴量 (リーク除外済み)
2026-05-01 18:45:27,102 INFO [SIMULATE] 特徴量生成 race_id=202409010302: 15 頭 × 52 特徴量 (リーク除外済み)
2026-05-01 18:45:27,114 INFO [SIMULATE] 特徴量生成 race_id=202409010303: 14 頭 × 52 特徴量 (リーク除外済み)
2026-05-01 18:45:27,125 INFO [SIMULATE] 特徴量生成 race_id=202409010304: 18 頭 × 52 特徴量 (リーク除外済み)
2026-05-01 18:45:27,136 INFO [SIMULATE] 特徴量生成 race_id=202409010305: 12 頭 × 52 特徴量 (リーク除外済み)
2026-05-01 18:45:27,145 INFO [SIMULATE] 特徴量生成 race_id=202409010306: 6 頭 × 52 特徴量 (リーク除外済み)
2026-05-01 18:45:27,157 INFO [SIMULATE] 特徴量生成 race_id=202409010307: 8 頭 × 52 特徴量 (リーク除外済み)
2026-05-01 18:45:27,171 INFO [SIMULATE] 特徴量生成 race_id=202409010308: 14 頭 × 52 特徴量 (リーク除外済み)
2026-05-01 18:45:27,188 INFO [SIMULATE] 特徴量生成 race_id=202409010309: 8 頭 × 52 特徴量 (リーク除外済み)
2026-05-01 18:45:27,199 INFO [SIMULATE] 特徴量生成 race_id=202409010310: 16 頭 × 52 特徴量 (リーク除外済み)
2026-05-01 18:45:27,212 INFO [SIMULATE] 特徴量生成 race_id=202409010311: 16 頭 × 52 特徴量 (リーク除外済み)
2026-05-01 18:45:27,224 INFO [SIMULATE] 特徴量生成 race_id=202409010312: 13 頭 × 52 特徴量 (リーク除外済み)
2026-05-01 18:45:27,237 INFO [SIMULATE] 特徴量生成 race_id=202410020701: 16 頭 × 52 特徴量 (リーク除外済み)
2026-05-01 18:45:27,250 INFO [SIMULATE] 特徴量生成 race_id=202410020702: 18 頭 × 52 特徴量 (リーク除外済み)
2026-05-01 18:45:27,264 INFO [SIMULATE] 特徴量生成 race_id=202410020703: 14 頭 × 52 特徴量 (リーク除外済み)
2026-05-01 18:45:27,279 INFO [SIMULATE] 特徴量生成 race_id=202410020704: 12 頭 × 52 特徴量 (リーク除外済み)
2026-05-01 18:45:27,291 INFO [SIMULATE] 特徴量生成 race_id=202410020705: 11 頭 × 52 特徴量 (リーク除外済み)
2026-05-01 18:45:27,303 INFO [SIMULATE] 特徴量生成 race_id=202410020706: 15 頭 × 52 特徴量 (リーク除外済み)
2026-05-01 18:45:27,316 INFO [SIMULATE] 特徴量生成 race_id=202410020707: 16 頭 × 52 特徴量 (リーク除外済み)
2026-05-01 18:45:27,326 INFO [SIMULATE] 特徴量生成 race_id=202410020708: 13 頭 × 52 特徴量 (リーク除外済み)
2026-05-01 18:45:27,338 INFO [SIMULATE] 特徴量生成 race_id=202410020709: 13 頭 × 52 特徴量 (リーク除外済み)
2026-05-01 18:45:27,349 INFO [SIMULATE] 特徴量生成 race_id=202410020710: 13 頭 × 52 特徴量 (リーク除外済み)
2026-05-01 18:45:27,362 INFO [SIMULATE] 特徴量生成 race_id=202410020711: 16 頭 × 52 特徴量 (リーク除外済み)
2026-05-01 18:45:27,380 INFO [SIMULATE] 特徴量生成 race_id=202410020712: 18 頭 × 52 特徴量 (リーク除外済み)
2026-05-01 18:45:27,395 INFO [SIMULATE] 特徴量生成 race_id=202406020401: 16 頭 × 52 特徴量 (リーク除外済み)
2026-05-01 18:45:27,414 INFO [SIMULATE] 特徴量生成 race_id=202406020402: 16 頭 × 52 特徴量 (リーク除外済み)
2026-05-01 18:45:27,431 INFO [SIMULATE] 特徴量生成 race_id=202406020403: 16 頭 × 52 特徴量 (リーク除外済み)
2026-05-01 18:45:27,449 INFO [SIMULATE] 特徴量生成 race_id=202406020404: 16 頭 × 52 特徴量 (リーク除外済み)
2026-05-01 18:45:27,465 INFO [SIMULATE] 特徴量生成 race_id=202406020405: 16 頭 × 52 特徴量 (リーク除外済み)
2026-05-01 18:45:27,484 INFO [SIMULATE] 特徴量生成 race_id=202406020406: 18 頭 × 52 特徴量 (リーク除外済み)
2026-05-01 18:45:27,506 INFO [SIMULATE] 特徴量生成 race_id=202406020407: 11 頭 × 52 特徴量 (リーク除外済み)
2026-05-01 18:45:27,516 INFO [SIMULATE] 特徴量生成 race_id=202406020408: 11 頭 × 52 特徴量 (リーク除外済み)
2026-05-01 18:45:27,526 INFO [SIMULATE] 特徴量生成 race_id=202406020409: 14 頭 × 52 特徴量 (リーク除外済み)
2026-05-01 18:45:27,536 INFO [SIMULATE] 特徴量生成 race_id=202406020410: 15 頭 × 52 特徴量 (リーク除外済み)
2026-05-01 18:45:27,546 INFO [SIMULATE] 特徴量生成 race_id=202406020411: 11 頭 × 52 特徴量 (リーク除外済み)
2026-05-01 18:45:27,561 INFO [SIMULATE] 特徴量生成 race_id=202406020412: 16 頭 × 52 特徴量 (リーク除外済み)
2026-05-01 18:45:27,572 INFO [SIMULATE] 特徴量生成 race_id=202409010401: 16 頭 × 52 特徴量 (リーク除外済み)
2026-05-01 18:45:27,586 INFO [SIMULATE] 特徴量生成 race_id=202409010402: 15 頭 × 52 特徴量 (リーク除外済み)
2026-05-01 18:45:27,596 INFO [SIMULATE] 特徴量生成 race_id=202409010403: 16 頭 × 52 特徴量 (リーク除外済み)
2026-05-01 18:45:27,607 INFO [SIMULATE] 特徴量生成 race_id=202409010404: 15 頭 × 52 特徴量 (リーク除外済み)
2026-05-01 18:45:27,617 INFO [SIMULATE] 特徴量生成 race_id=202409010405: 11 頭 × 52 特徴量 (リーク除外済み)
2026-05-01 18:45:27,628 INFO [SIMULATE] 特徴量生成 race_id=202409010406: 8 頭 × 52 特徴量 (リーク除外済み)
2026-05-01 18:45:27,637 INFO [SIMULATE] 特徴量生成 race_id=202409010407: 6 頭 × 52 特徴量 (リーク除外済み)
2026-05-01 18:45:27,647 INFO [SIMULATE] 特徴量生成 race_id=202409010408: 7 頭 × 52 特徴量 (リーク除外済み)
2026-05-01 18:45:27,659 INFO [SIMULATE] 特徴量生成 race_id=202409010409: 12 頭 × 52 特徴量 (リーク除外済み)
2026-05-01 18:45:27,673 INFO [SIMULATE] 特徴量生成 race_id=202409010410: 14 頭 × 52 特徴量 (リーク除外済み)
2026-05-01 18:45:27,687 INFO [SIMULATE] 特徴量生成 race_id=202409010411: 15 頭 × 52 特徴量 (リーク除外済み)
2026-05-01 18:45:27,698 INFO [SIMULATE] 特徴量生成 race_id=202409010412: 15 頭 × 52 特徴量 (リーク除外済み)
2026-05-01 18:45:27,714 INFO [SIMULATE] 特徴量生成 race_id=202410020801: 18 頭 × 52 特徴量 (リーク除外済み)
2026-05-01 18:45:27,731 INFO [SIMULATE] 特徴量生成 race_id=202410020802: 14 頭 × 52 特徴量 (リーク除外済み)
2026-05-01 18:45:27,744 INFO [SIMULATE] 特徴量生成 race_id=202410020803: 14 頭 × 52 特徴量 (リーク除外済み)
2026-05-01 18:45:27,758 INFO [SIMULATE] 特徴量生成 race_id=202410020804: 12 頭 × 52 特徴量 (リーク除外済み)
2026-05-01 18:45:27,773 INFO [SIMULATE] 特徴量生成 race_id=202410020805: 12 頭 × 52 特徴量 (リーク除外済み)
2026-05-01 18:45:27,784 INFO [SIMULATE] 特徴量生成 race_id=202410020806: 14 頭 × 52 特徴量 (リーク除外済み)
2026-05-01 18:45:27,795 INFO [SIMULATE] 特徴量生成 race_id=202410020807: 16 頭 × 52 特徴量 (リーク除外済み)
2026-05-01 18:45:27,806 INFO [SIMULATE] 特徴量生成 race_id=202410020808: 11 頭 × 52 特徴量 (リーク除外済み)
2026-05-01 18:45:27,819 INFO [SIMULATE] 特徴量生成 race_id=202410020809: 11 頭 × 52 特徴量 (リーク除外済み)
2026-05-01 18:45:27,831 INFO [SIMULATE] 特徴量生成 race_id=202410020810: 18 頭 × 52 特徴量 (リーク除外済み)
2026-05-01 18:45:27,846 INFO [SIMULATE] 特徴量生成 race_id=202410020811: 14 頭 × 52 特徴量 (リーク除外済み)
2026-05-01 18:45:27,862 INFO [SIMULATE] 特徴量生成 race_id=202410020812: 15 頭 × 52 特徴量 (リーク除外済み)
2026-05-01 18:45:27,876 INFO [SIMULATE] 特徴量生成 race_id=202406020501: 14 頭 × 52 特徴量 (リーク除外済み)
2026-05-01 18:45:27,888 INFO [SIMULATE] 特徴量生成 race_id=202406020502: 16 頭 × 52 特徴量 (リーク除外済み)
2026-05-01 18:45:27,899 INFO [SIMULATE] 特徴量生成 race_id=202406020503: 13 頭 × 52 特徴量 (リーク除外済み)
2026-05-01 18:45:27,909 INFO [SIMULATE] 特徴量生成 race_id=202406020504: 16 頭 × 52 特徴量 (リーク除外済み)
2026-05-01 18:45:27,921 INFO [SIMULATE] 特徴量生成 race_id=202406020505: 16 頭 × 52 特徴量 (リーク除外済み)
2026-05-01 18:45:27,932 INFO [SIMULATE] 特徴量生成 race_id=202406020506: 12 頭 × 52 特徴量 (リーク除外済み)
2026-05-01 18:45:27,941 INFO [SIMULATE] 特徴量生成 race_id=202406020507: 11 頭 × 52 特徴量 (リーク除外済み)
2026-05-01 18:45:27,952 INFO [SIMULATE] 特徴量生成 race_id=202406020508: 16 頭 × 52 特徴量 (リーク除外済み)
2026-05-01 18:45:27,967 INFO [SIMULATE] 特徴量生成 race_id=202406020509: 16 頭 × 52 特徴量 (リーク除外済み)
2026-05-01 18:45:27,980 INFO [SIMULATE] 特徴量生成 race_id=202406020510: 16 頭 × 52 特徴量 (リーク除外済み)
2026-05-01 18:45:27,990 INFO [SIMULATE] 特徴量生成 race_id=202406020511: 16 頭 × 52 特徴量 (リーク除外済み)
2026-05-01 18:45:28,002 INFO [SIMULATE] 特徴量生成 race_id=202406020512: 13 頭 × 52 特徴量 (リーク除外済み)
2026-05-01 18:45:28,014 INFO [SIMULATE] 特徴量生成 race_id=202407010101: 16 頭 × 52 特徴量 (リーク除外済み)
2026-05-01 18:45:28,025 INFO [SIMULATE] 特徴量生成 race_id=202407010102: 18 頭 × 52 特徴量 (リーク除外済み)
2026-05-01 18:45:28,035 INFO [SIMULATE] 特徴量生成 race_id=202407010103: 12 頭 × 52 特徴量 (リーク除外済み)
2026-05-01 18:45:28,047 INFO [SIMULATE] 特徴量生成 race_id=202407010104: 11 頭 × 52 特徴量 (リーク除外済み)
2026-05-01 18:45:28,059 INFO [SIMULATE] 特徴量生成 race_id=202407010105: 15 頭 × 52 特徴量 (リーク除外済み)
2026-05-01 18:45:28,071 INFO [SIMULATE] 特徴量生成 race_id=202407010106: 14 頭 × 52 特徴量 (リーク除外済み)
2026-05-01 18:45:28,081 INFO [SIMULATE] 特徴量生成 race_id=202407010107: 9 頭 × 52 特徴量 (リーク除外済み)
2026-05-01 18:45:28,091 INFO [SIMULATE] 特徴量生成 race_id=202407010108: 8 頭 × 52 特徴量 (リーク除外済み)
2026-05-01 18:45:28,104 INFO [SIMULATE] 特徴量生成 race_id=202407010109: 16 頭 × 52 特徴量 (リーク除外済み)
2026-05-01 18:45:28,115 INFO [SIMULATE] 特徴量生成 race_id=202407010110: 10 頭 × 52 特徴量 (リーク除外済み)
2026-05-01 18:45:28,127 INFO [SIMULATE] 特徴量生成 race_id=202407010111: 12 頭 × 52 特徴量 (リーク除外済み)
2026-05-01 18:45:28,139 INFO [SIMULATE] 特徴量生成 race_id=202407010112: 18 頭 × 52 特徴量 (リーク除外済み)
2026-05-01 18:45:28,150 INFO [SIMULATE] 特徴量生成 race_id=202409010501: 16 頭 × 52 特徴量 (リーク除外済み)
2026-05-01 18:45:28,160 INFO [SIMULATE] 特徴量生成 race_id=202409010502: 12 頭 × 52 特徴量 (リーク除外済み)
2026-05-01 18:45:28,172 INFO [SIMULATE] 特徴量生成 race_id=202409010503: 16 頭 × 52 特徴量 (リーク除外済み)
2026-05-01 18:45:28,183 INFO [SIMULATE] 特徴量生成 race_id=202409010504: 13 頭 × 52 特徴量 (リーク除外済み)
2026-05-01 18:45:28,197 INFO [SIMULATE] 特徴量生成 race_id=202409010505: 15 頭 × 52 特徴量 (リーク除外済み)
2026-05-01 18:45:28,207 INFO [SIMULATE] 特徴量生成 race_id=202409010506: 10 頭 × 52 特徴量 (リーク除外済み)
2026-05-01 18:45:28,220 INFO [SIMULATE] 特徴量生成 race_id=202409010507: 12 頭 × 52 特徴量 (リーク除外済み)
2026-05-01 18:45:28,230 INFO [SIMULATE] 特徴量生成 race_id=202409010508: 10 頭 × 52 特徴量 (リーク除外済み)
2026-05-01 18:45:28,239 INFO [SIMULATE] 特徴量生成 race_id=202409010509: 7 頭 × 52 特徴量 (リーク除外済み)
2026-05-01 18:45:28,253 INFO [SIMULATE] 特徴量生成 race_id=202409010510: 10 頭 × 52 特徴量 (リーク除外済み)
2026-05-01 18:45:28,270 INFO [SIMULATE] 特徴量生成 race_id=202409010511: 16 頭 × 52 特徴量 (リーク除外済み)
2026-05-01 18:45:28,283 INFO [SIMULATE] 特徴量生成 race_id=202409010512: 14 頭 × 52 特徴量 (リーク除外済み)
2026-05-01 18:45:28,299 INFO [SIMULATE] 特徴量生成 race_id=202406020601: 16 頭 × 52 特徴量 (リーク除外済み)
2026-05-01 18:45:28,315 INFO [SIMULATE] 特徴量生成 race_id=202406020602: 16 頭 × 52 特徴量 (リーク除外済み)
2026-05-01 18:45:28,333 INFO [SIMULATE] 特徴量生成 race_id=202406020603: 16 頭 × 52 特徴量 (リーク除外済み)
2026-05-01 18:45:28,348 INFO [SIMULATE] 特徴量生成 race_id=202406020604: 9 頭 × 52 特徴量 (リーク除外済み)
2026-05-01 18:45:28,363 INFO [SIMULATE] 特徴量生成 race_id=202406020605: 18 頭 × 52 特徴量 (リーク除外済み)
2026-05-01 18:45:28,375 INFO [SIMULATE] 特徴量生成 race_id=202406020606: 16 頭 × 52 特徴量 (リーク除外済み)
2026-05-01 18:45:28,386 INFO [SIMULATE] 特徴量生成 race_id=202406020607: 11 頭 × 52 特徴量 (リーク除外済み)
2026-05-01 18:45:28,400 INFO [SIMULATE] 特徴量生成 race_id=202406020608: 15 頭 × 52 特徴量 (リーク除外済み)
2026-05-01 18:45:28,411 INFO [SIMULATE] 特徴量生成 race_id=202406020609: 16 頭 × 52 特徴量 (リーク除外済み)
2026-05-01 18:45:28,427 INFO [SIMULATE] 特徴量生成 race_id=202406020610: 14 頭 × 52 特徴量 (リーク除外済み)
2026-05-01 18:45:28,439 INFO [SIMULATE] 特徴量生成 race_id=202406020611: 12 頭 × 52 特徴量 (リーク除外済み)
2026-05-01 18:45:28,450 INFO [SIMULATE] 特徴量生成 race_id=202406020612: 16 頭 × 52 特徴量 (リーク除外済み)
2026-05-01 18:45:28,461 INFO [SIMULATE] 特徴量生成 race_id=202407010201: 13 頭 × 52 特徴量 (リーク除外済み)
2026-05-01 18:45:28,472 INFO [SIMULATE] 特徴量生成 race_id=202407010202: 16 頭 × 52 特徴量 (リーク除外済み)
2026-05-01 18:45:28,485 INFO [SIMULATE] 特徴量生成 race_id=202407010203: 18 頭 × 52 特徴量 (リーク除外済み)
2026-05-01 18:45:28,495 INFO [SIMULATE] 特徴量生成 race_id=202407010204: 11 頭 × 52 特徴量 (リーク除外済み)
2026-05-01 18:45:28,508 INFO [SIMULATE] 特徴量生成 race_id=202407010205: 11 頭 × 52 特徴量 (リーク除外済み)
2026-05-01 18:45:28,526 INFO [SIMULATE] 特徴量生成 race_id=202407010206: 10 頭 × 52 特徴量 (リーク除外済み)
2026-05-01 18:45:28,536 INFO [SIMULATE] 特徴量生成 race_id=202407010207: 10 頭 × 52 特徴量 (リーク除外済み)
2026-05-01 18:45:28,552 INFO [SIMULATE] 特徴量生成 race_id=202407010208: 8 頭 × 52 特徴量 (リーク除外済み)
2026-05-01 18:45:28,564 INFO [SIMULATE] 特徴量生成 race_id=202407010209: 11 頭 × 52 特徴量 (リーク除外済み)
2026-05-01 18:45:28,575 INFO [SIMULATE] 特徴量生成 race_id=202407010210: 9 頭 × 52 特徴量 (リーク除外済み)
2026-05-01 18:45:28,585 INFO [SIMULATE] 特徴量生成 race_id=202407010211: 13 頭 × 52 特徴量 (リーク除外済み)
2026-05-01 18:45:28,595 INFO [SIMULATE] 特徴量生成 race_id=202407010212: 16 頭 × 52 特徴量 (リーク除外済み)
2026-05-01 18:45:28,608 INFO [SIMULATE] 特徴量生成 race_id=202409010601: 11 頭 × 52 特徴量 (リーク除外済み)
2026-05-01 18:45:28,618 INFO [SIMULATE] 特徴量生成 race_id=202409010602: 16 頭 × 52 特徴量 (リーク除外済み)
2026-05-01 18:45:28,628 INFO [SIMULATE] 特徴量生成 race_id=202409010603: 13 頭 × 52 特徴量 (リーク除外済み)
2026-05-01 18:45:28,637 INFO [SIMULATE] 特徴量生成 race_id=202409010604: 10 頭 × 52 特徴量 (リーク除外済み)
2026-05-01 18:45:28,647 INFO [SIMULATE] 特徴量生成 race_id=202409010605: 11 頭 × 52 特徴量 (リーク除外済み)
2026-05-01 18:45:28,659 INFO [SIMULATE] 特徴量生成 race_id=202409010606: 14 頭 × 52 特徴量 (リーク除外済み)
2026-05-01 18:45:28,675 INFO [SIMULATE] 特徴量生成 race_id=202409010607: 10 頭 × 52 特徴量 (リーク除外済み)
2026-05-01 18:45:28,705 INFO [SIMULATE] 特徴量生成 race_id=202409010608: 16 頭 × 52 特徴量 (リーク除外済み)
2026-05-01 18:45:28,726 INFO [SIMULATE] 特徴量生成 race_id=202409010609: 10 頭 × 52 特徴量 (リーク除外済み)
2026-05-01 18:45:28,745 INFO [SIMULATE] 特徴量生成 race_id=202409010610: 16 頭 × 52 特徴量 (リーク除外済み)
2026-05-01 18:45:28,757 INFO [SIMULATE] 特徴量生成 race_id=202409010611: 15 頭 × 52 特徴量 (リーク除外済み)
2026-05-01 18:45:28,768 INFO [SIMULATE] 特徴量生成 race_id=202409010612: 13 頭 × 52 特徴量 (リーク除外済み)
2026-05-01 18:45:28,790 INFO [SIMULATE] 特徴量生成 race_id=202406020701: 16 頭 × 52 特徴量 (リーク除外済み)
2026-05-01 18:45:28,803 INFO [SIMULATE] 特徴量生成 race_id=202406020702: 16 頭 × 52 特徴量 (リーク除外済み)
2026-05-01 18:45:28,817 INFO [SIMULATE] 特徴量生成 race_id=202406020703: 16 頭 × 52 特徴量 (リーク除外済み)
2026-05-01 18:45:28,829 INFO [SIMULATE] 特徴量生成 race_id=202406020704: 16 頭 × 52 特徴量 (リーク除外済み)
2026-05-01 18:45:28,852 INFO [SIMULATE] 特徴量生成 race_id=202406020705: 17 頭 × 52 特徴量 (リーク除外済み)
2026-05-01 18:45:28,867 INFO [SIMULATE] 特徴量生成 race_id=202406020706: 9 頭 × 52 特徴量 (リーク除外済み)
2026-05-01 18:45:28,892 INFO [SIMULATE] 特徴量生成 race_id=202406020707: 15 頭 × 52 特徴量 (リーク除外済み)
2026-05-01 18:45:28,929 INFO [SIMULATE] 特徴量生成 race_id=202406020708: 12 頭 × 52 特徴量 (リーク除外済み)
2026-05-01 18:45:28,951 INFO [SIMULATE] 特徴量生成 race_id=202406020709: 11 頭 × 52 特徴量 (リーク除外済み)
2026-05-01 18:45:28,984 INFO [SIMULATE] 特徴量生成 race_id=202406020710: 14 頭 × 52 特徴量 (リーク除外済み)
2026-05-01 18:45:28,997 INFO [SIMULATE] 特徴量生成 race_id=202406020711: 12 頭 × 52 特徴量 (リーク除外済み)
2026-05-01 18:45:29,020 INFO [SIMULATE] 特徴量生成 race_id=202406020712: 16 頭 × 52 特徴量 (リーク除外済み)
2026-05-01 18:45:29,039 INFO [SIMULATE] 特徴量生成 race_id=202407010301: 16 頭 × 52 特徴量 (リーク除外済み)
2026-05-01 18:45:29,055 INFO [SIMULATE] 特徴量生成 race_id=202407010302: 13 頭 × 52 特徴量 (リーク除外済み)
2026-05-01 18:45:29,073 INFO [SIMULATE] 特徴量生成 race_id=202407010303: 18 頭 × 52 特徴量 (リーク除外済み)
2026-05-01 18:45:29,087 INFO [SIMULATE] 特徴量生成 race_id=202407010304: 12 頭 × 52 特徴量 (リーク除外済み)
2026-05-01 18:45:29,103 INFO [SIMULATE] 特徴量生成 race_id=202407010305: 15 頭 × 52 特徴量 (リーク除外済み)
2026-05-01 18:45:29,113 INFO [SIMULATE] 特徴量生成 race_id=202407010306: 8 頭 × 52 特徴量 (リーク除外済み)
2026-05-01 18:45:29,124 INFO [SIMULATE] 特徴量生成 race_id=202407010307: 6 頭 × 52 特徴量 (リーク除外済み)
2026-05-01 18:45:29,144 INFO [SIMULATE] 特徴量生成 race_id=202407010308: 13 頭 × 52 特徴量 (リーク除外済み)
2026-05-01 18:45:29,160 INFO [SIMULATE] 特徴量生成 race_id=202407010309: 16 頭 × 52 特徴量 (リーク除外済み)
2026-05-01 18:45:29,185 INFO [SIMULATE] 特徴量生成 race_id=202407010310: 16 頭 × 52 特徴量 (リーク除外済み)
2026-05-01 18:45:29,206 INFO [SIMULATE] 特徴量生成 race_id=202407010311: 17 頭 × 52 特徴量 (リーク除外済み)
2026-05-01 18:45:29,219 INFO [SIMULATE] 特徴量生成 race_id=202407010312: 16 頭 × 52 特徴量 (リーク除外済み)
2026-05-01 18:45:29,236 INFO [SIMULATE] 特徴量生成 race_id=202409010701: 16 頭 × 52 特徴量 (リーク除外済み)
2026-05-01 18:45:29,255 INFO [SIMULATE] 特徴量生成 race_id=202409010702: 14 頭 × 52 特徴量 (リーク除外済み)
2026-05-01 18:45:29,278 INFO [SIMULATE] 特徴量生成 race_id=202409010703: 16 頭 × 52 特徴量 (リーク除外済み)
2026-05-01 18:45:29,298 INFO [SIMULATE] 特徴量生成 race_id=202409010704: 11 頭 × 52 特徴量 (リーク除外済み)
2026-05-01 18:45:29,317 INFO [SIMULATE] 特徴量生成 race_id=202409010705: 10 頭 × 52 特徴量 (リーク除外済み)
2026-05-01 18:45:29,336 INFO [SIMULATE] 特徴量生成 race_id=202409010706: 10 頭 × 52 特徴量 (リーク除外済み)
2026-05-01 18:45:29,360 INFO [SIMULATE] 特徴量生成 race_id=202409010707: 9 頭 × 52 特徴量 (リーク除外済み)
2026-05-01 18:45:29,387 INFO [SIMULATE] 特徴量生成 race_id=202409010708: 15 頭 × 52 特徴量 (リーク除外済み)
2026-05-01 18:45:29,415 INFO [SIMULATE] 特徴量生成 race_id=202409010709: 9 頭 × 52 特徴量 (リーク除外済み)
2026-05-01 18:45:29,430 INFO [SIMULATE] 特徴量生成 race_id=202409010710: 16 頭 × 52 特徴量 (リーク除外済み)
2026-05-01 18:45:29,446 INFO [SIMULATE] 特徴量生成 race_id=202409010711: 10 頭 × 52 特徴量 (リーク除外済み)
2026-05-01 18:45:29,471 INFO [SIMULATE] 特徴量生成 race_id=202409010712: 14 頭 × 52 特徴量 (リーク除外済み)
2026-05-01 18:45:29,487 INFO [SIMULATE] 特徴量生成 race_id=202406020801: 16 頭 × 52 特徴量 (リーク除外済み)
2026-05-01 18:45:29,518 INFO [SIMULATE] 特徴量生成 race_id=202406020802: 16 頭 × 52 特徴量 (リーク除外済み)
2026-05-01 18:45:29,548 INFO [SIMULATE] 特徴量生成 race_id=202406020803: 16 頭 × 52 特徴量 (リーク除外済み)
2026-05-01 18:45:29,563 INFO [SIMULATE] 特徴量生成 race_id=202406020804: 16 頭 × 52 特徴量 (リーク除外済み)
2026-05-01 18:45:29,586 INFO [SIMULATE] 特徴量生成 race_id=202406020805: 16 頭 × 52 特徴量 (リーク除外済み)
2026-05-01 18:45:29,598 INFO [SIMULATE] 特徴量生成 race_id=202406020806: 13 頭 × 52 特徴量 (リーク除外済み)
2026-05-01 18:45:29,617 INFO [SIMULATE] 特徴量生成 race_id=202406020807: 16 頭 × 52 特徴量 (リーク除外済み)
2026-05-01 18:45:29,633 INFO [SIMULATE] 特徴量生成 race_id=202406020808: 8 頭 × 52 特徴量 (リーク除外済み)
2026-05-01 18:45:29,644 INFO [SIMULATE] 特徴量生成 race_id=202406020809: 16 頭 × 52 特徴量 (リーク除外済み)
2026-05-01 18:45:29,668 INFO [SIMULATE] 特徴量生成 race_id=202406020810: 16 頭 × 52 特徴量 (リーク除外済み)
2026-05-01 18:45:29,686 INFO [SIMULATE] 特徴量生成 race_id=202406020811: 10 頭 × 52 特徴量 (リーク除外済み)
2026-05-01 18:45:29,724 INFO [SIMULATE] 特徴量生成 race_id=202406020812: 16 頭 × 52 特徴量 (リーク除外済み)
2026-05-01 18:45:29,735 INFO [SIMULATE] 特徴量生成 race_id=202407010401: 15 頭 × 52 特徴量 (リーク除外済み)
2026-05-01 18:45:29,747 INFO [SIMULATE] 特徴量生成 race_id=202407010402: 16 頭 × 52 特徴量 (リーク除外済み)
2026-05-01 18:45:29,759 INFO [SIMULATE] 特徴量生成 race_id=202407010403: 18 頭 × 52 特徴量 (リーク除外済み)
2026-05-01 18:45:29,772 INFO [SIMULATE] 特徴量生成 race_id=202407010404: 16 頭 × 52 特徴量 (リーク除外済み)
2026-05-01 18:45:29,782 INFO [SIMULATE] 特徴量生成 race_id=202407010405: 16 頭 × 52 特徴量 (リーク除外済み)
2026-05-01 18:45:29,793 INFO [SIMULATE] 特徴量生成 race_id=202407010406: 11 頭 × 52 特徴量 (リーク除外済み)
2026-05-01 18:45:29,804 INFO [SIMULATE] 特徴量生成 race_id=202407010407: 16 頭 × 52 特徴量 (リーク除外済み)
2026-05-01 18:45:29,816 INFO [SIMULATE] 特徴量生成 race_id=202407010408: 10 頭 × 52 特徴量 (リーク除外済み)
2026-05-01 18:45:29,826 INFO [SIMULATE] 特徴量生成 race_id=202407010409: 10 頭 × 52 特徴量 (リーク除外済み)
2026-05-01 18:45:29,839 INFO [SIMULATE] 特徴量生成 race_id=202407010410: 12 頭 × 52 特徴量 (リーク除外済み)
2026-05-01 18:45:29,849 INFO [SIMULATE] 特徴量生成 race_id=202407010411: 13 頭 × 52 特徴量 (リーク除外済み)
2026-05-01 18:45:29,861 INFO [SIMULATE] 特徴量生成 race_id=202407010412: 16 頭 × 52 特徴量 (リーク除外済み)
2026-05-01 18:45:29,876 INFO [SIMULATE] 特徴量生成 race_id=202409010801: 10 頭 × 52 特徴量 (リーク除外済み)
2026-05-01 18:45:29,892 INFO [SIMULATE] 特徴量生成 race_id=202409010802: 16 頭 × 52 特徴量 (リーク除外済み)
2026-05-01 18:45:29,904 INFO [SIMULATE] 特徴量生成 race_id=202409010803: 11 頭 × 52 特徴量 (リーク除外済み)
2026-05-01 18:45:29,914 INFO [SIMULATE] 特徴量生成 race_id=202409010804: 8 頭 × 52 特徴量 (リーク除外済み)
2026-05-01 18:45:29,925 INFO [SIMULATE] 特徴量生成 race_id=202409010805: 13 頭 × 52 特徴量 (リーク除外済み)
2026-05-01 18:45:29,938 INFO [SIMULATE] 特徴量生成 race_id=202409010807: 8 頭 × 52 特徴量 (リーク除外済み)
2026-05-01 18:45:29,949 INFO [SIMULATE] 特徴量生成 race_id=202409010808: 7 頭 × 52 特徴量 (リーク除外済み)
2026-05-01 18:45:29,965 INFO [SIMULATE] 特徴量生成 race_id=202409010809: 11 頭 × 52 特徴量 (リーク除外済み)
2026-05-01 18:45:29,980 INFO [SIMULATE] 特徴量生成 race_id=202409010810: 11 頭 × 52 特徴量 (リーク除外済み)
2026-05-01 18:45:30,004 INFO [SIMULATE] 特徴量生成 race_id=202409010811: 15 頭 × 52 特徴量 (リーク除外済み)
2026-05-01 18:45:30,016 INFO [SIMULATE] 特徴量生成 race_id=202409010812: 14 頭 × 52 特徴量 (リーク除外済み)
2026-05-01 18:45:30,041 INFO [SIMULATE] 特徴量生成 race_id=202406030101: 16 頭 × 52 特徴量 (リーク除外済み)
2026-05-01 18:45:30,055 INFO [SIMULATE] 特徴量生成 race_id=202406030102: 16 頭 × 52 特徴量 (リーク除外済み)
2026-05-01 18:45:30,068 INFO [SIMULATE] 特徴量生成 race_id=202406030103: 16 頭 × 52 特徴量 (リーク除外済み)
2026-05-01 18:45:30,079 INFO [SIMULATE] 特徴量生成 race_id=202406030104: 16 頭 × 52 特徴量 (リーク除外済み)
2026-05-01 18:45:30,090 INFO [SIMULATE] 特徴量生成 race_id=202406030105: 10 頭 × 52 特徴量 (リーク除外済み)
2026-05-01 18:45:30,107 INFO [SIMULATE] 特徴量生成 race_id=202406030106: 11 頭 × 52 特徴量 (リーク除外済み)
2026-05-01 18:45:30,121 INFO [SIMULATE] 特徴量生成 race_id=202406030107: 16 頭 × 52 特徴量 (リーク除外済み)
2026-05-01 18:45:30,132 INFO [SIMULATE] 特徴量生成 race_id=202406030108: 11 頭 × 52 特徴量 (リーク除外済み)
2026-05-01 18:45:30,151 INFO [SIMULATE] 特徴量生成 race_id=202406030109: 16 頭 × 52 特徴量 (リーク除外済み)
2026-05-01 18:45:30,165 INFO [SIMULATE] 特徴量生成 race_id=202406030110: 11 頭 × 52 特徴量 (リーク除外済み)
2026-05-01 18:45:30,175 INFO [SIMULATE] 特徴量生成 race_id=202406030111: 10 頭 × 52 特徴量 (リーク除外済み)
2026-05-01 18:45:30,187 INFO [SIMULATE] 特徴量生成 race_id=202406030112: 16 頭 × 52 特徴量 (リーク除外済み)
2026-05-01 18:45:30,202 INFO [SIMULATE] 特徴量生成 race_id=202407010501: 16 頭 × 52 特徴量 (リーク除外済み)
2026-05-01 18:45:30,217 INFO [SIMULATE] 特徴量生成 race_id=202407010502: 18 頭 × 52 特徴量 (リーク除外済み)
2026-05-01 18:45:30,229 INFO [SIMULATE] 特徴量生成 race_id=202407010503: 16 頭 × 52 特徴量 (リーク除外済み)
2026-05-01 18:45:30,252 INFO [SIMULATE] 特徴量生成 race_id=202407010504: 16 頭 × 52 特徴量 (リーク除外済み)
2026-05-01 18:45:30,266 INFO [SIMULATE] 特徴量生成 race_id=202407010505: 14 頭 × 52 特徴量 (リーク除外済み)
2026-05-01 18:45:30,283 INFO [SIMULATE] 特徴量生成 race_id=202407010506: 16 頭 × 52 特徴量 (リーク除外済み)
2026-05-01 18:45:30,295 INFO [SIMULATE] 特徴量生成 race_id=202407010507: 14 頭 × 52 特徴量 (リーク除外済み)
2026-05-01 18:45:30,310 INFO [SIMULATE] 特徴量生成 race_id=202407010508: 16 頭 × 52 特徴量 (リーク除外済み)
2026-05-01 18:45:30,320 INFO [SIMULATE] 特徴量生成 race_id=202407010509: 8 頭 × 52 特徴量 (リーク除外済み)
2026-05-01 18:45:30,336 INFO [SIMULATE] 特徴量生成 race_id=202407010510: 10 頭 × 52 特徴量 (リーク除外済み)
2026-05-01 18:45:30,347 INFO [SIMULATE] 特徴量生成 race_id=202407010511: 16 頭 × 52 特徴量 (リーク除外済み)
2026-05-01 18:45:30,365 INFO [SIMULATE] 特徴量生成 race_id=202407010512: 16 頭 × 52 特徴量 (リーク除外済み)
2026-05-01 18:45:30,380 INFO [SIMULATE] 特徴量生成 race_id=202409020101: 16 頭 × 52 特徴量 (リーク除外済み)
2026-05-01 18:45:30,393 INFO [SIMULATE] 特徴量生成 race_id=202409020102: 13 頭 × 52 特徴量 (リーク除外済み)
2026-05-01 18:45:30,412 INFO [SIMULATE] 特徴量生成 race_id=202409020103: 16 頭 × 52 特徴量 (リーク除外済み)
2026-05-01 18:45:30,427 INFO [SIMULATE] 特徴量生成 race_id=202409020104: 8 頭 × 52 特徴量 (リーク除外済み)
2026-05-01 18:45:30,438 INFO [SIMULATE] 特徴量生成 race_id=202409020105: 13 頭 × 52 特徴量 (リーク除外済み)
2026-05-01 18:45:30,454 INFO [SIMULATE] 特徴量生成 race_id=202409020106: 12 頭 × 52 特徴量 (リーク除外済み)
2026-05-01 18:45:30,468 INFO [SIMULATE] 特徴量生成 race_id=202409020107: 10 頭 × 52 特徴量 (リーク除外済み)
2026-05-01 18:45:30,480 INFO [SIMULATE] 特徴量生成 race_id=202409020108: 13 頭 × 52 特徴量 (リーク除外済み)
2026-05-01 18:45:30,490 INFO [SIMULATE] 特徴量生成 race_id=202409020109: 8 頭 × 52 特徴量 (リーク除外済み)
2026-05-01 18:45:30,500 INFO [SIMULATE] 特徴量生成 race_id=202409020110: 8 頭 × 52 特徴量 (リーク除外済み)
2026-05-01 18:45:30,514 INFO [SIMULATE] 特徴量生成 race_id=202409020111: 10 頭 × 52 特徴量 (リーク除外済み)
2026-05-01 18:45:30,526 INFO [SIMULATE] 特徴量生成 race_id=202409020112: 12 頭 × 52 特徴量 (リーク除外済み)
2026-05-01 18:45:30,536 INFO [SIMULATE] 特徴量生成 race_id=202406030201: 16 頭 × 52 特徴量 (リーク除外済み)
2026-05-01 18:45:30,548 INFO [SIMULATE] 特徴量生成 race_id=202406030202: 16 頭 × 52 特徴量 (リーク除外済み)
2026-05-01 18:45:30,562 INFO [SIMULATE] 特徴量生成 race_id=202406030203: 16 頭 × 52 特徴量 (リーク除外済み)
2026-05-01 18:45:30,575 INFO [SIMULATE] 特徴量生成 race_id=202406030204: 12 頭 × 52 特徴量 (リーク除外済み)
2026-05-01 18:45:30,592 INFO [SIMULATE] 特徴量生成 race_id=202406030205: 16 頭 × 52 特徴量 (リーク除外済み)
2026-05-01 18:45:30,610 INFO [SIMULATE] 特徴量生成 race_id=202406030206: 15 頭 × 52 特徴量 (リーク除外済み)
2026-05-01 18:45:30,626 INFO [SIMULATE] 特徴量生成 race_id=202406030207: 15 頭 × 52 特徴量 (リーク除外済み)
2026-05-01 18:45:30,636 INFO [SIMULATE] 特徴量生成 race_id=202406030208: 7 頭 × 52 特徴量 (リーク除外済み)
2026-05-01 18:45:30,646 INFO [SIMULATE] 特徴量生成 race_id=202406030209: 15 頭 × 52 特徴量 (リーク除外済み)
2026-05-01 18:45:30,656 INFO [SIMULATE] 特徴量生成 race_id=202406030210: 13 頭 × 52 特徴量 (リーク除外済み)
2026-05-01 18:45:30,668 INFO [SIMULATE] 特徴量生成 race_id=202406030211: 14 頭 × 52 特徴量 (リーク除外済み)
2026-05-01 18:45:30,681 INFO [SIMULATE] 特徴量生成 race_id=202406030212: 13 頭 × 52 特徴量 (リーク除外済み)
2026-05-01 18:45:30,690 INFO [SIMULATE] 特徴量生成 race_id=202407010601: 16 頭 × 52 特徴量 (リーク除外済み)
2026-05-01 18:45:30,705 INFO [SIMULATE] 特徴量生成 race_id=202407010602: 18 頭 × 52 特徴量 (リーク除外済み)
2026-05-01 18:45:30,715 INFO [SIMULATE] 特徴量生成 race_id=202407010603: 14 頭 × 52 特徴量 (リーク除外済み)
2026-05-01 18:45:30,725 INFO [SIMULATE] 特徴量生成 race_id=202407010604: 16 頭 × 52 特徴量 (リーク除外済み)
2026-05-01 18:45:30,736 INFO [SIMULATE] 特徴量生成 race_id=202407010605: 13 頭 × 52 特徴量 (リーク除外済み)
2026-05-01 18:45:30,748 INFO [SIMULATE] 特徴量生成 race_id=202407010606: 11 頭 × 52 特徴量 (リーク除外済み)
2026-05-01 18:45:30,759 INFO [SIMULATE] 特徴量生成 race_id=202407010607: 9 頭 × 52 特徴量 (リーク除外済み)
2026-05-01 18:45:30,770 INFO [SIMULATE] 特徴量生成 race_id=202407010608: 16 頭 × 52 特徴量 (リーク除外済み)
2026-05-01 18:45:30,782 INFO [SIMULATE] 特徴量生成 race_id=202407010609: 10 頭 × 52 特徴量 (リーク除外済み)
2026-05-01 18:45:30,794 INFO [SIMULATE] 特徴量生成 race_id=202407010610: 16 頭 × 52 特徴量 (リーク除外済み)
2026-05-01 18:45:30,806 INFO [SIMULATE] 特徴量生成 race_id=202407010611: 18 頭 × 52 特徴量 (リーク除外済み)
2026-05-01 18:45:30,816 INFO [SIMULATE] 特徴量生成 race_id=202407010612: 16 頭 × 52 特徴量 (リーク除外済み)
2026-05-01 18:45:30,826 INFO [SIMULATE] 特徴量生成 race_id=202409020201: 16 頭 × 52 特徴量 (リーク除外済み)
2026-05-01 18:45:30,837 INFO [SIMULATE] 特徴量生成 race_id=202409020202: 16 頭 × 52 特徴量 (リーク除外済み)
2026-05-01 18:45:30,847 INFO [SIMULATE] 特徴量生成 race_id=202409020203: 15 頭 × 52 特徴量 (リーク除外済み)
2026-05-01 18:45:30,857 INFO [SIMULATE] 特徴量生成 race_id=202409020204: 16 頭 × 52 特徴量 (リーク除外済み)
2026-05-01 18:45:30,870 INFO [SIMULATE] 特徴量生成 race_id=202409020205: 18 頭 × 52 特徴量 (リーク除外済み)
2026-05-01 18:45:30,882 INFO [SIMULATE] 特徴量生成 race_id=202409020206: 12 頭 × 52 特徴量 (リーク除外済み)
2026-05-01 18:45:30,892 INFO [SIMULATE] 特徴量生成 race_id=202409020207: 14 頭 × 52 特徴量 (リーク除外済み)
2026-05-01 18:45:30,905 INFO [SIMULATE] 特徴量生成 race_id=202409020208: 14 頭 × 52 特徴量 (リーク除外済み)
2026-05-01 18:45:30,922 INFO [SIMULATE] 特徴量生成 race_id=202409020209: 10 頭 × 52 特徴量 (リーク除外済み)
2026-05-01 18:45:30,937 INFO [SIMULATE] 特徴量生成 race_id=202409020210: 8 頭 × 52 特徴量 (リーク除外済み)
2026-05-01 18:45:30,951 INFO [SIMULATE] 特徴量生成 race_id=202409020211: 15 頭 × 52 特徴量 (リーク除外済み)
2026-05-01 18:45:30,963 INFO [SIMULATE] 特徴量生成 race_id=202409020212: 16 頭 × 52 特徴量 (リーク除外済み)
2026-05-01 18:45:30,997 INFO [SIMULATE] 特徴量生成 race_id=202406030301: 16 頭 × 52 特徴量 (リーク除外済み)
2026-05-01 18:45:31,013 INFO [SIMULATE] 特徴量生成 race_id=202406030302: 16 頭 × 52 特徴量 (リーク除外済み)
2026-05-01 18:45:31,031 INFO [SIMULATE] 特徴量生成 race_id=202406030303: 14 頭 × 52 特徴量 (リーク除外済み)
2026-05-01 18:45:31,046 INFO [SIMULATE] 特徴量生成 race_id=202406030304: 16 頭 × 52 特徴量 (リーク除外済み)
2026-05-01 18:45:31,057 INFO [SIMULATE] 特徴量生成 race_id=202406030305: 18 頭 × 52 特徴量 (リーク除外済み)
2026-05-01 18:45:31,069 INFO [SIMULATE] 特徴量生成 race_id=202406030306: 13 頭 × 52 特徴量 (リーク除外済み)
2026-05-01 18:45:31,080 INFO [SIMULATE] 特徴量生成 race_id=202406030307: 16 頭 × 52 特徴量 (リーク除外済み)
2026-05-01 18:45:31,092 INFO [SIMULATE] 特徴量生成 race_id=202406030308: 13 頭 × 52 特徴量 (リーク除外済み)
2026-05-01 18:45:31,105 INFO [SIMULATE] 特徴量生成 race_id=202406030309: 14 頭 × 52 特徴量 (リーク除外済み)
2026-05-01 18:45:31,117 INFO [SIMULATE] 特徴量生成 race_id=202406030310: 15 頭 × 52 特徴量 (リーク除外済み)
2026-05-01 18:45:31,134 INFO [SIMULATE] 特徴量生成 race_id=202406030311: 16 頭 × 52 特徴量 (リーク除外済み)
2026-05-01 18:45:31,147 INFO [SIMULATE] 特徴量生成 race_id=202406030312: 16 頭 × 52 特徴量 (リーク除外済み)
2026-05-01 18:45:31,157 INFO [SIMULATE] 特徴量生成 race_id=202409020301: 13 頭 × 52 特徴量 (リーク除外済み)
2026-05-01 18:45:31,168 INFO [SIMULATE] 特徴量生成 race_id=202409020302: 16 頭 × 52 特徴量 (リーク除外済み)
2026-05-01 18:45:31,180 INFO [SIMULATE] 特徴量生成 race_id=202409020303: 18 頭 × 52 特徴量 (リーク除外済み)
2026-05-01 18:45:31,195 INFO [SIMULATE] 特徴量生成 race_id=202409020304: 18 頭 × 52 特徴量 (リーク除外済み)
2026-05-01 18:45:31,208 INFO [SIMULATE] 特徴量生成 race_id=202409020305: 11 頭 × 52 特徴量 (リーク除外済み)
2026-05-01 18:45:31,219 INFO [SIMULATE] 特徴量生成 race_id=202409020306: 11 頭 × 52 特徴量 (リーク除外済み)
2026-05-01 18:45:31,229 INFO [SIMULATE] 特徴量生成 race_id=202409020307: 16 頭 × 52 特徴量 (リーク除外済み)
2026-05-01 18:45:31,243 INFO [SIMULATE] 特徴量生成 race_id=202409020308: 11 頭 × 52 特徴量 (リーク除外済み)
2026-05-01 18:45:31,254 INFO [SIMULATE] 特徴量生成 race_id=202409020309: 7 頭 × 52 特徴量 (リーク除外済み)
2026-05-01 18:45:31,271 INFO [SIMULATE] 特徴量生成 race_id=202409020310: 15 頭 × 52 特徴量 (リーク除外済み)
2026-05-01 18:45:31,284 INFO [SIMULATE] 特徴量生成 race_id=202409020311: 15 頭 × 52 特徴量 (リーク除外済み)
2026-05-01 18:45:31,297 INFO [SIMULATE] 特徴量生成 race_id=202409020312: 15 頭 × 52 特徴量 (リーク除外済み)
2026-05-01 18:45:31,308 INFO [SIMULATE] 特徴量生成 race_id=202406030401: 13 頭 × 52 特徴量 (リーク除外済み)
2026-05-01 18:45:31,323 INFO [SIMULATE] 特徴量生成 race_id=202406030402: 16 頭 × 52 特徴量 (リーク除外済み)
2026-05-01 18:45:31,333 INFO [SIMULATE] 特徴量生成 race_id=202406030403: 14 頭 × 52 特徴量 (リーク除外済み)
2026-05-01 18:45:31,347 INFO [SIMULATE] 特徴量生成 race_id=202406030404: 11 頭 × 52 特徴量 (リーク除外済み)
2026-05-01 18:45:31,362 INFO [SIMULATE] 特徴量生成 race_id=202406030405: 16 頭 × 52 特徴量 (リーク除外済み)
2026-05-01 18:45:31,373 INFO [SIMULATE] 特徴量生成 race_id=202406030406: 11 頭 × 52 特徴量 (リーク除外済み)
2026-05-01 18:45:31,389 INFO [SIMULATE] 特徴量生成 race_id=202406030407: 16 頭 × 52 特徴量 (リーク除外済み)
2026-05-01 18:45:31,399 INFO [SIMULATE] 特徴量生成 race_id=202406030408: 13 頭 × 52 特徴量 (リーク除外済み)
2026-05-01 18:45:31,410 INFO [SIMULATE] 特徴量生成 race_id=202406030409: 8 頭 × 52 特徴量 (リーク除外済み)
2026-05-01 18:45:31,420 INFO [SIMULATE] 特徴量生成 race_id=202406030410: 16 頭 × 52 特徴量 (リーク除外済み)
2026-05-01 18:45:31,433 INFO [SIMULATE] 特徴量生成 race_id=202406030411: 15 頭 × 52 特徴量 (リーク除外済み)
2026-05-01 18:45:31,447 INFO [SIMULATE] 特徴量生成 race_id=202406030412: 16 頭 × 52 特徴量 (リーク除外済み)
2026-05-01 18:45:31,457 INFO [SIMULATE] 特徴量生成 race_id=202409020401: 13 頭 × 52 特徴量 (リーク除外済み)
2026-05-01 18:45:31,468 INFO [SIMULATE] 特徴量生成 race_id=202409020402: 16 頭 × 52 特徴量 (リーク除外済み)
2026-05-01 18:45:31,481 INFO [SIMULATE] 特徴量生成 race_id=202409020403: 9 頭 × 52 特徴量 (リーク除外済み)
2026-05-01 18:45:31,492 INFO [SIMULATE] 特徴量生成 race_id=202409020404: 10 頭 × 52 特徴量 (リーク除外済み)
2026-05-01 18:45:31,502 INFO [SIMULATE] 特徴量生成 race_id=202409020405: 9 頭 × 52 特徴量 (リーク除外済み)
2026-05-01 18:45:31,513 INFO [SIMULATE] 特徴量生成 race_id=202409020406: 11 頭 × 52 特徴量 (リーク除外済み)
2026-05-01 18:45:31,525 INFO [SIMULATE] 特徴量生成 race_id=202409020407: 16 頭 × 52 特徴量 (リーク除外済み)
2026-05-01 18:45:31,537 INFO [SIMULATE] 特徴量生成 race_id=202409020408: 15 頭 × 52 特徴量 (リーク除外済み)
2026-05-01 18:45:31,548 INFO [SIMULATE] 特徴量生成 race_id=202409020409: 11 頭 × 52 特徴量 (リーク除外済み)
2026-05-01 18:45:31,559 INFO [SIMULATE] 特徴量生成 race_id=202409020410: 17 頭 × 52 特徴量 (リーク除外済み)
2026-05-01 18:45:31,575 INFO [SIMULATE] 特徴量生成 race_id=202409020411: 16 頭 × 52 特徴量 (リーク除外済み)
2026-05-01 18:45:31,588 INFO [SIMULATE] 特徴量生成 race_id=202409020412: 16 頭 × 52 特徴量 (リーク除外済み)
2026-05-01 18:45:31,601 INFO [SIMULATE] 特徴量生成 race_id=202403010101: 15 頭 × 52 特徴量 (リーク除外済み)
2026-05-01 18:45:31,612 INFO [SIMULATE] 特徴量生成 race_id=202403010102: 16 頭 × 52 特徴量 (リーク除外済み)
2026-05-01 18:45:31,622 INFO [SIMULATE] 特徴量生成 race_id=202403010103: 15 頭 × 52 特徴量 (リーク除外済み)
2026-05-01 18:45:31,632 INFO [SIMULATE] 特徴量生成 race_id=202403010104: 14 頭 × 52 特徴量 (リーク除外済み)
2026-05-01 18:45:31,644 INFO [SIMULATE] 特徴量生成 race_id=202403010105: 14 頭 × 52 特徴量 (リーク除外済み)
2026-05-01 18:45:31,654 INFO [SIMULATE] 特徴量生成 race_id=202403010106: 15 頭 × 52 特徴量 (リーク除外済み)
2026-05-01 18:45:31,667 INFO [SIMULATE] 特徴量生成 race_id=202403010108: 16 頭 × 52 特徴量 (リーク除外済み)
2026-05-01 18:45:31,678 INFO [SIMULATE] 特徴量生成 race_id=202403010109: 13 頭 × 52 特徴量 (リーク除外済み)
2026-05-01 18:45:31,690 INFO [SIMULATE] 特徴量生成 race_id=202403010110: 16 頭 × 52 特徴量 (リーク除外済み)
2026-05-01 18:45:31,707 INFO [SIMULATE] 特徴量生成 race_id=202403010111: 15 頭 × 52 特徴量 (リーク除外済み)
2026-05-01 18:45:31,720 INFO [SIMULATE] 特徴量生成 race_id=202403010112: 16 頭 × 52 特徴量 (リーク除外済み)
2026-05-01 18:45:31,733 INFO [SIMULATE] 特徴量生成 race_id=202406030501: 14 頭 × 52 特徴量 (リーク除外済み)
2026-05-01 18:45:31,746 INFO [SIMULATE] 特徴量生成 race_id=202406030502: 16 頭 × 52 特徴量 (リーク除外済み)
2026-05-01 18:45:31,757 INFO [SIMULATE] 特徴量生成 race_id=202406030503: 12 頭 × 52 特徴量 (リーク除外済み)
2026-05-01 18:45:31,777 INFO [SIMULATE] 特徴量生成 race_id=202406030504: 16 頭 × 52 特徴量 (リーク除外済み)
2026-05-01 18:45:31,790 INFO [SIMULATE] 特徴量生成 race_id=202406030505: 18 頭 × 52 特徴量 (リーク除外済み)
2026-05-01 18:45:31,802 INFO [SIMULATE] 特徴量生成 race_id=202406030506: 15 頭 × 52 特徴量 (リーク除外済み)
2026-05-01 18:45:31,811 INFO [SIMULATE] 特徴量生成 race_id=202406030507: 8 頭 × 52 特徴量 (リーク除外済み)
2026-05-01 18:45:31,827 INFO [SIMULATE] 特徴量生成 race_id=202406030508: 16 頭 × 52 特徴量 (リーク除外済み)
2026-05-01 18:45:31,839 INFO [SIMULATE] 特徴量生成 race_id=202406030509: 16 頭 × 52 特徴量 (リーク除外済み)
2026-05-01 18:45:31,851 INFO [SIMULATE] 特徴量生成 race_id=202406030510: 15 頭 × 52 特徴量 (リーク除外済み)
2026-05-01 18:45:31,863 INFO [SIMULATE] 特徴量生成 race_id=202406030511: 16 頭 × 52 特徴量 (リーク除外済み)
2026-05-01 18:45:31,877 INFO [SIMULATE] 特徴量生成 race_id=202406030512: 16 頭 × 52 特徴量 (リーク除外済み)
2026-05-01 18:45:31,888 INFO [SIMULATE] 特徴量生成 race_id=202409020501: 16 頭 × 52 特徴量 (リーク除外済み)
2026-05-01 18:45:31,902 INFO [SIMULATE] 特徴量生成 race_id=202409020502: 16 頭 × 52 特徴量 (リーク除外済み)
2026-05-01 18:45:31,917 INFO [SIMULATE] 特徴量生成 race_id=202409020503: 10 頭 × 52 特徴量 (リーク除外済み)
2026-05-01 18:45:31,926 INFO [SIMULATE] 特徴量生成 race_id=202409020504: 16 頭 × 52 特徴量 (リーク除外済み)
2026-05-01 18:45:31,936 INFO [SIMULATE] 特徴量生成 race_id=202409020505: 12 頭 × 52 特徴量 (リーク除外済み)
2026-05-01 18:45:31,951 INFO [SIMULATE] 特徴量生成 race_id=202409020506: 10 頭 × 52 特徴量 (リーク除外済み)
2026-05-01 18:45:31,963 INFO [SIMULATE] 特徴量生成 race_id=202409020507: 12 頭 × 52 特徴量 (リーク除外済み)
2026-05-01 18:45:31,976 INFO [SIMULATE] 特徴量生成 race_id=202409020508: 16 頭 × 52 特徴量 (リーク除外済み)
2026-05-01 18:45:31,993 INFO [SIMULATE] 特徴量生成 race_id=202409020509: 10 頭 × 52 特徴量 (リーク除外済み)
2026-05-01 18:45:32,004 INFO [SIMULATE] 特徴量生成 race_id=202409020510: 14 頭 × 52 特徴量 (リーク除外済み)
2026-05-01 18:45:32,017 INFO [SIMULATE] 特徴量生成 race_id=202409020511: 11 頭 × 52 特徴量 (リーク除外済み)
2026-05-01 18:45:32,029 INFO [SIMULATE] 特徴量生成 race_id=202409020512: 13 頭 × 52 特徴量 (リーク除外済み)
2026-05-01 18:45:32,043 INFO [SIMULATE] 特徴量生成 race_id=202403010201: 15 頭 × 52 特徴量 (リーク除外済み)
2026-05-01 18:45:32,059 INFO [SIMULATE] 特徴量生成 race_id=202403010202: 16 頭 × 52 特徴量 (リーク除外済み)
2026-05-01 18:45:32,061 INFO   特徴量生成中... 1000/5878
2026-05-01 18:45:32,073 INFO [SIMULATE] 特徴量生成 race_id=202403010203: 15 頭 × 52 特徴量 (リーク除外済み)
2026-05-01 18:45:32,087 INFO [SIMULATE] 特徴量生成 race_id=202403010204: 14 頭 × 52 特徴量 (リーク除外済み)
2026-05-01 18:45:32,098 INFO [SIMULATE] 特徴量生成 race_id=202403010205: 16 頭 × 52 特徴量 (リーク除外済み)
2026-05-01 18:45:32,107 INFO [SIMULATE] 特徴量生成 race_id=202403010206: 16 頭 × 52 特徴量 (リーク除外済み)
2026-05-01 18:45:32,122 INFO [SIMULATE] 特徴量生成 race_id=202403010207: 16 頭 × 52 特徴量 (リーク除外済み)
2026-05-01 18:45:32,136 INFO [SIMULATE] 特徴量生成 race_id=202403010208: 16 頭 × 52 特徴量 (リーク除外済み)
2026-05-01 18:45:32,151 INFO [SIMULATE] 特徴量生成 race_id=202403010209: 13 頭 × 52 特徴量 (リーク除外済み)
2026-05-01 18:45:32,163 INFO [SIMULATE] 特徴量生成 race_id=202403010210: 16 頭 × 52 特徴量 (リーク除外済み)
2026-05-01 18:45:32,175 INFO [SIMULATE] 特徴量生成 race_id=202403010211: 16 頭 × 52 特徴量 (リーク除外済み)
2026-05-01 18:45:32,185 INFO [SIMULATE] 特徴量生成 race_id=202403010212: 14 頭 × 52 特徴量 (リーク除外済み)
2026-05-01 18:45:32,196 INFO [SIMULATE] 特徴量生成 race_id=202406030601: 16 頭 × 52 特徴量 (リーク除外済み)
2026-05-01 18:45:32,211 INFO [SIMULATE] 特徴量生成 race_id=202406030602: 14 頭 × 52 特徴量 (リーク除外済み)
2026-05-01 18:45:32,235 INFO [SIMULATE] 特徴量生成 race_id=202406030603: 16 頭 × 52 特徴量 (リーク除外済み)
2026-05-01 18:45:32,253 INFO [SIMULATE] 特徴量生成 race_id=202406030604: 16 頭 × 52 特徴量 (リーク除外済み)
2026-05-01 18:45:32,278 INFO [SIMULATE] 特徴量生成 race_id=202406030605: 18 頭 × 52 特徴量 (リーク除外済み)
2026-05-01 18:45:32,290 INFO [SIMULATE] 特徴量生成 race_id=202406030606: 16 頭 × 52 特徴量 (リーク除外済み)
2026-05-01 18:45:32,303 INFO [SIMULATE] 特徴量生成 race_id=202406030607: 13 頭 × 52 特徴量 (リーク除外済み)
2026-05-01 18:45:32,312 INFO [SIMULATE] 特徴量生成 race_id=202406030608: 8 頭 × 52 特徴量 (リーク除外済み)
2026-05-01 18:45:32,325 INFO [SIMULATE] 特徴量生成 race_id=202406030609: 13 頭 × 52 特徴量 (リーク除外済み)
2026-05-01 18:45:32,336 INFO [SIMULATE] 特徴量生成 race_id=202406030610: 15 頭 × 52 特徴量 (リーク除外済み)
2026-05-01 18:45:32,346 INFO [SIMULATE] 特徴量生成 race_id=202406030611: 14 頭 × 52 特徴量 (リーク除外済み)
2026-05-01 18:45:32,356 INFO [SIMULATE] 特徴量生成 race_id=202406030612: 13 頭 × 52 特徴量 (リーク除外済み)
2026-05-01 18:45:32,367 INFO [SIMULATE] 特徴量生成 race_id=202409020601: 16 頭 × 52 特徴量 (リーク除外済み)
2026-05-01 18:45:32,378 INFO [SIMULATE] 特徴量生成 race_id=202409020602: 16 頭 × 52 特徴量 (リーク除外済み)
2026-05-01 18:45:32,391 INFO [SIMULATE] 特徴量生成 race_id=202409020603: 16 頭 × 52 特徴量 (リーク除外済み)
2026-05-01 18:45:32,402 INFO [SIMULATE] 特徴量生成 race_id=202409020604: 14 頭 × 52 特徴量 (リーク除外済み)
2026-05-01 18:45:32,416 INFO [SIMULATE] 特徴量生成 race_id=202409020605: 16 頭 × 52 特徴量 (リーク除外済み)
2026-05-01 18:45:32,433 INFO [SIMULATE] 特徴量生成 race_id=202409020606: 10 頭 × 52 特徴量 (リーク除外済み)
2026-05-01 18:45:32,445 INFO [SIMULATE] 特徴量生成 race_id=202409020607: 9 頭 × 52 特徴量 (リーク除外済み)
2026-05-01 18:45:32,455 INFO [SIMULATE] 特徴量生成 race_id=202409020608: 11 頭 × 52 特徴量 (リーク除外済み)
2026-05-01 18:45:32,465 INFO [SIMULATE] 特徴量生成 race_id=202409020609: 8 頭 × 52 特徴量 (リーク除外済み)
2026-05-01 18:45:32,484 INFO [SIMULATE] 特徴量生成 race_id=202409020610: 16 頭 × 52 特徴量 (リーク除外済み)
2026-05-01 18:45:32,497 INFO [SIMULATE] 特徴量生成 race_id=202409020611: 18 頭 × 52 特徴量 (リーク除外済み)
2026-05-01 18:45:32,510 INFO [SIMULATE] 特徴量生成 race_id=202409020612: 13 頭 × 52 特徴量 (リーク除外済み)
2026-05-01 18:45:32,522 INFO [SIMULATE] 特徴量生成 race_id=202403010301: 16 頭 × 52 特徴量 (リーク除外済み)
2026-05-01 18:45:32,536 INFO [SIMULATE] 特徴量生成 race_id=202403010302: 16 頭 × 52 特徴量 (リーク除外済み)
2026-05-01 18:45:32,546 INFO [SIMULATE] 特徴量生成 race_id=202403010303: 15 頭 × 52 特徴量 (リーク除外済み)
2026-05-01 18:45:32,560 INFO [SIMULATE] 特徴量生成 race_id=202403010304: 16 頭 × 52 特徴量 (リーク除外済み)
2026-05-01 18:45:32,571 INFO [SIMULATE] 特徴量生成 race_id=202403010305: 16 頭 × 52 特徴量 (リーク除外済み)
2026-05-01 18:45:32,586 INFO [SIMULATE] 特徴量生成 race_id=202403010306: 16 頭 × 52 特徴量 (リーク除外済み)
2026-05-01 18:45:32,599 INFO [SIMULATE] 特徴量生成 race_id=202403010307: 16 頭 × 52 特徴量 (リーク除外済み)
2026-05-01 18:45:32,618 INFO [SIMULATE] 特徴量生成 race_id=202403010308: 15 頭 × 52 特徴量 (リーク除外済み)
2026-05-01 18:45:32,629 INFO [SIMULATE] 特徴量生成 race_id=202403010309: 16 頭 × 52 特徴量 (リーク除外済み)
2026-05-01 18:45:32,640 INFO [SIMULATE] 特徴量生成 race_id=202403010310: 15 頭 × 52 特徴量 (リーク除外済み)
2026-05-01 18:45:32,654 INFO [SIMULATE] 特徴量生成 race_id=202403010311: 16 頭 × 52 特徴量 (リーク除外済み)
2026-05-01 18:45:32,671 INFO [SIMULATE] 特徴量生成 race_id=202403010312: 15 頭 × 52 特徴量 (リーク除外済み)
2026-05-01 18:45:32,685 INFO [SIMULATE] 特徴量生成 race_id=202406030701: 16 頭 × 52 特徴量 (リーク除外済み)
2026-05-01 18:45:32,698 INFO [SIMULATE] 特徴量生成 race_id=202406030702: 13 頭 × 52 特徴量 (リーク除外済み)
2026-05-01 18:45:32,711 INFO [SIMULATE] 特徴量生成 race_id=202406030703: 15 頭 × 52 特徴量 (リーク除外済み)
2026-05-01 18:45:32,724 INFO [SIMULATE] 特徴量生成 race_id=202406030704: 12 頭 × 52 特徴量 (リーク除外済み)
2026-05-01 18:45:32,733 INFO [SIMULATE] 特徴量生成 race_id=202406030705: 16 頭 × 52 特徴量 (リーク除外済み)
2026-05-01 18:45:32,746 INFO [SIMULATE] 特徴量生成 race_id=202406030706: 9 頭 × 52 特徴量 (リーク除外済み)
2026-05-01 18:45:32,755 INFO [SIMULATE] 特徴量生成 race_id=202406030707: 9 頭 × 52 特徴量 (リーク除外済み)
2026-05-01 18:45:32,766 INFO [SIMULATE] 特徴量生成 race_id=202406030708: 12 頭 × 52 特徴量 (リーク除外済み)
2026-05-01 18:45:32,776 INFO [SIMULATE] 特徴量生成 race_id=202406030709: 6 頭 × 52 特徴量 (リーク除外済み)
2026-05-01 18:45:32,791 INFO [SIMULATE] 特徴量生成 race_id=202406030710: 14 頭 × 52 特徴量 (リーク除外済み)
2026-05-01 18:45:32,803 INFO [SIMULATE] 特徴量生成 race_id=202406030711: 12 頭 × 52 特徴量 (リーク除外済み)
2026-05-01 18:45:32,817 INFO [SIMULATE] 特徴量生成 race_id=202406030712: 15 頭 × 52 特徴量 (リーク除外済み)
2026-05-01 18:45:32,838 INFO [SIMULATE] 特徴量生成 race_id=202409020701: 16 頭 × 52 特徴量 (リーク除外済み)
2026-05-01 18:45:32,854 INFO [SIMULATE] 特徴量生成 race_id=202409020702: 16 頭 × 52 特徴量 (リーク除外済み)
2026-05-01 18:45:32,865 INFO [SIMULATE] 特徴量生成 race_id=202409020703: 16 頭 × 52 特徴量 (リーク除外済み)
2026-05-01 18:45:32,876 INFO [SIMULATE] 特徴量生成 race_id=202409020704: 18 頭 × 52 特徴量 (リーク除外済み)
2026-05-01 18:45:32,893 INFO [SIMULATE] 特徴量生成 race_id=202409020705: 16 頭 × 52 特徴量 (リーク除外済み)
2026-05-01 18:45:32,903 INFO [SIMULATE] 特徴量生成 race_id=202409020706: 15 頭 × 52 特徴量 (リーク除外済み)
2026-05-01 18:45:32,918 INFO [SIMULATE] 特徴量生成 race_id=202409020707: 12 頭 × 52 特徴量 (リーク除外済み)
2026-05-01 18:45:32,932 INFO [SIMULATE] 特徴量生成 race_id=202409020708: 12 頭 × 52 特徴量 (リーク除外済み)
2026-05-01 18:45:32,946 INFO [SIMULATE] 特徴量生成 race_id=202409020709: 11 頭 × 52 特徴量 (リーク除外済み)
2026-05-01 18:45:32,959 INFO [SIMULATE] 特徴量生成 race_id=202409020710: 15 頭 × 52 特徴量 (リーク除外済み)
2026-05-01 18:45:32,989 INFO [SIMULATE] 特徴量生成 race_id=202409020711: 16 頭 × 52 特徴量 (リーク除外済み)
2026-05-01 18:45:33,004 INFO [SIMULATE] 特徴量生成 race_id=202409020712: 10 頭 × 52 特徴量 (リーク除外済み)
2026-05-01 18:45:33,023 INFO [SIMULATE] 特徴量生成 race_id=202403010401: 16 頭 × 52 特徴量 (リーク除外済み)
2026-05-01 18:45:33,045 INFO [SIMULATE] 特徴量生成 race_id=202403010402: 16 頭 × 52 特徴量 (リーク除外済み)
2026-05-01 18:45:33,066 INFO [SIMULATE] 特徴量生成 race_id=202403010403: 15 頭 × 52 特徴量 (リーク除外済み)
2026-05-01 18:45:33,080 INFO [SIMULATE] 特徴量生成 race_id=202403010404: 11 頭 × 52 特徴量 (リーク除外済み)
2026-05-01 18:45:33,093 INFO [SIMULATE] 特徴量生成 race_id=202403010405: 11 頭 × 52 特徴量 (リーク除外済み)
2026-05-01 18:45:33,109 INFO [SIMULATE] 特徴量生成 race_id=202403010406: 15 頭 × 52 特徴量 (リーク除外済み)
2026-05-01 18:45:33,122 INFO [SIMULATE] 特徴量生成 race_id=202403010407: 16 頭 × 52 特徴量 (リーク除外済み)
2026-05-01 18:45:33,138 INFO [SIMULATE] 特徴量生成 race_id=202403010408: 10 頭 × 52 特徴量 (リーク除外済み)
2026-05-01 18:45:33,164 INFO [SIMULATE] 特徴量生成 race_id=202403010409: 14 頭 × 52 特徴量 (リーク除外済み)
2026-05-01 18:45:33,186 INFO [SIMULATE] 特徴量生成 race_id=202403010410: 16 頭 × 52 特徴量 (リーク除外済み)
2026-05-01 18:45:33,197 INFO [SIMULATE] 特徴量生成 race_id=202403010411: 16 頭 × 52 特徴量 (リーク除外済み)
2026-05-01 18:45:33,214 INFO [SIMULATE] 特徴量生成 race_id=202403010412: 16 頭 × 52 特徴量 (リーク除外済み)
2026-05-01 18:45:33,232 INFO [SIMULATE] 特徴量生成 race_id=202406030801: 16 頭 × 52 特徴量 (リーク除外済み)
2026-05-01 18:45:33,251 INFO [SIMULATE] 特徴量生成 race_id=202406030802: 16 頭 × 52 特徴量 (リーク除外済み)
2026-05-01 18:45:33,272 INFO [SIMULATE] 特徴量生成 race_id=202406030803: 15 頭 × 52 特徴量 (リーク除外済み)
2026-05-01 18:45:33,284 INFO [SIMULATE] 特徴量生成 race_id=202406030804: 18 頭 × 52 特徴量 (リーク除外済み)
2026-05-01 18:45:33,322 INFO [SIMULATE] 特徴量生成 race_id=202406030805: 16 頭 × 52 特徴量 (リーク除外済み)
2026-05-01 18:45:33,342 INFO [SIMULATE] 特徴量生成 race_id=202406030806: 15 頭 × 52 特徴量 (リーク除外済み)
2026-05-01 18:45:33,357 INFO [SIMULATE] 特徴量生成 race_id=202406030807: 16 頭 × 52 特徴量 (リーク除外済み)
2026-05-01 18:45:33,380 INFO [SIMULATE] 特徴量生成 race_id=202406030808: 9 頭 × 52 特徴量 (リーク除外済み)
2026-05-01 18:45:33,395 INFO [SIMULATE] 特徴量生成 race_id=202406030809: 14 頭 × 52 特徴量 (リーク除外済み)
2026-05-01 18:45:33,413 INFO [SIMULATE] 特徴量生成 race_id=202406030810: 14 頭 × 52 特徴量 (リーク除外済み)
2026-05-01 18:45:33,438 INFO [SIMULATE] 特徴量生成 race_id=202406030811: 18 頭 × 52 特徴量 (リーク除外済み)
2026-05-01 18:45:33,457 INFO [SIMULATE] 特徴量生成 race_id=202406030812: 16 頭 × 52 特徴量 (リーク除外済み)
2026-05-01 18:45:33,483 INFO [SIMULATE] 特徴量生成 race_id=202409020801: 16 頭 × 52 特徴量 (リーク除外済み)
2026-05-01 18:45:33,503 INFO [SIMULATE] 特徴量生成 race_id=202409020802: 15 頭 × 52 特徴量 (リーク除外済み)
2026-05-01 18:45:33,525 INFO [SIMULATE] 特徴量生成 race_id=202409020803: 16 頭 × 52 特徴量 (リーク除外済み)
2026-05-01 18:45:33,539 INFO [SIMULATE] 特徴量生成 race_id=202409020804: 15 頭 × 52 特徴量 (リーク除外済み)
2026-05-01 18:45:33,551 INFO [SIMULATE] 特徴量生成 race_id=202409020805: 15 頭 × 52 特徴量 (リーク除外済み)
2026-05-01 18:45:33,567 INFO [SIMULATE] 特徴量生成 race_id=202409020806: 7 頭 × 52 特徴量 (リーク除外済み)
2026-05-01 18:45:33,580 INFO [SIMULATE] 特徴量生成 race_id=202409020807: 17 頭 × 52 特徴量 (リーク除外済み)
2026-05-01 18:45:33,591 INFO [SIMULATE] 特徴量生成 race_id=202409020808: 12 頭 × 52 特徴量 (リーク除外済み)
2026-05-01 18:45:33,615 INFO [SIMULATE] 特徴量生成 race_id=202409020809: 17 頭 × 52 特徴量 (リーク除外済み)
2026-05-01 18:45:33,640 INFO [SIMULATE] 特徴量生成 race_id=202409020810: 11 頭 × 52 特徴量 (リーク除外済み)
2026-05-01 18:45:33,657 INFO [SIMULATE] 特徴量生成 race_id=202409020811: 16 頭 × 52 特徴量 (リーク除外済み)
2026-05-01 18:45:33,673 INFO [SIMULATE] 特徴量生成 race_id=202409020812: 15 頭 × 52 特徴量 (リーク除外済み)
2026-05-01 18:45:33,685 INFO [SIMULATE] 特徴量生成 race_id=202403010501: 16 頭 × 52 特徴量 (リーク除外済み)
2026-05-01 18:45:33,696 INFO [SIMULATE] 特徴量生成 race_id=202403010502: 16 頭 × 52 特徴量 (リーク除外済み)
2026-05-01 18:45:33,712 INFO [SIMULATE] 特徴量生成 race_id=202403010503: 15 頭 × 52 特徴量 (リーク除外済み)
2026-05-01 18:45:33,724 INFO [SIMULATE] 特徴量生成 race_id=202403010504: 14 頭 × 52 特徴量 (リーク除外済み)
2026-05-01 18:45:33,743 INFO [SIMULATE] 特徴量生成 race_id=202403010505: 11 頭 × 52 特徴量 (リーク除外済み)
2026-05-01 18:45:33,761 INFO [SIMULATE] 特徴量生成 race_id=202403010506: 9 頭 × 52 特徴量 (リーク除外済み)
2026-05-01 18:45:33,777 INFO [SIMULATE] 特徴量生成 race_id=202403010507: 16 頭 × 52 特徴量 (リーク除外済み)
2026-05-01 18:45:33,801 INFO [SIMULATE] 特徴量生成 race_id=202403010508: 12 頭 × 52 特徴量 (リーク除外済み)
2026-05-01 18:45:33,818 INFO [SIMULATE] 特徴量生成 race_id=202403010509: 14 頭 × 52 特徴量 (リーク除外済み)
2026-05-01 18:45:33,828 INFO [SIMULATE] 特徴量生成 race_id=202403010510: 15 頭 × 52 特徴量 (リーク除外済み)
2026-05-01 18:45:33,844 INFO [SIMULATE] 特徴量生成 race_id=202403010511: 16 頭 × 52 特徴量 (リーク除外済み)
2026-05-01 18:45:33,857 INFO [SIMULATE] 特徴量生成 race_id=202403010512: 15 頭 × 52 特徴量 (リーク除外済み)
2026-05-01 18:45:33,880 INFO [SIMULATE] 特徴量生成 race_id=202405020101: 16 頭 × 52 特徴量 (リーク除外済み)
2026-05-01 18:45:33,894 INFO [SIMULATE] 特徴量生成 race_id=202405020102: 16 頭 × 52 特徴量 (リーク除外済み)
2026-05-01 18:45:33,909 INFO [SIMULATE] 特徴量生成 race_id=202405020103: 16 頭 × 52 特徴量 (リーク除外済み)
2026-05-01 18:45:33,929 INFO [SIMULATE] 特徴量生成 race_id=202405020104: 18 頭 × 52 特徴量 (リーク除外済み)
2026-05-01 18:45:33,939 INFO [SIMULATE] 特徴量生成 race_id=202405020105: 18 頭 × 52 特徴量 (リーク除外済み)
2026-05-01 18:45:33,956 INFO [SIMULATE] 特徴量生成 race_id=202405020106: 16 頭 × 52 特徴量 (リーク除外済み)
2026-05-01 18:45:33,978 INFO [SIMULATE] 特徴量生成 race_id=202405020107: 16 頭 × 52 特徴量 (リーク除外済み)
2026-05-01 18:45:33,992 INFO [SIMULATE] 特徴量生成 race_id=202405020108: 10 頭 × 52 特徴量 (リーク除外済み)
2026-05-01 18:45:34,007 INFO [SIMULATE] 特徴量生成 race_id=202405020109: 11 頭 × 52 特徴量 (リーク除外済み)
2026-05-01 18:45:34,021 INFO [SIMULATE] 特徴量生成 race_id=202405020110: 18 頭 × 52 特徴量 (リーク除外済み)
2026-05-01 18:45:34,036 INFO [SIMULATE] 特徴量生成 race_id=202405020111: 16 頭 × 52 特徴量 (リーク除外済み)
2026-05-01 18:45:34,063 INFO [SIMULATE] 特徴量生成 race_id=202405020112: 16 頭 × 52 特徴量 (リーク除外済み)
2026-05-01 18:45:34,085 INFO [SIMULATE] 特徴量生成 race_id=202408030101: 16 頭 × 52 特徴量 (リーク除外済み)
2026-05-01 18:45:34,114 INFO [SIMULATE] 特徴量生成 race_id=202408030102: 16 頭 × 52 特徴量 (リーク除外済み)
2026-05-01 18:45:34,128 INFO [SIMULATE] 特徴量生成 race_id=202408030103: 18 頭 × 52 特徴量 (リーク除外済み)
2026-05-01 18:45:34,140 INFO [SIMULATE] 特徴量生成 race_id=202408030104: 11 頭 × 52 特徴量 (リーク除外済み)
2026-05-01 18:45:34,157 INFO [SIMULATE] 特徴量生成 race_id=202408030105: 10 頭 × 52 特徴量 (リーク除外済み)
2026-05-01 18:45:34,168 INFO [SIMULATE] 特徴量生成 race_id=202408030106: 13 頭 × 52 特徴量 (リーク除外済み)
2026-05-01 18:45:34,179 INFO [SIMULATE] 特徴量生成 race_id=202408030107: 14 頭 × 52 特徴量 (リーク除外済み)
2026-05-01 18:45:34,201 INFO [SIMULATE] 特徴量生成 race_id=202408030108: 11 頭 × 52 特徴量 (リーク除外済み)
2026-05-01 18:45:34,217 INFO [SIMULATE] 特徴量生成 race_id=202408030109: 7 頭 × 52 特徴量 (リーク除外済み)
2026-05-01 18:45:34,228 INFO [SIMULATE] 特徴量生成 race_id=202408030110: 12 頭 × 52 特徴量 (リーク除外済み)
2026-05-01 18:45:34,246 INFO [SIMULATE] 特徴量生成 race_id=202408030111: 13 頭 × 52 特徴量 (リーク除外済み)
2026-05-01 18:45:34,261 INFO [SIMULATE] 特徴量生成 race_id=202408030112: 10 頭 × 52 特徴量 (リーク除外済み)
2026-05-01 18:45:34,280 INFO [SIMULATE] 特徴量生成 race_id=202403010601: 16 頭 × 52 特徴量 (リーク除外済み)
2026-05-01 18:45:34,299 INFO [SIMULATE] 特徴量生成 race_id=202403010602: 16 頭 × 52 特徴量 (リーク除外済み)
2026-05-01 18:45:34,321 INFO [SIMULATE] 特徴量生成 race_id=202403010603: 15 頭 × 52 特徴量 (リーク除外済み)
2026-05-01 18:45:34,345 INFO [SIMULATE] 特徴量生成 race_id=202403010604: 14 頭 × 52 特徴量 (リーク除外済み)
2026-05-01 18:45:34,363 INFO [SIMULATE] 特徴量生成 race_id=202403010605: 16 頭 × 52 特徴量 (リーク除外済み)
2026-05-01 18:45:34,373 INFO [SIMULATE] 特徴量生成 race_id=202403010606: 15 頭 × 52 特徴量 (リーク除外済み)
2026-05-01 18:45:34,400 INFO [SIMULATE] 特徴量生成 race_id=202403010607: 15 頭 × 52 特徴量 (リーク除外済み)
2026-05-01 18:45:34,416 INFO [SIMULATE] 特徴量生成 race_id=202403010608: 12 頭 × 52 特徴量 (リーク除外済み)
2026-05-01 18:45:34,427 INFO [SIMULATE] 特徴量生成 race_id=202403010609: 9 頭 × 52 特徴量 (リーク除外済み)
2026-05-01 18:45:34,440 INFO [SIMULATE] 特徴量生成 race_id=202403010610: 10 頭 × 52 特徴量 (リーク除外済み)
2026-05-01 18:45:34,452 INFO [SIMULATE] 特徴量生成 race_id=202403010611: 16 頭 × 52 特徴量 (リーク除外済み)
2026-05-01 18:45:34,463 INFO [SIMULATE] 特徴量生成 race_id=202403010612: 9 頭 × 52 特徴量 (リーク除外済み)
2026-05-01 18:45:34,479 INFO [SIMULATE] 特徴量生成 race_id=202405020201: 16 頭 × 52 特徴量 (リーク除外済み)
2026-05-01 18:45:34,491 INFO [SIMULATE] 特徴量生成 race_id=202405020202: 16 頭 × 52 特徴量 (リーク除外済み)
2026-05-01 18:45:34,503 INFO [SIMULATE] 特徴量生成 race_id=202405020203: 18 頭 × 52 特徴量 (リーク除外済み)
2026-05-01 18:45:34,517 INFO [SIMULATE] 特徴量生成 race_id=202405020204: 11 頭 × 52 特徴量 (リーク除外済み)
2026-05-01 18:45:34,534 INFO [SIMULATE] 特徴量生成 race_id=202405020205: 16 頭 × 52 特徴量 (リーク除外済み)
2026-05-01 18:45:34,545 INFO [SIMULATE] 特徴量生成 race_id=202405020206: 16 頭 × 52 特徴量 (リーク除外済み)
2026-05-01 18:45:34,567 INFO [SIMULATE] 特徴量生成 race_id=202405020207: 12 頭 × 52 特徴量 (リーク除外済み)
2026-05-01 18:45:34,577 INFO [SIMULATE] 特徴量生成 race_id=202405020208: 10 頭 × 52 特徴量 (リーク除外済み)
2026-05-01 18:45:34,587 INFO [SIMULATE] 特徴量生成 race_id=202405020209: 10 頭 × 52 特徴量 (リーク除外済み)
2026-05-01 18:45:34,600 INFO [SIMULATE] 特徴量生成 race_id=202405020210: 15 頭 × 52 特徴量 (リーク除外済み)
2026-05-01 18:45:34,617 INFO [SIMULATE] 特徴量生成 race_id=202405020211: 14 頭 × 52 特徴量 (リーク除外済み)
2026-05-01 18:45:34,627 INFO [SIMULATE] 特徴量生成 race_id=202405020212: 13 頭 × 52 特徴量 (リーク除外済み)
2026-05-01 18:45:34,640 INFO [SIMULATE] 特徴量生成 race_id=202408030201: 14 頭 × 52 特徴量 (リーク除外済み)
2026-05-01 18:45:34,652 INFO [SIMULATE] 特徴量生成 race_id=202408030202: 16 頭 × 52 特徴量 (リーク除外済み)
2026-05-01 18:45:34,663 INFO [SIMULATE] 特徴量生成 race_id=202408030203: 16 頭 × 52 特徴量 (リーク除外済み)
2026-05-01 18:45:34,673 INFO [SIMULATE] 特徴量生成 race_id=202408030204: 18 頭 × 52 特徴量 (リーク除外済み)
2026-05-01 18:45:34,684 INFO [SIMULATE] 特徴量生成 race_id=202408030205: 15 頭 × 52 特徴量 (リーク除外済み)
2026-05-01 18:45:34,697 INFO [SIMULATE] 特徴量生成 race_id=202408030206: 12 頭 × 52 特徴量 (リーク除外済み)
2026-05-01 18:45:34,708 INFO [SIMULATE] 特徴量生成 race_id=202408030207: 13 頭 × 52 特徴量 (リーク除外済み)
2026-05-01 18:45:34,717 INFO [SIMULATE] 特徴量生成 race_id=202408030208: 9 頭 × 52 特徴量 (リーク除外済み)
2026-05-01 18:45:34,730 INFO [SIMULATE] 特徴量生成 race_id=202408030209: 9 頭 × 52 特徴量 (リーク除外済み)
2026-05-01 18:45:34,739 INFO [SIMULATE] 特徴量生成 race_id=202408030210: 9 頭 × 52 特徴量 (リーク除外済み)
2026-05-01 18:45:34,751 INFO [SIMULATE] 特徴量生成 race_id=202408030211: 17 頭 × 52 特徴量 (リーク除外済み)
2026-05-01 18:45:34,765 INFO [SIMULATE] 特徴量生成 race_id=202408030212: 16 頭 × 52 特徴量 (リーク除外済み)
2026-05-01 18:45:34,781 INFO [SIMULATE] 特徴量生成 race_id=202404010101: 14 頭 × 52 特徴量 (リーク除外済み)
2026-05-01 18:45:34,795 INFO [SIMULATE] 特徴量生成 race_id=202404010102: 14 頭 × 52 特徴量 (リーク除外済み)
2026-05-01 18:45:34,805 INFO [SIMULATE] 特徴量生成 race_id=202404010103: 15 頭 × 52 特徴量 (リーク除外済み)
2026-05-01 18:45:34,816 INFO [SIMULATE] 特徴量生成 race_id=202404010104: 11 頭 × 52 特徴量 (リーク除外済み)
2026-05-01 18:45:34,831 INFO [SIMULATE] 特徴量生成 race_id=202404010105: 15 頭 × 52 特徴量 (リーク除外済み)
2026-05-01 18:45:34,841 INFO [SIMULATE] 特徴量生成 race_id=202404010106: 16 頭 × 52 特徴量 (リーク除外済み)
2026-05-01 18:45:34,849 INFO [SIMULATE] 特徴量生成 race_id=202404010107: 8 頭 × 52 特徴量 (リーク除外済み)
2026-05-01 18:45:34,860 INFO [SIMULATE] 特徴量生成 race_id=202404010108: 10 頭 × 52 特徴量 (リーク除外済み)
2026-05-01 18:45:34,871 INFO [SIMULATE] 特徴量生成 race_id=202404010109: 14 頭 × 52 特徴量 (リーク除外済み)
2026-05-01 18:45:34,880 INFO [SIMULATE] 特徴量生成 race_id=202404010110: 10 頭 × 52 特徴量 (リーク除外済み)
2026-05-01 18:45:34,892 INFO [SIMULATE] 特徴量生成 race_id=202404010111: 13 頭 × 52 特徴量 (リーク除外済み)
2026-05-01 18:45:34,923 INFO [SIMULATE] 特徴量生成 race_id=202404010112: 10 頭 × 52 特徴量 (リーク除外済み)
2026-05-01 18:45:34,933 INFO [SIMULATE] 特徴量生成 race_id=202405020301: 16 頭 × 52 特徴量 (リーク除外済み)
2026-05-01 18:45:34,943 INFO [SIMULATE] 特徴量生成 race_id=202405020302: 15 頭 × 52 特徴量 (リーク除外済み)
2026-05-01 18:45:34,955 INFO [SIMULATE] 特徴量生成 race_id=202405020303: 12 頭 × 52 特徴量 (リーク除外済み)
2026-05-01 18:45:34,976 INFO [SIMULATE] 特徴量生成 race_id=202405020304: 17 頭 × 52 特徴量 (リーク除外済み)
2026-05-01 18:45:34,985 INFO [SIMULATE] 特徴量生成 race_id=202405020305: 15 頭 × 52 特徴量 (リーク除外済み)
2026-05-01 18:45:35,014 INFO [SIMULATE] 特徴量生成 race_id=202405020306: 9 頭 × 52 特徴量 (リーク除外済み)
2026-05-01 18:45:35,024 INFO [SIMULATE] 特徴量生成 race_id=202405020307: 12 頭 × 52 特徴量 (リーク除外済み)
2026-05-01 18:45:35,034 INFO [SIMULATE] 特徴量生成 race_id=202405020308: 15 頭 × 52 特徴量 (リーク除外済み)
2026-05-01 18:45:35,056 INFO [SIMULATE] 特徴量生成 race_id=202405020309: 16 頭 × 52 特徴量 (リーク除外済み)
2026-05-01 18:45:35,076 INFO [SIMULATE] 特徴量生成 race_id=202405020310: 13 頭 × 52 特徴量 (リーク除外済み)
2026-05-01 18:45:35,097 INFO [SIMULATE] 特徴量生成 race_id=202405020311: 17 頭 × 52 特徴量 (リーク除外済み)
2026-05-01 18:45:35,110 INFO [SIMULATE] 特徴量生成 race_id=202405020312: 11 頭 × 52 特徴量 (リーク除外済み)
2026-05-01 18:45:35,122 INFO [SIMULATE] 特徴量生成 race_id=202408030301: 15 頭 × 52 特徴量 (リーク除外済み)
2026-05-01 18:45:35,155 INFO [SIMULATE] 特徴量生成 race_id=202408030302: 16 頭 × 52 特徴量 (リーク除外済み)
2026-05-01 18:45:35,167 INFO [SIMULATE] 特徴量生成 race_id=202408030303: 11 頭 × 52 特徴量 (リーク除外済み)
2026-05-01 18:45:35,177 INFO [SIMULATE] 特徴量生成 race_id=202408030304: 17 頭 × 52 特徴量 (リーク除外済み)
2026-05-01 18:45:35,201 INFO [SIMULATE] 特徴量生成 race_id=202408030305: 17 頭 × 52 特徴量 (リーク除外済み)
2026-05-01 18:45:35,219 INFO [SIMULATE] 特徴量生成 race_id=202408030306: 10 頭 × 52 特徴量 (リーク除外済み)
2026-05-01 18:45:35,231 INFO [SIMULATE] 特徴量生成 race_id=202408030307: 8 頭 × 52 特徴量 (リーク除外済み)
2026-05-01 18:45:35,250 INFO [SIMULATE] 特徴量生成 race_id=202408030308: 14 頭 × 52 特徴量 (リーク除外済み)
2026-05-01 18:45:35,263 INFO [SIMULATE] 特徴量生成 race_id=202408030309: 12 頭 × 52 特徴量 (リーク除外済み)
2026-05-01 18:45:35,274 INFO [SIMULATE] 特徴量生成 race_id=202408030310: 13 頭 × 52 特徴量 (リーク除外済み)
2026-05-01 18:45:35,298 INFO [SIMULATE] 特徴量生成 race_id=202408030311: 16 頭 × 52 特徴量 (リーク除外済み)
2026-05-01 18:45:35,311 INFO [SIMULATE] 特徴量生成 race_id=202408030312: 16 頭 × 52 特徴量 (リーク除外済み)
2026-05-01 18:45:35,323 INFO [SIMULATE] 特徴量生成 race_id=202404010201: 15 頭 × 52 特徴量 (リーク除外済み)
2026-05-01 18:45:35,339 INFO [SIMULATE] 特徴量生成 race_id=202404010202: 16 頭 × 52 特徴量 (リーク除外済み)
2026-05-01 18:45:35,351 INFO [SIMULATE] 特徴量生成 race_id=202404010203: 15 頭 × 52 特徴量 (リーク除外済み)
2026-05-01 18:45:35,361 INFO [SIMULATE] 特徴量生成 race_id=202404010204: 10 頭 × 52 特徴量 (リーク除外済み)
2026-05-01 18:45:35,372 INFO [SIMULATE] 特徴量生成 race_id=202404010205: 15 頭 × 52 特徴量 (リーク除外済み)
2026-05-01 18:45:35,383 INFO [SIMULATE] 特徴量生成 race_id=202404010206: 10 頭 × 52 特徴量 (リーク除外済み)
2026-05-01 18:45:35,393 INFO [SIMULATE] 特徴量生成 race_id=202404010207: 11 頭 × 52 特徴量 (リーク除外済み)
2026-05-01 18:45:35,403 INFO [SIMULATE] 特徴量生成 race_id=202404010208: 9 頭 × 52 特徴量 (リーク除外済み)
2026-05-01 18:45:35,420 INFO [SIMULATE] 特徴量生成 race_id=202404010209: 14 頭 × 52 特徴量 (リーク除外済み)
2026-05-01 18:45:35,556 INFO [SIMULATE] 特徴量生成 race_id=202404010210: 16 頭 × 52 特徴量 (リーク除外済み)
2026-05-01 18:45:35,610 INFO [SIMULATE] 特徴量生成 race_id=202404010211: 15 頭 × 52 特徴量 (リーク除外済み)
2026-05-01 18:45:35,631 INFO [SIMULATE] 特徴量生成 race_id=202404010212: 10 頭 × 52 特徴量 (リーク除外済み)
2026-05-01 18:45:35,641 INFO [SIMULATE] 特徴量生成 race_id=202405020401: 16 頭 × 52 特徴量 (リーク除外済み)
2026-05-01 18:45:35,658 INFO [SIMULATE] 特徴量生成 race_id=202405020402: 16 頭 × 52 特徴量 (リーク除外済み)
2026-05-01 18:45:35,824 INFO [SIMULATE] 特徴量生成 race_id=202405020403: 16 頭 × 52 特徴量 (リーク除外済み)
2026-05-01 18:45:35,836 INFO [SIMULATE] 特徴量生成 race_id=202405020404: 18 頭 × 52 特徴量 (リーク除外済み)
2026-05-01 18:45:35,886 INFO [SIMULATE] 特徴量生成 race_id=202405020405: 12 頭 × 52 特徴量 (リーク除外済み)
2026-05-01 18:45:35,901 INFO [SIMULATE] 特徴量生成 race_id=202405020406: 14 頭 × 52 特徴量 (リーク除外済み)
2026-05-01 18:45:35,911 INFO [SIMULATE] 特徴量生成 race_id=202405020407: 9 頭 × 52 特徴量 (リーク除外済み)
2026-05-01 18:45:35,931 INFO [SIMULATE] 特徴量生成 race_id=202405020408: 11 頭 × 52 特徴量 (リーク除外済み)
2026-05-01 18:45:35,940 INFO [SIMULATE] 特徴量生成 race_id=202405020409: 8 頭 × 52 特徴量 (リーク除外済み)
2026-05-01 18:45:35,951 INFO [SIMULATE] 特徴量生成 race_id=202405020410: 16 頭 × 52 特徴量 (リーク除外済み)
2026-05-01 18:45:35,963 INFO [SIMULATE] 特徴量生成 race_id=202405020411: 13 頭 × 52 特徴量 (リーク除外済み)
2026-05-01 18:45:35,975 INFO [SIMULATE] 特徴量生成 race_id=202405020412: 16 頭 × 52 特徴量 (リーク除外済み)
2026-05-01 18:45:35,985 INFO [SIMULATE] 特徴量生成 race_id=202408030401: 16 頭 × 52 特徴量 (リーク除外済み)
2026-05-01 18:45:35,995 INFO [SIMULATE] 特徴量生成 race_id=202408030402: 12 頭 × 52 特徴量 (リーク除外済み)
2026-05-01 18:45:36,065 INFO [SIMULATE] 特徴量生成 race_id=202408030403: 18 頭 × 52 特徴量 (リーク除外済み)
2026-05-01 18:45:36,083 INFO [SIMULATE] 特徴量生成 race_id=202408030404: 10 頭 × 52 特徴量 (リーク除外済み)
2026-05-01 18:45:36,094 INFO [SIMULATE] 特徴量生成 race_id=202408030405: 12 頭 × 52 特徴量 (リーク除外済み)
2026-05-01 18:45:36,105 INFO [SIMULATE] 特徴量生成 race_id=202408030406: 11 頭 × 52 特徴量 (リーク除外済み)
2026-05-01 18:45:36,117 INFO [SIMULATE] 特徴量生成 race_id=202408030407: 10 頭 × 52 特徴量 (リーク除外済み)
2026-05-01 18:45:36,158 INFO [SIMULATE] 特徴量生成 race_id=202408030408: 12 頭 × 52 特徴量 (リーク除外済み)
2026-05-01 18:45:36,196 INFO [SIMULATE] 特徴量生成 race_id=202408030409: 11 頭 × 52 特徴量 (リーク除外済み)
2026-05-01 18:45:36,226 INFO [SIMULATE] 特徴量生成 race_id=202408030410: 18 頭 × 52 特徴量 (リーク除外済み)
2026-05-01 18:45:36,238 INFO [SIMULATE] 特徴量生成 race_id=202408030411: 18 頭 × 52 特徴量 (リーク除外済み)
2026-05-01 18:45:36,250 INFO [SIMULATE] 特徴量生成 race_id=202408030412: 16 頭 × 52 特徴量 (リーク除外済み)
2026-05-01 18:45:36,264 INFO [SIMULATE] 特徴量生成 race_id=202404010301: 14 頭 × 52 特徴量 (リーク除外済み)
2026-05-01 18:45:36,275 INFO [SIMULATE] 特徴量生成 race_id=202404010302: 15 頭 × 52 特徴量 (リーク除外済み)
2026-05-01 18:45:36,285 INFO [SIMULATE] 特徴量生成 race_id=202404010303: 15 頭 × 52 特徴量 (リーク除外済み)
2026-05-01 18:45:36,297 INFO [SIMULATE] 特徴量生成 race_id=202404010304: 12 頭 × 52 特徴量 (リーク除外済み)
2026-05-01 18:45:36,309 INFO [SIMULATE] 特徴量生成 race_id=202404010305: 16 頭 × 52 特徴量 (リーク除外済み)
2026-05-01 18:45:36,320 INFO [SIMULATE] 特徴量生成 race_id=202404010306: 16 頭 × 52 特徴量 (リーク除外済み)
2026-05-01 18:45:36,337 INFO [SIMULATE] 特徴量生成 race_id=202404010307: 14 頭 × 52 特徴量 (リーク除外済み)
2026-05-01 18:45:36,347 INFO [SIMULATE] 特徴量生成 race_id=202404010308: 11 頭 × 52 特徴量 (リーク除外済み)
2026-05-01 18:45:36,358 INFO [SIMULATE] 特徴量生成 race_id=202404010309: 16 頭 × 52 特徴量 (リーク除外済み)
2026-05-01 18:45:36,369 INFO [SIMULATE] 特徴量生成 race_id=202404010310: 13 頭 × 52 特徴量 (リーク除外済み)
2026-05-01 18:45:36,380 INFO [SIMULATE] 特徴量生成 race_id=202404010311: 15 頭 × 52 特徴量 (リーク除外済み)
2026-05-01 18:45:36,397 INFO [SIMULATE] 特徴量生成 race_id=202404010312: 16 頭 × 52 特徴量 (リーク除外済み)
2026-05-01 18:45:36,428 INFO [SIMULATE] 特徴量生成 race_id=202405020501: 16 頭 × 52 特徴量 (リーク除外済み)
2026-05-01 18:45:36,450 INFO [SIMULATE] 特徴量生成 race_id=202405020502: 12 頭 × 52 特徴量 (リーク除外済み)
2026-05-01 18:45:36,461 INFO [SIMULATE] 特徴量生成 race_id=202405020503: 16 頭 × 52 特徴量 (リーク除外済み)
2026-05-01 18:45:36,477 INFO [SIMULATE] 特徴量生成 race_id=202405020504: 18 頭 × 52 特徴量 (リーク除外済み)
2026-05-01 18:45:36,488 INFO [SIMULATE] 特徴量生成 race_id=202405020505: 12 頭 × 52 特徴量 (リーク除外済み)
2026-05-01 18:45:36,497 INFO [SIMULATE] 特徴量生成 race_id=202405020506: 11 頭 × 52 特徴量 (リーク除外済み)
2026-05-01 18:45:36,508 INFO [SIMULATE] 特徴量生成 race_id=202405020507: 14 頭 × 52 特徴量 (リーク除外済み)
2026-05-01 18:45:36,520 INFO [SIMULATE] 特徴量生成 race_id=202405020508: 10 頭 × 52 特徴量 (リーク除外済み)
2026-05-01 18:45:36,529 INFO [SIMULATE] 特徴量生成 race_id=202405020509: 8 頭 × 52 特徴量 (リーク除外済み)
2026-05-01 18:45:36,540 INFO [SIMULATE] 特徴量生成 race_id=202405020510: 8 頭 × 52 特徴量 (リーク除外済み)
2026-05-01 18:45:36,553 INFO [SIMULATE] 特徴量生成 race_id=202405020511: 13 頭 × 52 特徴量 (リーク除外済み)
2026-05-01 18:45:36,563 INFO [SIMULATE] 特徴量生成 race_id=202405020512: 13 頭 × 52 特徴量 (リーク除外済み)
2026-05-01 18:45:36,575 INFO [SIMULATE] 特徴量生成 race_id=202408030501: 16 頭 × 52 特徴量 (リーク除外済み)
2026-05-01 18:45:36,598 INFO [SIMULATE] 特徴量生成 race_id=202408030502: 10 頭 × 52 特徴量 (リーク除外済み)
2026-05-01 18:45:36,612 INFO [SIMULATE] 特徴量生成 race_id=202408030503: 16 頭 × 52 特徴量 (リーク除外済み)
2026-05-01 18:45:36,621 INFO [SIMULATE] 特徴量生成 race_id=202408030504: 12 頭 × 52 特徴量 (リーク除外済み)
2026-05-01 18:45:36,634 INFO [SIMULATE] 特徴量生成 race_id=202408030505: 16 頭 × 52 特徴量 (リーク除外済み)
2026-05-01 18:45:36,646 INFO [SIMULATE] 特徴量生成 race_id=202408030506: 14 頭 × 52 特徴量 (リーク除外済み)
2026-05-01 18:45:36,656 INFO [SIMULATE] 特徴量生成 race_id=202408030507: 8 頭 × 52 特徴量 (リーク除外済み)
2026-05-01 18:45:36,667 INFO [SIMULATE] 特徴量生成 race_id=202408030508: 10 頭 × 52 特徴量 (リーク除外済み)
2026-05-01 18:45:36,678 INFO [SIMULATE] 特徴量生成 race_id=202408030509: 8 頭 × 52 特徴量 (リーク除外済み)
2026-05-01 18:45:36,689 INFO [SIMULATE] 特徴量生成 race_id=202408030510: 16 頭 × 52 特徴量 (リーク除外済み)
2026-05-01 18:45:36,706 INFO [SIMULATE] 特徴量生成 race_id=202408030511: 15 頭 × 52 特徴量 (リーク除外済み)
2026-05-01 18:45:36,716 INFO [SIMULATE] 特徴量生成 race_id=202408030512: 10 頭 × 52 特徴量 (リーク除外済み)
2026-05-01 18:45:36,727 INFO [SIMULATE] 特徴量生成 race_id=202404010401: 14 頭 × 52 特徴量 (リーク除外済み)
2026-05-01 18:45:36,758 INFO [SIMULATE] 特徴量生成 race_id=202404010402: 15 頭 × 52 特徴量 (リーク除外済み)
2026-05-01 18:45:36,773 INFO [SIMULATE] 特徴量生成 race_id=202404010403: 15 頭 × 52 特徴量 (リーク除外済み)
2026-05-01 18:45:36,793 INFO [SIMULATE] 特徴量生成 race_id=202404010404: 11 頭 × 52 特徴量 (リーク除外済み)
2026-05-01 18:45:36,814 INFO [SIMULATE] 特徴量生成 race_id=202404010405: 16 頭 × 52 特徴量 (リーク除外済み)
2026-05-01 18:45:36,830 INFO [SIMULATE] 特徴量生成 race_id=202404010406: 15 頭 × 52 特徴量 (リーク除外済み)
2026-05-01 18:45:36,856 INFO [SIMULATE] 特徴量生成 race_id=202404010407: 16 頭 × 52 特徴量 (リーク除外済み)
2026-05-01 18:45:36,876 INFO [SIMULATE] 特徴量生成 race_id=202404010408: 14 頭 × 52 特徴量 (リーク除外済み)
2026-05-01 18:45:36,889 INFO [SIMULATE] 特徴量生成 race_id=202404010409: 15 頭 × 52 特徴量 (リーク除外済み)
2026-05-01 18:45:36,915 INFO [SIMULATE] 特徴量生成 race_id=202404010410: 16 頭 × 52 特徴量 (リーク除外済み)
2026-05-01 18:45:36,936 INFO [SIMULATE] 特徴量生成 race_id=202404010411: 16 頭 × 52 特徴量 (リーク除外済み)
2026-05-01 18:45:36,959 INFO [SIMULATE] 特徴量生成 race_id=202404010412: 13 頭 × 52 特徴量 (リーク除外済み)
2026-05-01 18:45:36,983 INFO [SIMULATE] 特徴量生成 race_id=202405020601: 13 頭 × 52 特徴量 (リーク除外済み)
2026-05-01 18:45:36,998 INFO [SIMULATE] 特徴量生成 race_id=202405020602: 16 頭 × 52 特徴量 (リーク除外済み)
2026-05-01 18:45:37,022 INFO [SIMULATE] 特徴量生成 race_id=202405020603: 14 頭 × 52 特徴量 (リーク除外済み)
2026-05-01 18:45:37,047 INFO [SIMULATE] 特徴量生成 race_id=202405020604: 18 頭 × 52 特徴量 (リーク除外済み)
2026-05-01 18:45:37,074 INFO [SIMULATE] 特徴量生成 race_id=202405020605: 16 頭 × 52 特徴量 (リーク除外済み)
2026-05-01 18:45:37,089 INFO [SIMULATE] 特徴量生成 race_id=202405020606: 13 頭 × 52 特徴量 (リーク除外済み)
2026-05-01 18:45:37,107 INFO [SIMULATE] 特徴量生成 race_id=202405020607: 15 頭 × 52 特徴量 (リーク除外済み)
2026-05-01 18:45:37,124 INFO [SIMULATE] 特徴量生成 race_id=202405020608: 10 頭 × 52 特徴量 (リーク除外済み)
2026-05-01 18:45:37,153 INFO [SIMULATE] 特徴量生成 race_id=202405020609: 12 頭 × 52 特徴量 (リーク除外済み)
2026-05-01 18:45:37,179 INFO [SIMULATE] 特徴量生成 race_id=202405020610: 16 頭 × 52 特徴量 (リーク除外済み)
2026-05-01 18:45:37,197 INFO [SIMULATE] 特徴量生成 race_id=202405020611: 18 頭 × 52 特徴量 (リーク除外済み)
2026-05-01 18:45:37,216 INFO [SIMULATE] 特徴量生成 race_id=202405020612: 16 頭 × 52 特徴量 (リーク除外済み)
2026-05-01 18:45:37,231 INFO [SIMULATE] 特徴量生成 race_id=202408030601: 10 頭 × 52 特徴量 (リーク除外済み)
2026-05-01 18:45:37,255 INFO [SIMULATE] 特徴量生成 race_id=202408030602: 16 頭 × 52 特徴量 (リーク除外済み)
2026-05-01 18:45:37,277 INFO [SIMULATE] 特徴量生成 race_id=202408030603: 12 頭 × 52 特徴量 (リーク除外済み)
2026-05-01 18:45:37,321 INFO [SIMULATE] 特徴量生成 race_id=202408030604: 15 頭 × 52 特徴量 (リーク除外済み)
2026-05-01 18:45:37,362 INFO [SIMULATE] 特徴量生成 race_id=202408030605: 16 頭 × 52 特徴量 (リーク除外済み)
2026-05-01 18:45:37,380 INFO [SIMULATE] 特徴量生成 race_id=202408030606: 16 頭 × 52 特徴量 (リーク除外済み)
2026-05-01 18:45:37,410 INFO [SIMULATE] 特徴量生成 race_id=202408030607: 9 頭 × 52 特徴量 (リーク除外済み)
2026-05-01 18:45:37,434 INFO [SIMULATE] 特徴量生成 race_id=202408030608: 15 頭 × 52 特徴量 (リーク除外済み)
2026-05-01 18:45:37,470 INFO [SIMULATE] 特徴量生成 race_id=202408030609: 11 頭 × 52 特徴量 (リーク除外済み)
2026-05-01 18:45:37,504 INFO [SIMULATE] 特徴量生成 race_id=202408030610: 11 頭 × 52 特徴量 (リーク除外済み)
2026-05-01 18:45:37,536 INFO [SIMULATE] 特徴量生成 race_id=202408030611: 13 頭 × 52 特徴量 (リーク除外済み)
2026-05-01 18:45:37,590 INFO [SIMULATE] 特徴量生成 race_id=202408030612: 16 頭 × 52 特徴量 (リーク除外済み)
2026-05-01 18:45:37,620 INFO [SIMULATE] 特徴量生成 race_id=202404010501: 15 頭 × 52 特徴量 (リーク除外済み)
2026-05-01 18:45:37,657 INFO [SIMULATE] 特徴量生成 race_id=202404010502: 15 頭 × 52 特徴量 (リーク除外済み)
2026-05-01 18:45:37,676 INFO [SIMULATE] 特徴量生成 race_id=202404010503: 16 頭 × 52 特徴量 (リーク除外済み)
2026-05-01 18:45:37,699 INFO [SIMULATE] 特徴量生成 race_id=202404010504: 15 頭 × 52 特徴量 (リーク除外済み)
2026-05-01 18:45:37,719 INFO [SIMULATE] 特徴量生成 race_id=202404010505: 15 頭 × 52 特徴量 (リーク除外済み)
2026-05-01 18:45:37,736 INFO [SIMULATE] 特徴量生成 race_id=202404010506: 15 頭 × 52 特徴量 (リーク除外済み)
2026-05-01 18:45:37,757 INFO [SIMULATE] 特徴量生成 race_id=202404010507: 8 頭 × 52 特徴量 (リーク除外済み)
2026-05-01 18:45:37,785 INFO [SIMULATE] 特徴量生成 race_id=202404010508: 14 頭 × 52 特徴量 (リーク除外済み)
2026-05-01 18:45:37,804 INFO [SIMULATE] 特徴量生成 race_id=202404010509: 12 頭 × 52 特徴量 (リーク除外済み)
2026-05-01 18:45:37,821 INFO [SIMULATE] 特徴量生成 race_id=202404010510: 12 頭 × 52 特徴量 (リーク除外済み)
2026-05-01 18:45:37,842 INFO [SIMULATE] 特徴量生成 race_id=202404010511: 11 頭 × 52 特徴量 (リーク除外済み)
2026-05-01 18:45:37,868 INFO [SIMULATE] 特徴量生成 race_id=202404010512: 14 頭 × 52 特徴量 (リーク除外済み)
2026-05-01 18:45:37,892 INFO [SIMULATE] 特徴量生成 race_id=202405020701: 16 頭 × 52 特徴量 (リーク除外済み)
2026-05-01 18:45:37,913 INFO [SIMULATE] 特徴量生成 race_id=202405020702: 15 頭 × 52 特徴量 (リーク除外済み)
2026-05-01 18:45:37,937 INFO [SIMULATE] 特徴量生成 race_id=202405020703: 16 頭 × 52 特徴量 (リーク除外済み)
2026-05-01 18:45:37,956 INFO [SIMULATE] 特徴量生成 race_id=202405020704: 17 頭 × 52 特徴量 (リーク除外済み)
2026-05-01 18:45:37,981 INFO [SIMULATE] 特徴量生成 race_id=202405020705: 18 頭 × 52 特徴量 (リーク除外済み)
2026-05-01 18:45:37,995 INFO [SIMULATE] 特徴量生成 race_id=202405020706: 16 頭 × 52 特徴量 (リーク除外済み)
2026-05-01 18:45:38,007 INFO [SIMULATE] 特徴量生成 race_id=202405020707: 12 頭 × 52 特徴量 (リーク除外済み)
2026-05-01 18:45:38,030 INFO [SIMULATE] 特徴量生成 race_id=202405020708: 11 頭 × 52 特徴量 (リーク除外済み)
2026-05-01 18:45:38,047 INFO [SIMULATE] 特徴量生成 race_id=202405020709: 12 頭 × 52 特徴量 (リーク除外済み)
2026-05-01 18:45:38,061 INFO [SIMULATE] 特徴量生成 race_id=202405020710: 10 頭 × 52 特徴量 (リーク除外済み)
2026-05-01 18:45:38,073 INFO [SIMULATE] 特徴量生成 race_id=202405020711: 15 頭 × 52 特徴量 (リーク除外済み)
2026-05-01 18:45:38,085 INFO [SIMULATE] 特徴量生成 race_id=202405020712: 12 頭 × 52 特徴量 (リーク除外済み)
2026-05-01 18:45:38,096 INFO [SIMULATE] 特徴量生成 race_id=202408030701: 13 頭 × 52 特徴量 (リーク除外済み)
2026-05-01 18:45:38,107 INFO [SIMULATE] 特徴量生成 race_id=202408030702: 16 頭 × 52 特徴量 (リーク除外済み)
2026-05-01 18:45:38,128 INFO [SIMULATE] 特徴量生成 race_id=202408030703: 13 頭 × 52 特徴量 (リーク除外済み)
2026-05-01 18:45:38,153 INFO [SIMULATE] 特徴量生成 race_id=202408030704: 18 頭 × 52 特徴量 (リーク除外済み)
2026-05-01 18:45:38,164 INFO [SIMULATE] 特徴量生成 race_id=202408030705: 10 頭 × 52 特徴量 (リーク除外済み)
2026-05-01 18:45:38,178 INFO [SIMULATE] 特徴量生成 race_id=202408030706: 15 頭 × 52 特徴量 (リーク除外済み)
2026-05-01 18:45:38,195 INFO [SIMULATE] 特徴量生成 race_id=202408030707: 14 頭 × 52 特徴量 (リーク除外済み)
2026-05-01 18:45:38,210 INFO [SIMULATE] 特徴量生成 race_id=202408030708: 10 頭 × 52 特徴量 (リーク除外済み)
2026-05-01 18:45:38,221 INFO [SIMULATE] 特徴量生成 race_id=202408030709: 11 頭 × 52 特徴量 (リーク除外済み)
2026-05-01 18:45:38,237 INFO [SIMULATE] 特徴量生成 race_id=202408030710: 16 頭 × 52 特徴量 (リーク除外済み)
2026-05-01 18:45:38,250 INFO [SIMULATE] 特徴量生成 race_id=202408030711: 11 頭 × 52 特徴量 (リーク除外済み)
2026-05-01 18:45:38,263 INFO [SIMULATE] 特徴量生成 race_id=202408030712: 13 頭 × 52 特徴量 (リーク除外済み)
2026-05-01 18:45:38,277 INFO [SIMULATE] 特徴量生成 race_id=202404010601: 16 頭 × 52 特徴量 (リーク除外済み)
2026-05-01 18:45:38,290 INFO [SIMULATE] 特徴量生成 race_id=202404010602: 15 頭 × 52 特徴量 (リーク除外済み)
2026-05-01 18:45:38,303 INFO [SIMULATE] 特徴量生成 race_id=202404010603: 15 頭 × 52 特徴量 (リーク除外済み)
2026-05-01 18:45:38,315 INFO [SIMULATE] 特徴量生成 race_id=202404010604: 11 頭 × 52 特徴量 (リーク除外済み)
2026-05-01 18:45:38,330 INFO [SIMULATE] 特徴量生成 race_id=202404010605: 9 頭 × 52 特徴量 (リーク除外済み)
2026-05-01 18:45:38,343 INFO [SIMULATE] 特徴量生成 race_id=202404010606: 11 頭 × 52 特徴量 (リーク除外済み)
2026-05-01 18:45:38,357 INFO [SIMULATE] 特徴量生成 race_id=202404010607: 16 頭 × 52 特徴量 (リーク除外済み)
2026-05-01 18:45:38,370 INFO [SIMULATE] 特徴量生成 race_id=202404010608: 14 頭 × 52 特徴量 (リーク除外済み)
2026-05-01 18:45:38,382 INFO [SIMULATE] 特徴量生成 race_id=202404010609: 8 頭 × 52 特徴量 (リーク除外済み)
2026-05-01 18:45:38,393 INFO [SIMULATE] 特徴量生成 race_id=202404010610: 14 頭 × 52 特徴量 (リーク除外済み)
2026-05-01 18:45:38,406 INFO [SIMULATE] 特徴量生成 race_id=202404010611: 16 頭 × 52 特徴量 (リーク除外済み)
2026-05-01 18:45:38,418 INFO [SIMULATE] 特徴量生成 race_id=202404010612: 13 頭 × 52 特徴量 (リーク除外済み)
2026-05-01 18:45:38,435 INFO [SIMULATE] 特徴量生成 race_id=202405020801: 16 頭 × 52 特徴量 (リーク除外済み)
2026-05-01 18:45:38,448 INFO [SIMULATE] 特徴量生成 race_id=202405020802: 16 頭 × 52 特徴量 (リーク除外済み)
2026-05-01 18:45:38,459 INFO [SIMULATE] 特徴量生成 race_id=202405020803: 16 頭 × 52 特徴量 (リーク除外済み)
2026-05-01 18:45:38,475 INFO [SIMULATE] 特徴量生成 race_id=202405020804: 17 頭 × 52 特徴量 (リーク除外済み)
2026-05-01 18:45:38,485 INFO [SIMULATE] 特徴量生成 race_id=202405020805: 11 頭 × 52 特徴量 (リーク除外済み)
2026-05-01 18:45:38,498 INFO [SIMULATE] 特徴量生成 race_id=202405020806: 11 頭 × 52 特徴量 (リーク除外済み)
2026-05-01 18:45:38,509 INFO [SIMULATE] 特徴量生成 race_id=202405020807: 16 頭 × 52 特徴量 (リーク除外済み)
2026-05-01 18:45:38,519 INFO [SIMULATE] 特徴量生成 race_id=202405020808: 9 頭 × 52 特徴量 (リーク除外済み)
2026-05-01 18:45:38,528 INFO [SIMULATE] 特徴量生成 race_id=202405020809: 8 頭 × 52 特徴量 (リーク除外済み)
2026-05-01 18:45:38,539 INFO [SIMULATE] 特徴量生成 race_id=202405020810: 12 頭 × 52 特徴量 (リーク除外済み)
2026-05-01 18:45:38,549 INFO [SIMULATE] 特徴量生成 race_id=202405020811: 15 頭 × 52 特徴量 (リーク除外済み)
2026-05-01 18:45:38,561 INFO [SIMULATE] 特徴量生成 race_id=202405020812: 16 頭 × 52 特徴量 (リーク除外済み)
2026-05-01 18:45:38,578 INFO [SIMULATE] 特徴量生成 race_id=202408030801: 16 頭 × 52 特徴量 (リーク除外済み)
2026-05-01 18:45:38,591 INFO [SIMULATE] 特徴量生成 race_id=202408030802: 15 頭 × 52 特徴量 (リーク除外済み)
2026-05-01 18:45:38,606 INFO [SIMULATE] 特徴量生成 race_id=202408030803: 18 頭 × 52 特徴量 (リーク除外済み)
2026-05-01 18:45:38,620 INFO [SIMULATE] 特徴量生成 race_id=202408030804: 14 頭 × 52 特徴量 (リーク除外済み)
2026-05-01 18:45:38,635 INFO [SIMULATE] 特徴量生成 race_id=202408030805: 16 頭 × 52 特徴量 (リーク除外済み)
2026-05-01 18:45:38,646 INFO [SIMULATE] 特徴量生成 race_id=202408030806: 7 頭 × 52 特徴量 (リーク除外済み)
2026-05-01 18:45:38,661 INFO [SIMULATE] 特徴量生成 race_id=202408030807: 14 頭 × 52 特徴量 (リーク除外済み)
2026-05-01 18:45:38,672 INFO [SIMULATE] 特徴量生成 race_id=202408030808: 12 頭 × 52 特徴量 (リーク除外済み)
2026-05-01 18:45:38,681 INFO [SIMULATE] 特徴量生成 race_id=202408030809: 7 頭 × 52 特徴量 (リーク除外済み)
2026-05-01 18:45:38,695 INFO [SIMULATE] 特徴量生成 race_id=202408030810: 14 頭 × 52 特徴量 (リーク除外済み)
2026-05-01 18:45:38,707 INFO [SIMULATE] 特徴量生成 race_id=202408030811: 16 頭 × 52 特徴量 (リーク除外済み)
2026-05-01 18:45:38,722 INFO [SIMULATE] 特徴量生成 race_id=202408030812: 14 頭 × 52 特徴量 (リーク除外済み)
2026-05-01 18:45:38,740 INFO [SIMULATE] 特徴量生成 race_id=202404010701: 14 頭 × 52 特徴量 (リーク除外済み)
2026-05-01 18:45:38,755 INFO [SIMULATE] 特徴量生成 race_id=202404010702: 15 頭 × 52 特徴量 (リーク除外済み)
2026-05-01 18:45:38,768 INFO [SIMULATE] 特徴量生成 race_id=202404010703: 15 頭 × 52 特徴量 (リーク除外済み)
2026-05-01 18:45:38,779 INFO [SIMULATE] 特徴量生成 race_id=202404010704: 13 頭 × 52 特徴量 (リーク除外済み)
2026-05-01 18:45:38,796 INFO [SIMULATE] 特徴量生成 race_id=202404010705: 16 頭 × 52 特徴量 (リーク除外済み)
2026-05-01 18:45:38,810 INFO [SIMULATE] 特徴量生成 race_id=202404010706: 15 頭 × 52 特徴量 (リーク除外済み)
2026-05-01 18:45:38,820 INFO [SIMULATE] 特徴量生成 race_id=202404010707: 16 頭 × 52 特徴量 (リーク除外済み)
2026-05-01 18:45:38,832 INFO [SIMULATE] 特徴量生成 race_id=202404010708: 15 頭 × 52 特徴量 (リーク除外済み)
2026-05-01 18:45:38,845 INFO [SIMULATE] 特徴量生成 race_id=202404010709: 16 頭 × 52 特徴量 (リーク除外済み)
2026-05-01 18:45:38,858 INFO [SIMULATE] 特徴量生成 race_id=202404010710: 10 頭 × 52 特徴量 (リーク除外済み)
2026-05-01 18:45:38,868 INFO [SIMULATE] 特徴量生成 race_id=202404010711: 16 頭 × 52 特徴量 (リーク除外済み)
2026-05-01 18:45:38,880 INFO [SIMULATE] 特徴量生成 race_id=202404010712: 15 頭 × 52 特徴量 (リーク除外済み)
2026-05-01 18:45:38,892 INFO [SIMULATE] 特徴量生成 race_id=202405020901: 16 頭 × 52 特徴量 (リーク除外済み)
2026-05-01 18:45:38,906 INFO [SIMULATE] 特徴量生成 race_id=202405020902: 16 頭 × 52 特徴量 (リーク除外済み)
2026-05-01 18:45:38,915 INFO [SIMULATE] 特徴量生成 race_id=202405020903: 14 頭 × 52 特徴量 (リーク除外済み)
2026-05-01 18:45:38,932 INFO [SIMULATE] 特徴量生成 race_id=202405020904: 18 頭 × 52 特徴量 (リーク除外済み)
2026-05-01 18:45:38,953 INFO [SIMULATE] 特徴量生成 race_id=202405020905: 18 頭 × 52 特徴量 (リーク除外済み)
2026-05-01 18:45:38,966 INFO [SIMULATE] 特徴量生成 race_id=202405020906: 10 頭 × 52 特徴量 (リーク除外済み)
2026-05-01 18:45:38,979 INFO [SIMULATE] 特徴量生成 race_id=202405020907: 16 頭 × 52 特徴量 (リーク除外済み)
2026-05-01 18:45:38,995 INFO [SIMULATE] 特徴量生成 race_id=202405020908: 16 頭 × 52 特徴量 (リーク除外済み)
2026-05-01 18:45:39,008 INFO [SIMULATE] 特徴量生成 race_id=202405020909: 11 頭 × 52 特徴量 (リーク除外済み)
2026-05-01 18:45:39,039 INFO [SIMULATE] 特徴量生成 race_id=202405020910: 12 頭 × 52 特徴量 (リーク除外済み)
2026-05-01 18:45:39,063 INFO [SIMULATE] 特徴量生成 race_id=202405020911: 16 頭 × 52 特徴量 (リーク除外済み)
2026-05-01 18:45:39,077 INFO [SIMULATE] 特徴量生成 race_id=202405020912: 16 頭 × 52 特徴量 (リーク除外済み)
2026-05-01 18:45:39,096 INFO [SIMULATE] 特徴量生成 race_id=202408030901: 16 頭 × 52 特徴量 (リーク除外済み)
2026-05-01 18:45:39,114 INFO [SIMULATE] 特徴量生成 race_id=202408030902: 16 頭 × 52 特徴量 (リーク除外済み)
2026-05-01 18:45:39,128 INFO [SIMULATE] 特徴量生成 race_id=202408030903: 16 頭 × 52 特徴量 (リーク除外済み)
2026-05-01 18:45:39,146 INFO [SIMULATE] 特徴量生成 race_id=202408030904: 18 頭 × 52 特徴量 (リーク除外済み)
2026-05-01 18:45:39,161 INFO [SIMULATE] 特徴量生成 race_id=202408030905: 14 頭 × 52 特徴量 (リーク除外済み)
2026-05-01 18:45:39,195 INFO [SIMULATE] 特徴量生成 race_id=202408030906: 15 頭 × 52 特徴量 (リーク除外済み)
2026-05-01 18:45:39,217 INFO [SIMULATE] 特徴量生成 race_id=202408030907: 12 頭 × 52 特徴量 (リーク除外済み)
2026-05-01 18:45:39,239 INFO [SIMULATE] 特徴量生成 race_id=202408030908: 10 頭 × 52 特徴量 (リーク除外済み)
2026-05-01 18:45:39,255 INFO [SIMULATE] 特徴量生成 race_id=202408030909: 14 頭 × 52 特徴量 (リーク除外済み)
2026-05-01 18:45:39,269 INFO [SIMULATE] 特徴量生成 race_id=202408030910: 9 頭 × 52 特徴量 (リーク除外済み)
2026-05-01 18:45:39,280 INFO [SIMULATE] 特徴量生成 race_id=202408030911: 16 頭 × 52 特徴量 (リーク除外済み)
2026-05-01 18:45:39,294 INFO [SIMULATE] 特徴量生成 race_id=202408030912: 16 頭 × 52 特徴量 (リーク除外済み)
2026-05-01 18:45:39,305 INFO [SIMULATE] 特徴量生成 race_id=202404010801: 15 頭 × 52 特徴量 (リーク除外済み)
2026-05-01 18:45:39,319 INFO [SIMULATE] 特徴量生成 race_id=202404010802: 16 頭 × 52 特徴量 (リーク除外済み)
2026-05-01 18:45:39,329 INFO [SIMULATE] 特徴量生成 race_id=202404010803: 15 頭 × 52 特徴量 (リーク除外済み)
2026-05-01 18:45:39,339 INFO [SIMULATE] 特徴量生成 race_id=202404010804: 14 頭 × 52 特徴量 (リーク除外済み)
2026-05-01 18:45:39,352 INFO [SIMULATE] 特徴量生成 race_id=202405021001: 16 頭 × 52 特徴量 (リーク除外済み)
2026-05-01 18:45:39,364 INFO [SIMULATE] 特徴量生成 race_id=202405021002: 16 頭 × 52 特徴量 (リーク除外済み)
2026-05-01 18:45:39,381 INFO [SIMULATE] 特徴量生成 race_id=202405021003: 16 頭 × 52 特徴量 (リーク除外済み)
2026-05-01 18:45:39,405 INFO [SIMULATE] 特徴量生成 race_id=202405021004: 14 頭 × 52 特徴量 (リーク除外済み)
2026-05-01 18:45:39,423 INFO [SIMULATE] 特徴量生成 race_id=202405021005: 11 頭 × 52 特徴量 (リーク除外済み)
2026-05-01 18:45:39,443 INFO [SIMULATE] 特徴量生成 race_id=202405021006: 16 頭 × 52 特徴量 (リーク除外済み)
2026-05-01 18:45:39,458 INFO [SIMULATE] 特徴量生成 race_id=202405021007: 9 頭 × 52 特徴量 (リーク除外済み)
2026-05-01 18:45:39,479 INFO [SIMULATE] 特徴量生成 race_id=202405021008: 10 頭 × 52 特徴量 (リーク除外済み)
2026-05-01 18:45:39,512 INFO [SIMULATE] 特徴量生成 race_id=202405021009: 13 頭 × 52 特徴量 (リーク除外済み)
2026-05-01 18:45:39,525 INFO [SIMULATE] 特徴量生成 race_id=202405021010: 16 頭 × 52 特徴量 (リーク除外済み)
2026-05-01 18:45:39,540 INFO [SIMULATE] 特徴量生成 race_id=202405021011: 18 頭 × 52 特徴量 (リーク除外済み)
2026-05-01 18:45:39,556 INFO [SIMULATE] 特徴量生成 race_id=202405021012: 15 頭 × 52 特徴量 (リーク除外済み)
2026-05-01 18:45:39,579 INFO [SIMULATE] 特徴量生成 race_id=202408031001: 14 頭 × 52 特徴量 (リーク除外済み)
2026-05-01 18:45:39,592 INFO [SIMULATE] 特徴量生成 race_id=202408031002: 15 頭 × 52 特徴量 (リーク除外済み)
2026-05-01 18:45:39,605 INFO [SIMULATE] 特徴量生成 race_id=202408031003: 18 頭 × 52 特徴量 (リーク除外済み)
2026-05-01 18:45:39,617 INFO [SIMULATE] 特徴量生成 race_id=202408031004: 15 頭 × 52 特徴量 (リーク除外済み)
2026-05-01 18:45:39,630 INFO [SIMULATE] 特徴量生成 race_id=202408031005: 18 頭 × 52 特徴量 (リーク除外済み)
2026-05-01 18:45:39,641 INFO [SIMULATE] 特徴量生成 race_id=202408031006: 14 頭 × 52 特徴量 (リーク除外済み)
2026-05-01 18:45:39,662 INFO [SIMULATE] 特徴量生成 race_id=202408031007: 11 頭 × 52 特徴量 (リーク除外済み)
2026-05-01 18:45:39,674 INFO [SIMULATE] 特徴量生成 race_id=202408031008: 17 頭 × 52 特徴量 (リーク除外済み)
2026-05-01 18:45:39,696 INFO [SIMULATE] 特徴量生成 race_id=202408031009: 16 頭 × 52 特徴量 (リーク除外済み)
2026-05-01 18:45:39,711 INFO [SIMULATE] 特徴量生成 race_id=202408031010: 12 頭 × 52 特徴量 (リーク除外済み)
2026-05-01 18:45:39,723 INFO [SIMULATE] 特徴量生成 race_id=202408031011: 16 頭 × 52 特徴量 (リーク除外済み)
2026-05-01 18:45:39,740 INFO [SIMULATE] 特徴量生成 race_id=202408031012: 16 頭 × 52 特徴量 (リーク除外済み)
2026-05-01 18:45:39,756 INFO [SIMULATE] 特徴量生成 race_id=202405021211: 18 頭 × 52 特徴量 (リーク除外済み)
2026-05-01 18:45:39,774 INFO [SIMULATE] 特徴量生成 race_id=202405030211: 18 頭 × 52 特徴量 (リーク除外済み)
2026-05-01 18:45:39,795 INFO [SIMULATE] 特徴量生成 race_id=202408040811: 13 頭 × 52 特徴量 (リーク除外済み)
2026-05-01 18:45:39,838 INFO [SIMULATE] 特徴量生成 race_id=202406040911: 16 頭 × 52 特徴量 (リーク除外済み)
2026-05-01 18:45:39,876 INFO [SIMULATE] 特徴量生成 race_id=202408050411: 15 頭 × 52 特徴量 (リーク除外済み)
2026-05-01 18:45:39,929 INFO [SIMULATE] 特徴量生成 race_id=202408050611: 18 頭 × 52 特徴量 (リーク除外済み)
2026-05-01 18:45:39,960 INFO [SIMULATE] 特徴量生成 race_id=202405040811: 15 頭 × 52 特徴量 (リーク除外済み)
2026-05-01 18:45:39,997 INFO [SIMULATE] 特徴量生成 race_id=202408060411: 17 頭 × 52 特徴量 (リーク除外済み)
2026-05-01 18:45:40,039 INFO [SIMULATE] 特徴量生成 race_id=202408060611: 17 頭 × 52 特徴量 (リーク除外済み)
2026-05-01 18:45:40,068 INFO [SIMULATE] 特徴量生成 race_id=202407040211: 16 頭 × 52 特徴量 (リーク除外済み)
2026-05-01 18:45:40,147 INFO [SIMULATE] 特徴量生成 race_id=202408070411: 18 頭 × 52 特徴量 (リーク除外済み)
2026-05-01 18:45:40,169 INFO [SIMULATE] 特徴量生成 race_id=202408070611: 16 頭 × 52 特徴量 (リーク除外済み)
2026-05-01 18:45:40,209 INFO [SIMULATE] 特徴量生成 race_id=202406050710: 9 頭 × 52 特徴量 (リーク除外済み)
2026-05-01 18:45:40,268 INFO [SIMULATE] 特徴量生成 race_id=202406050811: 16 頭 × 52 特徴量 (リーク除外済み)
2026-05-01 18:45:40,311 INFO [SIMULATE] 特徴量生成 race_id=202406050911: 18 頭 × 52 特徴量 (リーク除外済み)
2026-05-01 18:45:40,369 INFO [SIMULATE] 特徴量生成 race_id=202506010101: 16 頭 × 52 特徴量 (リーク除外済み)
2026-05-01 18:45:40,390 INFO [SIMULATE] 特徴量生成 race_id=202506010102: 16 頭 × 52 特徴量 (リーク除外済み)
2026-05-01 18:45:40,436 INFO [SIMULATE] 特徴量生成 race_id=202506010103: 16 頭 × 52 特徴量 (リーク除外済み)
2026-05-01 18:45:40,458 INFO [SIMULATE] 特徴量生成 race_id=202506010104: 16 頭 × 52 特徴量 (リーク除外済み)
2026-05-01 18:45:40,484 INFO [SIMULATE] 特徴量生成 race_id=202506010105: 16 頭 × 52 特徴量 (リーク除外済み)
2026-05-01 18:45:40,526 INFO [SIMULATE] 特徴量生成 race_id=202506010106: 18 頭 × 52 特徴量 (リーク除外済み)
2026-05-01 18:45:40,556 INFO [SIMULATE] 特徴量生成 race_id=202506010107: 16 頭 × 52 特徴量 (リーク除外済み)
2026-05-01 18:45:40,589 INFO [SIMULATE] 特徴量生成 race_id=202506010108: 16 頭 × 52 特徴量 (リーク除外済み)
2026-05-01 18:45:40,625 INFO [SIMULATE] 特徴量生成 race_id=202506010109: 16 頭 × 52 特徴量 (リーク除外済み)
2026-05-01 18:45:40,729 INFO [SIMULATE] 特徴量生成 race_id=202506010110: 15 頭 × 52 特徴量 (リーク除外済み)
2026-05-01 18:45:40,762 INFO [SIMULATE] 特徴量生成 race_id=202506010111: 18 頭 × 52 特徴量 (リーク除外済み)
2026-05-01 18:45:40,784 INFO [SIMULATE] 特徴量生成 race_id=202506010112: 16 頭 × 52 特徴量 (リーク除外済み)
2026-05-01 18:45:40,833 INFO [SIMULATE] 特徴量生成 race_id=202507010101: 16 頭 × 52 特徴量 (リーク除外済み)
2026-05-01 18:45:40,873 INFO [SIMULATE] 特徴量生成 race_id=202507010102: 16 頭 × 52 特徴量 (リーク除外済み)
2026-05-01 18:45:40,921 INFO [SIMULATE] 特徴量生成 race_id=202507010103: 16 頭 × 52 特徴量 (リーク除外済み)
2026-05-01 18:45:40,956 INFO [SIMULATE] 特徴量生成 race_id=202507010104: 16 頭 × 52 特徴量 (リーク除外済み)
2026-05-01 18:45:40,998 INFO [SIMULATE] 特徴量生成 race_id=202507010105: 18 頭 × 52 特徴量 (リーク除外済み)
2026-05-01 18:45:41,028 INFO [SIMULATE] 特徴量生成 race_id=202507010106: 16 頭 × 52 特徴量 (リーク除外済み)
2026-05-01 18:45:41,043 INFO [SIMULATE] 特徴量生成 race_id=202507010107: 9 頭 × 52 特徴量 (リーク除外済み)
2026-05-01 18:45:41,090 INFO [SIMULATE] 特徴量生成 race_id=202507010108: 16 頭 × 52 特徴量 (リーク除外済み)
2026-05-01 18:45:41,117 INFO [SIMULATE] 特徴量生成 race_id=202507010109: 11 頭 × 52 特徴量 (リーク除外済み)
2026-05-01 18:45:41,136 INFO [SIMULATE] 特徴量生成 race_id=202507010110: 16 頭 × 52 特徴量 (リーク除外済み)
2026-05-01 18:45:41,187 INFO [SIMULATE] 特徴量生成 race_id=202507010111: 16 頭 × 52 特徴量 (リーク除外済み)
2026-05-01 18:45:41,211 INFO [SIMULATE] 特徴量生成 race_id=202507010112: 16 頭 × 52 特徴量 (リーク除外済み)
2026-05-01 18:45:41,261 INFO [SIMULATE] 特徴量生成 race_id=202506010201: 16 頭 × 52 特徴量 (リーク除外済み)
2026-05-01 18:45:41,284 INFO [SIMULATE] 特徴量生成 race_id=202506010202: 16 頭 × 52 特徴量 (リーク除外済み)
2026-05-01 18:45:41,302 INFO [SIMULATE] 特徴量生成 race_id=202506010203: 16 頭 × 52 特徴量 (リーク除外済み)
2026-05-01 18:45:41,305 INFO   特徴量生成中... 1500/5878
2026-05-01 18:45:41,317 INFO [SIMULATE] 特徴量生成 race_id=202506010204: 16 頭 × 52 特徴量 (リーク除外済み)
2026-05-01 18:45:41,343 INFO [SIMULATE] 特徴量生成 race_id=202506010205: 16 頭 × 52 特徴量 (リーク除外済み)
2026-05-01 18:45:41,416 INFO [SIMULATE] 特徴量生成 race_id=202506010206: 18 頭 × 52 特徴量 (リーク除外済み)
2026-05-01 18:45:41,448 INFO [SIMULATE] 特徴量生成 race_id=202506010207: 12 頭 × 52 特徴量 (リーク除外済み)
2026-05-01 18:45:41,521 INFO [SIMULATE] 特徴量生成 race_id=202506010208: 14 頭 × 52 特徴量 (リーク除外済み)
2026-05-01 18:45:41,571 INFO [SIMULATE] 特徴量生成 race_id=202506010209: 16 頭 × 52 特徴量 (リーク除外済み)
2026-05-01 18:45:41,631 INFO [SIMULATE] 特徴量生成 race_id=202506010210: 15 頭 × 52 特徴量 (リーク除外済み)
2026-05-01 18:45:41,723 INFO [SIMULATE] 特徴量生成 race_id=202506010211: 16 頭 × 52 特徴量 (リーク除外済み)
2026-05-01 18:45:41,763 INFO [SIMULATE] 特徴量生成 race_id=202506010212: 16 頭 × 52 特徴量 (リーク除外済み)
2026-05-01 18:45:41,812 INFO [SIMULATE] 特徴量生成 race_id=202507010201: 16 頭 × 52 特徴量 (リーク除外済み)
2026-05-01 18:45:41,866 INFO [SIMULATE] 特徴量生成 race_id=202507010202: 16 頭 × 52 特徴量 (リーク除外済み)
2026-05-01 18:45:41,917 INFO [SIMULATE] 特徴量生成 race_id=202507010203: 16 頭 × 52 特徴量 (リーク除外済み)
2026-05-01 18:45:41,957 INFO [SIMULATE] 特徴量生成 race_id=202507010204: 12 頭 × 52 特徴量 (リーク除外済み)
2026-05-01 18:45:42,135 INFO [SIMULATE] 特徴量生成 race_id=202507010205: 18 頭 × 52 特徴量 (リーク除外済み)
2026-05-01 18:45:42,172 INFO [SIMULATE] 特徴量生成 race_id=202507010206: 18 頭 × 52 特徴量 (リーク除外済み)
2026-05-01 18:45:42,195 INFO [SIMULATE] 特徴量生成 race_id=202507010207: 16 頭 × 52 特徴量 (リーク除外済み)
2026-05-01 18:45:42,211 INFO [SIMULATE] 特徴量生成 race_id=202507010208: 16 頭 × 52 特徴量 (リーク除外済み)
2026-05-01 18:45:42,245 INFO [SIMULATE] 特徴量生成 race_id=202507010209: 16 頭 × 52 特徴量 (リーク除外済み)
2026-05-01 18:45:42,281 INFO [SIMULATE] 特徴量生成 race_id=202507010210: 18 頭 × 52 特徴量 (リーク除外済み)
2026-05-01 18:45:42,299 INFO [SIMULATE] 特徴量生成 race_id=202507010211: 17 頭 × 52 特徴量 (リーク除外済み)
2026-05-01 18:45:42,337 INFO [SIMULATE] 特徴量生成 race_id=202507010212: 16 頭 × 52 特徴量 (リーク除外済み)
2026-05-01 18:45:42,353 INFO [SIMULATE] 特徴量生成 race_id=202506010301: 16 頭 × 52 特徴量 (リーク除外済み)
2026-05-01 18:45:42,366 INFO [SIMULATE] 特徴量生成 race_id=202506010302: 16 頭 × 52 特徴量 (リーク除外済み)
2026-05-01 18:45:42,378 INFO [SIMULATE] 特徴量生成 race_id=202506010303: 16 頭 × 52 特徴量 (リーク除外済み)
2026-05-01 18:45:42,391 INFO [SIMULATE] 特徴量生成 race_id=202506010304: 16 頭 × 52 特徴量 (リーク除外済み)
2026-05-01 18:45:42,405 INFO [SIMULATE] 特徴量生成 race_id=202506010305: 18 頭 × 52 特徴量 (リーク除外済み)
2026-05-01 18:45:42,436 INFO [SIMULATE] 特徴量生成 race_id=202506010306: 13 頭 × 52 特徴量 (リーク除外済み)
2026-05-01 18:45:42,448 INFO [SIMULATE] 特徴量生成 race_id=202506010307: 16 頭 × 52 特徴量 (リーク除外済み)
2026-05-01 18:45:42,461 INFO [SIMULATE] 特徴量生成 race_id=202506010308: 16 頭 × 52 特徴量 (リーク除外済み)
2026-05-01 18:45:42,480 INFO [SIMULATE] 特徴量生成 race_id=202506010309: 14 頭 × 52 特徴量 (リーク除外済み)
2026-05-01 18:45:42,493 INFO [SIMULATE] 特徴量生成 race_id=202506010310: 16 頭 × 52 特徴量 (リーク除外済み)
2026-05-01 18:45:42,505 INFO [SIMULATE] 特徴量生成 race_id=202506010311: 13 頭 × 52 特徴量 (リーク除外済み)
2026-05-01 18:45:42,515 INFO [SIMULATE] 特徴量生成 race_id=202506010312: 10 頭 × 52 特徴量 (リーク除外済み)
2026-05-01 18:45:42,527 INFO [SIMULATE] 特徴量生成 race_id=202507010301: 16 頭 × 52 特徴量 (リーク除外済み)
2026-05-01 18:45:42,540 INFO [SIMULATE] 特徴量生成 race_id=202507010302: 16 頭 × 52 特徴量 (リーク除外済み)
2026-05-01 18:45:42,550 INFO [SIMULATE] 特徴量生成 race_id=202507010303: 16 頭 × 52 特徴量 (リーク除外済み)
2026-05-01 18:45:42,566 INFO [SIMULATE] 特徴量生成 race_id=202507010304: 16 頭 × 52 特徴量 (リーク除外済み)
2026-05-01 18:45:42,579 INFO [SIMULATE] 特徴量生成 race_id=202507010305: 18 頭 × 52 特徴量 (リーク除外済み)
2026-05-01 18:45:42,590 INFO [SIMULATE] 特徴量生成 race_id=202507010306: 7 頭 × 52 特徴量 (リーク除外済み)
2026-05-01 18:45:42,600 INFO [SIMULATE] 特徴量生成 race_id=202507010307: 16 頭 × 52 特徴量 (リーク除外済み)
2026-05-01 18:45:42,610 INFO [SIMULATE] 特徴量生成 race_id=202507010308: 11 頭 × 52 特徴量 (リーク除外済み)
2026-05-01 18:45:42,620 INFO [SIMULATE] 特徴量生成 race_id=202507010309: 13 頭 × 52 特徴量 (リーク除外済み)
2026-05-01 18:45:42,630 INFO [SIMULATE] 特徴量生成 race_id=202507010310: 16 頭 × 52 特徴量 (リーク除外済み)
2026-05-01 18:45:42,641 INFO [SIMULATE] 特徴量生成 race_id=202507010311: 16 頭 × 52 特徴量 (リーク除外済み)
2026-05-01 18:45:42,652 INFO [SIMULATE] 特徴量生成 race_id=202507010312: 16 頭 × 52 特徴量 (リーク除外済み)
2026-05-01 18:45:42,661 INFO [SIMULATE] 特徴量生成 race_id=202506010401: 16 頭 × 52 特徴量 (リーク除外済み)
2026-05-01 18:45:42,672 INFO [SIMULATE] 特徴量生成 race_id=202506010402: 16 頭 × 52 特徴量 (リーク除外済み)
2026-05-01 18:45:42,681 INFO [SIMULATE] 特徴量生成 race_id=202506010403: 16 頭 × 52 特徴量 (リーク除外済み)
2026-05-01 18:45:42,692 INFO [SIMULATE] 特徴量生成 race_id=202506010404: 16 頭 × 52 特徴量 (リーク除外済み)
2026-05-01 18:45:42,705 INFO [SIMULATE] 特徴量生成 race_id=202506010405: 18 頭 × 52 特徴量 (リーク除外済み)
2026-05-01 18:45:42,717 INFO [SIMULATE] 特徴量生成 race_id=202506010406: 16 頭 × 52 特徴量 (リーク除外済み)
2026-05-01 18:45:42,729 INFO [SIMULATE] 特徴量生成 race_id=202506010407: 18 頭 × 52 特徴量 (リーク除外済み)
2026-05-01 18:45:42,740 INFO [SIMULATE] 特徴量生成 race_id=202506010408: 16 頭 × 52 特徴量 (リーク除外済み)
2026-05-01 18:45:42,751 INFO [SIMULATE] 特徴量生成 race_id=202506010409: 14 頭 × 52 特徴量 (リーク除外済み)
2026-05-01 18:45:42,763 INFO [SIMULATE] 特徴量生成 race_id=202506010410: 16 頭 × 52 特徴量 (リーク除外済み)
2026-05-01 18:45:42,774 INFO [SIMULATE] 特徴量生成 race_id=202506010411: 16 頭 × 52 特徴量 (リーク除外済み)
2026-05-01 18:45:42,788 INFO [SIMULATE] 特徴量生成 race_id=202506010412: 16 頭 × 52 特徴量 (リーク除外済み)
2026-05-01 18:45:42,800 INFO [SIMULATE] 特徴量生成 race_id=202507010401: 16 頭 × 52 特徴量 (リーク除外済み)
2026-05-01 18:45:42,815 INFO [SIMULATE] 特徴量生成 race_id=202507010402: 16 頭 × 52 特徴量 (リーク除外済み)
2026-05-01 18:45:42,825 INFO [SIMULATE] 特徴量生成 race_id=202507010403: 16 頭 × 52 特徴量 (リーク除外済み)
2026-05-01 18:45:42,835 INFO [SIMULATE] 特徴量生成 race_id=202507010404: 12 頭 × 52 特徴量 (リーク除外済み)
2026-05-01 18:45:42,846 INFO [SIMULATE] 特徴量生成 race_id=202507010405: 16 頭 × 52 特徴量 (リーク除外済み)
2026-05-01 18:45:42,857 INFO [SIMULATE] 特徴量生成 race_id=202507010406: 18 頭 × 52 特徴量 (リーク除外済み)
2026-05-01 18:45:42,866 INFO [SIMULATE] 特徴量生成 race_id=202507010407: 16 頭 × 52 特徴量 (リーク除外済み)
2026-05-01 18:45:42,879 INFO [SIMULATE] 特徴量生成 race_id=202507010408: 16 頭 × 52 特徴量 (リーク除外済み)
2026-05-01 18:45:42,891 INFO [SIMULATE] 特徴量生成 race_id=202507010409: 16 頭 × 52 特徴量 (リーク除外済み)
2026-05-01 18:45:42,902 INFO [SIMULATE] 特徴量生成 race_id=202507010410: 16 頭 × 52 特徴量 (リーク除外済み)
2026-05-01 18:45:42,913 INFO [SIMULATE] 特徴量生成 race_id=202507010411: 18 頭 × 52 特徴量 (リーク除外済み)
2026-05-01 18:45:42,924 INFO [SIMULATE] 特徴量生成 race_id=202507010412: 18 頭 × 52 特徴量 (リーク除外済み)
2026-05-01 18:45:42,935 INFO [SIMULATE] 特徴量生成 race_id=202506010501: 16 頭 × 52 特徴量 (リーク除外済み)
2026-05-01 18:45:42,945 INFO [SIMULATE] 特徴量生成 race_id=202506010502: 16 頭 × 52 特徴量 (リーク除外済み)
2026-05-01 18:45:42,958 INFO [SIMULATE] 特徴量生成 race_id=202506010503: 16 頭 × 52 特徴量 (リーク除外済み)
2026-05-01 18:45:42,971 INFO [SIMULATE] 特徴量生成 race_id=202506010504: 9 頭 × 52 特徴量 (リーク除外済み)
2026-05-01 18:45:42,985 INFO [SIMULATE] 特徴量生成 race_id=202506010505: 16 頭 × 52 特徴量 (リーク除外済み)
2026-05-01 18:45:43,003 INFO [SIMULATE] 特徴量生成 race_id=202506010506: 17 頭 × 52 特徴量 (リーク除外済み)
2026-05-01 18:45:43,014 INFO [SIMULATE] 特徴量生成 race_id=202506010507: 11 頭 × 52 特徴量 (リーク除外済み)
2026-05-01 18:45:43,025 INFO [SIMULATE] 特徴量生成 race_id=202506010508: 14 頭 × 52 特徴量 (リーク除外済み)
2026-05-01 18:45:43,037 INFO [SIMULATE] 特徴量生成 race_id=202506010509: 16 頭 × 52 特徴量 (リーク除外済み)
2026-05-01 18:45:43,048 INFO [SIMULATE] 特徴量生成 race_id=202506010510: 16 頭 × 52 特徴量 (リーク除外済み)
2026-05-01 18:45:43,060 INFO [SIMULATE] 特徴量生成 race_id=202506010511: 16 頭 × 52 特徴量 (リーク除外済み)
2026-05-01 18:45:43,071 INFO [SIMULATE] 特徴量生成 race_id=202506010512: 16 頭 × 52 特徴量 (リーク除外済み)
2026-05-01 18:45:43,082 INFO [SIMULATE] 特徴量生成 race_id=202507010501: 16 頭 × 52 特徴量 (リーク除外済み)
2026-05-01 18:45:43,093 INFO [SIMULATE] 特徴量生成 race_id=202507010502: 16 頭 × 52 特徴量 (リーク除外済み)
2026-05-01 18:45:43,104 INFO [SIMULATE] 特徴量生成 race_id=202507010503: 16 頭 × 52 特徴量 (リーク除外済み)
2026-05-01 18:45:43,115 INFO [SIMULATE] 特徴量生成 race_id=202507010504: 15 頭 × 52 特徴量 (リーク除外済み)
2026-05-01 18:45:43,127 INFO [SIMULATE] 特徴量生成 race_id=202507010505: 16 頭 × 52 特徴量 (リーク除外済み)
2026-05-01 18:45:43,138 INFO [SIMULATE] 特徴量生成 race_id=202507010506: 16 頭 × 52 特徴量 (リーク除外済み)
2026-05-01 18:45:43,148 INFO [SIMULATE] 特徴量生成 race_id=202507010507: 18 頭 × 52 特徴量 (リーク除外済み)
2026-05-01 18:45:43,159 INFO [SIMULATE] 特徴量生成 race_id=202507010508: 16 頭 × 52 特徴量 (リーク除外済み)
2026-05-01 18:45:43,170 INFO [SIMULATE] 特徴量生成 race_id=202507010509: 16 頭 × 52 特徴量 (リーク除外済み)
2026-05-01 18:45:43,180 INFO [SIMULATE] 特徴量生成 race_id=202507010510: 16 頭 × 52 特徴量 (リーク除外済み)
2026-05-01 18:45:43,191 INFO [SIMULATE] 特徴量生成 race_id=202507010511: 15 頭 × 52 特徴量 (リーク除外済み)
2026-05-01 18:45:43,203 INFO [SIMULATE] 特徴量生成 race_id=202507010512: 14 頭 × 52 特徴量 (リーク除外済み)
2026-05-01 18:45:43,214 INFO [SIMULATE] 特徴量生成 race_id=202506010601: 16 頭 × 52 特徴量 (リーク除外済み)
2026-05-01 18:45:43,224 INFO [SIMULATE] 特徴量生成 race_id=202506010602: 16 頭 × 52 特徴量 (リーク除外済み)
2026-05-01 18:45:43,234 INFO [SIMULATE] 特徴量生成 race_id=202506010603: 16 頭 × 52 特徴量 (リーク除外済み)
2026-05-01 18:45:43,244 INFO [SIMULATE] 特徴量生成 race_id=202506010604: 11 頭 × 52 特徴量 (リーク除外済み)
2026-05-01 18:45:43,255 INFO [SIMULATE] 特徴量生成 race_id=202506010605: 18 頭 × 52 特徴量 (リーク除外済み)
2026-05-01 18:45:43,271 INFO [SIMULATE] 特徴量生成 race_id=202506010606: 16 頭 × 52 特徴量 (リーク除外済み)
2026-05-01 18:45:43,311 INFO [SIMULATE] 特徴量生成 race_id=202506010607: 13 頭 × 52 特徴量 (リーク除外済み)
2026-05-01 18:45:43,325 INFO [SIMULATE] 特徴量生成 race_id=202506010608: 16 頭 × 52 特徴量 (リーク除外済み)
2026-05-01 18:45:43,340 INFO [SIMULATE] 特徴量生成 race_id=202506010609: 16 頭 × 52 特徴量 (リーク除外済み)
2026-05-01 18:45:43,351 INFO [SIMULATE] 特徴量生成 race_id=202506010610: 16 頭 × 52 特徴量 (リーク除外済み)
2026-05-01 18:45:43,365 INFO [SIMULATE] 特徴量生成 race_id=202506010611: 16 頭 × 52 特徴量 (リーク除外済み)
2026-05-01 18:45:43,379 INFO [SIMULATE] 特徴量生成 race_id=202506010612: 16 頭 × 52 特徴量 (リーク除外済み)
2026-05-01 18:45:43,391 INFO [SIMULATE] 特徴量生成 race_id=202507010601: 16 頭 × 52 特徴量 (リーク除外済み)
2026-05-01 18:45:43,400 INFO [SIMULATE] 特徴量生成 race_id=202507010602: 11 頭 × 52 特徴量 (リーク除外済み)
2026-05-01 18:45:43,411 INFO [SIMULATE] 特徴量生成 race_id=202507010603: 16 頭 × 52 特徴量 (リーク除外済み)
2026-05-01 18:45:43,423 INFO [SIMULATE] 特徴量生成 race_id=202507010604: 16 頭 × 52 特徴量 (リーク除外済み)
2026-05-01 18:45:43,436 INFO [SIMULATE] 特徴量生成 race_id=202507010605: 18 頭 × 52 特徴量 (リーク除外済み)
2026-05-01 18:45:43,446 INFO [SIMULATE] 特徴量生成 race_id=202507010606: 16 頭 × 52 特徴量 (リーク除外済み)
2026-05-01 18:45:43,458 INFO [SIMULATE] 特徴量生成 race_id=202507010607: 12 頭 × 52 特徴量 (リーク除外済み)
2026-05-01 18:45:43,473 INFO [SIMULATE] 特徴量生成 race_id=202507010608: 16 頭 × 52 特徴量 (リーク除外済み)
2026-05-01 18:45:43,486 INFO [SIMULATE] 特徴量生成 race_id=202507010609: 16 頭 × 52 特徴量 (リーク除外済み)
2026-05-01 18:45:43,500 INFO [SIMULATE] 特徴量生成 race_id=202507010610: 12 頭 × 52 特徴量 (リーク除外済み)
2026-05-01 18:45:43,510 INFO [SIMULATE] 特徴量生成 race_id=202507010611: 16 頭 × 52 特徴量 (リーク除外済み)
2026-05-01 18:45:43,522 INFO [SIMULATE] 特徴量生成 race_id=202507010612: 13 頭 × 52 特徴量 (リーク除外済み)
2026-05-01 18:45:43,535 INFO [SIMULATE] 特徴量生成 race_id=202506010701: 16 頭 × 52 特徴量 (リーク除外済み)
2026-05-01 18:45:43,546 INFO [SIMULATE] 特徴量生成 race_id=202506010702: 16 頭 × 52 特徴量 (リーク除外済み)
2026-05-01 18:45:43,560 INFO [SIMULATE] 特徴量生成 race_id=202506010703: 16 頭 × 52 特徴量 (リーク除外済み)
2026-05-01 18:45:43,571 INFO [SIMULATE] 特徴量生成 race_id=202506010704: 11 頭 × 52 特徴量 (リーク除外済み)
2026-05-01 18:45:43,583 INFO [SIMULATE] 特徴量生成 race_id=202506010705: 16 頭 × 52 特徴量 (リーク除外済み)
2026-05-01 18:45:43,596 INFO [SIMULATE] 特徴量生成 race_id=202506010706: 16 頭 × 52 特徴量 (リーク除外済み)
2026-05-01 18:45:43,607 INFO [SIMULATE] 特徴量生成 race_id=202506010707: 13 頭 × 52 特徴量 (リーク除外済み)
2026-05-01 18:45:43,616 INFO [SIMULATE] 特徴量生成 race_id=202506010708: 14 頭 × 52 特徴量 (リーク除外済み)
2026-05-01 18:45:43,629 INFO [SIMULATE] 特徴量生成 race_id=202506010709: 12 頭 × 52 特徴量 (リーク除外済み)
2026-05-01 18:45:43,640 INFO [SIMULATE] 特徴量生成 race_id=202506010710: 16 頭 × 52 特徴量 (リーク除外済み)
2026-05-01 18:45:43,649 INFO [SIMULATE] 特徴量生成 race_id=202506010711: 14 頭 × 52 特徴量 (リーク除外済み)
2026-05-01 18:45:43,661 INFO [SIMULATE] 特徴量生成 race_id=202506010712: 16 頭 × 52 特徴量 (リーク除外済み)
2026-05-01 18:45:43,672 INFO [SIMULATE] 特徴量生成 race_id=202507010701: 16 頭 × 52 特徴量 (リーク除外済み)
2026-05-01 18:45:43,682 INFO [SIMULATE] 特徴量生成 race_id=202507010702: 13 頭 × 52 特徴量 (リーク除外済み)
2026-05-01 18:45:43,694 INFO [SIMULATE] 特徴量生成 race_id=202507010703: 16 頭 × 52 特徴量 (リーク除外済み)
2026-05-01 18:45:43,703 INFO [SIMULATE] 特徴量生成 race_id=202507010704: 10 頭 × 52 特徴量 (リーク除外済み)
2026-05-01 18:45:43,713 INFO [SIMULATE] 特徴量生成 race_id=202507010705: 18 頭 × 52 特徴量 (リーク除外済み)
2026-05-01 18:45:43,725 INFO [SIMULATE] 特徴量生成 race_id=202507010706: 10 頭 × 52 特徴量 (リーク除外済み)
2026-05-01 18:45:43,738 INFO [SIMULATE] 特徴量生成 race_id=202507010707: 10 頭 × 52 特徴量 (リーク除外済み)
2026-05-01 18:45:43,755 INFO [SIMULATE] 特徴量生成 race_id=202507010708: 16 頭 × 52 特徴量 (リーク除外済み)
2026-05-01 18:45:43,769 INFO [SIMULATE] 特徴量生成 race_id=202507010709: 11 頭 × 52 特徴量 (リーク除外済み)
2026-05-01 18:45:43,785 INFO [SIMULATE] 特徴量生成 race_id=202507010710: 16 頭 × 52 特徴量 (リーク除外済み)
2026-05-01 18:45:43,796 INFO [SIMULATE] 特徴量生成 race_id=202507010711: 16 頭 × 52 特徴量 (リーク除外済み)
2026-05-01 18:45:43,807 INFO [SIMULATE] 特徴量生成 race_id=202507010712: 16 頭 × 52 特徴量 (リーク除外済み)
2026-05-01 18:45:43,824 INFO [SIMULATE] 特徴量生成 race_id=202506010801: 16 頭 × 52 特徴量 (リーク除外済み)
2026-05-01 18:45:43,834 INFO [SIMULATE] 特徴量生成 race_id=202506010802: 16 頭 × 52 特徴量 (リーク除外済み)
2026-05-01 18:45:43,850 INFO [SIMULATE] 特徴量生成 race_id=202506010803: 16 頭 × 52 特徴量 (リーク除外済み)
2026-05-01 18:45:43,861 INFO [SIMULATE] 特徴量生成 race_id=202506010804: 16 頭 × 52 特徴量 (リーク除外済み)
2026-05-01 18:45:43,876 INFO [SIMULATE] 特徴量生成 race_id=202506010805: 18 頭 × 52 特徴量 (リーク除外済み)
2026-05-01 18:45:43,893 INFO [SIMULATE] 特徴量生成 race_id=202506010806: 6 頭 × 52 特徴量 (リーク除外済み)
2026-05-01 18:45:43,923 INFO [SIMULATE] 特徴量生成 race_id=202506010807: 16 頭 × 52 特徴量 (リーク除外済み)
2026-05-01 18:45:43,938 INFO [SIMULATE] 特徴量生成 race_id=202506010808: 16 頭 × 52 特徴量 (リーク除外済み)
2026-05-01 18:45:43,948 INFO [SIMULATE] 特徴量生成 race_id=202506010809: 10 頭 × 52 特徴量 (リーク除外済み)
2026-05-01 18:45:43,959 INFO [SIMULATE] 特徴量生成 race_id=202506010810: 13 頭 × 52 特徴量 (リーク除外済み)
2026-05-01 18:45:43,975 INFO [SIMULATE] 特徴量生成 race_id=202506010811: 17 頭 × 52 特徴量 (リーク除外済み)
2026-05-01 18:45:43,989 INFO [SIMULATE] 特徴量生成 race_id=202506010812: 16 頭 × 52 特徴量 (リーク除外済み)
2026-05-01 18:45:44,001 INFO [SIMULATE] 特徴量生成 race_id=202507010801: 16 頭 × 52 特徴量 (リーク除外済み)
2026-05-01 18:45:44,014 INFO [SIMULATE] 特徴量生成 race_id=202507010802: 16 頭 × 52 特徴量 (リーク除外済み)
2026-05-01 18:45:44,024 INFO [SIMULATE] 特徴量生成 race_id=202507010803: 16 頭 × 52 特徴量 (リーク除外済み)
2026-05-01 18:45:44,034 INFO [SIMULATE] 特徴量生成 race_id=202507010804: 16 頭 × 52 特徴量 (リーク除外済み)
2026-05-01 18:45:44,045 INFO [SIMULATE] 特徴量生成 race_id=202507010805: 18 頭 × 52 特徴量 (リーク除外済み)
2026-05-01 18:45:44,056 INFO [SIMULATE] 特徴量生成 race_id=202507010806: 16 頭 × 52 特徴量 (リーク除外済み)
2026-05-01 18:45:44,072 INFO [SIMULATE] 特徴量生成 race_id=202507010807: 15 頭 × 52 特徴量 (リーク除外済み)
2026-05-01 18:45:44,083 INFO [SIMULATE] 特徴量生成 race_id=202507010808: 16 頭 × 52 特徴量 (リーク除外済み)
2026-05-01 18:45:44,093 INFO [SIMULATE] 特徴量生成 race_id=202507010809: 10 頭 × 52 特徴量 (リーク除外済み)
2026-05-01 18:45:44,102 INFO [SIMULATE] 特徴量生成 race_id=202507010810: 13 頭 × 52 特徴量 (リーク除外済み)
2026-05-01 18:45:44,114 INFO [SIMULATE] 特徴量生成 race_id=202507010811: 14 頭 × 52 特徴量 (リーク除外済み)
2026-05-01 18:45:44,124 INFO [SIMULATE] 特徴量生成 race_id=202507010812: 12 頭 × 52 特徴量 (リーク除外済み)
2026-05-01 18:45:44,133 INFO [SIMULATE] 特徴量生成 race_id=202510010101: 12 頭 × 52 特徴量 (リーク除外済み)
2026-05-01 18:45:44,146 INFO [SIMULATE] 特徴量生成 race_id=202510010102: 17 頭 × 52 特徴量 (リーク除外済み)
2026-05-01 18:45:44,158 INFO [SIMULATE] 特徴量生成 race_id=202510010103: 13 頭 × 52 特徴量 (リーク除外済み)
2026-05-01 18:45:44,170 INFO [SIMULATE] 特徴量生成 race_id=202510010104: 10 頭 × 52 特徴量 (リーク除外済み)
2026-05-01 18:45:44,179 INFO [SIMULATE] 特徴量生成 race_id=202510010105: 7 頭 × 52 特徴量 (リーク除外済み)
2026-05-01 18:45:44,193 INFO [SIMULATE] 特徴量生成 race_id=202510010106: 18 頭 × 52 特徴量 (リーク除外済み)
2026-05-01 18:45:44,206 INFO [SIMULATE] 特徴量生成 race_id=202510010107: 16 頭 × 52 特徴量 (リーク除外済み)
2026-05-01 18:45:44,219 INFO [SIMULATE] 特徴量生成 race_id=202510010108: 16 頭 × 52 特徴量 (リーク除外済み)
2026-05-01 18:45:44,230 INFO [SIMULATE] 特徴量生成 race_id=202510010109: 12 頭 × 52 特徴量 (リーク除外済み)
2026-05-01 18:45:44,241 INFO [SIMULATE] 特徴量生成 race_id=202510010110: 16 頭 × 52 特徴量 (リーク除外済み)
2026-05-01 18:45:44,259 INFO [SIMULATE] 特徴量生成 race_id=202510010112: 16 頭 × 52 特徴量 (リーク除外済み)
2026-05-01 18:45:44,272 INFO [SIMULATE] 特徴量生成 race_id=202506010901: 16 頭 × 52 特徴量 (リーク除外済み)
2026-05-01 18:45:44,284 INFO [SIMULATE] 特徴量生成 race_id=202506010902: 16 頭 × 52 特徴量 (リーク除外済み)
2026-05-01 18:45:44,297 INFO [SIMULATE] 特徴量生成 race_id=202506010903: 15 頭 × 52 特徴量 (リーク除外済み)
2026-05-01 18:45:44,310 INFO [SIMULATE] 特徴量生成 race_id=202506010904: 16 頭 × 52 特徴量 (リーク除外済み)
2026-05-01 18:45:44,324 INFO [SIMULATE] 特徴量生成 race_id=202506010905: 18 頭 × 52 特徴量 (リーク除外済み)
2026-05-01 18:45:44,343 INFO [SIMULATE] 特徴量生成 race_id=202506010906: 16 頭 × 52 特徴量 (リーク除外済み)
2026-05-01 18:45:44,358 INFO [SIMULATE] 特徴量生成 race_id=202506010907: 11 頭 × 52 特徴量 (リーク除外済み)
2026-05-01 18:45:44,376 INFO [SIMULATE] 特徴量生成 race_id=202506010908: 14 頭 × 52 特徴量 (リーク除外済み)
2026-05-01 18:45:44,387 INFO [SIMULATE] 特徴量生成 race_id=202506010909: 11 頭 × 52 特徴量 (リーク除外済み)
2026-05-01 18:45:44,398 INFO [SIMULATE] 特徴量生成 race_id=202506010910: 15 頭 × 52 特徴量 (リーク除外済み)
2026-05-01 18:45:44,422 INFO [SIMULATE] 特徴量生成 race_id=202506010911: 18 頭 × 52 特徴量 (リーク除外済み)
2026-05-01 18:45:44,438 INFO [SIMULATE] 特徴量生成 race_id=202506010912: 14 頭 × 52 特徴量 (リーク除外済み)
2026-05-01 18:45:44,448 INFO [SIMULATE] 特徴量生成 race_id=202507010901: 11 頭 × 52 特徴量 (リーク除外済み)
2026-05-01 18:45:44,459 INFO [SIMULATE] 特徴量生成 race_id=202507010902: 16 頭 × 52 特徴量 (リーク除外済み)
2026-05-01 18:45:44,476 INFO [SIMULATE] 特徴量生成 race_id=202507010903: 11 頭 × 52 特徴量 (リーク除外済み)
2026-05-01 18:45:44,490 INFO [SIMULATE] 特徴量生成 race_id=202507010904: 8 頭 × 52 特徴量 (リーク除外済み)
2026-05-01 18:45:44,516 INFO [SIMULATE] 特徴量生成 race_id=202507010905: 16 頭 × 52 特徴量 (リーク除外済み)
2026-05-01 18:45:44,535 INFO [SIMULATE] 特徴量生成 race_id=202507010906: 16 頭 × 52 特徴量 (リーク除外済み)
2026-05-01 18:45:44,550 INFO [SIMULATE] 特徴量生成 race_id=202507010907: 16 頭 × 52 特徴量 (リーク除外済み)
2026-05-01 18:45:44,565 INFO [SIMULATE] 特徴量生成 race_id=202507010908: 13 頭 × 52 特徴量 (リーク除外済み)
2026-05-01 18:45:44,582 INFO [SIMULATE] 特徴量生成 race_id=202507010909: 9 頭 × 52 特徴量 (リーク除外済み)
2026-05-01 18:45:44,598 INFO [SIMULATE] 特徴量生成 race_id=202507010910: 14 頭 × 52 特徴量 (リーク除外済み)
2026-05-01 18:45:44,615 INFO [SIMULATE] 特徴量生成 race_id=202507010911: 16 頭 × 52 特徴量 (リーク除外済み)
2026-05-01 18:45:44,631 INFO [SIMULATE] 特徴量生成 race_id=202507010912: 13 頭 × 52 特徴量 (リーク除外済み)
2026-05-01 18:45:44,649 INFO [SIMULATE] 特徴量生成 race_id=202510010201: 13 頭 × 52 特徴量 (リーク除外済み)
2026-05-01 18:45:44,664 INFO [SIMULATE] 特徴量生成 race_id=202510010202: 17 頭 × 52 特徴量 (リーク除外済み)
2026-05-01 18:45:44,680 INFO [SIMULATE] 特徴量生成 race_id=202510010203: 14 頭 × 52 特徴量 (リーク除外済み)
2026-05-01 18:45:44,694 INFO [SIMULATE] 特徴量生成 race_id=202510010204: 12 頭 × 52 特徴量 (リーク除外済み)
2026-05-01 18:45:44,710 INFO [SIMULATE] 特徴量生成 race_id=202510010205: 18 頭 × 52 特徴量 (リーク除外済み)
2026-05-01 18:45:44,725 INFO [SIMULATE] 特徴量生成 race_id=202510010206: 17 頭 × 52 特徴量 (リーク除外済み)
2026-05-01 18:45:44,741 INFO [SIMULATE] 特徴量生成 race_id=202510010207: 14 頭 × 52 特徴量 (リーク除外済み)
2026-05-01 18:45:44,756 INFO [SIMULATE] 特徴量生成 race_id=202510010208: 13 頭 × 52 特徴量 (リーク除外済み)
2026-05-01 18:45:44,774 INFO [SIMULATE] 特徴量生成 race_id=202510010209: 18 頭 × 52 特徴量 (リーク除外済み)
2026-05-01 18:45:44,789 INFO [SIMULATE] 特徴量生成 race_id=202510010210: 16 頭 × 52 特徴量 (リーク除外済み)
2026-05-01 18:45:44,806 INFO [SIMULATE] 特徴量生成 race_id=202510010211: 12 頭 × 52 特徴量 (リーク除外済み)
2026-05-01 18:45:44,822 INFO [SIMULATE] 特徴量生成 race_id=202510010212: 11 頭 × 52 特徴量 (リーク除外済み)
2026-05-01 18:45:44,847 INFO [SIMULATE] 特徴量生成 race_id=202505010101: 16 頭 × 52 特徴量 (リーク除外済み)
2026-05-01 18:45:44,859 INFO [SIMULATE] 特徴量生成 race_id=202505010102: 14 頭 × 52 特徴量 (リーク除外済み)
2026-05-01 18:45:44,872 INFO [SIMULATE] 特徴量生成 race_id=202505010103: 16 頭 × 52 特徴量 (リーク除外済み)
2026-05-01 18:45:44,882 INFO [SIMULATE] 特徴量生成 race_id=202505010104: 13 頭 × 52 特徴量 (リーク除外済み)
2026-05-01 18:45:44,897 INFO [SIMULATE] 特徴量生成 race_id=202505010105: 16 頭 × 52 特徴量 (リーク除外済み)
2026-05-01 18:45:44,910 INFO [SIMULATE] 特徴量生成 race_id=202505010106: 16 頭 × 52 特徴量 (リーク除外済み)
2026-05-01 18:45:44,926 INFO [SIMULATE] 特徴量生成 race_id=202505010107: 16 頭 × 52 特徴量 (リーク除外済み)
2026-05-01 18:45:44,937 INFO [SIMULATE] 特徴量生成 race_id=202505010108: 11 頭 × 52 特徴量 (リーク除外済み)
2026-05-01 18:45:44,950 INFO [SIMULATE] 特徴量生成 race_id=202505010109: 16 頭 × 52 特徴量 (リーク除外済み)
2026-05-01 18:45:44,960 INFO [SIMULATE] 特徴量生成 race_id=202505010110: 7 頭 × 52 特徴量 (リーク除外済み)
2026-05-01 18:45:44,973 INFO [SIMULATE] 特徴量生成 race_id=202505010111: 13 頭 × 52 特徴量 (リーク除外済み)
2026-05-01 18:45:44,985 INFO [SIMULATE] 特徴量生成 race_id=202505010112: 16 頭 × 52 特徴量 (リーク除外済み)
2026-05-01 18:45:44,995 INFO [SIMULATE] 特徴量生成 race_id=202508010101: 13 頭 × 52 特徴量 (リーク除外済み)
2026-05-01 18:45:45,005 INFO [SIMULATE] 特徴量生成 race_id=202508010102: 9 頭 × 52 特徴量 (リーク除外済み)
2026-05-01 18:45:45,018 INFO [SIMULATE] 特徴量生成 race_id=202508010103: 15 頭 × 52 特徴量 (リーク除外済み)
2026-05-01 18:45:45,031 INFO [SIMULATE] 特徴量生成 race_id=202508010104: 9 頭 × 52 特徴量 (リーク除外済み)
2026-05-01 18:45:45,045 INFO [SIMULATE] 特徴量生成 race_id=202508010105: 16 頭 × 52 特徴量 (リーク除外済み)
2026-05-01 18:45:45,056 INFO [SIMULATE] 特徴量生成 race_id=202508010106: 10 頭 × 52 特徴量 (リーク除外済み)
2026-05-01 18:45:45,067 INFO [SIMULATE] 特徴量生成 race_id=202508010107: 8 頭 × 52 特徴量 (リーク除外済み)
2026-05-01 18:45:45,080 INFO [SIMULATE] 特徴量生成 race_id=202508010108: 16 頭 × 52 特徴量 (リーク除外済み)
2026-05-01 18:45:45,089 INFO [SIMULATE] 特徴量生成 race_id=202508010109: 8 頭 × 52 特徴量 (リーク除外済み)
2026-05-01 18:45:45,099 INFO [SIMULATE] 特徴量生成 race_id=202508010110: 10 頭 × 52 特徴量 (リーク除外済み)
2026-05-01 18:45:45,111 INFO [SIMULATE] 特徴量生成 race_id=202508010111: 12 頭 × 52 特徴量 (リーク除外済み)
2026-05-01 18:45:45,120 INFO [SIMULATE] 特徴量生成 race_id=202508010112: 8 頭 × 52 特徴量 (リーク除外済み)
2026-05-01 18:45:45,130 INFO [SIMULATE] 特徴量生成 race_id=202510010301: 14 頭 × 52 特徴量 (リーク除外済み)
2026-05-01 18:45:45,142 INFO [SIMULATE] 特徴量生成 race_id=202510010302: 15 頭 × 52 特徴量 (リーク除外済み)
2026-05-01 18:45:45,154 INFO [SIMULATE] 特徴量生成 race_id=202510010303: 16 頭 × 52 特徴量 (リーク除外済み)
2026-05-01 18:45:45,167 INFO [SIMULATE] 特徴量生成 race_id=202510010304: 12 頭 × 52 特徴量 (リーク除外済み)
2026-05-01 18:45:45,178 INFO [SIMULATE] 特徴量生成 race_id=202510010305: 12 頭 × 52 特徴量 (リーク除外済み)
2026-05-01 18:45:45,189 INFO [SIMULATE] 特徴量生成 race_id=202510010306: 18 頭 × 52 特徴量 (リーク除外済み)
2026-05-01 18:45:45,203 INFO [SIMULATE] 特徴量生成 race_id=202510010307: 12 頭 × 52 特徴量 (リーク除外済み)
2026-05-01 18:45:45,215 INFO [SIMULATE] 特徴量生成 race_id=202510010308: 16 頭 × 52 特徴量 (リーク除外済み)
2026-05-01 18:45:45,225 INFO [SIMULATE] 特徴量生成 race_id=202510010310: 14 頭 × 52 特徴量 (リーク除外済み)
2026-05-01 18:45:45,242 INFO [SIMULATE] 特徴量生成 race_id=202510010311: 18 頭 × 52 特徴量 (リーク除外済み)
2026-05-01 18:45:45,258 INFO [SIMULATE] 特徴量生成 race_id=202510010312: 18 頭 × 52 特徴量 (リーク除外済み)
2026-05-01 18:45:45,283 INFO [SIMULATE] 特徴量生成 race_id=202505010201: 16 頭 × 52 特徴量 (リーク除外済み)
2026-05-01 18:45:45,301 INFO [SIMULATE] 特徴量生成 race_id=202505010202: 14 頭 × 52 特徴量 (リーク除外済み)
2026-05-01 18:45:45,315 INFO [SIMULATE] 特徴量生成 race_id=202505010203: 16 頭 × 52 特徴量 (リーク除外済み)
2026-05-01 18:45:45,335 INFO [SIMULATE] 特徴量生成 race_id=202505010204: 16 頭 × 52 特徴量 (リーク除外済み)
2026-05-01 18:45:45,344 INFO [SIMULATE] 特徴量生成 race_id=202505010205: 15 頭 × 52 特徴量 (リーク除外済み)
2026-05-01 18:45:45,358 INFO [SIMULATE] 特徴量生成 race_id=202505010206: 16 頭 × 52 特徴量 (リーク除外済み)
2026-05-01 18:45:45,369 INFO [SIMULATE] 特徴量生成 race_id=202505010207: 16 頭 × 52 特徴量 (リーク除外済み)
2026-05-01 18:45:45,379 INFO [SIMULATE] 特徴量生成 race_id=202505010208: 16 頭 × 52 特徴量 (リーク除外済み)
2026-05-01 18:45:45,393 INFO [SIMULATE] 特徴量生成 race_id=202505010209: 13 頭 × 52 特徴量 (リーク除外済み)
2026-05-01 18:45:45,406 INFO [SIMULATE] 特徴量生成 race_id=202505010210: 11 頭 × 52 特徴量 (リーク除外済み)
2026-05-01 18:45:45,419 INFO [SIMULATE] 特徴量生成 race_id=202505010211: 16 頭 × 52 特徴量 (リーク除外済み)
2026-05-01 18:45:45,428 INFO [SIMULATE] 特徴量生成 race_id=202505010212: 10 頭 × 52 特徴量 (リーク除外済み)
2026-05-01 18:45:45,438 INFO [SIMULATE] 特徴量生成 race_id=202508010201: 12 頭 × 52 特徴量 (リーク除外済み)
2026-05-01 18:45:45,449 INFO [SIMULATE] 特徴量生成 race_id=202508010202: 12 頭 × 52 特徴量 (リーク除外済み)
2026-05-01 18:45:45,459 INFO [SIMULATE] 特徴量生成 race_id=202508010203: 10 頭 × 52 特徴量 (リーク除外済み)
2026-05-01 18:45:45,470 INFO [SIMULATE] 特徴量生成 race_id=202508010204: 7 頭 × 52 特徴量 (リーク除外済み)
2026-05-01 18:45:45,482 INFO [SIMULATE] 特徴量生成 race_id=202508010205: 17 頭 × 52 特徴量 (リーク除外済み)
2026-05-01 18:45:45,492 INFO [SIMULATE] 特徴量生成 race_id=202508010206: 12 頭 × 52 特徴量 (リーク除外済み)
2026-05-01 18:45:45,502 INFO [SIMULATE] 特徴量生成 race_id=202508010207: 13 頭 × 52 特徴量 (リーク除外済み)
2026-05-01 18:45:45,512 INFO [SIMULATE] 特徴量生成 race_id=202508010208: 12 頭 × 52 特徴量 (リーク除外済み)
2026-05-01 18:45:45,521 INFO [SIMULATE] 特徴量生成 race_id=202508010209: 10 頭 × 52 特徴量 (リーク除外済み)
2026-05-01 18:45:45,530 INFO [SIMULATE] 特徴量生成 race_id=202508010210: 7 頭 × 52 特徴量 (リーク除外済み)
2026-05-01 18:45:45,541 INFO [SIMULATE] 特徴量生成 race_id=202508010211: 17 頭 × 52 特徴量 (リーク除外済み)
2026-05-01 18:45:45,553 INFO [SIMULATE] 特徴量生成 race_id=202508010212: 18 頭 × 52 特徴量 (リーク除外済み)
2026-05-01 18:45:45,563 INFO [SIMULATE] 特徴量生成 race_id=202510010401: 15 頭 × 52 特徴量 (リーク除外済み)
2026-05-01 18:45:45,576 INFO [SIMULATE] 特徴量生成 race_id=202510010402: 16 頭 × 52 特徴量 (リーク除外済み)
2026-05-01 18:45:45,588 INFO [SIMULATE] 特徴量生成 race_id=202510010403: 14 頭 × 52 特徴量 (リーク除外済み)
2026-05-01 18:45:45,597 INFO [SIMULATE] 特徴量生成 race_id=202510010404: 12 頭 × 52 特徴量 (リーク除外済み)
2026-05-01 18:45:45,608 INFO [SIMULATE] 特徴量生成 race_id=202510010405: 18 頭 × 52 特徴量 (リーク除外済み)
2026-05-01 18:45:45,617 INFO [SIMULATE] 特徴量生成 race_id=202510010406: 13 頭 × 52 特徴量 (リーク除外済み)
2026-05-01 18:45:45,628 INFO [SIMULATE] 特徴量生成 race_id=202510010407: 18 頭 × 52 特徴量 (リーク除外済み)
2026-05-01 18:45:45,638 INFO [SIMULATE] 特徴量生成 race_id=202510010408: 8 頭 × 52 特徴量 (リーク除外済み)
2026-05-01 18:45:45,649 INFO [SIMULATE] 特徴量生成 race_id=202510010409: 16 頭 × 52 特徴量 (リーク除外済み)
2026-05-01 18:45:45,660 INFO [SIMULATE] 特徴量生成 race_id=202510010410: 18 頭 × 52 特徴量 (リーク除外済み)
2026-05-01 18:45:45,672 INFO [SIMULATE] 特徴量生成 race_id=202510010411: 16 頭 × 52 特徴量 (リーク除外済み)
2026-05-01 18:45:45,683 INFO [SIMULATE] 特徴量生成 race_id=202510010412: 18 頭 × 52 特徴量 (リーク除外済み)
2026-05-01 18:45:45,699 INFO [SIMULATE] 特徴量生成 race_id=202505010301: 16 頭 × 52 特徴量 (リーク除外済み)
2026-05-01 18:45:45,709 INFO [SIMULATE] 特徴量生成 race_id=202505010302: 16 頭 × 52 特徴量 (リーク除外済み)
2026-05-01 18:45:45,720 INFO [SIMULATE] 特徴量生成 race_id=202505010303: 16 頭 × 52 特徴量 (リーク除外済み)
2026-05-01 18:45:45,733 INFO [SIMULATE] 特徴量生成 race_id=202505010304: 16 頭 × 52 特徴量 (リーク除外済み)
2026-05-01 18:45:45,746 INFO [SIMULATE] 特徴量生成 race_id=202505010305: 16 頭 × 52 特徴量 (リーク除外済み)
2026-05-01 18:45:45,759 INFO [SIMULATE] 特徴量生成 race_id=202505010306: 18 頭 × 52 特徴量 (リーク除外済み)
2026-05-01 18:45:45,769 INFO [SIMULATE] 特徴量生成 race_id=202505010307: 14 頭 × 52 特徴量 (リーク除外済み)
2026-05-01 18:45:45,780 INFO [SIMULATE] 特徴量生成 race_id=202505010308: 15 頭 × 52 特徴量 (リーク除外済み)
2026-05-01 18:45:45,790 INFO [SIMULATE] 特徴量生成 race_id=202505010309: 16 頭 × 52 特徴量 (リーク除外済み)
2026-05-01 18:45:45,800 INFO [SIMULATE] 特徴量生成 race_id=202505010310: 13 頭 × 52 特徴量 (リーク除外済み)
2026-05-01 18:45:45,812 INFO [SIMULATE] 特徴量生成 race_id=202505010311: 14 頭 × 52 特徴量 (リーク除外済み)
2026-05-01 18:45:45,825 INFO [SIMULATE] 特徴量生成 race_id=202505010312: 16 頭 × 52 特徴量 (リーク除外済み)
2026-05-01 18:45:45,835 INFO [SIMULATE] 特徴量生成 race_id=202508010301: 12 頭 × 52 特徴量 (リーク除外済み)
2026-05-01 18:45:45,845 INFO [SIMULATE] 特徴量生成 race_id=202508010302: 11 頭 × 52 特徴量 (リーク除外済み)
2026-05-01 18:45:45,857 INFO [SIMULATE] 特徴量生成 race_id=202508010303: 12 頭 × 52 特徴量 (リーク除外済み)
2026-05-01 18:45:45,869 INFO [SIMULATE] 特徴量生成 race_id=202508010304: 16 頭 × 52 特徴量 (リーク除外済み)
2026-05-01 18:45:45,881 INFO [SIMULATE] 特徴量生成 race_id=202508010305: 18 頭 × 52 特徴量 (リーク除外済み)
2026-05-01 18:45:45,893 INFO [SIMULATE] 特徴量生成 race_id=202508010306: 11 頭 × 52 特徴量 (リーク除外済み)
2026-05-01 18:45:45,910 INFO [SIMULATE] 特徴量生成 race_id=202508010307: 15 頭 × 52 特徴量 (リーク除外済み)
2026-05-01 18:45:45,925 INFO [SIMULATE] 特徴量生成 race_id=202508010308: 8 頭 × 52 特徴量 (リーク除外済み)
2026-05-01 18:45:45,948 INFO [SIMULATE] 特徴量生成 race_id=202508010309: 13 頭 × 52 特徴量 (リーク除外済み)
2026-05-01 18:45:45,975 INFO [SIMULATE] 特徴量生成 race_id=202508010310: 10 頭 × 52 特徴量 (リーク除外済み)
2026-05-01 18:45:45,999 INFO [SIMULATE] 特徴量生成 race_id=202508010311: 16 頭 × 52 特徴量 (リーク除外済み)
2026-05-01 18:45:46,015 INFO [SIMULATE] 特徴量生成 race_id=202508010312: 16 頭 × 52 特徴量 (リーク除外済み)
2026-05-01 18:45:46,030 INFO [SIMULATE] 特徴量生成 race_id=202510010501: 16 頭 × 52 特徴量 (リーク除外済み)
2026-05-01 18:45:46,046 INFO [SIMULATE] 特徴量生成 race_id=202510010502: 16 頭 × 52 特徴量 (リーク除外済み)
2026-05-01 18:45:46,058 INFO [SIMULATE] 特徴量生成 race_id=202510010503: 14 頭 × 52 特徴量 (リーク除外済み)
2026-05-01 18:45:46,070 INFO [SIMULATE] 特徴量生成 race_id=202510010504: 10 頭 × 52 特徴量 (リーク除外済み)
2026-05-01 18:45:46,090 INFO [SIMULATE] 特徴量生成 race_id=202510010505: 9 頭 × 52 特徴量 (リーク除外済み)
2026-05-01 18:45:46,108 INFO [SIMULATE] 特徴量生成 race_id=202510010506: 18 頭 × 52 特徴量 (リーク除外済み)
2026-05-01 18:45:46,122 INFO [SIMULATE] 特徴量生成 race_id=202510010507: 13 頭 × 52 特徴量 (リーク除外済み)
2026-05-01 18:45:46,139 INFO [SIMULATE] 特徴量生成 race_id=202510010508: 15 頭 × 52 特徴量 (リーク除外済み)
2026-05-01 18:45:46,165 INFO [SIMULATE] 特徴量生成 race_id=202510010509: 14 頭 × 52 特徴量 (リーク除外済み)
2026-05-01 18:45:46,182 INFO [SIMULATE] 特徴量生成 race_id=202510010510: 16 頭 × 52 特徴量 (リーク除外済み)
2026-05-01 18:45:46,197 INFO [SIMULATE] 特徴量生成 race_id=202510010511: 15 頭 × 52 特徴量 (リーク除外済み)
2026-05-01 18:45:46,212 INFO [SIMULATE] 特徴量生成 race_id=202510010512: 18 頭 × 52 特徴量 (リーク除外済み)
2026-05-01 18:45:46,224 INFO [SIMULATE] 特徴量生成 race_id=202505010401: 16 頭 × 52 特徴量 (リーク除外済み)
2026-05-01 18:45:46,238 INFO [SIMULATE] 特徴量生成 race_id=202505010402: 16 頭 × 52 特徴量 (リーク除外済み)
2026-05-01 18:45:46,250 INFO [SIMULATE] 特徴量生成 race_id=202505010403: 16 頭 × 52 特徴量 (リーク除外済み)
2026-05-01 18:45:46,265 INFO [SIMULATE] 特徴量生成 race_id=202505010404: 16 頭 × 52 特徴量 (リーク除外済み)
2026-05-01 18:45:46,279 INFO [SIMULATE] 特徴量生成 race_id=202505010405: 16 頭 × 52 特徴量 (リーク除外済み)
2026-05-01 18:45:46,289 INFO [SIMULATE] 特徴量生成 race_id=202505010406: 16 頭 × 52 特徴量 (リーク除外済み)
2026-05-01 18:45:46,301 INFO [SIMULATE] 特徴量生成 race_id=202505010407: 11 頭 × 52 特徴量 (リーク除外済み)
2026-05-01 18:45:46,313 INFO [SIMULATE] 特徴量生成 race_id=202505010408: 16 頭 × 52 特徴量 (リーク除外済み)
2026-05-01 18:45:46,328 INFO [SIMULATE] 特徴量生成 race_id=202505010409: 11 頭 × 52 特徴量 (リーク除外済み)
2026-05-01 18:45:46,342 INFO [SIMULATE] 特徴量生成 race_id=202505010410: 16 頭 × 52 特徴量 (リーク除外済み)
2026-05-01 18:45:46,354 INFO [SIMULATE] 特徴量生成 race_id=202505010411: 16 頭 × 52 特徴量 (リーク除外済み)
2026-05-01 18:45:46,364 INFO [SIMULATE] 特徴量生成 race_id=202505010412: 16 頭 × 52 特徴量 (リーク除外済み)
2026-05-01 18:45:46,375 INFO [SIMULATE] 特徴量生成 race_id=202508010401: 13 頭 × 52 特徴量 (リーク除外済み)
2026-05-01 18:45:46,387 INFO [SIMULATE] 特徴量生成 race_id=202508010402: 14 頭 × 52 特徴量 (リーク除外済み)
2026-05-01 18:45:46,399 INFO [SIMULATE] 特徴量生成 race_id=202508010403: 16 頭 × 52 特徴量 (リーク除外済み)
2026-05-01 18:45:46,411 INFO [SIMULATE] 特徴量生成 race_id=202508010404: 10 頭 × 52 特徴量 (リーク除外済み)
2026-05-01 18:45:46,428 INFO [SIMULATE] 特徴量生成 race_id=202508010405: 18 頭 × 52 特徴量 (リーク除外済み)
2026-05-01 18:45:46,440 INFO [SIMULATE] 特徴量生成 race_id=202508010406: 13 頭 × 52 特徴量 (リーク除外済み)
2026-05-01 18:45:46,452 INFO [SIMULATE] 特徴量生成 race_id=202508010407: 11 頭 × 52 特徴量 (リーク除外済み)
2026-05-01 18:45:46,469 INFO [SIMULATE] 特徴量生成 race_id=202508010408: 13 頭 × 52 特徴量 (リーク除外済み)
2026-05-01 18:45:46,484 INFO [SIMULATE] 特徴量生成 race_id=202508010409: 14 頭 × 52 特徴量 (リーク除外済み)
2026-05-01 18:45:46,499 INFO [SIMULATE] 特徴量生成 race_id=202508010410: 16 頭 × 52 特徴量 (リーク除外済み)
2026-05-01 18:45:46,514 INFO [SIMULATE] 特徴量生成 race_id=202508010411: 10 頭 × 52 特徴量 (リーク除外済み)
2026-05-01 18:45:46,529 INFO [SIMULATE] 特徴量生成 race_id=202508010412: 16 頭 × 52 特徴量 (リーク除外済み)
2026-05-01 18:45:46,543 INFO [SIMULATE] 特徴量生成 race_id=202510010601: 16 頭 × 52 特徴量 (リーク除外済み)
2026-05-01 18:45:46,557 INFO [SIMULATE] 特徴量生成 race_id=202510010602: 16 頭 × 52 特徴量 (リーク除外済み)
2026-05-01 18:45:46,567 INFO [SIMULATE] 特徴量生成 race_id=202510010603: 14 頭 × 52 特徴量 (リーク除外済み)
2026-05-01 18:45:46,583 INFO [SIMULATE] 特徴量生成 race_id=202510010604: 12 頭 × 52 特徴量 (リーク除外済み)
2026-05-01 18:45:46,595 INFO [SIMULATE] 特徴量生成 race_id=202510010605: 12 頭 × 52 特徴量 (リーク除外済み)
2026-05-01 18:45:46,610 INFO [SIMULATE] 特徴量生成 race_id=202510010606: 17 頭 × 52 特徴量 (リーク除外済み)
2026-05-01 18:45:46,622 INFO [SIMULATE] 特徴量生成 race_id=202510010607: 13 頭 × 52 特徴量 (リーク除外済み)
2026-05-01 18:45:46,635 INFO [SIMULATE] 特徴量生成 race_id=202510010608: 16 頭 × 52 特徴量 (リーク除外済み)
2026-05-01 18:45:46,646 INFO [SIMULATE] 特徴量生成 race_id=202510010609: 16 頭 × 52 特徴量 (リーク除外済み)
2026-05-01 18:45:46,656 INFO [SIMULATE] 特徴量生成 race_id=202510010610: 16 頭 × 52 特徴量 (リーク除外済み)
2026-05-01 18:45:46,671 INFO [SIMULATE] 特徴量生成 race_id=202510010611: 11 頭 × 52 特徴量 (リーク除外済み)
2026-05-01 18:45:46,682 INFO [SIMULATE] 特徴量生成 race_id=202510010612: 18 頭 × 52 特徴量 (リーク除外済み)
2026-05-01 18:45:46,691 INFO [SIMULATE] 特徴量生成 race_id=202505010501: 16 頭 × 52 特徴量 (リーク除外済み)
2026-05-01 18:45:46,702 INFO [SIMULATE] 特徴量生成 race_id=202505010502: 16 頭 × 52 特徴量 (リーク除外済み)
2026-05-01 18:45:46,713 INFO [SIMULATE] 特徴量生成 race_id=202505010503: 16 頭 × 52 特徴量 (リーク除外済み)
2026-05-01 18:45:46,724 INFO [SIMULATE] 特徴量生成 race_id=202505010504: 16 頭 × 52 特徴量 (リーク除外済み)
2026-05-01 18:45:46,738 INFO [SIMULATE] 特徴量生成 race_id=202505010505: 16 頭 × 52 特徴量 (リーク除外済み)
2026-05-01 18:45:46,749 INFO [SIMULATE] 特徴量生成 race_id=202505010506: 16 頭 × 52 特徴量 (リーク除外済み)
2026-05-01 18:45:46,759 INFO [SIMULATE] 特徴量生成 race_id=202505010507: 12 頭 × 52 特徴量 (リーク除外済み)
2026-05-01 18:45:46,770 INFO [SIMULATE] 特徴量生成 race_id=202505010508: 16 頭 × 52 特徴量 (リーク除外済み)
2026-05-01 18:45:46,783 INFO [SIMULATE] 特徴量生成 race_id=202505010509: 11 頭 × 52 特徴量 (リーク除外済み)
2026-05-01 18:45:46,795 INFO [SIMULATE] 特徴量生成 race_id=202505010510: 16 頭 × 52 特徴量 (リーク除外済み)
2026-05-01 18:45:46,807 INFO [SIMULATE] 特徴量生成 race_id=202505010511: 14 頭 × 52 特徴量 (リーク除外済み)
2026-05-01 18:45:46,817 INFO [SIMULATE] 特徴量生成 race_id=202505010512: 16 頭 × 52 特徴量 (リーク除外済み)
2026-05-01 18:45:46,828 INFO [SIMULATE] 特徴量生成 race_id=202508010501: 16 頭 × 52 特徴量 (リーク除外済み)
2026-05-01 18:45:46,837 INFO [SIMULATE] 特徴量生成 race_id=202508010502: 12 頭 × 52 特徴量 (リーク除外済み)
2026-05-01 18:45:46,847 INFO [SIMULATE] 特徴量生成 race_id=202508010503: 16 頭 × 52 特徴量 (リーク除外済み)
2026-05-01 18:45:46,856 INFO [SIMULATE] 特徴量生成 race_id=202508010504: 13 頭 × 52 特徴量 (リーク除外済み)
2026-05-01 18:45:46,866 INFO [SIMULATE] 特徴量生成 race_id=202508010505: 16 頭 × 52 特徴量 (リーク除外済み)
2026-05-01 18:45:46,876 INFO [SIMULATE] 特徴量生成 race_id=202508010506: 14 頭 × 52 特徴量 (リーク除外済み)
2026-05-01 18:45:46,889 INFO [SIMULATE] 特徴量生成 race_id=202508010507: 16 頭 × 52 特徴量 (リーク除外済み)
2026-05-01 18:45:46,904 INFO [SIMULATE] 特徴量生成 race_id=202508010508: 12 頭 × 52 特徴量 (リーク除外済み)
2026-05-01 18:45:46,914 INFO [SIMULATE] 特徴量生成 race_id=202508010509: 7 頭 × 52 特徴量 (リーク除外済み)
2026-05-01 18:45:46,925 INFO [SIMULATE] 特徴量生成 race_id=202508010510: 9 頭 × 52 特徴量 (リーク除外済み)
2026-05-01 18:45:46,943 INFO [SIMULATE] 特徴量生成 race_id=202508010511: 16 頭 × 52 特徴量 (リーク除外済み)
2026-05-01 18:45:46,971 INFO [SIMULATE] 特徴量生成 race_id=202508010512: 13 頭 × 52 特徴量 (リーク除外済み)
2026-05-01 18:45:46,984 INFO [SIMULATE] 特徴量生成 race_id=202510010701: 14 頭 × 52 特徴量 (リーク除外済み)
2026-05-01 18:45:47,006 INFO [SIMULATE] 特徴量生成 race_id=202510010702: 18 頭 × 52 特徴量 (リーク除外済み)
2026-05-01 18:45:47,019 INFO [SIMULATE] 特徴量生成 race_id=202510010703: 14 頭 × 52 特徴量 (リーク除外済み)
2026-05-01 18:45:47,033 INFO [SIMULATE] 特徴量生成 race_id=202510010704: 9 頭 × 52 特徴量 (リーク除外済み)
2026-05-01 18:45:47,048 INFO [SIMULATE] 特徴量生成 race_id=202510010705: 16 頭 × 52 特徴量 (リーク除外済み)
2026-05-01 18:45:47,063 INFO [SIMULATE] 特徴量生成 race_id=202510010706: 18 頭 × 52 特徴量 (リーク除外済み)
2026-05-01 18:45:47,081 INFO [SIMULATE] 特徴量生成 race_id=202510010707: 11 頭 × 52 特徴量 (リーク除外済み)
2026-05-01 18:45:47,104 INFO [SIMULATE] 特徴量生成 race_id=202510010708: 14 頭 × 52 特徴量 (リーク除外済み)
2026-05-01 18:45:47,118 INFO [SIMULATE] 特徴量生成 race_id=202510010709: 9 頭 × 52 特徴量 (リーク除外済み)
2026-05-01 18:45:47,131 INFO [SIMULATE] 特徴量生成 race_id=202510010710: 15 頭 × 52 特徴量 (リーク除外済み)
2026-05-01 18:45:47,146 INFO [SIMULATE] 特徴量生成 race_id=202510010711: 18 頭 × 52 特徴量 (リーク除外済み)
2026-05-01 18:45:47,161 INFO [SIMULATE] 特徴量生成 race_id=202510010712: 12 頭 × 52 特徴量 (リーク除外済み)
2026-05-01 18:45:47,174 INFO [SIMULATE] 特徴量生成 race_id=202505010601: 16 頭 × 52 特徴量 (リーク除外済み)
2026-05-01 18:45:47,187 INFO [SIMULATE] 特徴量生成 race_id=202505010602: 16 頭 × 52 特徴量 (リーク除外済み)
2026-05-01 18:45:47,200 INFO [SIMULATE] 特徴量生成 race_id=202505010603: 16 頭 × 52 特徴量 (リーク除外済み)
2026-05-01 18:45:47,211 INFO [SIMULATE] 特徴量生成 race_id=202505010604: 11 頭 × 52 特徴量 (リーク除外済み)
2026-05-01 18:45:47,230 INFO [SIMULATE] 特徴量生成 race_id=202505010605: 16 頭 × 52 特徴量 (リーク除外済み)
2026-05-01 18:45:47,255 INFO [SIMULATE] 特徴量生成 race_id=202505010606: 16 頭 × 52 特徴量 (リーク除外済み)
2026-05-01 18:45:47,271 INFO [SIMULATE] 特徴量生成 race_id=202505010607: 16 頭 × 52 特徴量 (リーク除外済み)
2026-05-01 18:45:47,289 INFO [SIMULATE] 特徴量生成 race_id=202505010608: 13 頭 × 52 特徴量 (リーク除外済み)
2026-05-01 18:45:47,312 INFO [SIMULATE] 特徴量生成 race_id=202505010609: 16 頭 × 52 特徴量 (リーク除外済み)
2026-05-01 18:45:47,333 INFO [SIMULATE] 特徴量生成 race_id=202505010610: 16 頭 × 52 特徴量 (リーク除外済み)
2026-05-01 18:45:47,348 INFO [SIMULATE] 特徴量生成 race_id=202505010611: 9 頭 × 52 特徴量 (リーク除外済み)
2026-05-01 18:45:47,365 INFO [SIMULATE] 特徴量生成 race_id=202505010612: 15 頭 × 52 特徴量 (リーク除外済み)
2026-05-01 18:45:47,376 INFO [SIMULATE] 特徴量生成 race_id=202508010601: 10 頭 × 52 特徴量 (リーク除外済み)
2026-05-01 18:45:47,388 INFO [SIMULATE] 特徴量生成 race_id=202508010602: 10 頭 × 52 特徴量 (リーク除外済み)
2026-05-01 18:45:47,401 INFO [SIMULATE] 特徴量生成 race_id=202508010603: 16 頭 × 52 特徴量 (リーク除外済み)
2026-05-01 18:45:47,411 INFO [SIMULATE] 特徴量生成 race_id=202508010604: 11 頭 × 52 特徴量 (リーク除外済み)
2026-05-01 18:45:47,425 INFO [SIMULATE] 特徴量生成 race_id=202508010605: 14 頭 × 52 特徴量 (リーク除外済み)
2026-05-01 18:45:47,443 INFO [SIMULATE] 特徴量生成 race_id=202508010606: 14 頭 × 52 特徴量 (リーク除外済み)
2026-05-01 18:45:47,459 INFO [SIMULATE] 特徴量生成 race_id=202508010607: 13 頭 × 52 特徴量 (リーク除外済み)
2026-05-01 18:45:47,472 INFO [SIMULATE] 特徴量生成 race_id=202508010608: 18 頭 × 52 特徴量 (リーク除外済み)
2026-05-01 18:45:47,483 INFO [SIMULATE] 特徴量生成 race_id=202508010609: 9 頭 × 52 特徴量 (リーク除外済み)
2026-05-01 18:45:47,499 INFO [SIMULATE] 特徴量生成 race_id=202508010610: 13 頭 × 52 特徴量 (リーク除外済み)
2026-05-01 18:45:47,514 INFO [SIMULATE] 特徴量生成 race_id=202508010611: 12 頭 × 52 特徴量 (リーク除外済み)
2026-05-01 18:45:47,534 INFO [SIMULATE] 特徴量生成 race_id=202508010612: 16 頭 × 52 特徴量 (リーク除外済み)
2026-05-01 18:45:47,552 INFO [SIMULATE] 特徴量生成 race_id=202510010801: 16 頭 × 52 特徴量 (リーク除外済み)
2026-05-01 18:45:47,592 INFO [SIMULATE] 特徴量生成 race_id=202510010802: 18 頭 × 52 特徴量 (リーク除外済み)
2026-05-01 18:45:47,616 INFO [SIMULATE] 特徴量生成 race_id=202510010803: 14 頭 × 52 特徴量 (リーク除外済み)
2026-05-01 18:45:47,647 INFO [SIMULATE] 特徴量生成 race_id=202510010804: 11 頭 × 52 特徴量 (リーク除外済み)
2026-05-01 18:45:47,691 INFO [SIMULATE] 特徴量生成 race_id=202510010805: 14 頭 × 52 特徴量 (リーク除外済み)
2026-05-01 18:45:47,711 INFO [SIMULATE] 特徴量生成 race_id=202510010806: 16 頭 × 52 特徴量 (リーク除外済み)
2026-05-01 18:45:47,730 INFO [SIMULATE] 特徴量生成 race_id=202510010807: 16 頭 × 52 特徴量 (リーク除外済み)
2026-05-01 18:45:47,747 INFO [SIMULATE] 特徴量生成 race_id=202510010808: 14 頭 × 52 特徴量 (リーク除外済み)
2026-05-01 18:45:47,766 INFO [SIMULATE] 特徴量生成 race_id=202510010809: 18 頭 × 52 特徴量 (リーク除外済み)
2026-05-01 18:45:47,805 INFO [SIMULATE] 特徴量生成 race_id=202510010810: 14 頭 × 52 特徴量 (リーク除外済み)
2026-05-01 18:45:47,829 INFO [SIMULATE] 特徴量生成 race_id=202510010811: 15 頭 × 52 特徴量 (リーク除外済み)
2026-05-01 18:45:47,844 INFO [SIMULATE] 特徴量生成 race_id=202510010812: 15 頭 × 52 特徴量 (リーク除外済み)
2026-05-01 18:45:47,869 INFO [SIMULATE] 特徴量生成 race_id=202505010701: 16 頭 × 52 特徴量 (リーク除外済み)
2026-05-01 18:45:47,891 INFO [SIMULATE] 特徴量生成 race_id=202505010702: 16 頭 × 52 特徴量 (リーク除外済み)
2026-05-01 18:45:47,906 INFO [SIMULATE] 特徴量生成 race_id=202505010703: 16 頭 × 52 特徴量 (リーク除外済み)
2026-05-01 18:45:47,919 INFO [SIMULATE] 特徴量生成 race_id=202505010704: 16 頭 × 52 特徴量 (リーク除外済み)
2026-05-01 18:45:47,935 INFO [SIMULATE] 特徴量生成 race_id=202505010705: 18 頭 × 52 特徴量 (リーク除外済み)
2026-05-01 18:45:47,951 INFO [SIMULATE] 特徴量生成 race_id=202505010706: 16 頭 × 52 特徴量 (リーク除外済み)
2026-05-01 18:45:47,965 INFO [SIMULATE] 特徴量生成 race_id=202505010707: 16 頭 × 52 特徴量 (リーク除外済み)
2026-05-01 18:45:47,982 INFO [SIMULATE] 特徴量生成 race_id=202505010708: 11 頭 × 52 特徴量 (リーク除外済み)
2026-05-01 18:45:48,000 INFO [SIMULATE] 特徴量生成 race_id=202505010709: 9 頭 × 52 特徴量 (リーク除外済み)
2026-05-01 18:45:48,015 INFO [SIMULATE] 特徴量生成 race_id=202505010710: 12 頭 × 52 特徴量 (リーク除外済み)
2026-05-01 18:45:48,028 INFO [SIMULATE] 特徴量生成 race_id=202505010711: 16 頭 × 52 特徴量 (リーク除外済み)
2026-05-01 18:45:48,044 INFO [SIMULATE] 特徴量生成 race_id=202505010712: 16 頭 × 52 特徴量 (リーク除外済み)
2026-05-01 18:45:48,056 INFO [SIMULATE] 特徴量生成 race_id=202508010701: 11 頭 × 52 特徴量 (リーク除外済み)
2026-05-01 18:45:48,066 INFO [SIMULATE] 特徴量生成 race_id=202508010702: 15 頭 × 52 特徴量 (リーク除外済み)
2026-05-01 18:45:48,080 INFO [SIMULATE] 特徴量生成 race_id=202508010703: 12 頭 × 52 特徴量 (リーク除外済み)
2026-05-01 18:45:48,091 INFO [SIMULATE] 特徴量生成 race_id=202508010704: 15 頭 × 52 特徴量 (リーク除外済み)
2026-05-01 18:45:48,104 INFO [SIMULATE] 特徴量生成 race_id=202508010705: 15 頭 × 52 特徴量 (リーク除外済み)
2026-05-01 18:45:48,116 INFO [SIMULATE] 特徴量生成 race_id=202508010706: 11 頭 × 52 特徴量 (リーク除外済み)
2026-05-01 18:45:48,127 INFO [SIMULATE] 特徴量生成 race_id=202508010707: 16 頭 × 52 特徴量 (リーク除外済み)
2026-05-01 18:45:48,139 INFO [SIMULATE] 特徴量生成 race_id=202508010708: 9 頭 × 52 特徴量 (リーク除外済み)
2026-05-01 18:45:48,153 INFO [SIMULATE] 特徴量生成 race_id=202508010709: 8 頭 × 52 特徴量 (リーク除外済み)
2026-05-01 18:45:48,171 INFO [SIMULATE] 特徴量生成 race_id=202508010710: 16 頭 × 52 特徴量 (リーク除外済み)
2026-05-01 18:45:48,183 INFO [SIMULATE] 特徴量生成 race_id=202508010711: 18 頭 × 52 特徴量 (リーク除外済み)
2026-05-01 18:45:48,196 INFO [SIMULATE] 特徴量生成 race_id=202508010712: 14 頭 × 52 特徴量 (リーク除外済み)
2026-05-01 18:45:48,207 INFO [SIMULATE] 特徴量生成 race_id=202510010901: 16 頭 × 52 特徴量 (リーク除外済み)
2026-05-01 18:45:48,218 INFO [SIMULATE] 特徴量生成 race_id=202510010902: 16 頭 × 52 特徴量 (リーク除外済み)
2026-05-01 18:45:48,230 INFO [SIMULATE] 特徴量生成 race_id=202510010903: 14 頭 × 52 特徴量 (リーク除外済み)
2026-05-01 18:45:48,244 INFO [SIMULATE] 特徴量生成 race_id=202510010904: 14 頭 × 52 特徴量 (リーク除外済み)
2026-05-01 18:45:48,255 INFO [SIMULATE] 特徴量生成 race_id=202510010906: 15 頭 × 52 特徴量 (リーク除外済み)
2026-05-01 18:45:48,267 INFO [SIMULATE] 特徴量生成 race_id=202510010907: 18 頭 × 52 特徴量 (リーク除外済み)
2026-05-01 18:45:48,280 INFO [SIMULATE] 特徴量生成 race_id=202510010908: 16 頭 × 52 特徴量 (リーク除外済み)
2026-05-01 18:45:48,296 INFO [SIMULATE] 特徴量生成 race_id=202510010909: 18 頭 × 52 特徴量 (リーク除外済み)
2026-05-01 18:45:48,307 INFO [SIMULATE] 特徴量生成 race_id=202510010910: 13 頭 × 52 特徴量 (リーク除外済み)
2026-05-01 18:45:48,317 INFO [SIMULATE] 特徴量生成 race_id=202510010911: 9 頭 × 52 特徴量 (リーク除外済み)
2026-05-01 18:45:48,331 INFO [SIMULATE] 特徴量生成 race_id=202510010912: 16 頭 × 52 特徴量 (リーク除外済み)
2026-05-01 18:45:48,343 INFO [SIMULATE] 特徴量生成 race_id=202505010801: 16 頭 × 52 特徴量 (リーク除外済み)
2026-05-01 18:45:48,353 INFO [SIMULATE] 特徴量生成 race_id=202505010802: 16 頭 × 52 特徴量 (リーク除外済み)
2026-05-01 18:45:48,363 INFO [SIMULATE] 特徴量生成 race_id=202505010803: 16 頭 × 52 特徴量 (リーク除外済み)
2026-05-01 18:45:48,375 INFO [SIMULATE] 特徴量生成 race_id=202505010804: 16 頭 × 52 特徴量 (リーク除外済み)
2026-05-01 18:45:48,386 INFO [SIMULATE] 特徴量生成 race_id=202505010805: 13 頭 × 52 特徴量 (リーク除外済み)
2026-05-01 18:45:48,397 INFO [SIMULATE] 特徴量生成 race_id=202505010806: 16 頭 × 52 特徴量 (リーク除外済み)
2026-05-01 18:45:48,408 INFO [SIMULATE] 特徴量生成 race_id=202505010807: 14 頭 × 52 特徴量 (リーク除外済み)
2026-05-01 18:45:48,419 INFO [SIMULATE] 特徴量生成 race_id=202505010808: 12 頭 × 52 特徴量 (リーク除外済み)
2026-05-01 18:45:48,429 INFO [SIMULATE] 特徴量生成 race_id=202505010809: 10 頭 × 52 特徴量 (リーク除外済み)
2026-05-01 18:45:48,438 INFO [SIMULATE] 特徴量生成 race_id=202505010810: 12 頭 × 52 特徴量 (リーク除外済み)
2026-05-01 18:45:48,449 INFO [SIMULATE] 特徴量生成 race_id=202505010811: 16 頭 × 52 特徴量 (リーク除外済み)
2026-05-01 18:45:48,459 INFO [SIMULATE] 特徴量生成 race_id=202505010812: 14 頭 × 52 特徴量 (リーク除外済み)
2026-05-01 18:45:48,472 INFO [SIMULATE] 特徴量生成 race_id=202508010801: 14 頭 × 52 特徴量 (リーク除外済み)
2026-05-01 18:45:48,484 INFO [SIMULATE] 特徴量生成 race_id=202508010802: 16 頭 × 52 特徴量 (リーク除外済み)
2026-05-01 18:45:48,494 INFO [SIMULATE] 特徴量生成 race_id=202508010803: 16 頭 × 52 特徴量 (リーク除外済み)
2026-05-01 18:45:48,506 INFO [SIMULATE] 特徴量生成 race_id=202508010804: 10 頭 × 52 特徴量 (リーク除外済み)
2026-05-01 18:45:48,516 INFO [SIMULATE] 特徴量生成 race_id=202508010805: 16 頭 × 52 特徴量 (リーク除外済み)
2026-05-01 18:45:48,525 INFO [SIMULATE] 特徴量生成 race_id=202508010806: 10 頭 × 52 特徴量 (リーク除外済み)
2026-05-01 18:45:48,533 INFO [SIMULATE] 特徴量生成 race_id=202508010807: 10 頭 × 52 特徴量 (リーク除外済み)
2026-05-01 18:45:48,545 INFO [SIMULATE] 特徴量生成 race_id=202508010808: 12 頭 × 52 特徴量 (リーク除外済み)
2026-05-01 18:45:48,558 INFO [SIMULATE] 特徴量生成 race_id=202508010809: 9 頭 × 52 特徴量 (リーク除外済み)
2026-05-01 18:45:48,570 INFO [SIMULATE] 特徴量生成 race_id=202508010810: 8 頭 × 52 特徴量 (リーク除外済み)
2026-05-01 18:45:48,584 INFO [SIMULATE] 特徴量生成 race_id=202508010811: 16 頭 × 52 特徴量 (リーク除外済み)
2026-05-01 18:45:48,596 INFO [SIMULATE] 特徴量生成 race_id=202508010812: 12 頭 × 52 特徴量 (リーク除外済み)
2026-05-01 18:45:48,606 INFO [SIMULATE] 特徴量生成 race_id=202510011001: 10 頭 × 52 特徴量 (リーク除外済み)
2026-05-01 18:45:48,617 INFO [SIMULATE] 特徴量生成 race_id=202510011002: 18 頭 × 52 特徴量 (リーク除外済み)
2026-05-01 18:45:48,627 INFO [SIMULATE] 特徴量生成 race_id=202510011004: 12 頭 × 52 特徴量 (リーク除外済み)
2026-05-01 18:45:48,637 INFO [SIMULATE] 特徴量生成 race_id=202510011005: 13 頭 × 52 特徴量 (リーク除外済み)
2026-05-01 18:45:48,649 INFO [SIMULATE] 特徴量生成 race_id=202510011006: 12 頭 × 52 特徴量 (リーク除外済み)
2026-05-01 18:45:48,660 INFO [SIMULATE] 特徴量生成 race_id=202510011007: 12 頭 × 52 特徴量 (リーク除外済み)
2026-05-01 18:45:48,672 INFO [SIMULATE] 特徴量生成 race_id=202510011008: 14 頭 × 52 特徴量 (リーク除外済み)
2026-05-01 18:45:48,685 INFO [SIMULATE] 特徴量生成 race_id=202510011009: 14 頭 × 52 特徴量 (リーク除外済み)
2026-05-01 18:45:48,697 INFO [SIMULATE] 特徴量生成 race_id=202510011010: 14 頭 × 52 特徴量 (リーク除外済み)
2026-05-01 18:45:48,708 INFO [SIMULATE] 特徴量生成 race_id=202510011011: 14 頭 × 52 特徴量 (リーク除外済み)
2026-05-01 18:45:48,721 INFO [SIMULATE] 特徴量生成 race_id=202510011012: 18 頭 × 52 特徴量 (リーク除外済み)
2026-05-01 18:45:48,733 INFO [SIMULATE] 特徴量生成 race_id=202506020101: 15 頭 × 52 特徴量 (リーク除外済み)
2026-05-01 18:45:48,746 INFO [SIMULATE] 特徴量生成 race_id=202506020102: 16 頭 × 52 特徴量 (リーク除外済み)
2026-05-01 18:45:48,759 INFO [SIMULATE] 特徴量生成 race_id=202506020103: 16 頭 × 52 特徴量 (リーク除外済み)
2026-05-01 18:45:48,762 INFO   特徴量生成中... 2000/5878
2026-05-01 18:45:48,771 INFO [SIMULATE] 特徴量生成 race_id=202506020104: 13 頭 × 52 特徴量 (リーク除外済み)
2026-05-01 18:45:48,781 INFO [SIMULATE] 特徴量生成 race_id=202506020105: 18 頭 × 52 特徴量 (リーク除外済み)
2026-05-01 18:45:48,794 INFO [SIMULATE] 特徴量生成 race_id=202506020106: 16 頭 × 52 特徴量 (リーク除外済み)
2026-05-01 18:45:48,804 INFO [SIMULATE] 特徴量生成 race_id=202506020107: 9 頭 × 52 特徴量 (リーク除外済み)
2026-05-01 18:45:48,814 INFO [SIMULATE] 特徴量生成 race_id=202506020108: 16 頭 × 52 特徴量 (リーク除外済み)
2026-05-01 18:45:48,824 INFO [SIMULATE] 特徴量生成 race_id=202506020109: 13 頭 × 52 特徴量 (リーク除外済み)
2026-05-01 18:45:48,834 INFO [SIMULATE] 特徴量生成 race_id=202506020110: 16 頭 × 52 特徴量 (リーク除外済み)
2026-05-01 18:45:48,872 INFO [SIMULATE] 特徴量生成 race_id=202506020111: 15 頭 × 52 特徴量 (リーク除外済み)
2026-05-01 18:45:48,883 INFO [SIMULATE] 特徴量生成 race_id=202506020112: 14 頭 × 52 特徴量 (リーク除外済み)
2026-05-01 18:45:48,891 INFO [SIMULATE] 特徴量生成 race_id=202509010101: 12 頭 × 52 特徴量 (リーク除外済み)
2026-05-01 18:45:48,902 INFO [SIMULATE] 特徴量生成 race_id=202509010102: 16 頭 × 52 特徴量 (リーク除外済み)
2026-05-01 18:45:48,913 INFO [SIMULATE] 特徴量生成 race_id=202509010103: 16 頭 × 52 特徴量 (リーク除外済み)
2026-05-01 18:45:48,922 INFO [SIMULATE] 特徴量生成 race_id=202509010104: 16 頭 × 52 特徴量 (リーク除外済み)
2026-05-01 18:45:48,933 INFO [SIMULATE] 特徴量生成 race_id=202509010105: 18 頭 × 52 特徴量 (リーク除外済み)
2026-05-01 18:45:48,949 INFO [SIMULATE] 特徴量生成 race_id=202509010106: 16 頭 × 52 特徴量 (リーク除外済み)
2026-05-01 18:45:48,963 INFO [SIMULATE] 特徴量生成 race_id=202509010107: 16 頭 × 52 特徴量 (リーク除外済み)
2026-05-01 18:45:48,973 INFO [SIMULATE] 特徴量生成 race_id=202509010108: 10 頭 × 52 特徴量 (リーク除外済み)
2026-05-01 18:45:48,982 INFO [SIMULATE] 特徴量生成 race_id=202509010109: 8 頭 × 52 特徴量 (リーク除外済み)
2026-05-01 18:45:48,993 INFO [SIMULATE] 特徴量生成 race_id=202509010110: 10 頭 × 52 特徴量 (リーク除外済み)
2026-05-01 18:45:49,004 INFO [SIMULATE] 特徴量生成 race_id=202509010111: 16 頭 × 52 特徴量 (リーク除外済み)
2026-05-01 18:45:49,015 INFO [SIMULATE] 特徴量生成 race_id=202509010112: 15 頭 × 52 特徴量 (リーク除外済み)
2026-05-01 18:45:49,026 INFO [SIMULATE] 特徴量生成 race_id=202510011101: 16 頭 × 52 特徴量 (リーク除外済み)
2026-05-01 18:45:49,036 INFO [SIMULATE] 特徴量生成 race_id=202510011102: 18 頭 × 52 特徴量 (リーク除外済み)
2026-05-01 18:45:49,046 INFO [SIMULATE] 特徴量生成 race_id=202510011103: 14 頭 × 52 特徴量 (リーク除外済み)
2026-05-01 18:45:49,057 INFO [SIMULATE] 特徴量生成 race_id=202510011104: 12 頭 × 52 特徴量 (リーク除外済み)
2026-05-01 18:45:49,067 INFO [SIMULATE] 特徴量生成 race_id=202510011105: 12 頭 × 52 特徴量 (リーク除外済み)
2026-05-01 18:45:49,079 INFO [SIMULATE] 特徴量生成 race_id=202510011106: 18 頭 × 52 特徴量 (リーク除外済み)
2026-05-01 18:45:49,090 INFO [SIMULATE] 特徴量生成 race_id=202510011107: 16 頭 × 52 特徴量 (リーク除外済み)
2026-05-01 18:45:49,101 INFO [SIMULATE] 特徴量生成 race_id=202510011108: 15 頭 × 52 特徴量 (リーク除外済み)
2026-05-01 18:45:49,112 INFO [SIMULATE] 特徴量生成 race_id=202510011109: 16 頭 × 52 特徴量 (リーク除外済み)
2026-05-01 18:45:49,123 INFO [SIMULATE] 特徴量生成 race_id=202510011110: 18 頭 × 52 特徴量 (リーク除外済み)
2026-05-01 18:45:49,135 INFO [SIMULATE] 特徴量生成 race_id=202510011111: 15 頭 × 52 特徴量 (リーク除外済み)
2026-05-01 18:45:49,145 INFO [SIMULATE] 特徴量生成 race_id=202510011112: 18 頭 × 52 特徴量 (リーク除外済み)
2026-05-01 18:45:49,156 INFO [SIMULATE] 特徴量生成 race_id=202506020201: 16 頭 × 52 特徴量 (リーク除外済み)
2026-05-01 18:45:49,166 INFO [SIMULATE] 特徴量生成 race_id=202506020202: 16 頭 × 52 特徴量 (リーク除外済み)
2026-05-01 18:45:49,177 INFO [SIMULATE] 特徴量生成 race_id=202506020203: 16 頭 × 52 特徴量 (リーク除外済み)
2026-05-01 18:45:49,188 INFO [SIMULATE] 特徴量生成 race_id=202506020204: 16 頭 × 52 特徴量 (リーク除外済み)
2026-05-01 18:45:49,200 INFO [SIMULATE] 特徴量生成 race_id=202506020205: 18 頭 × 52 特徴量 (リーク除外済み)
2026-05-01 18:45:49,211 INFO [SIMULATE] 特徴量生成 race_id=202506020206: 16 頭 × 52 特徴量 (リーク除外済み)
2026-05-01 18:45:49,221 INFO [SIMULATE] 特徴量生成 race_id=202506020207: 9 頭 × 52 特徴量 (リーク除外済み)
2026-05-01 18:45:49,234 INFO [SIMULATE] 特徴量生成 race_id=202506020208: 16 頭 × 52 特徴量 (リーク除外済み)
2026-05-01 18:45:49,248 INFO [SIMULATE] 特徴量生成 race_id=202506020209: 11 頭 × 52 特徴量 (リーク除外済み)
2026-05-01 18:45:49,260 INFO [SIMULATE] 特徴量生成 race_id=202506020210: 16 頭 × 52 特徴量 (リーク除外済み)
2026-05-01 18:45:49,272 INFO [SIMULATE] 特徴量生成 race_id=202506020211: 16 頭 × 52 特徴量 (リーク除外済み)
2026-05-01 18:45:49,284 INFO [SIMULATE] 特徴量生成 race_id=202506020212: 16 頭 × 52 特徴量 (リーク除外済み)
2026-05-01 18:45:49,295 INFO [SIMULATE] 特徴量生成 race_id=202509010201: 12 頭 × 52 特徴量 (リーク除外済み)
2026-05-01 18:45:49,306 INFO [SIMULATE] 特徴量生成 race_id=202509010202: 16 頭 × 52 特徴量 (リーク除外済み)
2026-05-01 18:45:49,315 INFO [SIMULATE] 特徴量生成 race_id=202509010203: 12 頭 × 52 特徴量 (リーク除外済み)
2026-05-01 18:45:49,332 INFO [SIMULATE] 特徴量生成 race_id=202509010204: 16 頭 × 52 特徴量 (リーク除外済み)
2026-05-01 18:45:49,344 INFO [SIMULATE] 特徴量生成 race_id=202509010205: 18 頭 × 52 特徴量 (リーク除外済み)
2026-05-01 18:45:49,356 INFO [SIMULATE] 特徴量生成 race_id=202509010206: 16 頭 × 52 特徴量 (リーク除外済み)
2026-05-01 18:45:49,370 INFO [SIMULATE] 特徴量生成 race_id=202509010207: 16 頭 × 52 特徴量 (リーク除外済み)
2026-05-01 18:45:49,381 INFO [SIMULATE] 特徴量生成 race_id=202509010208: 14 頭 × 52 特徴量 (リーク除外済み)
2026-05-01 18:45:49,396 INFO [SIMULATE] 特徴量生成 race_id=202509010209: 9 頭 × 52 特徴量 (リーク除外済み)
2026-05-01 18:45:49,408 INFO [SIMULATE] 特徴量生成 race_id=202509010210: 10 頭 × 52 特徴量 (リーク除外済み)
2026-05-01 18:45:49,423 INFO [SIMULATE] 特徴量生成 race_id=202509010211: 14 頭 × 52 特徴量 (リーク除外済み)
2026-05-01 18:45:49,435 INFO [SIMULATE] 特徴量生成 race_id=202509010212: 16 頭 × 52 特徴量 (リーク除外済み)
2026-05-01 18:45:49,446 INFO [SIMULATE] 特徴量生成 race_id=202510011201: 16 頭 × 52 特徴量 (リーク除外済み)
2026-05-01 18:45:49,460 INFO [SIMULATE] 特徴量生成 race_id=202510011202: 18 頭 × 52 特徴量 (リーク除外済み)
2026-05-01 18:45:49,474 INFO [SIMULATE] 特徴量生成 race_id=202510011203: 14 頭 × 52 特徴量 (リーク除外済み)
2026-05-01 18:45:49,487 INFO [SIMULATE] 特徴量生成 race_id=202510011204: 11 頭 × 52 特徴量 (リーク除外済み)
2026-05-01 18:45:49,499 INFO [SIMULATE] 特徴量生成 race_id=202510011205: 16 頭 × 52 特徴量 (リーク除外済み)
2026-05-01 18:45:49,511 INFO [SIMULATE] 特徴量生成 race_id=202510011206: 18 頭 × 52 特徴量 (リーク除外済み)
2026-05-01 18:45:49,529 INFO [SIMULATE] 特徴量生成 race_id=202510011207: 18 頭 × 52 特徴量 (リーク除外済み)
2026-05-01 18:45:49,541 INFO [SIMULATE] 特徴量生成 race_id=202510011208: 14 頭 × 52 特徴量 (リーク除外済み)
2026-05-01 18:45:49,553 INFO [SIMULATE] 特徴量生成 race_id=202510011209: 18 頭 × 52 特徴量 (リーク除外済み)
2026-05-01 18:45:49,564 INFO [SIMULATE] 特徴量生成 race_id=202510011210: 16 頭 × 52 特徴量 (リーク除外済み)
2026-05-01 18:45:49,576 INFO [SIMULATE] 特徴量生成 race_id=202510011211: 13 頭 × 52 特徴量 (リーク除外済み)
2026-05-01 18:45:49,587 INFO [SIMULATE] 特徴量生成 race_id=202510011212: 16 頭 × 52 特徴量 (リーク除外済み)
2026-05-01 18:45:49,598 INFO [SIMULATE] 特徴量生成 race_id=202506020301: 16 頭 × 52 特徴量 (リーク除外済み)
2026-05-01 18:45:49,609 INFO [SIMULATE] 特徴量生成 race_id=202506020302: 16 頭 × 52 特徴量 (リーク除外済み)
2026-05-01 18:45:49,621 INFO [SIMULATE] 特徴量生成 race_id=202506020303: 16 頭 × 52 特徴量 (リーク除外済み)
2026-05-01 18:45:49,632 INFO [SIMULATE] 特徴量生成 race_id=202506020304: 9 頭 × 52 特徴量 (リーク除外済み)
2026-05-01 18:45:49,647 INFO [SIMULATE] 特徴量生成 race_id=202506020305: 15 頭 × 52 特徴量 (リーク除外済み)
2026-05-01 18:45:49,660 INFO [SIMULATE] 特徴量生成 race_id=202506020306: 16 頭 × 52 特徴量 (リーク除外済み)
2026-05-01 18:45:49,675 INFO [SIMULATE] 特徴量生成 race_id=202506020307: 10 頭 × 52 特徴量 (リーク除外済み)
2026-05-01 18:45:49,689 INFO [SIMULATE] 特徴量生成 race_id=202506020308: 16 頭 × 52 特徴量 (リーク除外済み)
2026-05-01 18:45:49,704 INFO [SIMULATE] 特徴量生成 race_id=202506020309: 10 頭 × 52 特徴量 (リーク除外済み)
2026-05-01 18:45:49,719 INFO [SIMULATE] 特徴量生成 race_id=202506020310: 16 頭 × 52 特徴量 (リーク除外済み)
2026-05-01 18:45:49,736 INFO [SIMULATE] 特徴量生成 race_id=202506020311: 14 頭 × 52 特徴量 (リーク除外済み)
2026-05-01 18:45:49,751 INFO [SIMULATE] 特徴量生成 race_id=202506020312: 16 頭 × 52 特徴量 (リーク除外済み)
2026-05-01 18:45:49,766 INFO [SIMULATE] 特徴量生成 race_id=202509010301: 16 頭 × 52 特徴量 (リーク除外済み)
2026-05-01 18:45:49,778 INFO [SIMULATE] 特徴量生成 race_id=202509010302: 12 頭 × 52 特徴量 (リーク除外済み)
2026-05-01 18:45:49,791 INFO [SIMULATE] 特徴量生成 race_id=202509010303: 16 頭 × 52 特徴量 (リーク除外済み)
2026-05-01 18:45:49,805 INFO [SIMULATE] 特徴量生成 race_id=202509010304: 12 頭 × 52 特徴量 (リーク除外済み)
2026-05-01 18:45:49,819 INFO [SIMULATE] 特徴量生成 race_id=202509010305: 13 頭 × 52 特徴量 (リーク除外済み)
2026-05-01 18:45:49,834 INFO [SIMULATE] 特徴量生成 race_id=202509010306: 10 頭 × 52 特徴量 (リーク除外済み)
2026-05-01 18:45:49,848 INFO [SIMULATE] 特徴量生成 race_id=202509010307: 10 頭 × 52 特徴量 (リーク除外済み)
2026-05-01 18:45:49,864 INFO [SIMULATE] 特徴量生成 race_id=202509010308: 16 頭 × 52 特徴量 (リーク除外済み)
2026-05-01 18:45:49,875 INFO [SIMULATE] 特徴量生成 race_id=202509010309: 12 頭 × 52 特徴量 (リーク除外済み)
2026-05-01 18:45:49,890 INFO [SIMULATE] 特徴量生成 race_id=202509010310: 16 頭 × 52 特徴量 (リーク除外済み)
2026-05-01 18:45:49,901 INFO [SIMULATE] 特徴量生成 race_id=202509010311: 18 頭 × 52 特徴量 (リーク除外済み)
2026-05-01 18:45:49,913 INFO [SIMULATE] 特徴量生成 race_id=202509010312: 11 頭 × 52 特徴量 (リーク除外済み)
2026-05-01 18:45:49,925 INFO [SIMULATE] 特徴量生成 race_id=202506020401: 16 頭 × 52 特徴量 (リーク除外済み)
2026-05-01 18:45:49,934 INFO [SIMULATE] 特徴量生成 race_id=202506020402: 16 頭 × 52 特徴量 (リーク除外済み)
2026-05-01 18:45:49,943 INFO [SIMULATE] 特徴量生成 race_id=202506020403: 16 頭 × 52 特徴量 (リーク除外済み)
2026-05-01 18:45:49,956 INFO [SIMULATE] 特徴量生成 race_id=202506020404: 11 頭 × 52 特徴量 (リーク除外済み)
2026-05-01 18:45:49,970 INFO [SIMULATE] 特徴量生成 race_id=202506020405: 16 頭 × 52 特徴量 (リーク除外済み)
2026-05-01 18:45:49,987 INFO [SIMULATE] 特徴量生成 race_id=202506020406: 16 頭 × 52 特徴量 (リーク除外済み)
2026-05-01 18:45:49,999 INFO [SIMULATE] 特徴量生成 race_id=202506020407: 16 頭 × 52 特徴量 (リーク除外済み)
2026-05-01 18:45:50,010 INFO [SIMULATE] 特徴量生成 race_id=202506020408: 16 頭 × 52 特徴量 (リーク除外済み)
2026-05-01 18:45:50,036 INFO [SIMULATE] 特徴量生成 race_id=202506020409: 12 頭 × 52 特徴量 (リーク除外済み)
2026-05-01 18:45:50,050 INFO [SIMULATE] 特徴量生成 race_id=202506020410: 16 頭 × 52 特徴量 (リーク除外済み)
2026-05-01 18:45:50,060 INFO [SIMULATE] 特徴量生成 race_id=202506020411: 14 頭 × 52 特徴量 (リーク除外済み)
2026-05-01 18:45:50,072 INFO [SIMULATE] 特徴量生成 race_id=202506020412: 15 頭 × 52 特徴量 (リーク除外済み)
2026-05-01 18:45:50,084 INFO [SIMULATE] 特徴量生成 race_id=202509010401: 15 頭 × 52 特徴量 (リーク除外済み)
2026-05-01 18:45:50,098 INFO [SIMULATE] 特徴量生成 race_id=202509010402: 16 頭 × 52 特徴量 (リーク除外済み)
2026-05-01 18:45:50,110 INFO [SIMULATE] 特徴量生成 race_id=202509010403: 12 頭 × 52 特徴量 (リーク除外済み)
2026-05-01 18:45:50,122 INFO [SIMULATE] 特徴量生成 race_id=202509010404: 16 頭 × 52 特徴量 (リーク除外済み)
2026-05-01 18:45:50,132 INFO [SIMULATE] 特徴量生成 race_id=202509010405: 18 頭 × 52 特徴量 (リーク除外済み)
2026-05-01 18:45:50,144 INFO [SIMULATE] 特徴量生成 race_id=202509010406: 11 頭 × 52 特徴量 (リーク除外済み)
2026-05-01 18:45:50,156 INFO [SIMULATE] 特徴量生成 race_id=202509010407: 9 頭 × 52 特徴量 (リーク除外済み)
2026-05-01 18:45:50,166 INFO [SIMULATE] 特徴量生成 race_id=202509010408: 12 頭 × 52 特徴量 (リーク除外済み)
2026-05-01 18:45:50,175 INFO [SIMULATE] 特徴量生成 race_id=202509010409: 8 頭 × 52 特徴量 (リーク除外済み)
2026-05-01 18:45:50,185 INFO [SIMULATE] 特徴量生成 race_id=202509010410: 12 頭 × 52 特徴量 (リーク除外済み)
2026-05-01 18:45:50,195 INFO [SIMULATE] 特徴量生成 race_id=202509010411: 14 頭 × 52 特徴量 (リーク除外済み)
2026-05-01 18:45:50,206 INFO [SIMULATE] 特徴量生成 race_id=202509010412: 14 頭 × 52 特徴量 (リーク除外済み)
2026-05-01 18:45:50,216 INFO [SIMULATE] 特徴量生成 race_id=202506020501: 16 頭 × 52 特徴量 (リーク除外済み)
2026-05-01 18:45:50,227 INFO [SIMULATE] 特徴量生成 race_id=202506020502: 16 頭 × 52 特徴量 (リーク除外済み)
2026-05-01 18:45:50,238 INFO [SIMULATE] 特徴量生成 race_id=202506020503: 16 頭 × 52 特徴量 (リーク除外済み)
2026-05-01 18:45:50,249 INFO [SIMULATE] 特徴量生成 race_id=202506020504: 16 頭 × 52 特徴量 (リーク除外済み)
2026-05-01 18:45:50,263 INFO [SIMULATE] 特徴量生成 race_id=202506020505: 18 頭 × 52 特徴量 (リーク除外済み)
2026-05-01 18:45:50,274 INFO [SIMULATE] 特徴量生成 race_id=202506020506: 16 頭 × 52 特徴量 (リーク除外済み)
2026-05-01 18:45:50,285 INFO [SIMULATE] 特徴量生成 race_id=202506020507: 16 頭 × 52 特徴量 (リーク除外済み)
2026-05-01 18:45:50,296 INFO [SIMULATE] 特徴量生成 race_id=202506020508: 16 頭 × 52 特徴量 (リーク除外済み)
2026-05-01 18:45:50,305 INFO [SIMULATE] 特徴量生成 race_id=202506020509: 14 頭 × 52 特徴量 (リーク除外済み)
2026-05-01 18:45:50,316 INFO [SIMULATE] 特徴量生成 race_id=202506020510: 13 頭 × 52 特徴量 (リーク除外済み)
2026-05-01 18:45:50,326 INFO [SIMULATE] 特徴量生成 race_id=202506020511: 12 頭 × 52 特徴量 (リーク除外済み)
2026-05-01 18:45:50,339 INFO [SIMULATE] 特徴量生成 race_id=202506020512: 16 頭 × 52 特徴量 (リーク除外済み)
2026-05-01 18:45:50,349 INFO [SIMULATE] 特徴量生成 race_id=202507020101: 16 頭 × 52 特徴量 (リーク除外済み)
2026-05-01 18:45:50,362 INFO [SIMULATE] 特徴量生成 race_id=202507020102: 16 頭 × 52 特徴量 (リーク除外済み)
2026-05-01 18:45:50,372 INFO [SIMULATE] 特徴量生成 race_id=202507020103: 16 頭 × 52 特徴量 (リーク除外済み)
2026-05-01 18:45:50,382 INFO [SIMULATE] 特徴量生成 race_id=202507020104: 15 頭 × 52 特徴量 (リーク除外済み)
2026-05-01 18:45:50,397 INFO [SIMULATE] 特徴量生成 race_id=202507020105: 18 頭 × 52 特徴量 (リーク除外済み)
2026-05-01 18:45:50,408 INFO [SIMULATE] 特徴量生成 race_id=202507020106: 13 頭 × 52 特徴量 (リーク除外済み)
2026-05-01 18:45:50,418 INFO [SIMULATE] 特徴量生成 race_id=202507020107: 15 頭 × 52 特徴量 (リーク除外済み)
2026-05-01 18:45:50,429 INFO [SIMULATE] 特徴量生成 race_id=202507020108: 18 頭 × 52 特徴量 (リーク除外済み)
2026-05-01 18:45:50,440 INFO [SIMULATE] 特徴量生成 race_id=202507020109: 16 頭 × 52 特徴量 (リーク除外済み)
2026-05-01 18:45:50,449 INFO [SIMULATE] 特徴量生成 race_id=202507020110: 13 頭 × 52 特徴量 (リーク除外済み)
2026-05-01 18:45:50,461 INFO [SIMULATE] 特徴量生成 race_id=202507020112: 18 頭 × 52 特徴量 (リーク除外済み)
2026-05-01 18:45:50,472 INFO [SIMULATE] 特徴量生成 race_id=202509010501: 12 頭 × 52 特徴量 (リーク除外済み)
2026-05-01 18:45:50,482 INFO [SIMULATE] 特徴量生成 race_id=202509010502: 16 頭 × 52 特徴量 (リーク除外済み)
2026-05-01 18:45:50,494 INFO [SIMULATE] 特徴量生成 race_id=202509010503: 13 頭 × 52 特徴量 (リーク除外済み)
2026-05-01 18:45:50,506 INFO [SIMULATE] 特徴量生成 race_id=202509010504: 18 頭 × 52 特徴量 (リーク除外済み)
2026-05-01 18:45:50,516 INFO [SIMULATE] 特徴量生成 race_id=202509010505: 18 頭 × 52 特徴量 (リーク除外済み)
2026-05-01 18:45:50,526 INFO [SIMULATE] 特徴量生成 race_id=202509010506: 16 頭 × 52 特徴量 (リーク除外済み)
2026-05-01 18:45:50,537 INFO [SIMULATE] 特徴量生成 race_id=202509010507: 16 頭 × 52 特徴量 (リーク除外済み)
2026-05-01 18:45:50,546 INFO [SIMULATE] 特徴量生成 race_id=202509010508: 8 頭 × 52 特徴量 (リーク除外済み)
2026-05-01 18:45:50,559 INFO [SIMULATE] 特徴量生成 race_id=202509010509: 12 頭 × 52 特徴量 (リーク除外済み)
2026-05-01 18:45:50,575 INFO [SIMULATE] 特徴量生成 race_id=202509010510: 15 頭 × 52 特徴量 (リーク除外済み)
2026-05-01 18:45:50,587 INFO [SIMULATE] 特徴量生成 race_id=202509010511: 11 頭 × 52 特徴量 (リーク除外済み)
2026-05-01 18:45:50,597 INFO [SIMULATE] 特徴量生成 race_id=202509010512: 10 頭 × 52 特徴量 (リーク除外済み)
2026-05-01 18:45:50,607 INFO [SIMULATE] 特徴量生成 race_id=202506020601: 16 頭 × 52 特徴量 (リーク除外済み)
2026-05-01 18:45:50,617 INFO [SIMULATE] 特徴量生成 race_id=202506020602: 16 頭 × 52 特徴量 (リーク除外済み)
2026-05-01 18:45:50,628 INFO [SIMULATE] 特徴量生成 race_id=202506020603: 15 頭 × 52 特徴量 (リーク除外済み)
2026-05-01 18:45:50,638 INFO [SIMULATE] 特徴量生成 race_id=202506020604: 16 頭 × 52 特徴量 (リーク除外済み)
2026-05-01 18:45:50,650 INFO [SIMULATE] 特徴量生成 race_id=202506020605: 16 頭 × 52 特徴量 (リーク除外済み)
2026-05-01 18:45:50,660 INFO [SIMULATE] 特徴量生成 race_id=202506020606: 8 頭 × 52 特徴量 (リーク除外済み)
2026-05-01 18:45:50,670 INFO [SIMULATE] 特徴量生成 race_id=202506020607: 16 頭 × 52 特徴量 (リーク除外済み)
2026-05-01 18:45:50,684 INFO [SIMULATE] 特徴量生成 race_id=202506020608: 16 頭 × 52 特徴量 (リーク除外済み)
2026-05-01 18:45:50,695 INFO [SIMULATE] 特徴量生成 race_id=202506020609: 16 頭 × 52 特徴量 (リーク除外済み)
2026-05-01 18:45:50,710 INFO [SIMULATE] 特徴量生成 race_id=202506020610: 12 頭 × 52 特徴量 (リーク除外済み)
2026-05-01 18:45:50,722 INFO [SIMULATE] 特徴量生成 race_id=202506020611: 12 頭 × 52 特徴量 (リーク除外済み)
2026-05-01 18:45:50,732 INFO [SIMULATE] 特徴量生成 race_id=202506020612: 16 頭 × 52 特徴量 (リーク除外済み)
2026-05-01 18:45:50,746 INFO [SIMULATE] 特徴量生成 race_id=202507020201: 16 頭 × 52 特徴量 (リーク除外済み)
2026-05-01 18:45:50,774 INFO [SIMULATE] 特徴量生成 race_id=202507020202: 13 頭 × 52 特徴量 (リーク除外済み)
2026-05-01 18:45:50,791 INFO [SIMULATE] 特徴量生成 race_id=202507020203: 16 頭 × 52 特徴量 (リーク除外済み)
2026-05-01 18:45:50,804 INFO [SIMULATE] 特徴量生成 race_id=202507020204: 17 頭 × 52 特徴量 (リーク除外済み)
2026-05-01 18:45:50,825 INFO [SIMULATE] 特徴量生成 race_id=202507020205: 18 頭 × 52 特徴量 (リーク除外済み)
2026-05-01 18:45:50,850 INFO [SIMULATE] 特徴量生成 race_id=202507020206: 10 頭 × 52 特徴量 (リーク除外済み)
2026-05-01 18:45:50,868 INFO [SIMULATE] 特徴量生成 race_id=202507020207: 16 頭 × 52 特徴量 (リーク除外済み)
2026-05-01 18:45:50,900 INFO [SIMULATE] 特徴量生成 race_id=202507020208: 14 頭 × 52 特徴量 (リーク除外済み)
2026-05-01 18:45:50,914 INFO [SIMULATE] 特徴量生成 race_id=202507020209: 13 頭 × 52 特徴量 (リーク除外済み)
2026-05-01 18:45:50,930 INFO [SIMULATE] 特徴量生成 race_id=202507020210: 12 頭 × 52 特徴量 (リーク除外済み)
2026-05-01 18:45:50,949 INFO [SIMULATE] 特徴量生成 race_id=202507020211: 10 頭 × 52 特徴量 (リーク除外済み)
2026-05-01 18:45:50,995 INFO [SIMULATE] 特徴量生成 race_id=202507020212: 16 頭 × 52 特徴量 (リーク除外済み)
2026-05-01 18:45:51,021 INFO [SIMULATE] 特徴量生成 race_id=202509010601: 16 頭 × 52 特徴量 (リーク除外済み)
2026-05-01 18:45:51,036 INFO [SIMULATE] 特徴量生成 race_id=202509010602: 11 頭 × 52 特徴量 (リーク除外済み)
2026-05-01 18:45:51,049 INFO [SIMULATE] 特徴量生成 race_id=202509010603: 16 頭 × 52 特徴量 (リーク除外済み)
2026-05-01 18:45:51,064 INFO [SIMULATE] 特徴量生成 race_id=202509010604: 9 頭 × 52 特徴量 (リーク除外済み)
2026-05-01 18:45:51,077 INFO [SIMULATE] 特徴量生成 race_id=202509010605: 16 頭 × 52 特徴量 (リーク除外済み)
2026-05-01 18:45:51,095 INFO [SIMULATE] 特徴量生成 race_id=202509010606: 9 頭 × 52 特徴量 (リーク除外済み)
2026-05-01 18:45:51,105 INFO [SIMULATE] 特徴量生成 race_id=202509010607: 16 頭 × 52 特徴量 (リーク除外済み)
2026-05-01 18:45:51,115 INFO [SIMULATE] 特徴量生成 race_id=202509010608: 13 頭 × 52 特徴量 (リーク除外済み)
2026-05-01 18:45:51,126 INFO [SIMULATE] 特徴量生成 race_id=202509010609: 9 頭 × 52 特徴量 (リーク除外済み)
2026-05-01 18:45:51,137 INFO [SIMULATE] 特徴量生成 race_id=202509010610: 15 頭 × 52 特徴量 (リーク除外済み)
2026-05-01 18:45:51,151 INFO [SIMULATE] 特徴量生成 race_id=202509010611: 16 頭 × 52 特徴量 (リーク除外済み)
2026-05-01 18:45:51,164 INFO [SIMULATE] 特徴量生成 race_id=202509010612: 12 頭 × 52 特徴量 (リーク除外済み)
2026-05-01 18:45:51,177 INFO [SIMULATE] 特徴量生成 race_id=202506020701: 16 頭 × 52 特徴量 (リーク除外済み)
2026-05-01 18:45:51,187 INFO [SIMULATE] 特徴量生成 race_id=202506020702: 12 頭 × 52 特徴量 (リーク除外済み)
2026-05-01 18:45:51,201 INFO [SIMULATE] 特徴量生成 race_id=202506020703: 16 頭 × 52 特徴量 (リーク除外済み)
2026-05-01 18:45:51,213 INFO [SIMULATE] 特徴量生成 race_id=202506020704: 18 頭 × 52 特徴量 (リーク除外済み)
2026-05-01 18:45:51,228 INFO [SIMULATE] 特徴量生成 race_id=202506020705: 10 頭 × 52 特徴量 (リーク除外済み)
2026-05-01 18:45:51,242 INFO [SIMULATE] 特徴量生成 race_id=202506020706: 16 頭 × 52 特徴量 (リーク除外済み)
2026-05-01 18:45:51,254 INFO [SIMULATE] 特徴量生成 race_id=202506020707: 16 頭 × 52 特徴量 (リーク除外済み)
2026-05-01 18:45:51,266 INFO [SIMULATE] 特徴量生成 race_id=202506020708: 14 頭 × 52 特徴量 (リーク除外済み)
2026-05-01 18:45:51,281 INFO [SIMULATE] 特徴量生成 race_id=202506020709: 13 頭 × 52 特徴量 (リーク除外済み)
2026-05-01 18:45:51,291 INFO [SIMULATE] 特徴量生成 race_id=202506020710: 16 頭 × 52 特徴量 (リーク除外済み)
2026-05-01 18:45:51,305 INFO [SIMULATE] 特徴量生成 race_id=202506020711: 16 頭 × 52 特徴量 (リーク除外済み)
2026-05-01 18:45:51,319 INFO [SIMULATE] 特徴量生成 race_id=202506020712: 16 頭 × 52 特徴量 (リーク除外済み)
2026-05-01 18:45:51,335 INFO [SIMULATE] 特徴量生成 race_id=202507020301: 14 頭 × 52 特徴量 (リーク除外済み)
2026-05-01 18:45:51,345 INFO [SIMULATE] 特徴量生成 race_id=202507020302: 16 頭 × 52 特徴量 (リーク除外済み)
2026-05-01 18:45:51,354 INFO [SIMULATE] 特徴量生成 race_id=202507020303: 12 頭 × 52 特徴量 (リーク除外済み)
2026-05-01 18:45:51,369 INFO [SIMULATE] 特徴量生成 race_id=202507020304: 16 頭 × 52 特徴量 (リーク除外済み)
2026-05-01 18:45:51,380 INFO [SIMULATE] 特徴量生成 race_id=202507020305: 16 頭 × 52 特徴量 (リーク除外済み)
2026-05-01 18:45:51,392 INFO [SIMULATE] 特徴量生成 race_id=202507020306: 12 頭 × 52 特徴量 (リーク除外済み)
2026-05-01 18:45:51,408 INFO [SIMULATE] 特徴量生成 race_id=202507020307: 16 頭 × 52 特徴量 (リーク除外済み)
2026-05-01 18:45:51,423 INFO [SIMULATE] 特徴量生成 race_id=202507020308: 15 頭 × 52 特徴量 (リーク除外済み)
2026-05-01 18:45:51,434 INFO [SIMULATE] 特徴量生成 race_id=202507020309: 18 頭 × 52 特徴量 (リーク除外済み)
2026-05-01 18:45:51,445 INFO [SIMULATE] 特徴量生成 race_id=202507020310: 17 頭 × 52 特徴量 (リーク除外済み)
2026-05-01 18:45:51,456 INFO [SIMULATE] 特徴量生成 race_id=202507020311: 18 頭 × 52 特徴量 (リーク除外済み)
2026-05-01 18:45:51,480 INFO [SIMULATE] 特徴量生成 race_id=202507020312: 16 頭 × 52 特徴量 (リーク除外済み)
2026-05-01 18:45:51,491 INFO [SIMULATE] 特徴量生成 race_id=202509010701: 15 頭 × 52 特徴量 (リーク除外済み)
2026-05-01 18:45:51,502 INFO [SIMULATE] 特徴量生成 race_id=202509010702: 9 頭 × 52 特徴量 (リーク除外済み)
2026-05-01 18:45:51,514 INFO [SIMULATE] 特徴量生成 race_id=202509010703: 16 頭 × 52 特徴量 (リーク除外済み)
2026-05-01 18:45:51,523 INFO [SIMULATE] 特徴量生成 race_id=202509010704: 11 頭 × 52 特徴量 (リーク除外済み)
2026-05-01 18:45:51,536 INFO [SIMULATE] 特徴量生成 race_id=202509010705: 15 頭 × 52 特徴量 (リーク除外済み)
2026-05-01 18:45:51,549 INFO [SIMULATE] 特徴量生成 race_id=202509010706: 10 頭 × 52 特徴量 (リーク除外済み)
2026-05-01 18:45:51,560 INFO [SIMULATE] 特徴量生成 race_id=202509010707: 15 頭 × 52 特徴量 (リーク除外済み)
2026-05-01 18:45:51,571 INFO [SIMULATE] 特徴量生成 race_id=202509010708: 9 頭 × 52 特徴量 (リーク除外済み)
2026-05-01 18:45:51,587 INFO [SIMULATE] 特徴量生成 race_id=202509010709: 18 頭 × 52 特徴量 (リーク除外済み)
2026-05-01 18:45:51,602 INFO [SIMULATE] 特徴量生成 race_id=202509010710: 14 頭 × 52 特徴量 (リーク除外済み)
2026-05-01 18:45:51,613 INFO [SIMULATE] 特徴量生成 race_id=202509010711: 9 頭 × 52 特徴量 (リーク除外済み)
2026-05-01 18:45:51,627 INFO [SIMULATE] 特徴量生成 race_id=202509010712: 16 頭 × 52 特徴量 (リーク除外済み)
2026-05-01 18:45:51,641 INFO [SIMULATE] 特徴量生成 race_id=202506020801: 16 頭 × 52 特徴量 (リーク除外済み)
2026-05-01 18:45:51,651 INFO [SIMULATE] 特徴量生成 race_id=202506020802: 16 頭 × 52 特徴量 (リーク除外済み)
2026-05-01 18:45:51,669 INFO [SIMULATE] 特徴量生成 race_id=202506020803: 14 頭 × 52 特徴量 (リーク除外済み)
2026-05-01 18:45:51,679 INFO [SIMULATE] 特徴量生成 race_id=202506020804: 14 頭 × 52 特徴量 (リーク除外済み)
2026-05-01 18:45:51,693 INFO [SIMULATE] 特徴量生成 race_id=202506020805: 16 頭 × 52 特徴量 (リーク除外済み)
2026-05-01 18:45:51,705 INFO [SIMULATE] 特徴量生成 race_id=202506020806: 12 頭 × 52 特徴量 (リーク除外済み)
2026-05-01 18:45:51,718 INFO [SIMULATE] 特徴量生成 race_id=202506020807: 16 頭 × 52 特徴量 (リーク除外済み)
2026-05-01 18:45:51,730 INFO [SIMULATE] 特徴量生成 race_id=202506020808: 15 頭 × 52 特徴量 (リーク除外済み)
2026-05-01 18:45:51,739 INFO [SIMULATE] 特徴量生成 race_id=202506020809: 11 頭 × 52 特徴量 (リーク除外済み)
2026-05-01 18:45:51,757 INFO [SIMULATE] 特徴量生成 race_id=202506020810: 16 頭 × 52 特徴量 (リーク除外済み)
2026-05-01 18:45:51,776 INFO [SIMULATE] 特徴量生成 race_id=202506020811: 16 頭 × 52 特徴量 (リーク除外済み)
2026-05-01 18:45:51,792 INFO [SIMULATE] 特徴量生成 race_id=202506020812: 16 頭 × 52 特徴量 (リーク除外済み)
2026-05-01 18:45:51,803 INFO [SIMULATE] 特徴量生成 race_id=202507020401: 16 頭 × 52 特徴量 (リーク除外済み)
2026-05-01 18:45:51,849 INFO [SIMULATE] 特徴量生成 race_id=202507020402: 13 頭 × 52 特徴量 (リーク除外済み)
2026-05-01 18:45:51,866 INFO [SIMULATE] 特徴量生成 race_id=202507020403: 16 頭 × 52 特徴量 (リーク除外済み)
2026-05-01 18:45:51,880 INFO [SIMULATE] 特徴量生成 race_id=202507020404: 18 頭 × 52 特徴量 (リーク除外済み)
2026-05-01 18:45:51,894 INFO [SIMULATE] 特徴量生成 race_id=202507020405: 18 頭 × 52 特徴量 (リーク除外済み)
2026-05-01 18:45:51,905 INFO [SIMULATE] 特徴量生成 race_id=202507020406: 16 頭 × 52 特徴量 (リーク除外済み)
2026-05-01 18:45:51,920 INFO [SIMULATE] 特徴量生成 race_id=202507020407: 16 頭 × 52 特徴量 (リーク除外済み)
2026-05-01 18:45:51,935 INFO [SIMULATE] 特徴量生成 race_id=202507020408: 16 頭 × 52 特徴量 (リーク除外済み)
2026-05-01 18:45:51,945 INFO [SIMULATE] 特徴量生成 race_id=202507020409: 10 頭 × 52 特徴量 (リーク除外済み)
2026-05-01 18:45:51,956 INFO [SIMULATE] 特徴量生成 race_id=202507020410: 16 頭 × 52 特徴量 (リーク除外済み)
2026-05-01 18:45:51,968 INFO [SIMULATE] 特徴量生成 race_id=202507020411: 18 頭 × 52 特徴量 (リーク除外済み)
2026-05-01 18:45:51,982 INFO [SIMULATE] 特徴量生成 race_id=202507020412: 18 頭 × 52 特徴量 (リーク除外済み)
2026-05-01 18:45:51,993 INFO [SIMULATE] 特徴量生成 race_id=202509010801: 11 頭 × 52 特徴量 (リーク除外済み)
2026-05-01 18:45:52,004 INFO [SIMULATE] 特徴量生成 race_id=202509010802: 16 頭 × 52 特徴量 (リーク除外済み)
2026-05-01 18:45:52,021 INFO [SIMULATE] 特徴量生成 race_id=202509010803: 12 頭 × 52 特徴量 (リーク除外済み)
2026-05-01 18:45:52,033 INFO [SIMULATE] 特徴量生成 race_id=202509010804: 17 頭 × 52 特徴量 (リーク除外済み)
2026-05-01 18:45:52,044 INFO [SIMULATE] 特徴量生成 race_id=202509010805: 13 頭 × 52 特徴量 (リーク除外済み)
2026-05-01 18:45:52,054 INFO [SIMULATE] 特徴量生成 race_id=202509010806: 16 頭 × 52 特徴量 (リーク除外済み)
2026-05-01 18:45:52,066 INFO [SIMULATE] 特徴量生成 race_id=202509010807: 9 頭 × 52 特徴量 (リーク除外済み)
2026-05-01 18:45:52,094 INFO [SIMULATE] 特徴量生成 race_id=202509010808: 14 頭 × 52 特徴量 (リーク除外済み)
2026-05-01 18:45:52,112 INFO [SIMULATE] 特徴量生成 race_id=202509010809: 13 頭 × 52 特徴量 (リーク除外済み)
2026-05-01 18:45:52,134 INFO [SIMULATE] 特徴量生成 race_id=202509010810: 16 頭 × 52 特徴量 (リーク除外済み)
2026-05-01 18:45:52,153 INFO [SIMULATE] 特徴量生成 race_id=202509010811: 11 頭 × 52 特徴量 (リーク除外済み)
2026-05-01 18:45:52,165 INFO [SIMULATE] 特徴量生成 race_id=202509010812: 16 頭 × 52 特徴量 (リーク除外済み)
2026-05-01 18:45:52,177 INFO [SIMULATE] 特徴量生成 race_id=202506030101: 16 頭 × 52 特徴量 (リーク除外済み)
2026-05-01 18:45:52,190 INFO [SIMULATE] 特徴量生成 race_id=202506030102: 16 頭 × 52 特徴量 (リーク除外済み)
2026-05-01 18:45:52,201 INFO [SIMULATE] 特徴量生成 race_id=202506030103: 16 頭 × 52 特徴量 (リーク除外済み)
2026-05-01 18:45:52,213 INFO [SIMULATE] 特徴量生成 race_id=202506030104: 16 頭 × 52 特徴量 (リーク除外済み)
2026-05-01 18:45:52,224 INFO [SIMULATE] 特徴量生成 race_id=202506030105: 10 頭 × 52 特徴量 (リーク除外済み)
2026-05-01 18:45:52,235 INFO [SIMULATE] 特徴量生成 race_id=202506030106: 8 頭 × 52 特徴量 (リーク除外済み)
2026-05-01 18:45:52,246 INFO [SIMULATE] 特徴量生成 race_id=202506030107: 11 頭 × 52 特徴量 (リーク除外済み)
2026-05-01 18:45:52,258 INFO [SIMULATE] 特徴量生成 race_id=202506030108: 12 頭 × 52 特徴量 (リーク除外済み)
2026-05-01 18:45:52,268 INFO [SIMULATE] 特徴量生成 race_id=202506030109: 16 頭 × 52 特徴量 (リーク除外済み)
2026-05-01 18:45:52,282 INFO [SIMULATE] 特徴量生成 race_id=202506030110: 11 頭 × 52 特徴量 (リーク除外済み)
2026-05-01 18:45:52,294 INFO [SIMULATE] 特徴量生成 race_id=202506030111: 15 頭 × 52 特徴量 (リーク除外済み)
2026-05-01 18:45:52,310 INFO [SIMULATE] 特徴量生成 race_id=202506030112: 13 頭 × 52 特徴量 (リーク除外済み)
2026-05-01 18:45:52,321 INFO [SIMULATE] 特徴量生成 race_id=202507020501: 16 頭 × 52 特徴量 (リーク除外済み)
2026-05-01 18:45:52,330 INFO [SIMULATE] 特徴量生成 race_id=202507020502: 13 頭 × 52 特徴量 (リーク除外済み)
2026-05-01 18:45:52,342 INFO [SIMULATE] 特徴量生成 race_id=202507020503: 16 頭 × 52 特徴量 (リーク除外済み)
2026-05-01 18:45:52,354 INFO [SIMULATE] 特徴量生成 race_id=202507020504: 13 頭 × 52 特徴量 (リーク除外済み)
2026-05-01 18:45:52,400 INFO [SIMULATE] 特徴量生成 race_id=202507020505: 18 頭 × 52 特徴量 (リーク除外済み)
2026-05-01 18:45:52,416 INFO [SIMULATE] 特徴量生成 race_id=202507020506: 15 頭 × 52 特徴量 (リーク除外済み)
2026-05-01 18:45:52,431 INFO [SIMULATE] 特徴量生成 race_id=202507020507: 14 頭 × 52 特徴量 (リーク除外済み)
2026-05-01 18:45:52,445 INFO [SIMULATE] 特徴量生成 race_id=202507020508: 16 頭 × 52 特徴量 (リーク除外済み)
2026-05-01 18:45:52,460 INFO [SIMULATE] 特徴量生成 race_id=202507020509: 13 頭 × 52 特徴量 (リーク除外済み)
2026-05-01 18:45:52,503 INFO [SIMULATE] 特徴量生成 race_id=202507020510: 9 頭 × 52 特徴量 (リーク除外済み)
2026-05-01 18:45:52,557 INFO [SIMULATE] 特徴量生成 race_id=202507020511: 11 頭 × 52 特徴量 (リーク除外済み)
2026-05-01 18:45:52,591 INFO [SIMULATE] 特徴量生成 race_id=202507020512: 16 頭 × 52 特徴量 (リーク除外済み)
2026-05-01 18:45:52,610 INFO [SIMULATE] 特徴量生成 race_id=202509020101: 16 頭 × 52 特徴量 (リーク除外済み)
2026-05-01 18:45:52,644 INFO [SIMULATE] 特徴量生成 race_id=202509020102: 9 頭 × 52 特徴量 (リーク除外済み)
2026-05-01 18:45:52,661 INFO [SIMULATE] 特徴量生成 race_id=202509020103: 16 頭 × 52 特徴量 (リーク除外済み)
2026-05-01 18:45:52,679 INFO [SIMULATE] 特徴量生成 race_id=202509020104: 12 頭 × 52 特徴量 (リーク除外済み)
2026-05-01 18:45:52,695 INFO [SIMULATE] 特徴量生成 race_id=202509020105: 15 頭 × 52 特徴量 (リーク除外済み)
2026-05-01 18:45:52,715 INFO [SIMULATE] 特徴量生成 race_id=202509020106: 12 頭 × 52 特徴量 (リーク除外済み)
2026-05-01 18:45:52,727 INFO [SIMULATE] 特徴量生成 race_id=202509020107: 16 頭 × 52 特徴量 (リーク除外済み)
2026-05-01 18:45:52,743 INFO [SIMULATE] 特徴量生成 race_id=202509020108: 10 頭 × 52 特徴量 (リーク除外済み)
2026-05-01 18:45:52,767 INFO [SIMULATE] 特徴量生成 race_id=202509020109: 14 頭 × 52 特徴量 (リーク除外済み)
2026-05-01 18:45:52,791 INFO [SIMULATE] 特徴量生成 race_id=202509020110: 8 頭 × 52 特徴量 (リーク除外済み)
2026-05-01 18:45:52,813 INFO [SIMULATE] 特徴量生成 race_id=202509020111: 10 頭 × 52 特徴量 (リーク除外済み)
2026-05-01 18:45:52,833 INFO [SIMULATE] 特徴量生成 race_id=202509020112: 9 頭 × 52 特徴量 (リーク除外済み)
2026-05-01 18:45:52,858 INFO [SIMULATE] 特徴量生成 race_id=202506030201: 15 頭 × 52 特徴量 (リーク除外済み)
2026-05-01 18:45:52,879 INFO [SIMULATE] 特徴量生成 race_id=202506030202: 16 頭 × 52 特徴量 (リーク除外済み)
2026-05-01 18:45:52,936 INFO [SIMULATE] 特徴量生成 race_id=202506030203: 14 頭 × 52 特徴量 (リーク除外済み)
2026-05-01 18:45:52,955 INFO [SIMULATE] 特徴量生成 race_id=202506030204: 16 頭 × 52 特徴量 (リーク除外済み)
2026-05-01 18:45:52,995 INFO [SIMULATE] 特徴量生成 race_id=202506030205: 18 頭 × 52 特徴量 (リーク除外済み)
2026-05-01 18:45:53,017 INFO [SIMULATE] 特徴量生成 race_id=202506030206: 16 頭 × 52 特徴量 (リーク除外済み)
2026-05-01 18:45:53,039 INFO [SIMULATE] 特徴量生成 race_id=202506030207: 16 頭 × 52 特徴量 (リーク除外済み)
2026-05-01 18:45:53,075 INFO [SIMULATE] 特徴量生成 race_id=202506030208: 16 頭 × 52 特徴量 (リーク除外済み)
2026-05-01 18:45:53,096 INFO [SIMULATE] 特徴量生成 race_id=202506030209: 7 頭 × 52 特徴量 (リーク除外済み)
2026-05-01 18:45:53,146 INFO [SIMULATE] 特徴量生成 race_id=202506030210: 16 頭 × 52 特徴量 (リーク除外済み)
2026-05-01 18:45:53,180 INFO [SIMULATE] 特徴量生成 race_id=202506030211: 15 頭 × 52 特徴量 (リーク除外済み)
2026-05-01 18:45:53,212 INFO [SIMULATE] 特徴量生成 race_id=202506030212: 13 頭 × 52 特徴量 (リーク除外済み)
2026-05-01 18:45:53,263 INFO [SIMULATE] 特徴量生成 race_id=202507020601: 12 頭 × 52 特徴量 (リーク除外済み)
2026-05-01 18:45:53,302 INFO [SIMULATE] 特徴量生成 race_id=202507020602: 16 頭 × 52 特徴量 (リーク除外済み)
2026-05-01 18:45:53,324 INFO [SIMULATE] 特徴量生成 race_id=202507020603: 13 頭 × 52 特徴量 (リーク除外済み)
2026-05-01 18:45:53,361 INFO [SIMULATE] 特徴量生成 race_id=202507020604: 13 頭 × 52 特徴量 (リーク除外済み)
2026-05-01 18:45:53,397 INFO [SIMULATE] 特徴量生成 race_id=202507020605: 18 頭 × 52 特徴量 (リーク除外済み)
2026-05-01 18:45:53,425 INFO [SIMULATE] 特徴量生成 race_id=202507020606: 12 頭 × 52 特徴量 (リーク除外済み)
2026-05-01 18:45:53,490 INFO [SIMULATE] 特徴量生成 race_id=202507020607: 9 頭 × 52 特徴量 (リーク除外済み)
2026-05-01 18:45:53,532 INFO [SIMULATE] 特徴量生成 race_id=202507020608: 7 頭 × 52 特徴量 (リーク除外済み)
2026-05-01 18:45:53,548 INFO [SIMULATE] 特徴量生成 race_id=202507020609: 14 頭 × 52 特徴量 (リーク除外済み)
2026-05-01 18:45:53,562 INFO [SIMULATE] 特徴量生成 race_id=202507020610: 16 頭 × 52 特徴量 (リーク除外済み)
2026-05-01 18:45:53,577 INFO [SIMULATE] 特徴量生成 race_id=202507020611: 18 頭 × 52 特徴量 (リーク除外済み)
2026-05-01 18:45:53,619 INFO [SIMULATE] 特徴量生成 race_id=202507020612: 16 頭 × 52 特徴量 (リーク除外済み)
2026-05-01 18:45:53,644 INFO [SIMULATE] 特徴量生成 race_id=202509020201: 12 頭 × 52 特徴量 (リーク除外済み)
2026-05-01 18:45:53,675 INFO [SIMULATE] 特徴量生成 race_id=202509020202: 16 頭 × 52 特徴量 (リーク除外済み)
2026-05-01 18:45:53,709 INFO [SIMULATE] 特徴量生成 race_id=202509020203: 9 頭 × 52 特徴量 (リーク除外済み)
2026-05-01 18:45:53,735 INFO [SIMULATE] 特徴量生成 race_id=202509020204: 14 頭 × 52 特徴量 (リーク除外済み)
2026-05-01 18:45:53,771 INFO [SIMULATE] 特徴量生成 race_id=202509020205: 18 頭 × 52 特徴量 (リーク除外済み)
2026-05-01 18:45:53,813 INFO [SIMULATE] 特徴量生成 race_id=202509020206: 16 頭 × 52 特徴量 (リーク除外済み)
2026-05-01 18:45:53,847 INFO [SIMULATE] 特徴量生成 race_id=202509020207: 18 頭 × 52 特徴量 (リーク除外済み)
2026-05-01 18:45:53,889 INFO [SIMULATE] 特徴量生成 race_id=202509020208: 9 頭 × 52 特徴量 (リーク除外済み)
2026-05-01 18:45:53,913 INFO [SIMULATE] 特徴量生成 race_id=202509020209: 11 頭 × 52 特徴量 (リーク除外済み)
2026-05-01 18:45:53,955 INFO [SIMULATE] 特徴量生成 race_id=202509020210: 12 頭 × 52 特徴量 (リーク除外済み)
2026-05-01 18:45:53,984 INFO [SIMULATE] 特徴量生成 race_id=202509020211: 12 頭 × 52 特徴量 (リーク除外済み)
2026-05-01 18:45:54,016 INFO [SIMULATE] 特徴量生成 race_id=202509020212: 14 頭 × 52 特徴量 (リーク除外済み)
2026-05-01 18:45:54,030 INFO [SIMULATE] 特徴量生成 race_id=202506030301: 15 頭 × 52 特徴量 (リーク除外済み)
2026-05-01 18:45:54,084 INFO [SIMULATE] 特徴量生成 race_id=202506030302: 16 頭 × 52 特徴量 (リーク除外済み)
2026-05-01 18:45:54,099 INFO [SIMULATE] 特徴量生成 race_id=202506030303: 12 頭 × 52 特徴量 (リーク除外済み)
2026-05-01 18:45:54,140 INFO [SIMULATE] 特徴量生成 race_id=202506030304: 14 頭 × 52 特徴量 (リーク除外済み)
2026-05-01 18:45:54,157 INFO [SIMULATE] 特徴量生成 race_id=202506030305: 18 頭 × 52 特徴量 (リーク除外済み)
2026-05-01 18:45:54,174 INFO [SIMULATE] 特徴量生成 race_id=202506030306: 16 頭 × 52 特徴量 (リーク除外済み)
2026-05-01 18:45:54,212 INFO [SIMULATE] 特徴量生成 race_id=202506030307: 11 頭 × 52 特徴量 (リーク除外済み)
2026-05-01 18:45:54,243 INFO [SIMULATE] 特徴量生成 race_id=202506030308: 13 頭 × 52 特徴量 (リーク除外済み)
2026-05-01 18:45:54,301 INFO [SIMULATE] 特徴量生成 race_id=202506030309: 7 頭 × 52 特徴量 (リーク除外済み)
2026-05-01 18:45:54,345 INFO [SIMULATE] 特徴量生成 race_id=202506030310: 16 頭 × 52 特徴量 (リーク除外済み)
2026-05-01 18:45:54,429 INFO [SIMULATE] 特徴量生成 race_id=202506030311: 14 頭 × 52 特徴量 (リーク除外済み)
2026-05-01 18:45:54,476 INFO [SIMULATE] 特徴量生成 race_id=202506030312: 16 頭 × 52 特徴量 (リーク除外済み)
2026-05-01 18:45:54,525 INFO [SIMULATE] 特徴量生成 race_id=202509020301: 16 頭 × 52 特徴量 (リーク除外済み)
2026-05-01 18:45:54,586 INFO [SIMULATE] 特徴量生成 race_id=202509020302: 16 頭 × 52 特徴量 (リーク除外済み)
2026-05-01 18:45:54,636 INFO [SIMULATE] 特徴量生成 race_id=202509020303: 16 頭 × 52 特徴量 (リーク除外済み)
2026-05-01 18:45:54,660 INFO [SIMULATE] 特徴量生成 race_id=202509020304: 18 頭 × 52 特徴量 (リーク除外済み)
2026-05-01 18:45:54,677 INFO [SIMULATE] 特徴量生成 race_id=202509020305: 17 頭 × 52 特徴量 (リーク除外済み)
2026-05-01 18:45:54,705 INFO [SIMULATE] 特徴量生成 race_id=202509020306: 8 頭 × 52 特徴量 (リーク除外済み)
2026-05-01 18:45:54,727 INFO [SIMULATE] 特徴量生成 race_id=202509020307: 16 頭 × 52 特徴量 (リーク除外済み)
2026-05-01 18:45:54,740 INFO [SIMULATE] 特徴量生成 race_id=202509020308: 8 頭 × 52 特徴量 (リーク除外済み)
2026-05-01 18:45:54,764 INFO [SIMULATE] 特徴量生成 race_id=202509020309: 9 頭 × 52 特徴量 (リーク除外済み)
2026-05-01 18:45:54,791 INFO [SIMULATE] 特徴量生成 race_id=202509020310: 16 頭 × 52 特徴量 (リーク除外済み)
2026-05-01 18:45:54,816 INFO [SIMULATE] 特徴量生成 race_id=202509020311: 11 頭 × 52 特徴量 (リーク除外済み)
2026-05-01 18:45:54,844 INFO [SIMULATE] 特徴量生成 race_id=202509020312: 16 頭 × 52 特徴量 (リーク除外済み)
2026-05-01 18:45:54,856 INFO [SIMULATE] 特徴量生成 race_id=202506030401: 13 頭 × 52 特徴量 (リーク除外済み)
2026-05-01 18:45:54,877 INFO [SIMULATE] 特徴量生成 race_id=202506030402: 16 頭 × 52 特徴量 (リーク除外済み)
2026-05-01 18:45:54,895 INFO [SIMULATE] 特徴量生成 race_id=202506030403: 13 頭 × 52 特徴量 (リーク除外済み)
2026-05-01 18:45:54,923 INFO [SIMULATE] 特徴量生成 race_id=202506030404: 12 頭 × 52 特徴量 (リーク除外済み)
2026-05-01 18:45:54,944 INFO [SIMULATE] 特徴量生成 race_id=202506030405: 16 頭 × 52 特徴量 (リーク除外済み)
2026-05-01 18:45:54,957 INFO [SIMULATE] 特徴量生成 race_id=202506030406: 14 頭 × 52 特徴量 (リーク除外済み)
2026-05-01 18:45:54,973 INFO [SIMULATE] 特徴量生成 race_id=202506030407: 9 頭 × 52 特徴量 (リーク除外済み)
2026-05-01 18:45:54,989 INFO [SIMULATE] 特徴量生成 race_id=202506030408: 13 頭 × 52 特徴量 (リーク除外済み)
2026-05-01 18:45:55,007 INFO [SIMULATE] 特徴量生成 race_id=202506030409: 12 頭 × 52 特徴量 (リーク除外済み)
2026-05-01 18:45:55,020 INFO [SIMULATE] 特徴量生成 race_id=202506030410: 16 頭 × 52 特徴量 (リーク除外済み)
2026-05-01 18:45:55,034 INFO [SIMULATE] 特徴量生成 race_id=202506030411: 16 頭 × 52 特徴量 (リーク除外済み)
2026-05-01 18:45:55,056 INFO [SIMULATE] 特徴量生成 race_id=202506030412: 15 頭 × 52 特徴量 (リーク除外済み)
2026-05-01 18:45:55,080 INFO [SIMULATE] 特徴量生成 race_id=202509020401: 16 頭 × 52 特徴量 (リーク除外済み)
2026-05-01 18:45:55,091 INFO [SIMULATE] 特徴量生成 race_id=202509020402: 16 頭 × 52 特徴量 (リーク除外済み)
2026-05-01 18:45:55,110 INFO [SIMULATE] 特徴量生成 race_id=202509020403: 16 頭 × 52 特徴量 (リーク除外済み)
2026-05-01 18:45:55,130 INFO [SIMULATE] 特徴量生成 race_id=202509020404: 14 頭 × 52 特徴量 (リーク除外済み)
2026-05-01 18:45:55,149 INFO [SIMULATE] 特徴量生成 race_id=202509020405: 14 頭 × 52 特徴量 (リーク除外済み)
2026-05-01 18:45:55,164 INFO [SIMULATE] 特徴量生成 race_id=202509020406: 11 頭 × 52 特徴量 (リーク除外済み)
2026-05-01 18:45:55,197 INFO [SIMULATE] 特徴量生成 race_id=202509020407: 10 頭 × 52 特徴量 (リーク除外済み)
2026-05-01 18:45:55,213 INFO [SIMULATE] 特徴量生成 race_id=202509020408: 10 頭 × 52 特徴量 (リーク除外済み)
2026-05-01 18:45:55,227 INFO [SIMULATE] 特徴量生成 race_id=202509020409: 15 頭 × 52 特徴量 (リーク除外済み)
2026-05-01 18:45:55,278 INFO [SIMULATE] 特徴量生成 race_id=202509020410: 14 頭 × 52 特徴量 (リーク除外済み)
2026-05-01 18:45:55,313 INFO [SIMULATE] 特徴量生成 race_id=202509020411: 15 頭 × 52 特徴量 (リーク除外済み)
2026-05-01 18:45:55,324 INFO [SIMULATE] 特徴量生成 race_id=202509020412: 11 頭 × 52 特徴量 (リーク除外済み)
2026-05-01 18:45:55,340 INFO [SIMULATE] 特徴量生成 race_id=202503010101: 15 頭 × 52 特徴量 (リーク除外済み)
2026-05-01 18:45:55,352 INFO [SIMULATE] 特徴量生成 race_id=202503010102: 16 頭 × 52 特徴量 (リーク除外済み)
2026-05-01 18:45:55,376 INFO [SIMULATE] 特徴量生成 race_id=202503010103: 16 頭 × 52 特徴量 (リーク除外済み)
2026-05-01 18:45:55,396 INFO [SIMULATE] 特徴量生成 race_id=202503010104: 15 頭 × 52 特徴量 (リーク除外済み)
2026-05-01 18:45:55,437 INFO [SIMULATE] 特徴量生成 race_id=202503010105: 16 頭 × 52 特徴量 (リーク除外済み)
2026-05-01 18:45:55,463 INFO [SIMULATE] 特徴量生成 race_id=202503010106: 16 頭 × 52 特徴量 (リーク除外済み)
2026-05-01 18:45:55,476 INFO [SIMULATE] 特徴量生成 race_id=202503010107: 15 頭 × 52 特徴量 (リーク除外済み)
2026-05-01 18:45:55,494 INFO [SIMULATE] 特徴量生成 race_id=202503010108: 16 頭 × 52 特徴量 (リーク除外済み)
2026-05-01 18:45:55,521 INFO [SIMULATE] 特徴量生成 race_id=202503010109: 15 頭 × 52 特徴量 (リーク除外済み)
2026-05-01 18:45:55,533 INFO [SIMULATE] 特徴量生成 race_id=202503010110: 16 頭 × 52 特徴量 (リーク除外済み)
2026-05-01 18:45:55,551 INFO [SIMULATE] 特徴量生成 race_id=202503010111: 15 頭 × 52 特徴量 (リーク除外済み)
2026-05-01 18:45:55,567 INFO [SIMULATE] 特徴量生成 race_id=202503010112: 16 頭 × 52 特徴量 (リーク除外済み)
2026-05-01 18:45:55,578 INFO [SIMULATE] 特徴量生成 race_id=202506030501: 14 頭 × 52 特徴量 (リーク除外済み)
2026-05-01 18:45:55,594 INFO [SIMULATE] 特徴量生成 race_id=202506030502: 16 頭 × 52 特徴量 (リーク除外済み)
2026-05-01 18:45:55,611 INFO [SIMULATE] 特徴量生成 race_id=202506030503: 13 頭 × 52 特徴量 (リーク除外済み)
2026-05-01 18:45:55,624 INFO [SIMULATE] 特徴量生成 race_id=202506030504: 14 頭 × 52 特徴量 (リーク除外済み)
2026-05-01 18:45:55,639 INFO [SIMULATE] 特徴量生成 race_id=202506030505: 12 頭 × 52 特徴量 (リーク除外済み)
2026-05-01 18:45:55,651 INFO [SIMULATE] 特徴量生成 race_id=202506030506: 12 頭 × 52 特徴量 (リーク除外済み)
2026-05-01 18:45:55,666 INFO [SIMULATE] 特徴量生成 race_id=202506030507: 16 頭 × 52 特徴量 (リーク除外済み)
2026-05-01 18:45:55,681 INFO [SIMULATE] 特徴量生成 race_id=202506030508: 14 頭 × 52 特徴量 (リーク除外済み)
2026-05-01 18:45:55,694 INFO [SIMULATE] 特徴量生成 race_id=202506030509: 9 頭 × 52 特徴量 (リーク除外済み)
2026-05-01 18:45:55,707 INFO [SIMULATE] 特徴量生成 race_id=202506030510: 14 頭 × 52 特徴量 (リーク除外済み)
2026-05-01 18:45:55,724 INFO [SIMULATE] 特徴量生成 race_id=202506030511: 14 頭 × 52 特徴量 (リーク除外済み)
2026-05-01 18:45:55,744 INFO [SIMULATE] 特徴量生成 race_id=202506030512: 16 頭 × 52 特徴量 (リーク除外済み)
2026-05-01 18:45:55,758 INFO [SIMULATE] 特徴量生成 race_id=202509020501: 16 頭 × 52 特徴量 (リーク除外済み)
2026-05-01 18:45:55,773 INFO [SIMULATE] 特徴量生成 race_id=202509020502: 16 頭 × 52 特徴量 (リーク除外済み)
2026-05-01 18:45:55,788 INFO [SIMULATE] 特徴量生成 race_id=202509020503: 16 頭 × 52 特徴量 (リーク除外済み)
2026-05-01 18:45:55,806 INFO [SIMULATE] 特徴量生成 race_id=202509020504: 18 頭 × 52 特徴量 (リーク除外済み)
2026-05-01 18:45:55,826 INFO [SIMULATE] 特徴量生成 race_id=202509020505: 11 頭 × 52 特徴量 (リーク除外済み)
2026-05-01 18:45:55,838 INFO [SIMULATE] 特徴量生成 race_id=202509020506: 11 頭 × 52 特徴量 (リーク除外済み)
2026-05-01 18:45:55,852 INFO [SIMULATE] 特徴量生成 race_id=202509020507: 9 頭 × 52 特徴量 (リーク除外済み)
2026-05-01 18:45:55,863 INFO [SIMULATE] 特徴量生成 race_id=202509020508: 16 頭 × 52 特徴量 (リーク除外済み)
2026-05-01 18:45:55,873 INFO [SIMULATE] 特徴量生成 race_id=202509020509: 9 頭 × 52 特徴量 (リーク除外済み)
2026-05-01 18:45:55,890 INFO [SIMULATE] 特徴量生成 race_id=202509020510: 16 頭 × 52 特徴量 (リーク除外済み)
2026-05-01 18:45:55,906 INFO [SIMULATE] 特徴量生成 race_id=202509020511: 14 頭 × 52 特徴量 (リーク除外済み)
2026-05-01 18:45:55,918 INFO [SIMULATE] 特徴量生成 race_id=202509020512: 16 頭 × 52 特徴量 (リーク除外済み)
2026-05-01 18:45:55,933 INFO [SIMULATE] 特徴量生成 race_id=202503010201: 15 頭 × 52 特徴量 (リーク除外済み)
2026-05-01 18:45:55,945 INFO [SIMULATE] 特徴量生成 race_id=202503010202: 16 頭 × 52 特徴量 (リーク除外済み)
2026-05-01 18:45:55,957 INFO [SIMULATE] 特徴量生成 race_id=202503010203: 16 頭 × 52 特徴量 (リーク除外済み)
2026-05-01 18:45:55,973 INFO [SIMULATE] 特徴量生成 race_id=202503010204: 15 頭 × 52 特徴量 (リーク除外済み)
2026-05-01 18:45:55,985 INFO [SIMULATE] 特徴量生成 race_id=202503010205: 16 頭 × 52 特徴量 (リーク除外済み)
2026-05-01 18:45:56,009 INFO [SIMULATE] 特徴量生成 race_id=202503010206: 16 頭 × 52 特徴量 (リーク除外済み)
2026-05-01 18:45:56,021 INFO [SIMULATE] 特徴量生成 race_id=202503010207: 16 頭 × 52 特徴量 (リーク除外済み)
2026-05-01 18:45:56,037 INFO [SIMULATE] 特徴量生成 race_id=202503010208: 16 頭 × 52 特徴量 (リーク除外済み)
2026-05-01 18:45:56,055 INFO [SIMULATE] 特徴量生成 race_id=202503010209: 10 頭 × 52 特徴量 (リーク除外済み)
2026-05-01 18:45:56,070 INFO [SIMULATE] 特徴量生成 race_id=202503010210: 16 頭 × 52 特徴量 (リーク除外済み)
2026-05-01 18:45:56,084 INFO [SIMULATE] 特徴量生成 race_id=202503010211: 15 頭 × 52 特徴量 (リーク除外済み)
2026-05-01 18:45:56,103 INFO [SIMULATE] 特徴量生成 race_id=202503010212: 15 頭 × 52 特徴量 (リーク除外済み)
2026-05-01 18:45:56,114 INFO [SIMULATE] 特徴量生成 race_id=202506030601: 15 頭 × 52 特徴量 (リーク除外済み)
2026-05-01 18:45:56,126 INFO [SIMULATE] 特徴量生成 race_id=202506030602: 16 頭 × 52 特徴量 (リーク除外済み)
2026-05-01 18:45:56,141 INFO [SIMULATE] 特徴量生成 race_id=202506030603: 16 頭 × 52 特徴量 (リーク除外済み)
2026-05-01 18:45:56,153 INFO [SIMULATE] 特徴量生成 race_id=202506030604: 13 頭 × 52 特徴量 (リーク除外済み)
2026-05-01 18:45:56,164 INFO [SIMULATE] 特徴量生成 race_id=202506030605: 16 頭 × 52 特徴量 (リーク除外済み)
2026-05-01 18:45:56,179 INFO [SIMULATE] 特徴量生成 race_id=202506030606: 18 頭 × 52 特徴量 (リーク除外済み)
2026-05-01 18:45:56,192 INFO [SIMULATE] 特徴量生成 race_id=202506030607: 10 頭 × 52 特徴量 (リーク除外済み)
2026-05-01 18:45:56,206 INFO [SIMULATE] 特徴量生成 race_id=202506030608: 16 頭 × 52 特徴量 (リーク除外済み)
2026-05-01 18:45:56,218 INFO [SIMULATE] 特徴量生成 race_id=202506030609: 11 頭 × 52 特徴量 (リーク除外済み)
2026-05-01 18:45:56,230 INFO [SIMULATE] 特徴量生成 race_id=202506030610: 10 頭 × 52 特徴量 (リーク除外済み)
2026-05-01 18:45:56,249 INFO [SIMULATE] 特徴量生成 race_id=202506030611: 14 頭 × 52 特徴量 (リーク除外済み)
2026-05-01 18:45:56,262 INFO [SIMULATE] 特徴量生成 race_id=202506030612: 16 頭 × 52 特徴量 (リーク除外済み)
2026-05-01 18:45:56,273 INFO [SIMULATE] 特徴量生成 race_id=202509020601: 16 頭 × 52 特徴量 (リーク除外済み)
2026-05-01 18:45:56,294 INFO [SIMULATE] 特徴量生成 race_id=202509020602: 15 頭 × 52 特徴量 (リーク除外済み)
2026-05-01 18:45:56,305 INFO [SIMULATE] 特徴量生成 race_id=202509020603: 16 頭 × 52 特徴量 (リーク除外済み)
2026-05-01 18:45:56,319 INFO [SIMULATE] 特徴量生成 race_id=202509020604: 15 頭 × 52 特徴量 (リーク除外済み)
2026-05-01 18:45:56,339 INFO [SIMULATE] 特徴量生成 race_id=202509020605: 16 頭 × 52 特徴量 (リーク除外済み)
2026-05-01 18:45:56,352 INFO [SIMULATE] 特徴量生成 race_id=202509020606: 10 頭 × 52 特徴量 (リーク除外済み)
2026-05-01 18:45:56,381 INFO [SIMULATE] 特徴量生成 race_id=202509020607: 7 頭 × 52 特徴量 (リーク除外済み)
2026-05-01 18:45:56,408 INFO [SIMULATE] 特徴量生成 race_id=202509020608: 12 頭 × 52 特徴量 (リーク除外済み)
2026-05-01 18:45:56,418 INFO [SIMULATE] 特徴量生成 race_id=202509020609: 8 頭 × 52 特徴量 (リーク除外済み)
2026-05-01 18:45:56,435 INFO [SIMULATE] 特徴量生成 race_id=202509020610: 11 頭 × 52 特徴量 (リーク除外済み)
2026-05-01 18:45:56,451 INFO [SIMULATE] 特徴量生成 race_id=202509020611: 18 頭 × 52 特徴量 (リーク除外済み)
2026-05-01 18:45:56,477 INFO [SIMULATE] 特徴量生成 race_id=202509020612: 16 頭 × 52 特徴量 (リーク除外済み)
2026-05-01 18:45:56,493 INFO [SIMULATE] 特徴量生成 race_id=202503010301: 16 頭 × 52 特徴量 (リーク除外済み)
2026-05-01 18:45:56,504 INFO [SIMULATE] 特徴量生成 race_id=202503010302: 16 頭 × 52 特徴量 (リーク除外済み)
2026-05-01 18:45:56,517 INFO [SIMULATE] 特徴量生成 race_id=202503010303: 16 頭 × 52 特徴量 (リーク除外済み)
2026-05-01 18:45:56,534 INFO [SIMULATE] 特徴量生成 race_id=202503010304: 15 頭 × 52 特徴量 (リーク除外済み)
2026-05-01 18:45:56,547 INFO [SIMULATE] 特徴量生成 race_id=202503010305: 16 頭 × 52 特徴量 (リーク除外済み)
2026-05-01 18:45:56,558 INFO [SIMULATE] 特徴量生成 race_id=202503010306: 16 頭 × 52 特徴量 (リーク除外済み)
2026-05-01 18:45:56,585 INFO [SIMULATE] 特徴量生成 race_id=202503010307: 15 頭 × 52 特徴量 (リーク除外済み)
2026-05-01 18:45:56,602 INFO [SIMULATE] 特徴量生成 race_id=202503010308: 16 頭 × 52 特徴量 (リーク除外済み)
2026-05-01 18:45:56,615 INFO [SIMULATE] 特徴量生成 race_id=202503010309: 10 頭 × 52 特徴量 (リーク除外済み)
2026-05-01 18:45:56,630 INFO [SIMULATE] 特徴量生成 race_id=202503010310: 16 頭 × 52 特徴量 (リーク除外済み)
2026-05-01 18:45:56,641 INFO [SIMULATE] 特徴量生成 race_id=202503010311: 15 頭 × 52 特徴量 (リーク除外済み)
2026-05-01 18:45:56,656 INFO [SIMULATE] 特徴量生成 race_id=202503010312: 16 頭 × 52 特徴量 (リーク除外済み)
2026-05-01 18:45:56,667 INFO [SIMULATE] 特徴量生成 race_id=202506030701: 14 頭 × 52 特徴量 (リーク除外済み)
2026-05-01 18:45:56,677 INFO [SIMULATE] 特徴量生成 race_id=202506030702: 10 頭 × 52 特徴量 (リーク除外済み)
2026-05-01 18:45:56,695 INFO [SIMULATE] 特徴量生成 race_id=202506030703: 16 頭 × 52 特徴量 (リーク除外済み)
2026-05-01 18:45:56,707 INFO [SIMULATE] 特徴量生成 race_id=202506030704: 13 頭 × 52 特徴量 (リーク除外済み)
2026-05-01 18:45:56,718 INFO [SIMULATE] 特徴量生成 race_id=202506030705: 16 頭 × 52 特徴量 (リーク除外済み)
2026-05-01 18:45:56,729 INFO [SIMULATE] 特徴量生成 race_id=202506030706: 8 頭 × 52 特徴量 (リーク除外済み)
2026-05-01 18:45:56,739 INFO [SIMULATE] 特徴量生成 race_id=202506030707: 15 頭 × 52 特徴量 (リーク除外済み)
2026-05-01 18:45:56,750 INFO [SIMULATE] 特徴量生成 race_id=202506030708: 14 頭 × 52 特徴量 (リーク除外済み)
2026-05-01 18:45:56,764 INFO [SIMULATE] 特徴量生成 race_id=202506030709: 13 頭 × 52 特徴量 (リーク除外済み)
2026-05-01 18:45:56,781 INFO [SIMULATE] 特徴量生成 race_id=202506030710: 16 頭 × 52 特徴量 (リーク除外済み)
2026-05-01 18:45:56,794 INFO [SIMULATE] 特徴量生成 race_id=202506030711: 12 頭 × 52 特徴量 (リーク除外済み)
2026-05-01 18:45:56,810 INFO [SIMULATE] 特徴量生成 race_id=202506030712: 16 頭 × 52 特徴量 (リーク除外済み)
2026-05-01 18:45:56,820 INFO [SIMULATE] 特徴量生成 race_id=202509020701: 16 頭 × 52 特徴量 (リーク除外済み)
2026-05-01 18:45:56,837 INFO [SIMULATE] 特徴量生成 race_id=202509020702: 16 頭 × 52 特徴量 (リーク除外済み)
2026-05-01 18:45:56,851 INFO [SIMULATE] 特徴量生成 race_id=202509020703: 16 頭 × 52 特徴量 (リーク除外済み)
2026-05-01 18:45:56,863 INFO [SIMULATE] 特徴量生成 race_id=202509020704: 16 頭 × 52 特徴量 (リーク除外済み)
2026-05-01 18:45:56,874 INFO [SIMULATE] 特徴量生成 race_id=202509020705: 7 頭 × 52 特徴量 (リーク除外済み)
2026-05-01 18:45:56,885 INFO [SIMULATE] 特徴量生成 race_id=202509020706: 8 頭 × 52 特徴量 (リーク除外済み)
2026-05-01 18:45:56,896 INFO [SIMULATE] 特徴量生成 race_id=202509020707: 10 頭 × 52 特徴量 (リーク除外済み)
2026-05-01 18:45:56,909 INFO [SIMULATE] 特徴量生成 race_id=202509020708: 14 頭 × 52 特徴量 (リーク除外済み)
2026-05-01 18:45:56,921 INFO [SIMULATE] 特徴量生成 race_id=202509020709: 16 頭 × 52 特徴量 (リーク除外済み)
2026-05-01 18:45:56,931 INFO [SIMULATE] 特徴量生成 race_id=202509020710: 14 頭 × 52 特徴量 (リーク除外済み)
2026-05-01 18:45:56,950 INFO [SIMULATE] 特徴量生成 race_id=202509020711: 13 頭 × 52 特徴量 (リーク除外済み)
2026-05-01 18:45:56,961 INFO [SIMULATE] 特徴量生成 race_id=202509020712: 16 頭 × 52 特徴量 (リーク除外済み)
2026-05-01 18:45:56,972 INFO [SIMULATE] 特徴量生成 race_id=202503010401: 16 頭 × 52 特徴量 (リーク除外済み)
2026-05-01 18:45:56,989 INFO [SIMULATE] 特徴量生成 race_id=202503010402: 15 頭 × 52 特徴量 (リーク除外済み)
2026-05-01 18:45:57,002 INFO [SIMULATE] 特徴量生成 race_id=202503010403: 16 頭 × 52 特徴量 (リーク除外済み)
2026-05-01 18:45:57,014 INFO [SIMULATE] 特徴量生成 race_id=202503010404: 16 頭 × 52 特徴量 (リーク除外済み)
2026-05-01 18:45:57,027 INFO [SIMULATE] 特徴量生成 race_id=202503010405: 16 頭 × 52 特徴量 (リーク除外済み)
2026-05-01 18:45:57,044 INFO [SIMULATE] 特徴量生成 race_id=202503010406: 15 頭 × 52 特徴量 (リーク除外済み)
2026-05-01 18:45:57,064 INFO [SIMULATE] 特徴量生成 race_id=202503010407: 16 頭 × 52 特徴量 (リーク除外済み)
2026-05-01 18:45:57,082 INFO [SIMULATE] 特徴量生成 race_id=202503010408: 15 頭 × 52 特徴量 (リーク除外済み)
2026-05-01 18:45:57,101 INFO [SIMULATE] 特徴量生成 race_id=202503010409: 15 頭 × 52 特徴量 (リーク除外済み)
2026-05-01 18:45:57,118 INFO [SIMULATE] 特徴量生成 race_id=202503010410: 15 頭 × 52 特徴量 (リーク除外済み)
2026-05-01 18:45:57,132 INFO [SIMULATE] 特徴量生成 race_id=202503010411: 16 頭 × 52 特徴量 (リーク除外済み)
2026-05-01 18:45:57,145 INFO [SIMULATE] 特徴量生成 race_id=202503010412: 15 頭 × 52 特徴量 (リーク除外済み)
2026-05-01 18:45:57,150 INFO   特徴量生成中... 2500/5878
2026-05-01 18:45:57,160 INFO [SIMULATE] 特徴量生成 race_id=202506030801: 14 頭 × 52 特徴量 (リーク除外済み)
2026-05-01 18:45:57,171 INFO [SIMULATE] 特徴量生成 race_id=202506030802: 16 頭 × 52 特徴量 (リーク除外済み)
2026-05-01 18:45:57,181 INFO [SIMULATE] 特徴量生成 race_id=202506030803: 12 頭 × 52 特徴量 (リーク除外済み)
2026-05-01 18:45:57,217 INFO [SIMULATE] 特徴量生成 race_id=202506030804: 16 頭 × 52 特徴量 (リーク除外済み)
2026-05-01 18:45:57,229 INFO [SIMULATE] 特徴量生成 race_id=202506030805: 11 頭 × 52 特徴量 (リーク除外済み)
2026-05-01 18:45:57,250 INFO [SIMULATE] 特徴量生成 race_id=202506030806: 15 頭 × 52 特徴量 (リーク除外済み)
2026-05-01 18:45:57,262 INFO [SIMULATE] 特徴量生成 race_id=202506030807: 16 頭 × 52 特徴量 (リーク除外済み)
2026-05-01 18:45:57,274 INFO [SIMULATE] 特徴量生成 race_id=202506030808: 16 頭 × 52 特徴量 (リーク除外済み)
2026-05-01 18:45:57,288 INFO [SIMULATE] 特徴量生成 race_id=202506030809: 12 頭 × 52 特徴量 (リーク除外済み)
2026-05-01 18:45:57,300 INFO [SIMULATE] 特徴量生成 race_id=202506030810: 16 頭 × 52 特徴量 (リーク除外済み)
2026-05-01 18:45:57,312 INFO [SIMULATE] 特徴量生成 race_id=202506030811: 18 頭 × 52 特徴量 (リーク除外済み)
2026-05-01 18:45:57,340 INFO [SIMULATE] 特徴量生成 race_id=202506030812: 13 頭 × 52 特徴量 (リーク除外済み)
2026-05-01 18:45:57,370 INFO [SIMULATE] 特徴量生成 race_id=202509020801: 16 頭 × 52 特徴量 (リーク除外済み)
2026-05-01 18:45:57,412 INFO [SIMULATE] 特徴量生成 race_id=202509020802: 16 頭 × 52 特徴量 (リーク除外済み)
2026-05-01 18:45:57,424 INFO [SIMULATE] 特徴量生成 race_id=202509020803: 16 頭 × 52 特徴量 (リーク除外済み)
2026-05-01 18:45:57,435 INFO [SIMULATE] 特徴量生成 race_id=202509020804: 14 頭 × 52 特徴量 (リーク除外済み)
2026-05-01 18:45:57,461 INFO [SIMULATE] 特徴量生成 race_id=202509020805: 18 頭 × 52 特徴量 (リーク除外済み)
2026-05-01 18:45:57,475 INFO [SIMULATE] 特徴量生成 race_id=202509020806: 16 頭 × 52 特徴量 (リーク除外済み)
2026-05-01 18:45:57,487 INFO [SIMULATE] 特徴量生成 race_id=202509020807: 11 頭 × 52 特徴量 (リーク除外済み)
2026-05-01 18:45:57,502 INFO [SIMULATE] 特徴量生成 race_id=202509020808: 13 頭 × 52 特徴量 (リーク除外済み)
2026-05-01 18:45:57,512 INFO [SIMULATE] 特徴量生成 race_id=202509020809: 8 頭 × 52 特徴量 (リーク除外済み)
2026-05-01 18:45:57,526 INFO [SIMULATE] 特徴量生成 race_id=202509020810: 16 頭 × 52 特徴量 (リーク除外済み)
2026-05-01 18:45:57,540 INFO [SIMULATE] 特徴量生成 race_id=202509020811: 11 頭 × 52 特徴量 (リーク除外済み)
2026-05-01 18:45:57,559 INFO [SIMULATE] 特徴量生成 race_id=202509020812: 16 頭 × 52 特徴量 (リーク除外済み)
2026-05-01 18:45:57,581 INFO [SIMULATE] 特徴量生成 race_id=202503010501: 15 頭 × 52 特徴量 (リーク除外済み)
2026-05-01 18:45:57,600 INFO [SIMULATE] 特徴量生成 race_id=202503010502: 16 頭 × 52 特徴量 (リーク除外済み)
2026-05-01 18:45:57,620 INFO [SIMULATE] 特徴量生成 race_id=202503010503: 16 頭 × 52 特徴量 (リーク除外済み)
2026-05-01 18:45:57,636 INFO [SIMULATE] 特徴量生成 race_id=202503010504: 12 頭 × 52 特徴量 (リーク除外済み)
2026-05-01 18:45:57,650 INFO [SIMULATE] 特徴量生成 race_id=202503010505: 16 頭 × 52 特徴量 (リーク除外済み)
2026-05-01 18:45:57,664 INFO [SIMULATE] 特徴量生成 race_id=202503010506: 15 頭 × 52 特徴量 (リーク除外済み)
2026-05-01 18:45:57,677 INFO [SIMULATE] 特徴量生成 race_id=202503010507: 15 頭 × 52 特徴量 (リーク除外済み)
2026-05-01 18:45:57,689 INFO [SIMULATE] 特徴量生成 race_id=202503010508: 16 頭 × 52 特徴量 (リーク除外済み)
2026-05-01 18:45:57,702 INFO [SIMULATE] 特徴量生成 race_id=202503010509: 16 頭 × 52 特徴量 (リーク除外済み)
2026-05-01 18:45:57,713 INFO [SIMULATE] 特徴量生成 race_id=202503010510: 13 頭 × 52 特徴量 (リーク除外済み)
2026-05-01 18:45:57,727 INFO [SIMULATE] 特徴量生成 race_id=202503010511: 16 頭 × 52 特徴量 (リーク除外済み)
2026-05-01 18:45:57,740 INFO [SIMULATE] 特徴量生成 race_id=202503010512: 13 頭 × 52 特徴量 (リーク除外済み)
2026-05-01 18:45:57,752 INFO [SIMULATE] 特徴量生成 race_id=202505020101: 16 頭 × 52 特徴量 (リーク除外済み)
2026-05-01 18:45:57,773 INFO [SIMULATE] 特徴量生成 race_id=202505020102: 16 頭 × 52 特徴量 (リーク除外済み)
2026-05-01 18:45:57,817 INFO [SIMULATE] 特徴量生成 race_id=202505020103: 16 頭 × 52 特徴量 (リーク除外済み)
2026-05-01 18:45:57,830 INFO [SIMULATE] 特徴量生成 race_id=202505020105: 18 頭 × 52 特徴量 (リーク除外済み)
2026-05-01 18:45:57,862 INFO [SIMULATE] 特徴量生成 race_id=202505020106: 16 頭 × 52 特徴量 (リーク除外済み)
2026-05-01 18:45:57,878 INFO [SIMULATE] 特徴量生成 race_id=202505020108: 12 頭 × 52 特徴量 (リーク除外済み)
2026-05-01 18:45:57,981 INFO [SIMULATE] 特徴量生成 race_id=202505020109: 9 頭 × 52 特徴量 (リーク除外済み)
2026-05-01 18:45:58,001 INFO [SIMULATE] 特徴量生成 race_id=202505020110: 16 頭 × 52 特徴量 (リーク除外済み)
2026-05-01 18:45:58,016 INFO [SIMULATE] 特徴量生成 race_id=202505020111: 13 頭 × 52 特徴量 (リーク除外済み)
2026-05-01 18:45:58,038 INFO [SIMULATE] 特徴量生成 race_id=202505020112: 16 頭 × 52 特徴量 (リーク除外済み)
2026-05-01 18:45:58,051 INFO [SIMULATE] 特徴量生成 race_id=202508020101: 16 頭 × 52 特徴量 (リーク除外済み)
2026-05-01 18:45:58,091 INFO [SIMULATE] 特徴量生成 race_id=202508020102: 16 頭 × 52 特徴量 (リーク除外済み)
2026-05-01 18:45:58,120 INFO [SIMULATE] 特徴量生成 race_id=202508020103: 18 頭 × 52 特徴量 (リーク除外済み)
2026-05-01 18:45:58,161 INFO [SIMULATE] 特徴量生成 race_id=202508020104: 11 頭 × 52 特徴量 (リーク除外済み)
2026-05-01 18:45:58,173 INFO [SIMULATE] 特徴量生成 race_id=202508020105: 18 頭 × 52 特徴量 (リーク除外済み)
2026-05-01 18:45:58,183 INFO [SIMULATE] 特徴量生成 race_id=202508020106: 14 頭 × 52 特徴量 (リーク除外済み)
2026-05-01 18:45:58,211 INFO [SIMULATE] 特徴量生成 race_id=202508020107: 12 頭 × 52 特徴量 (リーク除外済み)
2026-05-01 18:45:58,221 INFO [SIMULATE] 特徴量生成 race_id=202508020108: 7 頭 × 52 特徴量 (リーク除外済み)
2026-05-01 18:45:58,232 INFO [SIMULATE] 特徴量生成 race_id=202508020109: 12 頭 × 52 特徴量 (リーク除外済み)
2026-05-01 18:45:58,258 INFO [SIMULATE] 特徴量生成 race_id=202508020110: 12 頭 × 52 特徴量 (リーク除外済み)
2026-05-01 18:45:58,289 INFO [SIMULATE] 特徴量生成 race_id=202508020111: 14 頭 × 52 特徴量 (リーク除外済み)
2026-05-01 18:45:58,300 INFO [SIMULATE] 特徴量生成 race_id=202508020112: 9 頭 × 52 特徴量 (リーク除外済み)
2026-05-01 18:45:58,315 INFO [SIMULATE] 特徴量生成 race_id=202503010601: 16 頭 × 52 特徴量 (リーク除外済み)
2026-05-01 18:45:58,338 INFO [SIMULATE] 特徴量生成 race_id=202503010602: 16 頭 × 52 特徴量 (リーク除外済み)
2026-05-01 18:45:58,360 INFO [SIMULATE] 特徴量生成 race_id=202503010603: 15 頭 × 52 特徴量 (リーク除外済み)
2026-05-01 18:45:58,384 INFO [SIMULATE] 特徴量生成 race_id=202503010604: 16 頭 × 52 特徴量 (リーク除外済み)
2026-05-01 18:45:58,395 INFO [SIMULATE] 特徴量生成 race_id=202503010605: 14 頭 × 52 特徴量 (リーク除外済み)
2026-05-01 18:45:58,406 INFO [SIMULATE] 特徴量生成 race_id=202503010606: 14 頭 × 52 特徴量 (リーク除外済み)
2026-05-01 18:45:58,418 INFO [SIMULATE] 特徴量生成 race_id=202503010607: 14 頭 × 52 特徴量 (リーク除外済み)
2026-05-01 18:45:58,432 INFO [SIMULATE] 特徴量生成 race_id=202503010608: 16 頭 × 52 特徴量 (リーク除外済み)
2026-05-01 18:45:58,462 INFO [SIMULATE] 特徴量生成 race_id=202503010609: 11 頭 × 52 特徴量 (リーク除外済み)
2026-05-01 18:45:58,484 INFO [SIMULATE] 特徴量生成 race_id=202503010610: 15 頭 × 52 特徴量 (リーク除外済み)
2026-05-01 18:45:58,503 INFO [SIMULATE] 特徴量生成 race_id=202503010611: 16 頭 × 52 特徴量 (リーク除外済み)
2026-05-01 18:45:58,514 INFO [SIMULATE] 特徴量生成 race_id=202503010612: 12 頭 × 52 特徴量 (リーク除外済み)
2026-05-01 18:45:58,524 INFO [SIMULATE] 特徴量生成 race_id=202505020201: 16 頭 × 52 特徴量 (リーク除外済み)
2026-05-01 18:45:58,551 INFO [SIMULATE] 特徴量生成 race_id=202505020202: 16 頭 × 52 特徴量 (リーク除外済み)
2026-05-01 18:45:58,564 INFO [SIMULATE] 特徴量生成 race_id=202505020203: 15 頭 × 52 特徴量 (リーク除外済み)
2026-05-01 18:45:58,575 INFO [SIMULATE] 特徴量生成 race_id=202505020204: 11 頭 × 52 特徴量 (リーク除外済み)
2026-05-01 18:45:58,623 INFO [SIMULATE] 特徴量生成 race_id=202505020205: 14 頭 × 52 特徴量 (リーク除外済み)
2026-05-01 18:45:58,637 INFO [SIMULATE] 特徴量生成 race_id=202505020206: 9 頭 × 52 特徴量 (リーク除外済み)
2026-05-01 18:45:58,649 INFO [SIMULATE] 特徴量生成 race_id=202505020207: 14 頭 × 52 特徴量 (リーク除外済み)
2026-05-01 18:45:58,674 INFO [SIMULATE] 特徴量生成 race_id=202505020208: 14 頭 × 52 特徴量 (リーク除外済み)
2026-05-01 18:45:58,689 INFO [SIMULATE] 特徴量生成 race_id=202505020209: 15 頭 × 52 特徴量 (リーク除外済み)
2026-05-01 18:45:58,708 INFO [SIMULATE] 特徴量生成 race_id=202505020210: 12 頭 × 52 特徴量 (リーク除外済み)
2026-05-01 18:45:58,723 INFO [SIMULATE] 特徴量生成 race_id=202505020211: 18 頭 × 52 特徴量 (リーク除外済み)
2026-05-01 18:45:58,740 INFO [SIMULATE] 特徴量生成 race_id=202505020212: 16 頭 × 52 特徴量 (リーク除外済み)
2026-05-01 18:45:58,799 INFO [SIMULATE] 特徴量生成 race_id=202508020201: 16 頭 × 52 特徴量 (リーク除外済み)
2026-05-01 18:45:58,820 INFO [SIMULATE] 特徴量生成 race_id=202508020202: 16 頭 × 52 特徴量 (リーク除外済み)
2026-05-01 18:45:58,834 INFO [SIMULATE] 特徴量生成 race_id=202508020203: 18 頭 × 52 特徴量 (リーク除外済み)
2026-05-01 18:45:58,849 INFO [SIMULATE] 特徴量生成 race_id=202508020204: 12 頭 × 52 特徴量 (リーク除外済み)
2026-05-01 18:45:58,864 INFO [SIMULATE] 特徴量生成 race_id=202508020205: 14 頭 × 52 特徴量 (リーク除外済み)
2026-05-01 18:45:58,901 INFO [SIMULATE] 特徴量生成 race_id=202508020206: 10 頭 × 52 特徴量 (リーク除外済み)
2026-05-01 18:45:58,937 INFO [SIMULATE] 特徴量生成 race_id=202508020207: 10 頭 × 52 特徴量 (リーク除外済み)
2026-05-01 18:45:58,964 INFO [SIMULATE] 特徴量生成 race_id=202508020208: 12 頭 × 52 特徴量 (リーク除外済み)
2026-05-01 18:45:58,996 INFO [SIMULATE] 特徴量生成 race_id=202508020209: 8 頭 × 52 特徴量 (リーク除外済み)
2026-05-01 18:45:59,012 INFO [SIMULATE] 特徴量生成 race_id=202508020210: 16 頭 × 52 特徴量 (リーク除外済み)
2026-05-01 18:45:59,025 INFO [SIMULATE] 特徴量生成 race_id=202508020211: 10 頭 × 52 特徴量 (リーク除外済み)
2026-05-01 18:45:59,037 INFO [SIMULATE] 特徴量生成 race_id=202508020212: 12 頭 × 52 特徴量 (リーク除外済み)
2026-05-01 18:45:59,081 INFO [SIMULATE] 特徴量生成 race_id=202504010101: 14 頭 × 52 特徴量 (リーク除外済み)
2026-05-01 18:45:59,093 INFO [SIMULATE] 特徴量生成 race_id=202504010102: 15 頭 × 52 特徴量 (リーク除外済み)
2026-05-01 18:45:59,108 INFO [SIMULATE] 特徴量生成 race_id=202504010103: 15 頭 × 52 特徴量 (リーク除外済み)
2026-05-01 18:45:59,123 INFO [SIMULATE] 特徴量生成 race_id=202504010104: 14 頭 × 52 特徴量 (リーク除外済み)
2026-05-01 18:45:59,136 INFO [SIMULATE] 特徴量生成 race_id=202504010105: 16 頭 × 52 特徴量 (リーク除外済み)
2026-05-01 18:45:59,150 INFO [SIMULATE] 特徴量生成 race_id=202504010106: 16 頭 × 52 特徴量 (リーク除外済み)
2026-05-01 18:45:59,162 INFO [SIMULATE] 特徴量生成 race_id=202504010107: 11 頭 × 52 特徴量 (リーク除外済み)
2026-05-01 18:45:59,174 INFO [SIMULATE] 特徴量生成 race_id=202504010108: 13 頭 × 52 特徴量 (リーク除外済み)
2026-05-01 18:45:59,191 INFO [SIMULATE] 特徴量生成 race_id=202504010109: 15 頭 × 52 特徴量 (リーク除外済み)
2026-05-01 18:45:59,214 INFO [SIMULATE] 特徴量生成 race_id=202504010110: 10 頭 × 52 特徴量 (リーク除外済み)
2026-05-01 18:45:59,231 INFO [SIMULATE] 特徴量生成 race_id=202504010111: 15 頭 × 52 特徴量 (リーク除外済み)
2026-05-01 18:45:59,245 INFO [SIMULATE] 特徴量生成 race_id=202504010112: 16 頭 × 52 特徴量 (リーク除外済み)
2026-05-01 18:45:59,272 INFO [SIMULATE] 特徴量生成 race_id=202505020301: 16 頭 × 52 特徴量 (リーク除外済み)
2026-05-01 18:45:59,289 INFO [SIMULATE] 特徴量生成 race_id=202505020302: 16 頭 × 52 特徴量 (リーク除外済み)
2026-05-01 18:45:59,301 INFO [SIMULATE] 特徴量生成 race_id=202505020303: 14 頭 × 52 特徴量 (リーク除外済み)
2026-05-01 18:45:59,314 INFO [SIMULATE] 特徴量生成 race_id=202505020304: 12 頭 × 52 特徴量 (リーク除外済み)
2026-05-01 18:45:59,329 INFO [SIMULATE] 特徴量生成 race_id=202505020305: 9 頭 × 52 特徴量 (リーク除外済み)
2026-05-01 18:45:59,340 INFO [SIMULATE] 特徴量生成 race_id=202505020306: 6 頭 × 52 特徴量 (リーク除外済み)
2026-05-01 18:45:59,351 INFO [SIMULATE] 特徴量生成 race_id=202505020307: 16 頭 × 52 特徴量 (リーク除外済み)
2026-05-01 18:45:59,360 INFO [SIMULATE] 特徴量生成 race_id=202505020308: 7 頭 × 52 特徴量 (リーク除外済み)
2026-05-01 18:45:59,373 INFO [SIMULATE] 特徴量生成 race_id=202505020309: 16 頭 × 52 特徴量 (リーク除外済み)
2026-05-01 18:45:59,387 INFO [SIMULATE] 特徴量生成 race_id=202505020310: 13 頭 × 52 特徴量 (リーク除外済み)
2026-05-01 18:45:59,399 INFO [SIMULATE] 特徴量生成 race_id=202505020311: 12 頭 × 52 特徴量 (リーク除外済み)
2026-05-01 18:45:59,415 INFO [SIMULATE] 特徴量生成 race_id=202505020312: 14 頭 × 52 特徴量 (リーク除外済み)
2026-05-01 18:45:59,430 INFO [SIMULATE] 特徴量生成 race_id=202508020301: 16 頭 × 52 特徴量 (リーク除外済み)
2026-05-01 18:45:59,443 INFO [SIMULATE] 特徴量生成 race_id=202508020302: 16 頭 × 52 特徴量 (リーク除外済み)
2026-05-01 18:45:59,460 INFO [SIMULATE] 特徴量生成 race_id=202508020303: 18 頭 × 52 特徴量 (リーク除外済み)
2026-05-01 18:45:59,471 INFO [SIMULATE] 特徴量生成 race_id=202508020304: 16 頭 × 52 特徴量 (リーク除外済み)
2026-05-01 18:45:59,485 INFO [SIMULATE] 特徴量生成 race_id=202508020305: 12 頭 × 52 特徴量 (リーク除外済み)
2026-05-01 18:45:59,496 INFO [SIMULATE] 特徴量生成 race_id=202508020306: 9 頭 × 52 特徴量 (リーク除外済み)
2026-05-01 18:45:59,506 INFO [SIMULATE] 特徴量生成 race_id=202508020307: 8 頭 × 52 特徴量 (リーク除外済み)
2026-05-01 18:45:59,517 INFO [SIMULATE] 特徴量生成 race_id=202508020308: 14 頭 × 52 特徴量 (リーク除外済み)
2026-05-01 18:45:59,530 INFO [SIMULATE] 特徴量生成 race_id=202508020309: 6 頭 × 52 特徴量 (リーク除外済み)
2026-05-01 18:45:59,540 INFO [SIMULATE] 特徴量生成 race_id=202508020310: 8 頭 × 52 特徴量 (リーク除外済み)
2026-05-01 18:45:59,550 INFO [SIMULATE] 特徴量生成 race_id=202508020311: 13 頭 × 52 特徴量 (リーク除外済み)
2026-05-01 18:45:59,562 INFO [SIMULATE] 特徴量生成 race_id=202508020312: 16 頭 × 52 特徴量 (リーク除外済み)
2026-05-01 18:45:59,573 INFO [SIMULATE] 特徴量生成 race_id=202504010201: 16 頭 × 52 特徴量 (リーク除外済み)
2026-05-01 18:45:59,585 INFO [SIMULATE] 特徴量生成 race_id=202504010202: 15 頭 × 52 特徴量 (リーク除外済み)
2026-05-01 18:45:59,598 INFO [SIMULATE] 特徴量生成 race_id=202504010203: 15 頭 × 52 特徴量 (リーク除外済み)
2026-05-01 18:45:59,610 INFO [SIMULATE] 特徴量生成 race_id=202504010204: 14 頭 × 52 特徴量 (リーク除外済み)
2026-05-01 18:45:59,623 INFO [SIMULATE] 特徴量生成 race_id=202504010205: 16 頭 × 52 特徴量 (リーク除外済み)
2026-05-01 18:45:59,634 INFO [SIMULATE] 特徴量生成 race_id=202504010206: 12 頭 × 52 特徴量 (リーク除外済み)
2026-05-01 18:45:59,646 INFO [SIMULATE] 特徴量生成 race_id=202504010207: 14 頭 × 52 特徴量 (リーク除外済み)
2026-05-01 18:45:59,659 INFO [SIMULATE] 特徴量生成 race_id=202504010208: 9 頭 × 52 特徴量 (リーク除外済み)
2026-05-01 18:45:59,671 INFO [SIMULATE] 特徴量生成 race_id=202504010209: 15 頭 × 52 特徴量 (リーク除外済み)
2026-05-01 18:45:59,683 INFO [SIMULATE] 特徴量生成 race_id=202504010210: 16 頭 × 52 特徴量 (リーク除外済み)
2026-05-01 18:45:59,694 INFO [SIMULATE] 特徴量生成 race_id=202504010212: 13 頭 × 52 特徴量 (リーク除外済み)
2026-05-01 18:45:59,704 INFO [SIMULATE] 特徴量生成 race_id=202505020401: 15 頭 × 52 特徴量 (リーク除外済み)
2026-05-01 18:45:59,718 INFO [SIMULATE] 特徴量生成 race_id=202505020402: 16 頭 × 52 特徴量 (リーク除外済み)
2026-05-01 18:45:59,732 INFO [SIMULATE] 特徴量生成 race_id=202505020403: 16 頭 × 52 特徴量 (リーク除外済み)
2026-05-01 18:45:59,744 INFO [SIMULATE] 特徴量生成 race_id=202505020404: 15 頭 × 52 特徴量 (リーク除外済み)
2026-05-01 18:45:59,756 INFO [SIMULATE] 特徴量生成 race_id=202505020405: 16 頭 × 52 特徴量 (リーク除外済み)
2026-05-01 18:45:59,767 INFO [SIMULATE] 特徴量生成 race_id=202505020406: 16 頭 × 52 特徴量 (リーク除外済み)
2026-05-01 18:45:59,779 INFO [SIMULATE] 特徴量生成 race_id=202505020407: 10 頭 × 52 特徴量 (リーク除外済み)
2026-05-01 18:45:59,789 INFO [SIMULATE] 特徴量生成 race_id=202505020408: 9 頭 × 52 特徴量 (リーク除外済み)
2026-05-01 18:45:59,799 INFO [SIMULATE] 特徴量生成 race_id=202505020409: 13 頭 × 52 特徴量 (リーク除外済み)
2026-05-01 18:45:59,812 INFO [SIMULATE] 特徴量生成 race_id=202505020410: 16 頭 × 52 特徴量 (リーク除外済み)
2026-05-01 18:45:59,823 INFO [SIMULATE] 特徴量生成 race_id=202505020411: 14 頭 × 52 特徴量 (リーク除外済み)
2026-05-01 18:45:59,836 INFO [SIMULATE] 特徴量生成 race_id=202505020412: 16 頭 × 52 特徴量 (リーク除外済み)
2026-05-01 18:45:59,847 INFO [SIMULATE] 特徴量生成 race_id=202508020401: 16 頭 × 52 特徴量 (リーク除外済み)
2026-05-01 18:45:59,858 INFO [SIMULATE] 特徴量生成 race_id=202508020402: 14 頭 × 52 特徴量 (リーク除外済み)
2026-05-01 18:45:59,873 INFO [SIMULATE] 特徴量生成 race_id=202508020403: 18 頭 × 52 特徴量 (リーク除外済み)
2026-05-01 18:45:59,885 INFO [SIMULATE] 特徴量生成 race_id=202508020404: 13 頭 × 52 特徴量 (リーク除外済み)
2026-05-01 18:45:59,900 INFO [SIMULATE] 特徴量生成 race_id=202508020405: 15 頭 × 52 特徴量 (リーク除外済み)
2026-05-01 18:45:59,909 INFO [SIMULATE] 特徴量生成 race_id=202508020406: 7 頭 × 52 特徴量 (リーク除外済み)
2026-05-01 18:45:59,920 INFO [SIMULATE] 特徴量生成 race_id=202508020407: 9 頭 × 52 特徴量 (リーク除外済み)
2026-05-01 18:45:59,935 INFO [SIMULATE] 特徴量生成 race_id=202508020408: 7 頭 × 52 特徴量 (リーク除外済み)
2026-05-01 18:45:59,946 INFO [SIMULATE] 特徴量生成 race_id=202508020409: 10 頭 × 52 特徴量 (リーク除外済み)
2026-05-01 18:45:59,960 INFO [SIMULATE] 特徴量生成 race_id=202508020410: 13 頭 × 52 特徴量 (リーク除外済み)
2026-05-01 18:45:59,979 INFO [SIMULATE] 特徴量生成 race_id=202508020411: 15 頭 × 52 特徴量 (リーク除外済み)
2026-05-01 18:45:59,993 INFO [SIMULATE] 特徴量生成 race_id=202508020412: 16 頭 × 52 特徴量 (リーク除外済み)
2026-05-01 18:46:00,006 INFO [SIMULATE] 特徴量生成 race_id=202504010301: 14 頭 × 52 特徴量 (リーク除外済み)
2026-05-01 18:46:00,043 INFO [SIMULATE] 特徴量生成 race_id=202504010302: 15 頭 × 52 特徴量 (リーク除外済み)
2026-05-01 18:46:00,062 INFO [SIMULATE] 特徴量生成 race_id=202504010303: 15 頭 × 52 特徴量 (リーク除外済み)
2026-05-01 18:46:00,074 INFO [SIMULATE] 特徴量生成 race_id=202504010304: 12 頭 × 52 特徴量 (リーク除外済み)
2026-05-01 18:46:00,091 INFO [SIMULATE] 特徴量生成 race_id=202504010305: 15 頭 × 52 特徴量 (リーク除外済み)
2026-05-01 18:46:00,106 INFO [SIMULATE] 特徴量生成 race_id=202504010306: 16 頭 × 52 特徴量 (リーク除外済み)
2026-05-01 18:46:00,121 INFO [SIMULATE] 特徴量生成 race_id=202504010307: 11 頭 × 52 特徴量 (リーク除外済み)
2026-05-01 18:46:00,135 INFO [SIMULATE] 特徴量生成 race_id=202504010308: 13 頭 × 52 特徴量 (リーク除外済み)
2026-05-01 18:46:00,145 INFO [SIMULATE] 特徴量生成 race_id=202504010309: 8 頭 × 52 特徴量 (リーク除外済み)
2026-05-01 18:46:00,158 INFO [SIMULATE] 特徴量生成 race_id=202504010310: 15 頭 × 52 特徴量 (リーク除外済み)
2026-05-01 18:46:00,171 INFO [SIMULATE] 特徴量生成 race_id=202504010311: 16 頭 × 52 特徴量 (リーク除外済み)
2026-05-01 18:46:00,182 INFO [SIMULATE] 特徴量生成 race_id=202504010312: 14 頭 × 52 特徴量 (リーク除外済み)
2026-05-01 18:46:00,194 INFO [SIMULATE] 特徴量生成 race_id=202505020501: 16 頭 × 52 特徴量 (リーク除外済み)
2026-05-01 18:46:00,205 INFO [SIMULATE] 特徴量生成 race_id=202505020502: 14 頭 × 52 特徴量 (リーク除外済み)
2026-05-01 18:46:00,217 INFO [SIMULATE] 特徴量生成 race_id=202505020503: 15 頭 × 52 特徴量 (リーク除外済み)
2026-05-01 18:46:00,229 INFO [SIMULATE] 特徴量生成 race_id=202505020504: 8 頭 × 52 特徴量 (リーク除外済み)
2026-05-01 18:46:00,244 INFO [SIMULATE] 特徴量生成 race_id=202505020505: 16 頭 × 52 特徴量 (リーク除外済み)
2026-05-01 18:46:00,253 INFO [SIMULATE] 特徴量生成 race_id=202505020506: 9 頭 × 52 特徴量 (リーク除外済み)
2026-05-01 18:46:00,266 INFO [SIMULATE] 特徴量生成 race_id=202505020507: 16 頭 × 52 特徴量 (リーク除外済み)
2026-05-01 18:46:00,277 INFO [SIMULATE] 特徴量生成 race_id=202505020508: 12 頭 × 52 特徴量 (リーク除外済み)
2026-05-01 18:46:00,289 INFO [SIMULATE] 特徴量生成 race_id=202505020509: 15 頭 × 52 特徴量 (リーク除外済み)
2026-05-01 18:46:00,306 INFO [SIMULATE] 特徴量生成 race_id=202505020510: 11 頭 × 52 特徴量 (リーク除外済み)
2026-05-01 18:46:00,341 INFO [SIMULATE] 特徴量生成 race_id=202505020511: 18 頭 × 52 特徴量 (リーク除外済み)
2026-05-01 18:46:00,353 INFO [SIMULATE] 特徴量生成 race_id=202505020512: 16 頭 × 52 特徴量 (リーク除外済み)
2026-05-01 18:46:00,366 INFO [SIMULATE] 特徴量生成 race_id=202508020501: 16 頭 × 52 特徴量 (リーク除外済み)
2026-05-01 18:46:00,379 INFO [SIMULATE] 特徴量生成 race_id=202508020502: 16 頭 × 52 特徴量 (リーク除外済み)
2026-05-01 18:46:00,391 INFO [SIMULATE] 特徴量生成 race_id=202508020503: 18 頭 × 52 特徴量 (リーク除外済み)
2026-05-01 18:46:00,401 INFO [SIMULATE] 特徴量生成 race_id=202508020504: 12 頭 × 52 特徴量 (リーク除外済み)
2026-05-01 18:46:00,411 INFO [SIMULATE] 特徴量生成 race_id=202508020505: 15 頭 × 52 特徴量 (リーク除外済み)
2026-05-01 18:46:00,422 INFO [SIMULATE] 特徴量生成 race_id=202508020506: 16 頭 × 52 特徴量 (リーク除外済み)
2026-05-01 18:46:00,432 INFO [SIMULATE] 特徴量生成 race_id=202508020507: 11 頭 × 52 特徴量 (リーク除外済み)
2026-05-01 18:46:00,442 INFO [SIMULATE] 特徴量生成 race_id=202508020508: 8 頭 × 52 特徴量 (リーク除外済み)
2026-05-01 18:46:00,451 INFO [SIMULATE] 特徴量生成 race_id=202508020509: 8 頭 × 52 特徴量 (リーク除外済み)
2026-05-01 18:46:00,461 INFO [SIMULATE] 特徴量生成 race_id=202508020510: 8 頭 × 52 特徴量 (リーク除外済み)
2026-05-01 18:46:00,472 INFO [SIMULATE] 特徴量生成 race_id=202508020511: 10 頭 × 52 特徴量 (リーク除外済み)
2026-05-01 18:46:00,483 INFO [SIMULATE] 特徴量生成 race_id=202508020512: 10 頭 × 52 特徴量 (リーク除外済み)
2026-05-01 18:46:00,494 INFO [SIMULATE] 特徴量生成 race_id=202504010401: 15 頭 × 52 特徴量 (リーク除外済み)
2026-05-01 18:46:00,506 INFO [SIMULATE] 特徴量生成 race_id=202504010402: 15 頭 × 52 特徴量 (リーク除外済み)
2026-05-01 18:46:00,518 INFO [SIMULATE] 特徴量生成 race_id=202504010403: 14 頭 × 52 特徴量 (リーク除外済み)
2026-05-01 18:46:00,528 INFO [SIMULATE] 特徴量生成 race_id=202504010404: 14 頭 × 52 特徴量 (リーク除外済み)
2026-05-01 18:46:00,540 INFO [SIMULATE] 特徴量生成 race_id=202504010405: 16 頭 × 52 特徴量 (リーク除外済み)
2026-05-01 18:46:00,551 INFO [SIMULATE] 特徴量生成 race_id=202504010406: 16 頭 × 52 特徴量 (リーク除外済み)
2026-05-01 18:46:00,563 INFO [SIMULATE] 特徴量生成 race_id=202504010407: 15 頭 × 52 特徴量 (リーク除外済み)
2026-05-01 18:46:00,577 INFO [SIMULATE] 特徴量生成 race_id=202504010408: 13 頭 × 52 特徴量 (リーク除外済み)
2026-05-01 18:46:00,597 INFO [SIMULATE] 特徴量生成 race_id=202504010409: 14 頭 × 52 特徴量 (リーク除外済み)
2026-05-01 18:46:00,610 INFO [SIMULATE] 特徴量生成 race_id=202504010410: 15 頭 × 52 特徴量 (リーク除外済み)
2026-05-01 18:46:00,623 INFO [SIMULATE] 特徴量生成 race_id=202504010411: 14 頭 × 52 特徴量 (リーク除外済み)
2026-05-01 18:46:00,650 INFO [SIMULATE] 特徴量生成 race_id=202504010412: 16 頭 × 52 特徴量 (リーク除外済み)
2026-05-01 18:46:00,664 INFO [SIMULATE] 特徴量生成 race_id=202505020601: 14 頭 × 52 特徴量 (リーク除外済み)
2026-05-01 18:46:00,674 INFO [SIMULATE] 特徴量生成 race_id=202505020602: 16 頭 × 52 特徴量 (リーク除外済み)
2026-05-01 18:46:00,684 INFO [SIMULATE] 特徴量生成 race_id=202505020603: 12 頭 × 52 特徴量 (リーク除外済み)
2026-05-01 18:46:00,694 INFO [SIMULATE] 特徴量生成 race_id=202505020604: 16 頭 × 52 特徴量 (リーク除外済み)
2026-05-01 18:46:00,705 INFO [SIMULATE] 特徴量生成 race_id=202505020605: 16 頭 × 52 特徴量 (リーク除外済み)
2026-05-01 18:46:00,716 INFO [SIMULATE] 特徴量生成 race_id=202505020606: 12 頭 × 52 特徴量 (リーク除外済み)
2026-05-01 18:46:00,728 INFO [SIMULATE] 特徴量生成 race_id=202505020607: 5 頭 × 52 特徴量 (リーク除外済み)
2026-05-01 18:46:00,742 INFO [SIMULATE] 特徴量生成 race_id=202505020608: 12 頭 × 52 特徴量 (リーク除外済み)
2026-05-01 18:46:00,755 INFO [SIMULATE] 特徴量生成 race_id=202505020609: 16 頭 × 52 特徴量 (リーク除外済み)
2026-05-01 18:46:00,767 INFO [SIMULATE] 特徴量生成 race_id=202505020610: 10 頭 × 52 特徴量 (リーク除外済み)
2026-05-01 18:46:00,778 INFO [SIMULATE] 特徴量生成 race_id=202505020611: 18 頭 × 52 特徴量 (リーク除外済み)
2026-05-01 18:46:00,789 INFO [SIMULATE] 特徴量生成 race_id=202505020612: 16 頭 × 52 特徴量 (リーク除外済み)
2026-05-01 18:46:00,800 INFO [SIMULATE] 特徴量生成 race_id=202508020601: 16 頭 × 52 特徴量 (リーク除外済み)
2026-05-01 18:46:00,811 INFO [SIMULATE] 特徴量生成 race_id=202508020602: 16 頭 × 52 特徴量 (リーク除外済み)
2026-05-01 18:46:00,822 INFO [SIMULATE] 特徴量生成 race_id=202508020603: 18 頭 × 52 特徴量 (リーク除外済み)
2026-05-01 18:46:00,834 INFO [SIMULATE] 特徴量生成 race_id=202508020604: 16 頭 × 52 特徴量 (リーク除外済み)
2026-05-01 18:46:00,847 INFO [SIMULATE] 特徴量生成 race_id=202508020605: 12 頭 × 52 特徴量 (リーク除外済み)
2026-05-01 18:46:00,858 INFO [SIMULATE] 特徴量生成 race_id=202508020606: 11 頭 × 52 特徴量 (リーク除外済み)
2026-05-01 18:46:00,871 INFO [SIMULATE] 特徴量生成 race_id=202508020607: 8 頭 × 52 特徴量 (リーク除外済み)
2026-05-01 18:46:00,884 INFO [SIMULATE] 特徴量生成 race_id=202508020608: 14 頭 × 52 特徴量 (リーク除外済み)
2026-05-01 18:46:00,897 INFO [SIMULATE] 特徴量生成 race_id=202508020609: 14 頭 × 52 特徴量 (リーク除外済み)
2026-05-01 18:46:00,911 INFO [SIMULATE] 特徴量生成 race_id=202508020610: 11 頭 × 52 特徴量 (リーク除外済み)
2026-05-01 18:46:00,924 INFO [SIMULATE] 特徴量生成 race_id=202508020611: 16 頭 × 52 特徴量 (リーク除外済み)
2026-05-01 18:46:00,934 INFO [SIMULATE] 特徴量生成 race_id=202508020612: 16 頭 × 52 特徴量 (リーク除外済み)
2026-05-01 18:46:00,946 INFO [SIMULATE] 特徴量生成 race_id=202504010501: 15 頭 × 52 特徴量 (リーク除外済み)
2026-05-01 18:46:00,956 INFO [SIMULATE] 特徴量生成 race_id=202504010502: 15 頭 × 52 特徴量 (リーク除外済み)
2026-05-01 18:46:00,969 INFO [SIMULATE] 特徴量生成 race_id=202504010503: 16 頭 × 52 特徴量 (リーク除外済み)
2026-05-01 18:46:00,982 INFO [SIMULATE] 特徴量生成 race_id=202504010504: 12 頭 × 52 特徴量 (リーク除外済み)
2026-05-01 18:46:00,993 INFO [SIMULATE] 特徴量生成 race_id=202504010505: 16 頭 × 52 特徴量 (リーク除外済み)
2026-05-01 18:46:01,009 INFO [SIMULATE] 特徴量生成 race_id=202504010506: 16 頭 × 52 特徴量 (リーク除外済み)
2026-05-01 18:46:01,019 INFO [SIMULATE] 特徴量生成 race_id=202504010507: 10 頭 × 52 特徴量 (リーク除外済み)
2026-05-01 18:46:01,030 INFO [SIMULATE] 特徴量生成 race_id=202504010508: 16 頭 × 52 特徴量 (リーク除外済み)
2026-05-01 18:46:01,039 INFO [SIMULATE] 特徴量生成 race_id=202504010509: 9 頭 × 52 特徴量 (リーク除外済み)
2026-05-01 18:46:01,054 INFO [SIMULATE] 特徴量生成 race_id=202504010510: 11 頭 × 52 特徴量 (リーク除外済み)
2026-05-01 18:46:01,068 INFO [SIMULATE] 特徴量生成 race_id=202504010511: 16 頭 × 52 特徴量 (リーク除外済み)
2026-05-01 18:46:01,080 INFO [SIMULATE] 特徴量生成 race_id=202504010512: 15 頭 × 52 特徴量 (リーク除外済み)
2026-05-01 18:46:01,092 INFO [SIMULATE] 特徴量生成 race_id=202505020701: 16 頭 × 52 特徴量 (リーク除外済み)
2026-05-01 18:46:01,103 INFO [SIMULATE] 特徴量生成 race_id=202505020702: 16 頭 × 52 特徴量 (リーク除外済み)
2026-05-01 18:46:01,116 INFO [SIMULATE] 特徴量生成 race_id=202505020703: 16 頭 × 52 特徴量 (リーク除外済み)
2026-05-01 18:46:01,133 INFO [SIMULATE] 特徴量生成 race_id=202505020704: 15 頭 × 52 特徴量 (リーク除外済み)
2026-05-01 18:46:01,146 INFO [SIMULATE] 特徴量生成 race_id=202505020705: 18 頭 × 52 特徴量 (リーク除外済み)
2026-05-01 18:46:01,159 INFO [SIMULATE] 特徴量生成 race_id=202505020706: 8 頭 × 52 特徴量 (リーク除外済み)
2026-05-01 18:46:01,176 INFO [SIMULATE] 特徴量生成 race_id=202505020707: 14 頭 × 52 特徴量 (リーク除外済み)
2026-05-01 18:46:01,188 INFO [SIMULATE] 特徴量生成 race_id=202505020708: 13 頭 × 52 特徴量 (リーク除外済み)
2026-05-01 18:46:01,197 INFO [SIMULATE] 特徴量生成 race_id=202505020709: 9 頭 × 52 特徴量 (リーク除外済み)
2026-05-01 18:46:01,208 INFO [SIMULATE] 特徴量生成 race_id=202505020710: 12 頭 × 52 特徴量 (リーク除外済み)
2026-05-01 18:46:01,220 INFO [SIMULATE] 特徴量生成 race_id=202505020711: 12 頭 × 52 特徴量 (リーク除外済み)
2026-05-01 18:46:01,230 INFO [SIMULATE] 特徴量生成 race_id=202505020712: 14 頭 × 52 特徴量 (リーク除外済み)
2026-05-01 18:46:01,240 INFO [SIMULATE] 特徴量生成 race_id=202508020701: 11 頭 × 52 特徴量 (リーク除外済み)
2026-05-01 18:46:01,251 INFO [SIMULATE] 特徴量生成 race_id=202508020702: 10 頭 × 52 特徴量 (リーク除外済み)
2026-05-01 18:46:01,263 INFO [SIMULATE] 特徴量生成 race_id=202508020703: 17 頭 × 52 特徴量 (リーク除外済み)
2026-05-01 18:46:01,274 INFO [SIMULATE] 特徴量生成 race_id=202508020704: 16 頭 × 52 特徴量 (リーク除外済み)
2026-05-01 18:46:01,286 INFO [SIMULATE] 特徴量生成 race_id=202508020705: 15 頭 × 52 特徴量 (リーク除外済み)
2026-05-01 18:46:01,299 INFO [SIMULATE] 特徴量生成 race_id=202508020706: 14 頭 × 52 特徴量 (リーク除外済み)
2026-05-01 18:46:01,309 INFO [SIMULATE] 特徴量生成 race_id=202508020707: 13 頭 × 52 特徴量 (リーク除外済み)
2026-05-01 18:46:01,319 INFO [SIMULATE] 特徴量生成 race_id=202508020708: 10 頭 × 52 特徴量 (リーク除外済み)
2026-05-01 18:46:01,331 INFO [SIMULATE] 特徴量生成 race_id=202508020709: 10 頭 × 52 特徴量 (リーク除外済み)
2026-05-01 18:46:01,345 INFO [SIMULATE] 特徴量生成 race_id=202508020710: 16 頭 × 52 特徴量 (リーク除外済み)
2026-05-01 18:46:01,360 INFO [SIMULATE] 特徴量生成 race_id=202508020711: 11 頭 × 52 特徴量 (リーク除外済み)
2026-05-01 18:46:01,371 INFO [SIMULATE] 特徴量生成 race_id=202508020712: 10 頭 × 52 特徴量 (リーク除外済み)
2026-05-01 18:46:01,381 INFO [SIMULATE] 特徴量生成 race_id=202504010601: 16 頭 × 52 特徴量 (リーク除外済み)
2026-05-01 18:46:01,394 INFO [SIMULATE] 特徴量生成 race_id=202504010602: 15 頭 × 52 特徴量 (リーク除外済み)
2026-05-01 18:46:01,405 INFO [SIMULATE] 特徴量生成 race_id=202504010603: 13 頭 × 52 特徴量 (リーク除外済み)
2026-05-01 18:46:01,414 INFO [SIMULATE] 特徴量生成 race_id=202504010604: 13 頭 × 52 特徴量 (リーク除外済み)
2026-05-01 18:46:01,425 INFO [SIMULATE] 特徴量生成 race_id=202504010605: 12 頭 × 52 特徴量 (リーク除外済み)
2026-05-01 18:46:01,435 INFO [SIMULATE] 特徴量生成 race_id=202504010606: 14 頭 × 52 特徴量 (リーク除外済み)
2026-05-01 18:46:01,445 INFO [SIMULATE] 特徴量生成 race_id=202504010607: 13 頭 × 52 特徴量 (リーク除外済み)
2026-05-01 18:46:01,459 INFO [SIMULATE] 特徴量生成 race_id=202504010608: 14 頭 × 52 特徴量 (リーク除外済み)
2026-05-01 18:46:01,473 INFO [SIMULATE] 特徴量生成 race_id=202504010609: 16 頭 × 52 特徴量 (リーク除外済み)
2026-05-01 18:46:01,485 INFO [SIMULATE] 特徴量生成 race_id=202504010610: 10 頭 × 52 特徴量 (リーク除外済み)
2026-05-01 18:46:01,496 INFO [SIMULATE] 特徴量生成 race_id=202504010611: 16 頭 × 52 特徴量 (リーク除外済み)
2026-05-01 18:46:01,507 INFO [SIMULATE] 特徴量生成 race_id=202504010612: 15 頭 × 52 特徴量 (リーク除外済み)
2026-05-01 18:46:01,518 INFO [SIMULATE] 特徴量生成 race_id=202505020801: 16 頭 × 52 特徴量 (リーク除外済み)
2026-05-01 18:46:01,531 INFO [SIMULATE] 特徴量生成 race_id=202505020802: 16 頭 × 52 特徴量 (リーク除外済み)
2026-05-01 18:46:01,542 INFO [SIMULATE] 特徴量生成 race_id=202505020803: 14 頭 × 52 特徴量 (リーク除外済み)
2026-05-01 18:46:01,551 INFO [SIMULATE] 特徴量生成 race_id=202505020804: 14 頭 × 52 特徴量 (リーク除外済み)
2026-05-01 18:46:01,562 INFO [SIMULATE] 特徴量生成 race_id=202505020805: 13 頭 × 52 特徴量 (リーク除外済み)
2026-05-01 18:46:01,574 INFO [SIMULATE] 特徴量生成 race_id=202505020806: 16 頭 × 52 特徴量 (リーク除外済み)
2026-05-01 18:46:01,585 INFO [SIMULATE] 特徴量生成 race_id=202505020807: 10 頭 × 52 特徴量 (リーク除外済み)
2026-05-01 18:46:01,596 INFO [SIMULATE] 特徴量生成 race_id=202505020808: 9 頭 × 52 特徴量 (リーク除外済み)
2026-05-01 18:46:01,608 INFO [SIMULATE] 特徴量生成 race_id=202505020809: 9 頭 × 52 特徴量 (リーク除外済み)
2026-05-01 18:46:01,620 INFO [SIMULATE] 特徴量生成 race_id=202505020810: 16 頭 × 52 特徴量 (リーク除外済み)
2026-05-01 18:46:01,630 INFO [SIMULATE] 特徴量生成 race_id=202505020811: 18 頭 × 52 特徴量 (リーク除外済み)
2026-05-01 18:46:01,644 INFO [SIMULATE] 特徴量生成 race_id=202505020812: 16 頭 × 52 特徴量 (リーク除外済み)
2026-05-01 18:46:01,657 INFO [SIMULATE] 特徴量生成 race_id=202508020801: 16 頭 × 52 特徴量 (リーク除外済み)
2026-05-01 18:46:01,671 INFO [SIMULATE] 特徴量生成 race_id=202508020802: 13 頭 × 52 特徴量 (リーク除外済み)
2026-05-01 18:46:01,682 INFO [SIMULATE] 特徴量生成 race_id=202508020803: 16 頭 × 52 特徴量 (リーク除外済み)
2026-05-01 18:46:01,691 INFO [SIMULATE] 特徴量生成 race_id=202508020804: 12 頭 × 52 特徴量 (リーク除外済み)
2026-05-01 18:46:01,702 INFO [SIMULATE] 特徴量生成 race_id=202508020805: 13 頭 × 52 特徴量 (リーク除外済み)
2026-05-01 18:46:01,715 INFO [SIMULATE] 特徴量生成 race_id=202508020806: 16 頭 × 52 特徴量 (リーク除外済み)
2026-05-01 18:46:01,726 INFO [SIMULATE] 特徴量生成 race_id=202508020807: 10 頭 × 52 特徴量 (リーク除外済み)
2026-05-01 18:46:01,736 INFO [SIMULATE] 特徴量生成 race_id=202508020808: 10 頭 × 52 特徴量 (リーク除外済み)
2026-05-01 18:46:01,746 INFO [SIMULATE] 特徴量生成 race_id=202508020809: 9 頭 × 52 特徴量 (リーク除外済み)
2026-05-01 18:46:01,756 INFO [SIMULATE] 特徴量生成 race_id=202508020810: 12 頭 × 52 特徴量 (リーク除外済み)
2026-05-01 18:46:01,768 INFO [SIMULATE] 特徴量生成 race_id=202508020811: 16 頭 × 52 特徴量 (リーク除外済み)
2026-05-01 18:46:01,781 INFO [SIMULATE] 特徴量生成 race_id=202508020812: 16 頭 × 52 特徴量 (リーク除外済み)
2026-05-01 18:46:01,794 INFO [SIMULATE] 特徴量生成 race_id=202504010702: 15 頭 × 52 特徴量 (リーク除外済み)
2026-05-01 18:46:01,805 INFO [SIMULATE] 特徴量生成 race_id=202504010703: 15 頭 × 52 特徴量 (リーク除外済み)
2026-05-01 18:46:01,816 INFO [SIMULATE] 特徴量生成 race_id=202504010704: 13 頭 × 52 特徴量 (リーク除外済み)
2026-05-01 18:46:01,830 INFO [SIMULATE] 特徴量生成 race_id=202504010705: 16 頭 × 52 特徴量 (リーク除外済み)
2026-05-01 18:46:01,848 INFO [SIMULATE] 特徴量生成 race_id=202504010706: 15 頭 × 52 特徴量 (リーク除外済み)
2026-05-01 18:46:01,862 INFO [SIMULATE] 特徴量生成 race_id=202504010707: 16 頭 × 52 特徴量 (リーク除外済み)
2026-05-01 18:46:01,877 INFO [SIMULATE] 特徴量生成 race_id=202504010708: 15 頭 × 52 特徴量 (リーク除外済み)
2026-05-01 18:46:01,892 INFO [SIMULATE] 特徴量生成 race_id=202504010710: 16 頭 × 52 特徴量 (リーク除外済み)
2026-05-01 18:46:01,909 INFO [SIMULATE] 特徴量生成 race_id=202504010711: 16 頭 × 52 特徴量 (リーク除外済み)
2026-05-01 18:46:01,923 INFO [SIMULATE] 特徴量生成 race_id=202504010712: 15 頭 × 52 特徴量 (リーク除外済み)
2026-05-01 18:46:01,938 INFO [SIMULATE] 特徴量生成 race_id=202505020901: 16 頭 × 52 特徴量 (リーク除外済み)
2026-05-01 18:46:01,953 INFO [SIMULATE] 特徴量生成 race_id=202505020902: 16 頭 × 52 特徴量 (リーク除外済み)
2026-05-01 18:46:01,973 INFO [SIMULATE] 特徴量生成 race_id=202505020903: 16 頭 × 52 特徴量 (リーク除外済み)
2026-05-01 18:46:01,987 INFO [SIMULATE] 特徴量生成 race_id=202505020904: 18 頭 × 52 特徴量 (リーク除外済み)
2026-05-01 18:46:02,002 INFO [SIMULATE] 特徴量生成 race_id=202505020905: 17 頭 × 52 特徴量 (リーク除外済み)
2026-05-01 18:46:02,025 INFO [SIMULATE] 特徴量生成 race_id=202505020906: 14 頭 × 52 特徴量 (リーク除外済み)
2026-05-01 18:46:02,047 INFO [SIMULATE] 特徴量生成 race_id=202505020907: 13 頭 × 52 特徴量 (リーク除外済み)
2026-05-01 18:46:02,061 INFO [SIMULATE] 特徴量生成 race_id=202505020908: 16 頭 × 52 特徴量 (リーク除外済み)
2026-05-01 18:46:02,074 INFO [SIMULATE] 特徴量生成 race_id=202505020909: 9 頭 × 52 特徴量 (リーク除外済み)
2026-05-01 18:46:02,087 INFO [SIMULATE] 特徴量生成 race_id=202505020910: 12 頭 × 52 特徴量 (リーク除外済み)
2026-05-01 18:46:02,110 INFO [SIMULATE] 特徴量生成 race_id=202505020911: 16 頭 × 52 特徴量 (リーク除外済み)
2026-05-01 18:46:02,125 INFO [SIMULATE] 特徴量生成 race_id=202505020912: 14 頭 × 52 特徴量 (リーク除外済み)
2026-05-01 18:46:02,139 INFO [SIMULATE] 特徴量生成 race_id=202508020901: 16 頭 × 52 特徴量 (リーク除外済み)
2026-05-01 18:46:02,151 INFO [SIMULATE] 特徴量生成 race_id=202508020902: 16 頭 × 52 特徴量 (リーク除外済み)
2026-05-01 18:46:02,167 INFO [SIMULATE] 特徴量生成 race_id=202508020903: 18 頭 × 52 特徴量 (リーク除外済み)
2026-05-01 18:46:02,187 INFO [SIMULATE] 特徴量生成 race_id=202508020904: 18 頭 × 52 特徴量 (リーク除外済み)
2026-05-01 18:46:02,201 INFO [SIMULATE] 特徴量生成 race_id=202508020905: 16 頭 × 52 特徴量 (リーク除外済み)
2026-05-01 18:46:02,212 INFO [SIMULATE] 特徴量生成 race_id=202508020906: 9 頭 × 52 特徴量 (リーク除外済み)
2026-05-01 18:46:02,227 INFO [SIMULATE] 特徴量生成 race_id=202508020907: 12 頭 × 52 特徴量 (リーク除外済み)
2026-05-01 18:46:02,240 INFO [SIMULATE] 特徴量生成 race_id=202508020908: 16 頭 × 52 特徴量 (リーク除外済み)
2026-05-01 18:46:02,253 INFO [SIMULATE] 特徴量生成 race_id=202508020909: 13 頭 × 52 特徴量 (リーク除外済み)
2026-05-01 18:46:02,265 INFO [SIMULATE] 特徴量生成 race_id=202508020910: 8 頭 × 52 特徴量 (リーク除外済み)
2026-05-01 18:46:02,277 INFO [SIMULATE] 特徴量生成 race_id=202508020911: 16 頭 × 52 特徴量 (リーク除外済み)
2026-05-01 18:46:02,289 INFO [SIMULATE] 特徴量生成 race_id=202508020912: 13 頭 × 52 特徴量 (リーク除外済み)
2026-05-01 18:46:02,306 INFO [SIMULATE] 特徴量生成 race_id=202504010801: 16 頭 × 52 特徴量 (リーク除外済み)
2026-05-01 18:46:02,319 INFO [SIMULATE] 特徴量生成 race_id=202504010802: 15 頭 × 52 特徴量 (リーク除外済み)
2026-05-01 18:46:02,333 INFO [SIMULATE] 特徴量生成 race_id=202504010803: 15 頭 × 52 特徴量 (リーク除外済み)
2026-05-01 18:46:02,346 INFO [SIMULATE] 特徴量生成 race_id=202504010804: 14 頭 × 52 特徴量 (リーク除外済み)
2026-05-01 18:46:02,357 INFO [SIMULATE] 特徴量生成 race_id=202504010805: 16 頭 × 52 特徴量 (リーク除外済み)
2026-05-01 18:46:02,371 INFO [SIMULATE] 特徴量生成 race_id=202504010806: 16 頭 × 52 特徴量 (リーク除外済み)
2026-05-01 18:46:02,386 INFO [SIMULATE] 特徴量生成 race_id=202504010807: 15 頭 × 52 特徴量 (リーク除外済み)
2026-05-01 18:46:02,400 INFO [SIMULATE] 特徴量生成 race_id=202504010808: 16 頭 × 52 特徴量 (リーク除外済み)
2026-05-01 18:46:02,414 INFO [SIMULATE] 特徴量生成 race_id=202504010809: 16 頭 × 52 特徴量 (リーク除外済み)
2026-05-01 18:46:02,432 INFO [SIMULATE] 特徴量生成 race_id=202504010810: 15 頭 × 52 特徴量 (リーク除外済み)
2026-05-01 18:46:02,448 INFO [SIMULATE] 特徴量生成 race_id=202504010811: 16 頭 × 52 特徴量 (リーク除外済み)
2026-05-01 18:46:02,462 INFO [SIMULATE] 特徴量生成 race_id=202504010812: 15 頭 × 52 特徴量 (リーク除外済み)
2026-05-01 18:46:02,480 INFO [SIMULATE] 特徴量生成 race_id=202505021001: 16 頭 × 52 特徴量 (リーク除外済み)
2026-05-01 18:46:02,498 INFO [SIMULATE] 特徴量生成 race_id=202505021002: 16 頭 × 52 特徴量 (リーク除外済み)
2026-05-01 18:46:02,512 INFO [SIMULATE] 特徴量生成 race_id=202505021003: 16 頭 × 52 特徴量 (リーク除外済み)
2026-05-01 18:46:02,528 INFO [SIMULATE] 特徴量生成 race_id=202505021004: 18 頭 × 52 特徴量 (リーク除外済み)
2026-05-01 18:46:02,541 INFO [SIMULATE] 特徴量生成 race_id=202505021005: 17 頭 × 52 特徴量 (リーク除外済み)
2026-05-01 18:46:02,550 INFO [SIMULATE] 特徴量生成 race_id=202505021006: 9 頭 × 52 特徴量 (リーク除外済み)
2026-05-01 18:46:02,564 INFO [SIMULATE] 特徴量生成 race_id=202505021007: 8 頭 × 52 特徴量 (リーク除外済み)
2026-05-01 18:46:02,579 INFO [SIMULATE] 特徴量生成 race_id=202505021008: 16 頭 × 52 特徴量 (リーク除外済み)
2026-05-01 18:46:02,594 INFO [SIMULATE] 特徴量生成 race_id=202505021009: 9 頭 × 52 特徴量 (リーク除外済み)
2026-05-01 18:46:02,608 INFO [SIMULATE] 特徴量生成 race_id=202505021010: 9 頭 × 52 特徴量 (リーク除外済み)
2026-05-01 18:46:02,620 INFO [SIMULATE] 特徴量生成 race_id=202505021011: 18 頭 × 52 特徴量 (リーク除外済み)
2026-05-01 18:46:02,630 INFO [SIMULATE] 特徴量生成 race_id=202505021012: 16 頭 × 52 特徴量 (リーク除外済み)
2026-05-01 18:46:02,642 INFO [SIMULATE] 特徴量生成 race_id=202508021001: 16 頭 × 52 特徴量 (リーク除外済み)
2026-05-01 18:46:02,653 INFO [SIMULATE] 特徴量生成 race_id=202508021002: 16 頭 × 52 特徴量 (リーク除外済み)
2026-05-01 18:46:02,664 INFO [SIMULATE] 特徴量生成 race_id=202508021003: 14 頭 × 52 特徴量 (リーク除外済み)
2026-05-01 18:46:02,681 INFO [SIMULATE] 特徴量生成 race_id=202508021004: 18 頭 × 52 特徴量 (リーク除外済み)
2026-05-01 18:46:02,699 INFO [SIMULATE] 特徴量生成 race_id=202508021005: 14 頭 × 52 特徴量 (リーク除外済み)
2026-05-01 18:46:02,715 INFO [SIMULATE] 特徴量生成 race_id=202508021006: 13 頭 × 52 特徴量 (リーク除外済み)
2026-05-01 18:46:02,733 INFO [SIMULATE] 特徴量生成 race_id=202508021007: 16 頭 × 52 特徴量 (リーク除外済み)
2026-05-01 18:46:02,749 INFO [SIMULATE] 特徴量生成 race_id=202508021008: 7 頭 × 52 特徴量 (リーク除外済み)
2026-05-01 18:46:02,765 INFO [SIMULATE] 特徴量生成 race_id=202508021009: 18 頭 × 52 特徴量 (リーク除外済み)
2026-05-01 18:46:02,781 INFO [SIMULATE] 特徴量生成 race_id=202508021010: 16 頭 × 52 特徴量 (リーク除外済み)
2026-05-01 18:46:02,795 INFO [SIMULATE] 特徴量生成 race_id=202508021011: 17 頭 × 52 特徴量 (リーク除外済み)
2026-05-01 18:46:02,807 INFO [SIMULATE] 特徴量生成 race_id=202508021012: 9 頭 × 52 特徴量 (リーク除外済み)
2026-05-01 18:46:02,822 INFO [SIMULATE] 特徴量生成 race_id=202505021101: 16 頭 × 52 特徴量 (リーク除外済み)
2026-05-01 18:46:02,835 INFO [SIMULATE] 特徴量生成 race_id=202505021102: 16 頭 × 52 特徴量 (リーク除外済み)
2026-05-01 18:46:02,849 INFO [SIMULATE] 特徴量生成 race_id=202505021103: 18 頭 × 52 特徴量 (リーク除外済み)
2026-05-01 18:46:02,860 INFO [SIMULATE] 特徴量生成 race_id=202505021104: 14 頭 × 52 特徴量 (リーク除外済み)
2026-05-01 18:46:02,872 INFO [SIMULATE] 特徴量生成 race_id=202505021105: 16 頭 × 52 特徴量 (リーク除外済み)
2026-05-01 18:46:02,883 INFO [SIMULATE] 特徴量生成 race_id=202505021106: 10 頭 × 52 特徴量 (リーク除外済み)
2026-05-01 18:46:02,894 INFO [SIMULATE] 特徴量生成 race_id=202505021107: 11 頭 × 52 特徴量 (リーク除外済み)
2026-05-01 18:46:02,907 INFO [SIMULATE] 特徴量生成 race_id=202505021108: 16 頭 × 52 特徴量 (リーク除外済み)
2026-05-01 18:46:02,922 INFO [SIMULATE] 特徴量生成 race_id=202505021110: 16 頭 × 52 特徴量 (リーク除外済み)
2026-05-01 18:46:02,941 INFO [SIMULATE] 特徴量生成 race_id=202505021111: 16 頭 × 52 特徴量 (リーク除外済み)
2026-05-01 18:46:02,968 INFO [SIMULATE] 特徴量生成 race_id=202505021112: 15 頭 × 52 特徴量 (リーク除外済み)
2026-05-01 18:46:02,986 INFO [SIMULATE] 特徴量生成 race_id=202508021101: 16 頭 × 52 特徴量 (リーク除外済み)
2026-05-01 18:46:03,002 INFO [SIMULATE] 特徴量生成 race_id=202508021102: 16 頭 × 52 特徴量 (リーク除外済み)
2026-05-01 18:46:03,013 INFO [SIMULATE] 特徴量生成 race_id=202508021103: 15 頭 × 52 特徴量 (リーク除外済み)
2026-05-01 18:46:03,027 INFO [SIMULATE] 特徴量生成 race_id=202508021104: 18 頭 × 52 特徴量 (リーク除外済み)
2026-05-01 18:46:03,043 INFO [SIMULATE] 特徴量生成 race_id=202508021105: 18 頭 × 52 特徴量 (リーク除外済み)
2026-05-01 18:46:03,057 INFO [SIMULATE] 特徴量生成 race_id=202508021106: 16 頭 × 52 特徴量 (リーク除外済み)
2026-05-01 18:46:03,067 INFO [SIMULATE] 特徴量生成 race_id=202508021107: 6 頭 × 52 特徴量 (リーク除外済み)
2026-05-01 18:46:03,080 INFO [SIMULATE] 特徴量生成 race_id=202508021108: 18 頭 × 52 特徴量 (リーク除外済み)
2026-05-01 18:46:03,093 INFO [SIMULATE] 特徴量生成 race_id=202508021109: 9 頭 × 52 特徴量 (リーク除外済み)
2026-05-01 18:46:03,108 INFO [SIMULATE] 特徴量生成 race_id=202508021110: 16 頭 × 52 特徴量 (リーク除外済み)
2026-05-01 18:46:03,124 INFO [SIMULATE] 特徴量生成 race_id=202508021111: 16 頭 × 52 特徴量 (リーク除外済み)
2026-05-01 18:46:03,140 INFO [SIMULATE] 特徴量生成 race_id=202508021112: 13 頭 × 52 特徴量 (リーク除外済み)
2026-05-01 18:46:03,159 INFO [SIMULATE] 特徴量生成 race_id=202505021201: 16 頭 × 52 特徴量 (リーク除外済み)
2026-05-01 18:46:03,172 INFO [SIMULATE] 特徴量生成 race_id=202505021202: 16 頭 × 52 特徴量 (リーク除外済み)
2026-05-01 18:46:03,186 INFO [SIMULATE] 特徴量生成 race_id=202505021203: 16 頭 × 52 特徴量 (リーク除外済み)
2026-05-01 18:46:03,198 INFO [SIMULATE] 特徴量生成 race_id=202505021204: 15 頭 × 52 特徴量 (リーク除外済み)
2026-05-01 18:46:03,211 INFO [SIMULATE] 特徴量生成 race_id=202505021205: 11 頭 × 52 特徴量 (リーク除外済み)
2026-05-01 18:46:03,227 INFO [SIMULATE] 特徴量生成 race_id=202505021206: 16 頭 × 52 特徴量 (リーク除外済み)
2026-05-01 18:46:03,241 INFO [SIMULATE] 特徴量生成 race_id=202505021207: 16 頭 × 52 特徴量 (リーク除外済み)
2026-05-01 18:46:03,258 INFO [SIMULATE] 特徴量生成 race_id=202505021208: 16 頭 × 52 特徴量 (リーク除外済み)
2026-05-01 18:46:03,276 INFO [SIMULATE] 特徴量生成 race_id=202505021209: 16 頭 × 52 特徴量 (リーク除外済み)
2026-05-01 18:46:03,293 INFO [SIMULATE] 特徴量生成 race_id=202505021210: 18 頭 × 52 特徴量 (リーク除外済み)
2026-05-01 18:46:03,308 INFO [SIMULATE] 特徴量生成 race_id=202505021211: 18 頭 × 52 特徴量 (リーク除外済み)
2026-05-01 18:46:03,322 INFO [SIMULATE] 特徴量生成 race_id=202505021212: 18 頭 × 52 特徴量 (リーク除外済み)
2026-05-01 18:46:03,333 INFO [SIMULATE] 特徴量生成 race_id=202508021201: 16 頭 × 52 特徴量 (リーク除外済み)
2026-05-01 18:46:03,349 INFO [SIMULATE] 特徴量生成 race_id=202508021202: 14 頭 × 52 特徴量 (リーク除外済み)
2026-05-01 18:46:03,362 INFO [SIMULATE] 特徴量生成 race_id=202508021203: 18 頭 × 52 特徴量 (リーク除外済み)
2026-05-01 18:46:03,378 INFO [SIMULATE] 特徴量生成 race_id=202508021204: 12 頭 × 52 特徴量 (リーク除外済み)
2026-05-01 18:46:03,393 INFO [SIMULATE] 特徴量生成 race_id=202508021205: 13 頭 × 52 特徴量 (リーク除外済み)
2026-05-01 18:46:03,413 INFO [SIMULATE] 特徴量生成 race_id=202508021206: 14 頭 × 52 特徴量 (リーク除外済み)
2026-05-01 18:46:03,428 INFO [SIMULATE] 特徴量生成 race_id=202508021207: 12 頭 × 52 特徴量 (リーク除外済み)
2026-05-01 18:46:03,443 INFO [SIMULATE] 特徴量生成 race_id=202508021208: 16 頭 × 52 特徴量 (リーク除外済み)
2026-05-01 18:46:03,455 INFO [SIMULATE] 特徴量生成 race_id=202508021209: 14 頭 × 52 特徴量 (リーク除外済み)
2026-05-01 18:46:03,477 INFO [SIMULATE] 特徴量生成 race_id=202508021210: 16 頭 × 52 特徴量 (リーク除外済み)
2026-05-01 18:46:03,492 INFO [SIMULATE] 特徴量生成 race_id=202508021211: 11 頭 × 52 特徴量 (リーク除外済み)
2026-05-01 18:46:03,510 INFO [SIMULATE] 特徴量生成 race_id=202508021212: 14 頭 × 52 特徴量 (リーク除外済み)
2026-05-01 18:46:03,526 INFO [SIMULATE] 特徴量生成 race_id=202505030101: 14 頭 × 52 特徴量 (リーク除外済み)
2026-05-01 18:46:03,543 INFO [SIMULATE] 特徴量生成 race_id=202505030102: 16 頭 × 52 特徴量 (リーク除外済み)
2026-05-01 18:46:03,562 INFO [SIMULATE] 特徴量生成 race_id=202505030103: 16 頭 × 52 特徴量 (リーク除外済み)
2026-05-01 18:46:03,579 INFO [SIMULATE] 特徴量生成 race_id=202505030104: 14 頭 × 52 特徴量 (リーク除外済み)
2026-05-01 18:46:03,595 INFO [SIMULATE] 特徴量生成 race_id=202505030105: 10 頭 × 52 特徴量 (リーク除外済み)
2026-05-01 18:46:03,608 INFO [SIMULATE] 特徴量生成 race_id=202505030106: 16 頭 × 52 特徴量 (リーク除外済み)
2026-05-01 18:46:03,621 INFO [SIMULATE] 特徴量生成 race_id=202505030107: 18 頭 × 52 特徴量 (リーク除外済み)
2026-05-01 18:46:03,637 INFO [SIMULATE] 特徴量生成 race_id=202505030108: 16 頭 × 52 特徴量 (リーク除外済み)
2026-05-01 18:46:03,666 INFO [SIMULATE] 特徴量生成 race_id=202505030109: 12 頭 × 52 特徴量 (リーク除外済み)
2026-05-01 18:46:03,687 INFO [SIMULATE] 特徴量生成 race_id=202505030110: 15 頭 × 52 特徴量 (リーク除外済み)
2026-05-01 18:46:03,699 INFO [SIMULATE] 特徴量生成 race_id=202505030111: 16 頭 × 52 特徴量 (リーク除外済み)
2026-05-01 18:46:03,719 INFO [SIMULATE] 特徴量生成 race_id=202505030112: 15 頭 × 52 特徴量 (リーク除外済み)
2026-05-01 18:46:03,737 INFO [SIMULATE] 特徴量生成 race_id=202509030101: 15 頭 × 52 特徴量 (リーク除外済み)
2026-05-01 18:46:03,751 INFO [SIMULATE] 特徴量生成 race_id=202509030102: 16 頭 × 52 特徴量 (リーク除外済み)
2026-05-01 18:46:03,774 INFO [SIMULATE] 特徴量生成 race_id=202509030103: 16 頭 × 52 特徴量 (リーク除外済み)
2026-05-01 18:46:03,785 INFO [SIMULATE] 特徴量生成 race_id=202509030104: 16 頭 × 52 特徴量 (リーク除外済み)
2026-05-01 18:46:03,795 INFO [SIMULATE] 特徴量生成 race_id=202509030105: 8 頭 × 52 特徴量 (リーク除外済み)
2026-05-01 18:46:03,810 INFO [SIMULATE] 特徴量生成 race_id=202509030106: 13 頭 × 52 特徴量 (リーク除外済み)
2026-05-01 18:46:03,830 INFO [SIMULATE] 特徴量生成 race_id=202509030107: 10 頭 × 52 特徴量 (リーク除外済み)
2026-05-01 18:46:03,846 INFO [SIMULATE] 特徴量生成 race_id=202509030108: 9 頭 × 52 特徴量 (リーク除外済み)
2026-05-01 18:46:03,861 INFO [SIMULATE] 特徴量生成 race_id=202509030109: 10 頭 × 52 特徴量 (リーク除外済み)
2026-05-01 18:46:03,874 INFO [SIMULATE] 特徴量生成 race_id=202509030110: 9 頭 × 52 特徴量 (リーク除外済み)
2026-05-01 18:46:03,890 INFO [SIMULATE] 特徴量生成 race_id=202509030111: 15 頭 × 52 特徴量 (リーク除外済み)
2026-05-01 18:46:03,908 INFO [SIMULATE] 特徴量生成 race_id=202509030112: 16 頭 × 52 特徴量 (リーク除外済み)
2026-05-01 18:46:03,919 INFO [SIMULATE] 特徴量生成 race_id=202505030201: 16 頭 × 52 特徴量 (リーク除外済み)
2026-05-01 18:46:03,932 INFO [SIMULATE] 特徴量生成 race_id=202505030202: 16 頭 × 52 特徴量 (リーク除外済み)
2026-05-01 18:46:03,943 INFO [SIMULATE] 特徴量生成 race_id=202505030203: 18 頭 × 52 特徴量 (リーク除外済み)
2026-05-01 18:46:03,963 INFO [SIMULATE] 特徴量生成 race_id=202505030204: 16 頭 × 52 特徴量 (リーク除外済み)
2026-05-01 18:46:03,986 INFO [SIMULATE] 特徴量生成 race_id=202505030205: 11 頭 × 52 特徴量 (リーク除外済み)
2026-05-01 18:46:04,001 INFO [SIMULATE] 特徴量生成 race_id=202505030206: 17 頭 × 52 特徴量 (リーク除外済み)
2026-05-01 18:46:04,017 INFO [SIMULATE] 特徴量生成 race_id=202505030207: 16 頭 × 52 特徴量 (リーク除外済み)
2026-05-01 18:46:04,061 INFO [SIMULATE] 特徴量生成 race_id=202505030208: 18 頭 × 52 特徴量 (リーク除外済み)
2026-05-01 18:46:04,080 INFO [SIMULATE] 特徴量生成 race_id=202505030209: 12 頭 × 52 特徴量 (リーク除外済み)
2026-05-01 18:46:04,100 INFO [SIMULATE] 特徴量生成 race_id=202505030210: 16 頭 × 52 特徴量 (リーク除外済み)
2026-05-01 18:46:04,128 INFO [SIMULATE] 特徴量生成 race_id=202505030211: 18 頭 × 52 特徴量 (リーク除外済み)
2026-05-01 18:46:04,158 INFO [SIMULATE] 特徴量生成 race_id=202505030212: 14 頭 × 52 特徴量 (リーク除外済み)
2026-05-01 18:46:04,176 INFO [SIMULATE] 特徴量生成 race_id=202509030201: 11 頭 × 52 特徴量 (リーク除外済み)
2026-05-01 18:46:04,197 INFO [SIMULATE] 特徴量生成 race_id=202509030202: 14 頭 × 52 特徴量 (リーク除外済み)
2026-05-01 18:46:04,220 INFO [SIMULATE] 特徴量生成 race_id=202509030203: 16 頭 × 52 特徴量 (リーク除外済み)
2026-05-01 18:46:04,237 INFO [SIMULATE] 特徴量生成 race_id=202509030204: 15 頭 × 52 特徴量 (リーク除外済み)
2026-05-01 18:46:04,256 INFO [SIMULATE] 特徴量生成 race_id=202509030205: 11 頭 × 52 特徴量 (リーク除外済み)
2026-05-01 18:46:04,280 INFO [SIMULATE] 特徴量生成 race_id=202509030206: 18 頭 × 52 特徴量 (リーク除外済み)
2026-05-01 18:46:04,311 INFO [SIMULATE] 特徴量生成 race_id=202509030207: 18 頭 × 52 特徴量 (リーク除外済み)
2026-05-01 18:46:04,325 INFO [SIMULATE] 特徴量生成 race_id=202509030208: 13 頭 × 52 特徴量 (リーク除外済み)
2026-05-01 18:46:04,339 INFO [SIMULATE] 特徴量生成 race_id=202509030209: 8 頭 × 52 特徴量 (リーク除外済み)
2026-05-01 18:46:04,351 INFO [SIMULATE] 特徴量生成 race_id=202509030210: 16 頭 × 52 特徴量 (リーク除外済み)
2026-05-01 18:46:04,402 INFO [SIMULATE] 特徴量生成 race_id=202509030211: 16 頭 × 52 特徴量 (リーク除外済み)
2026-05-01 18:46:04,428 INFO [SIMULATE] 特徴量生成 race_id=202509030212: 16 頭 × 52 特徴量 (リーク除外済み)
2026-05-01 18:46:04,442 INFO [SIMULATE] 特徴量生成 race_id=202502010101: 16 頭 × 52 特徴量 (リーク除外済み)
2026-05-01 18:46:04,453 INFO [SIMULATE] 特徴量生成 race_id=202502010102: 14 頭 × 52 特徴量 (リーク除外済み)
2026-05-01 18:46:04,479 INFO [SIMULATE] 特徴量生成 race_id=202502010103: 12 頭 × 52 特徴量 (リーク除外済み)
2026-05-01 18:46:04,494 INFO [SIMULATE] 特徴量生成 race_id=202502010104: 15 頭 × 52 特徴量 (リーク除外済み)
2026-05-01 18:46:04,515 INFO [SIMULATE] 特徴量生成 race_id=202502010105: 12 頭 × 52 特徴量 (リーク除外済み)
2026-05-01 18:46:04,540 INFO [SIMULATE] 特徴量生成 race_id=202502010106: 14 頭 × 52 特徴量 (リーク除外済み)
2026-05-01 18:46:04,552 INFO [SIMULATE] 特徴量生成 race_id=202502010107: 14 頭 × 52 特徴量 (リーク除外済み)
2026-05-01 18:46:04,563 INFO [SIMULATE] 特徴量生成 race_id=202502010108: 12 頭 × 52 特徴量 (リーク除外済み)
2026-05-01 18:46:04,583 INFO [SIMULATE] 特徴量生成 race_id=202502010109: 12 頭 × 52 特徴量 (リーク除外済み)
2026-05-01 18:46:04,595 INFO [SIMULATE] 特徴量生成 race_id=202502010110: 16 頭 × 52 特徴量 (リーク除外済み)
2026-05-01 18:46:04,610 INFO [SIMULATE] 特徴量生成 race_id=202502010111: 16 頭 × 52 特徴量 (リーク除外済み)
2026-05-01 18:46:04,621 INFO [SIMULATE] 特徴量生成 race_id=202502010112: 14 頭 × 52 特徴量 (リーク除外済み)
2026-05-01 18:46:04,634 INFO [SIMULATE] 特徴量生成 race_id=202505030301: 16 頭 × 52 特徴量 (リーク除外済み)
2026-05-01 18:46:04,645 INFO [SIMULATE] 特徴量生成 race_id=202505030302: 11 頭 × 52 特徴量 (リーク除外済み)
2026-05-01 18:46:04,659 INFO [SIMULATE] 特徴量生成 race_id=202505030303: 16 頭 × 52 特徴量 (リーク除外済み)
2026-05-01 18:46:04,672 INFO [SIMULATE] 特徴量生成 race_id=202505030304: 12 頭 × 52 特徴量 (リーク除外済み)
2026-05-01 18:46:04,684 INFO [SIMULATE] 特徴量生成 race_id=202505030305: 11 頭 × 52 特徴量 (リーク除外済み)
2026-05-01 18:46:04,695 INFO [SIMULATE] 特徴量生成 race_id=202505030306: 10 頭 × 52 特徴量 (リーク除外済み)
2026-05-01 18:46:04,719 INFO [SIMULATE] 特徴量生成 race_id=202505030307: 16 頭 × 52 特徴量 (リーク除外済み)
2026-05-01 18:46:04,736 INFO [SIMULATE] 特徴量生成 race_id=202505030308: 18 頭 × 52 特徴量 (リーク除外済み)
2026-05-01 18:46:04,750 INFO [SIMULATE] 特徴量生成 race_id=202505030309: 16 頭 × 52 特徴量 (リーク除外済み)
2026-05-01 18:46:04,761 INFO [SIMULATE] 特徴量生成 race_id=202505030310: 16 頭 × 52 特徴量 (リーク除外済み)
2026-05-01 18:46:04,773 INFO [SIMULATE] 特徴量生成 race_id=202505030311: 15 頭 × 52 特徴量 (リーク除外済み)
2026-05-01 18:46:04,785 INFO [SIMULATE] 特徴量生成 race_id=202505030312: 16 頭 × 52 特徴量 (リーク除外済み)
2026-05-01 18:46:04,796 INFO [SIMULATE] 特徴量生成 race_id=202509030301: 16 頭 × 52 特徴量 (リーク除外済み)
2026-05-01 18:46:04,808 INFO [SIMULATE] 特徴量生成 race_id=202509030302: 16 頭 × 52 特徴量 (リーク除外済み)
2026-05-01 18:46:04,811 INFO   特徴量生成中... 3000/5878
2026-05-01 18:46:04,819 INFO [SIMULATE] 特徴量生成 race_id=202509030303: 16 頭 × 52 特徴量 (リーク除外済み)
2026-05-01 18:46:04,832 INFO [SIMULATE] 特徴量生成 race_id=202509030304: 18 頭 × 52 特徴量 (リーク除外済み)
2026-05-01 18:46:04,844 INFO [SIMULATE] 特徴量生成 race_id=202509030305: 8 頭 × 52 特徴量 (リーク除外済み)
2026-05-01 18:46:04,855 INFO [SIMULATE] 特徴量生成 race_id=202509030306: 18 頭 × 52 特徴量 (リーク除外済み)
2026-05-01 18:46:04,871 INFO [SIMULATE] 特徴量生成 race_id=202509030307: 16 頭 × 52 特徴量 (リーク除外済み)
2026-05-01 18:46:04,881 INFO [SIMULATE] 特徴量生成 race_id=202509030308: 6 頭 × 52 特徴量 (リーク除外済み)
2026-05-01 18:46:04,892 INFO [SIMULATE] 特徴量生成 race_id=202509030309: 13 頭 × 52 特徴量 (リーク除外済み)
2026-05-01 18:46:04,907 INFO [SIMULATE] 特徴量生成 race_id=202509030310: 16 頭 × 52 特徴量 (リーク除外済み)
2026-05-01 18:46:04,917 INFO [SIMULATE] 特徴量生成 race_id=202509030311: 13 頭 × 52 特徴量 (リーク除外済み)
2026-05-01 18:46:04,929 INFO [SIMULATE] 特徴量生成 race_id=202509030312: 16 頭 × 52 特徴量 (リーク除外済み)
2026-05-01 18:46:04,941 INFO [SIMULATE] 特徴量生成 race_id=202502010201: 16 頭 × 52 特徴量 (リーク除外済み)
2026-05-01 18:46:04,954 INFO [SIMULATE] 特徴量生成 race_id=202502010202: 14 頭 × 52 特徴量 (リーク除外済み)
2026-05-01 18:46:04,965 INFO [SIMULATE] 特徴量生成 race_id=202502010203: 12 頭 × 52 特徴量 (リーク除外済み)
2026-05-01 18:46:04,976 INFO [SIMULATE] 特徴量生成 race_id=202502010204: 10 頭 × 52 特徴量 (リーク除外済み)
2026-05-01 18:46:04,997 INFO [SIMULATE] 特徴量生成 race_id=202502010205: 9 頭 × 52 特徴量 (リーク除外済み)
2026-05-01 18:46:05,007 INFO [SIMULATE] 特徴量生成 race_id=202502010206: 13 頭 × 52 特徴量 (リーク除外済み)
2026-05-01 18:46:05,062 INFO [SIMULATE] 特徴量生成 race_id=202502010207: 9 頭 × 52 特徴量 (リーク除外済み)
2026-05-01 18:46:05,073 INFO [SIMULATE] 特徴量生成 race_id=202502010208: 13 頭 × 52 特徴量 (リーク除外済み)
2026-05-01 18:46:05,084 INFO [SIMULATE] 特徴量生成 race_id=202502010209: 13 頭 × 52 特徴量 (リーク除外済み)
2026-05-01 18:46:05,097 INFO [SIMULATE] 特徴量生成 race_id=202502010210: 14 頭 × 52 特徴量 (リーク除外済み)
2026-05-01 18:46:05,108 INFO [SIMULATE] 特徴量生成 race_id=202502010211: 14 頭 × 52 特徴量 (リーク除外済み)
2026-05-01 18:46:05,120 INFO [SIMULATE] 特徴量生成 race_id=202502010212: 11 頭 × 52 特徴量 (リーク除外済み)
2026-05-01 18:46:05,132 INFO [SIMULATE] 特徴量生成 race_id=202505030401: 16 頭 × 52 特徴量 (リーク除外済み)
2026-05-01 18:46:05,143 INFO [SIMULATE] 特徴量生成 race_id=202505030402: 16 頭 × 52 特徴量 (リーク除外済み)
2026-05-01 18:46:05,154 INFO [SIMULATE] 特徴量生成 race_id=202505030403: 16 頭 × 52 特徴量 (リーク除外済み)
2026-05-01 18:46:05,167 INFO [SIMULATE] 特徴量生成 race_id=202505030404: 18 頭 × 52 特徴量 (リーク除外済み)
2026-05-01 18:46:05,177 INFO [SIMULATE] 特徴量生成 race_id=202505030405: 10 頭 × 52 特徴量 (リーク除外済み)
2026-05-01 18:46:05,189 INFO [SIMULATE] 特徴量生成 race_id=202505030406: 16 頭 × 52 特徴量 (リーク除外済み)
2026-05-01 18:46:05,200 INFO [SIMULATE] 特徴量生成 race_id=202505030407: 14 頭 × 52 特徴量 (リーク除外済み)
2026-05-01 18:46:05,212 INFO [SIMULATE] 特徴量生成 race_id=202505030408: 16 頭 × 52 特徴量 (リーク除外済み)
2026-05-01 18:46:05,223 INFO [SIMULATE] 特徴量生成 race_id=202505030409: 10 頭 × 52 特徴量 (リーク除外済み)
2026-05-01 18:46:05,235 INFO [SIMULATE] 特徴量生成 race_id=202505030410: 15 頭 × 52 特徴量 (リーク除外済み)
2026-05-01 18:46:05,246 INFO [SIMULATE] 特徴量生成 race_id=202505030411: 14 頭 × 52 特徴量 (リーク除外済み)
2026-05-01 18:46:05,258 INFO [SIMULATE] 特徴量生成 race_id=202505030412: 16 頭 × 52 特徴量 (リーク除外済み)
2026-05-01 18:46:05,269 INFO [SIMULATE] 特徴量生成 race_id=202509030401: 16 頭 × 52 特徴量 (リーク除外済み)
2026-05-01 18:46:05,280 INFO [SIMULATE] 特徴量生成 race_id=202509030402: 14 頭 × 52 特徴量 (リーク除外済み)
2026-05-01 18:46:05,292 INFO [SIMULATE] 特徴量生成 race_id=202509030403: 18 頭 × 52 特徴量 (リーク除外済み)
2026-05-01 18:46:05,302 INFO [SIMULATE] 特徴量生成 race_id=202509030404: 15 頭 × 52 特徴量 (リーク除外済み)
2026-05-01 18:46:05,312 INFO [SIMULATE] 特徴量生成 race_id=202509030405: 8 頭 × 52 特徴量 (リーク除外済み)
2026-05-01 18:46:05,324 INFO [SIMULATE] 特徴量生成 race_id=202509030406: 16 頭 × 52 特徴量 (リーク除外済み)
2026-05-01 18:46:05,334 INFO [SIMULATE] 特徴量生成 race_id=202509030407: 10 頭 × 52 特徴量 (リーク除外済み)
2026-05-01 18:46:05,346 INFO [SIMULATE] 特徴量生成 race_id=202509030408: 16 頭 × 52 特徴量 (リーク除外済み)
2026-05-01 18:46:05,358 INFO [SIMULATE] 特徴量生成 race_id=202509030409: 15 頭 × 52 特徴量 (リーク除外済み)
2026-05-01 18:46:05,370 INFO [SIMULATE] 特徴量生成 race_id=202509030410: 18 頭 × 52 特徴量 (リーク除外済み)
2026-05-01 18:46:05,386 INFO [SIMULATE] 特徴量生成 race_id=202509030411: 17 頭 × 52 特徴量 (リーク除外済み)
2026-05-01 18:46:05,402 INFO [SIMULATE] 特徴量生成 race_id=202509030412: 16 頭 × 52 特徴量 (リーク除外済み)
2026-05-01 18:46:05,414 INFO [SIMULATE] 特徴量生成 race_id=202502010301: 16 頭 × 52 特徴量 (リーク除外済み)
2026-05-01 18:46:05,424 INFO [SIMULATE] 特徴量生成 race_id=202502010302: 12 頭 × 52 特徴量 (リーク除外済み)
2026-05-01 18:46:05,557 INFO [SIMULATE] 特徴量生成 race_id=202502010303: 13 頭 × 52 特徴量 (リーク除外済み)
2026-05-01 18:46:05,569 INFO [SIMULATE] 特徴量生成 race_id=202502010304: 16 頭 × 52 特徴量 (リーク除外済み)
2026-05-01 18:46:05,610 INFO [SIMULATE] 特徴量生成 race_id=202502010305: 15 頭 × 52 特徴量 (リーク除外済み)
2026-05-01 18:46:05,622 INFO [SIMULATE] 特徴量生成 race_id=202502010306: 9 頭 × 52 特徴量 (リーク除外済み)
2026-05-01 18:46:05,635 INFO [SIMULATE] 特徴量生成 race_id=202502010307: 16 頭 × 52 特徴量 (リーク除外済み)
2026-05-01 18:46:05,733 INFO [SIMULATE] 特徴量生成 race_id=202502010308: 12 頭 × 52 特徴量 (リーク除外済み)
2026-05-01 18:46:05,745 INFO [SIMULATE] 特徴量生成 race_id=202502010309: 10 頭 × 52 特徴量 (リーク除外済み)
2026-05-01 18:46:05,767 INFO [SIMULATE] 特徴量生成 race_id=202502010310: 8 頭 × 52 特徴量 (リーク除外済み)
2026-05-01 18:46:05,829 INFO [SIMULATE] 特徴量生成 race_id=202502010311: 15 頭 × 52 特徴量 (リーク除外済み)
2026-05-01 18:46:05,840 INFO [SIMULATE] 特徴量生成 race_id=202502010312: 8 頭 × 52 特徴量 (リーク除外済み)
2026-05-01 18:46:05,871 INFO [SIMULATE] 特徴量生成 race_id=202505030501: 16 頭 × 52 特徴量 (リーク除外済み)
2026-05-01 18:46:05,926 INFO [SIMULATE] 特徴量生成 race_id=202505030502: 16 頭 × 52 特徴量 (リーク除外済み)
2026-05-01 18:46:05,958 INFO [SIMULATE] 特徴量生成 race_id=202505030503: 16 頭 × 52 特徴量 (リーク除外済み)
2026-05-01 18:46:05,974 INFO [SIMULATE] 特徴量生成 race_id=202505030504: 16 頭 × 52 特徴量 (リーク除外済み)
2026-05-01 18:46:05,998 INFO [SIMULATE] 特徴量生成 race_id=202505030505: 12 頭 × 52 特徴量 (リーク除外済み)
2026-05-01 18:46:06,070 INFO [SIMULATE] 特徴量生成 race_id=202505030506: 16 頭 × 52 特徴量 (リーク除外済み)
2026-05-01 18:46:06,102 INFO [SIMULATE] 特徴量生成 race_id=202505030507: 16 頭 × 52 特徴量 (リーク除外済み)
2026-05-01 18:46:06,127 INFO [SIMULATE] 特徴量生成 race_id=202505030508: 16 頭 × 52 特徴量 (リーク除外済み)
2026-05-01 18:46:06,149 INFO [SIMULATE] 特徴量生成 race_id=202505030509: 9 頭 × 52 特徴量 (リーク除外済み)
2026-05-01 18:46:06,186 INFO [SIMULATE] 特徴量生成 race_id=202505030510: 14 頭 × 52 特徴量 (リーク除外済み)
2026-05-01 18:46:06,214 INFO [SIMULATE] 特徴量生成 race_id=202505030511: 11 頭 × 52 特徴量 (リーク除外済み)
2026-05-01 18:46:06,235 INFO [SIMULATE] 特徴量生成 race_id=202505030512: 16 頭 × 52 特徴量 (リーク除外済み)
2026-05-01 18:46:06,258 INFO [SIMULATE] 特徴量生成 race_id=202509030501: 12 頭 × 52 特徴量 (リーク除外済み)
2026-05-01 18:46:06,275 INFO [SIMULATE] 特徴量生成 race_id=202509030502: 16 頭 × 52 特徴量 (リーク除外済み)
2026-05-01 18:46:06,301 INFO [SIMULATE] 特徴量生成 race_id=202509030503: 16 頭 × 52 特徴量 (リーク除外済み)
2026-05-01 18:46:06,322 INFO [SIMULATE] 特徴量生成 race_id=202509030504: 13 頭 × 52 特徴量 (リーク除外済み)
2026-05-01 18:46:06,343 INFO [SIMULATE] 特徴量生成 race_id=202509030505: 12 頭 × 52 特徴量 (リーク除外済み)
2026-05-01 18:46:06,357 INFO [SIMULATE] 特徴量生成 race_id=202509030506: 15 頭 × 52 特徴量 (リーク除外済み)
2026-05-01 18:46:06,399 INFO [SIMULATE] 特徴量生成 race_id=202509030507: 10 頭 × 52 特徴量 (リーク除外済み)
2026-05-01 18:46:06,414 INFO [SIMULATE] 特徴量生成 race_id=202509030508: 16 頭 × 52 特徴量 (リーク除外済み)
2026-05-01 18:46:06,433 INFO [SIMULATE] 特徴量生成 race_id=202509030509: 13 頭 × 52 特徴量 (リーク除外済み)
2026-05-01 18:46:06,449 INFO [SIMULATE] 特徴量生成 race_id=202509030510: 12 頭 × 52 特徴量 (リーク除外済み)
2026-05-01 18:46:06,462 INFO [SIMULATE] 特徴量生成 race_id=202509030511: 16 頭 × 52 特徴量 (リーク除外済み)
2026-05-01 18:46:06,498 INFO [SIMULATE] 特徴量生成 race_id=202509030512: 14 頭 × 52 特徴量 (リーク除外済み)
2026-05-01 18:46:06,524 INFO [SIMULATE] 特徴量生成 race_id=202502010401: 16 頭 × 52 特徴量 (リーク除外済み)
2026-05-01 18:46:06,564 INFO [SIMULATE] 特徴量生成 race_id=202502010402: 14 頭 × 52 特徴量 (リーク除外済み)
2026-05-01 18:46:06,604 INFO [SIMULATE] 特徴量生成 race_id=202502010403: 12 頭 × 52 特徴量 (リーク除外済み)
2026-05-01 18:46:06,619 INFO [SIMULATE] 特徴量生成 race_id=202502010404: 16 頭 × 52 特徴量 (リーク除外済み)
2026-05-01 18:46:06,636 INFO [SIMULATE] 特徴量生成 race_id=202502010405: 12 頭 × 52 特徴量 (リーク除外済み)
2026-05-01 18:46:06,654 INFO [SIMULATE] 特徴量生成 race_id=202502010406: 11 頭 × 52 特徴量 (リーク除外済み)
2026-05-01 18:46:06,689 INFO [SIMULATE] 特徴量生成 race_id=202502010407: 13 頭 × 52 特徴量 (リーク除外済み)
2026-05-01 18:46:06,712 INFO [SIMULATE] 特徴量生成 race_id=202502010408: 11 頭 × 52 特徴量 (リーク除外済み)
2026-05-01 18:46:06,728 INFO [SIMULATE] 特徴量生成 race_id=202502010409: 10 頭 × 52 特徴量 (リーク除外済み)
2026-05-01 18:46:06,761 INFO [SIMULATE] 特徴量生成 race_id=202502010410: 14 頭 × 52 特徴量 (リーク除外済み)
2026-05-01 18:46:06,802 INFO [SIMULATE] 特徴量生成 race_id=202502010411: 15 頭 × 52 特徴量 (リーク除外済み)
2026-05-01 18:46:06,826 INFO [SIMULATE] 特徴量生成 race_id=202502010412: 12 頭 × 52 特徴量 (リーク除外済み)
2026-05-01 18:46:06,849 INFO [SIMULATE] 特徴量生成 race_id=202505030601: 12 頭 × 52 特徴量 (リーク除外済み)
2026-05-01 18:46:06,898 INFO [SIMULATE] 特徴量生成 race_id=202505030602: 16 頭 × 52 特徴量 (リーク除外済み)
2026-05-01 18:46:06,916 INFO [SIMULATE] 特徴量生成 race_id=202505030603: 16 頭 × 52 特徴量 (リーク除外済み)
2026-05-01 18:46:06,942 INFO [SIMULATE] 特徴量生成 race_id=202505030604: 16 頭 × 52 特徴量 (リーク除外済み)
2026-05-01 18:46:06,999 INFO [SIMULATE] 特徴量生成 race_id=202505030605: 16 頭 × 52 特徴量 (リーク除外済み)
2026-05-01 18:46:07,022 INFO [SIMULATE] 特徴量生成 race_id=202505030606: 16 頭 × 52 特徴量 (リーク除外済み)
2026-05-01 18:46:07,034 INFO [SIMULATE] 特徴量生成 race_id=202505030607: 16 頭 × 52 特徴量 (リーク除外済み)
2026-05-01 18:46:07,046 INFO [SIMULATE] 特徴量生成 race_id=202505030608: 15 頭 × 52 特徴量 (リーク除外済み)
2026-05-01 18:46:07,059 INFO [SIMULATE] 特徴量生成 race_id=202505030609: 16 頭 × 52 特徴量 (リーク除外済み)
2026-05-01 18:46:07,120 INFO [SIMULATE] 特徴量生成 race_id=202505030610: 16 頭 × 52 特徴量 (リーク除外済み)
2026-05-01 18:46:07,186 INFO [SIMULATE] 特徴量生成 race_id=202505030611: 14 頭 × 52 特徴量 (リーク除外済み)
2026-05-01 18:46:07,237 INFO [SIMULATE] 特徴量生成 race_id=202505030612: 16 頭 × 52 特徴量 (リーク除外済み)
2026-05-01 18:46:07,382 INFO [SIMULATE] 特徴量生成 race_id=202509030601: 16 頭 × 52 特徴量 (リーク除外済み)
2026-05-01 18:46:07,639 INFO [SIMULATE] 特徴量生成 race_id=202509030602: 14 頭 × 52 特徴量 (リーク除外済み)
2026-05-01 18:46:07,673 INFO [SIMULATE] 特徴量生成 race_id=202509030603: 18 頭 × 52 特徴量 (リーク除外済み)
2026-05-01 18:46:07,697 INFO [SIMULATE] 特徴量生成 race_id=202509030604: 15 頭 × 52 特徴量 (リーク除外済み)
2026-05-01 18:46:07,861 INFO [SIMULATE] 特徴量生成 race_id=202509030605: 10 頭 × 52 特徴量 (リーク除外済み)
2026-05-01 18:46:08,110 INFO [SIMULATE] 特徴量生成 race_id=202509030606: 16 頭 × 52 特徴量 (リーク除外済み)
2026-05-01 18:46:08,153 INFO [SIMULATE] 特徴量生成 race_id=202509030607: 9 頭 × 52 特徴量 (リーク除外済み)
2026-05-01 18:46:08,221 INFO [SIMULATE] 特徴量生成 race_id=202509030608: 16 頭 × 52 特徴量 (リーク除外済み)
2026-05-01 18:46:08,354 INFO [SIMULATE] 特徴量生成 race_id=202509030609: 9 頭 × 52 特徴量 (リーク除外済み)
2026-05-01 18:46:08,390 INFO [SIMULATE] 特徴量生成 race_id=202509030610: 16 頭 × 52 特徴量 (リーク除外済み)
2026-05-01 18:46:08,403 INFO [SIMULATE] 特徴量生成 race_id=202509030611: 14 頭 × 52 特徴量 (リーク除外済み)
2026-05-01 18:46:08,420 INFO [SIMULATE] 特徴量生成 race_id=202509030612: 15 頭 × 52 特徴量 (リーク除外済み)
2026-05-01 18:46:08,432 INFO [SIMULATE] 特徴量生成 race_id=202502010501: 15 頭 × 52 特徴量 (リーク除外済み)
2026-05-01 18:46:08,465 INFO [SIMULATE] 特徴量生成 race_id=202502010502: 12 頭 × 52 特徴量 (リーク除外済み)
2026-05-01 18:46:08,478 INFO [SIMULATE] 特徴量生成 race_id=202502010503: 14 頭 × 52 特徴量 (リーク除外済み)
2026-05-01 18:46:08,491 INFO [SIMULATE] 特徴量生成 race_id=202502010504: 13 頭 × 52 特徴量 (リーク除外済み)
2026-05-01 18:46:08,503 INFO [SIMULATE] 特徴量生成 race_id=202502010505: 16 頭 × 52 特徴量 (リーク除外済み)
2026-05-01 18:46:08,542 INFO [SIMULATE] 特徴量生成 race_id=202502010506: 12 頭 × 52 特徴量 (リーク除外済み)
2026-05-01 18:46:08,554 INFO [SIMULATE] 特徴量生成 race_id=202502010507: 16 頭 × 52 特徴量 (リーク除外済み)
2026-05-01 18:46:08,565 INFO [SIMULATE] 特徴量生成 race_id=202502010508: 12 頭 × 52 特徴量 (リーク除外済み)
2026-05-01 18:46:08,589 INFO [SIMULATE] 特徴量生成 race_id=202502010509: 8 頭 × 52 特徴量 (リーク除外済み)
2026-05-01 18:46:08,606 INFO [SIMULATE] 特徴量生成 race_id=202502010510: 16 頭 × 52 特徴量 (リーク除外済み)
2026-05-01 18:46:08,628 INFO [SIMULATE] 特徴量生成 race_id=202502010511: 16 頭 × 52 特徴量 (リーク除外済み)
2026-05-01 18:46:08,651 INFO [SIMULATE] 特徴量生成 race_id=202502010512: 14 頭 × 52 特徴量 (リーク除外済み)
2026-05-01 18:46:08,661 INFO [SIMULATE] 特徴量生成 race_id=202503020101: 10 頭 × 52 特徴量 (リーク除外済み)
2026-05-01 18:46:08,675 INFO [SIMULATE] 特徴量生成 race_id=202503020102: 16 頭 × 52 特徴量 (リーク除外済み)
2026-05-01 18:46:08,687 INFO [SIMULATE] 特徴量生成 race_id=202503020103: 15 頭 × 52 特徴量 (リーク除外済み)
2026-05-01 18:46:08,698 INFO [SIMULATE] 特徴量生成 race_id=202503020104: 16 頭 × 52 特徴量 (リーク除外済み)
2026-05-01 18:46:08,707 INFO [SIMULATE] 特徴量生成 race_id=202503020105: 8 頭 × 52 特徴量 (リーク除外済み)
2026-05-01 18:46:08,718 INFO [SIMULATE] 特徴量生成 race_id=202503020106: 11 頭 × 52 特徴量 (リーク除外済み)
2026-05-01 18:46:08,728 INFO [SIMULATE] 特徴量生成 race_id=202503020107: 7 頭 × 52 特徴量 (リーク除外済み)
2026-05-01 18:46:08,745 INFO [SIMULATE] 特徴量生成 race_id=202503020108: 16 頭 × 52 特徴量 (リーク除外済み)
2026-05-01 18:46:08,755 INFO [SIMULATE] 特徴量生成 race_id=202503020109: 8 頭 × 52 特徴量 (リーク除外済み)
2026-05-01 18:46:08,767 INFO [SIMULATE] 特徴量生成 race_id=202503020110: 14 頭 × 52 特徴量 (リーク除外済み)
2026-05-01 18:46:08,779 INFO [SIMULATE] 特徴量生成 race_id=202503020111: 16 頭 × 52 特徴量 (リーク除外済み)
2026-05-01 18:46:08,793 INFO [SIMULATE] 特徴量生成 race_id=202503020112: 15 頭 × 52 特徴量 (リーク除外済み)
2026-05-01 18:46:08,811 INFO [SIMULATE] 特徴量生成 race_id=202510020101: 12 頭 × 52 特徴量 (リーク除外済み)
2026-05-01 18:46:08,822 INFO [SIMULATE] 特徴量生成 race_id=202510020102: 6 頭 × 52 特徴量 (リーク除外済み)
2026-05-01 18:46:08,833 INFO [SIMULATE] 特徴量生成 race_id=202510020103: 16 頭 × 52 特徴量 (リーク除外済み)
2026-05-01 18:46:08,846 INFO [SIMULATE] 特徴量生成 race_id=202510020104: 16 頭 × 52 特徴量 (リーク除外済み)
2026-05-01 18:46:08,863 INFO [SIMULATE] 特徴量生成 race_id=202510020105: 14 頭 × 52 特徴量 (リーク除外済み)
2026-05-01 18:46:08,875 INFO [SIMULATE] 特徴量生成 race_id=202510020106: 14 頭 × 52 特徴量 (リーク除外済み)
2026-05-01 18:46:08,890 INFO [SIMULATE] 特徴量生成 race_id=202510020107: 15 頭 × 52 特徴量 (リーク除外済み)
2026-05-01 18:46:08,943 INFO [SIMULATE] 特徴量生成 race_id=202510020108: 16 頭 × 52 特徴量 (リーク除外済み)
2026-05-01 18:46:09,113 INFO [SIMULATE] 特徴量生成 race_id=202510020109: 8 頭 × 52 特徴量 (リーク除外済み)
2026-05-01 18:46:09,162 INFO [SIMULATE] 特徴量生成 race_id=202510020110: 6 頭 × 52 特徴量 (リーク除外済み)
2026-05-01 18:46:09,201 INFO [SIMULATE] 特徴量生成 race_id=202510020111: 16 頭 × 52 特徴量 (リーク除外済み)
2026-05-01 18:46:09,216 INFO [SIMULATE] 特徴量生成 race_id=202510020112: 14 頭 × 52 特徴量 (リーク除外済み)
2026-05-01 18:46:09,228 INFO [SIMULATE] 特徴量生成 race_id=202502010601: 12 頭 × 52 特徴量 (リーク除外済み)
2026-05-01 18:46:09,239 INFO [SIMULATE] 特徴量生成 race_id=202502010602: 12 頭 × 52 特徴量 (リーク除外済み)
2026-05-01 18:46:09,250 INFO [SIMULATE] 特徴量生成 race_id=202502010603: 12 頭 × 52 特徴量 (リーク除外済み)
2026-05-01 18:46:09,262 INFO [SIMULATE] 特徴量生成 race_id=202502010604: 9 頭 × 52 特徴量 (リーク除外済み)
2026-05-01 18:46:09,277 INFO [SIMULATE] 特徴量生成 race_id=202502010605: 12 頭 × 52 特徴量 (リーク除外済み)
2026-05-01 18:46:09,310 INFO [SIMULATE] 特徴量生成 race_id=202502010606: 16 頭 × 52 特徴量 (リーク除外済み)
2026-05-01 18:46:09,325 INFO [SIMULATE] 特徴量生成 race_id=202502010607: 11 頭 × 52 特徴量 (リーク除外済み)
2026-05-01 18:46:09,341 INFO [SIMULATE] 特徴量生成 race_id=202502010608: 11 頭 × 52 特徴量 (リーク除外済み)
2026-05-01 18:46:09,358 INFO [SIMULATE] 特徴量生成 race_id=202502010609: 10 頭 × 52 特徴量 (リーク除外済み)
2026-05-01 18:46:09,373 INFO [SIMULATE] 特徴量生成 race_id=202502010610: 11 頭 × 52 特徴量 (リーク除外済み)
2026-05-01 18:46:09,389 INFO [SIMULATE] 特徴量生成 race_id=202502010611: 14 頭 × 52 特徴量 (リーク除外済み)
2026-05-01 18:46:09,406 INFO [SIMULATE] 特徴量生成 race_id=202502010612: 14 頭 × 52 特徴量 (リーク除外済み)
2026-05-01 18:46:09,419 INFO [SIMULATE] 特徴量生成 race_id=202503020201: 15 頭 × 52 特徴量 (リーク除外済み)
2026-05-01 18:46:09,436 INFO [SIMULATE] 特徴量生成 race_id=202503020202: 16 頭 × 52 特徴量 (リーク除外済み)
2026-05-01 18:46:09,452 INFO [SIMULATE] 特徴量生成 race_id=202503020203: 15 頭 × 52 特徴量 (リーク除外済み)
2026-05-01 18:46:09,467 INFO [SIMULATE] 特徴量生成 race_id=202503020204: 15 頭 × 52 特徴量 (リーク除外済み)
2026-05-01 18:46:09,479 INFO [SIMULATE] 特徴量生成 race_id=202503020205: 13 頭 × 52 特徴量 (リーク除外済み)
2026-05-01 18:46:09,490 INFO [SIMULATE] 特徴量生成 race_id=202503020206: 7 頭 × 52 特徴量 (リーク除外済み)
2026-05-01 18:46:09,503 INFO [SIMULATE] 特徴量生成 race_id=202503020207: 16 頭 × 52 特徴量 (リーク除外済み)
2026-05-01 18:46:09,516 INFO [SIMULATE] 特徴量生成 race_id=202503020208: 9 頭 × 52 特徴量 (リーク除外済み)
2026-05-01 18:46:09,528 INFO [SIMULATE] 特徴量生成 race_id=202503020209: 11 頭 × 52 特徴量 (リーク除外済み)
2026-05-01 18:46:09,539 INFO [SIMULATE] 特徴量生成 race_id=202503020210: 15 頭 × 52 特徴量 (リーク除外済み)
2026-05-01 18:46:09,549 INFO [SIMULATE] 特徴量生成 race_id=202503020211: 14 頭 × 52 特徴量 (リーク除外済み)
2026-05-01 18:46:09,562 INFO [SIMULATE] 特徴量生成 race_id=202503020212: 14 頭 × 52 特徴量 (リーク除外済み)
2026-05-01 18:46:09,575 INFO [SIMULATE] 特徴量生成 race_id=202510020201: 12 頭 × 52 特徴量 (リーク除外済み)
2026-05-01 18:46:09,586 INFO [SIMULATE] 特徴量生成 race_id=202510020202: 17 頭 × 52 特徴量 (リーク除外済み)
2026-05-01 18:46:09,603 INFO [SIMULATE] 特徴量生成 race_id=202510020203: 16 頭 × 52 特徴量 (リーク除外済み)
2026-05-01 18:46:09,625 INFO [SIMULATE] 特徴量生成 race_id=202510020204: 16 頭 × 52 特徴量 (リーク除外済み)
2026-05-01 18:46:09,644 INFO [SIMULATE] 特徴量生成 race_id=202510020205: 17 頭 × 52 特徴量 (リーク除外済み)
2026-05-01 18:46:09,661 INFO [SIMULATE] 特徴量生成 race_id=202510020206: 10 頭 × 52 特徴量 (リーク除外済み)
2026-05-01 18:46:09,675 INFO [SIMULATE] 特徴量生成 race_id=202510020207: 18 頭 × 52 特徴量 (リーク除外済み)
2026-05-01 18:46:09,694 INFO [SIMULATE] 特徴量生成 race_id=202510020208: 14 頭 × 52 特徴量 (リーク除外済み)
2026-05-01 18:46:09,711 INFO [SIMULATE] 特徴量生成 race_id=202510020209: 8 頭 × 52 特徴量 (リーク除外済み)
2026-05-01 18:46:09,748 INFO [SIMULATE] 特徴量生成 race_id=202510020210: 15 頭 × 52 特徴量 (リーク除外済み)
2026-05-01 18:46:09,780 INFO [SIMULATE] 特徴量生成 race_id=202510020211: 13 頭 × 52 特徴量 (リーク除外済み)
2026-05-01 18:46:09,813 INFO [SIMULATE] 特徴量生成 race_id=202510020212: 16 頭 × 52 特徴量 (リーク除外済み)
2026-05-01 18:46:09,832 INFO [SIMULATE] 特徴量生成 race_id=202502010701: 8 頭 × 52 特徴量 (リーク除外済み)
2026-05-01 18:46:09,863 INFO [SIMULATE] 特徴量生成 race_id=202502010702: 12 頭 × 52 特徴量 (リーク除外済み)
2026-05-01 18:46:09,983 INFO [SIMULATE] 特徴量生成 race_id=202502010703: 13 頭 × 52 特徴量 (リーク除外済み)
2026-05-01 18:46:10,010 INFO [SIMULATE] 特徴量生成 race_id=202502010704: 9 頭 × 52 特徴量 (リーク除外済み)
2026-05-01 18:46:10,242 INFO [SIMULATE] 特徴量生成 race_id=202502010705: 7 頭 × 52 特徴量 (リーク除外済み)
2026-05-01 18:46:10,276 INFO [SIMULATE] 特徴量生成 race_id=202502010706: 12 頭 × 52 特徴量 (リーク除外済み)
2026-05-01 18:46:10,345 INFO [SIMULATE] 特徴量生成 race_id=202502010707: 12 頭 × 52 特徴量 (リーク除外済み)
2026-05-01 18:46:10,403 INFO [SIMULATE] 特徴量生成 race_id=202502010708: 9 頭 × 52 特徴量 (リーク除外済み)
2026-05-01 18:46:10,480 INFO [SIMULATE] 特徴量生成 race_id=202502010709: 8 頭 × 52 特徴量 (リーク除外済み)
2026-05-01 18:46:10,539 INFO [SIMULATE] 特徴量生成 race_id=202502010710: 14 頭 × 52 特徴量 (リーク除外済み)
2026-05-01 18:46:10,565 INFO [SIMULATE] 特徴量生成 race_id=202502010711: 14 頭 × 52 特徴量 (リーク除外済み)
2026-05-01 18:46:10,602 INFO [SIMULATE] 特徴量生成 race_id=202502010712: 13 頭 × 52 特徴量 (リーク除外済み)
2026-05-01 18:46:10,660 INFO [SIMULATE] 特徴量生成 race_id=202503020301: 10 頭 × 52 特徴量 (リーク除外済み)
2026-05-01 18:46:10,690 INFO [SIMULATE] 特徴量生成 race_id=202503020302: 15 頭 × 52 特徴量 (リーク除外済み)
2026-05-01 18:46:10,717 INFO [SIMULATE] 特徴量生成 race_id=202503020303: 9 頭 × 52 特徴量 (リーク除外済み)
2026-05-01 18:46:10,756 INFO [SIMULATE] 特徴量生成 race_id=202503020304: 9 頭 × 52 特徴量 (リーク除外済み)
2026-05-01 18:46:10,781 INFO [SIMULATE] 特徴量生成 race_id=202503020305: 7 頭 × 52 特徴量 (リーク除外済み)
2026-05-01 18:46:10,850 INFO [SIMULATE] 特徴量生成 race_id=202503020306: 14 頭 × 52 特徴量 (リーク除外済み)
2026-05-01 18:46:10,953 INFO [SIMULATE] 特徴量生成 race_id=202503020307: 16 頭 × 52 特徴量 (リーク除外済み)
2026-05-01 18:46:10,982 INFO [SIMULATE] 特徴量生成 race_id=202503020308: 16 頭 × 52 特徴量 (リーク除外済み)
2026-05-01 18:46:11,028 INFO [SIMULATE] 特徴量生成 race_id=202503020309: 10 頭 × 52 特徴量 (リーク除外済み)
2026-05-01 18:46:11,039 INFO [SIMULATE] 特徴量生成 race_id=202503020310: 15 頭 × 52 特徴量 (リーク除外済み)
2026-05-01 18:46:11,076 INFO [SIMULATE] 特徴量生成 race_id=202503020311: 16 頭 × 52 特徴量 (リーク除外済み)
2026-05-01 18:46:11,104 INFO [SIMULATE] 特徴量生成 race_id=202503020312: 15 頭 × 52 特徴量 (リーク除外済み)
2026-05-01 18:46:11,133 INFO [SIMULATE] 特徴量生成 race_id=202510020301: 5 頭 × 52 特徴量 (リーク除外済み)
2026-05-01 18:46:11,147 INFO [SIMULATE] 特徴量生成 race_id=202510020302: 16 頭 × 52 特徴量 (リーク除外済み)
2026-05-01 18:46:11,158 INFO [SIMULATE] 特徴量生成 race_id=202510020303: 18 頭 × 52 特徴量 (リーク除外済み)
2026-05-01 18:46:11,169 INFO [SIMULATE] 特徴量生成 race_id=202510020304: 14 頭 × 52 特徴量 (リーク除外済み)
2026-05-01 18:46:11,179 INFO [SIMULATE] 特徴量生成 race_id=202510020305: 8 頭 × 52 特徴量 (リーク除外済み)
2026-05-01 18:46:11,191 INFO [SIMULATE] 特徴量生成 race_id=202510020306: 16 頭 × 52 特徴量 (リーク除外済み)
2026-05-01 18:46:11,205 INFO [SIMULATE] 特徴量生成 race_id=202510020307: 16 頭 × 52 特徴量 (リーク除外済み)
2026-05-01 18:46:11,218 INFO [SIMULATE] 特徴量生成 race_id=202510020308: 9 頭 × 52 特徴量 (リーク除外済み)
2026-05-01 18:46:11,235 INFO [SIMULATE] 特徴量生成 race_id=202510020309: 8 頭 × 52 特徴量 (リーク除外済み)
2026-05-01 18:46:11,257 INFO [SIMULATE] 特徴量生成 race_id=202510020310: 11 頭 × 52 特徴量 (リーク除外済み)
2026-05-01 18:46:11,280 INFO [SIMULATE] 特徴量生成 race_id=202510020311: 11 頭 × 52 特徴量 (リーク除外済み)
2026-05-01 18:46:11,297 INFO [SIMULATE] 特徴量生成 race_id=202510020312: 10 頭 × 52 特徴量 (リーク除外済み)
2026-05-01 18:46:11,313 INFO [SIMULATE] 特徴量生成 race_id=202502010801: 10 頭 × 52 特徴量 (リーク除外済み)
2026-05-01 18:46:11,332 INFO [SIMULATE] 特徴量生成 race_id=202502010802: 12 頭 × 52 特徴量 (リーク除外済み)
2026-05-01 18:46:11,357 INFO [SIMULATE] 特徴量生成 race_id=202502010803: 13 頭 × 52 特徴量 (リーク除外済み)
2026-05-01 18:46:11,381 INFO [SIMULATE] 特徴量生成 race_id=202502010804: 15 頭 × 52 特徴量 (リーク除外済み)
2026-05-01 18:46:11,426 INFO [SIMULATE] 特徴量生成 race_id=202502010805: 6 頭 × 52 特徴量 (リーク除外済み)
2026-05-01 18:46:11,447 INFO [SIMULATE] 特徴量生成 race_id=202502010806: 12 頭 × 52 特徴量 (リーク除外済み)
2026-05-01 18:46:11,474 INFO [SIMULATE] 特徴量生成 race_id=202502010807: 12 頭 × 52 特徴量 (リーク除外済み)
2026-05-01 18:46:11,499 INFO [SIMULATE] 特徴量生成 race_id=202502010808: 13 頭 × 52 特徴量 (リーク除外済み)
2026-05-01 18:46:11,529 INFO [SIMULATE] 特徴量生成 race_id=202502010809: 11 頭 × 52 特徴量 (リーク除外済み)
2026-05-01 18:46:11,549 INFO [SIMULATE] 特徴量生成 race_id=202502010810: 10 頭 × 52 特徴量 (リーク除外済み)
2026-05-01 18:46:11,566 INFO [SIMULATE] 特徴量生成 race_id=202502010811: 10 頭 × 52 特徴量 (リーク除外済み)
2026-05-01 18:46:11,590 INFO [SIMULATE] 特徴量生成 race_id=202502010812: 10 頭 × 52 特徴量 (リーク除外済み)
2026-05-01 18:46:11,628 INFO [SIMULATE] 特徴量生成 race_id=202503020401: 14 頭 × 52 特徴量 (リーク除外済み)
2026-05-01 18:46:11,646 INFO [SIMULATE] 特徴量生成 race_id=202503020402: 15 頭 × 52 特徴量 (リーク除外済み)
2026-05-01 18:46:11,666 INFO [SIMULATE] 特徴量生成 race_id=202503020403: 16 頭 × 52 特徴量 (リーク除外済み)
2026-05-01 18:46:11,678 INFO [SIMULATE] 特徴量生成 race_id=202503020404: 11 頭 × 52 特徴量 (リーク除外済み)
2026-05-01 18:46:11,701 INFO [SIMULATE] 特徴量生成 race_id=202503020405: 8 頭 × 52 特徴量 (リーク除外済み)
2026-05-01 18:46:11,738 INFO [SIMULATE] 特徴量生成 race_id=202503020406: 16 頭 × 52 特徴量 (リーク除外済み)
2026-05-01 18:46:11,764 INFO [SIMULATE] 特徴量生成 race_id=202503020407: 16 頭 × 52 特徴量 (リーク除外済み)
2026-05-01 18:46:11,788 INFO [SIMULATE] 特徴量生成 race_id=202503020408: 14 頭 × 52 特徴量 (リーク除外済み)
2026-05-01 18:46:11,813 INFO [SIMULATE] 特徴量生成 race_id=202503020409: 16 頭 × 52 特徴量 (リーク除外済み)
2026-05-01 18:46:11,833 INFO [SIMULATE] 特徴量生成 race_id=202503020410: 16 頭 × 52 特徴量 (リーク除外済み)
2026-05-01 18:46:11,859 INFO [SIMULATE] 特徴量生成 race_id=202503020411: 15 頭 × 52 特徴量 (リーク除外済み)
2026-05-01 18:46:11,886 INFO [SIMULATE] 特徴量生成 race_id=202503020412: 15 頭 × 52 特徴量 (リーク除外済み)
2026-05-01 18:46:11,902 INFO [SIMULATE] 特徴量生成 race_id=202510020401: 16 頭 × 52 特徴量 (リーク除外済み)
2026-05-01 18:46:11,941 INFO [SIMULATE] 特徴量生成 race_id=202510020402: 16 頭 × 52 特徴量 (リーク除外済み)
2026-05-01 18:46:11,960 INFO [SIMULATE] 特徴量生成 race_id=202510020403: 18 頭 × 52 特徴量 (リーク除外済み)
2026-05-01 18:46:11,984 INFO [SIMULATE] 特徴量生成 race_id=202510020404: 18 頭 × 52 特徴量 (リーク除外済み)
2026-05-01 18:46:11,996 INFO [SIMULATE] 特徴量生成 race_id=202510020405: 9 頭 × 52 特徴量 (リーク除外済み)
2026-05-01 18:46:12,022 INFO [SIMULATE] 特徴量生成 race_id=202510020406: 5 頭 × 52 特徴量 (リーク除外済み)
2026-05-01 18:46:12,033 INFO [SIMULATE] 特徴量生成 race_id=202510020407: 9 頭 × 52 特徴量 (リーク除外済み)
2026-05-01 18:46:12,045 INFO [SIMULATE] 特徴量生成 race_id=202510020408: 14 頭 × 52 特徴量 (リーク除外済み)
2026-05-01 18:46:12,056 INFO [SIMULATE] 特徴量生成 race_id=202510020409: 8 頭 × 52 特徴量 (リーク除外済み)
2026-05-01 18:46:12,066 INFO [SIMULATE] 特徴量生成 race_id=202510020410: 7 頭 × 52 特徴量 (リーク除外済み)
2026-05-01 18:46:12,078 INFO [SIMULATE] 特徴量生成 race_id=202510020411: 18 頭 × 52 特徴量 (リーク除外済み)
2026-05-01 18:46:12,089 INFO [SIMULATE] 特徴量生成 race_id=202510020412: 16 頭 × 52 特徴量 (リーク除外済み)
2026-05-01 18:46:12,100 INFO [SIMULATE] 特徴量生成 race_id=202502010901: 14 頭 × 52 特徴量 (リーク除外済み)
2026-05-01 18:46:12,110 INFO [SIMULATE] 特徴量生成 race_id=202502010902: 12 頭 × 52 特徴量 (リーク除外済み)
2026-05-01 18:46:12,120 INFO [SIMULATE] 特徴量生成 race_id=202502010903: 13 頭 × 52 特徴量 (リーク除外済み)
2026-05-01 18:46:12,131 INFO [SIMULATE] 特徴量生成 race_id=202502010904: 14 頭 × 52 特徴量 (リーク除外済み)
2026-05-01 18:46:12,141 INFO [SIMULATE] 特徴量生成 race_id=202502010905: 7 頭 × 52 特徴量 (リーク除外済み)
2026-05-01 18:46:12,152 INFO [SIMULATE] 特徴量生成 race_id=202502010906: 16 頭 × 52 特徴量 (リーク除外済み)
2026-05-01 18:46:12,336 INFO [SIMULATE] 特徴量生成 race_id=202502010907: 10 頭 × 52 特徴量 (リーク除外済み)
2026-05-01 18:46:12,349 INFO [SIMULATE] 特徴量生成 race_id=202502010908: 11 頭 × 52 特徴量 (リーク除外済み)
2026-05-01 18:46:12,361 INFO [SIMULATE] 特徴量生成 race_id=202502010909: 11 頭 × 52 特徴量 (リーク除外済み)
2026-05-01 18:46:12,371 INFO [SIMULATE] 特徴量生成 race_id=202502010910: 11 頭 × 52 特徴量 (リーク除外済み)
2026-05-01 18:46:12,384 INFO [SIMULATE] 特徴量生成 race_id=202502010911: 14 頭 × 52 特徴量 (リーク除外済み)
2026-05-01 18:46:12,404 INFO [SIMULATE] 特徴量生成 race_id=202502010912: 12 頭 × 52 特徴量 (リーク除外済み)
2026-05-01 18:46:12,430 INFO [SIMULATE] 特徴量生成 race_id=202503020501: 10 頭 × 52 特徴量 (リーク除外済み)
2026-05-01 18:46:12,447 INFO [SIMULATE] 特徴量生成 race_id=202503020502: 15 頭 × 52 特徴量 (リーク除外済み)
2026-05-01 18:46:12,458 INFO [SIMULATE] 特徴量生成 race_id=202503020503: 16 頭 × 52 特徴量 (リーク除外済み)
2026-05-01 18:46:12,481 INFO [SIMULATE] 特徴量生成 race_id=202503020504: 16 頭 × 52 特徴量 (リーク除外済み)
2026-05-01 18:46:12,528 INFO [SIMULATE] 特徴量生成 race_id=202503020505: 11 頭 × 52 特徴量 (リーク除外済み)
2026-05-01 18:46:12,550 INFO [SIMULATE] 特徴量生成 race_id=202503020506: 14 頭 × 52 特徴量 (リーク除外済み)
2026-05-01 18:46:12,577 INFO [SIMULATE] 特徴量生成 race_id=202503020507: 15 頭 × 52 特徴量 (リーク除外済み)
2026-05-01 18:46:12,618 INFO [SIMULATE] 特徴量生成 race_id=202503020508: 15 頭 × 52 特徴量 (リーク除外済み)
2026-05-01 18:46:12,656 INFO [SIMULATE] 特徴量生成 race_id=202503020509: 12 頭 × 52 特徴量 (リーク除外済み)
2026-05-01 18:46:12,730 INFO [SIMULATE] 特徴量生成 race_id=202503020510: 9 頭 × 52 特徴量 (リーク除外済み)
2026-05-01 18:46:12,753 INFO [SIMULATE] 特徴量生成 race_id=202503020511: 14 頭 × 52 特徴量 (リーク除外済み)
2026-05-01 18:46:12,776 INFO [SIMULATE] 特徴量生成 race_id=202503020512: 15 頭 × 52 特徴量 (リーク除外済み)
2026-05-01 18:46:12,791 INFO [SIMULATE] 特徴量生成 race_id=202510020501: 10 頭 × 52 特徴量 (リーク除外済み)
2026-05-01 18:46:12,812 INFO [SIMULATE] 特徴量生成 race_id=202510020502: 16 頭 × 52 特徴量 (リーク除外済み)
2026-05-01 18:46:12,824 INFO [SIMULATE] 特徴量生成 race_id=202510020503: 14 頭 × 52 特徴量 (リーク除外済み)
2026-05-01 18:46:12,837 INFO [SIMULATE] 特徴量生成 race_id=202510020504: 7 頭 × 52 特徴量 (リーク除外済み)
2026-05-01 18:46:12,852 INFO [SIMULATE] 特徴量生成 race_id=202510020505: 12 頭 × 52 特徴量 (リーク除外済み)
2026-05-01 18:46:12,869 INFO [SIMULATE] 特徴量生成 race_id=202510020506: 18 頭 × 52 特徴量 (リーク除外済み)
2026-05-01 18:46:12,888 INFO [SIMULATE] 特徴量生成 race_id=202510020507: 18 頭 × 52 特徴量 (リーク除外済み)
2026-05-01 18:46:12,913 INFO [SIMULATE] 特徴量生成 race_id=202510020508: 16 頭 × 52 特徴量 (リーク除外済み)
2026-05-01 18:46:12,929 INFO [SIMULATE] 特徴量生成 race_id=202510020509: 11 頭 × 52 特徴量 (リーク除外済み)
2026-05-01 18:46:12,946 INFO [SIMULATE] 特徴量生成 race_id=202510020510: 13 頭 × 52 特徴量 (リーク除外済み)
2026-05-01 18:46:12,967 INFO [SIMULATE] 特徴量生成 race_id=202510020511: 10 頭 × 52 特徴量 (リーク除外済み)
2026-05-01 18:46:12,995 INFO [SIMULATE] 特徴量生成 race_id=202510020512: 17 頭 × 52 特徴量 (リーク除外済み)
2026-05-01 18:46:13,014 INFO [SIMULATE] 特徴量生成 race_id=202502011001: 12 頭 × 52 特徴量 (リーク除外済み)
2026-05-01 18:46:13,030 INFO [SIMULATE] 特徴量生成 race_id=202502011002: 14 頭 × 52 特徴量 (リーク除外済み)
2026-05-01 18:46:13,041 INFO [SIMULATE] 特徴量生成 race_id=202502011003: 16 頭 × 52 特徴量 (リーク除外済み)
2026-05-01 18:46:13,054 INFO [SIMULATE] 特徴量生成 race_id=202502011004: 13 頭 × 52 特徴量 (リーク除外済み)
2026-05-01 18:46:13,065 INFO [SIMULATE] 特徴量生成 race_id=202502011005: 7 頭 × 52 特徴量 (リーク除外済み)
2026-05-01 18:46:13,076 INFO [SIMULATE] 特徴量生成 race_id=202502011006: 15 頭 × 52 特徴量 (リーク除外済み)
2026-05-01 18:46:13,088 INFO [SIMULATE] 特徴量生成 race_id=202502011007: 14 頭 × 52 特徴量 (リーク除外済み)
2026-05-01 18:46:13,099 INFO [SIMULATE] 特徴量生成 race_id=202502011008: 12 頭 × 52 特徴量 (リーク除外済み)
2026-05-01 18:46:13,110 INFO [SIMULATE] 特徴量生成 race_id=202502011009: 12 頭 × 52 特徴量 (リーク除外済み)
2026-05-01 18:46:13,123 INFO [SIMULATE] 特徴量生成 race_id=202502011010: 12 頭 × 52 特徴量 (リーク除外済み)
2026-05-01 18:46:13,134 INFO [SIMULATE] 特徴量生成 race_id=202502011011: 12 頭 × 52 特徴量 (リーク除外済み)
2026-05-01 18:46:13,145 INFO [SIMULATE] 特徴量生成 race_id=202502011012: 8 頭 × 52 特徴量 (リーク除外済み)
2026-05-01 18:46:13,155 INFO [SIMULATE] 特徴量生成 race_id=202503020601: 9 頭 × 52 特徴量 (リーク除外済み)
2026-05-01 18:46:13,166 INFO [SIMULATE] 特徴量生成 race_id=202503020602: 15 頭 × 52 特徴量 (リーク除外済み)
2026-05-01 18:46:13,178 INFO [SIMULATE] 特徴量生成 race_id=202503020603: 16 頭 × 52 特徴量 (リーク除外済み)
2026-05-01 18:46:13,199 INFO [SIMULATE] 特徴量生成 race_id=202503020604: 16 頭 × 52 特徴量 (リーク除外済み)
2026-05-01 18:46:13,250 INFO [SIMULATE] 特徴量生成 race_id=202503020605: 15 頭 × 52 特徴量 (リーク除外済み)
2026-05-01 18:46:13,274 INFO [SIMULATE] 特徴量生成 race_id=202503020606: 15 頭 × 52 特徴量 (リーク除外済み)
2026-05-01 18:46:13,293 INFO [SIMULATE] 特徴量生成 race_id=202503020607: 15 頭 × 52 特徴量 (リーク除外済み)
2026-05-01 18:46:13,314 INFO [SIMULATE] 特徴量生成 race_id=202503020608: 15 頭 × 52 特徴量 (リーク除外済み)
2026-05-01 18:46:13,329 INFO [SIMULATE] 特徴量生成 race_id=202503020609: 13 頭 × 52 特徴量 (リーク除外済み)
2026-05-01 18:46:13,356 INFO [SIMULATE] 特徴量生成 race_id=202503020610: 15 頭 × 52 特徴量 (リーク除外済み)
2026-05-01 18:46:13,381 INFO [SIMULATE] 特徴量生成 race_id=202503020611: 15 頭 × 52 特徴量 (リーク除外済み)
2026-05-01 18:46:13,416 INFO [SIMULATE] 特徴量生成 race_id=202503020612: 9 頭 × 52 特徴量 (リーク除外済み)
2026-05-01 18:46:13,454 INFO [SIMULATE] 特徴量生成 race_id=202510020601: 12 頭 × 52 特徴量 (リーク除外済み)
2026-05-01 18:46:13,508 INFO [SIMULATE] 特徴量生成 race_id=202510020602: 18 頭 × 52 特徴量 (リーク除外済み)
2026-05-01 18:46:13,540 INFO [SIMULATE] 特徴量生成 race_id=202510020603: 16 頭 × 52 特徴量 (リーク除外済み)
2026-05-01 18:46:13,577 INFO [SIMULATE] 特徴量生成 race_id=202510020604: 16 頭 × 52 特徴量 (リーク除外済み)
2026-05-01 18:46:13,604 INFO [SIMULATE] 特徴量生成 race_id=202510020605: 8 頭 × 52 特徴量 (リーク除外済み)
2026-05-01 18:46:13,623 INFO [SIMULATE] 特徴量生成 race_id=202510020606: 8 頭 × 52 特徴量 (リーク除外済み)
2026-05-01 18:46:13,640 INFO [SIMULATE] 特徴量生成 race_id=202510020607: 16 頭 × 52 特徴量 (リーク除外済み)
2026-05-01 18:46:13,661 INFO [SIMULATE] 特徴量生成 race_id=202510020608: 16 頭 × 52 特徴量 (リーク除外済み)
2026-05-01 18:46:13,688 INFO [SIMULATE] 特徴量生成 race_id=202510020609: 14 頭 × 52 特徴量 (リーク除外済み)
2026-05-01 18:46:13,706 INFO [SIMULATE] 特徴量生成 race_id=202510020610: 9 頭 × 52 特徴量 (リーク除外済み)
2026-05-01 18:46:13,735 INFO [SIMULATE] 特徴量生成 race_id=202510020611: 16 頭 × 52 特徴量 (リーク除外済み)
2026-05-01 18:46:13,762 INFO [SIMULATE] 特徴量生成 race_id=202510020612: 16 頭 × 52 特徴量 (リーク除外済み)
2026-05-01 18:46:13,783 INFO [SIMULATE] 特徴量生成 race_id=202502011101: 11 頭 × 52 特徴量 (リーク除外済み)
2026-05-01 18:46:13,798 INFO [SIMULATE] 特徴量生成 race_id=202502011102: 12 頭 × 52 特徴量 (リーク除外済み)
2026-05-01 18:46:13,823 INFO [SIMULATE] 特徴量生成 race_id=202502011103: 12 頭 × 52 特徴量 (リーク除外済み)
2026-05-01 18:46:13,844 INFO [SIMULATE] 特徴量生成 race_id=202502011104: 15 頭 × 52 特徴量 (リーク除外済み)
2026-05-01 18:46:13,855 INFO [SIMULATE] 特徴量生成 race_id=202502011105: 16 頭 × 52 特徴量 (リーク除外済み)
2026-05-01 18:46:13,872 INFO [SIMULATE] 特徴量生成 race_id=202502011106: 14 頭 × 52 特徴量 (リーク除外済み)
2026-05-01 18:46:13,893 INFO [SIMULATE] 特徴量生成 race_id=202502011107: 16 頭 × 52 特徴量 (リーク除外済み)
2026-05-01 18:46:13,910 INFO [SIMULATE] 特徴量生成 race_id=202502011108: 10 頭 × 52 特徴量 (リーク除外済み)
2026-05-01 18:46:13,923 INFO [SIMULATE] 特徴量生成 race_id=202502011109: 14 頭 × 52 特徴量 (リーク除外済み)
2026-05-01 18:46:13,940 INFO [SIMULATE] 特徴量生成 race_id=202502011110: 14 頭 × 52 特徴量 (リーク除外済み)
2026-05-01 18:46:13,953 INFO [SIMULATE] 特徴量生成 race_id=202502011111: 14 頭 × 52 特徴量 (リーク除外済み)
2026-05-01 18:46:13,972 INFO [SIMULATE] 特徴量生成 race_id=202502011112: 16 頭 × 52 特徴量 (リーク除外済み)
2026-05-01 18:46:13,987 INFO [SIMULATE] 特徴量生成 race_id=202503020701: 8 頭 × 52 特徴量 (リーク除外済み)
2026-05-01 18:46:14,010 INFO [SIMULATE] 特徴量生成 race_id=202503020702: 15 頭 × 52 特徴量 (リーク除外済み)
2026-05-01 18:46:14,111 INFO [SIMULATE] 特徴量生成 race_id=202503020703: 10 頭 × 52 特徴量 (リーク除外済み)
2026-05-01 18:46:14,131 INFO [SIMULATE] 特徴量生成 race_id=202503020704: 16 頭 × 52 特徴量 (リーク除外済み)
2026-05-01 18:46:14,160 INFO [SIMULATE] 特徴量生成 race_id=202503020705: 16 頭 × 52 特徴量 (リーク除外済み)
2026-05-01 18:46:14,184 INFO [SIMULATE] 特徴量生成 race_id=202503020706: 14 頭 × 52 特徴量 (リーク除外済み)
2026-05-01 18:46:14,207 INFO [SIMULATE] 特徴量生成 race_id=202503020707: 16 頭 × 52 特徴量 (リーク除外済み)
2026-05-01 18:46:14,234 INFO [SIMULATE] 特徴量生成 race_id=202503020708: 16 頭 × 52 特徴量 (リーク除外済み)
2026-05-01 18:46:14,256 INFO [SIMULATE] 特徴量生成 race_id=202503020709: 8 頭 × 52 特徴量 (リーク除外済み)
2026-05-01 18:46:14,281 INFO [SIMULATE] 特徴量生成 race_id=202503020710: 16 頭 × 52 特徴量 (リーク除外済み)
2026-05-01 18:46:14,297 INFO [SIMULATE] 特徴量生成 race_id=202503020711: 11 頭 × 52 特徴量 (リーク除外済み)
2026-05-01 18:46:14,315 INFO [SIMULATE] 特徴量生成 race_id=202503020712: 11 頭 × 52 特徴量 (リーク除外済み)
2026-05-01 18:46:14,334 INFO [SIMULATE] 特徴量生成 race_id=202510020701: 10 頭 × 52 特徴量 (リーク除外済み)
2026-05-01 18:46:14,354 INFO [SIMULATE] 特徴量生成 race_id=202510020702: 14 頭 × 52 特徴量 (リーク除外済み)
2026-05-01 18:46:14,378 INFO [SIMULATE] 特徴量生成 race_id=202510020703: 18 頭 × 52 特徴量 (リーク除外済み)
2026-05-01 18:46:14,398 INFO [SIMULATE] 特徴量生成 race_id=202510020704: 16 頭 × 52 特徴量 (リーク除外済み)
2026-05-01 18:46:14,412 INFO [SIMULATE] 特徴量生成 race_id=202510020705: 9 頭 × 52 特徴量 (リーク除外済み)
2026-05-01 18:46:14,428 INFO [SIMULATE] 特徴量生成 race_id=202510020706: 16 頭 × 52 特徴量 (リーク除外済み)
2026-05-01 18:46:14,446 INFO [SIMULATE] 特徴量生成 race_id=202510020707: 9 頭 × 52 特徴量 (リーク除外済み)
2026-05-01 18:46:14,474 INFO [SIMULATE] 特徴量生成 race_id=202510020708: 10 頭 × 52 特徴量 (リーク除外済み)
2026-05-01 18:46:14,491 INFO [SIMULATE] 特徴量生成 race_id=202510020709: 18 頭 × 52 特徴量 (リーク除外済み)
2026-05-01 18:46:14,507 INFO [SIMULATE] 特徴量生成 race_id=202510020710: 16 頭 × 52 特徴量 (リーク除外済み)
2026-05-01 18:46:14,527 INFO [SIMULATE] 特徴量生成 race_id=202510020711: 17 頭 × 52 特徴量 (リーク除外済み)
2026-05-01 18:46:14,546 INFO [SIMULATE] 特徴量生成 race_id=202510020712: 16 頭 × 52 特徴量 (リーク除外済み)
2026-05-01 18:46:14,573 INFO [SIMULATE] 特徴量生成 race_id=202502011201: 16 頭 × 52 特徴量 (リーク除外済み)
2026-05-01 18:46:14,589 INFO [SIMULATE] 特徴量生成 race_id=202502011202: 13 頭 × 52 特徴量 (リーク除外済み)
2026-05-01 18:46:14,601 INFO [SIMULATE] 特徴量生成 race_id=202502011203: 14 頭 × 52 特徴量 (リーク除外済み)
2026-05-01 18:46:14,612 INFO [SIMULATE] 特徴量生成 race_id=202502011204: 14 頭 × 52 特徴量 (リーク除外済み)
2026-05-01 18:46:14,624 INFO [SIMULATE] 特徴量生成 race_id=202502011205: 9 頭 × 52 特徴量 (リーク除外済み)
2026-05-01 18:46:14,636 INFO [SIMULATE] 特徴量生成 race_id=202502011206: 16 頭 × 52 特徴量 (リーク除外済み)
2026-05-01 18:46:14,655 INFO [SIMULATE] 特徴量生成 race_id=202502011207: 12 頭 × 52 特徴量 (リーク除外済み)
2026-05-01 18:46:14,674 INFO [SIMULATE] 特徴量生成 race_id=202502011208: 9 頭 × 52 特徴量 (リーク除外済み)
2026-05-01 18:46:14,691 INFO [SIMULATE] 特徴量生成 race_id=202502011209: 13 頭 × 52 特徴量 (リーク除外済み)
2026-05-01 18:46:14,718 INFO [SIMULATE] 特徴量生成 race_id=202502011210: 12 頭 × 52 特徴量 (リーク除外済み)
2026-05-01 18:46:14,731 INFO [SIMULATE] 特徴量生成 race_id=202502011211: 12 頭 × 52 特徴量 (リーク除外済み)
2026-05-01 18:46:14,839 INFO [SIMULATE] 特徴量生成 race_id=202502011212: 13 頭 × 52 特徴量 (リーク除外済み)
2026-05-01 18:46:14,858 INFO [SIMULATE] 特徴量生成 race_id=202503020801: 14 頭 × 52 特徴量 (リーク除外済み)
2026-05-01 18:46:14,875 INFO [SIMULATE] 特徴量生成 race_id=202503020802: 15 頭 × 52 特徴量 (リーク除外済み)
2026-05-01 18:46:14,887 INFO [SIMULATE] 特徴量生成 race_id=202503020803: 6 頭 × 52 特徴量 (リーク除外済み)
2026-05-01 18:46:14,913 INFO [SIMULATE] 特徴量生成 race_id=202503020804: 8 頭 × 52 特徴量 (リーク除外済み)
2026-05-01 18:46:14,934 INFO [SIMULATE] 特徴量生成 race_id=202503020805: 13 頭 × 52 特徴量 (リーク除外済み)
2026-05-01 18:46:14,956 INFO [SIMULATE] 特徴量生成 race_id=202503020806: 14 頭 × 52 特徴量 (リーク除外済み)
2026-05-01 18:46:14,968 INFO [SIMULATE] 特徴量生成 race_id=202503020807: 15 頭 × 52 特徴量 (リーク除外済み)
2026-05-01 18:46:14,989 INFO [SIMULATE] 特徴量生成 race_id=202503020808: 14 頭 × 52 特徴量 (リーク除外済み)
2026-05-01 18:46:15,001 INFO [SIMULATE] 特徴量生成 race_id=202503020809: 11 頭 × 52 特徴量 (リーク除外済み)
2026-05-01 18:46:15,015 INFO [SIMULATE] 特徴量生成 race_id=202503020810: 10 頭 × 52 特徴量 (リーク除外済み)
2026-05-01 18:46:15,027 INFO [SIMULATE] 特徴量生成 race_id=202503020811: 13 頭 × 52 特徴量 (リーク除外済み)
2026-05-01 18:46:15,063 INFO [SIMULATE] 特徴量生成 race_id=202503020812: 15 頭 × 52 特徴量 (リーク除外済み)
2026-05-01 18:46:15,089 INFO [SIMULATE] 特徴量生成 race_id=202510020801: 11 頭 × 52 特徴量 (リーク除外済み)
2026-05-01 18:46:15,111 INFO [SIMULATE] 特徴量生成 race_id=202510020802: 18 頭 × 52 特徴量 (リーク除外済み)
2026-05-01 18:46:15,137 INFO [SIMULATE] 特徴量生成 race_id=202510020803: 16 頭 × 52 特徴量 (リーク除外済み)
2026-05-01 18:46:15,154 INFO [SIMULATE] 特徴量生成 race_id=202510020804: 18 頭 × 52 特徴量 (リーク除外済み)
2026-05-01 18:46:15,178 INFO [SIMULATE] 特徴量生成 race_id=202510020805: 13 頭 × 52 特徴量 (リーク除外済み)
2026-05-01 18:46:15,188 INFO [SIMULATE] 特徴量生成 race_id=202510020806: 9 頭 × 52 特徴量 (リーク除外済み)
2026-05-01 18:46:15,203 INFO [SIMULATE] 特徴量生成 race_id=202510020807: 10 頭 × 52 特徴量 (リーク除外済み)
2026-05-01 18:46:15,216 INFO [SIMULATE] 特徴量生成 race_id=202510020808: 12 頭 × 52 特徴量 (リーク除外済み)
2026-05-01 18:46:15,236 INFO [SIMULATE] 特徴量生成 race_id=202510020809: 8 頭 × 52 特徴量 (リーク除外済み)
2026-05-01 18:46:15,250 INFO [SIMULATE] 特徴量生成 race_id=202510020810: 13 頭 × 52 特徴量 (リーク除外済み)
2026-05-01 18:46:15,280 INFO [SIMULATE] 特徴量生成 race_id=202510020811: 16 頭 × 52 特徴量 (リーク除外済み)
2026-05-01 18:46:15,307 INFO [SIMULATE] 特徴量生成 race_id=202510020812: 18 頭 × 52 特徴量 (リーク除外済み)
2026-05-01 18:46:15,324 INFO [SIMULATE] 特徴量生成 race_id=202501010101: 12 頭 × 52 特徴量 (リーク除外済み)
2026-05-01 18:46:15,344 INFO [SIMULATE] 特徴量生成 race_id=202501010102: 12 頭 × 52 特徴量 (リーク除外済み)
2026-05-01 18:46:15,367 INFO [SIMULATE] 特徴量生成 race_id=202501010103: 14 頭 × 52 特徴量 (リーク除外済み)
2026-05-01 18:46:15,394 INFO [SIMULATE] 特徴量生成 race_id=202501010104: 14 頭 × 52 特徴量 (リーク除外済み)
2026-05-01 18:46:15,415 INFO [SIMULATE] 特徴量生成 race_id=202501010105: 13 頭 × 52 特徴量 (リーク除外済み)
2026-05-01 18:46:15,444 INFO [SIMULATE] 特徴量生成 race_id=202501010106: 14 頭 × 52 特徴量 (リーク除外済み)
2026-05-01 18:46:15,481 INFO [SIMULATE] 特徴量生成 race_id=202501010107: 8 頭 × 52 特徴量 (リーク除外済み)
2026-05-01 18:46:15,515 INFO [SIMULATE] 特徴量生成 race_id=202501010108: 5 頭 × 52 特徴量 (リーク除外済み)
2026-05-01 18:46:15,550 INFO [SIMULATE] 特徴量生成 race_id=202501010109: 13 頭 × 52 特徴量 (リーク除外済み)
2026-05-01 18:46:15,590 INFO [SIMULATE] 特徴量生成 race_id=202501010110: 13 頭 × 52 特徴量 (リーク除外済み)
2026-05-01 18:46:15,614 INFO [SIMULATE] 特徴量生成 race_id=202501010111: 12 頭 × 52 特徴量 (リーク除外済み)
2026-05-01 18:46:15,654 INFO [SIMULATE] 特徴量生成 race_id=202501010112: 14 頭 × 52 特徴量 (リーク除外済み)
2026-05-01 18:46:15,677 INFO [SIMULATE] 特徴量生成 race_id=202504020101: 8 頭 × 52 特徴量 (リーク除外済み)
2026-05-01 18:46:15,699 INFO [SIMULATE] 特徴量生成 race_id=202504020102: 12 頭 × 52 特徴量 (リーク除外済み)
2026-05-01 18:46:15,714 INFO [SIMULATE] 特徴量生成 race_id=202504020103: 18 頭 × 52 特徴量 (リーク除外済み)
2026-05-01 18:46:15,725 INFO [SIMULATE] 特徴量生成 race_id=202504020104: 15 頭 × 52 特徴量 (リーク除外済み)
2026-05-01 18:46:15,755 INFO [SIMULATE] 特徴量生成 race_id=202504020105: 18 頭 × 52 特徴量 (リーク除外済み)
2026-05-01 18:46:15,786 INFO [SIMULATE] 特徴量生成 race_id=202504020106: 15 頭 × 52 特徴量 (リーク除外済み)
2026-05-01 18:46:15,818 INFO [SIMULATE] 特徴量生成 race_id=202504020107: 10 頭 × 52 特徴量 (リーク除外済み)
2026-05-01 18:46:15,843 INFO [SIMULATE] 特徴量生成 race_id=202504020108: 14 頭 × 52 特徴量 (リーク除外済み)
2026-05-01 18:46:15,870 INFO [SIMULATE] 特徴量生成 race_id=202504020109: 14 頭 × 52 特徴量 (リーク除外済み)
2026-05-01 18:46:15,893 INFO [SIMULATE] 特徴量生成 race_id=202504020110: 14 頭 × 52 特徴量 (リーク除外済み)
2026-05-01 18:46:15,911 INFO [SIMULATE] 特徴量生成 race_id=202504020111: 14 頭 × 52 特徴量 (リーク除外済み)
2026-05-01 18:46:15,931 INFO [SIMULATE] 特徴量生成 race_id=202504020112: 17 頭 × 52 特徴量 (リーク除外済み)
2026-05-01 18:46:15,959 INFO [SIMULATE] 特徴量生成 race_id=202507030101: 14 頭 × 52 特徴量 (リーク除外済み)
2026-05-01 18:46:15,987 INFO [SIMULATE] 特徴量生成 race_id=202507030102: 16 頭 × 52 特徴量 (リーク除外済み)
2026-05-01 18:46:16,001 INFO [SIMULATE] 特徴量生成 race_id=202507030103: 6 頭 × 52 特徴量 (リーク除外済み)
2026-05-01 18:46:16,016 INFO [SIMULATE] 特徴量生成 race_id=202507030104: 11 頭 × 52 特徴量 (リーク除外済み)
2026-05-01 18:46:16,038 INFO [SIMULATE] 特徴量生成 race_id=202507030105: 16 頭 × 52 特徴量 (リーク除外済み)
2026-05-01 18:46:16,060 INFO [SIMULATE] 特徴量生成 race_id=202507030106: 16 頭 × 52 特徴量 (リーク除外済み)
2026-05-01 18:46:16,073 INFO [SIMULATE] 特徴量生成 race_id=202507030107: 10 頭 × 52 特徴量 (リーク除外済み)
2026-05-01 18:46:16,088 INFO [SIMULATE] 特徴量生成 race_id=202507030108: 7 頭 × 52 特徴量 (リーク除外済み)
2026-05-01 18:46:16,104 INFO [SIMULATE] 特徴量生成 race_id=202507030109: 8 頭 × 52 特徴量 (リーク除外済み)
2026-05-01 18:46:16,119 INFO [SIMULATE] 特徴量生成 race_id=202507030110: 11 頭 × 52 特徴量 (リーク除外済み)
2026-05-01 18:46:16,134 INFO [SIMULATE] 特徴量生成 race_id=202507030111: 14 頭 × 52 特徴量 (リーク除外済み)
2026-05-01 18:46:16,150 INFO [SIMULATE] 特徴量生成 race_id=202507030112: 10 頭 × 52 特徴量 (リーク除外済み)
2026-05-01 18:46:16,165 INFO [SIMULATE] 特徴量生成 race_id=202501010201: 14 頭 × 52 特徴量 (リーク除外済み)
2026-05-01 18:46:16,199 INFO [SIMULATE] 特徴量生成 race_id=202501010202: 14 頭 × 52 特徴量 (リーク除外済み)
2026-05-01 18:46:16,219 INFO [SIMULATE] 特徴量生成 race_id=202501010203: 14 頭 × 52 特徴量 (リーク除外済み)
2026-05-01 18:46:16,236 INFO [SIMULATE] 特徴量生成 race_id=202501010204: 9 頭 × 52 特徴量 (リーク除外済み)
2026-05-01 18:46:16,251 INFO [SIMULATE] 特徴量生成 race_id=202501010205: 6 頭 × 52 特徴量 (リーク除外済み)
2026-05-01 18:46:16,273 INFO [SIMULATE] 特徴量生成 race_id=202501010206: 9 頭 × 52 特徴量 (リーク除外済み)
2026-05-01 18:46:16,288 INFO [SIMULATE] 特徴量生成 race_id=202501010207: 13 頭 × 52 特徴量 (リーク除外済み)
2026-05-01 18:46:16,304 INFO [SIMULATE] 特徴量生成 race_id=202501010208: 8 頭 × 52 特徴量 (リーク除外済み)
2026-05-01 18:46:16,327 INFO [SIMULATE] 特徴量生成 race_id=202501010209: 9 頭 × 52 特徴量 (リーク除外済み)
2026-05-01 18:46:16,345 INFO [SIMULATE] 特徴量生成 race_id=202501010210: 8 頭 × 52 特徴量 (リーク除外済み)
2026-05-01 18:46:16,363 INFO [SIMULATE] 特徴量生成 race_id=202501010211: 10 頭 × 52 特徴量 (リーク除外済み)
2026-05-01 18:46:16,380 INFO [SIMULATE] 特徴量生成 race_id=202501010212: 8 頭 × 52 特徴量 (リーク除外済み)
2026-05-01 18:46:16,399 INFO [SIMULATE] 特徴量生成 race_id=202504020201: 7 頭 × 52 特徴量 (リーク除外済み)
2026-05-01 18:46:16,414 INFO [SIMULATE] 特徴量生成 race_id=202504020202: 6 頭 × 52 特徴量 (リーク除外済み)
2026-05-01 18:46:16,428 INFO [SIMULATE] 特徴量生成 race_id=202504020203: 9 頭 × 52 特徴量 (リーク除外済み)
2026-05-01 18:46:16,443 INFO [SIMULATE] 特徴量生成 race_id=202504020204: 15 頭 × 52 特徴量 (リーク除外済み)
2026-05-01 18:46:16,460 INFO [SIMULATE] 特徴量生成 race_id=202504020205: 15 頭 × 52 特徴量 (リーク除外済み)
2026-05-01 18:46:16,486 INFO [SIMULATE] 特徴量生成 race_id=202504020206: 11 頭 × 52 特徴量 (リーク除外済み)
2026-05-01 18:46:16,502 INFO [SIMULATE] 特徴量生成 race_id=202504020208: 15 頭 × 52 特徴量 (リーク除外済み)
2026-05-01 18:46:16,515 INFO [SIMULATE] 特徴量生成 race_id=202504020209: 13 頭 × 52 特徴量 (リーク除外済み)
2026-05-01 18:46:16,529 INFO [SIMULATE] 特徴量生成 race_id=202504020210: 14 頭 × 52 特徴量 (リーク除外済み)
2026-05-01 18:46:16,544 INFO [SIMULATE] 特徴量生成 race_id=202504020211: 16 頭 × 52 特徴量 (リーク除外済み)
2026-05-01 18:46:16,555 INFO [SIMULATE] 特徴量生成 race_id=202504020212: 16 頭 × 52 特徴量 (リーク除外済み)
2026-05-01 18:46:16,566 INFO [SIMULATE] 特徴量生成 race_id=202507030201: 14 頭 × 52 特徴量 (リーク除外済み)
2026-05-01 18:46:16,577 INFO [SIMULATE] 特徴量生成 race_id=202507030202: 16 頭 × 52 特徴量 (リーク除外済み)
2026-05-01 18:46:16,586 INFO [SIMULATE] 特徴量生成 race_id=202507030203: 6 頭 × 52 特徴量 (リーク除外済み)
2026-05-01 18:46:16,598 INFO [SIMULATE] 特徴量生成 race_id=202507030204: 16 頭 × 52 特徴量 (リーク除外済み)
2026-05-01 18:46:16,610 INFO [SIMULATE] 特徴量生成 race_id=202507030205: 18 頭 × 52 特徴量 (リーク除外済み)
2026-05-01 18:46:16,622 INFO [SIMULATE] 特徴量生成 race_id=202507030206: 10 頭 × 52 特徴量 (リーク除外済み)
2026-05-01 18:46:16,633 INFO [SIMULATE] 特徴量生成 race_id=202507030207: 16 頭 × 52 特徴量 (リーク除外済み)
2026-05-01 18:46:16,643 INFO [SIMULATE] 特徴量生成 race_id=202507030208: 7 頭 × 52 特徴量 (リーク除外済み)
2026-05-01 18:46:16,654 INFO [SIMULATE] 特徴量生成 race_id=202507030209: 9 頭 × 52 特徴量 (リーク除外済み)
2026-05-01 18:46:16,664 INFO [SIMULATE] 特徴量生成 race_id=202507030210: 12 頭 × 52 特徴量 (リーク除外済み)
2026-05-01 18:46:16,674 INFO [SIMULATE] 特徴量生成 race_id=202507030211: 11 頭 × 52 特徴量 (リーク除外済み)
2026-05-01 18:46:16,686 INFO [SIMULATE] 特徴量生成 race_id=202507030212: 9 頭 × 52 特徴量 (リーク除外済み)
2026-05-01 18:46:16,695 INFO [SIMULATE] 特徴量生成 race_id=202501010301: 8 頭 × 52 特徴量 (リーク除外済み)
2026-05-01 18:46:16,708 INFO [SIMULATE] 特徴量生成 race_id=202501010302: 12 頭 × 52 特徴量 (リーク除外済み)
2026-05-01 18:46:16,722 INFO [SIMULATE] 特徴量生成 race_id=202501010303: 14 頭 × 52 特徴量 (リーク除外済み)
2026-05-01 18:46:16,734 INFO [SIMULATE] 特徴量生成 race_id=202501010304: 16 頭 × 52 特徴量 (リーク除外済み)
2026-05-01 18:46:16,748 INFO [SIMULATE] 特徴量生成 race_id=202501010305: 11 頭 × 52 特徴量 (リーク除外済み)
2026-05-01 18:46:16,759 INFO [SIMULATE] 特徴量生成 race_id=202501010306: 7 頭 × 52 特徴量 (リーク除外済み)
2026-05-01 18:46:16,770 INFO [SIMULATE] 特徴量生成 race_id=202501010307: 10 頭 × 52 特徴量 (リーク除外済み)
2026-05-01 18:46:16,788 INFO [SIMULATE] 特徴量生成 race_id=202501010308: 11 頭 × 52 特徴量 (リーク除外済み)
2026-05-01 18:46:16,802 INFO [SIMULATE] 特徴量生成 race_id=202501010309: 10 頭 × 52 特徴量 (リーク除外済み)
2026-05-01 18:46:16,820 INFO [SIMULATE] 特徴量生成 race_id=202501010310: 14 頭 × 52 特徴量 (リーク除外済み)
2026-05-01 18:46:16,832 INFO [SIMULATE] 特徴量生成 race_id=202501010311: 16 頭 × 52 特徴量 (リーク除外済み)
2026-05-01 18:46:16,852 INFO [SIMULATE] 特徴量生成 race_id=202501010312: 14 頭 × 52 特徴量 (リーク除外済み)
2026-05-01 18:46:16,866 INFO [SIMULATE] 特徴量生成 race_id=202504020301: 14 頭 × 52 特徴量 (リーク除外済み)
2026-05-01 18:46:16,891 INFO [SIMULATE] 特徴量生成 race_id=202504020302: 15 頭 × 52 特徴量 (リーク除外済み)
2026-05-01 18:46:16,912 INFO [SIMULATE] 特徴量生成 race_id=202504020303: 12 頭 × 52 特徴量 (リーク除外済み)
2026-05-01 18:46:16,925 INFO [SIMULATE] 特徴量生成 race_id=202504020304: 13 頭 × 52 特徴量 (リーク除外済み)
2026-05-01 18:46:16,941 INFO [SIMULATE] 特徴量生成 race_id=202504020305: 15 頭 × 52 特徴量 (リーク除外済み)
2026-05-01 18:46:16,956 INFO [SIMULATE] 特徴量生成 race_id=202504020306: 15 頭 × 52 特徴量 (リーク除外済み)
2026-05-01 18:46:16,982 INFO [SIMULATE] 特徴量生成 race_id=202504020307: 15 頭 × 52 特徴量 (リーク除外済み)
2026-05-01 18:46:17,003 INFO [SIMULATE] 特徴量生成 race_id=202504020308: 12 頭 × 52 特徴量 (リーク除外済み)
2026-05-01 18:46:17,014 INFO [SIMULATE] 特徴量生成 race_id=202504020309: 9 頭 × 52 特徴量 (リーク除外済み)
2026-05-01 18:46:17,030 INFO [SIMULATE] 特徴量生成 race_id=202504020310: 13 頭 × 52 特徴量 (リーク除外済み)
2026-05-01 18:46:17,051 INFO [SIMULATE] 特徴量生成 race_id=202504020311: 17 頭 × 52 特徴量 (リーク除外済み)
2026-05-01 18:46:17,055 INFO   特徴量生成中... 3500/5878
2026-05-01 18:46:17,069 INFO [SIMULATE] 特徴量生成 race_id=202504020312: 12 頭 × 52 特徴量 (リーク除外済み)
2026-05-01 18:46:17,079 INFO [SIMULATE] 特徴量生成 race_id=202507030301: 5 頭 × 52 特徴量 (リーク除外済み)
2026-05-01 18:46:17,091 INFO [SIMULATE] 特徴量生成 race_id=202507030302: 7 頭 × 52 特徴量 (リーク除外済み)
2026-05-01 18:46:17,102 INFO [SIMULATE] 特徴量生成 race_id=202507030303: 16 頭 × 52 特徴量 (リーク除外済み)
2026-05-01 18:46:17,116 INFO [SIMULATE] 特徴量生成 race_id=202507030304: 14 頭 × 52 特徴量 (リーク除外済み)
2026-05-01 18:46:17,129 INFO [SIMULATE] 特徴量生成 race_id=202507030305: 16 頭 × 52 特徴量 (リーク除外済み)
2026-05-01 18:46:17,142 INFO [SIMULATE] 特徴量生成 race_id=202507030306: 12 頭 × 52 特徴量 (リーク除外済み)
2026-05-01 18:46:17,154 INFO [SIMULATE] 特徴量生成 race_id=202507030307: 13 頭 × 52 特徴量 (リーク除外済み)
2026-05-01 18:46:17,167 INFO [SIMULATE] 特徴量生成 race_id=202507030308: 14 頭 × 52 特徴量 (リーク除外済み)
2026-05-01 18:46:17,184 INFO [SIMULATE] 特徴量生成 race_id=202507030309: 10 頭 × 52 特徴量 (リーク除外済み)
2026-05-01 18:46:17,194 INFO [SIMULATE] 特徴量生成 race_id=202507030310: 13 頭 × 52 特徴量 (リーク除外済み)
2026-05-01 18:46:17,214 INFO [SIMULATE] 特徴量生成 race_id=202507030311: 13 頭 × 52 特徴量 (リーク除外済み)
2026-05-01 18:46:17,224 INFO [SIMULATE] 特徴量生成 race_id=202507030312: 16 頭 × 52 特徴量 (リーク除外済み)
2026-05-01 18:46:17,236 INFO [SIMULATE] 特徴量生成 race_id=202501010401: 12 頭 × 52 特徴量 (リーク除外済み)
2026-05-01 18:46:17,250 INFO [SIMULATE] 特徴量生成 race_id=202501010402: 14 頭 × 52 特徴量 (リーク除外済み)
2026-05-01 18:46:17,264 INFO [SIMULATE] 特徴量生成 race_id=202501010403: 16 頭 × 52 特徴量 (リーク除外済み)
2026-05-01 18:46:17,284 INFO [SIMULATE] 特徴量生成 race_id=202501010404: 14 頭 × 52 特徴量 (リーク除外済み)
2026-05-01 18:46:17,296 INFO [SIMULATE] 特徴量生成 race_id=202501010405: 8 頭 × 52 特徴量 (リーク除外済み)
2026-05-01 18:46:17,313 INFO [SIMULATE] 特徴量生成 race_id=202501010406: 14 頭 × 52 特徴量 (リーク除外済み)
2026-05-01 18:46:17,342 INFO [SIMULATE] 特徴量生成 race_id=202501010407: 12 頭 × 52 特徴量 (リーク除外済み)
2026-05-01 18:46:17,359 INFO [SIMULATE] 特徴量生成 race_id=202501010408: 11 頭 × 52 特徴量 (リーク除外済み)
2026-05-01 18:46:17,378 INFO [SIMULATE] 特徴量生成 race_id=202501010409: 10 頭 × 52 特徴量 (リーク除外済み)
2026-05-01 18:46:17,402 INFO [SIMULATE] 特徴量生成 race_id=202501010410: 13 頭 × 52 特徴量 (リーク除外済み)
2026-05-01 18:46:17,419 INFO [SIMULATE] 特徴量生成 race_id=202501010411: 14 頭 × 52 特徴量 (リーク除外済み)
2026-05-01 18:46:17,429 INFO [SIMULATE] 特徴量生成 race_id=202501010412: 8 頭 × 52 特徴量 (リーク除外済み)
2026-05-01 18:46:17,442 INFO [SIMULATE] 特徴量生成 race_id=202504020401: 14 頭 × 52 特徴量 (リーク除外済み)
2026-05-01 18:46:17,458 INFO [SIMULATE] 特徴量生成 race_id=202504020402: 15 頭 × 52 特徴量 (リーク除外済み)
2026-05-01 18:46:17,471 INFO [SIMULATE] 特徴量生成 race_id=202504020403: 6 頭 × 52 特徴量 (リーク除外済み)
2026-05-01 18:46:17,487 INFO [SIMULATE] 特徴量生成 race_id=202504020404: 13 頭 × 52 特徴量 (リーク除外済み)
2026-05-01 18:46:17,499 INFO [SIMULATE] 特徴量生成 race_id=202504020405: 15 頭 × 52 特徴量 (リーク除外済み)
2026-05-01 18:46:17,512 INFO [SIMULATE] 特徴量生成 race_id=202504020406: 5 頭 × 52 特徴量 (リーク除外済み)
2026-05-01 18:46:17,528 INFO [SIMULATE] 特徴量生成 race_id=202504020407: 18 頭 × 52 特徴量 (リーク除外済み)
2026-05-01 18:46:17,538 INFO [SIMULATE] 特徴量生成 race_id=202504020408: 11 頭 × 52 特徴量 (リーク除外済み)
2026-05-01 18:46:17,551 INFO [SIMULATE] 特徴量生成 race_id=202504020409: 15 頭 × 52 特徴量 (リーク除外済み)
2026-05-01 18:46:17,563 INFO [SIMULATE] 特徴量生成 race_id=202504020410: 15 頭 × 52 特徴量 (リーク除外済み)
2026-05-01 18:46:17,576 INFO [SIMULATE] 特徴量生成 race_id=202504020411: 14 頭 × 52 特徴量 (リーク除外済み)
2026-05-01 18:46:17,587 INFO [SIMULATE] 特徴量生成 race_id=202504020412: 12 頭 × 52 特徴量 (リーク除外済み)
2026-05-01 18:46:17,596 INFO [SIMULATE] 特徴量生成 race_id=202507030401: 5 頭 × 52 特徴量 (リーク除外済み)
2026-05-01 18:46:17,611 INFO [SIMULATE] 特徴量生成 race_id=202507030402: 15 頭 × 52 特徴量 (リーク除外済み)
2026-05-01 18:46:17,621 INFO [SIMULATE] 特徴量生成 race_id=202507030403: 7 頭 × 52 特徴量 (リーク除外済み)
2026-05-01 18:46:17,631 INFO [SIMULATE] 特徴量生成 race_id=202507030404: 16 頭 × 52 特徴量 (リーク除外済み)
2026-05-01 18:46:17,650 INFO [SIMULATE] 特徴量生成 race_id=202507030405: 16 頭 × 52 特徴量 (リーク除外済み)
2026-05-01 18:46:17,661 INFO [SIMULATE] 特徴量生成 race_id=202507030406: 16 頭 × 52 特徴量 (リーク除外済み)
2026-05-01 18:46:17,675 INFO [SIMULATE] 特徴量生成 race_id=202507030407: 12 頭 × 52 特徴量 (リーク除外済み)
2026-05-01 18:46:17,686 INFO [SIMULATE] 特徴量生成 race_id=202507030408: 8 頭 × 52 特徴量 (リーク除外済み)
2026-05-01 18:46:17,705 INFO [SIMULATE] 特徴量生成 race_id=202507030409: 18 頭 × 52 特徴量 (リーク除外済み)
2026-05-01 18:46:17,720 INFO [SIMULATE] 特徴量生成 race_id=202507030410: 16 頭 × 52 特徴量 (リーク除外済み)
2026-05-01 18:46:17,733 INFO [SIMULATE] 特徴量生成 race_id=202507030411: 8 頭 × 52 特徴量 (リーク除外済み)
2026-05-01 18:46:17,749 INFO [SIMULATE] 特徴量生成 race_id=202507030412: 18 頭 × 52 特徴量 (リーク除外済み)
2026-05-01 18:46:17,763 INFO [SIMULATE] 特徴量生成 race_id=202501010501: 12 頭 × 52 特徴量 (リーク除外済み)
2026-05-01 18:46:17,780 INFO [SIMULATE] 特徴量生成 race_id=202501010502: 14 頭 × 52 特徴量 (リーク除外済み)
2026-05-01 18:46:17,797 INFO [SIMULATE] 特徴量生成 race_id=202501010503: 16 頭 × 52 特徴量 (リーク除外済み)
2026-05-01 18:46:17,815 INFO [SIMULATE] 特徴量生成 race_id=202501010504: 14 頭 × 52 特徴量 (リーク除外済み)
2026-05-01 18:46:17,830 INFO [SIMULATE] 特徴量生成 race_id=202501010505: 12 頭 × 52 特徴量 (リーク除外済み)
2026-05-01 18:46:17,842 INFO [SIMULATE] 特徴量生成 race_id=202501010506: 15 頭 × 52 特徴量 (リーク除外済み)
2026-05-01 18:46:17,856 INFO [SIMULATE] 特徴量生成 race_id=202501010507: 12 頭 × 52 特徴量 (リーク除外済み)
2026-05-01 18:46:17,873 INFO [SIMULATE] 特徴量生成 race_id=202501010508: 11 頭 × 52 特徴量 (リーク除外済み)
2026-05-01 18:46:17,889 INFO [SIMULATE] 特徴量生成 race_id=202501010509: 10 頭 × 52 特徴量 (リーク除外済み)
2026-05-01 18:46:17,912 INFO [SIMULATE] 特徴量生成 race_id=202501010510: 11 頭 × 52 特徴量 (リーク除外済み)
2026-05-01 18:46:17,934 INFO [SIMULATE] 特徴量生成 race_id=202501010511: 14 頭 × 52 特徴量 (リーク除外済み)
2026-05-01 18:46:17,949 INFO [SIMULATE] 特徴量生成 race_id=202501010512: 11 頭 × 52 特徴量 (リーク除外済み)
2026-05-01 18:46:17,963 INFO [SIMULATE] 特徴量生成 race_id=202504020501: 15 頭 × 52 特徴量 (リーク除外済み)
2026-05-01 18:46:17,976 INFO [SIMULATE] 特徴量生成 race_id=202504020502: 10 頭 × 52 特徴量 (リーク除外済み)
2026-05-01 18:46:17,991 INFO [SIMULATE] 特徴量生成 race_id=202504020503: 17 頭 × 52 特徴量 (リーク除外済み)
2026-05-01 18:46:18,008 INFO [SIMULATE] 特徴量生成 race_id=202504020504: 15 頭 × 52 特徴量 (リーク除外済み)
2026-05-01 18:46:18,024 INFO [SIMULATE] 特徴量生成 race_id=202504020505: 15 頭 × 52 特徴量 (リーク除外済み)
2026-05-01 18:46:18,043 INFO [SIMULATE] 特徴量生成 race_id=202504020506: 16 頭 × 52 特徴量 (リーク除外済み)
2026-05-01 18:46:18,059 INFO [SIMULATE] 特徴量生成 race_id=202504020507: 13 頭 × 52 特徴量 (リーク除外済み)
2026-05-01 18:46:18,069 INFO [SIMULATE] 特徴量生成 race_id=202504020508: 9 頭 × 52 特徴量 (リーク除外済み)
2026-05-01 18:46:18,084 INFO [SIMULATE] 特徴量生成 race_id=202504020509: 14 頭 × 52 特徴量 (リーク除外済み)
2026-05-01 18:46:18,096 INFO [SIMULATE] 特徴量生成 race_id=202504020510: 15 頭 × 52 特徴量 (リーク除外済み)
2026-05-01 18:46:18,110 INFO [SIMULATE] 特徴量生成 race_id=202504020511: 18 頭 × 52 特徴量 (リーク除外済み)
2026-05-01 18:46:18,122 INFO [SIMULATE] 特徴量生成 race_id=202504020512: 18 頭 × 52 特徴量 (リーク除外済み)
2026-05-01 18:46:18,131 INFO [SIMULATE] 特徴量生成 race_id=202507030501: 9 頭 × 52 特徴量 (リーク除外済み)
2026-05-01 18:46:18,143 INFO [SIMULATE] 特徴量生成 race_id=202507030502: 15 頭 × 52 特徴量 (リーク除外済み)
2026-05-01 18:46:18,153 INFO [SIMULATE] 特徴量生成 race_id=202507030503: 12 頭 × 52 特徴量 (リーク除外済み)
2026-05-01 18:46:18,163 INFO [SIMULATE] 特徴量生成 race_id=202507030504: 11 頭 × 52 特徴量 (リーク除外済み)
2026-05-01 18:46:18,177 INFO [SIMULATE] 特徴量生成 race_id=202507030505: 16 頭 × 52 特徴量 (リーク除外済み)
2026-05-01 18:46:18,192 INFO [SIMULATE] 特徴量生成 race_id=202507030506: 11 頭 × 52 特徴量 (リーク除外済み)
2026-05-01 18:46:18,207 INFO [SIMULATE] 特徴量生成 race_id=202507030507: 16 頭 × 52 特徴量 (リーク除外済み)
2026-05-01 18:46:18,221 INFO [SIMULATE] 特徴量生成 race_id=202507030508: 7 頭 × 52 特徴量 (リーク除外済み)
2026-05-01 18:46:18,233 INFO [SIMULATE] 特徴量生成 race_id=202507030509: 9 頭 × 52 特徴量 (リーク除外済み)
2026-05-01 18:46:18,243 INFO [SIMULATE] 特徴量生成 race_id=202507030510: 15 頭 × 52 特徴量 (リーク除外済み)
2026-05-01 18:46:18,257 INFO [SIMULATE] 特徴量生成 race_id=202507030511: 18 頭 × 52 特徴量 (リーク除外済み)
2026-05-01 18:46:18,269 INFO [SIMULATE] 特徴量生成 race_id=202507030512: 12 頭 × 52 特徴量 (リーク除外済み)
2026-05-01 18:46:18,281 INFO [SIMULATE] 特徴量生成 race_id=202501010601: 14 頭 × 52 特徴量 (リーク除外済み)
2026-05-01 18:46:18,291 INFO [SIMULATE] 特徴量生成 race_id=202501010602: 12 頭 × 52 特徴量 (リーク除外済み)
2026-05-01 18:46:18,302 INFO [SIMULATE] 特徴量生成 race_id=202501010603: 16 頭 × 52 特徴量 (リーク除外済み)
2026-05-01 18:46:18,314 INFO [SIMULATE] 特徴量生成 race_id=202501010604: 14 頭 × 52 特徴量 (リーク除外済み)
2026-05-01 18:46:18,326 INFO [SIMULATE] 特徴量生成 race_id=202501010605: 12 頭 × 52 特徴量 (リーク除外済み)
2026-05-01 18:46:18,338 INFO [SIMULATE] 特徴量生成 race_id=202501010606: 14 頭 × 52 特徴量 (リーク除外済み)
2026-05-01 18:46:18,351 INFO [SIMULATE] 特徴量生成 race_id=202501010607: 15 頭 × 52 特徴量 (リーク除外済み)
2026-05-01 18:46:18,363 INFO [SIMULATE] 特徴量生成 race_id=202501010608: 9 頭 × 52 特徴量 (リーク除外済み)
2026-05-01 18:46:18,375 INFO [SIMULATE] 特徴量生成 race_id=202501010609: 9 頭 × 52 特徴量 (リーク除外済み)
2026-05-01 18:46:18,390 INFO [SIMULATE] 特徴量生成 race_id=202501010610: 14 頭 × 52 特徴量 (リーク除外済み)
2026-05-01 18:46:18,400 INFO [SIMULATE] 特徴量生成 race_id=202501010611: 16 頭 × 52 特徴量 (リーク除外済み)
2026-05-01 18:46:18,415 INFO [SIMULATE] 特徴量生成 race_id=202501010612: 14 頭 × 52 特徴量 (リーク除外済み)
2026-05-01 18:46:18,430 INFO [SIMULATE] 特徴量生成 race_id=202504020601: 18 頭 × 52 特徴量 (リーク除外済み)
2026-05-01 18:46:18,446 INFO [SIMULATE] 特徴量生成 race_id=202504020602: 12 頭 × 52 特徴量 (リーク除外済み)
2026-05-01 18:46:18,460 INFO [SIMULATE] 特徴量生成 race_id=202504020603: 15 頭 × 52 特徴量 (リーク除外済み)
2026-05-01 18:46:18,479 INFO [SIMULATE] 特徴量生成 race_id=202504020604: 14 頭 × 52 特徴量 (リーク除外済み)
2026-05-01 18:46:18,494 INFO [SIMULATE] 特徴量生成 race_id=202504020605: 18 頭 × 52 特徴量 (リーク除外済み)
2026-05-01 18:46:18,508 INFO [SIMULATE] 特徴量生成 race_id=202504020606: 14 頭 × 52 特徴量 (リーク除外済み)
2026-05-01 18:46:18,518 INFO [SIMULATE] 特徴量生成 race_id=202504020607: 15 頭 × 52 特徴量 (リーク除外済み)
2026-05-01 18:46:18,531 INFO [SIMULATE] 特徴量生成 race_id=202504020608: 18 頭 × 52 特徴量 (リーク除外済み)
2026-05-01 18:46:18,541 INFO [SIMULATE] 特徴量生成 race_id=202504020609: 14 頭 × 52 特徴量 (リーク除外済み)
2026-05-01 18:46:18,553 INFO [SIMULATE] 特徴量生成 race_id=202504020610: 15 頭 × 52 特徴量 (リーク除外済み)
2026-05-01 18:46:18,566 INFO [SIMULATE] 特徴量生成 race_id=202504020611: 14 頭 × 52 特徴量 (リーク除外済み)
2026-05-01 18:46:18,583 INFO [SIMULATE] 特徴量生成 race_id=202504020612: 18 頭 × 52 特徴量 (リーク除外済み)
2026-05-01 18:46:18,598 INFO [SIMULATE] 特徴量生成 race_id=202507030601: 11 頭 × 52 特徴量 (リーク除外済み)
2026-05-01 18:46:18,610 INFO [SIMULATE] 特徴量生成 race_id=202507030602: 15 頭 × 52 特徴量 (リーク除外済み)
2026-05-01 18:46:18,624 INFO [SIMULATE] 特徴量生成 race_id=202507030603: 12 頭 × 52 特徴量 (リーク除外済み)
2026-05-01 18:46:18,635 INFO [SIMULATE] 特徴量生成 race_id=202507030604: 13 頭 × 52 特徴量 (リーク除外済み)
2026-05-01 18:46:18,646 INFO [SIMULATE] 特徴量生成 race_id=202507030605: 16 頭 × 52 特徴量 (リーク除外済み)
2026-05-01 18:46:18,659 INFO [SIMULATE] 特徴量生成 race_id=202507030606: 9 頭 × 52 特徴量 (リーク除外済み)
2026-05-01 18:46:18,672 INFO [SIMULATE] 特徴量生成 race_id=202507030607: 18 頭 × 52 特徴量 (リーク除外済み)
2026-05-01 18:46:18,688 INFO [SIMULATE] 特徴量生成 race_id=202507030608: 12 頭 × 52 特徴量 (リーク除外済み)
2026-05-01 18:46:18,703 INFO [SIMULATE] 特徴量生成 race_id=202507030609: 14 頭 × 52 特徴量 (リーク除外済み)
2026-05-01 18:46:18,727 INFO [SIMULATE] 特徴量生成 race_id=202507030610: 13 頭 × 52 特徴量 (リーク除外済み)
2026-05-01 18:46:18,744 INFO [SIMULATE] 特徴量生成 race_id=202507030611: 16 頭 × 52 特徴量 (リーク除外済み)
2026-05-01 18:46:18,764 INFO [SIMULATE] 特徴量生成 race_id=202507030612: 15 頭 × 52 特徴量 (リーク除外済み)
2026-05-01 18:46:18,783 INFO [SIMULATE] 特徴量生成 race_id=202501010701: 7 頭 × 52 特徴量 (リーク除外済み)
2026-05-01 18:46:18,800 INFO [SIMULATE] 特徴量生成 race_id=202501010702: 14 頭 × 52 特徴量 (リーク除外済み)
2026-05-01 18:46:18,846 INFO [SIMULATE] 特徴量生成 race_id=202501010703: 12 頭 × 52 特徴量 (リーク除外済み)
2026-05-01 18:46:18,861 INFO [SIMULATE] 特徴量生成 race_id=202501010704: 14 頭 × 52 特徴量 (リーク除外済み)
2026-05-01 18:46:18,887 INFO [SIMULATE] 特徴量生成 race_id=202501010705: 11 頭 × 52 特徴量 (リーク除外済み)
2026-05-01 18:46:18,907 INFO [SIMULATE] 特徴量生成 race_id=202501010706: 14 頭 × 52 特徴量 (リーク除外済み)
2026-05-01 18:46:18,919 INFO [SIMULATE] 特徴量生成 race_id=202501010707: 9 頭 × 52 特徴量 (リーク除外済み)
2026-05-01 18:46:18,931 INFO [SIMULATE] 特徴量生成 race_id=202501010708: 14 頭 × 52 特徴量 (リーク除外済み)
2026-05-01 18:46:18,949 INFO [SIMULATE] 特徴量生成 race_id=202501010709: 8 頭 × 52 特徴量 (リーク除外済み)
2026-05-01 18:46:18,965 INFO [SIMULATE] 特徴量生成 race_id=202501010710: 13 頭 × 52 特徴量 (リーク除外済み)
2026-05-01 18:46:18,992 INFO [SIMULATE] 特徴量生成 race_id=202501010711: 14 頭 × 52 特徴量 (リーク除外済み)
2026-05-01 18:46:19,022 INFO [SIMULATE] 特徴量生成 race_id=202501010712: 12 頭 × 52 特徴量 (リーク除外済み)
2026-05-01 18:46:19,037 INFO [SIMULATE] 特徴量生成 race_id=202504020701: 13 頭 × 52 特徴量 (リーク除外済み)
2026-05-01 18:46:19,052 INFO [SIMULATE] 特徴量生成 race_id=202504020702: 18 頭 × 52 特徴量 (リーク除外済み)
2026-05-01 18:46:19,084 INFO [SIMULATE] 特徴量生成 race_id=202504020703: 14 頭 × 52 特徴量 (リーク除外済み)
2026-05-01 18:46:19,108 INFO [SIMULATE] 特徴量生成 race_id=202504020704: 11 頭 × 52 特徴量 (リーク除外済み)
2026-05-01 18:46:19,148 INFO [SIMULATE] 特徴量生成 race_id=202504020705: 17 頭 × 52 特徴量 (リーク除外済み)
2026-05-01 18:46:19,181 INFO [SIMULATE] 特徴量生成 race_id=202504020706: 12 頭 × 52 特徴量 (リーク除外済み)
2026-05-01 18:46:19,231 INFO [SIMULATE] 特徴量生成 race_id=202504020707: 15 頭 × 52 特徴量 (リーク除外済み)
2026-05-01 18:46:19,260 INFO [SIMULATE] 特徴量生成 race_id=202504020708: 13 頭 × 52 特徴量 (リーク除外済み)
2026-05-01 18:46:19,295 INFO [SIMULATE] 特徴量生成 race_id=202504020709: 14 頭 × 52 特徴量 (リーク除外済み)
2026-05-01 18:46:19,312 INFO [SIMULATE] 特徴量生成 race_id=202504020710: 15 頭 × 52 特徴量 (リーク除外済み)
2026-05-01 18:46:19,397 INFO [SIMULATE] 特徴量生成 race_id=202504020711: 18 頭 × 52 特徴量 (リーク除外済み)
2026-05-01 18:46:19,413 INFO [SIMULATE] 特徴量生成 race_id=202504020712: 17 頭 × 52 特徴量 (リーク除外済み)
2026-05-01 18:46:19,428 INFO [SIMULATE] 特徴量生成 race_id=202507030701: 9 頭 × 52 特徴量 (リーク除外済み)
2026-05-01 18:46:19,440 INFO [SIMULATE] 特徴量生成 race_id=202507030702: 10 頭 × 52 特徴量 (リーク除外済み)
2026-05-01 18:46:19,457 INFO [SIMULATE] 特徴量生成 race_id=202507030703: 18 頭 × 52 特徴量 (リーク除外済み)
2026-05-01 18:46:19,475 INFO [SIMULATE] 特徴量生成 race_id=202507030704: 16 頭 × 52 特徴量 (リーク除外済み)
2026-05-01 18:46:19,493 INFO [SIMULATE] 特徴量生成 race_id=202507030705: 16 頭 × 52 特徴量 (リーク除外済み)
2026-05-01 18:46:19,508 INFO [SIMULATE] 特徴量生成 race_id=202507030706: 13 頭 × 52 特徴量 (リーク除外済み)
2026-05-01 18:46:19,532 INFO [SIMULATE] 特徴量生成 race_id=202507030707: 9 頭 × 52 特徴量 (リーク除外済み)
2026-05-01 18:46:19,548 INFO [SIMULATE] 特徴量生成 race_id=202507030708: 8 頭 × 52 特徴量 (リーク除外済み)
2026-05-01 18:46:19,560 INFO [SIMULATE] 特徴量生成 race_id=202507030709: 16 頭 × 52 特徴量 (リーク除外済み)
2026-05-01 18:46:19,572 INFO [SIMULATE] 特徴量生成 race_id=202507030710: 8 頭 × 52 特徴量 (リーク除外済み)
2026-05-01 18:46:19,585 INFO [SIMULATE] 特徴量生成 race_id=202507030711: 17 頭 × 52 特徴量 (リーク除外済み)
2026-05-01 18:46:19,600 INFO [SIMULATE] 特徴量生成 race_id=202507030712: 10 頭 × 52 特徴量 (リーク除外済み)
2026-05-01 18:46:19,620 INFO [SIMULATE] 特徴量生成 race_id=202501010801: 10 頭 × 52 特徴量 (リーク除外済み)
2026-05-01 18:46:19,648 INFO [SIMULATE] 特徴量生成 race_id=202501010802: 12 頭 × 52 特徴量 (リーク除外済み)
2026-05-01 18:46:19,678 INFO [SIMULATE] 特徴量生成 race_id=202501010803: 16 頭 × 52 特徴量 (リーク除外済み)
2026-05-01 18:46:19,704 INFO [SIMULATE] 特徴量生成 race_id=202501010804: 14 頭 × 52 特徴量 (リーク除外済み)
2026-05-01 18:46:19,722 INFO [SIMULATE] 特徴量生成 race_id=202501010805: 5 頭 × 52 特徴量 (リーク除外済み)
2026-05-01 18:46:19,745 INFO [SIMULATE] 特徴量生成 race_id=202501010806: 12 頭 × 52 特徴量 (リーク除外済み)
2026-05-01 18:46:19,760 INFO [SIMULATE] 特徴量生成 race_id=202501010807: 14 頭 × 52 特徴量 (リーク除外済み)
2026-05-01 18:46:19,780 INFO [SIMULATE] 特徴量生成 race_id=202501010808: 13 頭 × 52 特徴量 (リーク除外済み)
2026-05-01 18:46:19,797 INFO [SIMULATE] 特徴量生成 race_id=202501010809: 16 頭 × 52 特徴量 (リーク除外済み)
2026-05-01 18:46:19,813 INFO [SIMULATE] 特徴量生成 race_id=202501010810: 11 頭 × 52 特徴量 (リーク除外済み)
2026-05-01 18:46:19,833 INFO [SIMULATE] 特徴量生成 race_id=202501010811: 16 頭 × 52 特徴量 (リーク除外済み)
2026-05-01 18:46:19,850 INFO [SIMULATE] 特徴量生成 race_id=202501010812: 14 頭 × 52 特徴量 (リーク除外済み)
2026-05-01 18:46:19,885 INFO [SIMULATE] 特徴量生成 race_id=202504020801: 13 頭 × 52 特徴量 (リーク除外済み)
2026-05-01 18:46:19,901 INFO [SIMULATE] 特徴量生成 race_id=202504020802: 15 頭 × 52 特徴量 (リーク除外済み)
2026-05-01 18:46:19,915 INFO [SIMULATE] 特徴量生成 race_id=202504020803: 11 頭 × 52 特徴量 (リーク除外済み)
2026-05-01 18:46:19,929 INFO [SIMULATE] 特徴量生成 race_id=202504020804: 11 頭 × 52 特徴量 (リーク除外済み)
2026-05-01 18:46:19,943 INFO [SIMULATE] 特徴量生成 race_id=202504020805: 15 頭 × 52 特徴量 (リーク除外済み)
2026-05-01 18:46:19,959 INFO [SIMULATE] 特徴量生成 race_id=202504020806: 11 頭 × 52 特徴量 (リーク除外済み)
2026-05-01 18:46:19,975 INFO [SIMULATE] 特徴量生成 race_id=202504020807: 15 頭 × 52 特徴量 (リーク除外済み)
2026-05-01 18:46:19,993 INFO [SIMULATE] 特徴量生成 race_id=202504020808: 9 頭 × 52 特徴量 (リーク除外済み)
2026-05-01 18:46:20,011 INFO [SIMULATE] 特徴量生成 race_id=202504020809: 15 頭 × 52 特徴量 (リーク除外済み)
2026-05-01 18:46:20,036 INFO [SIMULATE] 特徴量生成 race_id=202504020810: 10 頭 × 52 特徴量 (リーク除外済み)
2026-05-01 18:46:20,054 INFO [SIMULATE] 特徴量生成 race_id=202504020811: 11 頭 × 52 特徴量 (リーク除外済み)
2026-05-01 18:46:20,076 INFO [SIMULATE] 特徴量生成 race_id=202504020812: 18 頭 × 52 特徴量 (リーク除外済み)
2026-05-01 18:46:20,100 INFO [SIMULATE] 特徴量生成 race_id=202507030801: 7 頭 × 52 特徴量 (リーク除外済み)
2026-05-01 18:46:20,116 INFO [SIMULATE] 特徴量生成 race_id=202507030802: 16 頭 × 52 特徴量 (リーク除外済み)
2026-05-01 18:46:20,132 INFO [SIMULATE] 特徴量生成 race_id=202507030803: 9 頭 × 52 特徴量 (リーク除外済み)
2026-05-01 18:46:20,147 INFO [SIMULATE] 特徴量生成 race_id=202507030804: 13 頭 × 52 特徴量 (リーク除外済み)
2026-05-01 18:46:20,160 INFO [SIMULATE] 特徴量生成 race_id=202507030805: 16 頭 × 52 特徴量 (リーク除外済み)
2026-05-01 18:46:20,172 INFO [SIMULATE] 特徴量生成 race_id=202507030806: 16 頭 × 52 特徴量 (リーク除外済み)
2026-05-01 18:46:20,182 INFO [SIMULATE] 特徴量生成 race_id=202507030807: 12 頭 × 52 特徴量 (リーク除外済み)
2026-05-01 18:46:20,194 INFO [SIMULATE] 特徴量生成 race_id=202507030808: 6 頭 × 52 特徴量 (リーク除外済み)
2026-05-01 18:46:20,208 INFO [SIMULATE] 特徴量生成 race_id=202507030809: 16 頭 × 52 特徴量 (リーク除外済み)
2026-05-01 18:46:20,223 INFO [SIMULATE] 特徴量生成 race_id=202507030810: 16 頭 × 52 特徴量 (リーク除外済み)
2026-05-01 18:46:20,240 INFO [SIMULATE] 特徴量生成 race_id=202507030811: 15 頭 × 52 特徴量 (リーク除外済み)
2026-05-01 18:46:20,271 INFO [SIMULATE] 特徴量生成 race_id=202507030812: 18 頭 × 52 特徴量 (リーク除外済み)
2026-05-01 18:46:20,290 INFO [SIMULATE] 特徴量生成 race_id=202501020101: 8 頭 × 52 特徴量 (リーク除外済み)
2026-05-01 18:46:20,302 INFO [SIMULATE] 特徴量生成 race_id=202501020102: 12 頭 × 52 特徴量 (リーク除外済み)
2026-05-01 18:46:20,315 INFO [SIMULATE] 特徴量生成 race_id=202501020103: 16 頭 × 52 特徴量 (リーク除外済み)
2026-05-01 18:46:20,327 INFO [SIMULATE] 特徴量生成 race_id=202501020104: 14 頭 × 52 特徴量 (リーク除外済み)
2026-05-01 18:46:20,340 INFO [SIMULATE] 特徴量生成 race_id=202501020105: 9 頭 × 52 特徴量 (リーク除外済み)
2026-05-01 18:46:20,357 INFO [SIMULATE] 特徴量生成 race_id=202501020106: 14 頭 × 52 特徴量 (リーク除外済み)
2026-05-01 18:46:20,370 INFO [SIMULATE] 特徴量生成 race_id=202501020107: 14 頭 × 52 特徴量 (リーク除外済み)
2026-05-01 18:46:20,383 INFO [SIMULATE] 特徴量生成 race_id=202501020108: 9 頭 × 52 特徴量 (リーク除外済み)
2026-05-01 18:46:20,396 INFO [SIMULATE] 特徴量生成 race_id=202501020109: 9 頭 × 52 特徴量 (リーク除外済み)
2026-05-01 18:46:20,409 INFO [SIMULATE] 特徴量生成 race_id=202501020110: 14 頭 × 52 特徴量 (リーク除外済み)
2026-05-01 18:46:20,421 INFO [SIMULATE] 特徴量生成 race_id=202501020111: 14 頭 × 52 特徴量 (リーク除外済み)
2026-05-01 18:46:20,431 INFO [SIMULATE] 特徴量生成 race_id=202501020112: 7 頭 × 52 特徴量 (リーク除外済み)
2026-05-01 18:46:20,440 INFO [SIMULATE] 特徴量生成 race_id=202504030101: 6 頭 × 52 特徴量 (リーク除外済み)
2026-05-01 18:46:20,451 INFO [SIMULATE] 特徴量生成 race_id=202504030102: 14 頭 × 52 特徴量 (リーク除外済み)
2026-05-01 18:46:20,463 INFO [SIMULATE] 特徴量生成 race_id=202504030103: 18 頭 × 52 特徴量 (リーク除外済み)
2026-05-01 18:46:20,477 INFO [SIMULATE] 特徴量生成 race_id=202504030104: 16 頭 × 52 特徴量 (リーク除外済み)
2026-05-01 18:46:20,487 INFO [SIMULATE] 特徴量生成 race_id=202504030105: 13 頭 × 52 特徴量 (リーク除外済み)
2026-05-01 18:46:20,498 INFO [SIMULATE] 特徴量生成 race_id=202504030106: 15 頭 × 52 特徴量 (リーク除外済み)
2026-05-01 18:46:20,515 INFO [SIMULATE] 特徴量生成 race_id=202504030107: 11 頭 × 52 特徴量 (リーク除外済み)
2026-05-01 18:46:20,527 INFO [SIMULATE] 特徴量生成 race_id=202504030108: 11 頭 × 52 特徴量 (リーク除外済み)
2026-05-01 18:46:20,538 INFO [SIMULATE] 特徴量生成 race_id=202504030109: 15 頭 × 52 特徴量 (リーク除外済み)
2026-05-01 18:46:20,552 INFO [SIMULATE] 特徴量生成 race_id=202504030110: 17 頭 × 52 特徴量 (リーク除外済み)
2026-05-01 18:46:20,565 INFO [SIMULATE] 特徴量生成 race_id=202504030111: 12 頭 × 52 特徴量 (リーク除外済み)
2026-05-01 18:46:20,576 INFO [SIMULATE] 特徴量生成 race_id=202507040101: 6 頭 × 52 特徴量 (リーク除外済み)
2026-05-01 18:46:20,586 INFO [SIMULATE] 特徴量生成 race_id=202507040102: 16 頭 × 52 特徴量 (リーク除外済み)
2026-05-01 18:46:20,600 INFO [SIMULATE] 特徴量生成 race_id=202507040103: 9 頭 × 52 特徴量 (リーク除外済み)
2026-05-01 18:46:20,613 INFO [SIMULATE] 特徴量生成 race_id=202507040104: 18 頭 × 52 特徴量 (リーク除外済み)
2026-05-01 18:46:20,630 INFO [SIMULATE] 特徴量生成 race_id=202507040105: 10 頭 × 52 特徴量 (リーク除外済み)
2026-05-01 18:46:20,644 INFO [SIMULATE] 特徴量生成 race_id=202507040106: 12 頭 × 52 特徴量 (リーク除外済み)
2026-05-01 18:46:20,656 INFO [SIMULATE] 特徴量生成 race_id=202507040107: 16 頭 × 52 特徴量 (リーク除外済み)
2026-05-01 18:46:20,665 INFO [SIMULATE] 特徴量生成 race_id=202507040108: 8 頭 × 52 特徴量 (リーク除外済み)
2026-05-01 18:46:20,675 INFO [SIMULATE] 特徴量生成 race_id=202507040109: 6 頭 × 52 特徴量 (リーク除外済み)
2026-05-01 18:46:20,687 INFO [SIMULATE] 特徴量生成 race_id=202507040110: 13 頭 × 52 特徴量 (リーク除外済み)
2026-05-01 18:46:20,733 INFO [SIMULATE] 特徴量生成 race_id=202507040111: 16 頭 × 52 特徴量 (リーク除外済み)
2026-05-01 18:46:20,742 INFO [SIMULATE] 特徴量生成 race_id=202507040112: 7 頭 × 52 特徴量 (リーク除外済み)
2026-05-01 18:46:20,754 INFO [SIMULATE] 特徴量生成 race_id=202501020201: 14 頭 × 52 特徴量 (リーク除外済み)
2026-05-01 18:46:20,765 INFO [SIMULATE] 特徴量生成 race_id=202501020202: 12 頭 × 52 特徴量 (リーク除外済み)
2026-05-01 18:46:20,775 INFO [SIMULATE] 特徴量生成 race_id=202501020203: 14 頭 × 52 特徴量 (リーク除外済み)
2026-05-01 18:46:20,788 INFO [SIMULATE] 特徴量生成 race_id=202501020204: 14 頭 × 52 特徴量 (リーク除外済み)
2026-05-01 18:46:20,799 INFO [SIMULATE] 特徴量生成 race_id=202501020205: 11 頭 × 52 特徴量 (リーク除外済み)
2026-05-01 18:46:20,812 INFO [SIMULATE] 特徴量生成 race_id=202501020206: 16 頭 × 52 特徴量 (リーク除外済み)
2026-05-01 18:46:20,821 INFO [SIMULATE] 特徴量生成 race_id=202501020207: 11 頭 × 52 特徴量 (リーク除外済み)
2026-05-01 18:46:20,834 INFO [SIMULATE] 特徴量生成 race_id=202501020208: 11 頭 × 52 特徴量 (リーク除外済み)
2026-05-01 18:46:20,847 INFO [SIMULATE] 特徴量生成 race_id=202501020209: 13 頭 × 52 特徴量 (リーク除外済み)
2026-05-01 18:46:20,861 INFO [SIMULATE] 特徴量生成 race_id=202501020210: 14 頭 × 52 特徴量 (リーク除外済み)
2026-05-01 18:46:20,874 INFO [SIMULATE] 特徴量生成 race_id=202501020211: 16 頭 × 52 特徴量 (リーク除外済み)
2026-05-01 18:46:20,885 INFO [SIMULATE] 特徴量生成 race_id=202501020212: 14 頭 × 52 特徴量 (リーク除外済み)
2026-05-01 18:46:20,898 INFO [SIMULATE] 特徴量生成 race_id=202504030201: 7 頭 × 52 特徴量 (リーク除外済み)
2026-05-01 18:46:20,910 INFO [SIMULATE] 特徴量生成 race_id=202504030202: 15 頭 × 52 特徴量 (リーク除外済み)
2026-05-01 18:46:20,925 INFO [SIMULATE] 特徴量生成 race_id=202504030203: 17 頭 × 52 特徴量 (リーク除外済み)
2026-05-01 18:46:20,937 INFO [SIMULATE] 特徴量生成 race_id=202504030204: 15 頭 × 52 特徴量 (リーク除外済み)
2026-05-01 18:46:20,947 INFO [SIMULATE] 特徴量生成 race_id=202504030205: 14 頭 × 52 特徴量 (リーク除外済み)
2026-05-01 18:46:20,978 INFO [SIMULATE] 特徴量生成 race_id=202504030206: 14 頭 × 52 特徴量 (リーク除外済み)
2026-05-01 18:46:21,000 INFO [SIMULATE] 特徴量生成 race_id=202504030207: 18 頭 × 52 特徴量 (リーク除外済み)
2026-05-01 18:46:21,010 INFO [SIMULATE] 特徴量生成 race_id=202504030208: 10 頭 × 52 特徴量 (リーク除外済み)
2026-05-01 18:46:21,025 INFO [SIMULATE] 特徴量生成 race_id=202504030209: 18 頭 × 52 特徴量 (リーク除外済み)
2026-05-01 18:46:21,039 INFO [SIMULATE] 特徴量生成 race_id=202504030210: 13 頭 × 52 特徴量 (リーク除外済み)
2026-05-01 18:46:21,050 INFO [SIMULATE] 特徴量生成 race_id=202504030211: 10 頭 × 52 特徴量 (リーク除外済み)
2026-05-01 18:46:21,061 INFO [SIMULATE] 特徴量生成 race_id=202504030212: 15 頭 × 52 特徴量 (リーク除外済み)
2026-05-01 18:46:21,070 INFO [SIMULATE] 特徴量生成 race_id=202507040201: 11 頭 × 52 特徴量 (リーク除外済み)
2026-05-01 18:46:21,081 INFO [SIMULATE] 特徴量生成 race_id=202507040202: 16 頭 × 52 特徴量 (リーク除外済み)
2026-05-01 18:46:21,091 INFO [SIMULATE] 特徴量生成 race_id=202507040203: 8 頭 × 52 特徴量 (リーク除外済み)
2026-05-01 18:46:21,102 INFO [SIMULATE] 特徴量生成 race_id=202507040204: 16 頭 × 52 特徴量 (リーク除外済み)
2026-05-01 18:46:21,111 INFO [SIMULATE] 特徴量生成 race_id=202507040205: 5 頭 × 52 特徴量 (リーク除外済み)
2026-05-01 18:46:21,123 INFO [SIMULATE] 特徴量生成 race_id=202507040206: 17 頭 × 52 特徴量 (リーク除外済み)
2026-05-01 18:46:21,132 INFO [SIMULATE] 特徴量生成 race_id=202507040207: 7 頭 × 52 特徴量 (リーク除外済み)
2026-05-01 18:46:21,143 INFO [SIMULATE] 特徴量生成 race_id=202507040208: 15 頭 × 52 特徴量 (リーク除外済み)
2026-05-01 18:46:21,155 INFO [SIMULATE] 特徴量生成 race_id=202507040209: 14 頭 × 52 特徴量 (リーク除外済み)
2026-05-01 18:46:21,167 INFO [SIMULATE] 特徴量生成 race_id=202507040210: 16 頭 × 52 特徴量 (リーク除外済み)
2026-05-01 18:46:21,177 INFO [SIMULATE] 特徴量生成 race_id=202507040211: 9 頭 × 52 特徴量 (リーク除外済み)
2026-05-01 18:46:21,188 INFO [SIMULATE] 特徴量生成 race_id=202507040212: 14 頭 × 52 特徴量 (リーク除外済み)
2026-05-01 18:46:21,205 INFO [SIMULATE] 特徴量生成 race_id=202501020301: 8 頭 × 52 特徴量 (リーク除外済み)
2026-05-01 18:46:21,221 INFO [SIMULATE] 特徴量生成 race_id=202501020302: 7 頭 × 52 特徴量 (リーク除外済み)
2026-05-01 18:46:21,235 INFO [SIMULATE] 特徴量生成 race_id=202501020303: 14 頭 × 52 特徴量 (リーク除外済み)
2026-05-01 18:46:21,250 INFO [SIMULATE] 特徴量生成 race_id=202501020304: 14 頭 × 52 特徴量 (リーク除外済み)
2026-05-01 18:46:21,264 INFO [SIMULATE] 特徴量生成 race_id=202501020305: 13 頭 × 52 特徴量 (リーク除外済み)
2026-05-01 18:46:21,275 INFO [SIMULATE] 特徴量生成 race_id=202501020306: 16 頭 × 52 特徴量 (リーク除外済み)
2026-05-01 18:46:21,287 INFO [SIMULATE] 特徴量生成 race_id=202501020307: 12 頭 × 52 特徴量 (リーク除外済み)
2026-05-01 18:46:21,299 INFO [SIMULATE] 特徴量生成 race_id=202501020308: 11 頭 × 52 特徴量 (リーク除外済み)
2026-05-01 18:46:21,310 INFO [SIMULATE] 特徴量生成 race_id=202501020309: 13 頭 × 52 特徴量 (リーク除外済み)
2026-05-01 18:46:21,320 INFO [SIMULATE] 特徴量生成 race_id=202501020310: 14 頭 × 52 特徴量 (リーク除外済み)
2026-05-01 18:46:21,334 INFO [SIMULATE] 特徴量生成 race_id=202501020311: 14 頭 × 52 特徴量 (リーク除外済み)
2026-05-01 18:46:21,349 INFO [SIMULATE] 特徴量生成 race_id=202501020312: 16 頭 × 52 特徴量 (リーク除外済み)
2026-05-01 18:46:21,362 INFO [SIMULATE] 特徴量生成 race_id=202504030301: 13 頭 × 52 特徴量 (リーク除外済み)
2026-05-01 18:46:21,374 INFO [SIMULATE] 特徴量生成 race_id=202504030302: 15 頭 × 52 特徴量 (リーク除外済み)
2026-05-01 18:46:21,385 INFO [SIMULATE] 特徴量生成 race_id=202504030303: 11 頭 × 52 特徴量 (リーク除外済み)
2026-05-01 18:46:21,397 INFO [SIMULATE] 特徴量生成 race_id=202504030304: 15 頭 × 52 特徴量 (リーク除外済み)
2026-05-01 18:46:21,416 INFO [SIMULATE] 特徴量生成 race_id=202504030305: 18 頭 × 52 特徴量 (リーク除外済み)
2026-05-01 18:46:21,435 INFO [SIMULATE] 特徴量生成 race_id=202504030306: 18 頭 × 52 特徴量 (リーク除外済み)
2026-05-01 18:46:21,446 INFO [SIMULATE] 特徴量生成 race_id=202504030307: 18 頭 × 52 特徴量 (リーク除外済み)
2026-05-01 18:46:21,460 INFO [SIMULATE] 特徴量生成 race_id=202504030308: 10 頭 × 52 特徴量 (リーク除外済み)
2026-05-01 18:46:21,481 INFO [SIMULATE] 特徴量生成 race_id=202504030309: 18 頭 × 52 特徴量 (リーク除外済み)
2026-05-01 18:46:21,495 INFO [SIMULATE] 特徴量生成 race_id=202504030310: 13 頭 × 52 特徴量 (リーク除外済み)
2026-05-01 18:46:21,508 INFO [SIMULATE] 特徴量生成 race_id=202504030311: 16 頭 × 52 特徴量 (リーク除外済み)
2026-05-01 18:46:21,523 INFO [SIMULATE] 特徴量生成 race_id=202504030312: 15 頭 × 52 特徴量 (リーク除外済み)
2026-05-01 18:46:21,537 INFO [SIMULATE] 特徴量生成 race_id=202507040301: 12 頭 × 52 特徴量 (リーク除外済み)
2026-05-01 18:46:21,554 INFO [SIMULATE] 特徴量生成 race_id=202507040302: 14 頭 × 52 特徴量 (リーク除外済み)
2026-05-01 18:46:21,567 INFO [SIMULATE] 特徴量生成 race_id=202507040303: 15 頭 × 52 特徴量 (リーク除外済み)
2026-05-01 18:46:21,580 INFO [SIMULATE] 特徴量生成 race_id=202507040304: 16 頭 × 52 特徴量 (リーク除外済み)
2026-05-01 18:46:21,602 INFO [SIMULATE] 特徴量生成 race_id=202507040305: 10 頭 × 52 特徴量 (リーク除外済み)
2026-05-01 18:46:21,644 INFO [SIMULATE] 特徴量生成 race_id=202507040306: 16 頭 × 52 特徴量 (リーク除外済み)
2026-05-01 18:46:21,677 INFO [SIMULATE] 特徴量生成 race_id=202507040307: 10 頭 × 52 特徴量 (リーク除外済み)
2026-05-01 18:46:21,701 INFO [SIMULATE] 特徴量生成 race_id=202507040308: 8 頭 × 52 特徴量 (リーク除外済み)
2026-05-01 18:46:21,725 INFO [SIMULATE] 特徴量生成 race_id=202507040309: 16 頭 × 52 特徴量 (リーク除外済み)
2026-05-01 18:46:21,753 INFO [SIMULATE] 特徴量生成 race_id=202507040310: 11 頭 × 52 特徴量 (リーク除外済み)
2026-05-01 18:46:21,772 INFO [SIMULATE] 特徴量生成 race_id=202507040311: 16 頭 × 52 特徴量 (リーク除外済み)
2026-05-01 18:46:21,790 INFO [SIMULATE] 特徴量生成 race_id=202507040312: 12 頭 × 52 特徴量 (リーク除外済み)
2026-05-01 18:46:21,804 INFO [SIMULATE] 特徴量生成 race_id=202501020401: 10 頭 × 52 特徴量 (リーク除外済み)
2026-05-01 18:46:21,815 INFO [SIMULATE] 特徴量生成 race_id=202501020402: 14 頭 × 52 特徴量 (リーク除外済み)
2026-05-01 18:46:21,829 INFO [SIMULATE] 特徴量生成 race_id=202501020403: 12 頭 × 52 特徴量 (リーク除外済み)
2026-05-01 18:46:21,840 INFO [SIMULATE] 特徴量生成 race_id=202501020404: 16 頭 × 52 特徴量 (リーク除外済み)
2026-05-01 18:46:21,849 INFO [SIMULATE] 特徴量生成 race_id=202501020405: 8 頭 × 52 特徴量 (リーク除外済み)
2026-05-01 18:46:21,866 INFO [SIMULATE] 特徴量生成 race_id=202501020406: 14 頭 × 52 特徴量 (リーク除外済み)
2026-05-01 18:46:21,879 INFO [SIMULATE] 特徴量生成 race_id=202501020407: 13 頭 × 52 特徴量 (リーク除外済み)
2026-05-01 18:46:21,894 INFO [SIMULATE] 特徴量生成 race_id=202501020408: 13 頭 × 52 特徴量 (リーク除外済み)
2026-05-01 18:46:21,905 INFO [SIMULATE] 特徴量生成 race_id=202501020409: 14 頭 × 52 特徴量 (リーク除外済み)
2026-05-01 18:46:21,919 INFO [SIMULATE] 特徴量生成 race_id=202501020410: 16 頭 × 52 特徴量 (リーク除外済み)
2026-05-01 18:46:21,930 INFO [SIMULATE] 特徴量生成 race_id=202501020411: 13 頭 × 52 特徴量 (リーク除外済み)
2026-05-01 18:46:21,942 INFO [SIMULATE] 特徴量生成 race_id=202501020412: 12 頭 × 52 特徴量 (リーク除外済み)
2026-05-01 18:46:21,955 INFO [SIMULATE] 特徴量生成 race_id=202504030401: 14 頭 × 52 特徴量 (リーク除外済み)
2026-05-01 18:46:21,971 INFO [SIMULATE] 特徴量生成 race_id=202504030402: 15 頭 × 52 特徴量 (リーク除外済み)
2026-05-01 18:46:21,987 INFO [SIMULATE] 特徴量生成 race_id=202504030403: 18 頭 × 52 特徴量 (リーク除外済み)
2026-05-01 18:46:21,999 INFO [SIMULATE] 特徴量生成 race_id=202504030404: 18 頭 × 52 特徴量 (リーク除外済み)
2026-05-01 18:46:22,015 INFO [SIMULATE] 特徴量生成 race_id=202504030405: 12 頭 × 52 特徴量 (リーク除外済み)
2026-05-01 18:46:22,032 INFO [SIMULATE] 特徴量生成 race_id=202504030406: 15 頭 × 52 特徴量 (リーク除外済み)
2026-05-01 18:46:22,049 INFO [SIMULATE] 特徴量生成 race_id=202504030407: 15 頭 × 52 特徴量 (リーク除外済み)
2026-05-01 18:46:22,667 INFO [SIMULATE] 特徴量生成 race_id=202504030408: 9 頭 × 52 特徴量 (リーク除外済み)
2026-05-01 18:46:22,680 INFO [SIMULATE] 特徴量生成 race_id=202504030409: 12 頭 × 52 特徴量 (リーク除外済み)
2026-05-01 18:46:22,692 INFO [SIMULATE] 特徴量生成 race_id=202504030410: 11 頭 × 52 特徴量 (リーク除外済み)
2026-05-01 18:46:22,707 INFO [SIMULATE] 特徴量生成 race_id=202504030411: 17 頭 × 52 特徴量 (リーク除外済み)
2026-05-01 18:46:22,721 INFO [SIMULATE] 特徴量生成 race_id=202504030412: 12 頭 × 52 特徴量 (リーク除外済み)
2026-05-01 18:46:22,735 INFO [SIMULATE] 特徴量生成 race_id=202507040401: 13 頭 × 52 特徴量 (リーク除外済み)
2026-05-01 18:46:22,747 INFO [SIMULATE] 特徴量生成 race_id=202507040402: 16 頭 × 52 特徴量 (リーク除外済み)
2026-05-01 18:46:22,761 INFO [SIMULATE] 特徴量生成 race_id=202507040403: 18 頭 × 52 特徴量 (リーク除外済み)
2026-05-01 18:46:22,774 INFO [SIMULATE] 特徴量生成 race_id=202507040404: 16 頭 × 52 特徴量 (リーク除外済み)
2026-05-01 18:46:22,785 INFO [SIMULATE] 特徴量生成 race_id=202507040405: 7 頭 × 52 特徴量 (リーク除外済み)
2026-05-01 18:46:22,796 INFO [SIMULATE] 特徴量生成 race_id=202507040406: 14 頭 × 52 特徴量 (リーク除外済み)
2026-05-01 18:46:22,813 INFO [SIMULATE] 特徴量生成 race_id=202507040407: 13 頭 × 52 特徴量 (リーク除外済み)
2026-05-01 18:46:22,826 INFO [SIMULATE] 特徴量生成 race_id=202507040408: 16 頭 × 52 特徴量 (リーク除外済み)
2026-05-01 18:46:22,838 INFO [SIMULATE] 特徴量生成 race_id=202507040409: 8 頭 × 52 特徴量 (リーク除外済み)
2026-05-01 18:46:22,851 INFO [SIMULATE] 特徴量生成 race_id=202507040410: 16 頭 × 52 特徴量 (リーク除外済み)
2026-05-01 18:46:22,866 INFO [SIMULATE] 特徴量生成 race_id=202507040411: 13 頭 × 52 特徴量 (リーク除外済み)
2026-05-01 18:46:22,880 INFO [SIMULATE] 特徴量生成 race_id=202507040412: 14 頭 × 52 特徴量 (リーク除外済み)
2026-05-01 18:46:22,890 INFO [SIMULATE] 特徴量生成 race_id=202501020501: 10 頭 × 52 特徴量 (リーク除外済み)
2026-05-01 18:46:22,903 INFO [SIMULATE] 特徴量生成 race_id=202501020502: 11 頭 × 52 特徴量 (リーク除外済み)
2026-05-01 18:46:22,916 INFO [SIMULATE] 特徴量生成 race_id=202501020503: 12 頭 × 52 特徴量 (リーク除外済み)
2026-05-01 18:46:22,930 INFO [SIMULATE] 特徴量生成 race_id=202501020504: 16 頭 × 52 特徴量 (リーク除外済み)
2026-05-01 18:46:22,942 INFO [SIMULATE] 特徴量生成 race_id=202501020505: 11 頭 × 52 特徴量 (リーク除外済み)
2026-05-01 18:46:22,955 INFO [SIMULATE] 特徴量生成 race_id=202501020506: 14 頭 × 52 特徴量 (リーク除外済み)
2026-05-01 18:46:22,971 INFO [SIMULATE] 特徴量生成 race_id=202501020507: 14 頭 × 52 特徴量 (リーク除外済み)
2026-05-01 18:46:22,984 INFO [SIMULATE] 特徴量生成 race_id=202501020508: 14 頭 × 52 特徴量 (リーク除外済み)
2026-05-01 18:46:22,998 INFO [SIMULATE] 特徴量生成 race_id=202501020509: 15 頭 × 52 特徴量 (リーク除外済み)
2026-05-01 18:46:23,012 INFO [SIMULATE] 特徴量生成 race_id=202501020510: 16 頭 × 52 特徴量 (リーク除外済み)
2026-05-01 18:46:23,028 INFO [SIMULATE] 特徴量生成 race_id=202501020511: 12 頭 × 52 特徴量 (リーク除外済み)
2026-05-01 18:46:23,043 INFO [SIMULATE] 特徴量生成 race_id=202501020512: 14 頭 × 52 特徴量 (リーク除外済み)
2026-05-01 18:46:23,057 INFO [SIMULATE] 特徴量生成 race_id=202506040101: 10 頭 × 52 特徴量 (リーク除外済み)
2026-05-01 18:46:23,070 INFO [SIMULATE] 特徴量生成 race_id=202506040102: 12 頭 × 52 特徴量 (リーク除外済み)
2026-05-01 18:46:23,080 INFO [SIMULATE] 特徴量生成 race_id=202506040103: 9 頭 × 52 特徴量 (リーク除外済み)
2026-05-01 18:46:23,092 INFO [SIMULATE] 特徴量生成 race_id=202506040104: 16 頭 × 52 特徴量 (リーク除外済み)
2026-05-01 18:46:23,105 INFO [SIMULATE] 特徴量生成 race_id=202506040105: 16 頭 × 52 特徴量 (リーク除外済み)
2026-05-01 18:46:23,119 INFO [SIMULATE] 特徴量生成 race_id=202506040106: 16 頭 × 52 特徴量 (リーク除外済み)
2026-05-01 18:46:23,134 INFO [SIMULATE] 特徴量生成 race_id=202506040107: 18 頭 × 52 特徴量 (リーク除外済み)
2026-05-01 18:46:23,144 INFO [SIMULATE] 特徴量生成 race_id=202506040108: 7 頭 × 52 特徴量 (リーク除外済み)
2026-05-01 18:46:23,156 INFO [SIMULATE] 特徴量生成 race_id=202506040109: 11 頭 × 52 特徴量 (リーク除外済み)
2026-05-01 18:46:23,168 INFO [SIMULATE] 特徴量生成 race_id=202506040110: 8 頭 × 52 特徴量 (リーク除外済み)
2026-05-01 18:46:23,182 INFO [SIMULATE] 特徴量生成 race_id=202506040111: 16 頭 × 52 特徴量 (リーク除外済み)
2026-05-01 18:46:23,197 INFO [SIMULATE] 特徴量生成 race_id=202506040112: 16 頭 × 52 特徴量 (リーク除外済み)
2026-05-01 18:46:23,211 INFO [SIMULATE] 特徴量生成 race_id=202509040101: 9 頭 × 52 特徴量 (リーク除外済み)
2026-05-01 18:46:23,223 INFO [SIMULATE] 特徴量生成 race_id=202509040102: 5 頭 × 52 特徴量 (リーク除外済み)
2026-05-01 18:46:23,234 INFO [SIMULATE] 特徴量生成 race_id=202509040103: 16 頭 × 52 特徴量 (リーク除外済み)
2026-05-01 18:46:23,247 INFO [SIMULATE] 特徴量生成 race_id=202509040104: 18 頭 × 52 特徴量 (リーク除外済み)
2026-05-01 18:46:23,260 INFO [SIMULATE] 特徴量生成 race_id=202509040105: 11 頭 × 52 特徴量 (リーク除外済み)
2026-05-01 18:46:23,273 INFO [SIMULATE] 特徴量生成 race_id=202509040106: 13 頭 × 52 特徴量 (リーク除外済み)
2026-05-01 18:46:23,284 INFO [SIMULATE] 特徴量生成 race_id=202509040107: 13 頭 × 52 特徴量 (リーク除外済み)
2026-05-01 18:46:23,294 INFO [SIMULATE] 特徴量生成 race_id=202509040108: 9 頭 × 52 特徴量 (リーク除外済み)
2026-05-01 18:46:23,306 INFO [SIMULATE] 特徴量生成 race_id=202509040109: 9 頭 × 52 特徴量 (リーク除外済み)
2026-05-01 18:46:23,315 INFO [SIMULATE] 特徴量生成 race_id=202509040110: 12 頭 × 52 特徴量 (リーク除外済み)
2026-05-01 18:46:23,327 INFO [SIMULATE] 特徴量生成 race_id=202509040111: 14 頭 × 52 特徴量 (リーク除外済み)
2026-05-01 18:46:23,341 INFO [SIMULATE] 特徴量生成 race_id=202509040112: 13 頭 × 52 特徴量 (リーク除外済み)
2026-05-01 18:46:23,351 INFO [SIMULATE] 特徴量生成 race_id=202501020601: 8 頭 × 52 特徴量 (リーク除外済み)
2026-05-01 18:46:23,360 INFO [SIMULATE] 特徴量生成 race_id=202501020602: 10 頭 × 52 特徴量 (リーク除外済み)
2026-05-01 18:46:23,376 INFO [SIMULATE] 特徴量生成 race_id=202501020603: 14 頭 × 52 特徴量 (リーク除外済み)
2026-05-01 18:46:23,397 INFO [SIMULATE] 特徴量生成 race_id=202501020604: 16 頭 × 52 特徴量 (リーク除外済み)
2026-05-01 18:46:23,411 INFO [SIMULATE] 特徴量生成 race_id=202501020605: 14 頭 × 52 特徴量 (リーク除外済み)
2026-05-01 18:46:23,482 INFO [SIMULATE] 特徴量生成 race_id=202501020606: 12 頭 × 52 特徴量 (リーク除外済み)
2026-05-01 18:46:23,496 INFO [SIMULATE] 特徴量生成 race_id=202501020607: 13 頭 × 52 特徴量 (リーク除外済み)
2026-05-01 18:46:23,509 INFO [SIMULATE] 特徴量生成 race_id=202501020608: 16 頭 × 52 特徴量 (リーク除外済み)
2026-05-01 18:46:23,521 INFO [SIMULATE] 特徴量生成 race_id=202501020609: 14 頭 × 52 特徴量 (リーク除外済み)
2026-05-01 18:46:23,536 INFO [SIMULATE] 特徴量生成 race_id=202501020610: 14 頭 × 52 特徴量 (リーク除外済み)
2026-05-01 18:46:23,548 INFO [SIMULATE] 特徴量生成 race_id=202501020611: 12 頭 × 52 特徴量 (リーク除外済み)
2026-05-01 18:46:23,563 INFO [SIMULATE] 特徴量生成 race_id=202501020612: 14 頭 × 52 特徴量 (リーク除外済み)
2026-05-01 18:46:23,578 INFO [SIMULATE] 特徴量生成 race_id=202506040201: 13 頭 × 52 特徴量 (リーク除外済み)
2026-05-01 18:46:23,594 INFO [SIMULATE] 特徴量生成 race_id=202506040202: 16 頭 × 52 特徴量 (リーク除外済み)
2026-05-01 18:46:23,609 INFO [SIMULATE] 特徴量生成 race_id=202506040203: 15 頭 × 52 特徴量 (リーク除外済み)
2026-05-01 18:46:23,622 INFO [SIMULATE] 特徴量生成 race_id=202506040204: 10 頭 × 52 特徴量 (リーク除外済み)
2026-05-01 18:46:23,639 INFO [SIMULATE] 特徴量生成 race_id=202506040205: 12 頭 × 52 特徴量 (リーク除外済み)
2026-05-01 18:46:23,656 INFO [SIMULATE] 特徴量生成 race_id=202506040206: 16 頭 × 52 特徴量 (リーク除外済み)
2026-05-01 18:46:23,672 INFO [SIMULATE] 特徴量生成 race_id=202506040207: 16 頭 × 52 特徴量 (リーク除外済み)
2026-05-01 18:46:23,685 INFO [SIMULATE] 特徴量生成 race_id=202506040208: 15 頭 × 52 特徴量 (リーク除外済み)
2026-05-01 18:46:23,701 INFO [SIMULATE] 特徴量生成 race_id=202506040209: 16 頭 × 52 特徴量 (リーク除外済み)
2026-05-01 18:46:23,718 INFO [SIMULATE] 特徴量生成 race_id=202506040210: 13 頭 × 52 特徴量 (リーク除外済み)
2026-05-01 18:46:23,732 INFO [SIMULATE] 特徴量生成 race_id=202506040211: 13 頭 × 52 特徴量 (リーク除外済み)
2026-05-01 18:46:23,744 INFO [SIMULATE] 特徴量生成 race_id=202506040212: 16 頭 × 52 特徴量 (リーク除外済み)
2026-05-01 18:46:23,754 INFO [SIMULATE] 特徴量生成 race_id=202509040201: 7 頭 × 52 特徴量 (リーク除外済み)
2026-05-01 18:46:23,766 INFO [SIMULATE] 特徴量生成 race_id=202509040202: 7 頭 × 52 特徴量 (リーク除外済み)
2026-05-01 18:46:23,780 INFO [SIMULATE] 特徴量生成 race_id=202509040203: 16 頭 × 52 特徴量 (リーク除外済み)
2026-05-01 18:46:23,794 INFO [SIMULATE] 特徴量生成 race_id=202509040204: 16 頭 × 52 特徴量 (リーク除外済み)
2026-05-01 18:46:23,809 INFO [SIMULATE] 特徴量生成 race_id=202509040205: 6 頭 × 52 特徴量 (リーク除外済み)
2026-05-01 18:46:23,820 INFO [SIMULATE] 特徴量生成 race_id=202509040206: 15 頭 × 52 特徴量 (リーク除外済み)
2026-05-01 18:46:23,832 INFO [SIMULATE] 特徴量生成 race_id=202509040207: 9 頭 × 52 特徴量 (リーク除外済み)
2026-05-01 18:46:23,847 INFO [SIMULATE] 特徴量生成 race_id=202509040208: 5 頭 × 52 特徴量 (リーク除外済み)
2026-05-01 18:46:23,862 INFO [SIMULATE] 特徴量生成 race_id=202509040209: 13 頭 × 52 特徴量 (リーク除外済み)
2026-05-01 18:46:23,877 INFO [SIMULATE] 特徴量生成 race_id=202509040210: 12 頭 × 52 特徴量 (リーク除外済み)
2026-05-01 18:46:23,893 INFO [SIMULATE] 特徴量生成 race_id=202509040211: 16 頭 × 52 特徴量 (リーク除外済み)
2026-05-01 18:46:23,907 INFO [SIMULATE] 特徴量生成 race_id=202509040212: 12 頭 × 52 特徴量 (リーク除外済み)
2026-05-01 18:46:23,923 INFO [SIMULATE] 特徴量生成 race_id=202506040301: 11 頭 × 52 特徴量 (リーク除外済み)
2026-05-01 18:46:23,937 INFO [SIMULATE] 特徴量生成 race_id=202506040302: 11 頭 × 52 特徴量 (リーク除外済み)
2026-05-01 18:46:23,955 INFO [SIMULATE] 特徴量生成 race_id=202506040303: 16 頭 × 52 特徴量 (リーク除外済み)
2026-05-01 18:46:23,974 INFO [SIMULATE] 特徴量生成 race_id=202506040304: 13 頭 × 52 特徴量 (リーク除外済み)
2026-05-01 18:46:23,990 INFO [SIMULATE] 特徴量生成 race_id=202506040305: 16 頭 × 52 特徴量 (リーク除外済み)
2026-05-01 18:46:24,001 INFO [SIMULATE] 特徴量生成 race_id=202506040306: 9 頭 × 52 特徴量 (リーク除外済み)
2026-05-01 18:46:24,014 INFO [SIMULATE] 特徴量生成 race_id=202506040307: 16 頭 × 52 特徴量 (リーク除外済み)
2026-05-01 18:46:24,028 INFO [SIMULATE] 特徴量生成 race_id=202506040308: 16 頭 × 52 特徴量 (リーク除外済み)
2026-05-01 18:46:24,041 INFO [SIMULATE] 特徴量生成 race_id=202506040309: 11 頭 × 52 特徴量 (リーク除外済み)
2026-05-01 18:46:24,056 INFO [SIMULATE] 特徴量生成 race_id=202506040310: 11 頭 × 52 特徴量 (リーク除外済み)
2026-05-01 18:46:24,067 INFO [SIMULATE] 特徴量生成 race_id=202506040311: 10 頭 × 52 特徴量 (リーク除外済み)
2026-05-01 18:46:24,082 INFO [SIMULATE] 特徴量生成 race_id=202506040312: 16 頭 × 52 特徴量 (リーク除外済み)
2026-05-01 18:46:24,095 INFO [SIMULATE] 特徴量生成 race_id=202509040301: 8 頭 × 52 特徴量 (リーク除外済み)
2026-05-01 18:46:24,106 INFO [SIMULATE] 特徴量生成 race_id=202509040302: 8 頭 × 52 特徴量 (リーク除外済み)
2026-05-01 18:46:24,114 INFO [SIMULATE] 特徴量生成 race_id=202509040303: 5 頭 × 52 特徴量 (リーク除外済み)
2026-05-01 18:46:24,127 INFO [SIMULATE] 特徴量生成 race_id=202509040304: 16 頭 × 52 特徴量 (リーク除外済み)
2026-05-01 18:46:24,141 INFO [SIMULATE] 特徴量生成 race_id=202509040305: 11 頭 × 52 特徴量 (リーク除外済み)
2026-05-01 18:46:24,151 INFO [SIMULATE] 特徴量生成 race_id=202509040306: 13 頭 × 52 特徴量 (リーク除外済み)
2026-05-01 18:46:24,163 INFO [SIMULATE] 特徴量生成 race_id=202509040307: 18 頭 × 52 特徴量 (リーク除外済み)
2026-05-01 18:46:24,174 INFO [SIMULATE] 特徴量生成 race_id=202509040308: 6 頭 × 52 特徴量 (リーク除外済み)
2026-05-01 18:46:24,185 INFO [SIMULATE] 特徴量生成 race_id=202509040309: 18 頭 × 52 特徴量 (リーク除外済み)
2026-05-01 18:46:24,194 INFO [SIMULATE] 特徴量生成 race_id=202509040310: 9 頭 × 52 特徴量 (リーク除外済み)
2026-05-01 18:46:24,210 INFO [SIMULATE] 特徴量生成 race_id=202509040311: 15 頭 × 52 特徴量 (リーク除外済み)
2026-05-01 18:46:24,222 INFO [SIMULATE] 特徴量生成 race_id=202509040312: 14 頭 × 52 特徴量 (リーク除外済み)
2026-05-01 18:46:24,238 INFO [SIMULATE] 特徴量生成 race_id=202506040401: 9 頭 × 52 特徴量 (リーク除外済み)
2026-05-01 18:46:24,251 INFO [SIMULATE] 特徴量生成 race_id=202506040402: 16 頭 × 52 特徴量 (リーク除外済み)
2026-05-01 18:46:24,263 INFO [SIMULATE] 特徴量生成 race_id=202506040403: 15 頭 × 52 特徴量 (リーク除外済み)
2026-05-01 18:46:24,274 INFO [SIMULATE] 特徴量生成 race_id=202506040404: 11 頭 × 52 特徴量 (リーク除外済み)
2026-05-01 18:46:24,284 INFO [SIMULATE] 特徴量生成 race_id=202506040405: 10 頭 × 52 特徴量 (リーク除外済み)
2026-05-01 18:46:24,299 INFO [SIMULATE] 特徴量生成 race_id=202506040406: 16 頭 × 52 特徴量 (リーク除外済み)
2026-05-01 18:46:24,311 INFO [SIMULATE] 特徴量生成 race_id=202506040407: 18 頭 × 52 特徴量 (リーク除外済み)
2026-05-01 18:46:24,322 INFO [SIMULATE] 特徴量生成 race_id=202506040408: 16 頭 × 52 特徴量 (リーク除外済み)
2026-05-01 18:46:24,334 INFO [SIMULATE] 特徴量生成 race_id=202506040409: 8 頭 × 52 特徴量 (リーク除外済み)
2026-05-01 18:46:24,346 INFO [SIMULATE] 特徴量生成 race_id=202506040410: 14 頭 × 52 特徴量 (リーク除外済み)
2026-05-01 18:46:24,361 INFO [SIMULATE] 特徴量生成 race_id=202506040411: 16 頭 × 52 特徴量 (リーク除外済み)
2026-05-01 18:46:24,373 INFO [SIMULATE] 特徴量生成 race_id=202506040412: 16 頭 × 52 特徴量 (リーク除外済み)
2026-05-01 18:46:24,383 INFO [SIMULATE] 特徴量生成 race_id=202509040401: 13 頭 × 52 特徴量 (リーク除外済み)
2026-05-01 18:46:24,396 INFO [SIMULATE] 特徴量生成 race_id=202509040402: 10 頭 × 52 特徴量 (リーク除外済み)
2026-05-01 18:46:24,409 INFO [SIMULATE] 特徴量生成 race_id=202509040403: 16 頭 × 52 特徴量 (リーク除外済み)
2026-05-01 18:46:24,422 INFO [SIMULATE] 特徴量生成 race_id=202509040404: 16 頭 × 52 特徴量 (リーク除外済み)
2026-05-01 18:46:24,431 INFO [SIMULATE] 特徴量生成 race_id=202509040405: 7 頭 × 52 特徴量 (リーク除外済み)
2026-05-01 18:46:24,443 INFO [SIMULATE] 特徴量生成 race_id=202509040406: 12 頭 × 52 特徴量 (リーク除外済み)
2026-05-01 18:46:24,456 INFO [SIMULATE] 特徴量生成 race_id=202509040407: 14 頭 × 52 特徴量 (リーク除外済み)
2026-05-01 18:46:24,469 INFO [SIMULATE] 特徴量生成 race_id=202509040408: 13 頭 × 52 特徴量 (リーク除外済み)
2026-05-01 18:46:24,479 INFO [SIMULATE] 特徴量生成 race_id=202509040409: 9 頭 × 52 特徴量 (リーク除外済み)
2026-05-01 18:46:24,491 INFO [SIMULATE] 特徴量生成 race_id=202509040410: 11 頭 × 52 特徴量 (リーク除外済み)
2026-05-01 18:46:24,503 INFO [SIMULATE] 特徴量生成 race_id=202509040411: 18 頭 × 52 特徴量 (リーク除外済み)
2026-05-01 18:46:24,516 INFO [SIMULATE] 特徴量生成 race_id=202509040412: 16 頭 × 52 特徴量 (リーク除外済み)
2026-05-01 18:46:24,530 INFO [SIMULATE] 特徴量生成 race_id=202506040501: 16 頭 × 52 特徴量 (リーク除外済み)
2026-05-01 18:46:24,544 INFO [SIMULATE] 特徴量生成 race_id=202506040502: 10 頭 × 52 特徴量 (リーク除外済み)
2026-05-01 18:46:24,555 INFO [SIMULATE] 特徴量生成 race_id=202506040503: 16 頭 × 52 特徴量 (リーク除外済み)
2026-05-01 18:46:24,566 INFO [SIMULATE] 特徴量生成 race_id=202506040504: 16 頭 × 52 特徴量 (リーク除外済み)
2026-05-01 18:46:24,578 INFO [SIMULATE] 特徴量生成 race_id=202506040505: 13 頭 × 52 特徴量 (リーク除外済み)
2026-05-01 18:46:24,587 INFO [SIMULATE] 特徴量生成 race_id=202506040506: 11 頭 × 52 特徴量 (リーク除外済み)
2026-05-01 18:46:24,599 INFO [SIMULATE] 特徴量生成 race_id=202506040507: 16 頭 × 52 特徴量 (リーク除外済み)
2026-05-01 18:46:24,614 INFO [SIMULATE] 特徴量生成 race_id=202506040508: 14 頭 × 52 特徴量 (リーク除外済み)
2026-05-01 18:46:24,634 INFO [SIMULATE] 特徴量生成 race_id=202506040509: 11 頭 × 52 特徴量 (リーク除外済み)
2026-05-01 18:46:24,652 INFO [SIMULATE] 特徴量生成 race_id=202506040510: 9 頭 × 52 特徴量 (リーク除外済み)
2026-05-01 18:46:24,665 INFO [SIMULATE] 特徴量生成 race_id=202506040511: 12 頭 × 52 特徴量 (リーク除外済み)
2026-05-01 18:46:24,706 INFO [SIMULATE] 特徴量生成 race_id=202506040512: 16 頭 × 52 特徴量 (リーク除外済み)
2026-05-01 18:46:24,720 INFO [SIMULATE] 特徴量生成 race_id=202509040501: 7 頭 × 52 特徴量 (リーク除外済み)
2026-05-01 18:46:24,747 INFO [SIMULATE] 特徴量生成 race_id=202509040502: 8 頭 × 52 特徴量 (リーク除外済み)
2026-05-01 18:46:24,767 INFO [SIMULATE] 特徴量生成 race_id=202509040503: 5 頭 × 52 特徴量 (リーク除外済み)
2026-05-01 18:46:24,829 INFO [SIMULATE] 特徴量生成 race_id=202509040504: 16 頭 × 52 特徴量 (リーク除外済み)
2026-05-01 18:46:24,846 INFO [SIMULATE] 特徴量生成 race_id=202509040505: 10 頭 × 52 特徴量 (リーク除外済み)
2026-05-01 18:46:24,887 INFO [SIMULATE] 特徴量生成 race_id=202509040506: 18 頭 × 52 特徴量 (リーク除外済み)
2026-05-01 18:46:24,991 INFO [SIMULATE] 特徴量生成 race_id=202509040507: 13 頭 × 52 特徴量 (リーク除外済み)
2026-05-01 18:46:25,025 INFO [SIMULATE] 特徴量生成 race_id=202509040508: 8 頭 × 52 特徴量 (リーク除外済み)
2026-05-01 18:46:25,100 INFO [SIMULATE] 特徴量生成 race_id=202509040509: 13 頭 × 52 特徴量 (リーク除外済み)
2026-05-01 18:46:25,134 INFO [SIMULATE] 特徴量生成 race_id=202509040510: 9 頭 × 52 特徴量 (リーク除外済み)
2026-05-01 18:46:25,152 INFO [SIMULATE] 特徴量生成 race_id=202509040511: 14 頭 × 52 特徴量 (リーク除外済み)
2026-05-01 18:46:25,183 INFO [SIMULATE] 特徴量生成 race_id=202509040512: 15 頭 × 52 特徴量 (リーク除外済み)
2026-05-01 18:46:25,202 INFO [SIMULATE] 特徴量生成 race_id=202506040601: 13 頭 × 52 特徴量 (リーク除外済み)
2026-05-01 18:46:25,223 INFO [SIMULATE] 特徴量生成 race_id=202506040602: 14 頭 × 52 特徴量 (リーク除外済み)
2026-05-01 18:46:25,247 INFO [SIMULATE] 特徴量生成 race_id=202506040603: 16 頭 × 52 特徴量 (リーク除外済み)
2026-05-01 18:46:25,256 INFO [SIMULATE] 特徴量生成 race_id=202506040604: 11 頭 × 52 特徴量 (リーク除外済み)
2026-05-01 18:46:25,268 INFO [SIMULATE] 特徴量生成 race_id=202506040605: 16 頭 × 52 特徴量 (リーク除外済み)
2026-05-01 18:46:25,284 INFO [SIMULATE] 特徴量生成 race_id=202506040606: 11 頭 × 52 特徴量 (リーク除外済み)
2026-05-01 18:46:25,298 INFO [SIMULATE] 特徴量生成 race_id=202506040607: 18 頭 × 52 特徴量 (リーク除外済み)
2026-05-01 18:46:25,314 INFO [SIMULATE] 特徴量生成 race_id=202506040608: 16 頭 × 52 特徴量 (リーク除外済み)
2026-05-01 18:46:25,325 INFO [SIMULATE] 特徴量生成 race_id=202506040609: 13 頭 × 52 特徴量 (リーク除外済み)
2026-05-01 18:46:25,334 INFO [SIMULATE] 特徴量生成 race_id=202506040610: 9 頭 × 52 特徴量 (リーク除外済み)
2026-05-01 18:46:25,347 INFO [SIMULATE] 特徴量生成 race_id=202506040611: 15 頭 × 52 特徴量 (リーク除外済み)
2026-05-01 18:46:25,374 INFO [SIMULATE] 特徴量生成 race_id=202506040612: 16 頭 × 52 特徴量 (リーク除外済み)
2026-05-01 18:46:25,386 INFO [SIMULATE] 特徴量生成 race_id=202509040601: 10 頭 × 52 特徴量 (リーク除外済み)
2026-05-01 18:46:25,396 INFO [SIMULATE] 特徴量生成 race_id=202509040602: 7 頭 × 52 特徴量 (リーク除外済み)
2026-05-01 18:46:25,410 INFO [SIMULATE] 特徴量生成 race_id=202509040603: 10 頭 × 52 特徴量 (リーク除外済み)
2026-05-01 18:46:25,420 INFO [SIMULATE] 特徴量生成 race_id=202509040604: 9 頭 × 52 特徴量 (リーク除外済み)
2026-05-01 18:46:25,432 INFO [SIMULATE] 特徴量生成 race_id=202509040605: 14 頭 × 52 特徴量 (リーク除外済み)
2026-05-01 18:46:25,443 INFO [SIMULATE] 特徴量生成 race_id=202509040606: 16 頭 × 52 特徴量 (リーク除外済み)
2026-05-01 18:46:25,458 INFO [SIMULATE] 特徴量生成 race_id=202509040607: 16 頭 × 52 特徴量 (リーク除外済み)
2026-05-01 18:46:25,470 INFO [SIMULATE] 特徴量生成 race_id=202509040608: 6 頭 × 52 特徴量 (リーク除外済み)
2026-05-01 18:46:25,472 INFO   特徴量生成中... 4000/5878
2026-05-01 18:46:25,491 INFO [SIMULATE] 特徴量生成 race_id=202509040609: 16 頭 × 52 特徴量 (リーク除外済み)
2026-05-01 18:46:25,511 INFO [SIMULATE] 特徴量生成 race_id=202509040610: 7 頭 × 52 特徴量 (リーク除外済み)
2026-05-01 18:46:25,523 INFO [SIMULATE] 特徴量生成 race_id=202509040611: 13 頭 × 52 特徴量 (リーク除外済み)
2026-05-01 18:46:25,535 INFO [SIMULATE] 特徴量生成 race_id=202509040612: 16 頭 × 52 特徴量 (リーク除外済み)
2026-05-01 18:46:25,548 INFO [SIMULATE] 特徴量生成 race_id=202506040701: 16 頭 × 52 特徴量 (リーク除外済み)
2026-05-01 18:46:25,562 INFO [SIMULATE] 特徴量生成 race_id=202506040702: 16 頭 × 52 特徴量 (リーク除外済み)
2026-05-01 18:46:25,576 INFO [SIMULATE] 特徴量生成 race_id=202506040703: 10 頭 × 52 特徴量 (リーク除外済み)
2026-05-01 18:46:25,593 INFO [SIMULATE] 特徴量生成 race_id=202506040704: 16 頭 × 52 特徴量 (リーク除外済み)
2026-05-01 18:46:25,610 INFO [SIMULATE] 特徴量生成 race_id=202506040705: 10 頭 × 52 特徴量 (リーク除外済み)
2026-05-01 18:46:25,626 INFO [SIMULATE] 特徴量生成 race_id=202506040706: 16 頭 × 52 特徴量 (リーク除外済み)
2026-05-01 18:46:25,643 INFO [SIMULATE] 特徴量生成 race_id=202506040707: 16 頭 × 52 特徴量 (リーク除外済み)
2026-05-01 18:46:25,661 INFO [SIMULATE] 特徴量生成 race_id=202506040708: 16 頭 × 52 特徴量 (リーク除外済み)
2026-05-01 18:46:25,678 INFO [SIMULATE] 特徴量生成 race_id=202506040709: 9 頭 × 52 特徴量 (リーク除外済み)
2026-05-01 18:46:25,700 INFO [SIMULATE] 特徴量生成 race_id=202506040710: 16 頭 × 52 特徴量 (リーク除外済み)
2026-05-01 18:46:25,721 INFO [SIMULATE] 特徴量生成 race_id=202506040711: 11 頭 × 52 特徴量 (リーク除外済み)
2026-05-01 18:46:25,740 INFO [SIMULATE] 特徴量生成 race_id=202506040712: 16 頭 × 52 特徴量 (リーク除外済み)
2026-05-01 18:46:25,755 INFO [SIMULATE] 特徴量生成 race_id=202509040701: 8 頭 × 52 特徴量 (リーク除外済み)
2026-05-01 18:46:25,774 INFO [SIMULATE] 特徴量生成 race_id=202509040702: 13 頭 × 52 特徴量 (リーク除外済み)
2026-05-01 18:46:25,811 INFO [SIMULATE] 特徴量生成 race_id=202509040703: 11 頭 × 52 特徴量 (リーク除外済み)
2026-05-01 18:46:25,831 INFO [SIMULATE] 特徴量生成 race_id=202509040704: 13 頭 × 52 特徴量 (リーク除外済み)
2026-05-01 18:46:25,862 INFO [SIMULATE] 特徴量生成 race_id=202509040705: 9 頭 × 52 特徴量 (リーク除外済み)
2026-05-01 18:46:25,894 INFO [SIMULATE] 特徴量生成 race_id=202509040706: 9 頭 × 52 特徴量 (リーク除外済み)
2026-05-01 18:46:25,923 INFO [SIMULATE] 特徴量生成 race_id=202509040707: 13 頭 × 52 特徴量 (リーク除外済み)
2026-05-01 18:46:25,946 INFO [SIMULATE] 特徴量生成 race_id=202509040708: 13 頭 × 52 特徴量 (リーク除外済み)
2026-05-01 18:46:25,995 INFO [SIMULATE] 特徴量生成 race_id=202509040709: 10 頭 × 52 特徴量 (リーク除外済み)
2026-05-01 18:46:26,089 INFO [SIMULATE] 特徴量生成 race_id=202509040710: 9 頭 × 52 特徴量 (リーク除外済み)
2026-05-01 18:46:26,139 INFO [SIMULATE] 特徴量生成 race_id=202509040711: 10 頭 × 52 特徴量 (リーク除外済み)
2026-05-01 18:46:26,174 INFO [SIMULATE] 特徴量生成 race_id=202509040712: 16 頭 × 52 特徴量 (リーク除外済み)
2026-05-01 18:46:27,528 INFO [SIMULATE] 特徴量生成 race_id=202506040801: 11 頭 × 52 特徴量 (リーク除外済み)
2026-05-01 18:46:27,546 INFO [SIMULATE] 特徴量生成 race_id=202506040802: 16 頭 × 52 特徴量 (リーク除外済み)
2026-05-01 18:46:27,558 INFO [SIMULATE] 特徴量生成 race_id=202506040803: 16 頭 × 52 特徴量 (リーク除外済み)
2026-05-01 18:46:27,690 INFO [SIMULATE] 特徴量生成 race_id=202506040804: 16 頭 × 52 特徴量 (リーク除外済み)
2026-05-01 18:46:27,708 INFO [SIMULATE] 特徴量生成 race_id=202506040805: 16 頭 × 52 特徴量 (リーク除外済み)
2026-05-01 18:46:27,730 INFO [SIMULATE] 特徴量生成 race_id=202506040806: 16 頭 × 52 特徴量 (リーク除外済み)
2026-05-01 18:46:27,752 INFO [SIMULATE] 特徴量生成 race_id=202506040807: 16 頭 × 52 特徴量 (リーク除外済み)
2026-05-01 18:46:27,768 INFO [SIMULATE] 特徴量生成 race_id=202506040808: 16 頭 × 52 特徴量 (リーク除外済み)
2026-05-01 18:46:27,781 INFO [SIMULATE] 特徴量生成 race_id=202506040809: 9 頭 × 52 特徴量 (リーク除外済み)
2026-05-01 18:46:27,797 INFO [SIMULATE] 特徴量生成 race_id=202506040810: 16 頭 × 52 特徴量 (リーク除外済み)
2026-05-01 18:46:27,809 INFO [SIMULATE] 特徴量生成 race_id=202506040811: 16 頭 × 52 特徴量 (リーク除外済み)
2026-05-01 18:46:27,828 INFO [SIMULATE] 特徴量生成 race_id=202509040801: 15 頭 × 52 特徴量 (リーク除外済み)
2026-05-01 18:46:27,839 INFO [SIMULATE] 特徴量生成 race_id=202509040802: 9 頭 × 52 特徴量 (リーク除外済み)
2026-05-01 18:46:27,850 INFO [SIMULATE] 特徴量生成 race_id=202509040803: 15 頭 × 52 特徴量 (リーク除外済み)
2026-05-01 18:46:27,873 INFO [SIMULATE] 特徴量生成 race_id=202509040804: 16 頭 × 52 特徴量 (リーク除外済み)
2026-05-01 18:46:27,884 INFO [SIMULATE] 特徴量生成 race_id=202509040805: 11 頭 × 52 特徴量 (リーク除外済み)
2026-05-01 18:46:27,906 INFO [SIMULATE] 特徴量生成 race_id=202509040806: 13 頭 × 52 特徴量 (リーク除外済み)
2026-05-01 18:46:27,939 INFO [SIMULATE] 特徴量生成 race_id=202509040807: 16 頭 × 52 特徴量 (リーク除外済み)
2026-05-01 18:46:27,965 INFO [SIMULATE] 特徴量生成 race_id=202509040808: 13 頭 × 52 特徴量 (リーク除外済み)
2026-05-01 18:46:27,982 INFO [SIMULATE] 特徴量生成 race_id=202509040809: 8 頭 × 52 特徴量 (リーク除外済み)
2026-05-01 18:46:28,000 INFO [SIMULATE] 特徴量生成 race_id=202509040810: 16 頭 × 52 特徴量 (リーク除外済み)
2026-05-01 18:46:28,016 INFO [SIMULATE] 特徴量生成 race_id=202509040811: 14 頭 × 52 特徴量 (リーク除外済み)
2026-05-01 18:46:28,029 INFO [SIMULATE] 特徴量生成 race_id=202509040812: 16 頭 × 52 特徴量 (リーク除外済み)
2026-05-01 18:46:28,058 INFO [SIMULATE] 特徴量生成 race_id=202506040901: 12 頭 × 52 特徴量 (リーク除外済み)
2026-05-01 18:46:28,075 INFO [SIMULATE] 特徴量生成 race_id=202506040902: 16 頭 × 52 特徴量 (リーク除外済み)
2026-05-01 18:46:28,105 INFO [SIMULATE] 特徴量生成 race_id=202506040903: 16 頭 × 52 特徴量 (リーク除外済み)
2026-05-01 18:46:28,127 INFO [SIMULATE] 特徴量生成 race_id=202506040904: 16 頭 × 52 特徴量 (リーク除外済み)
2026-05-01 18:46:28,145 INFO [SIMULATE] 特徴量生成 race_id=202506040905: 17 頭 × 52 特徴量 (リーク除外済み)
2026-05-01 18:46:28,158 INFO [SIMULATE] 特徴量生成 race_id=202506040906: 16 頭 × 52 特徴量 (リーク除外済み)
2026-05-01 18:46:28,174 INFO [SIMULATE] 特徴量生成 race_id=202506040907: 16 頭 × 52 特徴量 (リーク除外済み)
2026-05-01 18:46:28,201 INFO [SIMULATE] 特徴量生成 race_id=202506040908: 16 頭 × 52 特徴量 (リーク除外済み)
2026-05-01 18:46:28,217 INFO [SIMULATE] 特徴量生成 race_id=202506040909: 8 頭 × 52 特徴量 (リーク除外済み)
2026-05-01 18:46:28,242 INFO [SIMULATE] 特徴量生成 race_id=202506040910: 13 頭 × 52 特徴量 (リーク除外済み)
2026-05-01 18:46:28,277 INFO [SIMULATE] 特徴量生成 race_id=202506040911: 16 頭 × 52 特徴量 (リーク除外済み)
2026-05-01 18:46:28,311 INFO [SIMULATE] 特徴量生成 race_id=202506040912: 16 頭 × 52 特徴量 (リーク除外済み)
2026-05-01 18:46:28,352 INFO [SIMULATE] 特徴量生成 race_id=202509040901: 13 頭 × 52 特徴量 (リーク除外済み)
2026-05-01 18:46:28,384 INFO [SIMULATE] 特徴量生成 race_id=202509040902: 14 頭 × 52 特徴量 (リーク除外済み)
2026-05-01 18:46:28,425 INFO [SIMULATE] 特徴量生成 race_id=202509040903: 10 頭 × 52 特徴量 (リーク除外済み)
2026-05-01 18:46:28,507 INFO [SIMULATE] 特徴量生成 race_id=202509040904: 9 頭 × 52 特徴量 (リーク除外済み)
2026-05-01 18:46:28,569 INFO [SIMULATE] 特徴量生成 race_id=202509040905: 18 頭 × 52 特徴量 (リーク除外済み)
2026-05-01 18:46:28,640 INFO [SIMULATE] 特徴量生成 race_id=202509040906: 16 頭 × 52 特徴量 (リーク除外済み)
2026-05-01 18:46:28,693 INFO [SIMULATE] 特徴量生成 race_id=202509040907: 16 頭 × 52 特徴量 (リーク除外済み)
2026-05-01 18:46:28,730 INFO [SIMULATE] 特徴量生成 race_id=202509040908: 18 頭 × 52 特徴量 (リーク除外済み)
2026-05-01 18:46:28,813 INFO [SIMULATE] 特徴量生成 race_id=202509040909: 12 頭 × 52 特徴量 (リーク除外済み)
2026-05-01 18:46:28,867 INFO [SIMULATE] 特徴量生成 race_id=202509040910: 16 頭 × 52 特徴量 (リーク除外済み)
2026-05-01 18:46:28,926 INFO [SIMULATE] 特徴量生成 race_id=202509040911: 12 頭 × 52 特徴量 (リーク除外済み)
2026-05-01 18:46:29,010 INFO [SIMULATE] 特徴量生成 race_id=202509040912: 14 頭 × 52 特徴量 (リーク除外済み)
2026-05-01 18:46:29,271 INFO [SIMULATE] 特徴量生成 race_id=202505040101: 16 頭 × 52 特徴量 (リーク除外済み)
2026-05-01 18:46:29,402 INFO [SIMULATE] 特徴量生成 race_id=202505040102: 9 頭 × 52 特徴量 (リーク除外済み)
2026-05-01 18:46:29,496 INFO [SIMULATE] 特徴量生成 race_id=202505040103: 18 頭 × 52 特徴量 (リーク除外済み)
2026-05-01 18:46:29,538 INFO [SIMULATE] 特徴量生成 race_id=202505040104: 11 頭 × 52 特徴量 (リーク除外済み)
2026-05-01 18:46:29,594 INFO [SIMULATE] 特徴量生成 race_id=202505040105: 17 頭 × 52 特徴量 (リーク除外済み)
2026-05-01 18:46:29,698 INFO [SIMULATE] 特徴量生成 race_id=202505040106: 16 頭 × 52 特徴量 (リーク除外済み)
2026-05-01 18:46:29,761 INFO [SIMULATE] 特徴量生成 race_id=202505040107: 10 頭 × 52 特徴量 (リーク除外済み)
2026-05-01 18:46:29,814 INFO [SIMULATE] 特徴量生成 race_id=202505040108: 16 頭 × 52 特徴量 (リーク除外済み)
2026-05-01 18:46:29,839 INFO [SIMULATE] 特徴量生成 race_id=202505040109: 12 頭 × 52 特徴量 (リーク除外済み)
2026-05-01 18:46:29,874 INFO [SIMULATE] 特徴量生成 race_id=202505040110: 15 頭 × 52 特徴量 (リーク除外済み)
2026-05-01 18:46:29,901 INFO [SIMULATE] 特徴量生成 race_id=202505040111: 16 頭 × 52 特徴量 (リーク除外済み)
2026-05-01 18:46:29,938 INFO [SIMULATE] 特徴量生成 race_id=202505040112: 16 頭 × 52 特徴量 (リーク除外済み)
2026-05-01 18:46:29,989 INFO [SIMULATE] 特徴量生成 race_id=202508030101: 14 頭 × 52 特徴量 (リーク除外済み)
2026-05-01 18:46:30,010 INFO [SIMULATE] 特徴量生成 race_id=202508030102: 8 頭 × 52 特徴量 (リーク除外済み)
2026-05-01 18:46:30,050 INFO [SIMULATE] 特徴量生成 race_id=202508030103: 16 頭 × 52 特徴量 (リーク除外済み)
2026-05-01 18:46:30,075 INFO [SIMULATE] 特徴量生成 race_id=202508030104: 14 頭 × 52 特徴量 (リーク除外済み)
2026-05-01 18:46:30,099 INFO [SIMULATE] 特徴量生成 race_id=202508030105: 14 頭 × 52 特徴量 (リーク除外済み)
2026-05-01 18:46:30,150 INFO [SIMULATE] 特徴量生成 race_id=202508030106: 16 頭 × 52 特徴量 (リーク除外済み)
2026-05-01 18:46:30,189 INFO [SIMULATE] 特徴量生成 race_id=202508030107: 18 頭 × 52 特徴量 (リーク除外済み)
2026-05-01 18:46:30,225 INFO [SIMULATE] 特徴量生成 race_id=202508030108: 12 頭 × 52 特徴量 (リーク除外済み)
2026-05-01 18:46:30,248 INFO [SIMULATE] 特徴量生成 race_id=202508030109: 8 頭 × 52 特徴量 (リーク除外済み)
2026-05-01 18:46:30,295 INFO [SIMULATE] 特徴量生成 race_id=202508030110: 16 頭 × 52 特徴量 (リーク除外済み)
2026-05-01 18:46:30,334 INFO [SIMULATE] 特徴量生成 race_id=202508030111: 18 頭 × 52 特徴量 (リーク除外済み)
2026-05-01 18:46:30,356 INFO [SIMULATE] 特徴量生成 race_id=202508030112: 13 頭 × 52 特徴量 (リーク除外済み)
2026-05-01 18:46:30,397 INFO [SIMULATE] 特徴量生成 race_id=202505040201: 16 頭 × 52 特徴量 (リーク除外済み)
2026-05-01 18:46:30,420 INFO [SIMULATE] 特徴量生成 race_id=202505040202: 11 頭 × 52 特徴量 (リーク除外済み)
2026-05-01 18:46:30,441 INFO [SIMULATE] 特徴量生成 race_id=202505040203: 17 頭 × 52 特徴量 (リーク除外済み)
2026-05-01 18:46:30,471 INFO [SIMULATE] 特徴量生成 race_id=202505040204: 14 頭 × 52 特徴量 (リーク除外済み)
2026-05-01 18:46:30,500 INFO [SIMULATE] 特徴量生成 race_id=202505040205: 15 頭 × 52 特徴量 (リーク除外済み)
2026-05-01 18:46:30,552 INFO [SIMULATE] 特徴量生成 race_id=202505040206: 16 頭 × 52 特徴量 (リーク除外済み)
2026-05-01 18:46:30,572 INFO [SIMULATE] 特徴量生成 race_id=202505040207: 18 頭 × 52 特徴量 (リーク除外済み)
2026-05-01 18:46:30,600 INFO [SIMULATE] 特徴量生成 race_id=202505040208: 14 頭 × 52 特徴量 (リーク除外済み)
2026-05-01 18:46:30,624 INFO [SIMULATE] 特徴量生成 race_id=202505040209: 18 頭 × 52 特徴量 (リーク除外済み)
2026-05-01 18:46:30,697 INFO [SIMULATE] 特徴量生成 race_id=202505040210: 16 頭 × 52 特徴量 (リーク除外済み)
2026-05-01 18:46:30,734 INFO [SIMULATE] 特徴量生成 race_id=202505040211: 11 頭 × 52 特徴量 (リーク除外済み)
2026-05-01 18:46:30,818 INFO [SIMULATE] 特徴量生成 race_id=202505040212: 16 頭 × 52 特徴量 (リーク除外済み)
2026-05-01 18:46:30,896 INFO [SIMULATE] 特徴量生成 race_id=202508030201: 16 頭 × 52 特徴量 (リーク除外済み)
2026-05-01 18:46:30,970 INFO [SIMULATE] 特徴量生成 race_id=202508030202: 7 頭 × 52 特徴量 (リーク除外済み)
2026-05-01 18:46:31,375 INFO [SIMULATE] 特徴量生成 race_id=202508030203: 16 頭 × 52 特徴量 (リーク除外済み)
2026-05-01 18:46:31,519 INFO [SIMULATE] 特徴量生成 race_id=202508030204: 12 頭 × 52 特徴量 (リーク除外済み)
2026-05-01 18:46:31,659 INFO [SIMULATE] 特徴量生成 race_id=202508030205: 13 頭 × 52 特徴量 (リーク除外済み)
2026-05-01 18:46:31,691 INFO [SIMULATE] 特徴量生成 race_id=202508030206: 14 頭 × 52 特徴量 (リーク除外済み)
2026-05-01 18:46:31,738 INFO [SIMULATE] 特徴量生成 race_id=202508030207: 12 頭 × 52 特徴量 (リーク除外済み)
2026-05-01 18:46:31,822 INFO [SIMULATE] 特徴量生成 race_id=202508030208: 16 頭 × 52 特徴量 (リーク除外済み)
2026-05-01 18:46:31,901 INFO [SIMULATE] 特徴量生成 race_id=202508030209: 9 頭 × 52 特徴量 (リーク除外済み)
2026-05-01 18:46:31,932 INFO [SIMULATE] 特徴量生成 race_id=202508030210: 16 頭 × 52 特徴量 (リーク除外済み)
2026-05-01 18:46:31,995 INFO [SIMULATE] 特徴量生成 race_id=202508030211: 18 頭 × 52 特徴量 (リーク除外済み)
2026-05-01 18:46:32,180 INFO [SIMULATE] 特徴量生成 race_id=202508030212: 16 頭 × 52 特徴量 (リーク除外済み)
2026-05-01 18:46:32,240 INFO [SIMULATE] 特徴量生成 race_id=202505040301: 10 頭 × 52 特徴量 (リーク除外済み)
2026-05-01 18:46:32,350 INFO [SIMULATE] 特徴量生成 race_id=202505040302: 16 頭 × 52 特徴量 (リーク除外済み)
2026-05-01 18:46:32,361 INFO [SIMULATE] 特徴量生成 race_id=202505040303: 10 頭 × 52 特徴量 (リーク除外済み)
2026-05-01 18:46:32,399 INFO [SIMULATE] 特徴量生成 race_id=202505040304: 16 頭 × 52 特徴量 (リーク除外済み)
2026-05-01 18:46:32,894 INFO [SIMULATE] 特徴量生成 race_id=202505040305: 14 頭 × 52 特徴量 (リーク除外済み)
2026-05-01 18:46:33,125 INFO [SIMULATE] 特徴量生成 race_id=202505040306: 16 頭 × 52 特徴量 (リーク除外済み)
2026-05-01 18:46:33,185 INFO [SIMULATE] 特徴量生成 race_id=202505040307: 10 頭 × 52 特徴量 (リーク除外済み)
2026-05-01 18:46:33,368 INFO [SIMULATE] 特徴量生成 race_id=202505040308: 16 頭 × 52 特徴量 (リーク除外済み)
2026-05-01 18:46:33,441 INFO [SIMULATE] 特徴量生成 race_id=202505040309: 10 頭 × 52 特徴量 (リーク除外済み)
2026-05-01 18:46:33,530 INFO [SIMULATE] 特徴量生成 race_id=202505040310: 16 頭 × 52 特徴量 (リーク除外済み)
2026-05-01 18:46:33,548 INFO [SIMULATE] 特徴量生成 race_id=202505040311: 8 頭 × 52 特徴量 (リーク除外済み)
2026-05-01 18:46:33,569 INFO [SIMULATE] 特徴量生成 race_id=202505040312: 16 頭 × 52 特徴量 (リーク除外済み)
2026-05-01 18:46:33,586 INFO [SIMULATE] 特徴量生成 race_id=202508030301: 16 頭 × 52 特徴量 (リーク除外済み)
2026-05-01 18:46:33,726 INFO [SIMULATE] 特徴量生成 race_id=202508030302: 8 頭 × 52 特徴量 (リーク除外済み)
2026-05-01 18:46:33,758 INFO [SIMULATE] 特徴量生成 race_id=202508030303: 6 頭 × 52 特徴量 (リーク除外済み)
2026-05-01 18:46:33,783 INFO [SIMULATE] 特徴量生成 race_id=202508030304: 11 頭 × 52 特徴量 (リーク除外済み)
2026-05-01 18:46:33,815 INFO [SIMULATE] 特徴量生成 race_id=202508030305: 18 頭 × 52 特徴量 (リーク除外済み)
2026-05-01 18:46:33,840 INFO [SIMULATE] 特徴量生成 race_id=202508030306: 11 頭 × 52 特徴量 (リーク除外済み)
2026-05-01 18:46:33,862 INFO [SIMULATE] 特徴量生成 race_id=202508030307: 11 頭 × 52 特徴量 (リーク除外済み)
2026-05-01 18:46:33,943 INFO [SIMULATE] 特徴量生成 race_id=202508030308: 7 頭 × 52 特徴量 (リーク除外済み)
2026-05-01 18:46:33,969 INFO [SIMULATE] 特徴量生成 race_id=202508030309: 12 頭 × 52 特徴量 (リーク除外済み)
2026-05-01 18:46:33,987 INFO [SIMULATE] 特徴量生成 race_id=202508030311: 16 頭 × 52 特徴量 (リーク除外済み)
2026-05-01 18:46:34,001 INFO [SIMULATE] 特徴量生成 race_id=202508030312: 16 頭 × 52 特徴量 (リーク除外済み)
2026-05-01 18:46:34,025 INFO [SIMULATE] 特徴量生成 race_id=202505040401: 16 頭 × 52 特徴量 (リーク除外済み)
2026-05-01 18:46:34,036 INFO [SIMULATE] 特徴量生成 race_id=202505040402: 10 頭 × 52 特徴量 (リーク除外済み)
2026-05-01 18:46:34,052 INFO [SIMULATE] 特徴量生成 race_id=202505040403: 10 頭 × 52 特徴量 (リーク除外済み)
2026-05-01 18:46:34,066 INFO [SIMULATE] 特徴量生成 race_id=202505040404: 16 頭 × 52 特徴量 (リーク除外済み)
2026-05-01 18:46:34,111 INFO [SIMULATE] 特徴量生成 race_id=202505040405: 12 頭 × 52 特徴量 (リーク除外済み)
2026-05-01 18:46:34,132 INFO [SIMULATE] 特徴量生成 race_id=202505040406: 15 頭 × 52 特徴量 (リーク除外済み)
2026-05-01 18:46:34,175 INFO [SIMULATE] 特徴量生成 race_id=202505040407: 16 頭 × 52 特徴量 (リーク除外済み)
2026-05-01 18:46:34,244 INFO [SIMULATE] 特徴量生成 race_id=202505040408: 11 頭 × 52 特徴量 (リーク除外済み)
2026-05-01 18:46:34,274 INFO [SIMULATE] 特徴量生成 race_id=202505040409: 16 頭 × 52 特徴量 (リーク除外済み)
2026-05-01 18:46:34,336 INFO [SIMULATE] 特徴量生成 race_id=202505040410: 16 頭 × 52 特徴量 (リーク除外済み)
2026-05-01 18:46:34,382 INFO [SIMULATE] 特徴量生成 race_id=202505040411: 16 頭 × 52 特徴量 (リーク除外済み)
2026-05-01 18:46:34,440 INFO [SIMULATE] 特徴量生成 race_id=202505040412: 16 頭 × 52 特徴量 (リーク除外済み)
2026-05-01 18:46:34,463 INFO [SIMULATE] 特徴量生成 race_id=202508030401: 12 頭 × 52 特徴量 (リーク除外済み)
2026-05-01 18:46:34,519 INFO [SIMULATE] 特徴量生成 race_id=202508030402: 7 頭 × 52 特徴量 (リーク除外済み)
2026-05-01 18:46:34,691 INFO [SIMULATE] 特徴量生成 race_id=202508030403: 9 頭 × 52 特徴量 (リーク除外済み)
2026-05-01 18:46:34,752 INFO [SIMULATE] 特徴量生成 race_id=202508030404: 12 頭 × 52 特徴量 (リーク除外済み)
2026-05-01 18:46:34,790 INFO [SIMULATE] 特徴量生成 race_id=202508030405: 13 頭 × 52 特徴量 (リーク除外済み)
2026-05-01 18:46:34,851 INFO [SIMULATE] 特徴量生成 race_id=202508030406: 16 頭 × 52 特徴量 (リーク除外済み)
2026-05-01 18:46:34,867 INFO [SIMULATE] 特徴量生成 race_id=202508030407: 13 頭 × 52 特徴量 (リーク除外済み)
2026-05-01 18:46:34,879 INFO [SIMULATE] 特徴量生成 race_id=202508030408: 14 頭 × 52 特徴量 (リーク除外済み)
2026-05-01 18:46:34,957 INFO [SIMULATE] 特徴量生成 race_id=202508030409: 14 頭 × 52 特徴量 (リーク除外済み)
2026-05-01 18:46:35,042 INFO [SIMULATE] 特徴量生成 race_id=202508030410: 13 頭 × 52 特徴量 (リーク除外済み)
2026-05-01 18:46:35,055 INFO [SIMULATE] 特徴量生成 race_id=202508030411: 9 頭 × 52 特徴量 (リーク除外済み)
2026-05-01 18:46:35,171 INFO [SIMULATE] 特徴量生成 race_id=202508030412: 18 頭 × 52 特徴量 (リーク除外済み)
2026-05-01 18:46:35,397 INFO [SIMULATE] 特徴量生成 race_id=202505040501: 15 頭 × 52 特徴量 (リーク除外済み)
2026-05-01 18:46:35,438 INFO [SIMULATE] 特徴量生成 race_id=202505040502: 13 頭 × 52 特徴量 (リーク除外済み)
2026-05-01 18:46:35,456 INFO [SIMULATE] 特徴量生成 race_id=202505040503: 12 頭 × 52 特徴量 (リーク除外済み)
2026-05-01 18:46:35,493 INFO [SIMULATE] 特徴量生成 race_id=202505040504: 14 頭 × 52 特徴量 (リーク除外済み)
2026-05-01 18:46:35,513 INFO [SIMULATE] 特徴量生成 race_id=202505040505: 13 頭 × 52 特徴量 (リーク除外済み)
2026-05-01 18:46:35,530 INFO [SIMULATE] 特徴量生成 race_id=202505040506: 17 頭 × 52 特徴量 (リーク除外済み)
2026-05-01 18:46:35,549 INFO [SIMULATE] 特徴量生成 race_id=202505040507: 16 頭 × 52 特徴量 (リーク除外済み)
2026-05-01 18:46:35,568 INFO [SIMULATE] 特徴量生成 race_id=202505040508: 7 頭 × 52 特徴量 (リーク除外済み)
2026-05-01 18:46:35,583 INFO [SIMULATE] 特徴量生成 race_id=202505040509: 18 頭 × 52 特徴量 (リーク除外済み)
2026-05-01 18:46:35,608 INFO [SIMULATE] 特徴量生成 race_id=202505040510: 8 頭 × 52 特徴量 (リーク除外済み)
2026-05-01 18:46:35,624 INFO [SIMULATE] 特徴量生成 race_id=202505040511: 18 頭 × 52 特徴量 (リーク除外済み)
2026-05-01 18:46:35,647 INFO [SIMULATE] 特徴量生成 race_id=202505040512: 16 頭 × 52 特徴量 (リーク除外済み)
2026-05-01 18:46:35,659 INFO [SIMULATE] 特徴量生成 race_id=202508030501: 8 頭 × 52 特徴量 (リーク除外済み)
2026-05-01 18:46:35,678 INFO [SIMULATE] 特徴量生成 race_id=202508030502: 10 頭 × 52 特徴量 (リーク除外済み)
2026-05-01 18:46:35,688 INFO [SIMULATE] 特徴量生成 race_id=202508030503: 16 頭 × 52 特徴量 (リーク除外済み)
2026-05-01 18:46:35,699 INFO [SIMULATE] 特徴量生成 race_id=202508030504: 13 頭 × 52 特徴量 (リーク除外済み)
2026-05-01 18:46:35,710 INFO [SIMULATE] 特徴量生成 race_id=202508030505: 11 頭 × 52 特徴量 (リーク除外済み)
2026-05-01 18:46:35,729 INFO [SIMULATE] 特徴量生成 race_id=202508030506: 15 頭 × 52 特徴量 (リーク除外済み)
2026-05-01 18:46:35,777 INFO [SIMULATE] 特徴量生成 race_id=202508030507: 15 頭 × 52 特徴量 (リーク除外済み)
2026-05-01 18:46:35,825 INFO [SIMULATE] 特徴量生成 race_id=202508030508: 13 頭 × 52 特徴量 (リーク除外済み)
2026-05-01 18:46:35,854 INFO [SIMULATE] 特徴量生成 race_id=202508030509: 12 頭 × 52 特徴量 (リーク除外済み)
2026-05-01 18:46:35,927 INFO [SIMULATE] 特徴量生成 race_id=202508030510: 10 頭 × 52 特徴量 (リーク除外済み)
2026-05-01 18:46:35,979 INFO [SIMULATE] 特徴量生成 race_id=202508030511: 18 頭 × 52 特徴量 (リーク除外済み)
2026-05-01 18:46:36,190 INFO [SIMULATE] 特徴量生成 race_id=202508030512: 16 頭 × 52 特徴量 (リーク除外済み)
2026-05-01 18:46:36,289 INFO [SIMULATE] 特徴量生成 race_id=202504040101: 13 頭 × 52 特徴量 (リーク除外済み)
2026-05-01 18:46:36,300 INFO [SIMULATE] 特徴量生成 race_id=202504040102: 14 頭 × 52 特徴量 (リーク除外済み)
2026-05-01 18:46:36,314 INFO [SIMULATE] 特徴量生成 race_id=202504040103: 18 頭 × 52 特徴量 (リーク除外済み)
2026-05-01 18:46:36,327 INFO [SIMULATE] 特徴量生成 race_id=202504040104: 14 頭 × 52 特徴量 (リーク除外済み)
2026-05-01 18:46:36,402 INFO [SIMULATE] 特徴量生成 race_id=202504040105: 15 頭 × 52 特徴量 (リーク除外済み)
2026-05-01 18:46:36,453 INFO [SIMULATE] 特徴量生成 race_id=202504040106: 15 頭 × 52 特徴量 (リーク除外済み)
2026-05-01 18:46:36,480 INFO [SIMULATE] 特徴量生成 race_id=202504040107: 18 頭 × 52 特徴量 (リーク除外済み)
2026-05-01 18:46:36,505 INFO [SIMULATE] 特徴量生成 race_id=202504040108: 15 頭 × 52 特徴量 (リーク除外済み)
2026-05-01 18:46:36,541 INFO [SIMULATE] 特徴量生成 race_id=202504040109: 15 頭 × 52 特徴量 (リーク除外済み)
2026-05-01 18:46:36,566 INFO [SIMULATE] 特徴量生成 race_id=202504040110: 15 頭 × 52 特徴量 (リーク除外済み)
2026-05-01 18:46:36,608 INFO [SIMULATE] 特徴量生成 race_id=202504040111: 18 頭 × 52 特徴量 (リーク除外済み)
2026-05-01 18:46:36,656 INFO [SIMULATE] 特徴量生成 race_id=202504040112: 18 頭 × 52 特徴量 (リーク除外済み)
2026-05-01 18:46:36,675 INFO [SIMULATE] 特徴量生成 race_id=202505040601: 11 頭 × 52 特徴量 (リーク除外済み)
2026-05-01 18:46:36,702 INFO [SIMULATE] 特徴量生成 race_id=202505040602: 9 頭 × 52 特徴量 (リーク除外済み)
2026-05-01 18:46:36,754 INFO [SIMULATE] 特徴量生成 race_id=202505040603: 8 頭 × 52 特徴量 (リーク除外済み)
2026-05-01 18:46:36,789 INFO [SIMULATE] 特徴量生成 race_id=202505040604: 18 頭 × 52 特徴量 (リーク除外済み)
2026-05-01 18:46:36,819 INFO [SIMULATE] 特徴量生成 race_id=202505040605: 16 頭 × 52 特徴量 (リーク除外済み)
2026-05-01 18:46:36,845 INFO [SIMULATE] 特徴量生成 race_id=202505040606: 15 頭 × 52 特徴量 (リーク除外済み)
2026-05-01 18:46:36,866 INFO [SIMULATE] 特徴量生成 race_id=202505040607: 17 頭 × 52 特徴量 (リーク除外済み)
2026-05-01 18:46:36,881 INFO [SIMULATE] 特徴量生成 race_id=202505040608: 8 頭 × 52 特徴量 (リーク除外済み)
2026-05-01 18:46:36,896 INFO [SIMULATE] 特徴量生成 race_id=202505040609: 7 頭 × 52 特徴量 (リーク除外済み)
2026-05-01 18:46:36,912 INFO [SIMULATE] 特徴量生成 race_id=202505040610: 16 頭 × 52 特徴量 (リーク除外済み)
2026-05-01 18:46:36,945 INFO [SIMULATE] 特徴量生成 race_id=202505040611: 14 頭 × 52 特徴量 (リーク除外済み)
2026-05-01 18:46:36,983 INFO [SIMULATE] 特徴量生成 race_id=202505040612: 14 頭 × 52 特徴量 (リーク除外済み)
2026-05-01 18:46:37,117 INFO [SIMULATE] 特徴量生成 race_id=202508030601: 9 頭 × 52 特徴量 (リーク除外済み)
2026-05-01 18:46:37,134 INFO [SIMULATE] 特徴量生成 race_id=202508030602: 10 頭 × 52 特徴量 (リーク除外済み)
2026-05-01 18:46:37,176 INFO [SIMULATE] 特徴量生成 race_id=202508030603: 7 頭 × 52 特徴量 (リーク除外済み)
2026-05-01 18:46:37,245 INFO [SIMULATE] 特徴量生成 race_id=202508030604: 11 頭 × 52 特徴量 (リーク除外済み)
2026-05-01 18:46:37,259 INFO [SIMULATE] 特徴量生成 race_id=202508030605: 13 頭 × 52 特徴量 (リーク除外済み)
2026-05-01 18:46:37,396 INFO [SIMULATE] 特徴量生成 race_id=202508030606: 16 頭 × 52 特徴量 (リーク除外済み)
2026-05-01 18:46:37,430 INFO [SIMULATE] 特徴量生成 race_id=202508030607: 8 頭 × 52 特徴量 (リーク除外済み)
2026-05-01 18:46:37,480 INFO [SIMULATE] 特徴量生成 race_id=202508030608: 7 頭 × 52 特徴量 (リーク除外済み)
2026-05-01 18:46:37,661 INFO [SIMULATE] 特徴量生成 race_id=202508030609: 13 頭 × 52 特徴量 (リーク除外済み)
2026-05-01 18:46:37,747 INFO [SIMULATE] 特徴量生成 race_id=202508030610: 10 頭 × 52 特徴量 (リーク除外済み)
2026-05-01 18:46:37,787 INFO [SIMULATE] 特徴量生成 race_id=202508030611: 16 頭 × 52 特徴量 (リーク除外済み)
2026-05-01 18:46:37,803 INFO [SIMULATE] 特徴量生成 race_id=202508030612: 15 頭 × 52 特徴量 (リーク除外済み)
2026-05-01 18:46:37,817 INFO [SIMULATE] 特徴量生成 race_id=202504040201: 12 頭 × 52 特徴量 (リーク除外済み)
2026-05-01 18:46:37,831 INFO [SIMULATE] 特徴量生成 race_id=202504040202: 15 頭 × 52 特徴量 (リーク除外済み)
2026-05-01 18:46:37,917 INFO [SIMULATE] 特徴量生成 race_id=202504040203: 18 頭 × 52 特徴量 (リーク除外済み)
2026-05-01 18:46:37,978 INFO [SIMULATE] 特徴量生成 race_id=202504040204: 13 頭 × 52 特徴量 (リーク除外済み)
2026-05-01 18:46:38,005 INFO [SIMULATE] 特徴量生成 race_id=202504040205: 18 頭 × 52 特徴量 (リーク除外済み)
2026-05-01 18:46:38,089 INFO [SIMULATE] 特徴量生成 race_id=202504040206: 15 頭 × 52 特徴量 (リーク除外済み)
2026-05-01 18:46:38,170 INFO [SIMULATE] 特徴量生成 race_id=202504040208: 15 頭 × 52 特徴量 (リーク除外済み)
2026-05-01 18:46:38,235 INFO [SIMULATE] 特徴量生成 race_id=202504040209: 15 頭 × 52 特徴量 (リーク除外済み)
2026-05-01 18:46:38,330 INFO [SIMULATE] 特徴量生成 race_id=202504040210: 18 頭 × 52 特徴量 (リーク除外済み)
2026-05-01 18:46:38,421 INFO [SIMULATE] 特徴量生成 race_id=202504040211: 14 頭 × 52 特徴量 (リーク除外済み)
2026-05-01 18:46:38,517 INFO [SIMULATE] 特徴量生成 race_id=202504040212: 14 頭 × 52 特徴量 (リーク除外済み)
2026-05-01 18:46:38,654 INFO [SIMULATE] 特徴量生成 race_id=202505040701: 14 頭 × 52 特徴量 (リーク除外済み)
2026-05-01 18:46:38,807 INFO [SIMULATE] 特徴量生成 race_id=202505040702: 8 頭 × 52 特徴量 (リーク除外済み)
2026-05-01 18:46:38,930 INFO [SIMULATE] 特徴量生成 race_id=202505040703: 13 頭 × 52 特徴量 (リーク除外済み)
2026-05-01 18:46:38,984 INFO [SIMULATE] 特徴量生成 race_id=202505040704: 16 頭 × 52 特徴量 (リーク除外済み)
2026-05-01 18:46:39,086 INFO [SIMULATE] 特徴量生成 race_id=202505040705: 18 頭 × 52 特徴量 (リーク除外済み)
2026-05-01 18:46:39,196 INFO [SIMULATE] 特徴量生成 race_id=202505040706: 8 頭 × 52 特徴量 (リーク除外済み)
2026-05-01 18:46:39,440 INFO [SIMULATE] 特徴量生成 race_id=202505040707: 13 頭 × 52 特徴量 (リーク除外済み)
2026-05-01 18:46:39,557 INFO [SIMULATE] 特徴量生成 race_id=202505040708: 15 頭 × 52 特徴量 (リーク除外済み)
2026-05-01 18:46:39,578 INFO [SIMULATE] 特徴量生成 race_id=202505040709: 10 頭 × 52 特徴量 (リーク除外済み)
2026-05-01 18:46:39,609 INFO [SIMULATE] 特徴量生成 race_id=202505040710: 13 頭 × 52 特徴量 (リーク除外済み)
2026-05-01 18:46:39,646 INFO [SIMULATE] 特徴量生成 race_id=202505040712: 18 頭 × 52 特徴量 (リーク除外済み)
2026-05-01 18:46:39,679 INFO [SIMULATE] 特徴量生成 race_id=202508030701: 12 頭 × 52 特徴量 (リーク除外済み)
2026-05-01 18:46:39,690 INFO [SIMULATE] 特徴量生成 race_id=202508030702: 6 頭 × 52 特徴量 (リーク除外済み)
2026-05-01 18:46:39,703 INFO [SIMULATE] 特徴量生成 race_id=202508030703: 12 頭 × 52 特徴量 (リーク除外済み)
2026-05-01 18:46:39,775 INFO [SIMULATE] 特徴量生成 race_id=202508030704: 17 頭 × 52 特徴量 (リーク除外済み)
2026-05-01 18:46:39,809 INFO [SIMULATE] 特徴量生成 race_id=202508030705: 11 頭 × 52 特徴量 (リーク除外済み)
2026-05-01 18:46:39,833 INFO [SIMULATE] 特徴量生成 race_id=202508030706: 12 頭 × 52 特徴量 (リーク除外済み)
2026-05-01 18:46:39,872 INFO [SIMULATE] 特徴量生成 race_id=202508030707: 12 頭 × 52 特徴量 (リーク除外済み)
2026-05-01 18:46:39,990 INFO [SIMULATE] 特徴量生成 race_id=202508030708: 10 頭 × 52 特徴量 (リーク除外済み)
2026-05-01 18:46:40,014 INFO [SIMULATE] 特徴量生成 race_id=202508030709: 7 頭 × 52 特徴量 (リーク除外済み)
2026-05-01 18:46:40,036 INFO [SIMULATE] 特徴量生成 race_id=202508030710: 16 頭 × 52 特徴量 (リーク除外済み)
2026-05-01 18:46:40,047 INFO [SIMULATE] 特徴量生成 race_id=202508030711: 18 頭 × 52 特徴量 (リーク除外済み)
2026-05-01 18:46:40,091 INFO [SIMULATE] 特徴量生成 race_id=202508030712: 14 頭 × 52 特徴量 (リーク除外済み)
2026-05-01 18:46:40,142 INFO [SIMULATE] 特徴量生成 race_id=202504040301: 15 頭 × 52 特徴量 (リーク除外済み)
2026-05-01 18:46:40,185 INFO [SIMULATE] 特徴量生成 race_id=202504040302: 15 頭 × 52 特徴量 (リーク除外済み)
2026-05-01 18:46:40,208 INFO [SIMULATE] 特徴量生成 race_id=202504040303: 13 頭 × 52 特徴量 (リーク除外済み)
2026-05-01 18:46:40,224 INFO [SIMULATE] 特徴量生成 race_id=202504040304: 15 頭 × 52 特徴量 (リーク除外済み)
2026-05-01 18:46:40,255 INFO [SIMULATE] 特徴量生成 race_id=202504040305: 14 頭 × 52 特徴量 (リーク除外済み)
2026-05-01 18:46:40,324 INFO [SIMULATE] 特徴量生成 race_id=202504040306: 15 頭 × 52 特徴量 (リーク除外済み)
2026-05-01 18:46:40,341 INFO [SIMULATE] 特徴量生成 race_id=202504040307: 14 頭 × 52 特徴量 (リーク除外済み)
2026-05-01 18:46:40,380 INFO [SIMULATE] 特徴量生成 race_id=202504040308: 14 頭 × 52 特徴量 (リーク除外済み)
2026-05-01 18:46:40,408 INFO [SIMULATE] 特徴量生成 race_id=202504040309: 18 頭 × 52 特徴量 (リーク除外済み)
2026-05-01 18:46:40,460 INFO [SIMULATE] 特徴量生成 race_id=202504040310: 15 頭 × 52 特徴量 (リーク除外済み)
2026-05-01 18:46:40,497 INFO [SIMULATE] 特徴量生成 race_id=202504040311: 18 頭 × 52 特徴量 (リーク除外済み)
2026-05-01 18:46:40,542 INFO [SIMULATE] 特徴量生成 race_id=202504040312: 17 頭 × 52 特徴量 (リーク除外済み)
2026-05-01 18:46:40,601 INFO [SIMULATE] 特徴量生成 race_id=202505040801: 15 頭 × 52 特徴量 (リーク除外済み)
2026-05-01 18:46:40,736 INFO [SIMULATE] 特徴量生成 race_id=202505040802: 10 頭 × 52 特徴量 (リーク除外済み)
2026-05-01 18:46:40,833 INFO [SIMULATE] 特徴量生成 race_id=202505040803: 9 頭 × 52 特徴量 (リーク除外済み)
2026-05-01 18:46:40,924 INFO [SIMULATE] 特徴量生成 race_id=202505040804: 16 頭 × 52 特徴量 (リーク除外済み)
2026-05-01 18:46:40,966 INFO [SIMULATE] 特徴量生成 race_id=202505040805: 9 頭 × 52 特徴量 (リーク除外済み)
2026-05-01 18:46:41,042 INFO [SIMULATE] 特徴量生成 race_id=202505040806: 16 頭 × 52 特徴量 (リーク除外済み)
2026-05-01 18:46:41,061 INFO [SIMULATE] 特徴量生成 race_id=202505040807: 16 頭 × 52 特徴量 (リーク除外済み)
2026-05-01 18:46:41,158 INFO [SIMULATE] 特徴量生成 race_id=202505040808: 8 頭 × 52 特徴量 (リーク除外済み)
2026-05-01 18:46:41,182 INFO [SIMULATE] 特徴量生成 race_id=202505040809: 12 頭 × 52 特徴量 (リーク除外済み)
2026-05-01 18:46:41,205 INFO [SIMULATE] 特徴量生成 race_id=202505040810: 16 頭 × 52 特徴量 (リーク除外済み)
2026-05-01 18:46:41,264 INFO [SIMULATE] 特徴量生成 race_id=202505040811: 10 頭 × 52 特徴量 (リーク除外済み)
2026-05-01 18:46:41,314 INFO [SIMULATE] 特徴量生成 race_id=202505040812: 13 頭 × 52 特徴量 (リーク除外済み)
2026-05-01 18:46:41,540 INFO [SIMULATE] 特徴量生成 race_id=202508030801: 14 頭 × 52 特徴量 (リーク除外済み)
2026-05-01 18:46:41,600 INFO [SIMULATE] 特徴量生成 race_id=202508030802: 11 頭 × 52 特徴量 (リーク除外済み)
2026-05-01 18:46:41,682 INFO [SIMULATE] 特徴量生成 race_id=202508030803: 12 頭 × 52 特徴量 (リーク除外済み)
2026-05-01 18:46:41,723 INFO [SIMULATE] 特徴量生成 race_id=202508030804: 8 頭 × 52 特徴量 (リーク除外済み)
2026-05-01 18:46:41,779 INFO [SIMULATE] 特徴量生成 race_id=202508030805: 14 頭 × 52 特徴量 (リーク除外済み)
2026-05-01 18:46:41,798 INFO [SIMULATE] 特徴量生成 race_id=202508030806: 16 頭 × 52 特徴量 (リーク除外済み)
2026-05-01 18:46:41,814 INFO [SIMULATE] 特徴量生成 race_id=202508030807: 11 頭 × 52 特徴量 (リーク除外済み)
2026-05-01 18:46:41,827 INFO [SIMULATE] 特徴量生成 race_id=202508030808: 12 頭 × 52 特徴量 (リーク除外済み)
2026-05-01 18:46:41,860 INFO [SIMULATE] 特徴量生成 race_id=202508030809: 16 頭 × 52 特徴量 (リーク除外済み)
2026-05-01 18:46:41,898 INFO [SIMULATE] 特徴量生成 race_id=202508030810: 13 頭 × 52 特徴量 (リーク除外済み)
2026-05-01 18:46:41,927 INFO [SIMULATE] 特徴量生成 race_id=202508030811: 10 頭 × 52 特徴量 (リーク除外済み)
2026-05-01 18:46:41,988 INFO [SIMULATE] 特徴量生成 race_id=202508030812: 10 頭 × 52 特徴量 (リーク除外済み)
2026-05-01 18:46:42,133 INFO [SIMULATE] 特徴量生成 race_id=202504040401: 13 頭 × 52 特徴量 (リーク除外済み)
2026-05-01 18:46:42,335 INFO [SIMULATE] 特徴量生成 race_id=202504040402: 13 頭 × 52 特徴量 (リーク除外済み)
2026-05-01 18:46:42,419 INFO [SIMULATE] 特徴量生成 race_id=202504040403: 10 頭 × 52 特徴量 (リーク除外済み)
2026-05-01 18:46:42,462 INFO [SIMULATE] 特徴量生成 race_id=202504040404: 16 頭 × 52 特徴量 (リーク除外済み)
2026-05-01 18:46:42,479 INFO [SIMULATE] 特徴量生成 race_id=202504040405: 18 頭 × 52 特徴量 (リーク除外済み)
2026-05-01 18:46:42,510 INFO [SIMULATE] 特徴量生成 race_id=202504040406: 13 頭 × 52 特徴量 (リーク除外済み)
2026-05-01 18:46:42,525 INFO [SIMULATE] 特徴量生成 race_id=202504040407: 15 頭 × 52 特徴量 (リーク除外済み)
2026-05-01 18:46:42,549 INFO [SIMULATE] 特徴量生成 race_id=202504040408: 12 頭 × 52 特徴量 (リーク除外済み)
2026-05-01 18:46:42,564 INFO [SIMULATE] 特徴量生成 race_id=202504040409: 14 頭 × 52 特徴量 (リーク除外済み)
2026-05-01 18:46:42,581 INFO [SIMULATE] 特徴量生成 race_id=202504040410: 16 頭 × 52 特徴量 (リーク除外済み)
2026-05-01 18:46:42,603 INFO [SIMULATE] 特徴量生成 race_id=202504040411: 17 頭 × 52 特徴量 (リーク除外済み)
2026-05-01 18:46:42,618 INFO [SIMULATE] 特徴量生成 race_id=202505040901: 14 頭 × 52 特徴量 (リーク除外済み)
2026-05-01 18:46:42,640 INFO [SIMULATE] 特徴量生成 race_id=202505040902: 10 頭 × 52 特徴量 (リーク除外済み)
2026-05-01 18:46:42,662 INFO [SIMULATE] 特徴量生成 race_id=202505040903: 11 頭 × 52 特徴量 (リーク除外済み)
2026-05-01 18:46:42,678 INFO [SIMULATE] 特徴量生成 race_id=202505040904: 14 頭 × 52 特徴量 (リーク除外済み)
2026-05-01 18:46:42,722 INFO [SIMULATE] 特徴量生成 race_id=202505040905: 16 頭 × 52 特徴量 (リーク除外済み)
2026-05-01 18:46:42,744 INFO [SIMULATE] 特徴量生成 race_id=202505040906: 18 頭 × 52 特徴量 (リーク除外済み)
2026-05-01 18:46:42,758 INFO [SIMULATE] 特徴量生成 race_id=202505040907: 13 頭 × 52 特徴量 (リーク除外済み)
2026-05-01 18:46:42,799 INFO [SIMULATE] 特徴量生成 race_id=202505040908: 15 頭 × 52 特徴量 (リーク除外済み)
2026-05-01 18:46:42,820 INFO [SIMULATE] 特徴量生成 race_id=202505040909: 13 頭 × 52 特徴量 (リーク除外済み)
2026-05-01 18:46:42,844 INFO [SIMULATE] 特徴量生成 race_id=202505040910: 11 頭 × 52 特徴量 (リーク除外済み)
2026-05-01 18:46:42,882 INFO [SIMULATE] 特徴量生成 race_id=202505040911: 16 頭 × 52 特徴量 (リーク除外済み)
2026-05-01 18:46:42,911 INFO [SIMULATE] 特徴量生成 race_id=202505040912: 16 頭 × 52 特徴量 (リーク除外済み)
2026-05-01 18:46:42,935 INFO [SIMULATE] 特徴量生成 race_id=202508030901: 9 頭 × 52 特徴量 (リーク除外済み)
2026-05-01 18:46:42,946 INFO [SIMULATE] 特徴量生成 race_id=202508030902: 10 頭 × 52 特徴量 (リーク除外済み)
2026-05-01 18:46:42,961 INFO [SIMULATE] 特徴量生成 race_id=202508030903: 10 頭 × 52 特徴量 (リーク除外済み)
2026-05-01 18:46:43,187 INFO [SIMULATE] 特徴量生成 race_id=202508030904: 16 頭 × 52 特徴量 (リーク除外済み)
2026-05-01 18:46:43,197 INFO [SIMULATE] 特徴量生成 race_id=202508030905: 10 頭 × 52 特徴量 (リーク除外済み)
2026-05-01 18:46:43,208 INFO [SIMULATE] 特徴量生成 race_id=202508030906: 11 頭 × 52 特徴量 (リーク除外済み)
2026-05-01 18:46:43,220 INFO [SIMULATE] 特徴量生成 race_id=202508030907: 12 頭 × 52 特徴量 (リーク除外済み)
2026-05-01 18:46:43,251 INFO [SIMULATE] 特徴量生成 race_id=202508030908: 14 頭 × 52 特徴量 (リーク除外済み)
2026-05-01 18:46:43,269 INFO [SIMULATE] 特徴量生成 race_id=202508030909: 8 頭 × 52 特徴量 (リーク除外済み)
2026-05-01 18:46:43,281 INFO [SIMULATE] 特徴量生成 race_id=202508030910: 14 頭 × 52 特徴量 (リーク除外済み)
2026-05-01 18:46:43,293 INFO [SIMULATE] 特徴量生成 race_id=202508030911: 18 頭 × 52 特徴量 (リーク除外済み)
2026-05-01 18:46:43,308 INFO [SIMULATE] 特徴量生成 race_id=202508030912: 16 頭 × 52 特徴量 (リーク除外済み)
2026-05-01 18:46:43,335 INFO [SIMULATE] 特徴量生成 race_id=202505041001: 16 頭 × 52 特徴量 (リーク除外済み)
2026-05-01 18:46:43,349 INFO [SIMULATE] 特徴量生成 race_id=202505041002: 12 頭 × 52 特徴量 (リーク除外済み)
2026-05-01 18:46:43,367 INFO [SIMULATE] 特徴量生成 race_id=202505041004: 16 頭 × 52 特徴量 (リーク除外済み)
2026-05-01 18:46:43,380 INFO [SIMULATE] 特徴量生成 race_id=202505041005: 13 頭 × 52 特徴量 (リーク除外済み)
2026-05-01 18:46:43,397 INFO [SIMULATE] 特徴量生成 race_id=202505041006: 15 頭 × 52 特徴量 (リーク除外済み)
2026-05-01 18:46:43,415 INFO [SIMULATE] 特徴量生成 race_id=202505041007: 16 頭 × 52 特徴量 (リーク除外済み)
2026-05-01 18:46:43,429 INFO [SIMULATE] 特徴量生成 race_id=202505041008: 14 頭 × 52 特徴量 (リーク除外済み)
2026-05-01 18:46:43,443 INFO [SIMULATE] 特徴量生成 race_id=202505041009: 8 頭 × 52 特徴量 (リーク除外済み)
2026-05-01 18:46:43,454 INFO [SIMULATE] 特徴量生成 race_id=202505041010: 12 頭 × 52 特徴量 (リーク除外済み)
2026-05-01 18:46:43,467 INFO [SIMULATE] 特徴量生成 race_id=202505041011: 16 頭 × 52 特徴量 (リーク除外済み)
2026-05-01 18:46:43,486 INFO [SIMULATE] 特徴量生成 race_id=202505041012: 15 頭 × 52 特徴量 (リーク除外済み)
2026-05-01 18:46:43,498 INFO [SIMULATE] 特徴量生成 race_id=202508031001: 13 頭 × 52 特徴量 (リーク除外済み)
2026-05-01 18:46:43,512 INFO [SIMULATE] 特徴量生成 race_id=202508031002: 12 頭 × 52 特徴量 (リーク除外済み)
2026-05-01 18:46:43,523 INFO [SIMULATE] 特徴量生成 race_id=202508031003: 8 頭 × 52 特徴量 (リーク除外済み)
2026-05-01 18:46:43,539 INFO [SIMULATE] 特徴量生成 race_id=202508031004: 11 頭 × 52 特徴量 (リーク除外済み)
2026-05-01 18:46:43,551 INFO [SIMULATE] 特徴量生成 race_id=202508031005: 9 頭 × 52 特徴量 (リーク除外済み)
2026-05-01 18:46:43,563 INFO [SIMULATE] 特徴量生成 race_id=202508031006: 16 頭 × 52 特徴量 (リーク除外済み)
2026-05-01 18:46:43,590 INFO [SIMULATE] 特徴量生成 race_id=202508031007: 16 頭 × 52 特徴量 (リーク除外済み)
2026-05-01 18:46:43,605 INFO [SIMULATE] 特徴量生成 race_id=202508031008: 15 頭 × 52 特徴量 (リーク除外済み)
2026-05-01 18:46:43,629 INFO [SIMULATE] 特徴量生成 race_id=202508031009: 12 頭 × 52 特徴量 (リーク除外済み)
2026-05-01 18:46:43,646 INFO [SIMULATE] 特徴量生成 race_id=202508031010: 14 頭 × 52 特徴量 (リーク除外済み)
2026-05-01 18:46:43,662 INFO [SIMULATE] 特徴量生成 race_id=202508031011: 12 頭 × 52 特徴量 (リーク除外済み)
2026-05-01 18:46:43,680 INFO [SIMULATE] 特徴量生成 race_id=202508031012: 15 頭 × 52 特徴量 (リーク除外済み)
2026-05-01 18:46:43,695 INFO [SIMULATE] 特徴量生成 race_id=202505041101: 12 頭 × 52 特徴量 (リーク除外済み)
2026-05-01 18:46:43,710 INFO [SIMULATE] 特徴量生成 race_id=202505041102: 14 頭 × 52 特徴量 (リーク除外済み)
2026-05-01 18:46:43,727 INFO [SIMULATE] 特徴量生成 race_id=202505041103: 10 頭 × 52 特徴量 (リーク除外済み)
2026-05-01 18:46:43,741 INFO [SIMULATE] 特徴量生成 race_id=202505041104: 16 頭 × 52 特徴量 (リーク除外済み)
2026-05-01 18:46:43,752 INFO [SIMULATE] 特徴量生成 race_id=202505041105: 9 頭 × 52 特徴量 (リーク除外済み)
2026-05-01 18:46:43,764 INFO [SIMULATE] 特徴量生成 race_id=202505041106: 16 頭 × 52 特徴量 (リーク除外済み)
2026-05-01 18:46:43,784 INFO [SIMULATE] 特徴量生成 race_id=202505041107: 16 頭 × 52 特徴量 (リーク除外済み)
2026-05-01 18:46:43,794 INFO [SIMULATE] 特徴量生成 race_id=202505041108: 5 頭 × 52 特徴量 (リーク除外済み)
2026-05-01 18:46:43,808 INFO [SIMULATE] 特徴量生成 race_id=202505041109: 10 頭 × 52 特徴量 (リーク除外済み)
2026-05-01 18:46:43,823 INFO [SIMULATE] 特徴量生成 race_id=202505041110: 12 頭 × 52 特徴量 (リーク除外済み)
2026-05-01 18:46:43,841 INFO [SIMULATE] 特徴量生成 race_id=202505041111: 14 頭 × 52 特徴量 (リーク除外済み)
2026-05-01 18:46:43,855 INFO [SIMULATE] 特徴量生成 race_id=202505041112: 13 頭 × 52 特徴量 (リーク除外済み)
2026-05-01 18:46:43,872 INFO [SIMULATE] 特徴量生成 race_id=202508031101: 15 頭 × 52 特徴量 (リーク除外済み)
2026-05-01 18:46:43,883 INFO [SIMULATE] 特徴量生成 race_id=202508031102: 7 頭 × 52 特徴量 (リーク除外済み)
2026-05-01 18:46:43,900 INFO [SIMULATE] 特徴量生成 race_id=202508031103: 16 頭 × 52 特徴量 (リーク除外済み)
2026-05-01 18:46:43,912 INFO [SIMULATE] 特徴量生成 race_id=202508031104: 10 頭 × 52 特徴量 (リーク除外済み)
2026-05-01 18:46:43,926 INFO [SIMULATE] 特徴量生成 race_id=202508031105: 15 頭 × 52 特徴量 (リーク除外済み)
2026-05-01 18:46:43,942 INFO [SIMULATE] 特徴量生成 race_id=202508031106: 15 頭 × 52 特徴量 (リーク除外済み)
2026-05-01 18:46:43,963 INFO [SIMULATE] 特徴量生成 race_id=202508031107: 16 頭 × 52 特徴量 (リーク除外済み)
2026-05-01 18:46:43,982 INFO [SIMULATE] 特徴量生成 race_id=202508031109: 16 頭 × 52 特徴量 (リーク除外済み)
2026-05-01 18:46:44,014 INFO [SIMULATE] 特徴量生成 race_id=202508031110: 13 頭 × 52 特徴量 (リーク除外済み)
2026-05-01 18:46:44,038 INFO [SIMULATE] 特徴量生成 race_id=202508031111: 15 頭 × 52 特徴量 (リーク除外済み)
2026-05-01 18:46:44,059 INFO [SIMULATE] 特徴量生成 race_id=202508031112: 12 頭 × 52 特徴量 (リーク除外済み)
2026-05-01 18:46:44,076 INFO [SIMULATE] 特徴量生成 race_id=202503030101: 14 頭 × 52 特徴量 (リーク除外済み)
2026-05-01 18:46:44,097 INFO [SIMULATE] 特徴量生成 race_id=202503030102: 16 頭 × 52 特徴量 (リーク除外済み)
2026-05-01 18:46:44,127 INFO [SIMULATE] 特徴量生成 race_id=202503030103: 15 頭 × 52 特徴量 (リーク除外済み)
2026-05-01 18:46:44,139 INFO [SIMULATE] 特徴量生成 race_id=202503030104: 16 頭 × 52 特徴量 (リーク除外済み)
2026-05-01 18:46:44,159 INFO [SIMULATE] 特徴量生成 race_id=202503030105: 16 頭 × 52 特徴量 (リーク除外済み)
2026-05-01 18:46:44,172 INFO [SIMULATE] 特徴量生成 race_id=202503030106: 16 頭 × 52 特徴量 (リーク除外済み)
2026-05-01 18:46:44,189 INFO [SIMULATE] 特徴量生成 race_id=202503030107: 16 頭 × 52 特徴量 (リーク除外済み)
2026-05-01 18:46:44,221 INFO [SIMULATE] 特徴量生成 race_id=202503030108: 16 頭 × 52 特徴量 (リーク除外済み)
2026-05-01 18:46:44,236 INFO [SIMULATE] 特徴量生成 race_id=202503030109: 16 頭 × 52 特徴量 (リーク除外済み)
2026-05-01 18:46:44,249 INFO [SIMULATE] 特徴量生成 race_id=202503030110: 16 頭 × 52 特徴量 (リーク除外済み)
2026-05-01 18:46:44,267 INFO [SIMULATE] 特徴量生成 race_id=202503030111: 16 頭 × 52 特徴量 (リーク除外済み)
2026-05-01 18:46:44,282 INFO [SIMULATE] 特徴量生成 race_id=202503030112: 15 頭 × 52 特徴量 (リーク除外済み)
2026-05-01 18:46:44,296 INFO [SIMULATE] 特徴量生成 race_id=202505050101: 16 頭 × 52 特徴量 (リーク除外済み)
2026-05-01 18:46:44,311 INFO [SIMULATE] 特徴量生成 race_id=202505050102: 15 頭 × 52 特徴量 (リーク除外済み)
2026-05-01 18:46:44,326 INFO [SIMULATE] 特徴量生成 race_id=202505050103: 12 頭 × 52 特徴量 (リーク除外済み)
2026-05-01 18:46:44,342 INFO [SIMULATE] 特徴量生成 race_id=202505050104: 16 頭 × 52 特徴量 (リーク除外済み)
2026-05-01 18:46:44,358 INFO [SIMULATE] 特徴量生成 race_id=202505050105: 13 頭 × 52 特徴量 (リーク除外済み)
2026-05-01 18:46:44,374 INFO [SIMULATE] 特徴量生成 race_id=202505050106: 13 頭 × 52 特徴量 (リーク除外済み)
2026-05-01 18:46:44,394 INFO [SIMULATE] 特徴量生成 race_id=202505050107: 16 頭 × 52 特徴量 (リーク除外済み)
2026-05-01 18:46:44,413 INFO [SIMULATE] 特徴量生成 race_id=202505050108: 8 頭 × 52 特徴量 (リーク除外済み)
2026-05-01 18:46:44,428 INFO [SIMULATE] 特徴量生成 race_id=202505050109: 13 頭 × 52 特徴量 (リーク除外済み)
2026-05-01 18:46:44,445 INFO [SIMULATE] 特徴量生成 race_id=202505050110: 11 頭 × 52 特徴量 (リーク除外済み)
2026-05-01 18:46:44,464 INFO [SIMULATE] 特徴量生成 race_id=202505050111: 16 頭 × 52 特徴量 (リーク除外済み)
2026-05-01 18:46:44,496 INFO [SIMULATE] 特徴量生成 race_id=202505050112: 14 頭 × 52 特徴量 (リーク除外済み)
2026-05-01 18:46:44,511 INFO [SIMULATE] 特徴量生成 race_id=202508040101: 12 頭 × 52 特徴量 (リーク除外済み)
2026-05-01 18:46:44,529 INFO [SIMULATE] 特徴量生成 race_id=202508040102: 15 頭 × 52 特徴量 (リーク除外済み)
2026-05-01 18:46:44,541 INFO [SIMULATE] 特徴量生成 race_id=202508040103: 10 頭 × 52 特徴量 (リーク除外済み)
2026-05-01 18:46:44,554 INFO [SIMULATE] 特徴量生成 race_id=202508040104: 12 頭 × 52 特徴量 (リーク除外済み)
2026-05-01 18:46:44,565 INFO [SIMULATE] 特徴量生成 race_id=202508040105: 9 頭 × 52 特徴量 (リーク除外済み)
2026-05-01 18:46:44,576 INFO [SIMULATE] 特徴量生成 race_id=202508040106: 11 頭 × 52 特徴量 (リーク除外済み)
2026-05-01 18:46:44,592 INFO [SIMULATE] 特徴量生成 race_id=202508040107: 16 頭 × 52 特徴量 (リーク除外済み)
2026-05-01 18:46:44,603 INFO [SIMULATE] 特徴量生成 race_id=202508040108: 10 頭 × 52 特徴量 (リーク除外済み)
2026-05-01 18:46:44,617 INFO [SIMULATE] 特徴量生成 race_id=202508040109: 16 頭 × 52 特徴量 (リーク除外済み)
2026-05-01 18:46:44,632 INFO [SIMULATE] 特徴量生成 race_id=202508040110: 12 頭 × 52 特徴量 (リーク除外済み)
2026-05-01 18:46:44,643 INFO [SIMULATE] 特徴量生成 race_id=202508040112: 14 頭 × 52 特徴量 (リーク除外済み)
2026-05-01 18:46:44,660 INFO [SIMULATE] 特徴量生成 race_id=202503030201: 16 頭 × 52 特徴量 (リーク除外済み)
2026-05-01 18:46:44,673 INFO [SIMULATE] 特徴量生成 race_id=202503030202: 16 頭 × 52 特徴量 (リーク除外済み)
2026-05-01 18:46:44,692 INFO [SIMULATE] 特徴量生成 race_id=202503030203: 15 頭 × 52 特徴量 (リーク除外済み)
2026-05-01 18:46:44,702 INFO [SIMULATE] 特徴量生成 race_id=202503030204: 10 頭 × 52 特徴量 (リーク除外済み)
2026-05-01 18:46:44,716 INFO [SIMULATE] 特徴量生成 race_id=202503030205: 9 頭 × 52 特徴量 (リーク除外済み)
2026-05-01 18:46:44,728 INFO [SIMULATE] 特徴量生成 race_id=202503030206: 15 頭 × 52 特徴量 (リーク除外済み)
2026-05-01 18:46:44,746 INFO [SIMULATE] 特徴量生成 race_id=202503030207: 16 頭 × 52 特徴量 (リーク除外済み)
2026-05-01 18:46:44,765 INFO [SIMULATE] 特徴量生成 race_id=202503030208: 16 頭 × 52 特徴量 (リーク除外済み)
2026-05-01 18:46:44,781 INFO [SIMULATE] 特徴量生成 race_id=202503030209: 16 頭 × 52 特徴量 (リーク除外済み)
2026-05-01 18:46:44,794 INFO [SIMULATE] 特徴量生成 race_id=202503030210: 15 頭 × 52 特徴量 (リーク除外済み)
2026-05-01 18:46:44,811 INFO [SIMULATE] 特徴量生成 race_id=202503030211: 16 頭 × 52 特徴量 (リーク除外済み)
2026-05-01 18:46:44,824 INFO [SIMULATE] 特徴量生成 race_id=202503030212: 16 頭 × 52 特徴量 (リーク除外済み)
2026-05-01 18:46:44,842 INFO [SIMULATE] 特徴量生成 race_id=202505050201: 16 頭 × 52 特徴量 (リーク除外済み)
2026-05-01 18:46:44,864 INFO [SIMULATE] 特徴量生成 race_id=202505050202: 16 頭 × 52 特徴量 (リーク除外済み)
2026-05-01 18:46:44,884 INFO [SIMULATE] 特徴量生成 race_id=202505050203: 18 頭 × 52 特徴量 (リーク除外済み)
2026-05-01 18:46:44,896 INFO [SIMULATE] 特徴量生成 race_id=202505050204: 14 頭 × 52 特徴量 (リーク除外済み)
2026-05-01 18:46:44,906 INFO [SIMULATE] 特徴量生成 race_id=202505050205: 6 頭 × 52 特徴量 (リーク除外済み)
2026-05-01 18:46:44,920 INFO [SIMULATE] 特徴量生成 race_id=202505050206: 15 頭 × 52 特徴量 (リーク除外済み)
2026-05-01 18:46:44,937 INFO [SIMULATE] 特徴量生成 race_id=202505050207: 16 頭 × 52 特徴量 (リーク除外済み)
2026-05-01 18:46:44,950 INFO [SIMULATE] 特徴量生成 race_id=202505050208: 16 頭 × 52 特徴量 (リーク除外済み)
2026-05-01 18:46:44,976 INFO [SIMULATE] 特徴量生成 race_id=202505050209: 16 頭 × 52 特徴量 (リーク除外済み)
2026-05-01 18:46:44,992 INFO [SIMULATE] 特徴量生成 race_id=202505050210: 12 頭 × 52 特徴量 (リーク除外済み)
2026-05-01 18:46:45,009 INFO [SIMULATE] 特徴量生成 race_id=202505050211: 18 頭 × 52 特徴量 (リーク除外済み)
2026-05-01 18:46:45,029 INFO [SIMULATE] 特徴量生成 race_id=202505050212: 18 頭 × 52 特徴量 (リーク除外済み)
2026-05-01 18:46:45,042 INFO [SIMULATE] 特徴量生成 race_id=202508040201: 16 頭 × 52 特徴量 (リーク除外済み)
2026-05-01 18:46:45,056 INFO [SIMULATE] 特徴量生成 race_id=202508040202: 8 頭 × 52 特徴量 (リーク除外済み)
2026-05-01 18:46:45,065 INFO [SIMULATE] 特徴量生成 race_id=202508040203: 8 頭 × 52 特徴量 (リーク除外済み)
2026-05-01 18:46:45,076 INFO [SIMULATE] 特徴量生成 race_id=202508040204: 16 頭 × 52 特徴量 (リーク除外済み)
2026-05-01 18:46:45,093 INFO [SIMULATE] 特徴量生成 race_id=202508040206: 16 頭 × 52 特徴量 (リーク除外済み)
2026-05-01 18:46:45,104 INFO [SIMULATE] 特徴量生成 race_id=202508040207: 7 頭 × 52 特徴量 (リーク除外済み)
2026-05-01 18:46:45,121 INFO [SIMULATE] 特徴量生成 race_id=202508040208: 16 頭 × 52 特徴量 (リーク除外済み)
2026-05-01 18:46:45,138 INFO [SIMULATE] 特徴量生成 race_id=202508040209: 8 頭 × 52 特徴量 (リーク除外済み)
2026-05-01 18:46:45,178 INFO [SIMULATE] 特徴量生成 race_id=202508040210: 12 頭 × 52 特徴量 (リーク除外済み)
2026-05-01 18:46:45,191 INFO [SIMULATE] 特徴量生成 race_id=202508040211: 15 頭 × 52 特徴量 (リーク除外済み)
2026-05-01 18:46:45,205 INFO [SIMULATE] 特徴量生成 race_id=202508040212: 17 頭 × 52 特徴量 (リーク除外済み)
2026-05-01 18:46:45,223 INFO [SIMULATE] 特徴量生成 race_id=202503030301: 15 頭 × 52 特徴量 (リーク除外済み)
2026-05-01 18:46:45,242 INFO [SIMULATE] 特徴量生成 race_id=202503030302: 16 頭 × 52 特徴量 (リーク除外済み)
2026-05-01 18:46:45,263 INFO [SIMULATE] 特徴量生成 race_id=202503030303: 16 頭 × 52 特徴量 (リーク除外済み)
2026-05-01 18:46:45,278 INFO [SIMULATE] 特徴量生成 race_id=202503030304: 16 頭 × 52 特徴量 (リーク除外済み)
2026-05-01 18:46:45,295 INFO [SIMULATE] 特徴量生成 race_id=202503030305: 16 頭 × 52 特徴量 (リーク除外済み)
2026-05-01 18:46:45,308 INFO [SIMULATE] 特徴量生成 race_id=202503030306: 16 頭 × 52 特徴量 (リーク除外済み)
2026-05-01 18:46:45,326 INFO [SIMULATE] 特徴量生成 race_id=202503030307: 16 頭 × 52 特徴量 (リーク除外済み)
2026-05-01 18:46:45,340 INFO [SIMULATE] 特徴量生成 race_id=202503030308: 16 頭 × 52 特徴量 (リーク除外済み)
2026-05-01 18:46:45,358 INFO [SIMULATE] 特徴量生成 race_id=202503030309: 16 頭 × 52 特徴量 (リーク除外済み)
2026-05-01 18:46:45,370 INFO [SIMULATE] 特徴量生成 race_id=202503030310: 15 頭 × 52 特徴量 (リーク除外済み)
2026-05-01 18:46:45,388 INFO [SIMULATE] 特徴量生成 race_id=202503030311: 16 頭 × 52 特徴量 (リーク除外済み)
2026-05-01 18:46:45,402 INFO [SIMULATE] 特徴量生成 race_id=202503030312: 16 頭 × 52 特徴量 (リーク除外済み)
2026-05-01 18:46:45,417 INFO [SIMULATE] 特徴量生成 race_id=202505050301: 13 頭 × 52 特徴量 (リーク除外済み)
2026-05-01 18:46:45,431 INFO [SIMULATE] 特徴量生成 race_id=202505050302: 17 頭 × 52 特徴量 (リーク除外済み)
2026-05-01 18:46:45,450 INFO [SIMULATE] 特徴量生成 race_id=202505050303: 15 頭 × 52 特徴量 (リーク除外済み)
2026-05-01 18:46:45,462 INFO [SIMULATE] 特徴量生成 race_id=202505050304: 13 頭 × 52 特徴量 (リーク除外済み)
2026-05-01 18:46:45,480 INFO [SIMULATE] 特徴量生成 race_id=202505050305: 10 頭 × 52 特徴量 (リーク除外済み)
2026-05-01 18:46:45,496 INFO [SIMULATE] 特徴量生成 race_id=202505050306: 14 頭 × 52 特徴量 (リーク除外済み)
2026-05-01 18:46:45,515 INFO [SIMULATE] 特徴量生成 race_id=202505050307: 16 頭 × 52 特徴量 (リーク除外済み)
2026-05-01 18:46:45,529 INFO [SIMULATE] 特徴量生成 race_id=202505050308: 12 頭 × 52 特徴量 (リーク除外済み)
2026-05-01 18:46:45,542 INFO [SIMULATE] 特徴量生成 race_id=202505050309: 16 頭 × 52 特徴量 (リーク除外済み)
2026-05-01 18:46:45,556 INFO [SIMULATE] 特徴量生成 race_id=202505050310: 18 頭 × 52 特徴量 (リーク除外済み)
2026-05-01 18:46:45,570 INFO [SIMULATE] 特徴量生成 race_id=202505050311: 16 頭 × 52 特徴量 (リーク除外済み)
2026-05-01 18:46:45,583 INFO [SIMULATE] 特徴量生成 race_id=202505050312: 13 頭 × 52 特徴量 (リーク除外済み)
2026-05-01 18:46:45,597 INFO [SIMULATE] 特徴量生成 race_id=202508040301: 11 頭 × 52 特徴量 (リーク除外済み)
2026-05-01 18:46:45,609 INFO [SIMULATE] 特徴量生成 race_id=202508040302: 11 頭 × 52 特徴量 (リーク除外済み)
2026-05-01 18:46:45,622 INFO [SIMULATE] 特徴量生成 race_id=202508040303: 10 頭 × 52 特徴量 (リーク除外済み)
2026-05-01 18:46:45,635 INFO [SIMULATE] 特徴量生成 race_id=202508040304: 12 頭 × 52 特徴量 (リーク除外済み)
2026-05-01 18:46:45,648 INFO [SIMULATE] 特徴量生成 race_id=202508040305: 18 頭 × 52 特徴量 (リーク除外済み)
2026-05-01 18:46:45,662 INFO [SIMULATE] 特徴量生成 race_id=202508040306: 16 頭 × 52 特徴量 (リーク除外済み)
2026-05-01 18:46:45,685 INFO [SIMULATE] 特徴量生成 race_id=202508040307: 16 頭 × 52 特徴量 (リーク除外済み)
2026-05-01 18:46:45,726 INFO [SIMULATE] 特徴量生成 race_id=202508040308: 7 頭 × 52 特徴量 (リーク除外済み)
2026-05-01 18:46:45,744 INFO [SIMULATE] 特徴量生成 race_id=202508040309: 15 頭 × 52 特徴量 (リーク除外済み)
2026-05-01 18:46:45,762 INFO [SIMULATE] 特徴量生成 race_id=202508040310: 16 頭 × 52 特徴量 (リーク除外済み)
2026-05-01 18:46:45,817 INFO [SIMULATE] 特徴量生成 race_id=202508040311: 8 頭 × 52 特徴量 (リーク除外済み)
2026-05-01 18:46:45,838 INFO [SIMULATE] 特徴量生成 race_id=202508040312: 18 頭 × 52 特徴量 (リーク除外済み)
2026-05-01 18:46:45,854 INFO [SIMULATE] 特徴量生成 race_id=202503030401: 16 頭 × 52 特徴量 (リーク除外済み)
2026-05-01 18:46:45,873 INFO [SIMULATE] 特徴量生成 race_id=202503030402: 15 頭 × 52 特徴量 (リーク除外済み)
2026-05-01 18:46:45,895 INFO [SIMULATE] 特徴量生成 race_id=202503030403: 15 頭 × 52 特徴量 (リーク除外済み)
2026-05-01 18:46:45,950 INFO [SIMULATE] 特徴量生成 race_id=202503030404: 10 頭 × 52 特徴量 (リーク除外済み)
2026-05-01 18:46:45,966 INFO [SIMULATE] 特徴量生成 race_id=202503030405: 11 頭 × 52 特徴量 (リーク除外済み)
2026-05-01 18:46:45,985 INFO [SIMULATE] 特徴量生成 race_id=202503030406: 15 頭 × 52 特徴量 (リーク除外済み)
2026-05-01 18:46:46,000 INFO [SIMULATE] 特徴量生成 race_id=202503030407: 16 頭 × 52 特徴量 (リーク除外済み)
2026-05-01 18:46:46,021 INFO [SIMULATE] 特徴量生成 race_id=202503030408: 16 頭 × 52 特徴量 (リーク除外済み)
2026-05-01 18:46:46,043 INFO [SIMULATE] 特徴量生成 race_id=202503030409: 16 頭 × 52 特徴量 (リーク除外済み)
2026-05-01 18:46:46,054 INFO [SIMULATE] 特徴量生成 race_id=202503030410: 16 頭 × 52 特徴量 (リーク除外済み)
2026-05-01 18:46:46,064 INFO [SIMULATE] 特徴量生成 race_id=202503030411: 15 頭 × 52 特徴量 (リーク除外済み)
2026-05-01 18:46:46,078 INFO [SIMULATE] 特徴量生成 race_id=202503030412: 16 頭 × 52 特徴量 (リーク除外済み)
2026-05-01 18:46:46,096 INFO [SIMULATE] 特徴量生成 race_id=202505050401: 16 頭 × 52 特徴量 (リーク除外済み)
2026-05-01 18:46:46,098 INFO   特徴量生成中... 4500/5878
2026-05-01 18:46:46,109 INFO [SIMULATE] 特徴量生成 race_id=202505050402: 18 頭 × 52 特徴量 (リーク除外済み)
2026-05-01 18:46:46,120 INFO [SIMULATE] 特徴量生成 race_id=202505050403: 18 頭 × 52 特徴量 (リーク除外済み)
2026-05-01 18:46:46,129 INFO [SIMULATE] 特徴量生成 race_id=202505050404: 16 頭 × 52 特徴量 (リーク除外済み)
2026-05-01 18:46:46,145 INFO [SIMULATE] 特徴量生成 race_id=202505050405: 12 頭 × 52 特徴量 (リーク除外済み)
2026-05-01 18:46:46,156 INFO [SIMULATE] 特徴量生成 race_id=202505050407: 16 頭 × 52 特徴量 (リーク除外済み)
2026-05-01 18:46:46,168 INFO [SIMULATE] 特徴量生成 race_id=202505050409: 14 頭 × 52 特徴量 (リーク除外済み)
2026-05-01 18:46:46,178 INFO [SIMULATE] 特徴量生成 race_id=202505050410: 11 頭 × 52 特徴量 (リーク除外済み)
2026-05-01 18:46:46,190 INFO [SIMULATE] 特徴量生成 race_id=202505050411: 18 頭 × 52 特徴量 (リーク除外済み)
2026-05-01 18:46:46,204 INFO [SIMULATE] 特徴量生成 race_id=202505050412: 13 頭 × 52 特徴量 (リーク除外済み)
2026-05-01 18:46:46,214 INFO [SIMULATE] 特徴量生成 race_id=202508040401: 14 頭 × 52 特徴量 (リーク除外済み)
2026-05-01 18:46:46,227 INFO [SIMULATE] 特徴量生成 race_id=202508040402: 15 頭 × 52 特徴量 (リーク除外済み)
2026-05-01 18:46:46,237 INFO [SIMULATE] 特徴量生成 race_id=202508040403: 15 頭 × 52 特徴量 (リーク除外済み)
2026-05-01 18:46:46,249 INFO [SIMULATE] 特徴量生成 race_id=202508040404: 11 頭 × 52 特徴量 (リーク除外済み)
2026-05-01 18:46:46,266 INFO [SIMULATE] 特徴量生成 race_id=202508040405: 9 頭 × 52 特徴量 (リーク除外済み)
2026-05-01 18:46:46,279 INFO [SIMULATE] 特徴量生成 race_id=202508040406: 16 頭 × 52 特徴量 (リーク除外済み)
2026-05-01 18:46:46,292 INFO [SIMULATE] 特徴量生成 race_id=202508040407: 16 頭 × 52 特徴量 (リーク除外済み)
2026-05-01 18:46:46,306 INFO [SIMULATE] 特徴量生成 race_id=202508040408: 15 頭 × 52 特徴量 (リーク除外済み)
2026-05-01 18:46:46,317 INFO [SIMULATE] 特徴量生成 race_id=202508040409: 8 頭 × 52 特徴量 (リーク除外済み)
2026-05-01 18:46:46,331 INFO [SIMULATE] 特徴量生成 race_id=202508040410: 14 頭 × 52 特徴量 (リーク除外済み)
2026-05-01 18:46:46,345 INFO [SIMULATE] 特徴量生成 race_id=202508040411: 16 頭 × 52 特徴量 (リーク除外済み)
2026-05-01 18:46:46,358 INFO [SIMULATE] 特徴量生成 race_id=202508040412: 12 頭 × 52 特徴量 (リーク除外済み)
2026-05-01 18:46:46,400 INFO [SIMULATE] 特徴量生成 race_id=202503030501: 14 頭 × 52 特徴量 (リーク除外済み)
2026-05-01 18:46:46,422 INFO [SIMULATE] 特徴量生成 race_id=202503030502: 16 頭 × 52 特徴量 (リーク除外済み)
2026-05-01 18:46:46,435 INFO [SIMULATE] 特徴量生成 race_id=202503030503: 15 頭 × 52 特徴量 (リーク除外済み)
2026-05-01 18:46:46,449 INFO [SIMULATE] 特徴量生成 race_id=202503030504: 14 頭 × 52 特徴量 (リーク除外済み)
2026-05-01 18:46:46,460 INFO [SIMULATE] 特徴量生成 race_id=202503030505: 14 頭 × 52 特徴量 (リーク除外済み)
2026-05-01 18:46:46,481 INFO [SIMULATE] 特徴量生成 race_id=202503030506: 15 頭 × 52 特徴量 (リーク除外済み)
2026-05-01 18:46:46,494 INFO [SIMULATE] 特徴量生成 race_id=202503030507: 16 頭 × 52 特徴量 (リーク除外済み)
2026-05-01 18:46:46,511 INFO [SIMULATE] 特徴量生成 race_id=202503030508: 16 頭 × 52 特徴量 (リーク除外済み)
2026-05-01 18:46:46,525 INFO [SIMULATE] 特徴量生成 race_id=202503030509: 16 頭 × 52 特徴量 (リーク除外済み)
2026-05-01 18:46:46,545 INFO [SIMULATE] 特徴量生成 race_id=202503030510: 16 頭 × 52 特徴量 (リーク除外済み)
2026-05-01 18:46:46,559 INFO [SIMULATE] 特徴量生成 race_id=202503030511: 16 頭 × 52 特徴量 (リーク除外済み)
2026-05-01 18:46:46,575 INFO [SIMULATE] 特徴量生成 race_id=202503030512: 16 頭 × 52 特徴量 (リーク除外済み)
2026-05-01 18:46:46,586 INFO [SIMULATE] 特徴量生成 race_id=202508040501: 14 頭 × 52 特徴量 (リーク除外済み)
2026-05-01 18:46:46,600 INFO [SIMULATE] 特徴量生成 race_id=202508040502: 15 頭 × 52 特徴量 (リーク除外済み)
2026-05-01 18:46:46,613 INFO [SIMULATE] 特徴量生成 race_id=202508040503: 18 頭 × 52 特徴量 (リーク除外済み)
2026-05-01 18:46:46,624 INFO [SIMULATE] 特徴量生成 race_id=202508040504: 11 頭 × 52 特徴量 (リーク除外済み)
2026-05-01 18:46:46,650 INFO [SIMULATE] 特徴量生成 race_id=202508040505: 17 頭 × 52 特徴量 (リーク除外済み)
2026-05-01 18:46:46,665 INFO [SIMULATE] 特徴量生成 race_id=202508040506: 16 頭 × 52 特徴量 (リーク除外済み)
2026-05-01 18:46:46,676 INFO [SIMULATE] 特徴量生成 race_id=202508040507: 16 頭 × 52 特徴量 (リーク除外済み)
2026-05-01 18:46:46,686 INFO [SIMULATE] 特徴量生成 race_id=202508040509: 9 頭 × 52 特徴量 (リーク除外済み)
2026-05-01 18:46:46,698 INFO [SIMULATE] 特徴量生成 race_id=202508040510: 16 頭 × 52 特徴量 (リーク除外済み)
2026-05-01 18:46:46,709 INFO [SIMULATE] 特徴量生成 race_id=202508040511: 16 頭 × 52 特徴量 (リーク除外済み)
2026-05-01 18:46:46,722 INFO [SIMULATE] 特徴量生成 race_id=202508040512: 15 頭 × 52 特徴量 (リーク除外済み)
2026-05-01 18:46:46,737 INFO [SIMULATE] 特徴量生成 race_id=202505050501: 16 頭 × 52 特徴量 (リーク除外済み)
2026-05-01 18:46:46,748 INFO [SIMULATE] 特徴量生成 race_id=202505050502: 18 頭 × 52 特徴量 (リーク除外済み)
2026-05-01 18:46:46,764 INFO [SIMULATE] 特徴量生成 race_id=202505050503: 18 頭 × 52 特徴量 (リーク除外済み)
2026-05-01 18:46:46,776 INFO [SIMULATE] 特徴量生成 race_id=202505050504: 15 頭 × 52 特徴量 (リーク除外済み)
2026-05-01 18:46:46,794 INFO [SIMULATE] 特徴量生成 race_id=202505050505: 11 頭 × 52 特徴量 (リーク除外済み)
2026-05-01 18:46:46,805 INFO [SIMULATE] 特徴量生成 race_id=202505050506: 16 頭 × 52 特徴量 (リーク除外済み)
2026-05-01 18:46:46,822 INFO [SIMULATE] 特徴量生成 race_id=202505050507: 16 頭 × 52 特徴量 (リーク除外済み)
2026-05-01 18:46:46,834 INFO [SIMULATE] 特徴量生成 race_id=202505050508: 16 頭 × 52 特徴量 (リーク除外済み)
2026-05-01 18:46:46,850 INFO [SIMULATE] 特徴量生成 race_id=202505050509: 8 頭 × 52 特徴量 (リーク除外済み)
2026-05-01 18:46:46,863 INFO [SIMULATE] 特徴量生成 race_id=202505050510: 17 頭 × 52 特徴量 (リーク除外済み)
2026-05-01 18:46:46,897 INFO [SIMULATE] 特徴量生成 race_id=202505050511: 16 頭 × 52 特徴量 (リーク除外済み)
2026-05-01 18:46:46,944 INFO [SIMULATE] 特徴量生成 race_id=202505050512: 18 頭 × 52 特徴量 (リーク除外済み)
2026-05-01 18:46:46,965 INFO [SIMULATE] 特徴量生成 race_id=202508040601: 14 頭 × 52 特徴量 (リーク除外済み)
2026-05-01 18:46:46,984 INFO [SIMULATE] 特徴量生成 race_id=202508040602: 13 頭 × 52 特徴量 (リーク除外済み)
2026-05-01 18:46:47,001 INFO [SIMULATE] 特徴量生成 race_id=202508040603: 16 頭 × 52 特徴量 (リーク除外済み)
2026-05-01 18:46:47,028 INFO [SIMULATE] 特徴量生成 race_id=202508040604: 7 頭 × 52 特徴量 (リーク除外済み)
2026-05-01 18:46:47,039 INFO [SIMULATE] 特徴量生成 race_id=202508040605: 9 頭 × 52 特徴量 (リーク除外済み)
2026-05-01 18:46:47,050 INFO [SIMULATE] 特徴量生成 race_id=202508040606: 16 頭 × 52 特徴量 (リーク除外済み)
2026-05-01 18:46:47,062 INFO [SIMULATE] 特徴量生成 race_id=202508040607: 18 頭 × 52 特徴量 (リーク除外済み)
2026-05-01 18:46:47,077 INFO [SIMULATE] 特徴量生成 race_id=202508040608: 14 頭 × 52 特徴量 (リーク除外済み)
2026-05-01 18:46:47,087 INFO [SIMULATE] 特徴量生成 race_id=202508040609: 13 頭 × 52 特徴量 (リーク除外済み)
2026-05-01 18:46:47,098 INFO [SIMULATE] 特徴量生成 race_id=202508040610: 16 頭 × 52 特徴量 (リーク除外済み)
2026-05-01 18:46:47,119 INFO [SIMULATE] 特徴量生成 race_id=202508040611: 18 頭 × 52 特徴量 (リーク除外済み)
2026-05-01 18:46:47,138 INFO [SIMULATE] 特徴量生成 race_id=202508040612: 16 頭 × 52 特徴量 (リーク除外済み)
2026-05-01 18:46:47,150 INFO [SIMULATE] 特徴量生成 race_id=202503030601: 16 頭 × 52 特徴量 (リーク除外済み)
2026-05-01 18:46:47,161 INFO [SIMULATE] 特徴量生成 race_id=202503030602: 15 頭 × 52 特徴量 (リーク除外済み)
2026-05-01 18:46:47,173 INFO [SIMULATE] 特徴量生成 race_id=202503030603: 15 頭 × 52 特徴量 (リーク除外済み)
2026-05-01 18:46:47,186 INFO [SIMULATE] 特徴量生成 race_id=202503030604: 14 頭 × 52 特徴量 (リーク除外済み)
2026-05-01 18:46:47,200 INFO [SIMULATE] 特徴量生成 race_id=202503030605: 16 頭 × 52 特徴量 (リーク除外済み)
2026-05-01 18:46:47,212 INFO [SIMULATE] 特徴量生成 race_id=202503030606: 16 頭 × 52 特徴量 (リーク除外済み)
2026-05-01 18:46:47,224 INFO [SIMULATE] 特徴量生成 race_id=202503030607: 16 頭 × 52 特徴量 (リーク除外済み)
2026-05-01 18:46:47,241 INFO [SIMULATE] 特徴量生成 race_id=202503030608: 16 頭 × 52 特徴量 (リーク除外済み)
2026-05-01 18:46:47,253 INFO [SIMULATE] 特徴量生成 race_id=202503030609: 16 頭 × 52 特徴量 (リーク除外済み)
2026-05-01 18:46:47,267 INFO [SIMULATE] 特徴量生成 race_id=202503030611: 15 頭 × 52 特徴量 (リーク除外済み)
2026-05-01 18:46:47,280 INFO [SIMULATE] 特徴量生成 race_id=202503030612: 16 頭 × 52 特徴量 (リーク除外済み)
2026-05-01 18:46:47,293 INFO [SIMULATE] 特徴量生成 race_id=202505050601: 15 頭 × 52 特徴量 (リーク除外済み)
2026-05-01 18:46:47,304 INFO [SIMULATE] 特徴量生成 race_id=202505050602: 18 頭 × 52 特徴量 (リーク除外済み)
2026-05-01 18:46:47,314 INFO [SIMULATE] 特徴量生成 race_id=202505050603: 16 頭 × 52 特徴量 (リーク除外済み)
2026-05-01 18:46:47,327 INFO [SIMULATE] 特徴量生成 race_id=202505050604: 14 頭 × 52 特徴量 (リーク除外済み)
2026-05-01 18:46:47,338 INFO [SIMULATE] 特徴量生成 race_id=202505050605: 16 頭 × 52 特徴量 (リーク除外済み)
2026-05-01 18:46:47,347 INFO [SIMULATE] 特徴量生成 race_id=202505050606: 13 頭 × 52 特徴量 (リーク除外済み)
2026-05-01 18:46:47,360 INFO [SIMULATE] 特徴量生成 race_id=202505050607: 14 頭 × 52 特徴量 (リーク除外済み)
2026-05-01 18:46:47,372 INFO [SIMULATE] 特徴量生成 race_id=202505050608: 16 頭 × 52 特徴量 (リーク除外済み)
2026-05-01 18:46:47,388 INFO [SIMULATE] 特徴量生成 race_id=202505050609: 12 頭 × 52 特徴量 (リーク除外済み)
2026-05-01 18:46:47,400 INFO [SIMULATE] 特徴量生成 race_id=202505050610: 16 頭 × 52 特徴量 (リーク除外済み)
2026-05-01 18:46:47,411 INFO [SIMULATE] 特徴量生成 race_id=202505050611: 12 頭 × 52 特徴量 (リーク除外済み)
2026-05-01 18:46:47,428 INFO [SIMULATE] 特徴量生成 race_id=202505050612: 18 頭 × 52 特徴量 (リーク除外済み)
2026-05-01 18:46:47,450 INFO [SIMULATE] 特徴量生成 race_id=202505050701: 13 頭 × 52 特徴量 (リーク除外済み)
2026-05-01 18:46:47,461 INFO [SIMULATE] 特徴量生成 race_id=202505050702: 18 頭 × 52 特徴量 (リーク除外済み)
2026-05-01 18:46:47,471 INFO [SIMULATE] 特徴量生成 race_id=202505050703: 12 頭 × 52 特徴量 (リーク除外済み)
2026-05-01 18:46:47,482 INFO [SIMULATE] 特徴量生成 race_id=202505050704: 16 頭 × 52 特徴量 (リーク除外済み)
2026-05-01 18:46:47,492 INFO [SIMULATE] 特徴量生成 race_id=202505050705: 13 頭 × 52 特徴量 (リーク除外済み)
2026-05-01 18:46:47,502 INFO [SIMULATE] 特徴量生成 race_id=202505050706: 16 頭 × 52 特徴量 (リーク除外済み)
2026-05-01 18:46:47,516 INFO [SIMULATE] 特徴量生成 race_id=202505050707: 16 頭 × 52 特徴量 (リーク除外済み)
2026-05-01 18:46:47,529 INFO [SIMULATE] 特徴量生成 race_id=202505050708: 16 頭 × 52 特徴量 (リーク除外済み)
2026-05-01 18:46:47,543 INFO [SIMULATE] 特徴量生成 race_id=202505050709: 12 頭 × 52 特徴量 (リーク除外済み)
2026-05-01 18:46:47,557 INFO [SIMULATE] 特徴量生成 race_id=202505050710: 16 頭 × 52 特徴量 (リーク除外済み)
2026-05-01 18:46:47,571 INFO [SIMULATE] 特徴量生成 race_id=202505050711: 18 頭 × 52 特徴量 (リーク除外済み)
2026-05-01 18:46:47,582 INFO [SIMULATE] 特徴量生成 race_id=202505050712: 9 頭 × 52 特徴量 (リーク除外済み)
2026-05-01 18:46:47,596 INFO [SIMULATE] 特徴量生成 race_id=202508040701: 14 頭 × 52 特徴量 (リーク除外済み)
2026-05-01 18:46:47,611 INFO [SIMULATE] 特徴量生成 race_id=202508040702: 11 頭 × 52 特徴量 (リーク除外済み)
2026-05-01 18:46:47,622 INFO [SIMULATE] 特徴量生成 race_id=202508040703: 14 頭 × 52 特徴量 (リーク除外済み)
2026-05-01 18:46:47,634 INFO [SIMULATE] 特徴量生成 race_id=202508040704: 9 頭 × 52 特徴量 (リーク除外済み)
2026-05-01 18:46:47,652 INFO [SIMULATE] 特徴量生成 race_id=202508040705: 12 頭 × 52 特徴量 (リーク除外済み)
2026-05-01 18:46:47,664 INFO [SIMULATE] 特徴量生成 race_id=202508040706: 13 頭 × 52 特徴量 (リーク除外済み)
2026-05-01 18:46:47,676 INFO [SIMULATE] 特徴量生成 race_id=202508040707: 18 頭 × 52 特徴量 (リーク除外済み)
2026-05-01 18:46:47,690 INFO [SIMULATE] 特徴量生成 race_id=202508040708: 16 頭 × 52 特徴量 (リーク除外済み)
2026-05-01 18:46:47,710 INFO [SIMULATE] 特徴量生成 race_id=202508040709: 13 頭 × 52 特徴量 (リーク除外済み)
2026-05-01 18:46:47,724 INFO [SIMULATE] 特徴量生成 race_id=202508040710: 12 頭 × 52 特徴量 (リーク除外済み)
2026-05-01 18:46:47,737 INFO [SIMULATE] 特徴量生成 race_id=202508040711: 11 頭 × 52 特徴量 (リーク除外済み)
2026-05-01 18:46:47,748 INFO [SIMULATE] 特徴量生成 race_id=202508040712: 16 頭 × 52 特徴量 (リーク除外済み)
2026-05-01 18:46:47,762 INFO [SIMULATE] 特徴量生成 race_id=202505050801: 16 頭 × 52 特徴量 (リーク除外済み)
2026-05-01 18:46:47,772 INFO [SIMULATE] 特徴量生成 race_id=202505050802: 13 頭 × 52 特徴量 (リーク除外済み)
2026-05-01 18:46:47,783 INFO [SIMULATE] 特徴量生成 race_id=202505050803: 16 頭 × 52 特徴量 (リーク除外済み)
2026-05-01 18:46:47,794 INFO [SIMULATE] 特徴量生成 race_id=202505050804: 13 頭 × 52 特徴量 (リーク除外済み)
2026-05-01 18:46:47,805 INFO [SIMULATE] 特徴量生成 race_id=202505050805: 16 頭 × 52 特徴量 (リーク除外済み)
2026-05-01 18:46:47,816 INFO [SIMULATE] 特徴量生成 race_id=202505050806: 12 頭 × 52 特徴量 (リーク除外済み)
2026-05-01 18:46:47,830 INFO [SIMULATE] 特徴量生成 race_id=202505050807: 16 頭 × 52 特徴量 (リーク除外済み)
2026-05-01 18:46:47,841 INFO [SIMULATE] 特徴量生成 race_id=202505050808: 8 頭 × 52 特徴量 (リーク除外済み)
2026-05-01 18:46:47,851 INFO [SIMULATE] 特徴量生成 race_id=202505050809: 9 頭 × 52 特徴量 (リーク除外済み)
2026-05-01 18:46:47,863 INFO [SIMULATE] 特徴量生成 race_id=202505050810: 16 頭 × 52 特徴量 (リーク除外済み)
2026-05-01 18:46:47,876 INFO [SIMULATE] 特徴量生成 race_id=202505050811: 16 頭 × 52 特徴量 (リーク除外済み)
2026-05-01 18:46:47,890 INFO [SIMULATE] 特徴量生成 race_id=202505050812: 18 頭 × 52 特徴量 (リーク除外済み)
2026-05-01 18:46:47,903 INFO [SIMULATE] 特徴量生成 race_id=202508040801: 16 頭 × 52 特徴量 (リーク除外済み)
2026-05-01 18:46:47,916 INFO [SIMULATE] 特徴量生成 race_id=202508040802: 13 頭 × 52 特徴量 (リーク除外済み)
2026-05-01 18:46:47,932 INFO [SIMULATE] 特徴量生成 race_id=202508040803: 13 頭 × 52 特徴量 (リーク除外済み)
2026-05-01 18:46:47,946 INFO [SIMULATE] 特徴量生成 race_id=202508040804: 16 頭 × 52 特徴量 (リーク除外済み)
2026-05-01 18:46:47,956 INFO [SIMULATE] 特徴量生成 race_id=202508040805: 9 頭 × 52 特徴量 (リーク除外済み)
2026-05-01 18:46:47,975 INFO [SIMULATE] 特徴量生成 race_id=202508040806: 9 頭 × 52 特徴量 (リーク除外済み)
2026-05-01 18:46:47,988 INFO [SIMULATE] 特徴量生成 race_id=202508040807: 16 頭 × 52 特徴量 (リーク除外済み)
2026-05-01 18:46:47,999 INFO [SIMULATE] 特徴量生成 race_id=202508040808: 8 頭 × 52 特徴量 (リーク除外済み)
2026-05-01 18:46:48,015 INFO [SIMULATE] 特徴量生成 race_id=202508040809: 11 頭 × 52 特徴量 (リーク除外済み)
2026-05-01 18:46:48,044 INFO [SIMULATE] 特徴量生成 race_id=202508040810: 16 頭 × 52 特徴量 (リーク除外済み)
2026-05-01 18:46:48,059 INFO [SIMULATE] 特徴量生成 race_id=202508040811: 16 頭 × 52 特徴量 (リーク除外済み)
2026-05-01 18:46:48,076 INFO [SIMULATE] 特徴量生成 race_id=202508040812: 18 頭 × 52 特徴量 (リーク除外済み)
2026-05-01 18:46:48,097 INFO [SIMULATE] 特徴量生成 race_id=202506050101: 15 頭 × 52 特徴量 (リーク除外済み)
2026-05-01 18:46:48,112 INFO [SIMULATE] 特徴量生成 race_id=202506050102: 13 頭 × 52 特徴量 (リーク除外済み)
2026-05-01 18:46:48,123 INFO [SIMULATE] 特徴量生成 race_id=202506050103: 15 頭 × 52 特徴量 (リーク除外済み)
2026-05-01 18:46:48,136 INFO [SIMULATE] 特徴量生成 race_id=202506050104: 16 頭 × 52 特徴量 (リーク除外済み)
2026-05-01 18:46:48,147 INFO [SIMULATE] 特徴量生成 race_id=202506050105: 18 頭 × 52 特徴量 (リーク除外済み)
2026-05-01 18:46:48,158 INFO [SIMULATE] 特徴量生成 race_id=202506050106: 16 頭 × 52 特徴量 (リーク除外済み)
2026-05-01 18:46:48,171 INFO [SIMULATE] 特徴量生成 race_id=202506050107: 16 頭 × 52 特徴量 (リーク除外済み)
2026-05-01 18:46:48,182 INFO [SIMULATE] 特徴量生成 race_id=202506050108: 12 頭 × 52 特徴量 (リーク除外済み)
2026-05-01 18:46:48,192 INFO [SIMULATE] 特徴量生成 race_id=202506050109: 11 頭 × 52 特徴量 (リーク除外済み)
2026-05-01 18:46:48,204 INFO [SIMULATE] 特徴量生成 race_id=202506050110: 12 頭 × 52 特徴量 (リーク除外済み)
2026-05-01 18:46:48,216 INFO [SIMULATE] 特徴量生成 race_id=202506050111: 14 頭 × 52 特徴量 (リーク除外済み)
2026-05-01 18:46:48,229 INFO [SIMULATE] 特徴量生成 race_id=202506050112: 16 頭 × 52 特徴量 (リーク除外済み)
2026-05-01 18:46:48,240 INFO [SIMULATE] 特徴量生成 race_id=202507050101: 16 頭 × 52 特徴量 (リーク除外済み)
2026-05-01 18:46:48,250 INFO [SIMULATE] 特徴量生成 race_id=202507050102: 13 頭 × 52 特徴量 (リーク除外済み)
2026-05-01 18:46:48,262 INFO [SIMULATE] 特徴量生成 race_id=202507050103: 15 頭 × 52 特徴量 (リーク除外済み)
2026-05-01 18:46:48,276 INFO [SIMULATE] 特徴量生成 race_id=202507050104: 18 頭 × 52 特徴量 (リーク除外済み)
2026-05-01 18:46:48,287 INFO [SIMULATE] 特徴量生成 race_id=202507050105: 14 頭 × 52 特徴量 (リーク除外済み)
2026-05-01 18:46:48,300 INFO [SIMULATE] 特徴量生成 race_id=202507050106: 16 頭 × 52 特徴量 (リーク除外済み)
2026-05-01 18:46:48,317 INFO [SIMULATE] 特徴量生成 race_id=202507050107: 16 頭 × 52 特徴量 (リーク除外済み)
2026-05-01 18:46:48,334 INFO [SIMULATE] 特徴量生成 race_id=202507050108: 18 頭 × 52 特徴量 (リーク除外済み)
2026-05-01 18:46:48,343 INFO [SIMULATE] 特徴量生成 race_id=202507050109: 8 頭 × 52 特徴量 (リーク除外済み)
2026-05-01 18:46:48,356 INFO [SIMULATE] 特徴量生成 race_id=202507050110: 13 頭 × 52 特徴量 (リーク除外済み)
2026-05-01 18:46:48,368 INFO [SIMULATE] 特徴量生成 race_id=202507050111: 12 頭 × 52 特徴量 (リーク除外済み)
2026-05-01 18:46:48,380 INFO [SIMULATE] 特徴量生成 race_id=202507050112: 16 頭 × 52 特徴量 (リーク除外済み)
2026-05-01 18:46:48,395 INFO [SIMULATE] 特徴量生成 race_id=202509050101: 16 頭 × 52 特徴量 (リーク除外済み)
2026-05-01 18:46:48,413 INFO [SIMULATE] 特徴量生成 race_id=202509050102: 16 頭 × 52 特徴量 (リーク除外済み)
2026-05-01 18:46:48,432 INFO [SIMULATE] 特徴量生成 race_id=202509050103: 17 頭 × 52 特徴量 (リーク除外済み)
2026-05-01 18:46:48,451 INFO [SIMULATE] 特徴量生成 race_id=202509050104: 9 頭 × 52 特徴量 (リーク除外済み)
2026-05-01 18:46:48,473 INFO [SIMULATE] 特徴量生成 race_id=202509050105: 10 頭 × 52 特徴量 (リーク除外済み)
2026-05-01 18:46:48,489 INFO [SIMULATE] 特徴量生成 race_id=202509050106: 10 頭 × 52 特徴量 (リーク除外済み)
2026-05-01 18:46:48,501 INFO [SIMULATE] 特徴量生成 race_id=202509050107: 14 頭 × 52 特徴量 (リーク除外済み)
2026-05-01 18:46:48,512 INFO [SIMULATE] 特徴量生成 race_id=202509050108: 16 頭 × 52 特徴量 (リーク除外済み)
2026-05-01 18:46:48,521 INFO [SIMULATE] 特徴量生成 race_id=202509050109: 8 頭 × 52 特徴量 (リーク除外済み)
2026-05-01 18:46:48,534 INFO [SIMULATE] 特徴量生成 race_id=202509050110: 16 頭 × 52 特徴量 (リーク除外済み)
2026-05-01 18:46:48,545 INFO [SIMULATE] 特徴量生成 race_id=202509050111: 14 頭 × 52 特徴量 (リーク除外済み)
2026-05-01 18:46:48,557 INFO [SIMULATE] 特徴量生成 race_id=202509050112: 15 頭 × 52 特徴量 (リーク除外済み)
2026-05-01 18:46:48,574 INFO [SIMULATE] 特徴量生成 race_id=202506050201: 16 頭 × 52 特徴量 (リーク除外済み)
2026-05-01 18:46:48,586 INFO [SIMULATE] 特徴量生成 race_id=202506050202: 16 頭 × 52 特徴量 (リーク除外済み)
2026-05-01 18:46:48,598 INFO [SIMULATE] 特徴量生成 race_id=202506050203: 13 頭 × 52 特徴量 (リーク除外済み)
2026-05-01 18:46:48,608 INFO [SIMULATE] 特徴量生成 race_id=202506050204: 11 頭 × 52 特徴量 (リーク除外済み)
2026-05-01 18:46:48,620 INFO [SIMULATE] 特徴量生成 race_id=202506050205: 16 頭 × 52 特徴量 (リーク除外済み)
2026-05-01 18:46:48,631 INFO [SIMULATE] 特徴量生成 race_id=202506050206: 6 頭 × 52 特徴量 (リーク除外済み)
2026-05-01 18:46:48,642 INFO [SIMULATE] 特徴量生成 race_id=202506050207: 11 頭 × 52 特徴量 (リーク除外済み)
2026-05-01 18:46:48,653 INFO [SIMULATE] 特徴量生成 race_id=202506050208: 16 頭 × 52 特徴量 (リーク除外済み)
2026-05-01 18:46:48,665 INFO [SIMULATE] 特徴量生成 race_id=202506050209: 12 頭 × 52 特徴量 (リーク除外済み)
2026-05-01 18:46:48,676 INFO [SIMULATE] 特徴量生成 race_id=202506050210: 16 頭 × 52 特徴量 (リーク除外済み)
2026-05-01 18:46:48,687 INFO [SIMULATE] 特徴量生成 race_id=202506050211: 16 頭 × 52 特徴量 (リーク除外済み)
2026-05-01 18:46:48,699 INFO [SIMULATE] 特徴量生成 race_id=202506050212: 16 頭 × 52 特徴量 (リーク除外済み)
2026-05-01 18:46:48,709 INFO [SIMULATE] 特徴量生成 race_id=202507050201: 13 頭 × 52 特徴量 (リーク除外済み)
2026-05-01 18:46:48,720 INFO [SIMULATE] 特徴量生成 race_id=202507050202: 16 頭 × 52 特徴量 (リーク除外済み)
2026-05-01 18:46:48,731 INFO [SIMULATE] 特徴量生成 race_id=202507050203: 14 頭 × 52 特徴量 (リーク除外済み)
2026-05-01 18:46:48,742 INFO [SIMULATE] 特徴量生成 race_id=202507050204: 14 頭 × 52 特徴量 (リーク除外済み)
2026-05-01 18:46:48,754 INFO [SIMULATE] 特徴量生成 race_id=202507050205: 17 頭 × 52 特徴量 (リーク除外済み)
2026-05-01 18:46:48,765 INFO [SIMULATE] 特徴量生成 race_id=202507050206: 16 頭 × 52 特徴量 (リーク除外済み)
2026-05-01 18:46:48,776 INFO [SIMULATE] 特徴量生成 race_id=202507050207: 14 頭 × 52 特徴量 (リーク除外済み)
2026-05-01 18:46:48,792 INFO [SIMULATE] 特徴量生成 race_id=202507050208: 18 頭 × 52 特徴量 (リーク除外済み)
2026-05-01 18:46:48,804 INFO [SIMULATE] 特徴量生成 race_id=202507050209: 16 頭 × 52 特徴量 (リーク除外済み)
2026-05-01 18:46:48,814 INFO [SIMULATE] 特徴量生成 race_id=202507050210: 13 頭 × 52 特徴量 (リーク除外済み)
2026-05-01 18:46:48,826 INFO [SIMULATE] 特徴量生成 race_id=202507050211: 16 頭 × 52 特徴量 (リーク除外済み)
2026-05-01 18:46:48,836 INFO [SIMULATE] 特徴量生成 race_id=202507050212: 10 頭 × 52 特徴量 (リーク除外済み)
2026-05-01 18:46:48,847 INFO [SIMULATE] 特徴量生成 race_id=202509050201: 10 頭 × 52 特徴量 (リーク除外済み)
2026-05-01 18:46:48,859 INFO [SIMULATE] 特徴量生成 race_id=202509050202: 16 頭 × 52 特徴量 (リーク除外済み)
2026-05-01 18:46:48,870 INFO [SIMULATE] 特徴量生成 race_id=202509050203: 18 頭 × 52 特徴量 (リーク除外済み)
2026-05-01 18:46:48,879 INFO [SIMULATE] 特徴量生成 race_id=202509050204: 8 頭 × 52 特徴量 (リーク除外済み)
2026-05-01 18:46:48,890 INFO [SIMULATE] 特徴量生成 race_id=202509050205: 17 頭 × 52 特徴量 (リーク除外済み)
2026-05-01 18:46:48,899 INFO [SIMULATE] 特徴量生成 race_id=202509050206: 10 頭 × 52 特徴量 (リーク除外済み)
2026-05-01 18:46:48,910 INFO [SIMULATE] 特徴量生成 race_id=202509050207: 11 頭 × 52 特徴量 (リーク除外済み)
2026-05-01 18:46:48,919 INFO [SIMULATE] 特徴量生成 race_id=202509050208: 8 頭 × 52 特徴量 (リーク除外済み)
2026-05-01 18:46:48,930 INFO [SIMULATE] 特徴量生成 race_id=202509050209: 13 頭 × 52 特徴量 (リーク除外済み)
2026-05-01 18:46:48,943 INFO [SIMULATE] 特徴量生成 race_id=202509050210: 18 頭 × 52 特徴量 (リーク除外済み)
2026-05-01 18:46:48,953 INFO [SIMULATE] 特徴量生成 race_id=202509050211: 16 頭 × 52 特徴量 (リーク除外済み)
2026-05-01 18:46:48,964 INFO [SIMULATE] 特徴量生成 race_id=202509050212: 17 頭 × 52 特徴量 (リーク除外済み)
2026-05-01 18:46:48,986 INFO [SIMULATE] 特徴量生成 race_id=202506050301: 14 頭 × 52 特徴量 (リーク除外済み)
2026-05-01 18:46:49,055 INFO [SIMULATE] 特徴量生成 race_id=202506050302: 16 頭 × 52 特徴量 (リーク除外済み)
2026-05-01 18:46:49,068 INFO [SIMULATE] 特徴量生成 race_id=202506050303: 16 頭 × 52 特徴量 (リーク除外済み)
2026-05-01 18:46:49,103 INFO [SIMULATE] 特徴量生成 race_id=202506050304: 16 頭 × 52 特徴量 (リーク除外済み)
2026-05-01 18:46:49,121 INFO [SIMULATE] 特徴量生成 race_id=202506050305: 13 頭 × 52 特徴量 (リーク除外済み)
2026-05-01 18:46:49,148 INFO [SIMULATE] 特徴量生成 race_id=202506050306: 15 頭 × 52 特徴量 (リーク除外済み)
2026-05-01 18:46:49,161 INFO [SIMULATE] 特徴量生成 race_id=202506050307: 16 頭 × 52 特徴量 (リーク除外済み)
2026-05-01 18:46:49,198 INFO [SIMULATE] 特徴量生成 race_id=202506050308: 15 頭 × 52 特徴量 (リーク除外済み)
2026-05-01 18:46:49,224 INFO [SIMULATE] 特徴量生成 race_id=202506050309: 13 頭 × 52 特徴量 (リーク除外済み)
2026-05-01 18:46:49,239 INFO [SIMULATE] 特徴量生成 race_id=202506050310: 15 頭 × 52 特徴量 (リーク除外済み)
2026-05-01 18:46:49,256 INFO [SIMULATE] 特徴量生成 race_id=202506050311: 16 頭 × 52 特徴量 (リーク除外済み)
2026-05-01 18:46:49,272 INFO [SIMULATE] 特徴量生成 race_id=202506050312: 13 頭 × 52 特徴量 (リーク除外済み)
2026-05-01 18:46:49,285 INFO [SIMULATE] 特徴量生成 race_id=202507050301: 14 頭 × 52 特徴量 (リーク除外済み)
2026-05-01 18:46:49,297 INFO [SIMULATE] 特徴量生成 race_id=202507050302: 16 頭 × 52 特徴量 (リーク除外済み)
2026-05-01 18:46:49,311 INFO [SIMULATE] 特徴量生成 race_id=202507050303: 12 頭 × 52 特徴量 (リーク除外済み)
2026-05-01 18:46:49,360 INFO [SIMULATE] 特徴量生成 race_id=202507050304: 13 頭 × 52 特徴量 (リーク除外済み)
2026-05-01 18:46:49,384 INFO [SIMULATE] 特徴量生成 race_id=202507050305: 12 頭 × 52 特徴量 (リーク除外済み)
2026-05-01 18:46:49,408 INFO [SIMULATE] 特徴量生成 race_id=202507050306: 16 頭 × 52 特徴量 (リーク除外済み)
2026-05-01 18:46:49,422 INFO [SIMULATE] 特徴量生成 race_id=202507050307: 18 頭 × 52 特徴量 (リーク除外済み)
2026-05-01 18:46:49,443 INFO [SIMULATE] 特徴量生成 race_id=202507050308: 16 頭 × 52 特徴量 (リーク除外済み)
2026-05-01 18:46:49,484 INFO [SIMULATE] 特徴量生成 race_id=202507050309: 11 頭 × 52 特徴量 (リーク除外済み)
2026-05-01 18:46:49,505 INFO [SIMULATE] 特徴量生成 race_id=202507050310: 16 頭 × 52 特徴量 (リーク除外済み)
2026-05-01 18:46:49,534 INFO [SIMULATE] 特徴量生成 race_id=202507050311: 18 頭 × 52 特徴量 (リーク除外済み)
2026-05-01 18:46:49,553 INFO [SIMULATE] 特徴量生成 race_id=202507050312: 18 頭 × 52 特徴量 (リーク除外済み)
2026-05-01 18:46:49,574 INFO [SIMULATE] 特徴量生成 race_id=202509050301: 15 頭 × 52 特徴量 (リーク除外済み)
2026-05-01 18:46:49,595 INFO [SIMULATE] 特徴量生成 race_id=202509050302: 10 頭 × 52 特徴量 (リーク除外済み)
2026-05-01 18:46:49,625 INFO [SIMULATE] 特徴量生成 race_id=202509050303: 14 頭 × 52 特徴量 (リーク除外済み)
2026-05-01 18:46:49,646 INFO [SIMULATE] 特徴量生成 race_id=202509050304: 12 頭 × 52 特徴量 (リーク除外済み)
2026-05-01 18:46:49,656 INFO [SIMULATE] 特徴量生成 race_id=202509050305: 7 頭 × 52 特徴量 (リーク除外済み)
2026-05-01 18:46:49,669 INFO [SIMULATE] 特徴量生成 race_id=202509050306: 13 頭 × 52 特徴量 (リーク除外済み)
2026-05-01 18:46:49,681 INFO [SIMULATE] 特徴量生成 race_id=202509050307: 8 頭 × 52 特徴量 (リーク除外済み)
2026-05-01 18:46:49,693 INFO [SIMULATE] 特徴量生成 race_id=202509050308: 16 頭 × 52 特徴量 (リーク除外済み)
2026-05-01 18:46:49,707 INFO [SIMULATE] 特徴量生成 race_id=202509050309: 9 頭 × 52 特徴量 (リーク除外済み)
2026-05-01 18:46:49,722 INFO [SIMULATE] 特徴量生成 race_id=202509050310: 14 頭 × 52 特徴量 (リーク除外済み)
2026-05-01 18:46:49,734 INFO [SIMULATE] 特徴量生成 race_id=202509050311: 13 頭 × 52 特徴量 (リーク除外済み)
2026-05-01 18:46:49,745 INFO [SIMULATE] 特徴量生成 race_id=202509050312: 10 頭 × 52 特徴量 (リーク除外済み)
2026-05-01 18:46:49,757 INFO [SIMULATE] 特徴量生成 race_id=202506050401: 16 頭 × 52 特徴量 (リーク除外済み)
2026-05-01 18:46:49,769 INFO [SIMULATE] 特徴量生成 race_id=202506050402: 16 頭 × 52 特徴量 (リーク除外済み)
2026-05-01 18:46:49,781 INFO [SIMULATE] 特徴量生成 race_id=202506050403: 18 頭 × 52 特徴量 (リーク除外済み)
2026-05-01 18:46:49,795 INFO [SIMULATE] 特徴量生成 race_id=202506050404: 14 頭 × 52 特徴量 (リーク除外済み)
2026-05-01 18:46:49,809 INFO [SIMULATE] 特徴量生成 race_id=202506050405: 16 頭 × 52 特徴量 (リーク除外済み)
2026-05-01 18:46:49,823 INFO [SIMULATE] 特徴量生成 race_id=202506050406: 16 頭 × 52 特徴量 (リーク除外済み)
2026-05-01 18:46:49,836 INFO [SIMULATE] 特徴量生成 race_id=202506050407: 16 頭 × 52 特徴量 (リーク除外済み)
2026-05-01 18:46:49,849 INFO [SIMULATE] 特徴量生成 race_id=202506050408: 14 頭 × 52 特徴量 (リーク除外済み)
2026-05-01 18:46:49,861 INFO [SIMULATE] 特徴量生成 race_id=202506050409: 12 頭 × 52 特徴量 (リーク除外済み)
2026-05-01 18:46:49,872 INFO [SIMULATE] 特徴量生成 race_id=202506050410: 16 頭 × 52 特徴量 (リーク除外済み)
2026-05-01 18:46:49,886 INFO [SIMULATE] 特徴量生成 race_id=202506050411: 16 頭 × 52 特徴量 (リーク除外済み)
2026-05-01 18:46:49,898 INFO [SIMULATE] 特徴量生成 race_id=202506050412: 16 頭 × 52 特徴量 (リーク除外済み)
2026-05-01 18:46:49,908 INFO [SIMULATE] 特徴量生成 race_id=202507050401: 14 頭 × 52 特徴量 (リーク除外済み)
2026-05-01 18:46:49,923 INFO [SIMULATE] 特徴量生成 race_id=202507050402: 13 頭 × 52 特徴量 (リーク除外済み)
2026-05-01 18:46:49,937 INFO [SIMULATE] 特徴量生成 race_id=202507050403: 16 頭 × 52 特徴量 (リーク除外済み)
2026-05-01 18:46:49,955 INFO [SIMULATE] 特徴量生成 race_id=202507050404: 13 頭 × 52 特徴量 (リーク除外済み)
2026-05-01 18:46:49,973 INFO [SIMULATE] 特徴量生成 race_id=202507050405: 13 頭 × 52 特徴量 (リーク除外済み)
2026-05-01 18:46:49,985 INFO [SIMULATE] 特徴量生成 race_id=202507050406: 18 頭 × 52 特徴量 (リーク除外済み)
2026-05-01 18:46:50,000 INFO [SIMULATE] 特徴量生成 race_id=202507050407: 15 頭 × 52 特徴量 (リーク除外済み)
2026-05-01 18:46:50,018 INFO [SIMULATE] 特徴量生成 race_id=202507050408: 16 頭 × 52 特徴量 (リーク除外済み)
2026-05-01 18:46:50,033 INFO [SIMULATE] 特徴量生成 race_id=202507050409: 12 頭 × 52 特徴量 (リーク除外済み)
2026-05-01 18:46:50,049 INFO [SIMULATE] 特徴量生成 race_id=202507050410: 10 頭 × 52 特徴量 (リーク除外済み)
2026-05-01 18:46:50,065 INFO [SIMULATE] 特徴量生成 race_id=202507050411: 10 頭 × 52 特徴量 (リーク除外済み)
2026-05-01 18:46:50,081 INFO [SIMULATE] 特徴量生成 race_id=202507050412: 16 頭 × 52 特徴量 (リーク除外済み)
2026-05-01 18:46:50,107 INFO [SIMULATE] 特徴量生成 race_id=202509050401: 11 頭 × 52 特徴量 (リーク除外済み)
2026-05-01 18:46:50,121 INFO [SIMULATE] 特徴量生成 race_id=202509050402: 16 頭 × 52 特徴量 (リーク除外済み)
2026-05-01 18:46:50,135 INFO [SIMULATE] 特徴量生成 race_id=202509050403: 11 頭 × 52 特徴量 (リーク除外済み)
2026-05-01 18:46:50,152 INFO [SIMULATE] 特徴量生成 race_id=202509050404: 11 頭 × 52 特徴量 (リーク除外済み)
2026-05-01 18:46:50,167 INFO [SIMULATE] 特徴量生成 race_id=202509050405: 6 頭 × 52 特徴量 (リーク除外済み)
2026-05-01 18:46:50,178 INFO [SIMULATE] 特徴量生成 race_id=202509050406: 7 頭 × 52 特徴量 (リーク除外済み)
2026-05-01 18:46:50,189 INFO [SIMULATE] 特徴量生成 race_id=202509050407: 12 頭 × 52 特徴量 (リーク除外済み)
2026-05-01 18:46:50,202 INFO [SIMULATE] 特徴量生成 race_id=202509050408: 11 頭 × 52 特徴量 (リーク除外済み)
2026-05-01 18:46:50,213 INFO [SIMULATE] 特徴量生成 race_id=202509050409: 15 頭 × 52 特徴量 (リーク除外済み)
2026-05-01 18:46:50,226 INFO [SIMULATE] 特徴量生成 race_id=202509050410: 16 頭 × 52 特徴量 (リーク除外済み)
2026-05-01 18:46:50,242 INFO [SIMULATE] 特徴量生成 race_id=202509050411: 18 頭 × 52 特徴量 (リーク除外済み)
2026-05-01 18:46:50,252 INFO [SIMULATE] 特徴量生成 race_id=202509050412: 10 頭 × 52 特徴量 (リーク除外済み)
2026-05-01 18:46:50,269 INFO [SIMULATE] 特徴量生成 race_id=202506050501: 16 頭 × 52 特徴量 (リーク除外済み)
2026-05-01 18:46:50,284 INFO [SIMULATE] 特徴量生成 race_id=202506050502: 16 頭 × 52 特徴量 (リーク除外済み)
2026-05-01 18:46:50,297 INFO [SIMULATE] 特徴量生成 race_id=202506050503: 16 頭 × 52 特徴量 (リーク除外済み)
2026-05-01 18:46:50,323 INFO [SIMULATE] 特徴量生成 race_id=202506050504: 13 頭 × 52 特徴量 (リーク除外済み)
2026-05-01 18:46:50,337 INFO [SIMULATE] 特徴量生成 race_id=202506050505: 17 頭 × 52 特徴量 (リーク除外済み)
2026-05-01 18:46:50,349 INFO [SIMULATE] 特徴量生成 race_id=202506050506: 16 頭 × 52 特徴量 (リーク除外済み)
2026-05-01 18:46:50,361 INFO [SIMULATE] 特徴量生成 race_id=202506050507: 16 頭 × 52 特徴量 (リーク除外済み)
2026-05-01 18:46:50,374 INFO [SIMULATE] 特徴量生成 race_id=202506050508: 16 頭 × 52 特徴量 (リーク除外済み)
2026-05-01 18:46:50,389 INFO [SIMULATE] 特徴量生成 race_id=202506050509: 12 頭 × 52 特徴量 (リーク除外済み)
2026-05-01 18:46:50,405 INFO [SIMULATE] 特徴量生成 race_id=202506050510: 16 頭 × 52 特徴量 (リーク除外済み)
2026-05-01 18:46:50,418 INFO [SIMULATE] 特徴量生成 race_id=202506050511: 16 頭 × 52 特徴量 (リーク除外済み)
2026-05-01 18:46:50,430 INFO [SIMULATE] 特徴量生成 race_id=202506050512: 16 頭 × 52 特徴量 (リーク除外済み)
2026-05-01 18:46:50,442 INFO [SIMULATE] 特徴量生成 race_id=202507050501: 16 頭 × 52 特徴量 (リーク除外済み)
2026-05-01 18:46:50,453 INFO [SIMULATE] 特徴量生成 race_id=202507050502: 16 頭 × 52 特徴量 (リーク除外済み)
2026-05-01 18:46:50,467 INFO [SIMULATE] 特徴量生成 race_id=202507050503: 16 頭 × 52 特徴量 (リーク除外済み)
2026-05-01 18:46:50,483 INFO [SIMULATE] 特徴量生成 race_id=202507050504: 16 頭 × 52 特徴量 (リーク除外済み)
2026-05-01 18:46:50,498 INFO [SIMULATE] 特徴量生成 race_id=202507050505: 18 頭 × 52 特徴量 (リーク除外済み)
2026-05-01 18:46:50,510 INFO [SIMULATE] 特徴量生成 race_id=202507050506: 16 頭 × 52 特徴量 (リーク除外済み)
2026-05-01 18:46:50,521 INFO [SIMULATE] 特徴量生成 race_id=202507050507: 16 頭 × 52 特徴量 (リーク除外済み)
2026-05-01 18:46:50,533 INFO [SIMULATE] 特徴量生成 race_id=202507050508: 16 頭 × 52 特徴量 (リーク除外済み)
2026-05-01 18:46:50,549 INFO [SIMULATE] 特徴量生成 race_id=202507050509: 9 頭 × 52 特徴量 (リーク除外済み)
2026-05-01 18:46:50,560 INFO [SIMULATE] 特徴量生成 race_id=202507050510: 16 頭 × 52 特徴量 (リーク除外済み)
2026-05-01 18:46:50,571 INFO [SIMULATE] 特徴量生成 race_id=202507050511: 11 頭 × 52 特徴量 (リーク除外済み)
2026-05-01 18:46:50,583 INFO [SIMULATE] 特徴量生成 race_id=202507050512: 18 頭 × 52 特徴量 (リーク除外済み)
2026-05-01 18:46:50,595 INFO [SIMULATE] 特徴量生成 race_id=202509050501: 16 頭 × 52 特徴量 (リーク除外済み)
2026-05-01 18:46:50,611 INFO [SIMULATE] 特徴量生成 race_id=202509050502: 16 頭 × 52 特徴量 (リーク除外済み)
2026-05-01 18:46:50,622 INFO [SIMULATE] 特徴量生成 race_id=202509050504: 14 頭 × 52 特徴量 (リーク除外済み)
2026-05-01 18:46:50,638 INFO [SIMULATE] 特徴量生成 race_id=202509050505: 18 頭 × 52 特徴量 (リーク除外済み)
2026-05-01 18:46:50,650 INFO [SIMULATE] 特徴量生成 race_id=202509050506: 16 頭 × 52 特徴量 (リーク除外済み)
2026-05-01 18:46:50,661 INFO [SIMULATE] 特徴量生成 race_id=202509050507: 16 頭 × 52 特徴量 (リーク除外済み)
2026-05-01 18:46:50,672 INFO [SIMULATE] 特徴量生成 race_id=202509050508: 13 頭 × 52 特徴量 (リーク除外済み)
2026-05-01 18:46:50,683 INFO [SIMULATE] 特徴量生成 race_id=202509050509: 10 頭 × 52 特徴量 (リーク除外済み)
2026-05-01 18:46:50,695 INFO [SIMULATE] 特徴量生成 race_id=202509050510: 8 頭 × 52 特徴量 (リーク除外済み)
2026-05-01 18:46:50,708 INFO [SIMULATE] 特徴量生成 race_id=202509050511: 16 頭 × 52 特徴量 (リーク除外済み)
2026-05-01 18:46:50,720 INFO [SIMULATE] 特徴量生成 race_id=202509050512: 16 頭 × 52 特徴量 (リーク除外済み)
2026-05-01 18:46:50,737 INFO [SIMULATE] 特徴量生成 race_id=202506050601: 16 頭 × 52 特徴量 (リーク除外済み)
2026-05-01 18:46:50,749 INFO [SIMULATE] 特徴量生成 race_id=202506050602: 16 頭 × 52 特徴量 (リーク除外済み)
2026-05-01 18:46:50,763 INFO [SIMULATE] 特徴量生成 race_id=202506050603: 15 頭 × 52 特徴量 (リーク除外済み)
2026-05-01 18:46:50,776 INFO [SIMULATE] 特徴量生成 race_id=202506050604: 14 頭 × 52 特徴量 (リーク除外済み)
2026-05-01 18:46:50,789 INFO [SIMULATE] 特徴量生成 race_id=202506050605: 16 頭 × 52 特徴量 (リーク除外済み)
2026-05-01 18:46:50,800 INFO [SIMULATE] 特徴量生成 race_id=202506050606: 16 頭 × 52 特徴量 (リーク除外済み)
2026-05-01 18:46:50,812 INFO [SIMULATE] 特徴量生成 race_id=202506050607: 16 頭 × 52 特徴量 (リーク除外済み)
2026-05-01 18:46:50,823 INFO [SIMULATE] 特徴量生成 race_id=202506050608: 16 頭 × 52 特徴量 (リーク除外済み)
2026-05-01 18:46:50,833 INFO [SIMULATE] 特徴量生成 race_id=202506050609: 11 頭 × 52 特徴量 (リーク除外済み)
2026-05-01 18:46:50,844 INFO [SIMULATE] 特徴量生成 race_id=202506050610: 15 頭 × 52 特徴量 (リーク除外済み)
2026-05-01 18:46:50,856 INFO [SIMULATE] 特徴量生成 race_id=202506050611: 16 頭 × 52 特徴量 (リーク除外済み)
2026-05-01 18:46:50,868 INFO [SIMULATE] 特徴量生成 race_id=202506050612: 16 頭 × 52 特徴量 (リーク除外済み)
2026-05-01 18:46:50,878 INFO [SIMULATE] 特徴量生成 race_id=202507050601: 16 頭 × 52 特徴量 (リーク除外済み)
2026-05-01 18:46:50,890 INFO [SIMULATE] 特徴量生成 race_id=202507050602: 16 頭 × 52 特徴量 (リーク除外済み)
2026-05-01 18:46:50,902 INFO [SIMULATE] 特徴量生成 race_id=202507050603: 16 頭 × 52 特徴量 (リーク除外済み)
2026-05-01 18:46:50,915 INFO [SIMULATE] 特徴量生成 race_id=202507050604: 18 頭 × 52 特徴量 (リーク除外済み)
2026-05-01 18:46:50,932 INFO [SIMULATE] 特徴量生成 race_id=202507050605: 15 頭 × 52 特徴量 (リーク除外済み)
2026-05-01 18:46:50,944 INFO [SIMULATE] 特徴量生成 race_id=202507050606: 16 頭 × 52 特徴量 (リーク除外済み)
2026-05-01 18:46:50,956 INFO [SIMULATE] 特徴量生成 race_id=202507050607: 16 頭 × 52 特徴量 (リーク除外済み)
2026-05-01 18:46:50,982 INFO [SIMULATE] 特徴量生成 race_id=202507050608: 16 頭 × 52 特徴量 (リーク除外済み)
2026-05-01 18:46:50,994 INFO [SIMULATE] 特徴量生成 race_id=202507050609: 16 頭 × 52 特徴量 (リーク除外済み)
2026-05-01 18:46:51,009 INFO [SIMULATE] 特徴量生成 race_id=202507050610: 10 頭 × 52 特徴量 (リーク除外済み)
2026-05-01 18:46:51,021 INFO [SIMULATE] 特徴量生成 race_id=202507050611: 16 頭 × 52 特徴量 (リーク除外済み)
2026-05-01 18:46:51,037 INFO [SIMULATE] 特徴量生成 race_id=202507050612: 18 頭 × 52 特徴量 (リーク除外済み)
2026-05-01 18:46:51,053 INFO [SIMULATE] 特徴量生成 race_id=202509050601: 12 頭 × 52 特徴量 (リーク除外済み)
2026-05-01 18:46:51,065 INFO [SIMULATE] 特徴量生成 race_id=202509050602: 16 頭 × 52 特徴量 (リーク除外済み)
2026-05-01 18:46:51,079 INFO [SIMULATE] 特徴量生成 race_id=202509050603: 18 頭 × 52 特徴量 (リーク除外済み)
2026-05-01 18:46:51,091 INFO [SIMULATE] 特徴量生成 race_id=202509050604: 12 頭 × 52 特徴量 (リーク除外済み)
2026-05-01 18:46:51,105 INFO [SIMULATE] 特徴量生成 race_id=202509050605: 12 頭 × 52 特徴量 (リーク除外済み)
2026-05-01 18:46:51,119 INFO [SIMULATE] 特徴量生成 race_id=202509050606: 11 頭 × 52 特徴量 (リーク除外済み)
2026-05-01 18:46:51,135 INFO [SIMULATE] 特徴量生成 race_id=202509050607: 18 頭 × 52 特徴量 (リーク除外済み)
2026-05-01 18:46:51,150 INFO [SIMULATE] 特徴量生成 race_id=202509050608: 15 頭 × 52 特徴量 (リーク除外済み)
2026-05-01 18:46:51,163 INFO [SIMULATE] 特徴量生成 race_id=202509050609: 16 頭 × 52 特徴量 (リーク除外済み)
2026-05-01 18:46:51,174 INFO [SIMULATE] 特徴量生成 race_id=202509050610: 16 頭 × 52 特徴量 (リーク除外済み)
2026-05-01 18:46:51,186 INFO [SIMULATE] 特徴量生成 race_id=202509050611: 14 頭 × 52 特徴量 (リーク除外済み)
2026-05-01 18:46:51,198 INFO [SIMULATE] 特徴量生成 race_id=202509050612: 14 頭 × 52 特徴量 (リーク除外済み)
2026-05-01 18:46:51,214 INFO [SIMULATE] 特徴量生成 race_id=202506050701: 15 頭 × 52 特徴量 (リーク除外済み)
2026-05-01 18:46:51,226 INFO [SIMULATE] 特徴量生成 race_id=202506050702: 16 頭 × 52 特徴量 (リーク除外済み)
2026-05-01 18:46:51,237 INFO [SIMULATE] 特徴量生成 race_id=202506050703: 16 頭 × 52 特徴量 (リーク除外済み)
2026-05-01 18:46:51,248 INFO [SIMULATE] 特徴量生成 race_id=202506050704: 18 頭 × 52 特徴量 (リーク除外済み)
2026-05-01 18:46:51,259 INFO [SIMULATE] 特徴量生成 race_id=202506050705: 16 頭 × 52 特徴量 (リーク除外済み)
2026-05-01 18:46:51,268 INFO [SIMULATE] 特徴量生成 race_id=202506050706: 14 頭 × 52 特徴量 (リーク除外済み)
2026-05-01 18:46:51,280 INFO [SIMULATE] 特徴量生成 race_id=202506050707: 18 頭 × 52 特徴量 (リーク除外済み)
2026-05-01 18:46:51,292 INFO [SIMULATE] 特徴量生成 race_id=202506050708: 16 頭 × 52 特徴量 (リーク除外済み)
2026-05-01 18:46:51,303 INFO [SIMULATE] 特徴量生成 race_id=202506050709: 16 頭 × 52 特徴量 (リーク除外済み)
2026-05-01 18:46:51,313 INFO [SIMULATE] 特徴量生成 race_id=202506050710: 10 頭 × 52 特徴量 (リーク除外済み)
2026-05-01 18:46:51,325 INFO [SIMULATE] 特徴量生成 race_id=202506050711: 16 頭 × 52 特徴量 (リーク除外済み)
2026-05-01 18:46:51,343 INFO [SIMULATE] 特徴量生成 race_id=202506050712: 14 頭 × 52 特徴量 (リーク除外済み)
2026-05-01 18:46:51,356 INFO [SIMULATE] 特徴量生成 race_id=202509050701: 15 頭 × 52 特徴量 (リーク除外済み)
2026-05-01 18:46:51,365 INFO [SIMULATE] 特徴量生成 race_id=202509050702: 11 頭 × 52 特徴量 (リーク除外済み)
2026-05-01 18:46:51,375 INFO [SIMULATE] 特徴量生成 race_id=202509050703: 16 頭 × 52 特徴量 (リーク除外済み)
2026-05-01 18:46:51,387 INFO [SIMULATE] 特徴量生成 race_id=202509050704: 15 頭 × 52 特徴量 (リーク除外済み)
2026-05-01 18:46:51,399 INFO [SIMULATE] 特徴量生成 race_id=202509050705: 14 頭 × 52 特徴量 (リーク除外済み)
2026-05-01 18:46:51,409 INFO [SIMULATE] 特徴量生成 race_id=202509050706: 11 頭 × 52 特徴量 (リーク除外済み)
2026-05-01 18:46:51,421 INFO [SIMULATE] 特徴量生成 race_id=202509050707: 15 頭 × 52 特徴量 (リーク除外済み)
2026-05-01 18:46:51,434 INFO [SIMULATE] 特徴量生成 race_id=202509050708: 16 頭 × 52 特徴量 (リーク除外済み)
2026-05-01 18:46:51,446 INFO [SIMULATE] 特徴量生成 race_id=202509050709: 10 頭 × 52 特徴量 (リーク除外済み)
2026-05-01 18:46:51,458 INFO [SIMULATE] 特徴量生成 race_id=202509050710: 16 頭 × 52 特徴量 (リーク除外済み)
2026-05-01 18:46:51,479 INFO [SIMULATE] 特徴量生成 race_id=202509050711: 16 頭 × 52 特徴量 (リーク除外済み)
2026-05-01 18:46:51,491 INFO [SIMULATE] 特徴量生成 race_id=202509050712: 9 頭 × 52 特徴量 (リーク除外済み)
2026-05-01 18:46:51,509 INFO [SIMULATE] 特徴量生成 race_id=202506050801: 16 頭 × 52 特徴量 (リーク除外済み)
2026-05-01 18:46:51,520 INFO [SIMULATE] 特徴量生成 race_id=202506050802: 16 頭 × 52 特徴量 (リーク除外済み)
2026-05-01 18:46:51,532 INFO [SIMULATE] 特徴量生成 race_id=202506050803: 16 頭 × 52 特徴量 (リーク除外済み)
2026-05-01 18:46:51,544 INFO [SIMULATE] 特徴量生成 race_id=202506050804: 11 頭 × 52 特徴量 (リーク除外済み)
2026-05-01 18:46:51,555 INFO [SIMULATE] 特徴量生成 race_id=202506050805: 16 頭 × 52 特徴量 (リーク除外済み)
2026-05-01 18:46:51,566 INFO [SIMULATE] 特徴量生成 race_id=202506050806: 18 頭 × 52 特徴量 (リーク除外済み)
2026-05-01 18:46:51,580 INFO [SIMULATE] 特徴量生成 race_id=202506050807: 16 頭 × 52 特徴量 (リーク除外済み)
2026-05-01 18:46:51,591 INFO [SIMULATE] 特徴量生成 race_id=202506050808: 13 頭 × 52 特徴量 (リーク除外済み)
2026-05-01 18:46:51,602 INFO [SIMULATE] 特徴量生成 race_id=202506050809: 14 頭 × 52 特徴量 (リーク除外済み)
2026-05-01 18:46:51,614 INFO [SIMULATE] 特徴量生成 race_id=202506050810: 16 頭 × 52 特徴量 (リーク除外済み)
2026-05-01 18:46:51,628 INFO [SIMULATE] 特徴量生成 race_id=202506050811: 16 頭 × 52 特徴量 (リーク除外済み)
2026-05-01 18:46:51,645 INFO [SIMULATE] 特徴量生成 race_id=202509050801: 13 頭 × 52 特徴量 (リーク除外済み)
2026-05-01 18:46:51,658 INFO [SIMULATE] 特徴量生成 race_id=202509050802: 17 頭 × 52 特徴量 (リーク除外済み)
2026-05-01 18:46:51,675 INFO [SIMULATE] 特徴量生成 race_id=202509050803: 18 頭 × 52 特徴量 (リーク除外済み)
2026-05-01 18:46:51,685 INFO [SIMULATE] 特徴量生成 race_id=202509050804: 16 頭 × 52 特徴量 (リーク除外済み)
2026-05-01 18:46:51,696 INFO [SIMULATE] 特徴量生成 race_id=202509050805: 14 頭 × 52 特徴量 (リーク除外済み)
2026-05-01 18:46:51,707 INFO [SIMULATE] 特徴量生成 race_id=202509050806: 16 頭 × 52 特徴量 (リーク除外済み)
2026-05-01 18:46:51,718 INFO [SIMULATE] 特徴量生成 race_id=202509050807: 16 頭 × 52 特徴量 (リーク除外済み)
2026-05-01 18:46:51,729 INFO [SIMULATE] 特徴量生成 race_id=202509050808: 13 頭 × 52 特徴量 (リーク除外済み)
2026-05-01 18:46:51,740 INFO [SIMULATE] 特徴量生成 race_id=202509050809: 12 頭 × 52 特徴量 (リーク除外済み)
2026-05-01 18:46:51,750 INFO [SIMULATE] 特徴量生成 race_id=202509050810: 11 頭 × 52 特徴量 (リーク除外済み)
2026-05-01 18:46:51,762 INFO [SIMULATE] 特徴量生成 race_id=202509050811: 16 頭 × 52 特徴量 (リーク除外済み)
2026-05-01 18:46:51,784 INFO [SIMULATE] 特徴量生成 race_id=202606010102: 13 頭 × 52 特徴量 (リーク除外済み)
2026-05-01 18:46:51,795 INFO [SIMULATE] 特徴量生成 race_id=202606010104: 12 頭 × 52 特徴量 (リーク除外済み)
2026-05-01 18:46:51,807 INFO [SIMULATE] 特徴量生成 race_id=202606010105: 16 頭 × 52 特徴量 (リーク除外済み)
2026-05-01 18:46:51,821 INFO [SIMULATE] 特徴量生成 race_id=202606010106: 17 頭 × 52 特徴量 (リーク除外済み)
2026-05-01 18:46:51,834 INFO [SIMULATE] 特徴量生成 race_id=202606010108: 16 頭 × 52 特徴量 (リーク除外済み)
2026-05-01 18:46:51,846 INFO [SIMULATE] 特徴量生成 race_id=202606010109: 11 頭 × 52 特徴量 (リーク除外済み)
2026-05-01 18:46:51,857 INFO [SIMULATE] 特徴量生成 race_id=202606010110: 8 頭 × 52 特徴量 (リーク除外済み)
2026-05-01 18:46:51,868 INFO [SIMULATE] 特徴量生成 race_id=202606010111: 14 頭 × 52 特徴量 (リーク除外済み)
2026-05-01 18:46:51,880 INFO [SIMULATE] 特徴量生成 race_id=202608010102: 16 頭 × 52 特徴量 (リーク除外済み)
2026-05-01 18:46:51,892 INFO [SIMULATE] 特徴量生成 race_id=202608010103: 16 頭 × 52 特徴量 (リーク除外済み)
2026-05-01 18:46:51,910 INFO [SIMULATE] 特徴量生成 race_id=202608010104: 12 頭 × 52 特徴量 (リーク除外済み)
2026-05-01 18:46:51,921 INFO [SIMULATE] 特徴量生成 race_id=202608010105: 18 頭 × 52 特徴量 (リーク除外済み)
2026-05-01 18:46:51,930 INFO [SIMULATE] 特徴量生成 race_id=202608010106: 7 頭 × 52 特徴量 (リーク除外済み)
2026-05-01 18:46:51,942 INFO [SIMULATE] 特徴量生成 race_id=202608010108: 16 頭 × 52 特徴量 (リーク除外済み)
2026-05-01 18:46:51,953 INFO [SIMULATE] 特徴量生成 race_id=202608010111: 18 頭 × 52 特徴量 (リーク除外済み)
2026-05-01 18:46:51,964 INFO [SIMULATE] 特徴量生成 race_id=202606010201: 16 頭 × 52 特徴量 (リーク除外済み)
2026-05-01 18:46:51,975 INFO [SIMULATE] 特徴量生成 race_id=202606010202: 16 頭 × 52 特徴量 (リーク除外済み)
2026-05-01 18:46:51,986 INFO [SIMULATE] 特徴量生成 race_id=202606010203: 12 頭 × 52 特徴量 (リーク除外済み)
2026-05-01 18:46:51,998 INFO [SIMULATE] 特徴量生成 race_id=202606010205: 16 頭 × 52 特徴量 (リーク除外済み)
2026-05-01 18:46:52,012 INFO [SIMULATE] 特徴量生成 race_id=202606010206: 18 頭 × 52 特徴量 (リーク除外済み)
2026-05-01 18:46:52,024 INFO [SIMULATE] 特徴量生成 race_id=202606010207: 10 頭 × 52 特徴量 (リーク除外済み)
2026-05-01 18:46:52,036 INFO [SIMULATE] 特徴量生成 race_id=202606010208: 9 頭 × 52 特徴量 (リーク除外済み)
2026-05-01 18:46:52,049 INFO [SIMULATE] 特徴量生成 race_id=202606010210: 12 頭 × 52 特徴量 (リーク除外済み)
2026-05-01 18:46:52,064 INFO [SIMULATE] 特徴量生成 race_id=202606010211: 14 頭 × 52 特徴量 (リーク除外済み)
2026-05-01 18:46:52,076 INFO [SIMULATE] 特徴量生成 race_id=202606010212: 16 頭 × 52 特徴量 (リーク除外済み)
2026-05-01 18:46:52,089 INFO [SIMULATE] 特徴量生成 race_id=202608010201: 14 頭 × 52 特徴量 (リーク除外済み)
2026-05-01 18:46:52,103 INFO [SIMULATE] 特徴量生成 race_id=202608010202: 16 頭 × 52 特徴量 (リーク除外済み)
2026-05-01 18:46:52,117 INFO [SIMULATE] 特徴量生成 race_id=202608010203: 14 頭 × 52 特徴量 (リーク除外済み)
2026-05-01 18:46:52,128 INFO [SIMULATE] 特徴量生成 race_id=202608010204: 11 頭 × 52 特徴量 (リーク除外済み)
2026-05-01 18:46:52,139 INFO [SIMULATE] 特徴量生成 race_id=202608010205: 17 頭 × 52 特徴量 (リーク除外済み)
2026-05-01 18:46:52,150 INFO [SIMULATE] 特徴量生成 race_id=202608010206: 15 頭 × 52 特徴量 (リーク除外済み)
2026-05-01 18:46:52,163 INFO [SIMULATE] 特徴量生成 race_id=202608010207: 15 頭 × 52 特徴量 (リーク除外済み)
2026-05-01 18:46:52,174 INFO [SIMULATE] 特徴量生成 race_id=202608010209: 11 頭 × 52 特徴量 (リーク除外済み)
2026-05-01 18:46:52,189 INFO [SIMULATE] 特徴量生成 race_id=202608010210: 16 頭 × 52 特徴量 (リーク除外済み)
2026-05-01 18:46:52,200 INFO [SIMULATE] 特徴量生成 race_id=202608010212: 15 頭 × 52 特徴量 (リーク除外済み)
2026-05-01 18:46:52,215 INFO [SIMULATE] 特徴量生成 race_id=202606010301: 16 頭 × 52 特徴量 (リーク除外済み)
2026-05-01 18:46:52,226 INFO [SIMULATE] 特徴量生成 race_id=202606010302: 16 頭 × 52 特徴量 (リーク除外済み)
2026-05-01 18:46:52,238 INFO [SIMULATE] 特徴量生成 race_id=202606010303: 16 頭 × 52 特徴量 (リーク除外済み)
2026-05-01 18:46:52,249 INFO [SIMULATE] 特徴量生成 race_id=202606010304: 12 頭 × 52 特徴量 (リーク除外済み)
2026-05-01 18:46:52,261 INFO [SIMULATE] 特徴量生成 race_id=202606010305: 15 頭 × 52 特徴量 (リーク除外済み)
2026-05-01 18:46:52,273 INFO [SIMULATE] 特徴量生成 race_id=202606010307: 16 頭 × 52 特徴量 (リーク除外済み)
2026-05-01 18:46:52,286 INFO [SIMULATE] 特徴量生成 race_id=202606010308: 13 頭 × 52 特徴量 (リーク除外済み)
2026-05-01 18:46:52,296 INFO [SIMULATE] 特徴量生成 race_id=202606010309: 10 頭 × 52 特徴量 (リーク除外済み)
2026-05-01 18:46:52,308 INFO [SIMULATE] 特徴量生成 race_id=202606010310: 16 頭 × 52 特徴量 (リーク除外済み)
2026-05-01 18:46:52,321 INFO [SIMULATE] 特徴量生成 race_id=202606010311: 17 頭 × 52 特徴量 (リーク除外済み)
2026-05-01 18:46:52,336 INFO [SIMULATE] 特徴量生成 race_id=202606010312: 16 頭 × 52 特徴量 (リーク除外済み)
2026-05-01 18:46:52,350 INFO [SIMULATE] 特徴量生成 race_id=202608010302: 14 頭 × 52 特徴量 (リーク除外済み)
2026-05-01 18:46:52,362 INFO [SIMULATE] 特徴量生成 race_id=202608010303: 16 頭 × 52 特徴量 (リーク除外済み)
2026-05-01 18:46:52,371 INFO [SIMULATE] 特徴量生成 race_id=202608010304: 11 頭 × 52 特徴量 (リーク除外済み)
2026-05-01 18:46:52,383 INFO [SIMULATE] 特徴量生成 race_id=202608010305: 18 頭 × 52 特徴量 (リーク除外済み)
2026-05-01 18:46:52,397 INFO [SIMULATE] 特徴量生成 race_id=202608010306: 18 頭 × 52 特徴量 (リーク除外済み)
2026-05-01 18:46:52,407 INFO [SIMULATE] 特徴量生成 race_id=202608010307: 15 頭 × 52 特徴量 (リーク除外済み)
2026-05-01 18:46:52,417 INFO [SIMULATE] 特徴量生成 race_id=202608010308: 11 頭 × 52 特徴量 (リーク除外済み)
2026-05-01 18:46:52,429 INFO [SIMULATE] 特徴量生成 race_id=202608010309: 8 頭 × 52 特徴量 (リーク除外済み)
2026-05-01 18:46:52,442 INFO [SIMULATE] 特徴量生成 race_id=202608010310: 18 頭 × 52 特徴量 (リーク除外済み)
2026-05-01 18:46:52,454 INFO [SIMULATE] 特徴量生成 race_id=202608010311: 16 頭 × 52 特徴量 (リーク除外済み)
2026-05-01 18:46:52,466 INFO [SIMULATE] 特徴量生成 race_id=202608010312: 18 頭 × 52 特徴量 (リーク除外済み)
2026-05-01 18:46:52,479 INFO [SIMULATE] 特徴量生成 race_id=202606010401: 16 頭 × 52 特徴量 (リーク除外済み)
2026-05-01 18:46:52,492 INFO [SIMULATE] 特徴量生成 race_id=202606010402: 16 頭 × 52 特徴量 (リーク除外済み)
2026-05-01 18:46:52,503 INFO [SIMULATE] 特徴量生成 race_id=202606010403: 16 頭 × 52 特徴量 (リーク除外済み)
2026-05-01 18:46:52,513 INFO [SIMULATE] 特徴量生成 race_id=202606010404: 16 頭 × 52 特徴量 (リーク除外済み)
2026-05-01 18:46:52,525 INFO [SIMULATE] 特徴量生成 race_id=202606010405: 16 頭 × 52 特徴量 (リーク除外済み)
2026-05-01 18:46:52,536 INFO [SIMULATE] 特徴量生成 race_id=202606010406: 18 頭 × 52 特徴量 (リーク除外済み)
2026-05-01 18:46:52,549 INFO [SIMULATE] 特徴量生成 race_id=202606010407: 16 頭 × 52 特徴量 (リーク除外済み)
2026-05-01 18:46:52,566 INFO [SIMULATE] 特徴量生成 race_id=202606010408: 16 頭 × 52 特徴量 (リーク除外済み)
2026-05-01 18:46:52,577 INFO [SIMULATE] 特徴量生成 race_id=202606010409: 13 頭 × 52 特徴量 (リーク除外済み)
2026-05-01 18:46:52,588 INFO [SIMULATE] 特徴量生成 race_id=202606010410: 16 頭 × 52 特徴量 (リーク除外済み)
2026-05-01 18:46:52,600 INFO [SIMULATE] 特徴量生成 race_id=202606010411: 16 頭 × 52 特徴量 (リーク除外済み)
2026-05-01 18:46:52,615 INFO [SIMULATE] 特徴量生成 race_id=202606010412: 16 頭 × 52 特徴量 (リーク除外済み)
2026-05-01 18:46:52,629 INFO [SIMULATE] 特徴量生成 race_id=202608010401: 16 頭 × 52 特徴量 (リーク除外済み)
2026-05-01 18:46:52,642 INFO [SIMULATE] 特徴量生成 race_id=202608010402: 16 頭 × 52 特徴量 (リーク除外済み)
2026-05-01 18:46:52,653 INFO [SIMULATE] 特徴量生成 race_id=202608010403: 16 頭 × 52 特徴量 (リーク除外済み)
2026-05-01 18:46:52,663 INFO [SIMULATE] 特徴量生成 race_id=202608010405: 10 頭 × 52 特徴量 (リーク除外済み)
2026-05-01 18:46:52,678 INFO [SIMULATE] 特徴量生成 race_id=202608010406: 14 頭 × 52 特徴量 (リーク除外済み)
2026-05-01 18:46:52,689 INFO [SIMULATE] 特徴量生成 race_id=202608010407: 14 頭 × 52 特徴量 (リーク除外済み)
2026-05-01 18:46:52,702 INFO [SIMULATE] 特徴量生成 race_id=202608010408: 16 頭 × 52 特徴量 (リーク除外済み)
2026-05-01 18:46:52,713 INFO [SIMULATE] 特徴量生成 race_id=202608010409: 10 頭 × 52 特徴量 (リーク除外済み)
2026-05-01 18:46:52,726 INFO [SIMULATE] 特徴量生成 race_id=202608010411: 16 頭 × 52 特徴量 (リーク除外済み)
2026-05-01 18:46:52,739 INFO [SIMULATE] 特徴量生成 race_id=202608010412: 18 頭 × 52 特徴量 (リーク除外済み)
2026-05-01 18:46:52,755 INFO [SIMULATE] 特徴量生成 race_id=202606010501: 16 頭 × 52 特徴量 (リーク除外済み)
2026-05-01 18:46:52,768 INFO [SIMULATE] 特徴量生成 race_id=202606010502: 16 頭 × 52 特徴量 (リーク除外済み)
2026-05-01 18:46:52,783 INFO [SIMULATE] 特徴量生成 race_id=202606010503: 16 頭 × 52 特徴量 (リーク除外済み)
2026-05-01 18:46:52,794 INFO [SIMULATE] 特徴量生成 race_id=202606010505: 16 頭 × 52 特徴量 (リーク除外済み)
2026-05-01 18:46:52,805 INFO [SIMULATE] 特徴量生成 race_id=202606010506: 18 頭 × 52 特徴量 (リーク除外済み)
2026-05-01 18:46:52,814 INFO [SIMULATE] 特徴量生成 race_id=202606010508: 11 頭 × 52 特徴量 (リーク除外済み)
2026-05-01 18:46:52,825 INFO [SIMULATE] 特徴量生成 race_id=202606010509: 16 頭 × 52 特徴量 (リーク除外済み)
2026-05-01 18:46:52,837 INFO [SIMULATE] 特徴量生成 race_id=202606010510: 16 頭 × 52 特徴量 (リーク除外済み)
2026-05-01 18:46:52,848 INFO [SIMULATE] 特徴量生成 race_id=202606010511: 14 頭 × 52 特徴量 (リーク除外済み)
2026-05-01 18:46:52,860 INFO [SIMULATE] 特徴量生成 race_id=202606010512: 18 頭 × 52 特徴量 (リーク除外済み)
2026-05-01 18:46:52,871 INFO [SIMULATE] 特徴量生成 race_id=202608010501: 16 頭 × 52 特徴量 (リーク除外済み)
2026-05-01 18:46:52,882 INFO [SIMULATE] 特徴量生成 race_id=202608010502: 16 頭 × 52 特徴量 (リーク除外済み)
2026-05-01 18:46:52,895 INFO [SIMULATE] 特徴量生成 race_id=202608010505: 18 頭 × 52 特徴量 (リーク除外済み)
2026-05-01 18:46:52,906 INFO [SIMULATE] 特徴量生成 race_id=202608010506: 9 頭 × 52 特徴量 (リーク除外済み)
2026-05-01 18:46:52,917 INFO [SIMULATE] 特徴量生成 race_id=202608010507: 16 頭 × 52 特徴量 (リーク除外済み)
2026-05-01 18:46:52,930 INFO [SIMULATE] 特徴量生成 race_id=202608010508: 15 頭 × 52 特徴量 (リーク除外済み)
2026-05-01 18:46:52,942 INFO [SIMULATE] 特徴量生成 race_id=202608010509: 12 頭 × 52 特徴量 (リーク除外済み)
2026-05-01 18:46:52,956 INFO [SIMULATE] 特徴量生成 race_id=202608010510: 16 頭 × 52 特徴量 (リーク除外済み)
2026-05-01 18:46:52,970 INFO [SIMULATE] 特徴量生成 race_id=202608010512: 18 頭 × 52 特徴量 (リーク除外済み)
2026-05-01 18:46:52,989 INFO [SIMULATE] 特徴量生成 race_id=202606010601: 16 頭 × 52 特徴量 (リーク除外済み)
2026-05-01 18:46:53,001 INFO [SIMULATE] 特徴量生成 race_id=202606010602: 16 頭 × 52 特徴量 (リーク除外済み)
2026-05-01 18:46:53,003 INFO   特徴量生成中... 5000/5878
2026-05-01 18:46:53,013 INFO [SIMULATE] 特徴量生成 race_id=202606010603: 16 頭 × 52 特徴量 (リーク除外済み)
2026-05-01 18:46:53,034 INFO [SIMULATE] 特徴量生成 race_id=202606010604: 12 頭 × 52 特徴量 (リーク除外済み)
2026-05-01 18:46:53,050 INFO [SIMULATE] 特徴量生成 race_id=202606010605: 18 頭 × 52 特徴量 (リーク除外済み)
2026-05-01 18:46:53,064 INFO [SIMULATE] 特徴量生成 race_id=202606010606: 16 頭 × 52 特徴量 (リーク除外済み)
2026-05-01 18:46:53,077 INFO [SIMULATE] 特徴量生成 race_id=202606010607: 12 頭 × 52 特徴量 (リーク除外済み)
2026-05-01 18:46:53,100 INFO [SIMULATE] 特徴量生成 race_id=202606010608: 16 頭 × 52 特徴量 (リーク除外済み)
2026-05-01 18:46:53,118 INFO [SIMULATE] 特徴量生成 race_id=202606010609: 8 頭 × 52 特徴量 (リーク除外済み)
2026-05-01 18:46:53,130 INFO [SIMULATE] 特徴量生成 race_id=202606010610: 16 頭 × 52 特徴量 (リーク除外済み)
2026-05-01 18:46:53,145 INFO [SIMULATE] 特徴量生成 race_id=202606010611: 16 頭 × 52 特徴量 (リーク除外済み)
2026-05-01 18:46:53,156 INFO [SIMULATE] 特徴量生成 race_id=202606010612: 16 頭 × 52 特徴量 (リーク除外済み)
2026-05-01 18:46:53,165 INFO [SIMULATE] 特徴量生成 race_id=202608010601: 10 頭 × 52 特徴量 (リーク除外済み)
2026-05-01 18:46:53,178 INFO [SIMULATE] 特徴量生成 race_id=202608010602: 16 頭 × 52 特徴量 (リーク除外済み)
2026-05-01 18:46:53,189 INFO [SIMULATE] 特徴量生成 race_id=202608010603: 13 頭 × 52 特徴量 (リーク除外済み)
2026-05-01 18:46:53,200 INFO [SIMULATE] 特徴量生成 race_id=202608010604: 16 頭 × 52 特徴量 (リーク除外済み)
2026-05-01 18:46:53,211 INFO [SIMULATE] 特徴量生成 race_id=202608010606: 8 頭 × 52 特徴量 (リーク除外済み)
2026-05-01 18:46:53,221 INFO [SIMULATE] 特徴量生成 race_id=202608010608: 8 頭 × 52 特徴量 (リーク除外済み)
2026-05-01 18:46:53,230 INFO [SIMULATE] 特徴量生成 race_id=202608010610: 9 頭 × 52 特徴量 (リーク除外済み)
2026-05-01 18:46:53,243 INFO [SIMULATE] 特徴量生成 race_id=202608010611: 16 頭 × 52 特徴量 (リーク除外済み)
2026-05-01 18:46:53,255 INFO [SIMULATE] 特徴量生成 race_id=202608010612: 18 頭 × 52 特徴量 (リーク除外済み)
2026-05-01 18:46:53,271 INFO [SIMULATE] 特徴量生成 race_id=202606010701: 16 頭 × 52 特徴量 (リーク除外済み)
2026-05-01 18:46:53,281 INFO [SIMULATE] 特徴量生成 race_id=202606010702: 16 頭 × 52 特徴量 (リーク除外済み)
2026-05-01 18:46:53,291 INFO [SIMULATE] 特徴量生成 race_id=202606010703: 13 頭 × 52 特徴量 (リーク除外済み)
2026-05-01 18:46:53,302 INFO [SIMULATE] 特徴量生成 race_id=202606010704: 14 頭 × 52 特徴量 (リーク除外済み)
2026-05-01 18:46:53,313 INFO [SIMULATE] 特徴量生成 race_id=202606010705: 16 頭 × 52 特徴量 (リーク除外済み)
2026-05-01 18:46:53,327 INFO [SIMULATE] 特徴量生成 race_id=202606010707: 16 頭 × 52 特徴量 (リーク除外済み)
2026-05-01 18:46:53,338 INFO [SIMULATE] 特徴量生成 race_id=202606010708: 16 頭 × 52 特徴量 (リーク除外済み)
2026-05-01 18:46:53,349 INFO [SIMULATE] 特徴量生成 race_id=202606010709: 15 頭 × 52 特徴量 (リーク除外済み)
2026-05-01 18:46:53,360 INFO [SIMULATE] 特徴量生成 race_id=202606010711: 15 頭 × 52 特徴量 (リーク除外済み)
2026-05-01 18:46:53,372 INFO [SIMULATE] 特徴量生成 race_id=202606010712: 16 頭 × 52 特徴量 (リーク除外済み)
2026-05-01 18:46:53,388 INFO [SIMULATE] 特徴量生成 race_id=202608010701: 16 頭 × 52 特徴量 (リーク除外済み)
2026-05-01 18:46:53,398 INFO [SIMULATE] 特徴量生成 race_id=202608010702: 12 頭 × 52 特徴量 (リーク除外済み)
2026-05-01 18:46:53,409 INFO [SIMULATE] 特徴量生成 race_id=202608010703: 16 頭 × 52 特徴量 (リーク除外済み)
2026-05-01 18:46:53,421 INFO [SIMULATE] 特徴量生成 race_id=202608010704: 10 頭 × 52 特徴量 (リーク除外済み)
2026-05-01 18:46:53,431 INFO [SIMULATE] 特徴量生成 race_id=202608010707: 11 頭 × 52 特徴量 (リーク除外済み)
2026-05-01 18:46:53,441 INFO [SIMULATE] 特徴量生成 race_id=202608010708: 12 頭 × 52 特徴量 (リーク除外済み)
2026-05-01 18:46:53,452 INFO [SIMULATE] 特徴量生成 race_id=202608010709: 16 頭 × 52 特徴量 (リーク除外済み)
2026-05-01 18:46:53,464 INFO [SIMULATE] 特徴量生成 race_id=202608010710: 16 頭 × 52 特徴量 (リーク除外済み)
2026-05-01 18:46:53,484 INFO [SIMULATE] 特徴量生成 race_id=202608010711: 13 頭 × 52 特徴量 (リーク除外済み)
2026-05-01 18:46:53,505 INFO [SIMULATE] 特徴量生成 race_id=202606010801: 16 頭 × 52 特徴量 (リーク除外済み)
2026-05-01 18:46:53,516 INFO [SIMULATE] 特徴量生成 race_id=202606010802: 16 頭 × 52 特徴量 (リーク除外済み)
2026-05-01 18:46:53,528 INFO [SIMULATE] 特徴量生成 race_id=202606010803: 16 頭 × 52 特徴量 (リーク除外済み)
2026-05-01 18:46:53,538 INFO [SIMULATE] 特徴量生成 race_id=202606010806: 13 頭 × 52 特徴量 (リーク除外済み)
2026-05-01 18:46:53,550 INFO [SIMULATE] 特徴量生成 race_id=202606010807: 16 頭 × 52 特徴量 (リーク除外済み)
2026-05-01 18:46:53,560 INFO [SIMULATE] 特徴量生成 race_id=202606010808: 12 頭 × 52 特徴量 (リーク除外済み)
2026-05-01 18:46:53,571 INFO [SIMULATE] 特徴量生成 race_id=202606010809: 9 頭 × 52 特徴量 (リーク除外済み)
2026-05-01 18:46:53,582 INFO [SIMULATE] 特徴量生成 race_id=202606010810: 10 頭 × 52 特徴量 (リーク除外済み)
2026-05-01 18:46:53,595 INFO [SIMULATE] 特徴量生成 race_id=202606010811: 18 頭 × 52 特徴量 (リーク除外済み)
2026-05-01 18:46:53,609 INFO [SIMULATE] 特徴量生成 race_id=202606010812: 12 頭 × 52 特徴量 (リーク除外済み)
2026-05-01 18:46:53,618 INFO [SIMULATE] 特徴量生成 race_id=202608010801: 12 頭 × 52 特徴量 (リーク除外済み)
2026-05-01 18:46:53,633 INFO [SIMULATE] 特徴量生成 race_id=202608010802: 14 頭 × 52 特徴量 (リーク除外済み)
2026-05-01 18:46:53,647 INFO [SIMULATE] 特徴量生成 race_id=202608010804: 16 頭 × 52 特徴量 (リーク除外済み)
2026-05-01 18:46:53,668 INFO [SIMULATE] 特徴量生成 race_id=202608010805: 18 頭 × 52 特徴量 (リーク除外済み)
2026-05-01 18:46:53,681 INFO [SIMULATE] 特徴量生成 race_id=202608010806: 17 頭 × 52 特徴量 (リーク除外済み)
2026-05-01 18:46:53,692 INFO [SIMULATE] 特徴量生成 race_id=202608010807: 11 頭 × 52 特徴量 (リーク除外済み)
2026-05-01 18:46:53,704 INFO [SIMULATE] 特徴量生成 race_id=202608010808: 15 頭 × 52 特徴量 (リーク除外済み)
2026-05-01 18:46:53,718 INFO [SIMULATE] 特徴量生成 race_id=202608010810: 15 頭 × 52 特徴量 (リーク除外済み)
2026-05-01 18:46:53,730 INFO [SIMULATE] 特徴量生成 race_id=202608010812: 11 頭 × 52 特徴量 (リーク除外済み)
2026-05-01 18:46:53,743 INFO [SIMULATE] 特徴量生成 race_id=202610010102: 16 頭 × 52 特徴量 (リーク除外済み)
2026-05-01 18:46:53,755 INFO [SIMULATE] 特徴量生成 race_id=202610010103: 14 頭 × 52 特徴量 (リーク除外済み)
2026-05-01 18:46:53,769 INFO [SIMULATE] 特徴量生成 race_id=202610010104: 12 頭 × 52 特徴量 (リーク除外済み)
2026-05-01 18:46:53,781 INFO [SIMULATE] 特徴量生成 race_id=202610010105: 11 頭 × 52 特徴量 (リーク除外済み)
2026-05-01 18:46:53,794 INFO [SIMULATE] 特徴量生成 race_id=202610010106: 18 頭 × 52 特徴量 (リーク除外済み)
2026-05-01 18:46:53,806 INFO [SIMULATE] 特徴量生成 race_id=202610010107: 15 頭 × 52 特徴量 (リーク除外済み)
2026-05-01 18:46:53,819 INFO [SIMULATE] 特徴量生成 race_id=202610010108: 7 頭 × 52 特徴量 (リーク除外済み)
2026-05-01 18:46:53,834 INFO [SIMULATE] 特徴量生成 race_id=202610010109: 12 頭 × 52 特徴量 (リーク除外済み)
2026-05-01 18:46:53,849 INFO [SIMULATE] 特徴量生成 race_id=202610010111: 18 頭 × 52 特徴量 (リーク除外済み)
2026-05-01 18:46:53,862 INFO [SIMULATE] 特徴量生成 race_id=202610010112: 15 頭 × 52 特徴量 (リーク除外済み)
2026-05-01 18:46:53,875 INFO [SIMULATE] 特徴量生成 race_id=202606010901: 16 頭 × 52 特徴量 (リーク除外済み)
2026-05-01 18:46:53,885 INFO [SIMULATE] 特徴量生成 race_id=202606010902: 14 頭 × 52 特徴量 (リーク除外済み)
2026-05-01 18:46:53,897 INFO [SIMULATE] 特徴量生成 race_id=202606010903: 16 頭 × 52 特徴量 (リーク除外済み)
2026-05-01 18:46:53,910 INFO [SIMULATE] 特徴量生成 race_id=202606010904: 16 頭 × 52 特徴量 (リーク除外済み)
2026-05-01 18:46:53,922 INFO [SIMULATE] 特徴量生成 race_id=202606010905: 18 頭 × 52 特徴量 (リーク除外済み)
2026-05-01 18:46:53,934 INFO [SIMULATE] 特徴量生成 race_id=202606010906: 15 頭 × 52 特徴量 (リーク除外済み)
2026-05-01 18:46:53,946 INFO [SIMULATE] 特徴量生成 race_id=202606010907: 10 頭 × 52 特徴量 (リーク除外済み)
2026-05-01 18:46:53,960 INFO [SIMULATE] 特徴量生成 race_id=202606010908: 15 頭 × 52 特徴量 (リーク除外済み)
2026-05-01 18:46:53,975 INFO [SIMULATE] 特徴量生成 race_id=202606010909: 12 頭 × 52 特徴量 (リーク除外済み)
2026-05-01 18:46:53,989 INFO [SIMULATE] 特徴量生成 race_id=202606010912: 16 頭 × 52 特徴量 (リーク除外済み)
2026-05-01 18:46:54,000 INFO [SIMULATE] 特徴量生成 race_id=202608010901: 11 頭 × 52 特徴量 (リーク除外済み)
2026-05-01 18:46:54,022 INFO [SIMULATE] 特徴量生成 race_id=202608010902: 16 頭 × 52 特徴量 (リーク除外済み)
2026-05-01 18:46:54,044 INFO [SIMULATE] 特徴量生成 race_id=202608010903: 12 頭 × 52 特徴量 (リーク除外済み)
2026-05-01 18:46:54,059 INFO [SIMULATE] 特徴量生成 race_id=202608010904: 10 頭 × 52 特徴量 (リーク除外済み)
2026-05-01 18:46:54,077 INFO [SIMULATE] 特徴量生成 race_id=202608010905: 18 頭 × 52 特徴量 (リーク除外済み)
2026-05-01 18:46:54,090 INFO [SIMULATE] 特徴量生成 race_id=202608010906: 16 頭 × 52 特徴量 (リーク除外済み)
2026-05-01 18:46:54,107 INFO [SIMULATE] 特徴量生成 race_id=202608010907: 10 頭 × 52 特徴量 (リーク除外済み)
2026-05-01 18:46:54,117 INFO [SIMULATE] 特徴量生成 race_id=202608010908: 10 頭 × 52 特徴量 (リーク除外済み)
2026-05-01 18:46:54,140 INFO [SIMULATE] 特徴量生成 race_id=202608010909: 9 頭 × 52 特徴量 (リーク除外済み)
2026-05-01 18:46:54,153 INFO [SIMULATE] 特徴量生成 race_id=202610010201: 16 頭 × 52 特徴量 (リーク除外済み)
2026-05-01 18:46:54,174 INFO [SIMULATE] 特徴量生成 race_id=202610010202: 18 頭 × 52 特徴量 (リーク除外済み)
2026-05-01 18:46:54,191 INFO [SIMULATE] 特徴量生成 race_id=202610010203: 14 頭 × 52 特徴量 (リーク除外済み)
2026-05-01 18:46:54,205 INFO [SIMULATE] 特徴量生成 race_id=202610010204: 12 頭 × 52 特徴量 (リーク除外済み)
2026-05-01 18:46:54,220 INFO [SIMULATE] 特徴量生成 race_id=202610010205: 18 頭 × 52 特徴量 (リーク除外済み)
2026-05-01 18:46:54,237 INFO [SIMULATE] 特徴量生成 race_id=202610010206: 11 頭 × 52 特徴量 (リーク除外済み)
2026-05-01 18:46:54,257 INFO [SIMULATE] 特徴量生成 race_id=202610010208: 16 頭 × 52 特徴量 (リーク除外済み)
2026-05-01 18:46:54,290 INFO [SIMULATE] 特徴量生成 race_id=202610010209: 16 頭 × 52 特徴量 (リーク除外済み)
2026-05-01 18:46:54,322 INFO [SIMULATE] 特徴量生成 race_id=202610010210: 16 頭 × 52 特徴量 (リーク除外済み)
2026-05-01 18:46:54,342 INFO [SIMULATE] 特徴量生成 race_id=202610010211: 12 頭 × 52 特徴量 (リーク除外済み)
2026-05-01 18:46:54,360 INFO [SIMULATE] 特徴量生成 race_id=202610010212: 14 頭 × 52 特徴量 (リーク除外済み)
2026-05-01 18:46:54,387 INFO [SIMULATE] 特徴量生成 race_id=202605010101: 16 頭 × 52 特徴量 (リーク除外済み)
2026-05-01 18:46:54,403 INFO [SIMULATE] 特徴量生成 race_id=202605010102: 16 頭 × 52 特徴量 (リーク除外済み)
2026-05-01 18:46:54,425 INFO [SIMULATE] 特徴量生成 race_id=202605010103: 15 頭 × 52 特徴量 (リーク除外済み)
2026-05-01 18:46:54,445 INFO [SIMULATE] 特徴量生成 race_id=202605010104: 16 頭 × 52 特徴量 (リーク除外済み)
2026-05-01 18:46:54,460 INFO [SIMULATE] 特徴量生成 race_id=202605010105: 16 頭 × 52 特徴量 (リーク除外済み)
2026-05-01 18:46:54,482 INFO [SIMULATE] 特徴量生成 race_id=202605010106: 16 頭 × 52 特徴量 (リーク除外済み)
2026-05-01 18:46:54,500 INFO [SIMULATE] 特徴量生成 race_id=202605010107: 16 頭 × 52 特徴量 (リーク除外済み)
2026-05-01 18:46:54,513 INFO [SIMULATE] 特徴量生成 race_id=202605010108: 16 頭 × 52 特徴量 (リーク除外済み)
2026-05-01 18:46:54,534 INFO [SIMULATE] 特徴量生成 race_id=202605010109: 16 頭 × 52 特徴量 (リーク除外済み)
2026-05-01 18:46:54,555 INFO [SIMULATE] 特徴量生成 race_id=202605010110: 15 頭 × 52 特徴量 (リーク除外済み)
2026-05-01 18:46:54,580 INFO [SIMULATE] 特徴量生成 race_id=202605010111: 10 頭 × 52 特徴量 (リーク除外済み)
2026-05-01 18:46:54,599 INFO [SIMULATE] 特徴量生成 race_id=202605010112: 12 頭 × 52 特徴量 (リーク除外済み)
2026-05-01 18:46:54,631 INFO [SIMULATE] 特徴量生成 race_id=202608020101: 16 頭 × 52 特徴量 (リーク除外済み)
2026-05-01 18:46:54,657 INFO [SIMULATE] 特徴量生成 race_id=202608020102: 9 頭 × 52 特徴量 (リーク除外済み)
2026-05-01 18:46:54,679 INFO [SIMULATE] 特徴量生成 race_id=202608020103: 13 頭 × 52 特徴量 (リーク除外済み)
2026-05-01 18:46:54,698 INFO [SIMULATE] 特徴量生成 race_id=202608020104: 11 頭 × 52 特徴量 (リーク除外済み)
2026-05-01 18:46:54,716 INFO [SIMULATE] 特徴量生成 race_id=202608020107: 11 頭 × 52 特徴量 (リーク除外済み)
2026-05-01 18:46:54,733 INFO [SIMULATE] 特徴量生成 race_id=202608020108: 10 頭 × 52 特徴量 (リーク除外済み)
2026-05-01 18:46:54,746 INFO [SIMULATE] 特徴量生成 race_id=202608020109: 13 頭 × 52 特徴量 (リーク除外済み)
2026-05-01 18:46:54,758 INFO [SIMULATE] 特徴量生成 race_id=202608020112: 17 頭 × 52 特徴量 (リーク除外済み)
2026-05-01 18:46:54,773 INFO [SIMULATE] 特徴量生成 race_id=202610010301: 14 頭 × 52 特徴量 (リーク除外済み)
2026-05-01 18:46:54,787 INFO [SIMULATE] 特徴量生成 race_id=202610010302: 18 頭 × 52 特徴量 (リーク除外済み)
2026-05-01 18:46:54,809 INFO [SIMULATE] 特徴量生成 race_id=202610010303: 16 頭 × 52 特徴量 (リーク除外済み)
2026-05-01 18:46:54,821 INFO [SIMULATE] 特徴量生成 race_id=202610010304: 12 頭 × 52 特徴量 (リーク除外済み)
2026-05-01 18:46:54,831 INFO [SIMULATE] 特徴量生成 race_id=202610010305: 11 頭 × 52 特徴量 (リーク除外済み)
2026-05-01 18:46:54,844 INFO [SIMULATE] 特徴量生成 race_id=202610010306: 18 頭 × 52 特徴量 (リーク除外済み)
2026-05-01 18:46:54,854 INFO [SIMULATE] 特徴量生成 race_id=202610010307: 16 頭 × 52 特徴量 (リーク除外済み)
2026-05-01 18:46:54,866 INFO [SIMULATE] 特徴量生成 race_id=202610010308: 18 頭 × 52 特徴量 (リーク除外済み)
2026-05-01 18:46:54,879 INFO [SIMULATE] 特徴量生成 race_id=202610010309: 14 頭 × 52 特徴量 (リーク除外済み)
2026-05-01 18:46:54,892 INFO [SIMULATE] 特徴量生成 race_id=202610010310: 16 頭 × 52 特徴量 (リーク除外済み)
2026-05-01 18:46:54,905 INFO [SIMULATE] 特徴量生成 race_id=202610010311: 18 頭 × 52 特徴量 (リーク除外済み)
2026-05-01 18:46:54,918 INFO [SIMULATE] 特徴量生成 race_id=202610010312: 16 頭 × 52 特徴量 (リーク除外済み)
2026-05-01 18:46:54,931 INFO [SIMULATE] 特徴量生成 race_id=202605010201: 16 頭 × 52 特徴量 (リーク除外済み)
2026-05-01 18:46:54,943 INFO [SIMULATE] 特徴量生成 race_id=202605010202: 13 頭 × 52 特徴量 (リーク除外済み)
2026-05-01 18:46:54,955 INFO [SIMULATE] 特徴量生成 race_id=202605010203: 16 頭 × 52 特徴量 (リーク除外済み)
2026-05-01 18:46:54,967 INFO [SIMULATE] 特徴量生成 race_id=202605010205: 16 頭 × 52 特徴量 (リーク除外済み)
2026-05-01 18:46:54,982 INFO [SIMULATE] 特徴量生成 race_id=202605010206: 15 頭 × 52 特徴量 (リーク除外済み)
2026-05-01 18:46:55,006 INFO [SIMULATE] 特徴量生成 race_id=202605010207: 9 頭 × 52 特徴量 (リーク除外済み)
2026-05-01 18:46:55,029 INFO [SIMULATE] 特徴量生成 race_id=202605010209: 12 頭 × 52 特徴量 (リーク除外済み)
2026-05-01 18:46:55,061 INFO [SIMULATE] 特徴量生成 race_id=202605010210: 15 頭 × 52 特徴量 (リーク除外済み)
2026-05-01 18:46:55,084 INFO [SIMULATE] 特徴量生成 race_id=202605010211: 16 頭 × 52 特徴量 (リーク除外済み)
2026-05-01 18:46:55,124 INFO [SIMULATE] 特徴量生成 race_id=202605010212: 16 頭 × 52 特徴量 (リーク除外済み)
2026-05-01 18:46:55,165 INFO [SIMULATE] 特徴量生成 race_id=202608020201: 13 頭 × 52 特徴量 (リーク除外済み)
2026-05-01 18:46:55,191 INFO [SIMULATE] 特徴量生成 race_id=202608020202: 15 頭 × 52 特徴量 (リーク除外済み)
2026-05-01 18:46:55,263 INFO [SIMULATE] 特徴量生成 race_id=202608020203: 10 頭 × 52 特徴量 (リーク除外済み)
2026-05-01 18:46:55,289 INFO [SIMULATE] 特徴量生成 race_id=202608020204: 16 頭 × 52 特徴量 (リーク除外済み)
2026-05-01 18:46:55,311 INFO [SIMULATE] 特徴量生成 race_id=202608020205: 13 頭 × 52 特徴量 (リーク除外済み)
2026-05-01 18:46:55,328 INFO [SIMULATE] 特徴量生成 race_id=202608020206: 16 頭 × 52 特徴量 (リーク除外済み)
2026-05-01 18:46:55,349 INFO [SIMULATE] 特徴量生成 race_id=202608020207: 9 頭 × 52 特徴量 (リーク除外済み)
2026-05-01 18:46:55,364 INFO [SIMULATE] 特徴量生成 race_id=202608020208: 11 頭 × 52 特徴量 (リーク除外済み)
2026-05-01 18:46:55,390 INFO [SIMULATE] 特徴量生成 race_id=202608020209: 11 頭 × 52 特徴量 (リーク除外済み)
2026-05-01 18:46:55,414 INFO [SIMULATE] 特徴量生成 race_id=202608020211: 18 頭 × 52 特徴量 (リーク除外済み)
2026-05-01 18:46:55,436 INFO [SIMULATE] 特徴量生成 race_id=202608020212: 7 頭 × 52 特徴量 (リーク除外済み)
2026-05-01 18:46:55,451 INFO [SIMULATE] 特徴量生成 race_id=202610010401: 16 頭 × 52 特徴量 (リーク除外済み)
2026-05-01 18:46:55,466 INFO [SIMULATE] 特徴量生成 race_id=202610010402: 18 頭 × 52 特徴量 (リーク除外済み)
2026-05-01 18:46:55,477 INFO [SIMULATE] 特徴量生成 race_id=202610010403: 14 頭 × 52 特徴量 (リーク除外済み)
2026-05-01 18:46:55,487 INFO [SIMULATE] 特徴量生成 race_id=202610010404: 12 頭 × 52 特徴量 (リーク除外済み)
2026-05-01 18:46:55,500 INFO [SIMULATE] 特徴量生成 race_id=202610010405: 18 頭 × 52 特徴量 (リーク除外済み)
2026-05-01 18:46:55,513 INFO [SIMULATE] 特徴量生成 race_id=202610010406: 18 頭 × 52 特徴量 (リーク除外済み)
2026-05-01 18:46:55,527 INFO [SIMULATE] 特徴量生成 race_id=202610010407: 15 頭 × 52 特徴量 (リーク除外済み)
2026-05-01 18:46:55,539 INFO [SIMULATE] 特徴量生成 race_id=202610010408: 13 頭 × 52 特徴量 (リーク除外済み)
2026-05-01 18:46:55,549 INFO [SIMULATE] 特徴量生成 race_id=202610010409: 11 頭 × 52 特徴量 (リーク除外済み)
2026-05-01 18:46:55,562 INFO [SIMULATE] 特徴量生成 race_id=202610010410: 15 頭 × 52 特徴量 (リーク除外済み)
2026-05-01 18:46:55,576 INFO [SIMULATE] 特徴量生成 race_id=202610010411: 15 頭 × 52 特徴量 (リーク除外済み)
2026-05-01 18:46:55,597 INFO [SIMULATE] 特徴量生成 race_id=202605010301: 16 頭 × 52 特徴量 (リーク除外済み)
2026-05-01 18:46:55,608 INFO [SIMULATE] 特徴量生成 race_id=202605010302: 16 頭 × 52 特徴量 (リーク除外済み)
2026-05-01 18:46:55,623 INFO [SIMULATE] 特徴量生成 race_id=202605010303: 16 頭 × 52 特徴量 (リーク除外済み)
2026-05-01 18:46:55,635 INFO [SIMULATE] 特徴量生成 race_id=202605010304: 13 頭 × 52 特徴量 (リーク除外済み)
2026-05-01 18:46:55,649 INFO [SIMULATE] 特徴量生成 race_id=202605010305: 16 頭 × 52 特徴量 (リーク除外済み)
2026-05-01 18:46:55,661 INFO [SIMULATE] 特徴量生成 race_id=202605010306: 16 頭 × 52 特徴量 (リーク除外済み)
2026-05-01 18:46:55,673 INFO [SIMULATE] 特徴量生成 race_id=202608020301: 10 頭 × 52 特徴量 (リーク除外済み)
2026-05-01 18:46:55,689 INFO [SIMULATE] 特徴量生成 race_id=202608020302: 9 頭 × 52 特徴量 (リーク除外済み)
2026-05-01 18:46:55,702 INFO [SIMULATE] 特徴量生成 race_id=202608020303: 14 頭 × 52 特徴量 (リーク除外済み)
2026-05-01 18:46:55,715 INFO [SIMULATE] 特徴量生成 race_id=202608020304: 16 頭 × 52 特徴量 (リーク除外済み)
2026-05-01 18:46:55,725 INFO [SIMULATE] 特徴量生成 race_id=202608020305: 14 頭 × 52 特徴量 (リーク除外済み)
2026-05-01 18:46:55,735 INFO [SIMULATE] 特徴量生成 race_id=202608020307: 9 頭 × 52 特徴量 (リーク除外済み)
2026-05-01 18:46:55,746 INFO [SIMULATE] 特徴量生成 race_id=202608020309: 16 頭 × 52 特徴量 (リーク除外済み)
2026-05-01 18:46:55,756 INFO [SIMULATE] 特徴量生成 race_id=202608020310: 9 頭 × 52 特徴量 (リーク除外済み)
2026-05-01 18:46:55,768 INFO [SIMULATE] 特徴量生成 race_id=202608020311: 16 頭 × 52 特徴量 (リーク除外済み)
2026-05-01 18:46:55,780 INFO [SIMULATE] 特徴量生成 race_id=202608020312: 15 頭 × 52 特徴量 (リーク除外済み)
2026-05-01 18:46:55,791 INFO [SIMULATE] 特徴量生成 race_id=202610010501: 16 頭 × 52 特徴量 (リーク除外済み)
2026-05-01 18:46:55,802 INFO [SIMULATE] 特徴量生成 race_id=202610010502: 18 頭 × 52 特徴量 (リーク除外済み)
2026-05-01 18:46:55,812 INFO [SIMULATE] 特徴量生成 race_id=202610010503: 14 頭 × 52 特徴量 (リーク除外済み)
2026-05-01 18:46:55,822 INFO [SIMULATE] 特徴量生成 race_id=202610010504: 12 頭 × 52 特徴量 (リーク除外済み)
2026-05-01 18:46:55,832 INFO [SIMULATE] 特徴量生成 race_id=202610010505: 12 頭 × 52 特徴量 (リーク除外済み)
2026-05-01 18:46:55,844 INFO [SIMULATE] 特徴量生成 race_id=202610010506: 18 頭 × 52 特徴量 (リーク除外済み)
2026-05-01 18:46:55,857 INFO [SIMULATE] 特徴量生成 race_id=202610010507: 18 頭 × 52 特徴量 (リーク除外済み)
2026-05-01 18:46:55,870 INFO [SIMULATE] 特徴量生成 race_id=202610010509: 13 頭 × 52 特徴量 (リーク除外済み)
2026-05-01 18:46:55,883 INFO [SIMULATE] 特徴量生成 race_id=202610010510: 16 頭 × 52 特徴量 (リーク除外済み)
2026-05-01 18:46:55,893 INFO [SIMULATE] 特徴量生成 race_id=202610010511: 16 頭 × 52 特徴量 (リーク除外済み)
2026-05-01 18:46:55,907 INFO [SIMULATE] 特徴量生成 race_id=202610010512: 18 頭 × 52 特徴量 (リーク除外済み)
2026-05-01 18:46:55,917 INFO [SIMULATE] 特徴量生成 race_id=202605010402: 13 頭 × 52 特徴量 (リーク除外済み)
2026-05-01 18:46:55,927 INFO [SIMULATE] 特徴量生成 race_id=202605010403: 16 頭 × 52 特徴量 (リーク除外済み)
2026-05-01 18:46:55,939 INFO [SIMULATE] 特徴量生成 race_id=202605010404: 16 頭 × 52 特徴量 (リーク除外済み)
2026-05-01 18:46:55,949 INFO [SIMULATE] 特徴量生成 race_id=202605010405: 16 頭 × 52 特徴量 (リーク除外済み)
2026-05-01 18:46:55,964 INFO [SIMULATE] 特徴量生成 race_id=202605010406: 18 頭 × 52 特徴量 (リーク除外済み)
2026-05-01 18:46:55,978 INFO [SIMULATE] 特徴量生成 race_id=202605010407: 9 頭 × 52 特徴量 (リーク除外済み)
2026-05-01 18:46:55,989 INFO [SIMULATE] 特徴量生成 race_id=202605010408: 16 頭 × 52 特徴量 (リーク除外済み)
2026-05-01 18:46:56,003 INFO [SIMULATE] 特徴量生成 race_id=202605010409: 7 頭 × 52 特徴量 (リーク除外済み)
2026-05-01 18:46:56,015 INFO [SIMULATE] 特徴量生成 race_id=202605010410: 11 頭 × 52 特徴量 (リーク除外済み)
2026-05-01 18:46:56,032 INFO [SIMULATE] 特徴量生成 race_id=202605010411: 16 頭 × 52 特徴量 (リーク除外済み)
2026-05-01 18:46:56,048 INFO [SIMULATE] 特徴量生成 race_id=202605010412: 16 頭 × 52 特徴量 (リーク除外済み)
2026-05-01 18:46:56,064 INFO [SIMULATE] 特徴量生成 race_id=202610010601: 16 頭 × 52 特徴量 (リーク除外済み)
2026-05-01 18:46:56,077 INFO [SIMULATE] 特徴量生成 race_id=202610010602: 17 頭 × 52 特徴量 (リーク除外済み)
2026-05-01 18:46:56,090 INFO [SIMULATE] 特徴量生成 race_id=202610010603: 14 頭 × 52 特徴量 (リーク除外済み)
2026-05-01 18:46:56,100 INFO [SIMULATE] 特徴量生成 race_id=202610010605: 10 頭 × 52 特徴量 (リーク除外済み)
2026-05-01 18:46:56,113 INFO [SIMULATE] 特徴量生成 race_id=202610010606: 16 頭 × 52 特徴量 (リーク除外済み)
2026-05-01 18:46:56,125 INFO [SIMULATE] 特徴量生成 race_id=202610010607: 15 頭 × 52 特徴量 (リーク除外済み)
2026-05-01 18:46:56,138 INFO [SIMULATE] 特徴量生成 race_id=202610010608: 16 頭 × 52 特徴量 (リーク除外済み)
2026-05-01 18:46:56,150 INFO [SIMULATE] 特徴量生成 race_id=202610010609: 15 頭 × 52 特徴量 (リーク除外済み)
2026-05-01 18:46:56,165 INFO [SIMULATE] 特徴量生成 race_id=202610010610: 16 頭 × 52 特徴量 (リーク除外済み)
2026-05-01 18:46:56,175 INFO [SIMULATE] 特徴量生成 race_id=202610010612: 18 頭 × 52 特徴量 (リーク除外済み)
2026-05-01 18:46:56,191 INFO [SIMULATE] 特徴量生成 race_id=202608020401: 16 頭 × 52 特徴量 (リーク除外済み)
2026-05-01 18:46:56,204 INFO [SIMULATE] 特徴量生成 race_id=202608020402: 9 頭 × 52 特徴量 (リーク除外済み)
2026-05-01 18:46:56,219 INFO [SIMULATE] 特徴量生成 race_id=202608020403: 15 頭 × 52 特徴量 (リーク除外済み)
2026-05-01 18:46:56,230 INFO [SIMULATE] 特徴量生成 race_id=202608020405: 16 頭 × 52 特徴量 (リーク除外済み)
2026-05-01 18:46:56,240 INFO [SIMULATE] 特徴量生成 race_id=202608020406: 15 頭 × 52 特徴量 (リーク除外済み)
2026-05-01 18:46:56,251 INFO [SIMULATE] 特徴量生成 race_id=202608020407: 8 頭 × 52 特徴量 (リーク除外済み)
2026-05-01 18:46:56,261 INFO [SIMULATE] 特徴量生成 race_id=202608020408: 13 頭 × 52 特徴量 (リーク除外済み)
2026-05-01 18:46:56,272 INFO [SIMULATE] 特徴量生成 race_id=202608020410: 16 頭 × 52 特徴量 (リーク除外済み)
2026-05-01 18:46:56,283 INFO [SIMULATE] 特徴量生成 race_id=202608020411: 9 頭 × 52 特徴量 (リーク除外済み)
2026-05-01 18:46:56,299 INFO [SIMULATE] 特徴量生成 race_id=202608020412: 16 頭 × 52 特徴量 (リーク除外済み)
2026-05-01 18:46:56,319 INFO [SIMULATE] 特徴量生成 race_id=202605010501: 16 頭 × 52 特徴量 (リーク除外済み)
2026-05-01 18:46:56,330 INFO [SIMULATE] 特徴量生成 race_id=202605010502: 16 頭 × 52 特徴量 (リーク除外済み)
2026-05-01 18:46:56,342 INFO [SIMULATE] 特徴量生成 race_id=202605010503: 16 頭 × 52 特徴量 (リーク除外済み)
2026-05-01 18:46:56,354 INFO [SIMULATE] 特徴量生成 race_id=202605010504: 16 頭 × 52 特徴量 (リーク除外済み)
2026-05-01 18:46:56,368 INFO [SIMULATE] 特徴量生成 race_id=202605010508: 16 頭 × 52 特徴量 (リーク除外済み)
2026-05-01 18:46:56,378 INFO [SIMULATE] 特徴量生成 race_id=202605010509: 8 頭 × 52 特徴量 (リーク除外済み)
2026-05-01 18:46:56,390 INFO [SIMULATE] 特徴量生成 race_id=202605010510: 16 頭 × 52 特徴量 (リーク除外済み)
2026-05-01 18:46:56,402 INFO [SIMULATE] 特徴量生成 race_id=202605010511: 16 頭 × 52 特徴量 (リーク除外済み)
2026-05-01 18:46:56,416 INFO [SIMULATE] 特徴量生成 race_id=202605010512: 16 頭 × 52 特徴量 (リーク除外済み)
2026-05-01 18:46:56,426 INFO [SIMULATE] 特徴量生成 race_id=202608020501: 13 頭 × 52 特徴量 (リーク除外済み)
2026-05-01 18:46:56,437 INFO [SIMULATE] 特徴量生成 race_id=202608020502: 16 頭 × 52 特徴量 (リーク除外済み)
2026-05-01 18:46:56,446 INFO [SIMULATE] 特徴量生成 race_id=202608020503: 11 頭 × 52 特徴量 (リーク除外済み)
2026-05-01 18:46:56,458 INFO [SIMULATE] 特徴量生成 race_id=202608020504: 16 頭 × 52 特徴量 (リーク除外済み)
2026-05-01 18:46:56,475 INFO [SIMULATE] 特徴量生成 race_id=202608020505: 16 頭 × 52 特徴量 (リーク除外済み)
2026-05-01 18:46:56,486 INFO [SIMULATE] 特徴量生成 race_id=202608020508: 13 頭 × 52 特徴量 (リーク除外済み)
2026-05-01 18:46:56,501 INFO [SIMULATE] 特徴量生成 race_id=202608020509: 11 頭 × 52 特徴量 (リーク除外済み)
2026-05-01 18:46:56,513 INFO [SIMULATE] 特徴量生成 race_id=202608020510: 16 頭 × 52 特徴量 (リーク除外済み)
2026-05-01 18:46:56,525 INFO [SIMULATE] 特徴量生成 race_id=202608020512: 15 頭 × 52 特徴量 (リーク除外済み)
2026-05-01 18:46:56,535 INFO [SIMULATE] 特徴量生成 race_id=202610010701: 16 頭 × 52 特徴量 (リーク除外済み)
2026-05-01 18:46:56,551 INFO [SIMULATE] 特徴量生成 race_id=202610010703: 14 頭 × 52 特徴量 (リーク除外済み)
2026-05-01 18:46:56,569 INFO [SIMULATE] 特徴量生成 race_id=202610010704: 12 頭 × 52 特徴量 (リーク除外済み)
2026-05-01 18:46:56,588 INFO [SIMULATE] 特徴量生成 race_id=202610010705: 18 頭 × 52 特徴量 (リーク除外済み)
2026-05-01 18:46:56,605 INFO [SIMULATE] 特徴量生成 race_id=202610010707: 16 頭 × 52 特徴量 (リーク除外済み)
2026-05-01 18:46:56,624 INFO [SIMULATE] 特徴量生成 race_id=202610010710: 14 頭 × 52 特徴量 (リーク除外済み)
2026-05-01 18:46:56,644 INFO [SIMULATE] 特徴量生成 race_id=202610010711: 18 頭 × 52 特徴量 (リーク除外済み)
2026-05-01 18:46:56,665 INFO [SIMULATE] 特徴量生成 race_id=202610010712: 15 頭 × 52 特徴量 (リーク除外済み)
2026-05-01 18:46:56,679 INFO [SIMULATE] 特徴量生成 race_id=202605010601: 16 頭 × 52 特徴量 (リーク除外済み)
2026-05-01 18:46:56,693 INFO [SIMULATE] 特徴量生成 race_id=202605010602: 13 頭 × 52 特徴量 (リーク除外済み)
2026-05-01 18:46:56,703 INFO [SIMULATE] 特徴量生成 race_id=202605010603: 16 頭 × 52 特徴量 (リーク除外済み)
2026-05-01 18:46:56,718 INFO [SIMULATE] 特徴量生成 race_id=202605010605: 16 頭 × 52 特徴量 (リーク除外済み)
2026-05-01 18:46:56,731 INFO [SIMULATE] 特徴量生成 race_id=202605010606: 14 頭 × 52 特徴量 (リーク除外済み)
2026-05-01 18:46:56,751 INFO [SIMULATE] 特徴量生成 race_id=202605010607: 16 頭 × 52 特徴量 (リーク除外済み)
2026-05-01 18:46:56,764 INFO [SIMULATE] 特徴量生成 race_id=202605010608: 14 頭 × 52 特徴量 (リーク除外済み)
2026-05-01 18:46:56,776 INFO [SIMULATE] 特徴量生成 race_id=202605010610: 16 頭 × 52 特徴量 (リーク除外済み)
2026-05-01 18:46:56,786 INFO [SIMULATE] 特徴量生成 race_id=202605010611: 9 頭 × 52 特徴量 (リーク除外済み)
2026-05-01 18:46:56,798 INFO [SIMULATE] 特徴量生成 race_id=202605010612: 16 頭 × 52 特徴量 (リーク除外済み)
2026-05-01 18:46:56,811 INFO [SIMULATE] 特徴量生成 race_id=202608020601: 10 頭 × 52 特徴量 (リーク除外済み)
2026-05-01 18:46:56,834 INFO [SIMULATE] 特徴量生成 race_id=202608020602: 12 頭 × 52 特徴量 (リーク除外済み)
2026-05-01 18:46:56,858 INFO [SIMULATE] 特徴量生成 race_id=202608020603: 16 頭 × 52 特徴量 (リーク除外済み)
2026-05-01 18:46:56,870 INFO [SIMULATE] 特徴量生成 race_id=202608020604: 9 頭 × 52 特徴量 (リーク除外済み)
2026-05-01 18:46:56,883 INFO [SIMULATE] 特徴量生成 race_id=202608020606: 18 頭 × 52 特徴量 (リーク除外済み)
2026-05-01 18:46:56,896 INFO [SIMULATE] 特徴量生成 race_id=202608020607: 13 頭 × 52 特徴量 (リーク除外済み)
2026-05-01 18:46:56,910 INFO [SIMULATE] 特徴量生成 race_id=202608020609: 11 頭 × 52 特徴量 (リーク除外済み)
2026-05-01 18:46:56,921 INFO [SIMULATE] 特徴量生成 race_id=202608020610: 10 頭 × 52 特徴量 (リーク除外済み)
2026-05-01 18:46:56,940 INFO [SIMULATE] 特徴量生成 race_id=202608020611: 12 頭 × 52 特徴量 (リーク除外済み)
2026-05-01 18:46:56,952 INFO [SIMULATE] 特徴量生成 race_id=202608020612: 16 頭 × 52 特徴量 (リーク除外済み)
2026-05-01 18:46:56,968 INFO [SIMULATE] 特徴量生成 race_id=202610010801: 16 頭 × 52 特徴量 (リーク除外済み)
2026-05-01 18:46:56,982 INFO [SIMULATE] 特徴量生成 race_id=202610010802: 18 頭 × 52 特徴量 (リーク除外済み)
2026-05-01 18:46:56,999 INFO [SIMULATE] 特徴量生成 race_id=202610010803: 14 頭 × 52 特徴量 (リーク除外済み)
2026-05-01 18:46:57,013 INFO [SIMULATE] 特徴量生成 race_id=202610010805: 16 頭 × 52 特徴量 (リーク除外済み)
2026-05-01 18:46:57,048 INFO [SIMULATE] 特徴量生成 race_id=202610010806: 16 頭 × 52 特徴量 (リーク除外済み)
2026-05-01 18:46:57,076 INFO [SIMULATE] 特徴量生成 race_id=202610010807: 14 頭 × 52 特徴量 (リーク除外済み)
2026-05-01 18:46:57,088 INFO [SIMULATE] 特徴量生成 race_id=202610010808: 15 頭 × 52 特徴量 (リーク除外済み)
2026-05-01 18:46:57,100 INFO [SIMULATE] 特徴量生成 race_id=202610010809: 7 頭 × 52 特徴量 (リーク除外済み)
2026-05-01 18:46:57,113 INFO [SIMULATE] 特徴量生成 race_id=202610010810: 18 頭 × 52 特徴量 (リーク除外済み)
2026-05-01 18:46:57,127 INFO [SIMULATE] 特徴量生成 race_id=202610010811: 18 頭 × 52 特徴量 (リーク除外済み)
2026-05-01 18:46:57,138 INFO [SIMULATE] 特徴量生成 race_id=202610010812: 13 頭 × 52 特徴量 (リーク除外済み)
2026-05-01 18:46:57,154 INFO [SIMULATE] 特徴量生成 race_id=202605010701: 16 頭 × 52 特徴量 (リーク除外済み)
2026-05-01 18:46:57,165 INFO [SIMULATE] 特徴量生成 race_id=202605010702: 16 頭 × 52 特徴量 (リーク除外済み)
2026-05-01 18:46:57,177 INFO [SIMULATE] 特徴量生成 race_id=202605010703: 16 頭 × 52 特徴量 (リーク除外済み)
2026-05-01 18:46:57,190 INFO [SIMULATE] 特徴量生成 race_id=202605010704: 16 頭 × 52 特徴量 (リーク除外済み)
2026-05-01 18:46:57,211 INFO [SIMULATE] 特徴量生成 race_id=202605010706: 16 頭 × 52 特徴量 (リーク除外済み)
2026-05-01 18:46:57,225 INFO [SIMULATE] 特徴量生成 race_id=202605010707: 16 頭 × 52 特徴量 (リーク除外済み)
2026-05-01 18:46:57,236 INFO [SIMULATE] 特徴量生成 race_id=202605010708: 12 頭 × 52 特徴量 (リーク除外済み)
2026-05-01 18:46:57,246 INFO [SIMULATE] 特徴量生成 race_id=202605010709: 7 頭 × 52 特徴量 (リーク除外済み)
2026-05-01 18:46:57,257 INFO [SIMULATE] 特徴量生成 race_id=202605010710: 16 頭 × 52 特徴量 (リーク除外済み)
2026-05-01 18:46:57,267 INFO [SIMULATE] 特徴量生成 race_id=202605010711: 15 頭 × 52 特徴量 (リーク除外済み)
2026-05-01 18:46:57,279 INFO [SIMULATE] 特徴量生成 race_id=202605010712: 16 頭 × 52 特徴量 (リーク除外済み)
2026-05-01 18:46:57,290 INFO [SIMULATE] 特徴量生成 race_id=202609010101: 16 頭 × 52 特徴量 (リーク除外済み)
2026-05-01 18:46:57,300 INFO [SIMULATE] 特徴量生成 race_id=202609010102: 14 頭 × 52 特徴量 (リーク除外済み)
2026-05-01 18:46:57,312 INFO [SIMULATE] 特徴量生成 race_id=202609010103: 16 頭 × 52 特徴量 (リーク除外済み)
2026-05-01 18:46:57,323 INFO [SIMULATE] 特徴量生成 race_id=202609010105: 18 頭 × 52 特徴量 (リーク除外済み)
2026-05-01 18:46:57,334 INFO [SIMULATE] 特徴量生成 race_id=202609010107: 16 頭 × 52 特徴量 (リーク除外済み)
2026-05-01 18:46:57,344 INFO [SIMULATE] 特徴量生成 race_id=202609010108: 7 頭 × 52 特徴量 (リーク除外済み)
2026-05-01 18:46:57,359 INFO [SIMULATE] 特徴量生成 race_id=202609010109: 18 頭 × 52 特徴量 (リーク除外済み)
2026-05-01 18:46:57,371 INFO [SIMULATE] 特徴量生成 race_id=202609010110: 16 頭 × 52 特徴量 (リーク除外済み)
2026-05-01 18:46:57,383 INFO [SIMULATE] 特徴量生成 race_id=202609010111: 18 頭 × 52 特徴量 (リーク除外済み)
2026-05-01 18:46:57,393 INFO [SIMULATE] 特徴量生成 race_id=202609010112: 15 頭 × 52 特徴量 (リーク除外済み)
2026-05-01 18:46:57,404 INFO [SIMULATE] 特徴量生成 race_id=202610010901: 14 頭 × 52 特徴量 (リーク除外済み)
2026-05-01 18:46:57,416 INFO [SIMULATE] 特徴量生成 race_id=202610010902: 18 頭 × 52 特徴量 (リーク除外済み)
2026-05-01 18:46:57,429 INFO [SIMULATE] 特徴量生成 race_id=202610010903: 14 頭 × 52 特徴量 (リーク除外済み)
2026-05-01 18:46:57,442 INFO [SIMULATE] 特徴量生成 race_id=202610010904: 12 頭 × 52 特徴量 (リーク除外済み)
2026-05-01 18:46:57,453 INFO [SIMULATE] 特徴量生成 race_id=202610010905: 12 頭 × 52 特徴量 (リーク除外済み)
2026-05-01 18:46:57,465 INFO [SIMULATE] 特徴量生成 race_id=202610010906: 16 頭 × 52 特徴量 (リーク除外済み)
2026-05-01 18:46:57,478 INFO [SIMULATE] 特徴量生成 race_id=202610010907: 16 頭 × 52 特徴量 (リーク除外済み)
2026-05-01 18:46:57,489 INFO [SIMULATE] 特徴量生成 race_id=202610010908: 16 頭 × 52 特徴量 (リーク除外済み)
2026-05-01 18:46:57,500 INFO [SIMULATE] 特徴量生成 race_id=202610010910: 16 頭 × 52 特徴量 (リーク除外済み)
2026-05-01 18:46:57,511 INFO [SIMULATE] 特徴量生成 race_id=202610010911: 13 頭 × 52 特徴量 (リーク除外済み)
2026-05-01 18:46:57,524 INFO [SIMULATE] 特徴量生成 race_id=202610010912: 18 頭 × 52 特徴量 (リーク除外済み)
2026-05-01 18:46:57,541 INFO [SIMULATE] 特徴量生成 race_id=202605010801: 16 頭 × 52 特徴量 (リーク除外済み)
2026-05-01 18:46:57,552 INFO [SIMULATE] 特徴量生成 race_id=202605010802: 13 頭 × 52 特徴量 (リーク除外済み)
2026-05-01 18:46:57,564 INFO [SIMULATE] 特徴量生成 race_id=202605010803: 16 頭 × 52 特徴量 (リーク除外済み)
2026-05-01 18:46:57,575 INFO [SIMULATE] 特徴量生成 race_id=202605010804: 16 頭 × 52 特徴量 (リーク除外済み)
2026-05-01 18:46:57,586 INFO [SIMULATE] 特徴量生成 race_id=202605010805: 12 頭 × 52 特徴量 (リーク除外済み)
2026-05-01 18:46:57,598 INFO [SIMULATE] 特徴量生成 race_id=202605010806: 16 頭 × 52 特徴量 (リーク除外済み)
2026-05-01 18:46:57,609 INFO [SIMULATE] 特徴量生成 race_id=202605010807: 16 頭 × 52 特徴量 (リーク除外済み)
2026-05-01 18:46:57,621 INFO [SIMULATE] 特徴量生成 race_id=202605010808: 16 頭 × 52 特徴量 (リーク除外済み)
2026-05-01 18:46:57,634 INFO [SIMULATE] 特徴量生成 race_id=202605010809: 10 頭 × 52 特徴量 (リーク除外済み)
2026-05-01 18:46:57,650 INFO [SIMULATE] 特徴量生成 race_id=202605010811: 16 頭 × 52 特徴量 (リーク除外済み)
2026-05-01 18:46:57,662 INFO [SIMULATE] 特徴量生成 race_id=202605010812: 16 頭 × 52 特徴量 (リーク除外済み)
2026-05-01 18:46:57,670 INFO [SIMULATE] 特徴量生成 race_id=202609010201: 10 頭 × 52 特徴量 (リーク除外済み)
2026-05-01 18:46:57,682 INFO [SIMULATE] 特徴量生成 race_id=202609010202: 16 頭 × 52 特徴量 (リーク除外済み)
2026-05-01 18:46:57,692 INFO [SIMULATE] 特徴量生成 race_id=202609010203: 11 頭 × 52 特徴量 (リーク除外済み)
2026-05-01 18:46:57,706 INFO [SIMULATE] 特徴量生成 race_id=202609010204: 14 頭 × 52 特徴量 (リーク除外済み)
2026-05-01 18:46:57,721 INFO [SIMULATE] 特徴量生成 race_id=202609010205: 13 頭 × 52 特徴量 (リーク除外済み)
2026-05-01 18:46:57,731 INFO [SIMULATE] 特徴量生成 race_id=202609010206: 11 頭 × 52 特徴量 (リーク除外済み)
2026-05-01 18:46:57,743 INFO [SIMULATE] 特徴量生成 race_id=202609010207: 9 頭 × 52 特徴量 (リーク除外済み)
2026-05-01 18:46:57,756 INFO [SIMULATE] 特徴量生成 race_id=202609010208: 15 頭 × 52 特徴量 (リーク除外済み)
2026-05-01 18:46:57,766 INFO [SIMULATE] 特徴量生成 race_id=202609010209: 10 頭 × 52 特徴量 (リーク除外済み)
2026-05-01 18:46:57,777 INFO [SIMULATE] 特徴量生成 race_id=202609010210: 8 頭 × 52 特徴量 (リーク除外済み)
2026-05-01 18:46:57,788 INFO [SIMULATE] 特徴量生成 race_id=202609010211: 12 頭 × 52 特徴量 (リーク除外済み)
2026-05-01 18:46:57,799 INFO [SIMULATE] 特徴量生成 race_id=202609010212: 16 頭 × 52 特徴量 (リーク除外済み)
2026-05-01 18:46:57,812 INFO [SIMULATE] 特徴量生成 race_id=202610011003: 14 頭 × 52 特徴量 (リーク除外済み)
2026-05-01 18:46:57,824 INFO [SIMULATE] 特徴量生成 race_id=202610011006: 16 頭 × 52 特徴量 (リーク除外済み)
2026-05-01 18:46:57,840 INFO [SIMULATE] 特徴量生成 race_id=202610011007: 14 頭 × 52 特徴量 (リーク除外済み)
2026-05-01 18:46:57,851 INFO [SIMULATE] 特徴量生成 race_id=202610011008: 14 頭 × 52 特徴量 (リーク除外済み)
2026-05-01 18:46:57,861 INFO [SIMULATE] 特徴量生成 race_id=202610011009: 12 頭 × 52 特徴量 (リーク除外済み)
2026-05-01 18:46:57,874 INFO [SIMULATE] 特徴量生成 race_id=202610011010: 16 頭 × 52 特徴量 (リーク除外済み)
2026-05-01 18:46:57,888 INFO [SIMULATE] 特徴量生成 race_id=202610011011: 16 頭 × 52 特徴量 (リーク除外済み)
2026-05-01 18:46:57,903 INFO [SIMULATE] 特徴量生成 race_id=202610011012: 18 頭 × 52 特徴量 (リーク除外済み)
2026-05-01 18:46:57,921 INFO [SIMULATE] 特徴量生成 race_id=202606020103: 16 頭 × 52 特徴量 (リーク除外済み)
2026-05-01 18:46:57,932 INFO [SIMULATE] 特徴量生成 race_id=202606020104: 12 頭 × 52 特徴量 (リーク除外済み)
2026-05-01 18:46:57,945 INFO [SIMULATE] 特徴量生成 race_id=202606020105: 18 頭 × 52 特徴量 (リーク除外済み)
2026-05-01 18:46:57,955 INFO [SIMULATE] 特徴量生成 race_id=202606020106: 9 頭 × 52 特徴量 (リーク除外済み)
2026-05-01 18:46:57,968 INFO [SIMULATE] 特徴量生成 race_id=202606020107: 16 頭 × 52 特徴量 (リーク除外済み)
2026-05-01 18:46:57,984 INFO [SIMULATE] 特徴量生成 race_id=202606020108: 13 頭 × 52 特徴量 (リーク除外済み)
2026-05-01 18:46:57,995 INFO [SIMULATE] 特徴量生成 race_id=202606020109: 8 頭 × 52 特徴量 (リーク除外済み)
2026-05-01 18:46:58,007 INFO [SIMULATE] 特徴量生成 race_id=202606020110: 16 頭 × 52 特徴量 (リーク除外済み)
2026-05-01 18:46:58,018 INFO [SIMULATE] 特徴量生成 race_id=202606020111: 16 頭 × 52 特徴量 (リーク除外済み)
2026-05-01 18:46:58,032 INFO [SIMULATE] 特徴量生成 race_id=202606020112: 16 頭 × 52 特徴量 (リーク除外済み)
2026-05-01 18:46:58,042 INFO [SIMULATE] 特徴量生成 race_id=202609010302: 14 頭 × 52 特徴量 (リーク除外済み)
2026-05-01 18:46:58,052 INFO [SIMULATE] 特徴量生成 race_id=202609010303: 16 頭 × 52 特徴量 (リーク除外済み)
2026-05-01 18:46:58,063 INFO [SIMULATE] 特徴量生成 race_id=202609010304: 14 頭 × 52 特徴量 (リーク除外済み)
2026-05-01 18:46:58,076 INFO [SIMULATE] 特徴量生成 race_id=202609010305: 14 頭 × 52 特徴量 (リーク除外済み)
2026-05-01 18:46:58,096 INFO [SIMULATE] 特徴量生成 race_id=202609010306: 13 頭 × 52 特徴量 (リーク除外済み)
2026-05-01 18:46:58,110 INFO [SIMULATE] 特徴量生成 race_id=202609010307: 16 頭 × 52 特徴量 (リーク除外済み)
2026-05-01 18:46:58,125 INFO [SIMULATE] 特徴量生成 race_id=202609010308: 15 頭 × 52 特徴量 (リーク除外済み)
2026-05-01 18:46:58,138 INFO [SIMULATE] 特徴量生成 race_id=202609010309: 9 頭 × 52 特徴量 (リーク除外済み)
2026-05-01 18:46:58,149 INFO [SIMULATE] 特徴量生成 race_id=202609010310: 9 頭 × 52 特徴量 (リーク除外済み)
2026-05-01 18:46:58,165 INFO [SIMULATE] 特徴量生成 race_id=202609010311: 16 頭 × 52 特徴量 (リーク除外済み)
2026-05-01 18:46:58,179 INFO [SIMULATE] 特徴量生成 race_id=202609010312: 18 頭 × 52 特徴量 (リーク除外済み)
2026-05-01 18:46:58,201 INFO [SIMULATE] 特徴量生成 race_id=202610011101: 16 頭 × 52 特徴量 (リーク除外済み)
2026-05-01 18:46:58,224 INFO [SIMULATE] 特徴量生成 race_id=202610011102: 18 頭 × 52 特徴量 (リーク除外済み)
2026-05-01 18:46:58,236 INFO [SIMULATE] 特徴量生成 race_id=202610011103: 14 頭 × 52 特徴量 (リーク除外済み)
2026-05-01 18:46:58,251 INFO [SIMULATE] 特徴量生成 race_id=202610011105: 12 頭 × 52 特徴量 (リーク除外済み)
2026-05-01 18:46:58,262 INFO [SIMULATE] 特徴量生成 race_id=202610011106: 16 頭 × 52 特徴量 (リーク除外済み)
2026-05-01 18:46:58,272 INFO [SIMULATE] 特徴量生成 race_id=202610011107: 13 頭 × 52 特徴量 (リーク除外済み)
2026-05-01 18:46:58,285 INFO [SIMULATE] 特徴量生成 race_id=202610011108: 13 頭 × 52 特徴量 (リーク除外済み)
2026-05-01 18:46:58,297 INFO [SIMULATE] 特徴量生成 race_id=202610011110: 16 頭 × 52 特徴量 (リーク除外済み)
2026-05-01 18:46:58,314 INFO [SIMULATE] 特徴量生成 race_id=202610011111: 15 頭 × 52 特徴量 (リーク除外済み)
2026-05-01 18:46:58,327 INFO [SIMULATE] 特徴量生成 race_id=202610011112: 18 頭 × 52 特徴量 (リーク除外済み)
2026-05-01 18:46:58,345 INFO [SIMULATE] 特徴量生成 race_id=202606020201: 16 頭 × 52 特徴量 (リーク除外済み)
2026-05-01 18:46:58,356 INFO [SIMULATE] 特徴量生成 race_id=202606020203: 16 頭 × 52 特徴量 (リーク除外済み)
2026-05-01 18:46:58,367 INFO [SIMULATE] 特徴量生成 race_id=202606020205: 16 頭 × 52 特徴量 (リーク除外済み)
2026-05-01 18:46:58,384 INFO [SIMULATE] 特徴量生成 race_id=202606020206: 15 頭 × 52 特徴量 (リーク除外済み)
2026-05-01 18:46:58,398 INFO [SIMULATE] 特徴量生成 race_id=202606020208: 16 頭 × 52 特徴量 (リーク除外済み)
2026-05-01 18:46:58,414 INFO [SIMULATE] 特徴量生成 race_id=202606020209: 10 頭 × 52 特徴量 (リーク除外済み)
2026-05-01 18:46:58,424 INFO [SIMULATE] 特徴量生成 race_id=202606020211: 14 頭 × 52 特徴量 (リーク除外済み)
2026-05-01 18:46:58,439 INFO [SIMULATE] 特徴量生成 race_id=202606020212: 16 頭 × 52 特徴量 (リーク除外済み)
2026-05-01 18:46:58,451 INFO [SIMULATE] 特徴量生成 race_id=202609010401: 13 頭 × 52 特徴量 (リーク除外済み)
2026-05-01 18:46:58,470 INFO [SIMULATE] 特徴量生成 race_id=202609010402: 16 頭 × 52 特徴量 (リーク除外済み)
2026-05-01 18:46:58,495 INFO [SIMULATE] 特徴量生成 race_id=202609010403: 12 頭 × 52 特徴量 (リーク除外済み)
2026-05-01 18:46:58,516 INFO [SIMULATE] 特徴量生成 race_id=202609010405: 13 頭 × 52 特徴量 (リーク除外済み)
2026-05-01 18:46:58,529 INFO [SIMULATE] 特徴量生成 race_id=202609010406: 8 頭 × 52 特徴量 (リーク除外済み)
2026-05-01 18:46:58,540 INFO [SIMULATE] 特徴量生成 race_id=202609010407: 16 頭 × 52 特徴量 (リーク除外済み)
2026-05-01 18:46:58,564 INFO [SIMULATE] 特徴量生成 race_id=202609010408: 15 頭 × 52 特徴量 (リーク除外済み)
2026-05-01 18:46:58,579 INFO [SIMULATE] 特徴量生成 race_id=202609010409: 9 頭 × 52 特徴量 (リーク除外済み)
2026-05-01 18:46:58,596 INFO [SIMULATE] 特徴量生成 race_id=202609010410: 14 頭 × 52 特徴量 (リーク除外済み)
2026-05-01 18:46:58,610 INFO [SIMULATE] 特徴量生成 race_id=202609010411: 15 頭 × 52 特徴量 (リーク除外済み)
2026-05-01 18:46:58,623 INFO [SIMULATE] 特徴量生成 race_id=202609010412: 16 頭 × 52 特徴量 (リーク除外済み)
2026-05-01 18:46:58,638 INFO [SIMULATE] 特徴量生成 race_id=202610011201: 16 頭 × 52 特徴量 (リーク除外済み)
2026-05-01 18:46:58,649 INFO [SIMULATE] 特徴量生成 race_id=202610011202: 16 頭 × 52 特徴量 (リーク除外済み)
2026-05-01 18:46:58,662 INFO [SIMULATE] 特徴量生成 race_id=202610011203: 14 頭 × 52 特徴量 (リーク除外済み)
2026-05-01 18:46:58,682 INFO [SIMULATE] 特徴量生成 race_id=202610011204: 12 頭 × 52 特徴量 (リーク除外済み)
2026-05-01 18:46:58,694 INFO [SIMULATE] 特徴量生成 race_id=202610011205: 18 頭 × 52 特徴量 (リーク除外済み)
2026-05-01 18:46:58,712 INFO [SIMULATE] 特徴量生成 race_id=202610011206: 16 頭 × 52 特徴量 (リーク除外済み)
2026-05-01 18:46:58,727 INFO [SIMULATE] 特徴量生成 race_id=202610011207: 18 頭 × 52 特徴量 (リーク除外済み)
2026-05-01 18:46:58,753 INFO [SIMULATE] 特徴量生成 race_id=202610011208: 15 頭 × 52 特徴量 (リーク除外済み)
2026-05-01 18:46:58,773 INFO [SIMULATE] 特徴量生成 race_id=202610011210: 18 頭 × 52 特徴量 (リーク除外済み)
2026-05-01 18:46:58,798 INFO [SIMULATE] 特徴量生成 race_id=202610011211: 17 頭 × 52 特徴量 (リーク除外済み)
2026-05-01 18:46:58,816 INFO [SIMULATE] 特徴量生成 race_id=202610011212: 16 頭 × 52 特徴量 (リーク除外済み)
2026-05-01 18:46:58,834 INFO [SIMULATE] 特徴量生成 race_id=202606020301: 16 頭 × 52 特徴量 (リーク除外済み)
2026-05-01 18:46:58,847 INFO [SIMULATE] 特徴量生成 race_id=202606020302: 15 頭 × 52 特徴量 (リーク除外済み)
2026-05-01 18:46:58,859 INFO [SIMULATE] 特徴量生成 race_id=202606020303: 16 頭 × 52 特徴量 (リーク除外済み)
2026-05-01 18:46:58,872 INFO [SIMULATE] 特徴量生成 race_id=202606020304: 14 頭 × 52 特徴量 (リーク除外済み)
2026-05-01 18:46:58,890 INFO [SIMULATE] 特徴量生成 race_id=202606020305: 18 頭 × 52 特徴量 (リーク除外済み)
2026-05-01 18:46:58,906 INFO [SIMULATE] 特徴量生成 race_id=202606020306: 18 頭 × 52 特徴量 (リーク除外済み)
2026-05-01 18:46:58,919 INFO [SIMULATE] 特徴量生成 race_id=202606020307: 16 頭 × 52 特徴量 (リーク除外済み)
2026-05-01 18:46:58,945 INFO [SIMULATE] 特徴量生成 race_id=202606020308: 14 頭 × 52 特徴量 (リーク除外済み)
2026-05-01 18:46:58,960 INFO [SIMULATE] 特徴量生成 race_id=202606020309: 13 頭 × 52 特徴量 (リーク除外済み)
2026-05-01 18:46:58,986 INFO [SIMULATE] 特徴量生成 race_id=202606020310: 14 頭 × 52 特徴量 (リーク除外済み)
2026-05-01 18:46:59,001 INFO [SIMULATE] 特徴量生成 race_id=202606020311: 16 頭 × 52 特徴量 (リーク除外済み)
2026-05-01 18:46:59,012 INFO [SIMULATE] 特徴量生成 race_id=202606020312: 16 頭 × 52 特徴量 (リーク除外済み)
2026-05-01 18:46:59,029 INFO [SIMULATE] 特徴量生成 race_id=202609010502: 16 頭 × 52 特徴量 (リーク除外済み)
2026-05-01 18:46:59,041 INFO [SIMULATE] 特徴量生成 race_id=202609010503: 13 頭 × 52 特徴量 (リーク除外済み)
2026-05-01 18:46:59,057 INFO [SIMULATE] 特徴量生成 race_id=202609010505: 18 頭 × 52 特徴量 (リーク除外済み)
2026-05-01 18:46:59,067 INFO [SIMULATE] 特徴量生成 race_id=202609010506: 12 頭 × 52 特徴量 (リーク除外済み)
2026-05-01 18:46:59,077 INFO [SIMULATE] 特徴量生成 race_id=202609010507: 8 頭 × 52 特徴量 (リーク除外済み)
2026-05-01 18:46:59,104 INFO [SIMULATE] 特徴量生成 race_id=202609010509: 9 頭 × 52 特徴量 (リーク除外済み)
2026-05-01 18:46:59,118 INFO [SIMULATE] 特徴量生成 race_id=202609010511: 18 頭 × 52 特徴量 (リーク除外済み)
2026-05-01 18:46:59,130 INFO [SIMULATE] 特徴量生成 race_id=202609010512: 16 頭 × 52 特徴量 (リーク除外済み)
2026-05-01 18:46:59,141 INFO [SIMULATE] 特徴量生成 race_id=202606020401: 16 頭 × 52 特徴量 (リーク除外済み)
2026-05-01 18:46:59,153 INFO [SIMULATE] 特徴量生成 race_id=202606020402: 16 頭 × 52 特徴量 (リーク除外済み)
2026-05-01 18:46:59,163 INFO [SIMULATE] 特徴量生成 race_id=202606020404: 14 頭 × 52 特徴量 (リーク除外済み)
2026-05-01 18:46:59,177 INFO [SIMULATE] 特徴量生成 race_id=202606020405: 16 頭 × 52 特徴量 (リーク除外済み)
2026-05-01 18:46:59,189 INFO [SIMULATE] 特徴量生成 race_id=202606020406: 16 頭 × 52 特徴量 (リーク除外済み)
2026-05-01 18:46:59,199 INFO [SIMULATE] 特徴量生成 race_id=202606020407: 11 頭 × 52 特徴量 (リーク除外済み)
2026-05-01 18:46:59,215 INFO [SIMULATE] 特徴量生成 race_id=202606020408: 13 頭 × 52 特徴量 (リーク除外済み)
2026-05-01 18:46:59,229 INFO [SIMULATE] 特徴量生成 race_id=202606020410: 15 頭 × 52 特徴量 (リーク除外済み)
2026-05-01 18:46:59,242 INFO [SIMULATE] 特徴量生成 race_id=202606020411: 10 頭 × 52 特徴量 (リーク除外済み)
2026-05-01 18:46:59,260 INFO [SIMULATE] 特徴量生成 race_id=202606020412: 16 頭 × 52 特徴量 (リーク除外済み)
2026-05-01 18:46:59,270 INFO [SIMULATE] 特徴量生成 race_id=202609010601: 12 頭 × 52 特徴量 (リーク除外済み)
2026-05-01 18:46:59,281 INFO [SIMULATE] 特徴量生成 race_id=202609010602: 16 頭 × 52 特徴量 (リーク除外済み)
2026-05-01 18:46:59,292 INFO [SIMULATE] 特徴量生成 race_id=202609010603: 14 頭 × 52 特徴量 (リーク除外済み)
2026-05-01 18:46:59,303 INFO [SIMULATE] 特徴量生成 race_id=202609010604: 16 頭 × 52 特徴量 (リーク除外済み)
2026-05-01 18:46:59,314 INFO [SIMULATE] 特徴量生成 race_id=202609010605: 16 頭 × 52 特徴量 (リーク除外済み)
2026-05-01 18:46:59,324 INFO [SIMULATE] 特徴量生成 race_id=202609010606: 9 頭 × 52 特徴量 (リーク除外済み)
2026-05-01 18:46:59,334 INFO [SIMULATE] 特徴量生成 race_id=202609010607: 9 頭 × 52 特徴量 (リーク除外済み)
2026-05-01 18:46:59,345 INFO [SIMULATE] 特徴量生成 race_id=202609010608: 9 頭 × 52 特徴量 (リーク除外済み)
2026-05-01 18:46:59,356 INFO [SIMULATE] 特徴量生成 race_id=202609010611: 13 頭 × 52 特徴量 (リーク除外済み)
2026-05-01 18:46:59,367 INFO [SIMULATE] 特徴量生成 race_id=202609010612: 14 頭 × 52 特徴量 (リーク除外済み)
2026-05-01 18:46:59,384 INFO [SIMULATE] 特徴量生成 race_id=202606020501: 15 頭 × 52 特徴量 (リーク除外済み)
2026-05-01 18:46:59,395 INFO [SIMULATE] 特徴量生成 race_id=202606020502: 16 頭 × 52 特徴量 (リーク除外済み)
2026-05-01 18:46:59,407 INFO [SIMULATE] 特徴量生成 race_id=202606020503: 16 頭 × 52 特徴量 (リーク除外済み)
2026-05-01 18:46:59,417 INFO [SIMULATE] 特徴量生成 race_id=202606020504: 16 頭 × 52 特徴量 (リーク除外済み)
2026-05-01 18:46:59,427 INFO [SIMULATE] 特徴量生成 race_id=202606020505: 16 頭 × 52 特徴量 (リーク除外済み)
2026-05-01 18:46:59,437 INFO [SIMULATE] 特徴量生成 race_id=202606020506: 16 頭 × 52 特徴量 (リーク除外済み)
2026-05-01 18:46:59,450 INFO [SIMULATE] 特徴量生成 race_id=202606020507: 10 頭 × 52 特徴量 (リーク除外済み)
2026-05-01 18:46:59,461 INFO [SIMULATE] 特徴量生成 race_id=202606020508: 16 頭 × 52 特徴量 (リーク除外済み)
2026-05-01 18:46:59,477 INFO [SIMULATE] 特徴量生成 race_id=202606020509: 11 頭 × 52 特徴量 (リーク除外済み)
2026-05-01 18:46:59,489 INFO [SIMULATE] 特徴量生成 race_id=202606020510: 16 頭 × 52 特徴量 (リーク除外済み)
2026-05-01 18:46:59,500 INFO [SIMULATE] 特徴量生成 race_id=202606020512: 16 頭 × 52 特徴量 (リーク除外済み)
2026-05-01 18:46:59,511 INFO [SIMULATE] 特徴量生成 race_id=202607010101: 10 頭 × 52 特徴量 (リーク除外済み)
2026-05-01 18:46:59,522 INFO [SIMULATE] 特徴量生成 race_id=202607010102: 16 頭 × 52 特徴量 (リーク除外済み)
2026-05-01 18:46:59,533 INFO [SIMULATE] 特徴量生成 race_id=202607010103: 13 頭 × 52 特徴量 (リーク除外済み)
2026-05-01 18:46:59,544 INFO [SIMULATE] 特徴量生成 race_id=202607010104: 16 頭 × 52 特徴量 (リーク除外済み)
2026-05-01 18:46:59,555 INFO [SIMULATE] 特徴量生成 race_id=202607010105: 18 頭 × 52 特徴量 (リーク除外済み)
2026-05-01 18:46:59,567 INFO [SIMULATE] 特徴量生成 race_id=202607010106: 16 頭 × 52 特徴量 (リーク除外済み)
2026-05-01 18:46:59,577 INFO [SIMULATE] 特徴量生成 race_id=202607010107: 16 頭 × 52 特徴量 (リーク除外済み)
2026-05-01 18:46:59,590 INFO [SIMULATE] 特徴量生成 race_id=202607010108: 16 頭 × 52 特徴量 (リーク除外済み)
2026-05-01 18:46:59,603 INFO [SIMULATE] 特徴量生成 race_id=202607010109: 10 頭 × 52 特徴量 (リーク除外済み)
2026-05-01 18:46:59,615 INFO [SIMULATE] 特徴量生成 race_id=202607010110: 10 頭 × 52 特徴量 (リーク除外済み)
2026-05-01 18:46:59,628 INFO [SIMULATE] 特徴量生成 race_id=202607010111: 14 頭 × 52 特徴量 (リーク除外済み)
2026-05-01 18:46:59,643 INFO [SIMULATE] 特徴量生成 race_id=202607010112: 18 頭 × 52 特徴量 (リーク除外済み)
2026-05-01 18:46:59,654 INFO [SIMULATE] 特徴量生成 race_id=202609010701: 13 頭 × 52 特徴量 (リーク除外済み)
2026-05-01 18:46:59,664 INFO [SIMULATE] 特徴量生成 race_id=202609010702: 16 頭 × 52 特徴量 (リーク除外済み)
2026-05-01 18:46:59,674 INFO [SIMULATE] 特徴量生成 race_id=202609010703: 13 頭 × 52 特徴量 (リーク除外済み)
2026-05-01 18:46:59,685 INFO [SIMULATE] 特徴量生成 race_id=202609010704: 18 頭 × 52 特徴量 (リーク除外済み)
2026-05-01 18:46:59,700 INFO [SIMULATE] 特徴量生成 race_id=202609010705: 18 頭 × 52 特徴量 (リーク除外済み)
2026-05-01 18:46:59,712 INFO [SIMULATE] 特徴量生成 race_id=202609010706: 13 頭 × 52 特徴量 (リーク除外済み)
2026-05-01 18:46:59,728 INFO [SIMULATE] 特徴量生成 race_id=202609010707: 16 頭 × 52 特徴量 (リーク除外済み)
2026-05-01 18:46:59,741 INFO [SIMULATE] 特徴量生成 race_id=202609010708: 10 頭 × 52 特徴量 (リーク除外済み)
2026-05-01 18:46:59,753 INFO [SIMULATE] 特徴量生成 race_id=202609010709: 15 頭 × 52 特徴量 (リーク除外済み)
2026-05-01 18:46:59,763 INFO [SIMULATE] 特徴量生成 race_id=202609010710: 11 頭 × 52 特徴量 (リーク除外済み)
2026-05-01 18:46:59,775 INFO [SIMULATE] 特徴量生成 race_id=202609010711: 13 頭 × 52 特徴量 (リーク除外済み)
2026-05-01 18:46:59,787 INFO [SIMULATE] 特徴量生成 race_id=202609010712: 8 頭 × 52 特徴量 (リーク除外済み)
2026-05-01 18:46:59,798 INFO [SIMULATE] 特徴量生成 race_id=202606020601: 16 頭 × 52 特徴量 (リーク除外済み)
2026-05-01 18:46:59,809 INFO [SIMULATE] 特徴量生成 race_id=202606020602: 16 頭 × 52 特徴量 (リーク除外済み)
2026-05-01 18:46:59,820 INFO [SIMULATE] 特徴量生成 race_id=202606020603: 16 頭 × 52 特徴量 (リーク除外済み)
2026-05-01 18:46:59,832 INFO [SIMULATE] 特徴量生成 race_id=202606020604: 16 頭 × 52 特徴量 (リーク除外済み)
2026-05-01 18:46:59,842 INFO [SIMULATE] 特徴量生成 race_id=202606020605: 18 頭 × 52 特徴量 (リーク除外済み)
2026-05-01 18:46:59,858 INFO [SIMULATE] 特徴量生成 race_id=202606020606: 16 頭 × 52 特徴量 (リーク除外済み)
2026-05-01 18:46:59,868 INFO [SIMULATE] 特徴量生成 race_id=202606020608: 10 頭 × 52 特徴量 (リーク除外済み)
2026-05-01 18:46:59,879 INFO [SIMULATE] 特徴量生成 race_id=202606020609: 11 頭 × 52 特徴量 (リーク除外済み)
2026-05-01 18:46:59,890 INFO [SIMULATE] 特徴量生成 race_id=202606020611: 16 頭 × 52 特徴量 (リーク除外済み)
2026-05-01 18:46:59,901 INFO [SIMULATE] 特徴量生成 race_id=202606020612: 16 頭 × 52 特徴量 (リーク除外済み)
2026-05-01 18:46:59,913 INFO [SIMULATE] 特徴量生成 race_id=202607010203: 16 頭 × 52 特徴量 (リーク除外済み)
2026-05-01 18:46:59,924 INFO [SIMULATE] 特徴量生成 race_id=202607010204: 18 頭 × 52 特徴量 (リーク除外済み)
2026-05-01 18:46:59,934 INFO [SIMULATE] 特徴量生成 race_id=202607010206: 16 頭 × 52 特徴量 (リーク除外済み)
2026-05-01 18:46:59,946 INFO [SIMULATE] 特徴量生成 race_id=202607010208: 12 頭 × 52 特徴量 (リーク除外済み)
2026-05-01 18:46:59,957 INFO [SIMULATE] 特徴量生成 race_id=202607010209: 16 頭 × 52 特徴量 (リーク除外済み)
2026-05-01 18:46:59,967 INFO [SIMULATE] 特徴量生成 race_id=202607010210: 12 頭 × 52 特徴量 (リーク除外済み)
2026-05-01 18:46:59,994 INFO [SIMULATE] 特徴量生成 race_id=202607010211: 14 頭 × 52 特徴量 (リーク除外済み)
2026-05-01 18:47:00,007 INFO [SIMULATE] 特徴量生成 race_id=202607010212: 18 頭 × 52 特徴量 (リーク除外済み)
2026-05-01 18:47:00,021 INFO [SIMULATE] 特徴量生成 race_id=202609010801: 16 頭 × 52 特徴量 (リーク除外済み)
2026-05-01 18:47:00,040 INFO [SIMULATE] 特徴量生成 race_id=202609010802: 14 頭 × 52 特徴量 (リーク除外済み)
2026-05-01 18:47:00,053 INFO [SIMULATE] 特徴量生成 race_id=202609010803: 16 頭 × 52 特徴量 (リーク除外済み)
2026-05-01 18:47:00,069 INFO [SIMULATE] 特徴量生成 race_id=202609010804: 14 頭 × 52 特徴量 (リーク除外済み)
2026-05-01 18:47:00,081 INFO [SIMULATE] 特徴量生成 race_id=202609010805: 16 頭 × 52 特徴量 (リーク除外済み)
2026-05-01 18:47:00,091 INFO [SIMULATE] 特徴量生成 race_id=202609010806: 11 頭 × 52 特徴量 (リーク除外済み)
2026-05-01 18:47:00,105 INFO [SIMULATE] 特徴量生成 race_id=202609010808: 11 頭 × 52 特徴量 (リーク除外済み)
2026-05-01 18:47:00,107 INFO   特徴量生成中... 5500/5878
2026-05-01 18:47:00,117 INFO [SIMULATE] 特徴量生成 race_id=202609010811: 16 頭 × 52 特徴量 (リーク除外済み)
2026-05-01 18:47:00,129 INFO [SIMULATE] 特徴量生成 race_id=202609010812: 13 頭 × 52 特徴量 (リーク除外済み)
2026-05-01 18:47:00,145 INFO [SIMULATE] 特徴量生成 race_id=202606020701: 16 頭 × 52 特徴量 (リーク除外済み)
2026-05-01 18:47:00,156 INFO [SIMULATE] 特徴量生成 race_id=202606020702: 12 頭 × 52 特徴量 (リーク除外済み)
2026-05-01 18:47:00,172 INFO [SIMULATE] 特徴量生成 race_id=202606020703: 16 頭 × 52 特徴量 (リーク除外済み)
2026-05-01 18:47:00,184 INFO [SIMULATE] 特徴量生成 race_id=202606020704: 13 頭 × 52 特徴量 (リーク除外済み)
2026-05-01 18:47:00,197 INFO [SIMULATE] 特徴量生成 race_id=202606020705: 13 頭 × 52 特徴量 (リーク除外済み)
2026-05-01 18:47:00,211 INFO [SIMULATE] 特徴量生成 race_id=202606020706: 13 頭 × 52 特徴量 (リーク除外済み)
2026-05-01 18:47:00,223 INFO [SIMULATE] 特徴量生成 race_id=202606020707: 16 頭 × 52 特徴量 (リーク除外済み)
2026-05-01 18:47:00,233 INFO [SIMULATE] 特徴量生成 race_id=202606020708: 10 頭 × 52 特徴量 (リーク除外済み)
2026-05-01 18:47:00,248 INFO [SIMULATE] 特徴量生成 race_id=202606020709: 16 頭 × 52 特徴量 (リーク除外済み)
2026-05-01 18:47:00,259 INFO [SIMULATE] 特徴量生成 race_id=202606020710: 13 頭 × 52 特徴量 (リーク除外済み)
2026-05-01 18:47:00,273 INFO [SIMULATE] 特徴量生成 race_id=202606020711: 16 頭 × 52 特徴量 (リーク除外済み)
2026-05-01 18:47:00,284 INFO [SIMULATE] 特徴量生成 race_id=202606020712: 16 頭 × 52 特徴量 (リーク除外済み)
2026-05-01 18:47:00,294 INFO [SIMULATE] 特徴量生成 race_id=202607010301: 13 頭 × 52 特徴量 (リーク除外済み)
2026-05-01 18:47:00,306 INFO [SIMULATE] 特徴量生成 race_id=202607010302: 16 頭 × 52 特徴量 (リーク除外済み)
2026-05-01 18:47:00,316 INFO [SIMULATE] 特徴量生成 race_id=202607010303: 13 頭 × 52 特徴量 (リーク除外済み)
2026-05-01 18:47:00,327 INFO [SIMULATE] 特徴量生成 race_id=202607010304: 18 頭 × 52 特徴量 (リーク除外済み)
2026-05-01 18:47:00,339 INFO [SIMULATE] 特徴量生成 race_id=202607010305: 18 頭 × 52 特徴量 (リーク除外済み)
2026-05-01 18:47:00,350 INFO [SIMULATE] 特徴量生成 race_id=202607010306: 18 頭 × 52 特徴量 (リーク除外済み)
2026-05-01 18:47:00,361 INFO [SIMULATE] 特徴量生成 race_id=202607010308: 13 頭 × 52 特徴量 (リーク除外済み)
2026-05-01 18:47:00,372 INFO [SIMULATE] 特徴量生成 race_id=202607010309: 10 頭 × 52 特徴量 (リーク除外済み)
2026-05-01 18:47:00,384 INFO [SIMULATE] 特徴量生成 race_id=202607010310: 16 頭 × 52 特徴量 (リーク除外済み)
2026-05-01 18:47:00,395 INFO [SIMULATE] 特徴量生成 race_id=202607010311: 17 頭 × 52 特徴量 (リーク除外済み)
2026-05-01 18:47:00,406 INFO [SIMULATE] 特徴量生成 race_id=202607010312: 14 頭 × 52 特徴量 (リーク除外済み)
2026-05-01 18:47:00,415 INFO [SIMULATE] 特徴量生成 race_id=202609010901: 10 頭 × 52 特徴量 (リーク除外済み)
2026-05-01 18:47:00,426 INFO [SIMULATE] 特徴量生成 race_id=202609010902: 13 頭 × 52 特徴量 (リーク除外済み)
2026-05-01 18:47:00,435 INFO [SIMULATE] 特徴量生成 race_id=202609010903: 10 頭 × 52 特徴量 (リーク除外済み)
2026-05-01 18:47:00,445 INFO [SIMULATE] 特徴量生成 race_id=202609010904: 15 頭 × 52 特徴量 (リーク除外済み)
2026-05-01 18:47:00,460 INFO [SIMULATE] 特徴量生成 race_id=202609010905: 18 頭 × 52 特徴量 (リーク除外済み)
2026-05-01 18:47:00,471 INFO [SIMULATE] 特徴量生成 race_id=202609010906: 16 頭 × 52 特徴量 (リーク除外済み)
2026-05-01 18:47:00,482 INFO [SIMULATE] 特徴量生成 race_id=202609010908: 12 頭 × 52 特徴量 (リーク除外済み)
2026-05-01 18:47:00,494 INFO [SIMULATE] 特徴量生成 race_id=202609010910: 16 頭 × 52 特徴量 (リーク除外済み)
2026-05-01 18:47:00,505 INFO [SIMULATE] 特徴量生成 race_id=202609010911: 12 頭 × 52 特徴量 (リーク除外済み)
2026-05-01 18:47:00,517 INFO [SIMULATE] 特徴量生成 race_id=202609010912: 15 頭 × 52 特徴量 (リーク除外済み)
2026-05-01 18:47:00,535 INFO [SIMULATE] 特徴量生成 race_id=202606020801: 16 頭 × 52 特徴量 (リーク除外済み)
2026-05-01 18:47:00,545 INFO [SIMULATE] 特徴量生成 race_id=202606020802: 15 頭 × 52 特徴量 (リーク除外済み)
2026-05-01 18:47:00,558 INFO [SIMULATE] 特徴量生成 race_id=202606020803: 14 頭 × 52 特徴量 (リーク除外済み)
2026-05-01 18:47:00,569 INFO [SIMULATE] 特徴量生成 race_id=202606020804: 14 頭 × 52 特徴量 (リーク除外済み)
2026-05-01 18:47:00,582 INFO [SIMULATE] 特徴量生成 race_id=202606020805: 16 頭 × 52 特徴量 (リーク除外済み)
2026-05-01 18:47:00,595 INFO [SIMULATE] 特徴量生成 race_id=202606020806: 18 頭 × 52 特徴量 (リーク除外済み)
2026-05-01 18:47:00,607 INFO [SIMULATE] 特徴量生成 race_id=202606020808: 16 頭 × 52 特徴量 (リーク除外済み)
2026-05-01 18:47:00,621 INFO [SIMULATE] 特徴量生成 race_id=202606020809: 16 頭 × 52 特徴量 (リーク除外済み)
2026-05-01 18:47:00,633 INFO [SIMULATE] 特徴量生成 race_id=202606020810: 9 頭 × 52 特徴量 (リーク除外済み)
2026-05-01 18:47:00,651 INFO [SIMULATE] 特徴量生成 race_id=202606020811: 16 頭 × 52 特徴量 (リーク除外済み)
2026-05-01 18:47:00,663 INFO [SIMULATE] 特徴量生成 race_id=202606020812: 16 頭 × 52 特徴量 (リーク除外済み)
2026-05-01 18:47:00,675 INFO [SIMULATE] 特徴量生成 race_id=202607010401: 14 頭 × 52 特徴量 (リーク除外済み)
2026-05-01 18:47:00,685 INFO [SIMULATE] 特徴量生成 race_id=202607010402: 16 頭 × 52 特徴量 (リーク除外済み)
2026-05-01 18:47:00,695 INFO [SIMULATE] 特徴量生成 race_id=202607010403: 15 頭 × 52 特徴量 (リーク除外済み)
2026-05-01 18:47:00,708 INFO [SIMULATE] 特徴量生成 race_id=202607010404: 15 頭 × 52 特徴量 (リーク除外済み)
2026-05-01 18:47:00,726 INFO [SIMULATE] 特徴量生成 race_id=202607010405: 16 頭 × 52 特徴量 (リーク除外済み)
2026-05-01 18:47:00,751 INFO [SIMULATE] 特徴量生成 race_id=202607010406: 17 頭 × 52 特徴量 (リーク除外済み)
2026-05-01 18:47:00,763 INFO [SIMULATE] 特徴量生成 race_id=202607010407: 15 頭 × 52 特徴量 (リーク除外済み)
2026-05-01 18:47:00,778 INFO [SIMULATE] 特徴量生成 race_id=202607010408: 18 頭 × 52 特徴量 (リーク除外済み)
2026-05-01 18:47:00,790 INFO [SIMULATE] 特徴量生成 race_id=202607010410: 16 頭 × 52 特徴量 (リーク除外済み)
2026-05-01 18:47:00,803 INFO [SIMULATE] 特徴量生成 race_id=202607010411: 18 頭 × 52 特徴量 (リーク除外済み)
2026-05-01 18:47:00,818 INFO [SIMULATE] 特徴量生成 race_id=202607010412: 16 頭 × 52 特徴量 (リーク除外済み)
2026-05-01 18:47:00,830 INFO [SIMULATE] 特徴量生成 race_id=202609011001: 14 頭 × 52 特徴量 (リーク除外済み)
2026-05-01 18:47:00,841 INFO [SIMULATE] 特徴量生成 race_id=202609011002: 13 頭 × 52 特徴量 (リーク除外済み)
2026-05-01 18:47:00,853 INFO [SIMULATE] 特徴量生成 race_id=202609011004: 17 頭 × 52 特徴量 (リーク除外済み)
2026-05-01 18:47:00,866 INFO [SIMULATE] 特徴量生成 race_id=202609011005: 11 頭 × 52 特徴量 (リーク除外済み)
2026-05-01 18:47:00,882 INFO [SIMULATE] 特徴量生成 race_id=202609011007: 11 頭 × 52 特徴量 (リーク除外済み)
2026-05-01 18:47:00,897 INFO [SIMULATE] 特徴量生成 race_id=202609011010: 16 頭 × 52 特徴量 (リーク除外済み)
2026-05-01 18:47:00,909 INFO [SIMULATE] 特徴量生成 race_id=202609011011: 10 頭 × 52 特徴量 (リーク除外済み)
2026-05-01 18:47:00,921 INFO [SIMULATE] 特徴量生成 race_id=202609011012: 13 頭 × 52 特徴量 (リーク除外済み)
2026-05-01 18:47:00,943 INFO [SIMULATE] 特徴量生成 race_id=202606030101: 16 頭 × 52 特徴量 (リーク除外済み)
2026-05-01 18:47:00,956 INFO [SIMULATE] 特徴量生成 race_id=202606030102: 16 頭 × 52 特徴量 (リーク除外済み)
2026-05-01 18:47:00,969 INFO [SIMULATE] 特徴量生成 race_id=202606030103: 16 頭 × 52 特徴量 (リーク除外済み)
2026-05-01 18:47:00,981 INFO [SIMULATE] 特徴量生成 race_id=202606030104: 16 頭 × 52 特徴量 (リーク除外済み)
2026-05-01 18:47:00,992 INFO [SIMULATE] 特徴量生成 race_id=202606030105: 16 頭 × 52 特徴量 (リーク除外済み)
2026-05-01 18:47:01,003 INFO [SIMULATE] 特徴量生成 race_id=202606030106: 11 頭 × 52 特徴量 (リーク除外済み)
2026-05-01 18:47:01,019 INFO [SIMULATE] 特徴量生成 race_id=202606030107: 13 頭 × 52 特徴量 (リーク除外済み)
2026-05-01 18:47:01,035 INFO [SIMULATE] 特徴量生成 race_id=202606030109: 16 頭 × 52 特徴量 (リーク除外済み)
2026-05-01 18:47:01,047 INFO [SIMULATE] 特徴量生成 race_id=202606030110: 10 頭 × 52 特徴量 (リーク除外済み)
2026-05-01 18:47:01,060 INFO [SIMULATE] 特徴量生成 race_id=202606030111: 15 頭 × 52 特徴量 (リーク除外済み)
2026-05-01 18:47:01,075 INFO [SIMULATE] 特徴量生成 race_id=202607010501: 16 頭 × 52 特徴量 (リーク除外済み)
2026-05-01 18:47:01,086 INFO [SIMULATE] 特徴量生成 race_id=202607010502: 13 頭 × 52 特徴量 (リーク除外済み)
2026-05-01 18:47:01,096 INFO [SIMULATE] 特徴量生成 race_id=202607010503: 16 頭 × 52 特徴量 (リーク除外済み)
2026-05-01 18:47:01,110 INFO [SIMULATE] 特徴量生成 race_id=202607010504: 14 頭 × 52 特徴量 (リーク除外済み)
2026-05-01 18:47:01,121 INFO [SIMULATE] 特徴量生成 race_id=202607010505: 15 頭 × 52 特徴量 (リーク除外済み)
2026-05-01 18:47:01,132 INFO [SIMULATE] 特徴量生成 race_id=202607010506: 16 頭 × 52 特徴量 (リーク除外済み)
2026-05-01 18:47:01,149 INFO [SIMULATE] 特徴量生成 race_id=202607010508: 15 頭 × 52 特徴量 (リーク除外済み)
2026-05-01 18:47:01,160 INFO [SIMULATE] 特徴量生成 race_id=202607010509: 9 頭 × 52 特徴量 (リーク除外済み)
2026-05-01 18:47:01,171 INFO [SIMULATE] 特徴量生成 race_id=202607010510: 12 頭 × 52 特徴量 (リーク除外済み)
2026-05-01 18:47:01,184 INFO [SIMULATE] 特徴量生成 race_id=202607010511: 16 頭 × 52 特徴量 (リーク除外済み)
2026-05-01 18:47:01,195 INFO [SIMULATE] 特徴量生成 race_id=202607010512: 16 頭 × 52 特徴量 (リーク除外済み)
2026-05-01 18:47:01,209 INFO [SIMULATE] 特徴量生成 race_id=202609020101: 16 頭 × 52 特徴量 (リーク除外済み)
2026-05-01 18:47:01,223 INFO [SIMULATE] 特徴量生成 race_id=202609020102: 11 頭 × 52 特徴量 (リーク除外済み)
2026-05-01 18:47:01,240 INFO [SIMULATE] 特徴量生成 race_id=202609020103: 16 頭 × 52 特徴量 (リーク除外済み)
2026-05-01 18:47:01,252 INFO [SIMULATE] 特徴量生成 race_id=202609020104: 13 頭 × 52 特徴量 (リーク除外済み)
2026-05-01 18:47:01,268 INFO [SIMULATE] 特徴量生成 race_id=202609020105: 18 頭 × 52 特徴量 (リーク除外済み)
2026-05-01 18:47:01,280 INFO [SIMULATE] 特徴量生成 race_id=202609020106: 11 頭 × 52 特徴量 (リーク除外済み)
2026-05-01 18:47:01,291 INFO [SIMULATE] 特徴量生成 race_id=202609020107: 12 頭 × 52 特徴量 (リーク除外済み)
2026-05-01 18:47:01,303 INFO [SIMULATE] 特徴量生成 race_id=202609020108: 11 頭 × 52 特徴量 (リーク除外済み)
2026-05-01 18:47:01,318 INFO [SIMULATE] 特徴量生成 race_id=202609020109: 7 頭 × 52 特徴量 (リーク除外済み)
2026-05-01 18:47:01,329 INFO [SIMULATE] 特徴量生成 race_id=202609020110: 11 頭 × 52 特徴量 (リーク除外済み)
2026-05-01 18:47:01,340 INFO [SIMULATE] 特徴量生成 race_id=202609020111: 7 頭 × 52 特徴量 (リーク除外済み)
2026-05-01 18:47:01,352 INFO [SIMULATE] 特徴量生成 race_id=202609020112: 14 頭 × 52 特徴量 (リーク除外済み)
2026-05-01 18:47:01,365 INFO [SIMULATE] 特徴量生成 race_id=202606030201: 16 頭 × 52 特徴量 (リーク除外済み)
2026-05-01 18:47:01,376 INFO [SIMULATE] 特徴量生成 race_id=202606030202: 16 頭 × 52 特徴量 (リーク除外済み)
2026-05-01 18:47:01,394 INFO [SIMULATE] 特徴量生成 race_id=202606030203: 15 頭 × 52 特徴量 (リーク除外済み)
2026-05-01 18:47:01,408 INFO [SIMULATE] 特徴量生成 race_id=202606030204: 16 頭 × 52 特徴量 (リーク除外済み)
2026-05-01 18:47:01,421 INFO [SIMULATE] 特徴量生成 race_id=202606030205: 13 頭 × 52 特徴量 (リーク除外済み)
2026-05-01 18:47:01,435 INFO [SIMULATE] 特徴量生成 race_id=202606030206: 13 頭 × 52 特徴量 (リーク除外済み)
2026-05-01 18:47:01,447 INFO [SIMULATE] 特徴量生成 race_id=202606030207: 15 頭 × 52 特徴量 (リーク除外済み)
2026-05-01 18:47:01,463 INFO [SIMULATE] 特徴量生成 race_id=202606030208: 16 頭 × 52 特徴量 (リーク除外済み)
2026-05-01 18:47:01,478 INFO [SIMULATE] 特徴量生成 race_id=202606030209: 7 頭 × 52 特徴量 (リーク除外済み)
2026-05-01 18:47:01,504 INFO [SIMULATE] 特徴量生成 race_id=202606030211: 16 頭 × 52 特徴量 (リーク除外済み)
2026-05-01 18:47:01,526 INFO [SIMULATE] 特徴量生成 race_id=202606030212: 11 頭 × 52 特徴量 (リーク除外済み)
2026-05-01 18:47:01,546 INFO [SIMULATE] 特徴量生成 race_id=202607010602: 14 頭 × 52 特徴量 (リーク除外済み)
2026-05-01 18:47:01,556 INFO [SIMULATE] 特徴量生成 race_id=202607010603: 15 頭 × 52 特徴量 (リーク除外済み)
2026-05-01 18:47:01,567 INFO [SIMULATE] 特徴量生成 race_id=202607010604: 18 頭 × 52 特徴量 (リーク除外済み)
2026-05-01 18:47:01,579 INFO [SIMULATE] 特徴量生成 race_id=202607010605: 16 頭 × 52 特徴量 (リーク除外済み)
2026-05-01 18:47:01,590 INFO [SIMULATE] 特徴量生成 race_id=202607010606: 13 頭 × 52 特徴量 (リーク除外済み)
2026-05-01 18:47:01,601 INFO [SIMULATE] 特徴量生成 race_id=202607010607: 13 頭 × 52 特徴量 (リーク除外済み)
2026-05-01 18:47:01,612 INFO [SIMULATE] 特徴量生成 race_id=202607010608: 7 頭 × 52 特徴量 (リーク除外済み)
2026-05-01 18:47:01,630 INFO [SIMULATE] 特徴量生成 race_id=202607010609: 16 頭 × 52 特徴量 (リーク除外済み)
2026-05-01 18:47:01,646 INFO [SIMULATE] 特徴量生成 race_id=202607010610: 15 頭 × 52 特徴量 (リーク除外済み)
2026-05-01 18:47:01,658 INFO [SIMULATE] 特徴量生成 race_id=202607010611: 18 頭 × 52 特徴量 (リーク除外済み)
2026-05-01 18:47:01,672 INFO [SIMULATE] 特徴量生成 race_id=202607010612: 16 頭 × 52 特徴量 (リーク除外済み)
2026-05-01 18:47:01,688 INFO [SIMULATE] 特徴量生成 race_id=202609020201: 14 頭 × 52 特徴量 (リーク除外済み)
2026-05-01 18:47:01,706 INFO [SIMULATE] 特徴量生成 race_id=202609020202: 9 頭 × 52 特徴量 (リーク除外済み)
2026-05-01 18:47:01,719 INFO [SIMULATE] 特徴量生成 race_id=202609020203: 16 頭 × 52 特徴量 (リーク除外済み)
2026-05-01 18:47:01,733 INFO [SIMULATE] 特徴量生成 race_id=202609020204: 14 頭 × 52 特徴量 (リーク除外済み)
2026-05-01 18:47:01,746 INFO [SIMULATE] 特徴量生成 race_id=202609020205: 12 頭 × 52 特徴量 (リーク除外済み)
2026-05-01 18:47:01,759 INFO [SIMULATE] 特徴量生成 race_id=202609020206: 10 頭 × 52 特徴量 (リーク除外済み)
2026-05-01 18:47:01,782 INFO [SIMULATE] 特徴量生成 race_id=202609020210: 11 頭 × 52 特徴量 (リーク除外済み)
2026-05-01 18:47:01,800 INFO [SIMULATE] 特徴量生成 race_id=202609020211: 13 頭 × 52 特徴量 (リーク除外済み)
2026-05-01 18:47:01,817 INFO [SIMULATE] 特徴量生成 race_id=202606030301: 16 頭 × 52 特徴量 (リーク除外済み)
2026-05-01 18:47:01,828 INFO [SIMULATE] 特徴量生成 race_id=202606030303: 16 頭 × 52 特徴量 (リーク除外済み)
2026-05-01 18:47:01,843 INFO [SIMULATE] 特徴量生成 race_id=202606030304: 14 頭 × 52 特徴量 (リーク除外済み)
2026-05-01 18:47:01,854 INFO [SIMULATE] 特徴量生成 race_id=202606030305: 16 頭 × 52 特徴量 (リーク除外済み)
2026-05-01 18:47:01,865 INFO [SIMULATE] 特徴量生成 race_id=202606030306: 13 頭 × 52 特徴量 (リーク除外済み)
2026-05-01 18:47:01,877 INFO [SIMULATE] 特徴量生成 race_id=202606030307: 12 頭 × 52 特徴量 (リーク除外済み)
2026-05-01 18:47:01,892 INFO [SIMULATE] 特徴量生成 race_id=202606030308: 11 頭 × 52 特徴量 (リーク除外済み)
2026-05-01 18:47:01,913 INFO [SIMULATE] 特徴量生成 race_id=202606030310: 15 頭 × 52 特徴量 (リーク除外済み)
2026-05-01 18:47:01,941 INFO [SIMULATE] 特徴量生成 race_id=202606030312: 16 頭 × 52 特徴量 (リーク除外済み)
2026-05-01 18:47:01,955 INFO [SIMULATE] 特徴量生成 race_id=202609020301: 16 頭 × 52 特徴量 (リーク除外済み)
2026-05-01 18:47:01,970 INFO [SIMULATE] 特徴量生成 race_id=202609020302: 16 頭 × 52 特徴量 (リーク除外済み)
2026-05-01 18:47:01,984 INFO [SIMULATE] 特徴量生成 race_id=202609020303: 14 頭 × 52 特徴量 (リーク除外済み)
2026-05-01 18:47:02,000 INFO [SIMULATE] 特徴量生成 race_id=202609020304: 18 頭 × 52 特徴量 (リーク除外済み)
2026-05-01 18:47:02,012 INFO [SIMULATE] 特徴量生成 race_id=202609020305: 18 頭 × 52 特徴量 (リーク除外済み)
2026-05-01 18:47:02,026 INFO [SIMULATE] 特徴量生成 race_id=202609020306: 16 頭 × 52 特徴量 (リーク除外済み)
2026-05-01 18:47:02,039 INFO [SIMULATE] 特徴量生成 race_id=202609020307: 9 頭 × 52 特徴量 (リーク除外済み)
2026-05-01 18:47:02,054 INFO [SIMULATE] 特徴量生成 race_id=202609020308: 9 頭 × 52 特徴量 (リーク除外済み)
2026-05-01 18:47:02,079 INFO [SIMULATE] 特徴量生成 race_id=202609020309: 9 頭 × 52 特徴量 (リーク除外済み)
2026-05-01 18:47:02,091 INFO [SIMULATE] 特徴量生成 race_id=202609020310: 16 頭 × 52 特徴量 (リーク除外済み)
2026-05-01 18:47:02,104 INFO [SIMULATE] 特徴量生成 race_id=202609020311: 14 頭 × 52 特徴量 (リーク除外済み)
2026-05-01 18:47:02,116 INFO [SIMULATE] 特徴量生成 race_id=202609020312: 15 頭 × 52 特徴量 (リーク除外済み)
2026-05-01 18:47:02,133 INFO [SIMULATE] 特徴量生成 race_id=202606030401: 16 頭 × 52 特徴量 (リーク除外済み)
2026-05-01 18:47:02,144 INFO [SIMULATE] 特徴量生成 race_id=202606030402: 16 頭 × 52 特徴量 (リーク除外済み)
2026-05-01 18:47:02,156 INFO [SIMULATE] 特徴量生成 race_id=202606030403: 16 頭 × 52 特徴量 (リーク除外済み)
2026-05-01 18:47:02,169 INFO [SIMULATE] 特徴量生成 race_id=202606030404: 14 頭 × 52 特徴量 (リーク除外済み)
2026-05-01 18:47:02,181 INFO [SIMULATE] 特徴量生成 race_id=202606030405: 16 頭 × 52 特徴量 (リーク除外済み)
2026-05-01 18:47:02,192 INFO [SIMULATE] 特徴量生成 race_id=202606030407: 14 頭 × 52 特徴量 (リーク除外済み)
2026-05-01 18:47:02,208 INFO [SIMULATE] 特徴量生成 race_id=202606030410: 16 頭 × 52 特徴量 (リーク除外済み)
2026-05-01 18:47:02,223 INFO [SIMULATE] 特徴量生成 race_id=202606030411: 16 頭 × 52 特徴量 (リーク除外済み)
2026-05-01 18:47:02,234 INFO [SIMULATE] 特徴量生成 race_id=202609020401: 15 頭 × 52 特徴量 (リーク除外済み)
2026-05-01 18:47:02,244 INFO [SIMULATE] 特徴量生成 race_id=202609020402: 13 頭 × 52 特徴量 (リーク除外済み)
2026-05-01 18:47:02,255 INFO [SIMULATE] 特徴量生成 race_id=202609020403: 16 頭 × 52 特徴量 (リーク除外済み)
2026-05-01 18:47:02,275 INFO [SIMULATE] 特徴量生成 race_id=202609020404: 15 頭 × 52 特徴量 (リーク除外済み)
2026-05-01 18:47:02,292 INFO [SIMULATE] 特徴量生成 race_id=202609020406: 9 頭 × 52 特徴量 (リーク除外済み)
2026-05-01 18:47:02,304 INFO [SIMULATE] 特徴量生成 race_id=202609020407: 15 頭 × 52 特徴量 (リーク除外済み)
2026-05-01 18:47:02,319 INFO [SIMULATE] 特徴量生成 race_id=202609020408: 11 頭 × 52 特徴量 (リーク除外済み)
2026-05-01 18:47:02,330 INFO [SIMULATE] 特徴量生成 race_id=202609020409: 12 頭 × 52 特徴量 (リーク除外済み)
2026-05-01 18:47:02,350 INFO [SIMULATE] 特徴量生成 race_id=202609020410: 18 頭 × 52 特徴量 (リーク除外済み)
2026-05-01 18:47:02,363 INFO [SIMULATE] 特徴量生成 race_id=202609020411: 15 頭 × 52 特徴量 (リーク除外済み)
2026-05-01 18:47:02,378 INFO [SIMULATE] 特徴量生成 race_id=202609020412: 16 頭 × 52 特徴量 (リーク除外済み)
2026-05-01 18:47:02,386 INFO [SIMULATE] 特徴量生成 race_id=202603010101: 15 頭 × 52 特徴量 (リーク除外済み)
2026-05-01 18:47:02,393 INFO [SIMULATE] 特徴量生成 race_id=202603010102: 16 頭 × 52 特徴量 (リーク除外済み)
2026-05-01 18:47:02,400 INFO [SIMULATE] 特徴量生成 race_id=202603010103: 16 頭 × 52 特徴量 (リーク除外済み)
2026-05-01 18:47:02,407 INFO [SIMULATE] 特徴量生成 race_id=202603010104: 16 頭 × 52 特徴量 (リーク除外済み)
2026-05-01 18:47:02,414 INFO [SIMULATE] 特徴量生成 race_id=202603010105: 16 頭 × 52 特徴量 (リーク除外済み)
2026-05-01 18:47:02,423 INFO [SIMULATE] 特徴量生成 race_id=202603010106: 15 頭 × 52 特徴量 (リーク除外済み)
2026-05-01 18:47:02,445 INFO [SIMULATE] 特徴量生成 race_id=202603010107: 15 頭 × 52 特徴量 (リーク除外済み)
2026-05-01 18:47:02,458 INFO [SIMULATE] 特徴量生成 race_id=202603010108: 16 頭 × 52 特徴量 (リーク除外済み)
2026-05-01 18:47:02,480 INFO [SIMULATE] 特徴量生成 race_id=202603010109: 16 頭 × 52 特徴量 (リーク除外済み)
2026-05-01 18:47:02,496 INFO [SIMULATE] 特徴量生成 race_id=202603010111: 15 頭 × 52 特徴量 (リーク除外済み)
2026-05-01 18:47:02,507 INFO [SIMULATE] 特徴量生成 race_id=202606030501: 16 頭 × 52 特徴量 (リーク除外済み)
2026-05-01 18:47:02,520 INFO [SIMULATE] 特徴量生成 race_id=202606030502: 16 頭 × 52 特徴量 (リーク除外済み)
2026-05-01 18:47:02,549 INFO [SIMULATE] 特徴量生成 race_id=202606030503: 13 頭 × 52 特徴量 (リーク除外済み)
2026-05-01 18:47:02,575 INFO [SIMULATE] 特徴量生成 race_id=202606030504: 14 頭 × 52 特徴量 (リーク除外済み)
2026-05-01 18:47:02,585 INFO [SIMULATE] 特徴量生成 race_id=202606030505: 16 頭 × 52 特徴量 (リーク除外済み)
2026-05-01 18:47:02,595 INFO [SIMULATE] 特徴量生成 race_id=202606030506: 18 頭 × 52 特徴量 (リーク除外済み)
2026-05-01 18:47:02,612 INFO [SIMULATE] 特徴量生成 race_id=202606030507: 16 頭 × 52 特徴量 (リーク除外済み)
2026-05-01 18:47:02,638 INFO [SIMULATE] 特徴量生成 race_id=202606030508: 16 頭 × 52 特徴量 (リーク除外済み)
2026-05-01 18:47:02,650 INFO [SIMULATE] 特徴量生成 race_id=202606030509: 7 頭 × 52 特徴量 (リーク除外済み)
2026-05-01 18:47:02,664 INFO [SIMULATE] 特徴量生成 race_id=202606030510: 13 頭 × 52 特徴量 (リーク除外済み)
2026-05-01 18:47:02,681 INFO [SIMULATE] 特徴量生成 race_id=202606030511: 15 頭 × 52 特徴量 (リーク除外済み)
2026-05-01 18:47:02,689 INFO [SIMULATE] 特徴量生成 race_id=202609020501: 16 頭 × 52 特徴量 (リーク除外済み)
2026-05-01 18:47:02,697 INFO [SIMULATE] 特徴量生成 race_id=202609020502: 16 頭 × 52 特徴量 (リーク除外済み)
2026-05-01 18:47:02,704 INFO [SIMULATE] 特徴量生成 race_id=202609020503: 13 頭 × 52 特徴量 (リーク除外済み)
2026-05-01 18:47:02,719 INFO [SIMULATE] 特徴量生成 race_id=202609020504: 16 頭 × 52 特徴量 (リーク除外済み)
2026-05-01 18:47:02,734 INFO [SIMULATE] 特徴量生成 race_id=202609020505: 12 頭 × 52 特徴量 (リーク除外済み)
2026-05-01 18:47:02,765 INFO [SIMULATE] 特徴量生成 race_id=202609020506: 15 頭 × 52 特徴量 (リーク除外済み)
2026-05-01 18:47:02,791 INFO [SIMULATE] 特徴量生成 race_id=202609020507: 11 頭 × 52 特徴量 (リーク除外済み)
2026-05-01 18:47:02,813 INFO [SIMULATE] 特徴量生成 race_id=202609020509: 8 頭 × 52 特徴量 (リーク除外済み)
2026-05-01 18:47:02,855 INFO [SIMULATE] 特徴量生成 race_id=202609020511: 10 頭 × 52 特徴量 (リーク除外済み)
2026-05-01 18:47:02,871 INFO [SIMULATE] 特徴量生成 race_id=202603010201: 15 頭 × 52 特徴量 (リーク除外済み)
2026-05-01 18:47:02,883 INFO [SIMULATE] 特徴量生成 race_id=202603010202: 16 頭 × 52 特徴量 (リーク除外済み)
2026-05-01 18:47:02,906 INFO [SIMULATE] 特徴量生成 race_id=202603010203: 15 頭 × 52 特徴量 (リーク除外済み)
2026-05-01 18:47:02,915 INFO [SIMULATE] 特徴量生成 race_id=202603010204: 16 頭 × 52 特徴量 (リーク除外済み)
2026-05-01 18:47:02,927 INFO [SIMULATE] 特徴量生成 race_id=202603010205: 16 頭 × 52 特徴量 (リーク除外済み)
2026-05-01 18:47:02,943 INFO [SIMULATE] 特徴量生成 race_id=202603010206: 15 頭 × 52 特徴量 (リーク除外済み)
2026-05-01 18:47:02,954 INFO [SIMULATE] 特徴量生成 race_id=202603010207: 15 頭 × 52 特徴量 (リーク除外済み)
2026-05-01 18:47:02,966 INFO [SIMULATE] 特徴量生成 race_id=202603010208: 16 頭 × 52 特徴量 (リーク除外済み)
2026-05-01 18:47:02,989 INFO [SIMULATE] 特徴量生成 race_id=202603010209: 13 頭 × 52 特徴量 (リーク除外済み)
2026-05-01 18:47:03,002 INFO [SIMULATE] 特徴量生成 race_id=202603010210: 16 頭 × 52 特徴量 (リーク除外済み)
2026-05-01 18:47:03,013 INFO [SIMULATE] 特徴量生成 race_id=202603010211: 15 頭 × 52 特徴量 (リーク除外済み)
2026-05-01 18:47:03,025 INFO [SIMULATE] 特徴量生成 race_id=202603010212: 15 頭 × 52 特徴量 (リーク除外済み)
2026-05-01 18:47:03,036 INFO [SIMULATE] 特徴量生成 race_id=202606030601: 15 頭 × 52 特徴量 (リーク除外済み)
2026-05-01 18:47:03,048 INFO [SIMULATE] 特徴量生成 race_id=202606030602: 15 頭 × 52 特徴量 (リーク除外済み)
2026-05-01 18:47:03,062 INFO [SIMULATE] 特徴量生成 race_id=202606030603: 14 頭 × 52 特徴量 (リーク除外済み)
2026-05-01 18:47:03,074 INFO [SIMULATE] 特徴量生成 race_id=202606030604: 14 頭 × 52 特徴量 (リーク除外済み)
2026-05-01 18:47:03,087 INFO [SIMULATE] 特徴量生成 race_id=202606030605: 18 頭 × 52 特徴量 (リーク除外済み)
2026-05-01 18:47:03,099 INFO [SIMULATE] 特徴量生成 race_id=202606030606: 11 頭 × 52 特徴量 (リーク除外済み)
2026-05-01 18:47:03,113 INFO [SIMULATE] 特徴量生成 race_id=202606030607: 15 頭 × 52 特徴量 (リーク除外済み)
2026-05-01 18:47:03,124 INFO [SIMULATE] 特徴量生成 race_id=202606030608: 10 頭 × 52 特徴量 (リーク除外済み)
2026-05-01 18:47:03,141 INFO [SIMULATE] 特徴量生成 race_id=202606030609: 12 頭 × 52 特徴量 (リーク除外済み)
2026-05-01 18:47:03,152 INFO [SIMULATE] 特徴量生成 race_id=202606030610: 12 頭 × 52 特徴量 (リーク除外済み)
2026-05-01 18:47:03,164 INFO [SIMULATE] 特徴量生成 race_id=202606030611: 16 頭 × 52 特徴量 (リーク除外済み)
2026-05-01 18:47:03,179 INFO [SIMULATE] 特徴量生成 race_id=202606030612: 13 頭 × 52 特徴量 (リーク除外済み)
2026-05-01 18:47:03,190 INFO [SIMULATE] 特徴量生成 race_id=202609020601: 16 頭 × 52 特徴量 (リーク除外済み)
2026-05-01 18:47:03,201 INFO [SIMULATE] 特徴量生成 race_id=202609020602: 16 頭 × 52 特徴量 (リーク除外済み)
2026-05-01 18:47:03,214 INFO [SIMULATE] 特徴量生成 race_id=202609020603: 16 頭 × 52 特徴量 (リーク除外済み)
2026-05-01 18:47:03,226 INFO [SIMULATE] 特徴量生成 race_id=202609020604: 18 頭 × 52 特徴量 (リーク除外済み)
2026-05-01 18:47:03,243 INFO [SIMULATE] 特徴量生成 race_id=202609020605: 16 頭 × 52 特徴量 (リーク除外済み)
2026-05-01 18:47:03,254 INFO [SIMULATE] 特徴量生成 race_id=202609020606: 10 頭 × 52 特徴量 (リーク除外済み)
2026-05-01 18:47:03,266 INFO [SIMULATE] 特徴量生成 race_id=202609020607: 11 頭 × 52 特徴量 (リーク除外済み)
2026-05-01 18:47:03,282 INFO [SIMULATE] 特徴量生成 race_id=202609020608: 11 頭 × 52 特徴量 (リーク除外済み)
2026-05-01 18:47:03,295 INFO [SIMULATE] 特徴量生成 race_id=202609020609: 14 頭 × 52 特徴量 (リーク除外済み)
2026-05-01 18:47:03,308 INFO [SIMULATE] 特徴量生成 race_id=202609020610: 15 頭 × 52 特徴量 (リーク除外済み)
2026-05-01 18:47:03,322 INFO [SIMULATE] 特徴量生成 race_id=202609020611: 18 頭 × 52 特徴量 (リーク除外済み)
2026-05-01 18:47:03,334 INFO [SIMULATE] 特徴量生成 race_id=202609020612: 13 頭 × 52 特徴量 (リーク除外済み)
2026-05-01 18:47:03,358 INFO [SIMULATE] 特徴量生成 race_id=202603010301: 18 頭 × 52 特徴量 (リーク除外済み)
2026-05-01 18:47:03,366 INFO [SIMULATE] 特徴量生成 race_id=202603010302: 17 頭 × 52 特徴量 (リーク除外済み)
2026-05-01 18:47:03,378 INFO [SIMULATE] 特徴量生成 race_id=202603010303: 19 頭 × 52 特徴量 (リーク除外済み)
2026-05-01 18:47:03,390 INFO [SIMULATE] 特徴量生成 race_id=202603010304: 17 頭 × 52 特徴量 (リーク除外済み)
2026-05-01 18:47:03,398 INFO [SIMULATE] 特徴量生成 race_id=202603010305: 17 頭 × 52 特徴量 (リーク除外済み)
2026-05-01 18:47:03,406 INFO [SIMULATE] 特徴量生成 race_id=202603010306: 16 頭 × 52 特徴量 (リーク除外済み)
2026-05-01 18:47:03,417 INFO [SIMULATE] 特徴量生成 race_id=202603010307: 18 頭 × 52 特徴量 (リーク除外済み)
2026-05-01 18:47:03,428 INFO [SIMULATE] 特徴量生成 race_id=202603010308: 18 頭 × 52 特徴量 (リーク除外済み)
2026-05-01 18:47:03,435 INFO [SIMULATE] 特徴量生成 race_id=202603010309: 9 頭 × 52 特徴量 (リーク除外済み)
2026-05-01 18:47:03,446 INFO [SIMULATE] 特徴量生成 race_id=202603010310: 9 頭 × 52 特徴量 (リーク除外済み)
2026-05-01 18:47:03,458 INFO [SIMULATE] 特徴量生成 race_id=202603010311: 17 頭 × 52 特徴量 (リーク除外済み)
2026-05-01 18:47:03,470 INFO [SIMULATE] 特徴量生成 race_id=202603010312: 19 頭 × 52 特徴量 (リーク除外済み)
2026-05-01 18:47:03,480 INFO [SIMULATE] 特徴量生成 race_id=202606030701: 17 頭 × 52 特徴量 (リーク除外済み)
2026-05-01 18:47:03,487 INFO [SIMULATE] 特徴量生成 race_id=202606030702: 12 頭 × 52 特徴量 (リーク除外済み)
2026-05-01 18:47:03,497 INFO [SIMULATE] 特徴量生成 race_id=202606030703: 16 頭 × 52 特徴量 (リーク除外済み)
2026-05-01 18:47:03,505 INFO [SIMULATE] 特徴量生成 race_id=202606030704: 15 頭 × 52 特徴量 (リーク除外済み)
2026-05-01 18:47:03,514 INFO [SIMULATE] 特徴量生成 race_id=202606030705: 18 頭 × 52 特徴量 (リーク除外済み)
2026-05-01 18:47:03,523 INFO [SIMULATE] 特徴量生成 race_id=202606030706: 7 頭 × 52 特徴量 (リーク除外済み)
2026-05-01 18:47:03,531 INFO [SIMULATE] 特徴量生成 race_id=202606030707: 12 頭 × 52 特徴量 (リーク除外済み)
2026-05-01 18:47:03,541 INFO [SIMULATE] 特徴量生成 race_id=202606030708: 19 頭 × 52 特徴量 (リーク除外済み)
2026-05-01 18:47:03,553 INFO [SIMULATE] 特徴量生成 race_id=202606030709: 14 頭 × 52 特徴量 (リーク除外済み)
2026-05-01 18:47:03,572 INFO [SIMULATE] 特徴量生成 race_id=202606030710: 15 頭 × 52 特徴量 (リーク除外済み)
2026-05-01 18:47:03,584 INFO [SIMULATE] 特徴量生成 race_id=202606030711: 12 頭 × 52 特徴量 (リーク除外済み)
2026-05-01 18:47:03,593 INFO [SIMULATE] 特徴量生成 race_id=202606030712: 14 頭 × 52 特徴量 (リーク除外済み)
2026-05-01 18:47:03,600 INFO [SIMULATE] 特徴量生成 race_id=202609020701: 16 頭 × 52 特徴量 (リーク除外済み)
2026-05-01 18:47:03,612 INFO [SIMULATE] 特徴量生成 race_id=202609020702: 19 頭 × 52 特徴量 (リーク除外済み)
2026-05-01 18:47:03,622 INFO [SIMULATE] 特徴量生成 race_id=202609020703: 18 頭 × 52 特徴量 (リーク除外済み)
2026-05-01 18:47:03,630 INFO [SIMULATE] 特徴量生成 race_id=202609020704: 20 頭 × 52 特徴量 (リーク除外済み)
2026-05-01 18:47:03,642 INFO [SIMULATE] 特徴量生成 race_id=202609020705: 8 頭 × 52 特徴量 (リーク除外済み)
2026-05-01 18:47:03,653 INFO [SIMULATE] 特徴量生成 race_id=202609020706: 18 頭 × 52 特徴量 (リーク除外済み)
2026-05-01 18:47:03,666 INFO [SIMULATE] 特徴量生成 race_id=202609020707: 17 頭 × 52 特徴量 (リーク除外済み)
2026-05-01 18:47:03,676 INFO [SIMULATE] 特徴量生成 race_id=202609020708: 10 頭 × 52 特徴量 (リーク除外済み)
2026-05-01 18:47:03,691 INFO [SIMULATE] 特徴量生成 race_id=202609020709: 16 頭 × 52 特徴量 (リーク除外済み)
2026-05-01 18:47:03,705 INFO [SIMULATE] 特徴量生成 race_id=202609020710: 10 頭 × 52 特徴量 (リーク除外済み)
2026-05-01 18:47:03,734 INFO [SIMULATE] 特徴量生成 race_id=202609020711: 19 頭 × 52 特徴量 (リーク除外済み)
2026-05-01 18:47:03,745 INFO [SIMULATE] 特徴量生成 race_id=202609020712: 18 頭 × 52 特徴量 (リーク除外済み)
2026-05-01 18:47:03,758 INFO [SIMULATE] 特徴量生成 race_id=202603010401: 17 頭 × 52 特徴量 (リーク除外済み)
2026-05-01 18:47:03,768 INFO [SIMULATE] 特徴量生成 race_id=202603010402: 16 頭 × 52 特徴量 (リーク除外済み)
2026-05-01 18:47:03,792 INFO [SIMULATE] 特徴量生成 race_id=202603010403: 18 頭 × 52 特徴量 (リーク除外済み)
2026-05-01 18:47:03,801 INFO [SIMULATE] 特徴量生成 race_id=202603010404: 18 頭 × 52 特徴量 (リーク除外済み)
2026-05-01 18:47:03,812 INFO [SIMULATE] 特徴量生成 race_id=202603010405: 18 頭 × 52 特徴量 (リーク除外済み)
2026-05-01 18:47:03,824 INFO [SIMULATE] 特徴量生成 race_id=202603010406: 15 頭 × 52 特徴量 (リーク除外済み)
2026-05-01 18:47:03,834 INFO [SIMULATE] 特徴量生成 race_id=202603010407: 11 頭 × 52 特徴量 (リーク除外済み)
2026-05-01 18:47:03,848 INFO [SIMULATE] 特徴量生成 race_id=202603010408: 18 頭 × 52 特徴量 (リーク除外済み)
2026-05-01 18:47:03,862 INFO [SIMULATE] 特徴量生成 race_id=202603010409: 19 頭 × 52 特徴量 (リーク除外済み)
2026-05-01 18:47:03,872 INFO [SIMULATE] 特徴量生成 race_id=202603010410: 13 頭 × 52 特徴量 (リーク除外済み)
2026-05-01 18:47:03,886 INFO [SIMULATE] 特徴量生成 race_id=202603010411: 19 頭 × 52 特徴量 (リーク除外済み)
2026-05-01 18:47:03,895 INFO [SIMULATE] 特徴量生成 race_id=202603010412: 15 頭 × 52 特徴量 (リーク除外済み)
2026-05-01 18:47:03,905 INFO [SIMULATE] 特徴量生成 race_id=202606030801: 13 頭 × 52 特徴量 (リーク除外済み)
2026-05-01 18:47:03,919 INFO [SIMULATE] 特徴量生成 race_id=202606030802: 18 頭 × 52 特徴量 (リーク除外済み)
2026-05-01 18:47:03,927 INFO [SIMULATE] 特徴量生成 race_id=202606030803: 17 頭 × 52 特徴量 (リーク除外済み)
2026-05-01 18:47:03,934 INFO [SIMULATE] 特徴量生成 race_id=202606030804: 17 頭 × 52 特徴量 (リーク除外済み)
2026-05-01 18:47:03,944 INFO [SIMULATE] 特徴量生成 race_id=202606030805: 10 頭 × 52 特徴量 (リーク除外済み)
2026-05-01 18:47:03,955 INFO [SIMULATE] 特徴量生成 race_id=202606030806: 7 頭 × 52 特徴量 (リーク除外済み)
2026-05-01 18:47:03,965 INFO [SIMULATE] 特徴量生成 race_id=202606030807: 15 頭 × 52 特徴量 (リーク除外済み)
2026-05-01 18:47:03,979 INFO [SIMULATE] 特徴量生成 race_id=202606030808: 15 頭 × 52 特徴量 (リーク除外済み)
2026-05-01 18:47:03,988 INFO [SIMULATE] 特徴量生成 race_id=202606030809: 13 頭 × 52 特徴量 (リーク除外済み)
2026-05-01 18:47:03,999 INFO [SIMULATE] 特徴量生成 race_id=202606030810: 17 頭 × 52 特徴量 (リーク除外済み)
2026-05-01 18:47:04,009 INFO [SIMULATE] 特徴量生成 race_id=202606030811: 20 頭 × 52 特徴量 (リーク除外済み)
2026-05-01 18:47:04,017 INFO [SIMULATE] 特徴量生成 race_id=202606030812: 18 頭 × 52 特徴量 (リーク除外済み)
2026-05-01 18:47:04,029 INFO [SIMULATE] 特徴量生成 race_id=202609020801: 19 頭 × 52 特徴量 (リーク除外済み)
2026-05-01 18:47:04,045 INFO [SIMULATE] 特徴量生成 race_id=202609020802: 18 頭 × 52 特徴量 (リーク除外済み)
2026-05-01 18:47:04,056 INFO [SIMULATE] 特徴量生成 race_id=202609020803: 18 頭 × 52 特徴量 (リーク除外済み)
2026-05-01 18:47:04,066 INFO [SIMULATE] 特徴量生成 race_id=202609020804: 15 頭 × 52 特徴量 (リーク除外済み)
2026-05-01 18:47:04,079 INFO [SIMULATE] 特徴量生成 race_id=202609020805: 16 頭 × 52 特徴量 (リーク除外済み)
2026-05-01 18:47:04,091 INFO [SIMULATE] 特徴量生成 race_id=202609020806: 17 頭 × 52 特徴量 (リーク除外済み)
2026-05-01 18:47:04,101 INFO [SIMULATE] 特徴量生成 race_id=202609020807: 9 頭 × 52 特徴量 (リーク除外済み)
2026-05-01 18:47:04,111 INFO [SIMULATE] 特徴量生成 race_id=202609020808: 13 頭 × 52 特徴量 (リーク除外済み)
2026-05-01 18:47:04,122 INFO [SIMULATE] 特徴量生成 race_id=202609020809: 11 頭 × 52 特徴量 (リーク除外済み)
2026-05-01 18:47:04,130 INFO [SIMULATE] 特徴量生成 race_id=202609020810: 14 頭 × 52 特徴量 (リーク除外済み)
2026-05-01 18:47:04,144 INFO [SIMULATE] 特徴量生成 race_id=202609020811: 11 頭 × 52 特徴量 (リーク除外済み)
2026-05-01 18:47:04,156 INFO [SIMULATE] 特徴量生成 race_id=202609020812: 11 頭 × 52 特徴量 (リーク除外済み)
2026-05-01 18:47:04,182 INFO [SIMULATE] 特徴量生成 race_id=202603010501: 26 頭 × 52 特徴量 (リーク除外済み)
2026-05-01 18:47:04,198 INFO [SIMULATE] 特徴量生成 race_id=202603010502: 27 頭 × 52 特徴量 (リーク除外済み)
2026-05-01 18:47:04,215 INFO [SIMULATE] 特徴量生成 race_id=202603010503: 29 頭 × 52 特徴量 (リーク除外済み)
2026-05-01 18:47:04,231 INFO [SIMULATE] 特徴量生成 race_id=202603010504: 28 頭 × 52 特徴量 (リーク除外済み)
2026-05-01 18:47:04,246 INFO [SIMULATE] 特徴量生成 race_id=202603010505: 22 頭 × 52 特徴量 (リーク除外済み)
2026-05-01 18:47:04,259 INFO [SIMULATE] 特徴量生成 race_id=202603010506: 25 頭 × 52 特徴量 (リーク除外済み)
2026-05-01 18:47:04,278 INFO [SIMULATE] 特徴量生成 race_id=202603010507: 22 頭 × 52 特徴量 (リーク除外済み)
2026-05-01 18:47:04,296 INFO [SIMULATE] 特徴量生成 race_id=202603010508: 26 頭 × 52 特徴量 (リーク除外済み)
2026-05-01 18:47:04,311 INFO [SIMULATE] 特徴量生成 race_id=202603010509: 25 頭 × 52 特徴量 (リーク除外済み)
2026-05-01 18:47:04,326 INFO [SIMULATE] 特徴量生成 race_id=202603010510: 26 頭 × 52 特徴量 (リーク除外済み)
2026-05-01 18:47:04,340 INFO [SIMULATE] 特徴量生成 race_id=202603010511: 21 頭 × 52 特徴量 (リーク除外済み)
2026-05-01 18:47:04,352 INFO [SIMULATE] 特徴量生成 race_id=202603010512: 26 頭 × 52 特徴量 (リーク除外済み)
2026-05-01 18:47:04,363 INFO [SIMULATE] 特徴量生成 race_id=202605020101: 22 頭 × 52 特徴量 (リーク除外済み)
2026-05-01 18:47:04,374 INFO [SIMULATE] 特徴量生成 race_id=202605020102: 24 頭 × 52 特徴量 (リーク除外済み)
2026-05-01 18:47:04,387 INFO [SIMULATE] 特徴量生成 race_id=202605020103: 23 頭 × 52 特徴量 (リーク除外済み)
2026-05-01 18:47:04,403 INFO [SIMULATE] 特徴量生成 race_id=202605020104: 20 頭 × 52 特徴量 (リーク除外済み)
2026-05-01 18:47:04,416 INFO [SIMULATE] 特徴量生成 race_id=202605020105: 26 頭 × 52 特徴量 (リーク除外済み)
2026-05-01 18:47:04,427 INFO [SIMULATE] 特徴量生成 race_id=202605020106: 29 頭 × 52 特徴量 (リーク除外済み)
2026-05-01 18:47:04,441 INFO [SIMULATE] 特徴量生成 race_id=202605020107: 26 頭 × 52 特徴量 (リーク除外済み)
2026-05-01 18:47:04,451 INFO [SIMULATE] 特徴量生成 race_id=202605020108: 12 頭 × 52 特徴量 (リーク除外済み)
2026-05-01 18:47:04,466 INFO [SIMULATE] 特徴量生成 race_id=202605020109: 14 頭 × 52 特徴量 (リーク除外済み)
2026-05-01 18:47:04,483 INFO [SIMULATE] 特徴量生成 race_id=202605020110: 27 頭 × 52 特徴量 (リーク除外済み)
2026-05-01 18:47:04,495 INFO [SIMULATE] 特徴量生成 race_id=202605020111: 32 頭 × 52 特徴量 (リーク除外済み)
2026-05-01 18:47:04,509 INFO [SIMULATE] 特徴量生成 race_id=202605020112: 22 頭 × 52 特徴量 (リーク除外済み)
2026-05-01 18:47:04,527 INFO [SIMULATE] 特徴量生成 race_id=202608030101: 28 頭 × 52 特徴量 (リーク除外済み)
2026-05-01 18:47:04,543 INFO [SIMULATE] 特徴量生成 race_id=202608030102: 30 頭 × 52 特徴量 (リーク除外済み)
2026-05-01 18:47:04,554 INFO [SIMULATE] 特徴量生成 race_id=202608030103: 26 頭 × 52 特徴量 (リーク除外済み)
2026-05-01 18:47:04,566 INFO [SIMULATE] 特徴量生成 race_id=202608030104: 18 頭 × 52 特徴量 (リーク除外済み)
2026-05-01 18:47:04,576 INFO [SIMULATE] 特徴量生成 race_id=202608030105: 19 頭 × 52 特徴量 (リーク除外済み)
2026-05-01 18:47:04,586 INFO [SIMULATE] 特徴量生成 race_id=202608030106: 27 頭 × 52 特徴量 (リーク除外済み)
2026-05-01 18:47:04,601 INFO [SIMULATE] 特徴量生成 race_id=202608030107: 25 頭 × 52 特徴量 (リーク除外済み)
2026-05-01 18:47:04,612 INFO [SIMULATE] 特徴量生成 race_id=202608030108: 10 頭 × 52 特徴量 (リーク除外済み)
2026-05-01 18:47:04,628 INFO [SIMULATE] 特徴量生成 race_id=202608030109: 27 頭 × 52 特徴量 (リーク除外済み)
2026-05-01 18:47:04,641 INFO [SIMULATE] 特徴量生成 race_id=202608030110: 19 頭 × 52 特徴量 (リーク除外済み)
2026-05-01 18:47:04,651 INFO [SIMULATE] 特徴量生成 race_id=202608030111: 19 頭 × 52 特徴量 (リーク除外済み)
2026-05-01 18:47:04,664 INFO [SIMULATE] 特徴量生成 race_id=202608030112: 19 頭 × 52 特徴量 (リーク除外済み)
2026-05-01 18:47:04,680 INFO [SIMULATE] 特徴量生成 race_id=202603010601: 26 頭 × 52 特徴量 (リーク除外済み)
2026-05-01 18:47:04,696 INFO [SIMULATE] 特徴量生成 race_id=202603010602: 26 頭 × 52 特徴量 (リーク除外済み)
2026-05-01 18:47:04,713 INFO [SIMULATE] 特徴量生成 race_id=202603010603: 27 頭 × 52 特徴量 (リーク除外済み)
2026-05-01 18:47:04,727 INFO [SIMULATE] 特徴量生成 race_id=202603010604: 26 頭 × 52 特徴量 (リーク除外済み)
2026-05-01 18:47:04,745 INFO [SIMULATE] 特徴量生成 race_id=202603010605: 22 頭 × 52 特徴量 (リーク除外済み)
2026-05-01 18:47:04,763 INFO [SIMULATE] 特徴量生成 race_id=202603010606: 24 頭 × 52 特徴量 (リーク除外済み)
2026-05-01 18:47:04,779 INFO [SIMULATE] 特徴量生成 race_id=202603010607: 24 頭 × 52 特徴量 (リーク除外済み)
2026-05-01 18:47:04,795 INFO [SIMULATE] 特徴量生成 race_id=202603010608: 26 頭 × 52 特徴量 (リーク除外済み)
2026-05-01 18:47:04,808 INFO [SIMULATE] 特徴量生成 race_id=202603010609: 20 頭 × 52 特徴量 (リーク除外済み)
2026-05-01 18:47:04,876 INFO [SIMULATE] 特徴量生成 race_id=202603010610: 25 頭 × 52 特徴量 (リーク除外済み)
2026-05-01 18:47:04,887 INFO [SIMULATE] 特徴量生成 race_id=202603010611: 25 頭 × 52 特徴量 (リーク除外済み)
2026-05-01 18:47:04,901 INFO [SIMULATE] 特徴量生成 race_id=202603010612: 27 頭 × 52 特徴量 (リーク除外済み)
2026-05-01 18:47:04,915 INFO [SIMULATE] 特徴量生成 race_id=202605020201: 24 頭 × 52 特徴量 (リーク除外済み)
2026-05-01 18:47:04,928 INFO [SIMULATE] 特徴量生成 race_id=202605020202: 24 頭 × 52 特徴量 (リーク除外済み)
2026-05-01 18:47:04,941 INFO [SIMULATE] 特徴量生成 race_id=202605020203: 26 頭 × 52 特徴量 (リーク除外済み)
2026-05-01 18:47:04,953 INFO [SIMULATE] 特徴量生成 race_id=202605020204: 18 頭 × 52 特徴量 (リーク除外済み)
2026-05-01 18:47:04,971 INFO [SIMULATE] 特徴量生成 race_id=202605020205: 31 頭 × 52 特徴量 (リーク除外済み)
2026-05-01 18:47:04,982 INFO [SIMULATE] 特徴量生成 race_id=202605020206: 16 頭 × 52 特徴量 (リーク除外済み)
2026-05-01 18:47:04,997 INFO [SIMULATE] 特徴量生成 race_id=202605020207: 24 頭 × 52 特徴量 (リーク除外済み)
2026-05-01 18:47:05,014 INFO [SIMULATE] 特徴量生成 race_id=202605020208: 18 頭 × 52 特徴量 (リーク除外済み)
2026-05-01 18:47:05,035 INFO [SIMULATE] 特徴量生成 race_id=202605020209: 29 頭 × 52 特徴量 (リーク除外済み)
2026-05-01 18:47:05,048 INFO [SIMULATE] 特徴量生成 race_id=202605020210: 25 頭 × 52 特徴量 (リーク除外済み)
2026-05-01 18:47:05,060 INFO [SIMULATE] 特徴量生成 race_id=202605020211: 19 頭 × 52 特徴量 (リーク除外済み)
2026-05-01 18:47:05,074 INFO [SIMULATE] 特徴量生成 race_id=202605020212: 26 頭 × 52 特徴量 (リーク除外済み)
2026-05-01 18:47:05,090 INFO [SIMULATE] 特徴量生成 race_id=202608030201: 27 頭 × 52 特徴量 (リーク除外済み)
2026-05-01 18:47:05,102 INFO [SIMULATE] 特徴量生成 race_id=202608030202: 25 頭 × 52 特徴量 (リーク除外済み)
2026-05-01 18:47:05,115 INFO [SIMULATE] 特徴量生成 race_id=202608030203: 30 頭 × 52 特徴量 (リーク除外済み)
2026-05-01 18:47:05,130 INFO [SIMULATE] 特徴量生成 race_id=202608030204: 25 頭 × 52 特徴量 (リーク除外済み)
2026-05-01 18:47:05,143 INFO [SIMULATE] 特徴量生成 race_id=202608030205: 22 頭 × 52 特徴量 (リーク除外済み)
2026-05-01 18:47:05,157 INFO [SIMULATE] 特徴量生成 race_id=202608030206: 20 頭 × 52 特徴量 (リーク除外済み)
2026-05-01 18:47:05,169 INFO [SIMULATE] 特徴量生成 race_id=202608030207: 24 頭 × 52 特徴量 (リーク除外済み)
2026-05-01 18:47:05,183 INFO [SIMULATE] 特徴量生成 race_id=202608030208: 26 頭 × 52 特徴量 (リーク除外済み)
2026-05-01 18:47:05,194 INFO [SIMULATE] 特徴量生成 race_id=202608030209: 19 頭 × 52 特徴量 (リーク除外済み)
2026-05-01 18:47:05,207 INFO [SIMULATE] 特徴量生成 race_id=202608030210: 30 頭 × 52 特徴量 (リーク除外済み)
2026-05-01 18:47:05,220 INFO [SIMULATE] 特徴量生成 race_id=202608030211: 31 頭 × 52 特徴量 (リーク除外済み)
2026-05-01 18:47:05,236 INFO [SIMULATE] 特徴量生成 race_id=202608030212: 23 頭 × 52 特徴量 (リーク除外済み)
C:\dev\horse-racing-ai\scripts\train_cascade.py:187: FutureWarning: The behavior of DataFrame concatenation with empty or all-NA entries is deprecated. In a future version, this will no longer exclude empty or all-NA columns when determining the result dtypes. To retain the old behavior, exclude the relevant entries before the concat operation.
  df = pd.concat(frames, ignore_index=True)
2026-05-01 18:47:08,304 INFO 学習データロード完了: 36775 行 (5878 レース)
2026-05-01 18:47:08,417 INFO モデル読み込み: C:\dev\horse-racing-ai\data\models\honmei_model.pkl
2026-05-01 18:47:08,417 INFO Stage-1: HonmeiModel 読み込み完了
2026-05-01 18:47:10,935 INFO ========================================
2026-05-01 18:47:10,935 INFO Stage-2 学習開始: P(2着=j | 1着候補)
C:\dev\horse-racing-ai\scripts\train_cascade.py:304: FutureWarning: Downcasting object dtype arrays on .fillna, .ffill, .bfill is deprecated and will change in a future version. Call result.infer_objects(copy=False) instead. To opt-in to the future behavior, set `pd.set_option('future.no_silent_downcasting', True)`
  X = feat_df_no1[feature_cols].fillna(-1)
2026-05-01 18:47:20,824 INFO Stage-2 学習データ: 30165 行, 44 特徴量, 正例=5878
2026-05-01 18:47:28,211 INFO   Stage-2 fold=1  AUC=0.8270
2026-05-01 18:47:35,407 INFO   Stage-2 fold=2  AUC=0.8285
2026-05-01 18:47:43,162 INFO   Stage-2 fold=3  AUC=0.8292
2026-05-01 18:47:53,288 INFO   Stage-2 fold=4  AUC=0.8278
2026-05-01 18:48:01,368 INFO   Stage-2 fold=5  AUC=0.8297
2026-05-01 18:48:01,381 INFO Stage-2 OOF AUC: 0.8284
2026-05-01 18:48:08,213 INFO ========================================
2026-05-01 18:48:08,213 INFO Stage-3 学習開始: P(3着=k | 1着・2着候補)
C:\dev\horse-racing-ai\scripts\train_cascade.py:356: FutureWarning: Downcasting object dtype arrays on .fillna, .ffill, .bfill is deprecated and will change in a future version. Call result.infer_objects(copy=False) instead. To opt-in to the future behavior, set `pd.set_option('future.no_silent_downcasting', True)`
  X = feat_df[feature_cols].fillna(-1)
2026-05-01 18:48:20,049 INFO Stage-3 学習データ: 24287 行, 47 特徴量, 正例=5887
2026-05-01 18:48:25,030 INFO   Stage-3 fold=1  AUC=0.9133
2026-05-01 18:48:29,662 INFO   Stage-3 fold=2  AUC=0.9147
2026-05-01 18:48:33,921 INFO   Stage-3 fold=3  AUC=0.9181
2026-05-01 18:48:37,064 INFO   Stage-3 fold=4  AUC=0.9160
2026-05-01 18:48:42,526 INFO   Stage-3 fold=5  AUC=0.9243
2026-05-01 18:48:42,535 INFO Stage-3 OOF AUC: 0.9172
2026-05-01 18:48:52,733 INFO Cascadeモデル保存: C:\dev\horse-racing-ai\data\models\cascade
============================================================
  Cascade Rank Prediction 窶� 蟄ｦ鄙帝幕蟋�
============================================================

  繝｢繝�繝ｫ菫晏ｭ伜ｮ御ｺ�: C:\dev\horse-racing-ai\data\models\cascade
    stage2_model.pkl
    stage3_model.pkl

  螳御ｺ�
