11:39:51 INFO: マイグレーション: v_race_mart ビューを再作成しました
11:39:51 INFO: DB 初期化完了: C:\dev\horse-racing-ai\data\umalogi.db
11:39:51 INFO: ============================================================
11:39:51 INFO: UMALOGI 直前予想 + 結果速報 自律監視ループ 起動
11:39:51 INFO: 対象日: 20260509  対象レース: 35 件  発走20分前/発走15分後
11:39:51 INFO: ============================================================
11:39:51 INFO:   R02  202604010302  発走推定 10:30  prerace→10:10  postrace→10:45
11:39:51 INFO:   R03  202604010303  発走推定 11:00  prerace→10:40  postrace→11:15
11:39:51 INFO:   R04  202604010304  発走推定 11:30  prerace→11:10  postrace→11:45
11:39:51 INFO:   R05  202604010305  発走推定 12:00  prerace→11:40  postrace→12:15
11:39:51 INFO:   R06  202604010306  発走推定 12:30  prerace→12:10  postrace→12:45
11:39:51 INFO:   R07  202604010307  発走推定 13:00  prerace→12:40  postrace→13:15
11:39:51 INFO:   R08  202604010308  発走推定 13:30  prerace→13:10  postrace→13:45
11:39:51 INFO:   R09  202604010309  発走推定 14:00  prerace→13:40  postrace→14:15
11:39:51 INFO:   R10  202604010310  発走推定 14:30  prerace→14:10  postrace→14:45
11:39:51 INFO:   R11  202604010311  発走推定 15:00  prerace→14:40  postrace→15:15
11:39:51 INFO:   R12  202604010312  発走推定 15:30  prerace→15:10  postrace→15:45
11:39:51 INFO:   R01  202605020501  発走推定 10:00  prerace→09:40  postrace→10:15
11:39:51 INFO:   R02  202605020502  発走推定 10:30  prerace→10:10  postrace→10:45
11:39:51 INFO:   R03  202605020503  発走推定 11:00  prerace→10:40  postrace→11:15
11:39:51 INFO:   R04  202605020504  発走推定 11:30  prerace→11:10  postrace→11:45
11:39:51 INFO:   R05  202605020505  発走推定 12:00  prerace→11:40  postrace→12:15
11:39:51 INFO:   R06  202605020506  発走推定 12:30  prerace→12:10  postrace→12:45
11:39:51 INFO:   R07  202605020507  発走推定 13:00  prerace→12:40  postrace→13:15
11:39:51 INFO:   R08  202605020508  発走推定 13:30  prerace→13:10  postrace→13:45
11:39:51 INFO:   R09  202605020509  発走推定 14:00  prerace→13:40  postrace→14:15
11:39:51 INFO:   R10  202605020510  発走推定 14:30  prerace→14:10  postrace→14:45
11:39:51 INFO:   R11  202605020511  発走推定 15:00  prerace→14:40  postrace→15:15
11:39:51 INFO:   R12  202605020512  発走推定 15:30  prerace→15:10  postrace→15:45
11:39:51 INFO:   R01  202608030501  発走推定 10:00  prerace→09:40  postrace→10:15
11:39:51 INFO:   R02  202608030502  発走推定 10:30  prerace→10:10  postrace→10:45
11:39:51 INFO:   R03  202608030503  発走推定 11:00  prerace→10:40  postrace→11:15
11:39:51 INFO:   R04  202608030504  発走推定 11:30  prerace→11:10  postrace→11:45
11:39:51 INFO:   R05  202608030505  発走推定 12:00  prerace→11:40  postrace→12:15
11:39:51 INFO:   R06  202608030506  発走推定 12:30  prerace→12:10  postrace→12:45
11:39:51 INFO:   R07  202608030507  発走推定 13:00  prerace→12:40  postrace→13:15
11:39:51 INFO:   R08  202608030508  発走推定 13:30  prerace→13:10  postrace→13:45
11:39:51 INFO:   R09  202608030509  発走推定 14:00  prerace→13:40  postrace→14:15
11:39:51 INFO:   R10  202608030510  発走推定 14:30  prerace→14:10  postrace→14:45
11:39:51 INFO:   R11  202608030511  発走推定 15:00  prerace→14:40  postrace→15:15
11:39:51 INFO:   R12  202608030512  発走推定 15:30  prerace→15:10  postrace→15:45
11:39:51 INFO: ------------------------------------------------------------
11:39:51 WARNING: R01 202605020501 [prerace] 発走推定時刻 10:00 を 5 分超過 -> スキップ
11:39:51 WARNING: R01 202608030501 [prerace] 発走推定時刻 10:00 を 5 分超過 -> スキップ
11:39:51 WARNING: R02 202604010302 [prerace] 発走推定時刻 10:30 を 5 分超過 -> スキップ
11:39:51 WARNING: R02 202605020502 [prerace] 発走推定時刻 10:30 を 5 分超過 -> スキップ
11:39:51 WARNING: R02 202608030502 [prerace] 発走推定時刻 10:30 を 5 分超過 -> スキップ
11:39:51 WARNING: R03 202604010303 [prerace] 発走推定時刻 11:00 を 5 分超過 -> スキップ
11:39:51 WARNING: R03 202605020503 [prerace] 発走推定時刻 11:00 を 5 分超過 -> スキップ
11:39:51 WARNING: R03 202608030503 [prerace] 発走推定時刻 11:00 を 5 分超過 -> スキップ
11:39:51 WARNING: R04 202604010304 [prerace] 発走推定時刻 11:30 を 5 分超過 -> スキップ
11:39:51 WARNING: R04 202605020504 [prerace] 発走推定時刻 11:30 を 5 分超過 -> スキップ
11:39:51 WARNING: R04 202608030504 [prerace] 発走推定時刻 11:30 を 5 分超過 -> スキップ
11:39:51 INFO: スケジュール済みジョブ: 59 件 (スキップ: 11 件)
11:39:51 INFO: 監視ループ開始 [非同期スレッドプール] - Ctrl+C で中断
11:39:51 INFO: ------------------------------------------------------------
11:39:51 INFO: [START] R01 202605020501  [postrace] 結果取得開始
11:39:51 INFO: [START] R01 202608030501  [postrace] 結果取得開始
11:39:51 INFO: [START] R02 202604010302  [postrace] 結果取得開始
11:39:51 INFO: [START] R02 202605020502  [postrace] 結果取得開始
11:39:52 INFO: [START] R02 202608030502  [postrace] 結果取得開始
11:39:52 INFO: [START] R03 202604010303  [postrace] 結果取得開始
11:39:52 INFO: [START] R03 202605020503  [postrace] 結果取得開始
11:39:52 INFO: [START] R03 202608030503  [postrace] 結果取得開始
11:39:52 INFO: マイグレーション: v_race_mart ビューを再作成しました
11:39:52 INFO: マイグレーション: v_race_mart ビューを再作成しました
11:39:52 INFO: DB 初期化完了: C:\dev\horse-racing-ai\data\umalogi.db
11:39:52 INFO: JVLink RACE TODAY 同期開始: date=20260502
11:39:52 INFO: マイグレーション: v_race_mart ビューを再作成しました
11:39:52 INFO: DB 初期化完了: C:\dev\horse-racing-ai\data\umalogi.db
11:39:52 INFO: JVLink RACE TODAY 同期開始: date=20260401
11:39:52 INFO: マイグレーション: v_race_mart ビューを再作成しました
11:39:53 INFO: DB 初期化完了: C:\dev\horse-racing-ai\data\umalogi.db
11:39:53 INFO: JVLink RACE TODAY 同期開始: date=20260502
11:39:53 INFO: マイグレーション: v_race_mart ビューを再作成しました
11:39:53 INFO: DB 初期化完了: C:\dev\horse-racing-ai\data\umalogi.db
11:39:53 INFO: JVLink RACE TODAY 同期開始: date=20260502
11:39:53 INFO: マイグレーション: v_race_mart ビューを再作成しました
11:39:53 INFO: マイグレーション: v_race_mart ビューを再作成しました
11:39:53 INFO: マイグレーション: v_race_mart ビューを再作成しました
11:39:54 INFO: DB 初期化完了: C:\dev\horse-racing-ai\data\umalogi.db
11:39:54 INFO: JVLink RACE TODAY 同期開始: date=20260803
11:39:54 INFO: DB 初期化完了: C:\dev\horse-racing-ai\data\umalogi.db
11:39:54 INFO: JVLink RACE TODAY 同期開始: date=20260401
11:39:54 INFO: DB 初期化完了: C:\dev\horse-racing-ai\data\umalogi.db
11:39:54 INFO: JVLink RACE TODAY 同期開始: date=20260803
11:39:54 INFO: DB 初期化完了: C:\dev\horse-racing-ai\data\umalogi.db
11:39:54 INFO: JVLink RACE TODAY 同期開始: date=20260803
11:39:57 WARNING: [NG] 結果取得 rc=1 (試行 1/8): 202608030503 — 300 秒後に再試行
11:40:00 INFO: [START] R05 202604010305  [prerace] 直前予想開始 (推定発走 12:00)
11:40:00 INFO: [START] R05 202605020505  [prerace] 直前予想開始 (推定発走 12:00)
11:40:00 INFO: [START] R05 202608030505  [prerace] 直前予想開始 (推定発走 12:00)
{
  "race_id": "202605020505",
  "generated_at": "2026-05-09T11:40:12.172676",
  "bias": {
    "today_inner_bias": -0.125,
    "today_front_bias": 1.0,
    "today_race_count": 1
  },
  "horses": [
    {
      "horse_number": 1,
      "horse_name": "イトシサ",
      "horse_id": "2023106849",
      "sex_age": "牡3",
      "weight_carried": 57.0,
      "horse_weight": null,
      "win_odds": 6.3,
      "popularity": 3,
      "honmei_score": 0.091,
      "ev_score": 0.5733,
      "kelly_fraction": 0.0,
      "manji_ev": 3.5499,
      "odds_vs_morning": 1.0,
      "odds_velocity": null
    },
    {
      "horse_number": 2,
      "horse_name": "ホカミテダメ",
      "horse_id": "2023105780",
      "sex_age": "牝3",
      "weight_carried": 55.0,
      "horse_weight": null,
      "win_odds": 65.9,
      "popularity": 15,
      "honmei_score": 0.1716,
      "ev_score": 11.3109,
      "kelly_fraction": 0.0159,
      "manji_ev": 0.6318,
      "odds_vs_morning": 1.0,
      "odds_velocity": null
    },
    {
      "horse_number": 3,
      "horse_name": "モンサンドール",
      "horse_id": "2023104054",
      "sex_age": "牝4",
      "weight_carried": 55.0,
      "horse_weight": null,
      "win_odds": 83.7,
      "popularity": 17,
      "honmei_score": 0.091,
      "ev_score": 7.6166,
      "kelly_fraction": 0.008,
      "manji_ev": 0.4896,
      "odds_vs_morning": 1.0,
      "odds_velocity": null
    },
    {
      "horse_number": 4,
      "horse_name": "ベルバード",
      "horse_id": "2023105331",
      "sex_age": "牝3",
      "weight_carried": 55.0,
      "horse_weight": null,
      "win_odds": 22.1,
      "popularity": 6,
      "honmei_score": 0.0794,
      "ev_score": 1.7552,
      "kelly_fraction": 0.0036,
      "manji_ev": 0.4778,
      "odds_vs_morning": 1.0,
      "odds_velocity": null
    },
    {
      "horse_number": 5,
      "horse_name": "ナックセシリア",
      "horse_id": "2023100607",
      "sex_age": "牝1",
      "weight_carried": 51.0,
      "horse_weight": null,
      "win_odds": 64.9,
      "popularity": 14,
      "honmei_score": 0.0658,
      "ev_score": 4.2731,
      "kelly_fraction": 0.0051,
      "manji_ev": 0.2609,
      "odds_vs_morning": 1.0,
      "odds_velocity": null
    },
    {
      "horse_number": 6,
      "horse_name": "プラネタリーアワー",
      "horse_id": "2023103421",
      "sex_age": "牝1",
      "weight_carried": 55.0,
      "horse_weight": null,
      "win_odds": 41.0,
      "popularity": 9,
      "honmei_score": 0.0782,
      "ev_score": 3.2065,
      "kelly_fraction": 0.0055,
      "manji_ev": 0.497,
      "odds_vs_morning": 1.0,
      "odds_velocity": null
    },
    {
      "horse_number": 7,
      "horse_name": "ブロークンハート",
      "horse_id": "2023101149",
      "sex_age": "牝4",
      "weight_carried": 55.0,
      "horse_weight": null,
      "win_odds": 32.2,
      "popularity": 7,
      "honmei_score": 0.1443,
      "ev_score": 4.648,
      "kelly_fraction": 0.0117,
      "manji_ev": 0.6557,
      "odds_vs_morning": 1.0,
      "odds_velocity": null
    },
    {
      "horse_number": 8,
      "horse_name": "マイチバイ",
      "horse_id": "2023104588",
      "sex_age": "牝6",
      "weight_carried": 55.0,
      "horse_weight": null,
      "win_odds": 33.2,
      "popularity": 8,
      "honmei_score": 0.0658,
      "ev_score": 2.1859,
      "kelly_fraction": 0.0037,
      "manji_ev": 0.4795,
      "odds_vs_morning": 1.0,
      "odds_velocity": null
    },
    {
      "horse_number": 9,
      "horse_name": "グランマエストロ",
      "horse_id": "2023106986",
      "sex_age": "牡1",
      "weight_carried": 57.0,
      "horse_weight": null,
      "win_odds": 2.6,
      "popularity": 1,
      "honmei_score": 0.1478,
      "ev_score": 0.3844,
      "kelly_fraction": 0.0,
      "manji_ev": 0.8999,
      "odds_vs_morning": 1.0,
      "odds_velocity": null
    },
    {
      "horse_number": 10,
      "horse_name": "リオクリスハーレー",
      "horse_id": "2023103103",
      "sex_age": "牝3",
      "weight_carried": 55.0,
      "horse_weight": null,
      "win_odds": 56.4,
      "popularity": 13,
      "honmei_score": 0.091,
      "ev_score": 5.1324,
      "kelly_fraction": 0.0075,
      "manji_ev": 0.9603,
      "odds_vs_morning": 1.0,
      "odds_velocity": null
    },
    {
      "horse_number": 11,
      "horse_name": "ワディアルリヤハ",
      "horse_id": "2023107372",
      "sex_age": "牝3",
      "weight_carried": 55.0,
      "horse_weight": null,
      "win_odds": 6.5,
      "popularity": 4,
      "honmei_score": 0.1028,
      "ev_score": 0.6684,
      "kelly_fraction": 0.0,
      "manji_ev": 0.0682,
      "odds_vs_morning": 1.0,
      "odds_velocity": null
    },
    {
      "horse_number": 12,
      "horse_name": "ツイスティドシルク",
      "horse_id": "2023101125",
      "sex_age": "牡4",
      "weight_carried": 57.0,
      "horse_weight": null,
      "win_odds": 53.8,
      "popularity": 12,
      "honmei_score": 0.1429,
      "ev_score": 7.6857,
      "kelly_fraction": 0.0127,
      "manji_ev": 0.5053,
      "odds_vs_morning": 1.0,
      "odds_velocity": null
    },
    {
      "horse_number": 13,
      "horse_name": "カズノダイジョウ",
      "horse_id": "2023104442",
      "sex_age": "牝4",
      "weight_carried": 55.0,
      "horse_weight": null,
      "win_odds": 8.4,
      "popularity": 5,
      "honmei_score": 0.0782,
      "ev_score": 0.6569,
      "kelly_fraction": 0.0,
      "manji_ev": 0.564,
      "odds_vs_morning": 1.0,
      "odds_velocity": null
    },
    {
      "horse_number": 14,
      "horse_name": "シャインアルプス",
      "horse_id": "2023107234",
      "sex_age": "牝3",
      "weight_carried": 55.0,
      "horse_weight": null,
      "win_odds": 5.6,
      "popularity": 2,
      "honmei_score": 0.0782,
      "ev_score": 0.438,
      "kelly_fraction": 0.0,
      "manji_ev": 1.6168,
      "odds_vs_morning": 1.0,
      "odds_velocity": null
    },
    {
      "horse_number": 15,
      "horse_name": "ルビーサンセット",
      "horse_id": "2023107338",
      "sex_age": "牝3",
      "weight_carried": 55.0,
      "horse_weight": null,
      "win_odds": 154.5,
      "popularity": 18,
      "honmei_score": 0.091,
      "ev_score": 14.0594,
      "kelly_fraction": 0.0085,
      "manji_ev": 1.4179,
      "odds_vs_morning": 1.0,
      "odds_velocity": null
    },
    {
      "horse_number": 16,
      "horse_name": "セイウンサファイア",
      "horse_id": "2023106257",
      "sex_age": "牝3",
      "weight_carried": 55.0,
      "horse_weight": null,
      "win_odds": 77.4,
      "popularity": 16,
      "honmei_score": 0.0563,
      "ev_score": 4.3597,
      "kelly_fraction": 0.0044,
      "manji_ev": 0.2604,
      "odds_vs_morning": 1.0,
      "odds_velocity": null
    },
    {
      "horse_number": 17,
      "horse_name": "ミッキーキャロット",
      "horse_id": "2023106278",
      "sex_age": "牝3",
      "weight_carried": 55.0,
      "horse_weight": null,
      "win_odds": 45.8,
      "popularity": 11,
      "honmei_score": 0.0549,
      "ev_score": 2.5126,
      "kelly_fraction": 0.0034,
      "manji_ev": 0.1484,
      "odds_vs_morning": 1.0,
      "odds_velocity": null
    },
    {
      "horse_number": 18,
      "horse_name": "エルミー",
      "horse_id": "2023103898",
      "sex_age": "牝1",
      "weight_carried": 55.0,
      "horse_weight": null,
      "win_odds": 44.4,
      "popularity": 10,
      "honmei_score": 0.0564,
      "ev_score": 2.5049,
      "kelly_fraction": 0.0035,
      "manji_ev": 1.0965,
      "odds_vs_morning": 1.0,
      "odds_velocity": null
    }
  ],
  "ev_recommend": [
    {
      "horse_number": 15,
      "horse_name": "ルビーサンセット",
      "win_odds": 154.5,
      "ev_score": 14.0594,
      "kelly_fraction": 0.0085
    },
    {
      "horse_number": 2,
      "horse_name": "ホカミテダメ",
      "win_odds": 65.9,
      "ev_score": 11.3109,
      "kelly_fraction": 0.0159
    },
    {
      "horse_number": 12,
      "horse_name": "ツイスティドシルク",
      "win_odds": 53.8,
      "ev_score": 7.6857,
      "kelly_fraction": 0.0127
    },
    {
      "horse_number": 3,
      "horse_name": "モンサンドール",
      "win_odds": 83.7,
      "ev_score": 7.6166,
      "kelly_fraction": 0.008
    },
    {
      "horse_number": 10,
      "horse_name": "リオクリスハーレー",
      "win_odds": 56.4,
      "ev_score": 5.1324,
      "kelly_fraction": 0.0075
    },
    {
      "horse_number": 7,
      "horse_name": "ブロークンハート",
      "win_odds": 32.2,
      "ev_score": 4.648,
      "kelly_fraction": 0.0117
    },
    {
      "horse_number": 16,
      "horse_name": "セイウンサファイア",
      "win_odds": 77.4,
      "ev_score": 4.3597,
      "kelly_fraction": 0.0044
    },
    {
      "horse_number": 5,
      "horse_name": "ナックセシリア",
      "win_odds": 64.9,
      "ev_score": 4.2731,
      "kelly_fraction": 0.0051
    },
    {
      "horse_number": 6,
      "horse_name": "プラネタリーアワー",
      "win_odds": 41.0,
      "ev_score": 3.2065,
      "kelly_fraction": 0.0055
    },
    {
      "horse_number": 17,
      "horse_name": "ミッキーキャロット",
      "win_odds": 45.8,
      "ev_score": 2.5126,
      "kelly_fraction": 0.0034
    },
    {
      "horse_number": 18,
      "horse_name": "エルミー",
      "win_odds": 44.4,
      "ev_score": 2.5049,
      "kelly_fraction": 0.0035
    },
    {
      "horse_number": 8,
      "horse_name": "マイチバイ",
      "win_odds": 33.2,
      "ev_score": 2.1859,
      "kelly_fraction": 0.0037
    },
    {
      "horse_number": 4,
      "horse_name": "ベルバード",
      "win_odds": 22.1,
      "ev_score": 1.7552,
      "kelly_fraction": 0.0036
    }
  ],
  "honmei_bets": {
    "race_id": "202605020505",
    "model_type": "本命",
    "bets": [
      {
        "bet_type": "単勝",
        "combinations": [
          [
            2
          ]
        ],
        "horse_names": [
          "ホカミテダメ"
        ],
        "expected_value": 5.0,
        "model_score": 0.172,
        "recommended_bet": 1000.0,
        "confidence": 0.172,
        "notes": "確率1位 P(win)=0.17 odds=65.9 EV=5.00"
      },
      {
        "bet_type": "複勝",
        "combinations": [
          [
            2
          ],
          [
            9
          ],
          [
            7
          ]
        ],
        "horse_names": [
          "ホカミテダメ",
          "グランマエストロ",
          "ブロークンハート"
        ],
        "expected_value": 0.464,
        "model_score": 0.155,
        "recommended_bet": 300,
        "confidence": 0.155,
        "notes": "上位3頭を複勝"
      },
      {
        "bet_type": "馬連",
        "combinations": [
          [
            2,
            9
          ],
          [
            2,
            7
          ],
          [
            2,
            12
          ],
          [
            2,
            11
          ],
          [
            1,
            2
          ]
        ],
        "horse_names": [
          "ホカミテダメ",
          "グランマエストロ",
          "ホカミテダメ",
          "ブロークンハート",
          "ホカミテダメ",
          "ツイスティドシルク",
          "ホカミテダメ",
          "ワディアルリヤハ",
          "イトシサ",
          "ホカミテダメ"
        ],
        "expected_value": 2.791,
        "model_score": 0.011,
        "recommended_bet": 500,
        "confidence": 0.011,
        "notes": "軸2番×相手5頭フォーメーション Harville最大=0.011"
      },
      {
        "bet_type": "ワイド",
        "combinations": [
          [
            2,
            9
          ],
          [
            2,
            7
          ],
          [
            2,
            12
          ],
          [
            2,
            11
          ],
          [
            1,
            2
          ]
        ],
        "horse_names": [
          "ホカミテダメ",
          "グランマエストロ",
          "ホカミテダメ",
          "ブロークンハート",
          "ホカミテダメ",
          "ツイスティドシルク",
          "ホカミテダメ",
          "ワディアルリヤハ",
          "イトシサ",
          "ホカミテダメ"
        ],
        "expected_value": 1.316,
        "model_score": 0.011,
        "recommended_bet": 500,
        "confidence": 0.014,
        "notes": "軸2番×相手5頭ワイド Harville最大=0.011"
      },
      {
        "bet_type": "馬単",
        "combinations": [
          [
            2,
            9
          ],
          [
            2,
            7
          ],
          [
            2,
            12
          ]
        ],
        "horse_names": [
          "ホカミテダメ",
          "グランマエストロ",
          "ホカミテダメ",
          "ブロークンハート",
          "ホカミテダメ",
          "ツイスティドシルク"
        ],
        "expected_value": 2.522,
        "model_score": 0.005,
        "recommended_bet": 300,
        "confidence": 0.041,
        "notes": "軸2番→相手3頭フォーメーション Harville最大=0.005"
      },
      {
        "bet_type": "三連複",
        "combinations": [
          [
            7,
            9,
            11
          ],
          [
            7,
            9,
            12
          ]
        ],
        "horse_names": [
          "ブロークンハート",
          "グランマエストロ",
          "ワディアルリヤハ",
          "ツイスティドシルク"
        ],
        "expected_value": 5.0,
        "model_score": 0.006,
        "recommended_bet": 600,
        "confidence": 0.075,
        "notes": "合成EV最大=5.00 2点 馬番=[(7, 9, 11), (7, 9, 12)]"
      },
      {
        "bet_type": "三連単",
        "combinations": [
          [
            2,
            9,
            7
          ],
          [
            2,
            7,
            9
          ],
          [
            9,
            2,
            7
          ],
          [
            9,
            7,
            2
          ],
          [
            7,
            2,
            9
          ],
          [
            7,
            9,
            2
          ],
          [
            2,
            9,
            12
          ],
          [
            2,
            12,
            9
          ],
          [
            9,
            2,
            12
          ],
          [
            9,
            12,
            2
          ],
          [
            12,
            2,
            9
          ],
          [
            12,
            9,
            2
          ],
          [
            2,
            9,
            11
          ],
          [
            2,
            11,
            9
          ],
          [
            9,
            2,
            11
          ],
          [
            9,
            11,
            2
          ],
          [
            11,
            2,
            9
          ],
          [
            11,
            9,
            2
          ],
          [
            2,
            9,
            1
          ],
          [
            2,
            1,
            9
          ],
          [
            9,
            2,
            1
          ],
          [
            9,
            1,
            2
          ],
          [
            1,
            2,
            9
          ],
          [
            1,
            9,
            2
          ],
          [
            2,
            9,
            3
          ],
          [
            2,
            3,
            9
          ],
          [
            9,
            2,
            3
          ],
          [
            9,
            3,
            2
          ],
          [
            3,
            2,
            9
          ],
          [
            3,
            9,
            2
          ],
          [
            2,
            7,
            12
          ],
          [
            2,
            12,
            7
          ],
          [
            7,
            2,
            12
          ],
          [
            7,
            12,
            2
          ],
          [
            12,
            2,
            7
          ],
          [
            12,
            7,
            2
          ],
          [
            2,
            7,
            11
          ],
          [
            2,
            11,
            7
          ],
          [
            7,
            2,
            11
          ],
          [
            7,
            11,
            2
          ],
          [
            11,
            2,
            7
          ],
          [
            11,
            7,
            2
          ],
          [
            2,
            7,
            1
          ],
          [
            2,
            1,
            7
          ],
          [
            7,
            2,
            1
          ],
          [
            7,
            1,
            2
          ],
          [
            1,
            2,
            7
          ],
          [
            1,
            7,
            2
          ],
          [
            2,
            7,
            3
          ],
          [
            2,
            3,
            7
          ],
          [
            7,
            2,
            3
          ],
          [
            7,
            3,
            2
          ],
          [
            3,
            2,
            7
          ],
          [
            3,
            7,
            2
          ],
          [
            2,
            12,
            11
          ],
          [
            2,
            11,
            12
          ],
          [
            12,
            2,
            11
          ],
          [
            12,
            11,
            2
          ],
          [
            11,
            2,
            12
          ],
          [
            11,
            12,
            2
          ],
          [
            2,
            12,
            1
          ],
          [
            2,
            1,
            12
          ],
          [
            12,
            2,
            1
          ],
          [
            12,
            1,
            2
          ],
          [
            1,
            2,
            12
          ],
          [
            1,
            12,
            2
          ],
          [
            2,
            12,
            3
          ],
          [
            2,
            3,
            12
          ],
          [
            12,
            2,
            3
          ],
          [
            12,
            3,
            2
          ],
          [
            3,
            2,
            12
          ],
          [
            3,
            12,
            2
          ],
          [
            2,
            11,
            1
          ],
          [
            2,
            1,
            11
          ],
          [
            11,
            2,
            1
          ],
          [
            11,
            1,
            2
          ],
          [
            1,
            2,
            11
          ],
          [
            1,
            11,
            2
          ],
          [
            2,
            11,
            3
          ],
          [
            2,
            3,
            11
          ],
          [
            11,
            2,
            3
          ],
          [
            11,
            3,
            2
          ],
          [
            3,
            2,
            11
          ],
          [
            3,
            11,
            2
          ],
          [
            2,
            1,
            3
          ],
          [
            2,
            3,
            1
          ],
          [
            1,
            2,
            3
          ],
          [
            1,
            3,
            2
          ],
          [
            3,
            2,
            1
          ],
          [
            3,
            1,
            2
          ]
        ],
        "horse_names": [
          "ホカミテダメ",
          "グランマエストロ",
          "ブロークンハート",
          "ツイスティドシルク",
          "ワディアルリヤハ",
          "イトシサ",
          "モンサンドール"
        ],
        "expected_value": 6.0,
        "model_score": 0.004,
        "recommended_bet": 1000.0,
        "confidence": 0.107,
        "notes": "1頭軸マルチ 軸=2番 相手=[9, 7, 12, 11, 1, 3] 90点 Harville最大=0.0036"
      }
    ]
  },
  "manji_bets": {
    "race_id": "202605020505",
    "model_type": "卍",
    "bets": [
      {
        "bet_type": "単勝",
        "combinations": [
          [
            1
          ]
        ],
        "horse_names": [
          "イトシサ"
        ],
        "expected_value": 3.55,
        "model_score": 3.55,
        "recommended_bet": 1000.0,
        "confidence": 0.563,
        "notes": "確率1位(卍) EV=3.55 odds=6.3"
      },
      {
        "bet_type": "複勝",
        "combinations": [
          [
            1
          ],
          [
            14
          ],
          [
            15
          ]
        ],
        "horse_names": [
          "イトシサ",
          "シャインアルプス",
          "ルビーサンセット"
        ],
        "expected_value": 2.195,
        "model_score": 2.195,
        "recommended_bet": 300,
        "confidence": 0.6,
        "notes": "確率上位3頭を複勝"
      },
      {
        "bet_type": "馬連",
        "combinations": [
          [
            1,
            14
          ],
          [
            1,
            15
          ],
          [
            1,
            18
          ],
          [
            1,
            10
          ],
          [
            1,
            9
          ]
        ],
        "horse_names": [
          "イトシサ",
          "シャインアルプス",
          "イトシサ",
          "ルビーサンセット",
          "イトシサ",
          "エルミー",
          "イトシサ",
          "リオクリスハーレー",
          "イトシサ",
          "グランマエストロ"
        ],
        "expected_value": 1.65,
        "model_score": 0.066,
        "recommended_bet": 500,
        "confidence": 0.33,
        "notes": "軸1番×相手5頭フォーメーション Harville最大=0.066"
      },
      {
        "bet_type": "ワイド",
        "combinations": [
          [
            1,
            14
          ],
          [
            1,
            15
          ],
          [
            1,
            18
          ],
          [
            1,
            10
          ],
          [
            1,
            9
          ]
        ],
        "horse_names": [
          "イトシサ",
          "シャインアルプス",
          "イトシサ",
          "ルビーサンセット",
          "イトシサ",
          "エルミー",
          "イトシサ",
          "リオクリスハーレー",
          "イトシサ",
          "グランマエストロ"
        ],
        "expected_value": 0.778,
        "model_score": 0.066,
        "recommended_bet": 500,
        "confidence": 0.396,
        "notes": "軸1番×相手5頭ワイド Harville最大=0.066"
      },
      {
        "bet_type": "馬単",
        "combinations": [
          [
            1,
            14
          ],
          [
            1,
            15
          ],
          [
            1,
            18
          ]
        ],
        "horse_names": [
          "イトシサ",
          "シャインアルプス",
          "イトシサ",
          "ルビーサンセット",
          "イトシサ",
          "エルミー"
        ],
        "expected_value": 1.669,
        "model_score": 0.036,
        "recommended_bet": 300,
        "confidence": 0.286,
        "notes": "軸1番→相手3頭フォーメーション Harville最大=0.036"
      },
      {
        "bet_type": "三連複",
        "combinations": [
          [
            1,
            14,
            15
          ]
        ],
        "horse_names": [
          "イトシサ",
          "シャインアルプス",
          "ルビーサンセット"
        ],
        "expected_value": 2.124,
        "model_score": 0.027,
        "recommended_bet": 300,
        "confidence": 0.405,
        "notes": "合成EV=2.12 Harville=0.0270 馬番=(1, 14, 15)"
      },
      {
        "bet_type": "三連複",
        "combinations": [
          [
            1,
            14,
            18
          ]
        ],
        "horse_names": [
          "イトシサ",
          "シャインアルプス",
          "エルミー"
        ],
        "expected_value": 1.6,
        "model_score": 0.02,
        "recommended_bet": 300,
        "confidence": 0.305,
        "notes": "合成EV=1.60 Harville=0.0204 馬番=(1, 14, 18)"
      },
      {
        "bet_type": "三連複",
        "combinations": [
          [
            1,
            10,
            14
          ]
        ],
        "horse_names": [
          "イトシサ",
          "リオクリスハーレー",
          "シャインアルプス"
        ],
        "expected_value": 1.386,
        "model_score": 0.018,
        "recommended_bet": 300,
        "confidence": 0.265,
        "notes": "合成EV=1.39 Harville=0.0176 馬番=(1, 10, 14)"
      }
    ]
  },
  "provisional": false
}
{
  "race_id": "202608030505",
  "generated_at": "2026-05-09T11:40:11.999731",
  "bias": {
    "today_inner_bias": -0.14285714285714285,
    "today_front_bias": 1.0,
    "today_race_count": 1
  },
  "horses": [
    {
      "horse_number": 1,
      "horse_name": "マイリトルヒーロー",
      "horse_id": "2023106785",
      "sex_age": "牡1",
      "weight_carried": 57.0,
      "horse_weight": null,
      "win_odds": 17.0,
      "popularity": 8,
      "honmei_score": 0.1716,
      "ev_score": 2.9178,
      "kelly_fraction": 0.012,
      "manji_ev": 0.8565,
      "odds_vs_morning": 1.0,
      "odds_velocity": null
    },
    {
      "horse_number": 2,
      "horse_name": "ルートサーティーン",
      "horse_id": "2023103782",
      "sex_age": "牡5",
      "weight_carried": 57.0,
      "horse_weight": null,
      "win_odds": 5.9,
      "popularity": 3,
      "honmei_score": 0.1028,
      "ev_score": 0.6067,
      "kelly_fraction": 0.0,
      "manji_ev": 0.6186,
      "odds_vs_morning": 1.0,
      "odds_velocity": null
    },
    {
      "horse_number": 3,
      "horse_name": "ダークマルス",
      "horse_id": "2023100933",
      "sex_age": "騸4",
      "weight_carried": 57.0,
      "horse_weight": null,
      "win_odds": 3.1,
      "popularity": 1,
      "honmei_score": 0.1028,
      "ev_score": 0.3188,
      "kelly_fraction": 0.0,
      "manji_ev": 0.8549,
      "odds_vs_morning": 1.0,
      "odds_velocity": null
    },
    {
      "horse_number": 4,
      "horse_name": "レッドリガーレ",
      "horse_id": "2023106614",
      "sex_age": "牡4",
      "weight_carried": 57.0,
      "horse_weight": null,
      "win_odds": 8.9,
      "popularity": 5,
      "honmei_score": 0.1716,
      "ev_score": 1.5276,
      "kelly_fraction": 0.0067,
      "manji_ev": 0.5893,
      "odds_vs_morning": 1.0,
      "odds_velocity": null
    },
    {
      "horse_number": 5,
      "horse_name": "カクウチ",
      "horse_id": "2023101405",
      "sex_age": "牡3",
      "weight_carried": 57.0,
      "horse_weight": null,
      "win_odds": 11.9,
      "popularity": 7,
      "honmei_score": 0.2105,
      "ev_score": 2.5053,
      "kelly_fraction": 0.0138,
      "manji_ev": 4.5658,
      "odds_vs_morning": 1.0,
      "odds_velocity": null
    },
    {
      "horse_number": 6,
      "horse_name": "ラヴリーティアラ",
      "horse_id": "2023107290",
      "sex_age": "牝3",
      "weight_carried": 55.0,
      "horse_weight": null,
      "win_odds": 8.1,
      "popularity": 4,
      "honmei_score": 0.0782,
      "ev_score": 0.6335,
      "kelly_fraction": 0.0,
      "manji_ev": 1.0406,
      "odds_vs_morning": 1.0,
      "odds_velocity": null
    },
    {
      "horse_number": 7,
      "horse_name": "コルテオソレイユ",
      "horse_id": "2023105084",
      "sex_age": "牡7",
      "weight_carried": 57.0,
      "horse_weight": null,
      "win_odds": 3.2,
      "popularity": 2,
      "honmei_score": 0.1716,
      "ev_score": 0.5492,
      "kelly_fraction": 0.0,
      "manji_ev": 2.2687,
      "odds_vs_morning": 1.0,
      "odds_velocity": null
    },
    {
      "horse_number": 8,
      "horse_name": "ナムラヒナギク",
      "horse_id": "2023106226",
      "sex_age": "牝3",
      "weight_carried": 55.0,
      "horse_weight": null,
      "win_odds": 11.6,
      "popularity": 6,
      "honmei_score": 0.0549,
      "ev_score": 0.6364,
      "kelly_fraction": 0.0,
      "manji_ev": 0.2184,
      "odds_vs_morning": 1.0,
      "odds_velocity": null
    }
  ],
  "ev_recommend": [
    {
      "horse_number": 1,
      "horse_name": "マイリトルヒーロー",
      "win_odds": 17.0,
      "ev_score": 2.9178,
      "kelly_fraction": 0.012
    },
    {
      "horse_number": 5,
      "horse_name": "カクウチ",
      "win_odds": 11.9,
      "ev_score": 2.5053,
      "kelly_fraction": 0.0138
    },
    {
      "horse_number": 4,
      "horse_name": "レッドリガーレ",
      "win_odds": 8.9,
      "ev_score": 1.5276,
      "kelly_fraction": 0.0067
    }
  ],
  "honmei_bets": {
    "race_id": "202608030505",
    "model_type": "本命",
    "bets": [
      {
        "bet_type": "単勝",
        "combinations": [
          [
            5
          ]
        ],
        "horse_names": [
          "カクウチ"
        ],
        "expected_value": 2.505,
        "model_score": 0.211,
        "recommended_bet": 1000.0,
        "confidence": 0.211,
        "notes": "確率1位 P(win)=0.21 odds=11.9 EV=2.51"
      },
      {
        "bet_type": "複勝",
        "combinations": [
          [
            5
          ],
          [
            1
          ],
          [
            7
          ]
        ],
        "horse_names": [
          "カクウチ",
          "マイリトルヒーロー",
          "コルテオソレイユ"
        ],
        "expected_value": 0.554,
        "model_score": 0.185,
        "recommended_bet": 300,
        "confidence": 0.185,
        "notes": "上位3頭を複勝"
      },
      {
        "bet_type": "馬連",
        "combinations": [
          [
            1,
            5
          ],
          [
            5,
            7
          ],
          [
            4,
            5
          ],
          [
            3,
            5
          ],
          [
            2,
            5
          ]
        ],
        "horse_names": [
          "マイリトルヒーロー",
          "カクウチ",
          "カクウチ",
          "コルテオソレイユ",
          "レッドリガーレ",
          "カクウチ",
          "ダークマルス",
          "カクウチ",
          "ルートサーティーン",
          "カクウチ"
        ],
        "expected_value": 3.671,
        "model_score": 0.078,
        "recommended_bet": 500,
        "confidence": 0.078,
        "notes": "軸5番×相手5頭フォーメーション Harville最大=0.078"
      },
      {
        "bet_type": "ワイド",
        "combinations": [
          [
            1,
            5
          ],
          [
            5,
            7
          ],
          [
            4,
            5
          ],
          [
            3,
            5
          ],
          [
            2,
            5
          ]
        ],
        "horse_names": [
          "マイリトルヒーロー",
          "カクウチ",
          "カクウチ",
          "コルテオソレイユ",
          "レッドリガーレ",
          "カクウチ",
          "ダークマルス",
          "カクウチ",
          "ルートサーティーン",
          "カクウチ"
        ],
        "expected_value": 1.731,
        "model_score": 0.078,
        "recommended_bet": 500,
        "confidence": 0.101,
        "notes": "軸5番×相手5頭ワイド Harville最大=0.078"
      },
      {
        "bet_type": "馬単",
        "combinations": [
          [
            5,
            1
          ],
          [
            5,
            7
          ],
          [
            5,
            4
          ]
        ],
        "horse_names": [
          "カクウチ",
          "マイリトルヒーロー",
          "カクウチ",
          "コルテオソレイユ",
          "カクウチ",
          "レッドリガーレ"
        ],
        "expected_value": 3.513,
        "model_score": 0.04,
        "recommended_bet": 300,
        "confidence": 0.318,
        "notes": "軸5番→相手3頭フォーメーション Harville最大=0.040"
      },
      {
        "bet_type": "三連複",
        "combinations": [
          [
            1,
            5,
            7
          ],
          [
            1,
            4,
            5
          ]
        ],
        "horse_names": [
          "マイリトルヒーロー",
          "カクウチ",
          "コルテオソレイユ",
          "レッドリガーレ"
        ],
        "expected_value": 5.0,
        "model_score": 0.057,
        "recommended_bet": 600,
        "confidence": 0.687,
        "notes": "合成EV最大=5.00 2点 馬番=[(1, 5, 7), (1, 4, 5)]"
      },
      {
        "bet_type": "三連単",
        "combinations": [
          [
            5,
            1,
            7
          ],
          [
            5,
            7,
            1
          ],
          [
            1,
            5,
            7
          ],
          [
            1,
            7,
            5
          ],
          [
            7,
            5,
            1
          ],
          [
            7,
            1,
            5
          ],
          [
            5,
            1,
            4
          ],
          [
            5,
            4,
            1
          ],
          [
            1,
            5,
            4
          ],
          [
            1,
            4,
            5
          ],
          [
            4,
            5,
            1
          ],
          [
            4,
            1,
            5
          ],
          [
            5,
            1,
            3
          ],
          [
            5,
            3,
            1
          ],
          [
            1,
            5,
            3
          ],
          [
            1,
            3,
            5
          ],
          [
            3,
            5,
            1
          ],
          [
            3,
            1,
            5
          ],
          [
            5,
            1,
            2
          ],
          [
            5,
            2,
            1
          ],
          [
            1,
            5,
            2
          ],
          [
            1,
            2,
            5
          ],
          [
            2,
            5,
            1
          ],
          [
            2,
            1,
            5
          ],
          [
            5,
            1,
            6
          ],
          [
            5,
            6,
            1
          ],
          [
            1,
            5,
            6
          ],
          [
            1,
            6,
            5
          ],
          [
            6,
            5,
            1
          ],
          [
            6,
            1,
            5
          ],
          [
            5,
            7,
            4
          ],
          [
            5,
            4,
            7
          ],
          [
            7,
            5,
            4
          ],
          [
            7,
            4,
            5
          ],
          [
            4,
            5,
            7
          ],
          [
            4,
            7,
            5
          ],
          [
            5,
            7,
            3
          ],
          [
            5,
            3,
            7
          ],
          [
            7,
            5,
            3
          ],
          [
            7,
            3,
            5
          ],
          [
            3,
            5,
            7
          ],
          [
            3,
            7,
            5
          ],
          [
            5,
            7,
            2
          ],
          [
            5,
            2,
            7
          ],
          [
            7,
            5,
            2
          ],
          [
            7,
            2,
            5
          ],
          [
            2,
            5,
            7
          ],
          [
            2,
            7,
            5
          ],
          [
            5,
            7,
            6
          ],
          [
            5,
            6,
            7
          ],
          [
            7,
            5,
            6
          ],
          [
            7,
            6,
            5
          ],
          [
            6,
            5,
            7
          ],
          [
            6,
            7,
            5
          ],
          [
            5,
            4,
            3
          ],
          [
            5,
            3,
            4
          ],
          [
            4,
            5,
            3
          ],
          [
            4,
            3,
            5
          ],
          [
            3,
            5,
            4
          ],
          [
            3,
            4,
            5
          ],
          [
            5,
            4,
            2
          ],
          [
            5,
            2,
            4
          ],
          [
            4,
            5,
            2
          ],
          [
            4,
            2,
            5
          ],
          [
            2,
            5,
            4
          ],
          [
            2,
            4,
            5
          ],
          [
            5,
            4,
            6
          ],
          [
            5,
            6,
            4
          ],
          [
            4,
            5,
            6
          ],
          [
            4,
            6,
            5
          ],
          [
            6,
            5,
            4
          ],
          [
            6,
            4,
            5
          ],
          [
            5,
            3,
            2
          ],
          [
            5,
            2,
            3
          ],
          [
            3,
            5,
            2
          ],
          [
            3,
            2,
            5
          ],
          [
            2,
            5,
            3
          ],
          [
            2,
            3,
            5
          ],
          [
            5,
            3,
            6
          ],
          [
            5,
            6,
            3
          ],
          [
            3,
            5,
            6
          ],
          [
            3,
            6,
            5
          ],
          [
            6,
            5,
            3
          ],
          [
            6,
            3,
            5
          ],
          [
            5,
            2,
            6
          ],
          [
            5,
            6,
            2
          ],
          [
            2,
            5,
            6
          ],
          [
            2,
            6,
            5
          ],
          [
            6,
            5,
            2
          ],
          [
            6,
            2,
            5
          ]
        ],
        "horse_names": [
          "カクウチ",
          "マイリトルヒーロー",
          "コルテオソレイユ",
          "レッドリガーレ",
          "ダークマルス",
          "ルートサーティーン",
          "ラヴリーティアラ"
        ],
        "expected_value": 6.0,
        "model_score": 0.057,
        "recommended_bet": 1000.0,
        "confidence": 1.0,
        "notes": "1頭軸マルチ 軸=5番 相手=[1, 7, 4, 3, 2, 6] 90点 Harville最大=0.0573"
      }
    ]
  },
  "manji_bets": {
    "race_id": "202608030505",
    "model_type": "卍",
    "bets": [
      {
        "bet_type": "単勝",
        "combinations": [
          [
            5
          ]
        ],
        "horse_names": [
          "カクウチ"
        ],
        "expected_value": 4.566,
        "model_score": 4.566,
        "recommended_bet": 1000.0,
        "confidence": 0.384,
        "notes": "確率1位(卍) EV=4.57 odds=11.9"
      },
      {
        "bet_type": "複勝",
        "combinations": [
          [
            5
          ],
          [
            7
          ],
          [
            6
          ]
        ],
        "horse_names": [
          "カクウチ",
          "コルテオソレイユ",
          "ラヴリーティアラ"
        ],
        "expected_value": 2.625,
        "model_score": 2.625,
        "recommended_bet": 300,
        "confidence": 0.6,
        "notes": "確率上位3頭を複勝"
      },
      {
        "bet_type": "馬連",
        "combinations": [
          [
            5,
            7
          ],
          [
            5,
            6
          ],
          [
            1,
            5
          ],
          [
            3,
            5
          ],
          [
            2,
            5
          ]
        ],
        "horse_names": [
          "カクウチ",
          "コルテオソレイユ",
          "カクウチ",
          "ラヴリーティアラ",
          "マイリトルヒーロー",
          "カクウチ",
          "ダークマルス",
          "カクウチ",
          "ルートサーティーン",
          "カクウチ"
        ],
        "expected_value": 4.0,
        "model_score": 0.253,
        "recommended_bet": 500,
        "confidence": 1.0,
        "notes": "軸5番×相手5頭フォーメーション Harville最大=0.253"
      },
      {
        "bet_type": "ワイド",
        "combinations": [
          [
            5,
            7
          ],
          [
            5,
            6
          ],
          [
            1,
            5
          ],
          [
            3,
            5
          ],
          [
            2,
            5
          ]
        ],
        "horse_names": [
          "カクウチ",
          "コルテオソレイユ",
          "カクウチ",
          "ラヴリーティアラ",
          "マイリトルヒーロー",
          "カクウチ",
          "ダークマルス",
          "カクウチ",
          "ルートサーティーン",
          "カクウチ"
        ],
        "expected_value": 3.0,
        "model_score": 0.253,
        "recommended_bet": 500,
        "confidence": 1.0,
        "notes": "軸5番×相手5頭ワイド Harville最大=0.253"
      },
      {
        "bet_type": "馬単",
        "combinations": [
          [
            5,
            7
          ],
          [
            5,
            6
          ],
          [
            5,
            1
          ]
        ],
        "horse_names": [
          "カクウチ",
          "コルテオソレイユ",
          "カクウチ",
          "ラヴリーティアラ",
          "カクウチ",
          "マイリトルヒーロー"
        ],
        "expected_value": 5.0,
        "model_score": 0.146,
        "recommended_bet": 300,
        "confidence": 1.0,
        "notes": "軸5番→相手3頭フォーメーション Harville最大=0.146"
      },
      {
        "bet_type": "三連複",
        "combinations": [
          [
            5,
            6,
            7
          ]
        ],
        "horse_names": [
          "カクウチ",
          "ラヴリーティアラ",
          "コルテオソレイユ"
        ],
        "expected_value": 5.0,
        "model_score": 0.137,
        "recommended_bet": 300,
        "confidence": 1.0,
        "notes": "合成EV=5.00 Harville=0.1366 馬番=(5, 6, 7)"
      },
      {
        "bet_type": "三連複",
        "combinations": [
          [
            1,
            5,
            7
          ]
        ],
        "horse_names": [
          "マイリトルヒーロー",
          "カクウチ",
          "コルテオソレイユ"
        ],
        "expected_value": 5.0,
        "model_score": 0.11,
        "recommended_bet": 300,
        "confidence": 1.0,
        "notes": "合成EV=5.00 Harville=0.1102 馬番=(1, 5, 7)"
      },
      {
        "bet_type": "三連複",
        "combinations": [
          [
            3,
            5,
            7
          ]
        ],
        "horse_names": [
          "ダークマルス",
          "カクウチ",
          "コルテオソレイユ"
        ],
        "expected_value": 5.0,
        "model_score": 0.11,
        "recommended_bet": 300,
        "confidence": 1.0,
        "notes": "合成EV=5.00 Harville=0.1100 馬番=(3, 5, 7)"
      }
    ]
  },
  "provisional": false
}
{
  "race_id": "202604010305",
  "generated_at": "2026-05-09T11:40:12.330768",
  "bias": {
    "today_inner_bias": null,
    "today_front_bias": null,
    "today_race_count": null
  },
  "horses": [
    {
      "horse_number": 1,
      "horse_name": "マイニオサラスタス",
      "horse_id": "2023104853",
      "sex_age": "牝4",
      "weight_carried": 53.0,
      "horse_weight": null,
      "win_odds": 33.3,
      "popularity": 11,
      "honmei_score": 0.0516,
      "ev_score": 1.7184,
      "kelly_fraction": 0.0022,
      "manji_ev": 1.147,
      "odds_vs_morning": 1.0,
      "odds_velocity": null
    },
    {
      "horse_number": 2,
      "horse_name": "ナデシコザクラ",
      "horse_id": "2023103916",
      "sex_age": "牝3",
      "weight_carried": 53.0,
      "horse_weight": null,
      "win_odds": 13.2,
      "popularity": 6,
      "honmei_score": 0.1716,
      "ev_score": 2.2656,
      "kelly_fraction": 0.0104,
      "manji_ev": 1.6695,
      "odds_vs_morning": 1.0,
      "odds_velocity": null
    },
    {
      "horse_number": 3,
      "horse_name": "ザムーン",
      "horse_id": "2023101170",
      "sex_age": "牝3",
      "weight_carried": 53.0,
      "horse_weight": null,
      "win_odds": 17.3,
      "popularity": 8,
      "honmei_score": 0.0516,
      "ev_score": 0.8927,
      "kelly_fraction": 0.0,
      "manji_ev": 0.2833,
      "odds_vs_morning": 1.0,
      "odds_velocity": null
    },
    {
      "horse_number": 4,
      "horse_name": "スカイプレリュード",
      "horse_id": "2023101873",
      "sex_age": "牡3",
      "weight_carried": 54.0,
      "horse_weight": null,
      "win_odds": 15.2,
      "popularity": 7,
      "honmei_score": 0.1716,
      "ev_score": 2.6089,
      "kelly_fraction": 0.0113,
      "manji_ev": 1.2734,
      "odds_vs_morning": 1.0,
      "odds_velocity": null
    },
    {
      "horse_number": 5,
      "horse_name": "スイートポメロ",
      "horse_id": "2023102133",
      "sex_age": "牝4",
      "weight_carried": 52.0,
      "horse_weight": null,
      "win_odds": 19.3,
      "popularity": 9,
      "honmei_score": 0.0617,
      "ev_score": 1.1906,
      "kelly_fraction": 0.001,
      "manji_ev": 0.7994,
      "odds_vs_morning": 1.0,
      "odds_velocity": null
    },
    {
      "horse_number": 6,
      "horse_name": "スーパーチャイルド",
      "horse_id": "2023101206",
      "sex_age": "牡3",
      "weight_carried": 54.0,
      "horse_weight": null,
      "win_odds": 35.7,
      "popularity": 12,
      "honmei_score": 0.0432,
      "ev_score": 1.5417,
      "kelly_fraction": 0.0016,
      "manji_ev": 0.7745,
      "odds_vs_morning": 1.0,
      "odds_velocity": null
    },
    {
      "horse_number": 7,
      "horse_name": "ハルヒメ",
      "horse_id": "2023103400",
      "sex_age": "牝1",
      "weight_carried": 54.0,
      "horse_weight": null,
      "win_odds": 20.9,
      "popularity": 10,
      "honmei_score": 0.0563,
      "ev_score": 1.1772,
      "kelly_fraction": 0.0009,
      "manji_ev": 0.5539,
      "odds_vs_morning": 1.0,
      "odds_velocity": null
    },
    {
      "horse_number": 8,
      "horse_name": "ニシノタチアナ",
      "horse_id": "2023104714",
      "sex_age": "牝3",
      "weight_carried": 52.0,
      "horse_weight": null,
      "win_odds": 10.9,
      "popularity": 5,
      "honmei_score": 0.0782,
      "ev_score": 0.8524,
      "kelly_fraction": 0.0,
      "manji_ev": 0.6093,
      "odds_vs_morning": 1.0,
      "odds_velocity": null
    },
    {
      "horse_number": 9,
      "horse_name": "キングスメッセージ",
      "horse_id": "2023102372",
      "sex_age": "牡3",
      "weight_carried": 57.0,
      "horse_weight": null,
      "win_odds": 103.3,
      "popularity": 16,
      "honmei_score": 0.0549,
      "ev_score": 5.667,
      "kelly_fraction": 0.0046,
      "manji_ev": 0.501,
      "odds_vs_morning": 1.0,
      "odds_velocity": null
    },
    {
      "horse_number": 10,
      "horse_name": "ソードスレイプニル",
      "horse_id": "2023103942",
      "sex_age": "牝7",
      "weight_carried": 55.0,
      "horse_weight": null,
      "win_odds": 4.8,
      "popularity": 2,
      "honmei_score": 0.0549,
      "ev_score": 0.2633,
      "kelly_fraction": 0.0,
      "manji_ev": 0.5728,
      "odds_vs_morning": 1.0,
      "odds_velocity": null
    },
    {
      "horse_number": 11,
      "horse_name": "ニシノシャルム",
      "horse_id": "2023105138",
      "sex_age": "牝4",
      "weight_carried": 52.0,
      "horse_weight": null,
      "win_odds": 48.6,
      "popularity": 13,
      "honmei_score": 0.0428,
      "ev_score": 2.0799,
      "kelly_fraction": 0.0023,
      "manji_ev": 0.4565,
      "odds_vs_morning": 1.0,
      "odds_velocity": null
    },
    {
      "horse_number": 12,
      "horse_name": "メイショウピュルテ",
      "horse_id": "2023104818",
      "sex_age": "牝1",
      "weight_carried": 55.0,
      "horse_weight": null,
      "win_odds": 8.7,
      "popularity": 3,
      "honmei_score": 0.1443,
      "ev_score": 1.2558,
      "kelly_fraction": 0.0033,
      "manji_ev": 0.7277,
      "odds_vs_morning": 1.0,
      "odds_velocity": null
    },
    {
      "horse_number": 13,
      "horse_name": "フクノアンタレス",
      "horse_id": "2023102332",
      "sex_age": "牝3",
      "weight_carried": 53.0,
      "horse_weight": null,
      "win_odds": 10.8,
      "popularity": 4,
      "honmei_score": 0.0516,
      "ev_score": 0.5573,
      "kelly_fraction": 0.0,
      "manji_ev": 0.3734,
      "odds_vs_morning": 1.0,
      "odds_velocity": null
    },
    {
      "horse_number": 14,
      "horse_name": "ベルフィーノ",
      "horse_id": "2023101013",
      "sex_age": "牝4",
      "weight_carried": 51.0,
      "horse_weight": null,
      "win_odds": 55.4,
      "popularity": 14,
      "honmei_score": 0.0546,
      "ev_score": 3.0273,
      "kelly_fraction": 0.0037,
      "manji_ev": 0.3459,
      "odds_vs_morning": 1.0,
      "odds_velocity": null
    },
    {
      "horse_number": 15,
      "horse_name": "エーデルハイ",
      "horse_id": "2023103047",
      "sex_age": "牝3",
      "weight_carried": 52.0,
      "horse_weight": null,
      "win_odds": 72.0,
      "popularity": 15,
      "honmei_score": 0.0432,
      "ev_score": 3.1094,
      "kelly_fraction": 0.003,
      "manji_ev": 0.1119,
      "odds_vs_morning": 1.0,
      "odds_velocity": null
    },
    {
      "horse_number": 16,
      "horse_name": "マイネルユーゲント",
      "horse_id": "2023100143",
      "sex_age": "牡3",
      "weight_carried": 54.0,
      "horse_weight": null,
      "win_odds": 3.0,
      "popularity": 1,
      "honmei_score": 0.1478,
      "ev_score": 0.4435,
      "kelly_fraction": 0.0,
      "manji_ev": 1.2869,
      "odds_vs_morning": 1.0,
      "odds_velocity": null
    }
  ],
  "ev_recommend": [
    {
      "horse_number": 9,
      "horse_name": "キングスメッセージ",
      "win_odds": 103.3,
      "ev_score": 5.667,
      "kelly_fraction": 0.0046
    },
    {
      "horse_number": 15,
      "horse_name": "エーデルハイ",
      "win_odds": 72.0,
      "ev_score": 3.1094,
      "kelly_fraction": 0.003
    },
    {
      "horse_number": 14,
      "horse_name": "ベルフィーノ",
      "win_odds": 55.4,
      "ev_score": 3.0273,
      "kelly_fraction": 0.0037
    },
    {
      "horse_number": 4,
      "horse_name": "スカイプレリュード",
      "win_odds": 15.2,
      "ev_score": 2.6089,
      "kelly_fraction": 0.0113
    },
    {
      "horse_number": 2,
      "horse_name": "ナデシコザクラ",
      "win_odds": 13.2,
      "ev_score": 2.2656,
      "kelly_fraction": 0.0104
    },
    {
      "horse_number": 11,
      "horse_name": "ニシノシャルム",
      "win_odds": 48.6,
      "ev_score": 2.0799,
      "kelly_fraction": 0.0023
    },
    {
      "horse_number": 1,
      "horse_name": "マイニオサラスタス",
      "win_odds": 33.3,
      "ev_score": 1.7184,
      "kelly_fraction": 0.0022
    },
    {
      "horse_number": 6,
      "horse_name": "スーパーチャイルド",
      "win_odds": 35.7,
      "ev_score": 1.5417,
      "kelly_fraction": 0.0016
    },
    {
      "horse_number": 12,
      "horse_name": "メイショウピュルテ",
      "win_odds": 8.7,
      "ev_score": 1.2558,
      "kelly_fraction": 0.0033
    },
    {
      "horse_number": 5,
      "horse_name": "スイートポメロ",
      "win_odds": 19.3,
      "ev_score": 1.1906,
      "kelly_fraction": 0.001
    },
    {
      "horse_number": 7,
      "horse_name": "ハルヒメ",
      "win_odds": 20.9,
      "ev_score": 1.1772,
      "kelly_fraction": 0.0009
    }
  ],
  "honmei_bets": {
    "race_id": "202604010305",
    "model_type": "本命",
    "bets": [
      {
        "bet_type": "単勝",
        "combinations": [
          [
            2
          ]
        ],
        "horse_names": [
          "ナデシコザクラ"
        ],
        "expected_value": 2.266,
        "model_score": 0.172,
        "recommended_bet": 1000.0,
        "confidence": 0.172,
        "notes": "確率1位 P(win)=0.17 odds=13.2 EV=2.27"
      },
      {
        "bet_type": "複勝",
        "combinations": [
          [
            2
          ],
          [
            4
          ],
          [
            16
          ]
        ],
        "horse_names": [
          "ナデシコザクラ",
          "スカイプレリュード",
          "マイネルユーゲント"
        ],
        "expected_value": 0.491,
        "model_score": 0.164,
        "recommended_bet": 300,
        "confidence": 0.164,
        "notes": "上位3頭を複勝"
      },
      {
        "bet_type": "馬連",
        "combinations": [
          [
            2,
            4
          ],
          [
            2,
            16
          ],
          [
            2,
            12
          ],
          [
            2,
            8
          ],
          [
            2,
            5
          ]
        ],
        "horse_names": [
          "ナデシコザクラ",
          "スカイプレリュード",
          "ナデシコザクラ",
          "マイネルユーゲント",
          "ナデシコザクラ",
          "メイショウピュルテ",
          "ナデシコザクラ",
          "ニシノタチアナ",
          "ナデシコザクラ",
          "スイートポメロ"
        ],
        "expected_value": 2.233,
        "model_score": 0.043,
        "recommended_bet": 500,
        "confidence": 0.043,
        "notes": "軸2番×相手5頭フォーメーション Harville最大=0.043"
      },
      {
        "bet_type": "ワイド",
        "combinations": [
          [
            2,
            4
          ],
          [
            2,
            16
          ],
          [
            2,
            12
          ],
          [
            2,
            8
          ],
          [
            2,
            5
          ]
        ],
        "horse_names": [
          "ナデシコザクラ",
          "スカイプレリュード",
          "ナデシコザクラ",
          "マイネルユーゲント",
          "ナデシコザクラ",
          "メイショウピュルテ",
          "ナデシコザクラ",
          "ニシノタチアナ",
          "ナデシコザクラ",
          "スイートポメロ"
        ],
        "expected_value": 1.053,
        "model_score": 0.043,
        "recommended_bet": 500,
        "confidence": 0.055,
        "notes": "軸2番×相手5頭ワイド Harville最大=0.043"
      },
      {
        "bet_type": "馬単",
        "combinations": [
          [
            2,
            4
          ],
          [
            2,
            16
          ],
          [
            2,
            12
          ]
        ],
        "horse_names": [
          "ナデシコザクラ",
          "スカイプレリュード",
          "ナデシコザクラ",
          "マイネルユーゲント",
          "ナデシコザクラ",
          "メイショウピュルテ"
        ],
        "expected_value": 2.091,
        "model_score": 0.021,
        "recommended_bet": 300,
        "confidence": 0.171,
        "notes": "軸2番→相手3頭フォーメーション Harville最大=0.021"
      },
      {
        "bet_type": "三連複",
        "combinations": [
          [
            2,
            4,
            16
          ],
          [
            2,
            4,
            12
          ]
        ],
        "horse_names": [
          "ナデシコザクラ",
          "スカイプレリュード",
          "マイネルユーゲント",
          "メイショウピュルテ"
        ],
        "expected_value": 3.304,
        "model_score": 0.02,
        "recommended_bet": 600,
        "confidence": 0.241,
        "notes": "合成EV最大=3.30 2点 馬番=[(2, 4, 16), (2, 4, 12)]"
      },
      {
        "bet_type": "三連単",
        "combinations": [
          [
            2,
            4,
            16
          ],
          [
            2,
            16,
            4
          ],
          [
            4,
            2,
            16
          ],
          [
            4,
            16,
            2
          ],
          [
            16,
            2,
            4
          ],
          [
            16,
            4,
            2
          ],
          [
            2,
            4,
            12
          ],
          [
            2,
            12,
            4
          ],
          [
            4,
            2,
            12
          ],
          [
            4,
            12,
            2
          ],
          [
            12,
            2,
            4
          ],
          [
            12,
            4,
            2
          ],
          [
            2,
            4,
            8
          ],
          [
            2,
            8,
            4
          ],
          [
            4,
            2,
            8
          ],
          [
            4,
            8,
            2
          ],
          [
            8,
            2,
            4
          ],
          [
            8,
            4,
            2
          ],
          [
            2,
            4,
            5
          ],
          [
            2,
            5,
            4
          ],
          [
            4,
            2,
            5
          ],
          [
            4,
            5,
            2
          ],
          [
            5,
            2,
            4
          ],
          [
            5,
            4,
            2
          ],
          [
            2,
            4,
            7
          ],
          [
            2,
            7,
            4
          ],
          [
            4,
            2,
            7
          ],
          [
            4,
            7,
            2
          ],
          [
            7,
            2,
            4
          ],
          [
            7,
            4,
            2
          ],
          [
            2,
            16,
            12
          ],
          [
            2,
            12,
            16
          ],
          [
            16,
            2,
            12
          ],
          [
            16,
            12,
            2
          ],
          [
            12,
            2,
            16
          ],
          [
            12,
            16,
            2
          ],
          [
            2,
            16,
            8
          ],
          [
            2,
            8,
            16
          ],
          [
            16,
            2,
            8
          ],
          [
            16,
            8,
            2
          ],
          [
            8,
            2,
            16
          ],
          [
            8,
            16,
            2
          ],
          [
            2,
            16,
            5
          ],
          [
            2,
            5,
            16
          ],
          [
            16,
            2,
            5
          ],
          [
            16,
            5,
            2
          ],
          [
            5,
            2,
            16
          ],
          [
            5,
            16,
            2
          ],
          [
            2,
            16,
            7
          ],
          [
            2,
            7,
            16
          ],
          [
            16,
            2,
            7
          ],
          [
            16,
            7,
            2
          ],
          [
            7,
            2,
            16
          ],
          [
            7,
            16,
            2
          ],
          [
            2,
            12,
            8
          ],
          [
            2,
            8,
            12
          ],
          [
            12,
            2,
            8
          ],
          [
            12,
            8,
            2
          ],
          [
            8,
            2,
            12
          ],
          [
            8,
            12,
            2
          ],
          [
            2,
            12,
            5
          ],
          [
            2,
            5,
            12
          ],
          [
            12,
            2,
            5
          ],
          [
            12,
            5,
            2
          ],
          [
            5,
            2,
            12
          ],
          [
            5,
            12,
            2
          ],
          [
            2,
            12,
            7
          ],
          [
            2,
            7,
            12
          ],
          [
            12,
            2,
            7
          ],
          [
            12,
            7,
            2
          ],
          [
            7,
            2,
            12
          ],
          [
            7,
            12,
            2
          ],
          [
            2,
            8,
            5
          ],
          [
            2,
            5,
            8
          ],
          [
            8,
            2,
            5
          ],
          [
            8,
            5,
            2
          ],
          [
            5,
            2,
            8
          ],
          [
            5,
            8,
            2
          ],
          [
            2,
            8,
            7
          ],
          [
            2,
            7,
            8
          ],
          [
            8,
            2,
            7
          ],
          [
            8,
            7,
            2
          ],
          [
            7,
            2,
            8
          ],
          [
            7,
            8,
            2
          ],
          [
            2,
            5,
            7
          ],
          [
            2,
            7,
            5
          ],
          [
            5,
            2,
            7
          ],
          [
            5,
            7,
            2
          ],
          [
            7,
            2,
            5
          ],
          [
            7,
            5,
            2
          ]
        ],
        "horse_names": [
          "ナデシコザクラ",
          "スカイプレリュード",
          "マイネルユーゲント",
          "メイショウピュルテ",
          "ニシノタチアナ",
          "スイートポメロ",
          "ハルヒメ"
        ],
        "expected_value": 6.0,
        "model_score": 0.02,
        "recommended_bet": 1000.0,
        "confidence": 0.602,
        "notes": "1頭軸マルチ 軸=2番 相手=[4, 16, 12, 8, 5, 7] 90点 Harville最大=0.0201"
      }
    ]
  },
  "manji_bets": {
    "race_id": "202604010305",
    "model_type": "卍",
    "bets": [
      {
        "bet_type": "単勝",
        "combinations": [
          [
            2
          ]
        ],
        "horse_names": [
          "ナデシコザクラ"
        ],
        "expected_value": 1.67,
        "model_score": 1.67,
        "recommended_bet": 1000.0,
        "confidence": 0.126,
        "notes": "確率1位(卍) EV=1.67 odds=13.2"
      },
      {
        "bet_type": "複勝",
        "combinations": [
          [
            2
          ],
          [
            16
          ],
          [
            4
          ]
        ],
        "horse_names": [
          "ナデシコザクラ",
          "マイネルユーゲント",
          "スカイプレリュード"
        ],
        "expected_value": 1.41,
        "model_score": 1.41,
        "recommended_bet": 300,
        "confidence": 0.6,
        "notes": "確率上位3頭を複勝"
      },
      {
        "bet_type": "馬連",
        "combinations": [
          [
            2,
            16
          ],
          [
            2,
            4
          ],
          [
            1,
            2
          ],
          [
            2,
            5
          ],
          [
            2,
            6
          ]
        ],
        "horse_names": [
          "ナデシコザクラ",
          "マイネルユーゲント",
          "ナデシコザクラ",
          "スカイプレリュード",
          "マイニオサラスタス",
          "ナデシコザクラ",
          "ナデシコザクラ",
          "スイートポメロ",
          "ナデシコザクラ",
          "スーパーチャイルド"
        ],
        "expected_value": 1.957,
        "model_score": 0.037,
        "recommended_bet": 500,
        "confidence": 0.187,
        "notes": "軸2番×相手5頭フォーメーション Harville最大=0.037"
      },
      {
        "bet_type": "ワイド",
        "combinations": [
          [
            2,
            16
          ],
          [
            2,
            4
          ],
          [
            1,
            2
          ],
          [
            2,
            5
          ],
          [
            2,
            6
          ]
        ],
        "horse_names": [
          "ナデシコザクラ",
          "マイネルユーゲント",
          "ナデシコザクラ",
          "スカイプレリュード",
          "マイニオサラスタス",
          "ナデシコザクラ",
          "ナデシコザクラ",
          "スイートポメロ",
          "ナデシコザクラ",
          "スーパーチャイルド"
        ],
        "expected_value": 0.922,
        "model_score": 0.037,
        "recommended_bet": 500,
        "confidence": 0.224,
        "notes": "軸2番×相手5頭ワイド Harville最大=0.037"
      },
      {
        "bet_type": "馬単",
        "combinations": [
          [
            2,
            16
          ],
          [
            2,
            4
          ],
          [
            2,
            1
          ]
        ],
        "horse_names": [
          "ナデシコザクラ",
          "マイネルユーゲント",
          "ナデシコザクラ",
          "スカイプレリュード",
          "ナデシコザクラ",
          "マイニオサラスタス"
        ],
        "expected_value": 1.867,
        "model_score": 0.019,
        "recommended_bet": 300,
        "confidence": 0.152,
        "notes": "軸2番→相手3頭フォーメーション Harville最大=0.019"
      },
      {
        "bet_type": "三連複",
        "combinations": [
          [
            2,
            4,
            16
          ]
        ],
        "horse_names": [
          "ナデシコザクラ",
          "スカイプレリュード",
          "マイネルユーゲント"
        ],
        "expected_value": 2.696,
        "model_score": 0.016,
        "recommended_bet": 300,
        "confidence": 0.246,
        "notes": "合成EV=2.70 Harville=0.0164 馬番=(2, 4, 16)"
      },
      {
        "bet_type": "三連複",
        "combinations": [
          [
            1,
            2,
            16
          ]
        ],
        "horse_names": [
          "マイニオサラスタス",
          "ナデシコザクラ",
          "マイネルユーゲント"
        ],
        "expected_value": 2.396,
        "model_score": 0.015,
        "recommended_bet": 300,
        "confidence": 0.218,
        "notes": "合成EV=2.40 Harville=0.0146 馬番=(1, 2, 16)"
      },
      {
        "bet_type": "三連複",
        "combinations": [
          [
            1,
            2,
            4
          ]
        ],
        "horse_names": [
          "マイニオサラスタス",
          "ナデシコザクラ",
          "スカイプレリュード"
        ],
        "expected_value": 2.368,
        "model_score": 0.014,
        "recommended_bet": 300,
        "confidence": 0.216,
        "notes": "合成EV=2.37 Harville=0.0144 馬番=(1, 2, 4)"
      }
    ]
  },
  "provisional": false
}
Exception in thread Thread-3 (_readerthread):
Traceback (most recent call last):
  File "C:\Users\sayaka\AppData\Local\Python\pythoncore-3.14-64\Lib\threading.py", line 1082, in _bootstrap_inner
    self._context.run(self.run)
    ~~~~~~~~~~~~~~~~~^^^^^^^^^^
  File "C:\Users\sayaka\AppData\Local\Python\pythoncore-3.14-64\Lib\threading.py", line 1024, in run
    self._target(*self._args, **self._kwargs)
    ~~~~~~~~~~~~^^^^^^^^^^^^^^^^^^^^^^^^^^^^^
  File "C:\Users\sayaka\AppData\Local\Python\pythoncore-3.14-64\Lib\subprocess.py", line 1613, in _readerthread
    buffer.append(fh.read())
                  ~~~~~~~^^
  File "<frozen codecs>", line 325, in decode
UnicodeDecodeError: 'utf-8' codec can't decode byte 0x92 in position 39: invalid start byte
11:40:14 INFO: [OK] R05 202605020505  [prerace] 完了
11:40:14 INFO: マイグレーション: v_race_mart ビューを再作成しました
Exception in thread Thread-1 (_readerthread):
Traceback (most recent call last):
  File "C:\Users\sayaka\AppData\Local\Python\pythoncore-3.14-64\Lib\threading.py", line 1082, in _bootstrap_inner
    self._context.run(self.run)
    ~~~~~~~~~~~~~~~~~^^^^^^^^^^
  File "C:\Users\sayaka\AppData\Local\Python\pythoncore-3.14-64\Lib\threading.py", line 1024, in run
    self._target(*self._args, **self._kwargs)
    ~~~~~~~~~~~~^^^^^^^^^^^^^^^^^^^^^^^^^^^^^
  File "C:\Users\sayaka\AppData\Local\Python\pythoncore-3.14-64\Lib\subprocess.py", line 1613, in _readerthread
    buffer.append(fh.read())
                  ~~~~~~~^^
  File "<frozen codecs>", line 325, in decode
UnicodeDecodeError: 'utf-8' codec can't decode byte 0x92 in position 39: invalid start byte
Exception in thread Thread-2 (_readerthread):
11:40:14 INFO: [OK] R05 202604010305  [prerace] 完了
Traceback (most recent call last):
  File "C:\Users\sayaka\AppData\Local\Python\pythoncore-3.14-64\Lib\threading.py", line 1082, in _bootstrap_inner
    self._context.run(self.run)
    ~~~~~~~~~~~~~~~~~^^^^^^^^^^
  File "C:\Users\sayaka\AppData\Local\Python\pythoncore-3.14-64\Lib\threading.py", line 1024, in run
    self._target(*self._args, **self._kwargs)
    ~~~~~~~~~~~~^^^^^^^^^^^^^^^^^^^^^^^^^^^^^
  File "C:\Users\sayaka\AppData\Local\Python\pythoncore-3.14-64\Lib\subprocess.py", line 1613, in _readerthread
    buffer.append(fh.read())
                  ~~~~~~~^^
  File "<frozen codecs>", line 325, in decode
UnicodeDecodeError: 'utf-8' codec can't decode byte 0x92 in position 39: invalid start byte
11:40:14 INFO: [OK] R05 202608030505  [prerace] 完了
11:40:14 INFO: DB 初期化完了: C:\dev\horse-racing-ai\data\umalogi.db
11:40:14 INFO: マイグレーション: v_race_mart ビューを再作成しました
11:40:14 INFO: [NOTE] 注目レース検知 → note 記事生成: 202605020505
11:40:14 INFO: [NOTE] 記事生成開始: 202605020505
11:40:14 INFO: マイグレーション: v_race_mart ビューを再作成しました
2026-05-09 11:40:15,227 INFO: マイグレーション: v_race_mart ビューを再作成しました
11:40:15 INFO: DB 初期化完了: C:\dev\horse-racing-ai\data\umalogi.db
11:40:15 INFO: [NOTE] 注目レース検知 → note 記事生成: 202608030505
11:40:15 INFO: [NOTE] 記事生成開始: 202608030505
2026-05-09 11:40:15,531 INFO: DB 初期化完了: C:\dev\horse-racing-ai\data\umalogi.db
2026-05-09 11:40:15,532 INFO: 記事生成: 1 レース
2026-05-09 11:40:15,532 INFO: 生成中: 202605020505
11:40:15 INFO: DB 初期化完了: C:\dev\horse-racing-ai\data\umalogi.db
11:40:15 INFO: [NOTE] 注目レース検知 → note 記事生成: 202604010305
11:40:15 INFO: [NOTE] 記事生成開始: 202604010305
2026-05-09 11:40:15,918 INFO: マイグレーション: v_race_mart ビューを再作成しました
2026-05-09 11:40:15,969 INFO: マイグレーション: v_race_mart ビューを再作成しました
2026-05-09 11:40:16,229 INFO: DB 初期化完了: C:\dev\horse-racing-ai\data\umalogi.db
2026-05-09 11:40:16,229 INFO: 記事生成: 1 レース
2026-05-09 11:40:16,230 INFO: 生成中: 202608030505
2026-05-09 11:40:16,283 INFO: DB 初期化完了: C:\dev\horse-racing-ai\data\umalogi.db
2026-05-09 11:40:16,283 INFO: 記事生成: 1 レース
2026-05-09 11:40:16,283 INFO: 生成中: 202604010305
2026-05-09 11:40:21,044 INFO: [SIMULATE] 特徴量生成 race_id=202608030505: 8 頭 × 52 特徴量 (リーク除外済み)
2026-05-09 11:40:21,174 INFO: 保存: C:\dev\horse-racing-ai\outputs\note\20260509_R05_202608030505.md
[UMALOGI] note記事保存: 20260509_R05_202608030505.md
2026-05-09 11:40:21,402 INFO: [SIMULATE] 特徴量生成 race_id=202604010305: 16 頭 × 52 特徴量 (リーク除外済み)
2026-05-09 11:40:21,665 INFO: 保存: C:\dev\horse-racing-ai\outputs\note\20260509_R05_202604010305.md
[UMALOGI] note記事保存: 20260509_R05_202604010305.md
2026-05-09 11:40:21,723 INFO: [SIMULATE] 特徴量生成 race_id=202605020505: 18 頭 × 52 特徴量 (リーク除外済み)
2026-05-09 11:40:21,901 INFO: 保存: C:\dev\horse-racing-ai\outputs\note\20260509_R05_202605020505.md
[UMALOGI] note記事保存: 20260509_R05_202605020505.md
11:40:22 INFO: [NOTE] 記事生成完了: 202608030505
11:40:22 INFO: [SNS] ポスト生成開始: 202608030505 (pattern=a)
11:40:22 INFO: [NOTE] 記事生成完了: 202604010305
11:40:22 INFO: [SNS] ポスト生成開始: 202604010305 (pattern=a)
11:40:22 INFO: [NOTE] 記事生成完了: 202605020505
11:40:22 INFO: [SNS] ポスト生成開始: 202605020505 (pattern=a)
[SNS] 処理対象: 1 レース
[SNS] 保存: C:\dev\horse-racing-ai\outputs\sns\20260509_R05_新潟5R_prerace.txt
11:40:22 INFO: [SNS] ポスト生成完了: 202604010305
[SNS] 処理対象: 1 レース
[SNS] 保存: C:\dev\horse-racing-ai\outputs\sns\20260509_R05_京都5R_prerace.txt
11:40:22 INFO: [SNS] ポスト生成完了: 202608030505
[SNS] 処理対象: 1 レース
[SNS] 保存: C:\dev\horse-racing-ai\outputs\sns\20260509_R05_東京5R_prerace.txt
11:40:23 INFO: [SNS] ポスト生成完了: 202605020505
11:42:52 ERROR: JVLink ワーカー タイムアウト (180s): date=20260502
11:42:52 WARNING: JVLink 同期失敗 — netkeiba にフォールバック: race_id=202605020501
11:42:52 INFO: race_results 確認: race_id=202605020501 (16頭 rank有)
11:42:52 INFO: [評価] race=202605020501 : 予想29件 的中0件 投資¥30700 払戻¥0 ROI=0.0%
11:42:52 INFO: 評価完了: race_id=202605020501  的中=0件  投資¥30700  払戻¥0  ROI=0.0%
11:42:52 INFO: [OK] R01 202605020501  [postrace] 完了
11:42:52 INFO: マイグレーション: v_race_mart ビューを再作成しました
11:42:52 ERROR: JVLink ワーカー タイムアウト (180s): date=20260401
11:42:52 WARNING: JVLink 同期失敗 — netkeiba にフォールバック: race_id=202604010302
11:42:52 INFO: JVLink 結果なし → netkeiba フォールバック: race_id=202604010302
11:42:53 ERROR: JVLink ワーカー タイムアウト (180s): date=20260502
11:42:53 WARNING: JVLink 同期失敗 — netkeiba にフォールバック: race_id=202605020502
11:42:53 INFO: JVLink 結果なし → netkeiba フォールバック: race_id=202605020502
11:42:53 INFO: DB 初期化完了: C:\dev\horse-racing-ai\data\umalogi.db
11:42:53 INFO: netkeiba から着順取得: race_id=202604010302
11:42:53 INFO: レース結果取得開始: race_id=202604010302
11:42:53 ERROR: JVLink ワーカー タイムアウト (180s): date=20260502
11:42:53 WARNING: JVLink 同期失敗 — netkeiba にフォールバック: race_id=202605020503
11:42:53 INFO: JVLink 結果なし → netkeiba フォールバック: race_id=202605020503
11:42:53 INFO: netkeiba から着順取得: race_id=202605020502
11:42:53 INFO: レース結果取得開始: race_id=202605020502
11:42:53 INFO: netkeiba から着順取得: race_id=202605020503
11:42:53 INFO: レース結果取得開始: race_id=202605020503
11:42:54 ERROR: JVLink ワーカー タイムアウト (180s): date=20260803
11:42:54 WARNING: JVLink 同期失敗 — netkeiba にフォールバック: race_id=202608030502
11:42:54 INFO: JVLink 結果なし → netkeiba フォールバック: race_id=202608030502
11:42:54 ERROR: JVLink ワーカー タイムアウト (180s): date=20260401
11:42:54 WARNING: JVLink 同期失敗 — netkeiba にフォールバック: race_id=202604010303
11:42:54 INFO: JVLink 結果なし → netkeiba フォールバック: race_id=202604010303
11:42:54 INFO: netkeiba から着順取得: race_id=202608030502
11:42:54 INFO: レース結果取得開始: race_id=202608030502
11:42:54 ERROR: JVLink ワーカー タイムアウト (180s): date=20260803
11:42:54 WARNING: JVLink 同期失敗 — netkeiba にフォールバック: race_id=202608030501
11:42:54 INFO: race_results 確認: race_id=202608030501 (15頭 rank有)
11:42:54 INFO: [評価] race=202608030501 : 予想29件 的中2件 投資¥30700 払戻¥500 ROI=1.6%
11:42:54 INFO: 評価完了: race_id=202608030501  的中=2件  投資¥30700  払戻¥500  ROI=1.6%
11:42:54 INFO: [OK] R01 202608030501  [postrace] 完了
11:42:54 INFO: マイグレーション: v_race_mart ビューを再作成しました
11:42:54 INFO: netkeiba から着順取得: race_id=202604010303
11:42:54 INFO: レース結果取得開始: race_id=202604010303
11:42:54 INFO: DB 初期化完了: C:\dev\horse-racing-ai\data\umalogi.db
11:42:54 INFO: [CARD] 的中検知 → カード＋SNS生成: 202608030501
11:42:54 INFO: [CARD] 的中カード生成開始: 202608030501
11:42:55 INFO: 取得完了: race_id=202604010302, 出走頭数=10
11:42:55 INFO: 取得完了: race_id=202605020502, 出走頭数=11
11:42:55 INFO: netkeiba 着順保存: race_id=202604010302 10頭
11:42:55 INFO: netkeiba 着順保存: race_id=202605020502 11頭
11:42:56 INFO: 取得完了: race_id=202605020503, 出走頭数=16
11:42:56 INFO: netkeiba 着順保存: race_id=202605020503 16頭
11:42:56 INFO: 取得完了: race_id=202608030502, 出走頭数=15
11:42:56 INFO: netkeiba 着順保存: race_id=202608030502 15頭
11:42:57 INFO: 取得完了: race_id=202604010303, 出走頭数=15
11:42:57 INFO: netkeiba 着順保存: race_id=202604010303 15頭
[CARD] カード生成対象: 1 レース
[CARD] 保存: C:\dev\horse-racing-ai\outputs\cards\20260509_R01_京都1R.png
11:42:57 INFO: [CARD] 的中カード生成完了: 202608030501
11:42:57 INFO: [SNS] ポスト生成開始: 202608030501 (pattern=b)
11:42:58 INFO: 払戻取得完了: race_id=202604010302, 合計 12 件
11:42:58 INFO: 払戻保存: race_id=202604010302, 12 件
11:42:58 INFO: netkeiba 払戻保存: race_id=202604010302 12件
11:42:58 INFO: race_results 確認: race_id=202604010302 (10頭 rank有)
11:42:58 INFO: [評価] race=202604010302 : 予想30件 的中12件 投資¥30900 払戻¥17700 ROI=57.3%
11:42:58 INFO: 評価完了: race_id=202604010302  的中=12件  投資¥30900  払戻¥17700  ROI=57.3%
11:42:58 INFO: 払戻取得完了: race_id=202605020502, 合計 12 件
11:42:58 INFO: 払戻保存: race_id=202605020502, 12 件
11:42:58 INFO: netkeiba 払戻保存: race_id=202605020502 12件
11:42:58 INFO: race_results 確認: race_id=202605020502 (10頭 rank有)
11:42:58 INFO: [評価] race=202605020502 : 予想30件 的中2件 投資¥30900 払戻¥600 ROI=1.9%
11:42:58 INFO: 評価完了: race_id=202605020502  的中=2件  投資¥30900  払戻¥600  ROI=1.9%
11:42:58 INFO: [OK] R02 202604010302  [postrace] 完了
11:42:58 INFO: [OK] R02 202605020502  [postrace] 完了
11:42:58 INFO: マイグレーション: v_race_mart ビューを再作成しました
11:42:58 INFO: マイグレーション: v_race_mart ビューを再作成しました
[SNS] 処理対象: 1 レース
[SNS] 保存: C:\dev\horse-racing-ai\outputs\sns\20260509_R01_京都1R_hit.txt
11:42:59 INFO: [SNS] ポスト生成完了: 202608030501
11:42:59 INFO: 払戻取得完了: race_id=202605020503, 合計 12 件
11:42:59 INFO: 払戻保存: race_id=202605020503, 12 件
11:42:59 INFO: netkeiba 払戻保存: race_id=202605020503 12件
11:42:59 INFO: race_results 確認: race_id=202605020503 (16頭 rank有)
11:42:59 INFO: [評価] race=202605020503 : 予想29件 的中1件 投資¥30700 払戻¥120 ROI=0.4%
11:42:59 INFO: 評価完了: race_id=202605020503  的中=1件  投資¥30700  払戻¥120  ROI=0.4%
11:42:59 INFO: DB 初期化完了: C:\dev\horse-racing-ai\data\umalogi.db
11:42:59 INFO: [CARD] 的中検知 → カード＋SNS生成: 202605020502
11:42:59 INFO: [CARD] 的中カード生成開始: 202605020502
11:42:59 INFO: [OK] R03 202605020503  [postrace] 完了
11:42:59 INFO: 払戻取得完了: race_id=202608030502, 合計 12 件
11:42:59 INFO: 払戻保存: race_id=202608030502, 12 件
11:42:59 INFO: netkeiba 払戻保存: race_id=202608030502 12件
11:42:59 INFO: race_results 確認: race_id=202608030502 (15頭 rank有)
11:42:59 INFO: [評価] race=202608030502 : 予想29件 的中3件 投資¥30700 払戻¥710 ROI=2.3%
11:42:59 INFO: 評価完了: race_id=202608030502  的中=3件  投資¥30700  払戻¥710  ROI=2.3%
11:42:59 INFO: DB 初期化完了: C:\dev\horse-racing-ai\data\umalogi.db
11:42:59 INFO: マイグレーション: v_race_mart ビューを再作成しました
11:42:59 INFO: [OK] R02 202608030502  [postrace] 完了
11:42:59 INFO: [CARD] 的中検知 → カード＋SNS生成: 202604010302
11:42:59 INFO: [CARD] 的中カード生成開始: 202604010302
11:42:59 INFO: 払戻取得完了: race_id=202604010303, 合計 12 件
11:42:59 INFO: 払戻保存: race_id=202604010303, 12 件
11:42:59 INFO: netkeiba 払戻保存: race_id=202604010303 12件
11:42:59 INFO: race_results 確認: race_id=202604010303 (15頭 rank有)
11:42:59 INFO: マイグレーション: v_race_mart ビューを再作成しました
11:42:59 INFO: [評価] race=202604010303 : 予想29件 的中1件 投資¥30700 払戻¥270 ROI=0.9%
11:42:59 INFO: 評価完了: race_id=202604010303  的中=1件  投資¥30700  払戻¥270  ROI=0.9%
11:43:00 INFO: [OK] R03 202604010303  [postrace] 完了
11:43:00 INFO: DB 初期化完了: C:\dev\horse-racing-ai\data\umalogi.db
11:43:00 INFO: マイグレーション: v_race_mart ビューを再作成しました
11:43:00 INFO: [CARD] 的中検知 → カード＋SNS生成: 202605020503
11:43:00 INFO: [CARD] 的中カード生成開始: 202605020503
11:43:00 INFO: DB 初期化完了: C:\dev\horse-racing-ai\data\umalogi.db
11:43:00 INFO: [CARD] 的中検知 → カード＋SNS生成: 202608030502
11:43:00 INFO: [CARD] 的中カード生成開始: 202608030502
11:43:01 INFO: DB 初期化完了: C:\dev\horse-racing-ai\data\umalogi.db
11:43:01 INFO: [CARD] 的中検知 → カード＋SNS生成: 202604010303
11:43:01 INFO: [CARD] 的中カード生成開始: 202604010303
[CARD] カード生成対象: 1 レース
[CARD] 保存: C:\dev\horse-racing-ai\outputs\cards\20260509_R02_東京2R.png
11:43:02 INFO: [CARD] 的中カード生成完了: 202605020502
11:43:02 INFO: [SNS] ポスト生成開始: 202605020502 (pattern=b)
[CARD] カード生成対象: 1 レース
[CARD] 保存: C:\dev\horse-racing-ai\outputs\cards\20260509_R02_新潟2R.png
11:43:02 INFO: [CARD] 的中カード生成完了: 202604010302
11:43:02 INFO: [SNS] ポスト生成開始: 202604010302 (pattern=b)
[CARD] カード生成対象: 1 レース
[CARD] 保存: C:\dev\horse-racing-ai\outputs\cards\20260509_R03_新潟3R.png
11:43:03 INFO: [CARD] 的中カード生成完了: 202604010303
11:43:03 INFO: [SNS] ポスト生成開始: 202604010303 (pattern=b)
[SNS] 処理対象: 1 レース
[SNS] 保存: C:\dev\horse-racing-ai\outputs\sns\20260509_R02_東京2R_hit.txt
11:43:04 INFO: [SNS] ポスト生成完了: 202605020502
[CARD] カード生成対象: 1 レース
[CARD] 保存: C:\dev\horse-racing-ai\outputs\cards\20260509_R03_東京3R.png
11:43:04 INFO: [CARD] 的中カード生成完了: 202605020503
11:43:04 INFO: [SNS] ポスト生成開始: 202605020503 (pattern=b)
[CARD] カード生成対象: 1 レース
[CARD] 保存: C:\dev\horse-racing-ai\outputs\cards\20260509_R02_京都2R.png
11:43:04 INFO: [CARD] 的中カード生成完了: 202608030502
11:43:04 INFO: [SNS] ポスト生成開始: 202608030502 (pattern=b)
[SNS] 処理対象: 1 レース
[SNS] 保存: C:\dev\horse-racing-ai\outputs\sns\20260509_R02_新潟2R_hit.txt
11:43:04 INFO: [SNS] ポスト生成完了: 202604010302
[SNS] 処理対象: 1 レース
[SNS] 保存: C:\dev\horse-racing-ai\outputs\sns\20260509_R03_新潟3R_hit.txt
11:43:05 INFO: [SNS] ポスト生成完了: 202604010303
[SNS] 処理対象: 1 レース
[SNS] 保存: C:\dev\horse-racing-ai\outputs\sns\20260509_R03_東京3R_hit.txt
11:43:05 INFO: [SNS] ポスト生成完了: 202605020503
[SNS] 処理対象: 1 レース
[SNS] 保存: C:\dev\horse-racing-ai\outputs\sns\20260509_R02_京都2R_hit.txt
11:43:05 INFO: [SNS] ポスト生成完了: 202608030502
11:44:58 INFO: マイグレーション: v_race_mart ビューを再作成しました
11:44:58 INFO: DB 初期化完了: C:\dev\horse-racing-ai\data\umalogi.db
11:44:58 INFO: JVLink RACE TODAY 同期開始: date=20260803
11:45:00 INFO: [START] R04 202604010304  [postrace] 結果取得開始
11:45:00 INFO: [START] R04 202605020504  [postrace] 結果取得開始
11:45:00 INFO: [START] R04 202608030504  [postrace] 結果取得開始
11:45:00 INFO: マイグレーション: v_race_mart ビューを再作成しました
11:45:00 INFO: マイグレーション: v_race_mart ビューを再作成しました
11:45:00 INFO: マイグレーション: v_race_mart ビューを再作成しました
11:45:00 INFO: DB 初期化完了: C:\dev\horse-racing-ai\data\umalogi.db
11:45:00 INFO: JVLink RACE TODAY 同期開始: date=20260803
11:45:00 INFO: DB 初期化完了: C:\dev\horse-racing-ai\data\umalogi.db
11:45:00 INFO: JVLink RACE TODAY 同期開始: date=20260401
11:45:00 INFO: DB 初期化完了: C:\dev\horse-racing-ai\data\umalogi.db
11:45:00 INFO: JVLink RACE TODAY 同期開始: date=20260502
11:47:58 ERROR: JVLink ワーカー タイムアウト (180s): date=20260803
11:47:58 WARNING: JVLink 同期失敗 — netkeiba にフォールバック: race_id=202608030503
11:47:58 INFO: JVLink 結果なし → netkeiba フォールバック: race_id=202608030503
11:47:58 INFO: netkeiba から着順取得: race_id=202608030503
11:47:58 INFO: レース結果取得開始: race_id=202608030503
11:48:00 INFO: 取得完了: race_id=202608030503, 出走頭数=17
11:48:00 ERROR: JVLink ワーカー タイムアウト (180s): date=20260803
11:48:00 WARNING: JVLink 同期失敗 — netkeiba にフォールバック: race_id=202608030504
11:48:00 INFO: JVLink 結果なし → netkeiba フォールバック: race_id=202608030504
11:48:00 ERROR: JVLink ワーカー タイムアウト (180s): date=20260401
11:48:00 WARNING: JVLink 同期失敗 — netkeiba にフォールバック: race_id=202604010304
11:48:00 INFO: JVLink 結果なし → netkeiba フォールバック: race_id=202604010304
11:48:00 INFO: netkeiba 着順保存: race_id=202608030503 17頭
11:48:01 ERROR: JVLink ワーカー タイムアウト (180s): date=20260502
11:48:01 WARNING: JVLink 同期失敗 — netkeiba にフォールバック: race_id=202605020504
11:48:01 INFO: JVLink 結果なし → netkeiba フォールバック: race_id=202605020504
11:48:01 INFO: netkeiba から着順取得: race_id=202604010304
11:48:01 INFO: レース結果取得開始: race_id=202604010304
11:48:01 INFO: netkeiba から着順取得: race_id=202608030504
11:48:01 INFO: レース結果取得開始: race_id=202608030504
11:48:01 INFO: netkeiba から着順取得: race_id=202605020504
11:48:01 INFO: レース結果取得開始: race_id=202605020504
11:48:03 INFO: 払戻取得完了: race_id=202608030503, 合計 12 件
11:48:03 INFO: 払戻保存: race_id=202608030503, 12 件
11:48:03 INFO: netkeiba 払戻保存: race_id=202608030503 12件
11:48:03 INFO: race_results 確認: race_id=202608030503 (16頭 rank有)
11:48:03 INFO: [評価] race=202608030503 : 予想28件 的中0件 投資¥30500 払戻¥0 ROI=0.0%
11:48:03 INFO: 評価完了: race_id=202608030503  的中=0件  投資¥30500  払戻¥0  ROI=0.0%
11:48:03 INFO: [OK] R03 202608030503  [postrace] 完了
11:48:03 INFO: マイグレーション: v_race_mart ビューを再作成しました
11:48:03 INFO: 取得完了: race_id=202608030504, 出走頭数=15
11:48:03 INFO: netkeiba 着順保存: race_id=202608030504 15頭
11:48:03 INFO: DB 初期化完了: C:\dev\horse-racing-ai\data\umalogi.db
11:48:03 INFO: 取得完了: race_id=202604010304, 出走頭数=11
11:48:03 INFO: netkeiba 着順保存: race_id=202604010304 11頭
11:48:03 INFO: 取得完了: race_id=202605020504, 出走頭数=0
11:48:03 INFO: netkeiba: 結果テーブル空 (未確定?) race_id=202605020504
11:48:03 INFO: netkeiba: 未確定 (race_id=202605020504)
11:48:03 WARNING: [NG] 結果取得 rc=1 (試行 1/8): 202605020504 — 300 秒後に再試行
11:48:05 INFO: 払戻取得完了: race_id=202608030504, 合計 12 件
11:48:05 INFO: 払戻保存: race_id=202608030504, 12 件
11:48:05 INFO: netkeiba 払戻保存: race_id=202608030504 12件
11:48:05 INFO: race_results 確認: race_id=202608030504 (15頭 rank有)
11:48:05 INFO: [評価] race=202608030504 : 予想29件 的中1件 投資¥30700 払戻¥150 ROI=0.5%
11:48:05 INFO: 評価完了: race_id=202608030504  的中=1件  投資¥30700  払戻¥150  ROI=0.5%
11:48:05 INFO: [OK] R04 202608030504  [postrace] 完了
11:48:05 INFO: マイグレーション: v_race_mart ビューを再作成しました
11:48:05 INFO: 払戻取得完了: race_id=202604010304, 合計 12 件
11:48:05 INFO: 払戻保存: race_id=202604010304, 12 件
11:48:05 INFO: netkeiba 払戻保存: race_id=202604010304 12件
11:48:05 INFO: race_results 確認: race_id=202604010304 (11頭 rank有)
11:48:05 INFO: [評価] race=202604010304 : 予想30件 的中2件 投資¥30900 払戻¥240 ROI=0.8%
11:48:05 INFO: 評価完了: race_id=202604010304  的中=2件  投資¥30900  払戻¥240  ROI=0.8%
11:48:05 INFO: DB 初期化完了: C:\dev\horse-racing-ai\data\umalogi.db
11:48:05 INFO: [OK] R04 202604010304  [postrace] 完了
11:48:05 INFO: [CARD] 的中検知 → カード＋SNS生成: 202608030504
11:48:05 INFO: [CARD] 的中カード生成開始: 202608030504
11:48:05 INFO: マイグレーション: v_race_mart ビューを再作成しました
11:48:06 INFO: DB 初期化完了: C:\dev\horse-racing-ai\data\umalogi.db
11:48:06 INFO: [CARD] 的中検知 → カード＋SNS生成: 202604010304
11:48:06 INFO: [CARD] 的中カード生成開始: 202604010304
[CARD] カード生成対象: 1 レース
[CARD] 保存: C:\dev\horse-racing-ai\outputs\cards\20260509_R04_京都4R.png
11:48:08 INFO: [CARD] 的中カード生成完了: 202608030504
11:48:08 INFO: [SNS] ポスト生成開始: 202608030504 (pattern=b)
[CARD] カード生成対象: 1 レース
[CARD] 保存: C:\dev\horse-racing-ai\outputs\cards\20260509_R04_新潟4R.png
11:48:08 INFO: [CARD] 的中カード生成完了: 202604010304
11:48:08 INFO: [SNS] ポスト生成開始: 202604010304 (pattern=b)
[SNS] 処理対象: 1 レース
[SNS] 保存: C:\dev\horse-racing-ai\outputs\sns\20260509_R04_京都4R_hit.txt
11:48:08 INFO: [SNS] ポスト生成完了: 202608030504
[SNS] 処理対象: 1 レース
[SNS] 保存: C:\dev\horse-racing-ai\outputs\sns\20260509_R04_新潟4R_hit.txt
11:48:08 INFO: [SNS] ポスト生成完了: 202604010304
11:53:03 INFO: マイグレーション: v_race_mart ビューを再作成しました
11:53:04 INFO: DB 初期化完了: C:\dev\horse-racing-ai\data\umalogi.db
11:53:04 INFO: JVLink RACE TODAY 同期開始: date=20260502
11:56:04 ERROR: JVLink ワーカー タイムアウト (180s): date=20260502
11:56:04 WARNING: JVLink 同期失敗 — netkeiba にフォールバック: race_id=202605020504
11:56:04 INFO: JVLink 結果なし → netkeiba フォールバック: race_id=202605020504
11:56:04 INFO: netkeiba から着順取得: race_id=202605020504
11:56:04 INFO: レース結果取得開始: race_id=202605020504
11:56:06 INFO: 取得完了: race_id=202605020504, 出走頭数=12
11:56:06 INFO: netkeiba 着順保存: race_id=202605020504 12頭
11:56:08 INFO: 払戻取得完了: race_id=202605020504, 合計 12 件
11:56:08 INFO: 払戻保存: race_id=202605020504, 12 件
11:56:08 INFO: netkeiba 払戻保存: race_id=202605020504 12件
11:56:08 INFO: race_results 確認: race_id=202605020504 (12頭 rank有)
11:56:08 INFO: [評価] race=202605020504 : 予想30件 的中4件 投資¥30900 払戻¥3440 ROI=11.1%
11:56:08 INFO: 評価完了: race_id=202605020504  的中=4件  投資¥30900  払戻¥3440  ROI=11.1%
11:56:08 INFO: [OK] R04 202605020504  [postrace] 完了
11:56:08 INFO: マイグレーション: v_race_mart ビューを再作成しました
11:56:08 INFO: DB 初期化完了: C:\dev\horse-racing-ai\data\umalogi.db
11:56:08 INFO: [CARD] 的中検知 → カード＋SNS生成: 202605020504
11:56:08 INFO: [CARD] 的中カード生成開始: 202605020504
[CARD] カード生成対象: 1 レース
[CARD] 保存: C:\dev\horse-racing-ai\outputs\cards\20260509_R04_東京4R.png
11:56:10 INFO: [CARD] 的中カード生成完了: 202605020504
11:56:10 INFO: [SNS] ポスト生成開始: 202605020504 (pattern=b)
[SNS] 処理対象: 1 レース
[SNS] 保存: C:\dev\horse-racing-ai\outputs\sns\20260509_R04_東京4R_hit.txt
11:56:11 INFO: [SNS] ポスト生成完了: 202605020504
12:10:00 INFO: [START] R06 202604010306  [prerace] 直前予想開始 (推定発走 12:30)
12:10:00 INFO: [START] R06 202608030506  [prerace] 直前予想開始 (推定発走 12:30)
12:10:00 INFO: [START] R06 202605020506  [prerace] 直前予想開始 (推定発走 12:30)
{
  "race_id": "202605020506",
  "generated_at": "2026-05-09T12:10:10.913372",
  "bias": {
    "today_inner_bias": -0.05833333333333334,
    "today_front_bias": 0.75,
    "today_race_count": 4
  },
  "horses": [
    {
      "horse_number": 1,
      "horse_name": "セイウンラピス",
      "horse_id": "2023105689",
      "sex_age": "騸4",
      "weight_carried": 57.0,
      "horse_weight": null,
      "win_odds": 18.5,
      "popularity": 10,
      "honmei_score": 0.1716,
      "ev_score": 3.1753,
      "kelly_fraction": 0.0124,
      "manji_ev": 0.7601,
      "odds_vs_morning": 1.0,
      "odds_velocity": null
    },
    {
      "horse_number": 2,
      "horse_name": "エリプティクカーブ",
      "horse_id": "2023103908",
      "sex_age": "牡7",
      "weight_carried": 57.0,
      "horse_weight": null,
      "win_odds": 6.1,
      "popularity": 2,
      "honmei_score": 0.1429,
      "ev_score": 0.8714,
      "kelly_fraction": 0.0,
      "manji_ev": 0.841,
      "odds_vs_morning": 1.0,
      "odds_velocity": null
    },
    {
      "horse_number": 3,
      "horse_name": "ナックホワイト",
      "horse_id": "2023103885",
      "sex_age": "牝7",
      "weight_carried": 55.0,
      "horse_weight": null,
      "win_odds": 17.2,
      "popularity": 9,
      "honmei_score": 0.0593,
      "ev_score": 1.0205,
      "kelly_fraction": 0.0001,
      "manji_ev": 0.5903,
      "odds_vs_morning": 1.0,
      "odds_velocity": null
    },
    {
      "horse_number": 4,
      "horse_name": "ショウナンダイン",
      "horse_id": "2023102730",
      "sex_age": "騸1",
      "weight_carried": 57.0,
      "horse_weight": null,
      "win_odds": 47.9,
      "popularity": 11,
      "honmei_score": 0.091,
      "ev_score": 4.3589,
      "kelly_fraction": 0.0072,
      "manji_ev": 0.6301,
      "odds_vs_morning": 1.0,
      "odds_velocity": null
    },
    {
      "horse_number": 5,
      "horse_name": "サンセットゴールド",
      "horse_id": "2023105394",
      "sex_age": "牡4",
      "weight_carried": 57.0,
      "horse_weight": null,
      "win_odds": 14.2,
      "popularity": 7,
      "honmei_score": 0.0658,
      "ev_score": 0.9349,
      "kelly_fraction": 0.0,
      "manji_ev": 0.418,
      "odds_vs_morning": 1.0,
      "odds_velocity": null
    },
    {
      "horse_number": 6,
      "horse_name": "ホールドザデイ",
      "horse_id": "2023105783",
      "sex_age": "牝1",
      "weight_carried": 55.0,
      "horse_weight": null,
      "win_odds": 8.2,
      "popularity": 5,
      "honmei_score": 0.0658,
      "ev_score": 0.5399,
      "kelly_fraction": 0.0,
      "manji_ev": 0.6415,
      "odds_vs_morning": 1.0,
      "odds_velocity": null
    },
    {
      "horse_number": 7,
      "horse_name": "テイエムスティール",
      "horse_id": "2023104034",
      "sex_age": "牝3",
      "weight_carried": 55.0,
      "horse_weight": null,
      "win_odds": 6.8,
      "popularity": 3,
      "honmei_score": 0.0782,
      "ev_score": 0.5318,
      "kelly_fraction": 0.0,
      "manji_ev": 0.7777,
      "odds_vs_morning": 1.0,
      "odds_velocity": null
    },
    {
      "horse_number": 8,
      "horse_name": "マイネルシンベリン",
      "horse_id": "2023100207",
      "sex_age": "牡3",
      "weight_carried": 57.0,
      "horse_weight": null,
      "win_odds": 16.2,
      "popularity": 8,
      "honmei_score": 0.1028,
      "ev_score": 1.6658,
      "kelly_fraction": 0.0044,
      "manji_ev": 0.7936,
      "odds_vs_morning": 1.0,
      "odds_velocity": null
    },
    {
      "horse_number": 9,
      "horse_name": "サツキマーメイド",
      "horse_id": "2023104266",
      "sex_age": "牝3",
      "weight_carried": 52.0,
      "horse_weight": null,
      "win_odds": 163.3,
      "popularity": 12,
      "honmei_score": 0.0658,
      "ev_score": 10.7518,
      "kelly_fraction": 0.006,
      "manji_ev": 0.0,
      "odds_vs_morning": 1.0,
      "odds_velocity": null
    },
    {
      "horse_number": 10,
      "horse_name": "デイトナチャンプ",
      "horse_id": "2023107204",
      "sex_age": "牡4",
      "weight_carried": 57.0,
      "horse_weight": null,
      "win_odds": 3.2,
      "popularity": 1,
      "honmei_score": 0.0617,
      "ev_score": 0.1974,
      "kelly_fraction": 0.0,
      "manji_ev": 0.6347,
      "odds_vs_morning": 1.0,
      "odds_velocity": null
    },
    {
      "horse_number": 11,
      "horse_name": "リッツパーティー",
      "horse_id": "2023104224",
      "sex_age": "牡7",
      "weight_carried": 57.0,
      "horse_weight": null,
      "win_odds": 8.6,
      "popularity": 6,
      "honmei_score": 0.0563,
      "ev_score": 0.4844,
      "kelly_fraction": 0.0,
      "manji_ev": 0.4176,
      "odds_vs_morning": 1.0,
      "odds_velocity": null
    },
    {
      "horse_number": 12,
      "horse_name": "アメテュストス",
      "horse_id": "2023103814",
      "sex_age": "牡3",
      "weight_carried": 57.0,
      "horse_weight": null,
      "win_odds": 7.7,
      "popularity": 4,
      "honmei_score": 0.0549,
      "ev_score": 0.4224,
      "kelly_fraction": 0.0,
      "manji_ev": 0.3137,
      "odds_vs_morning": 1.0,
      "odds_velocity": null
    }
  ],
  "ev_recommend": [
    {
      "horse_number": 9,
      "horse_name": "サツキマーメイド",
      "win_odds": 163.3,
      "ev_score": 10.7518,
      "kelly_fraction": 0.006
    },
    {
      "horse_number": 4,
      "horse_name": "ショウナンダイン",
      "win_odds": 47.9,
      "ev_score": 4.3589,
      "kelly_fraction": 0.0072
    },
    {
      "horse_number": 1,
      "horse_name": "セイウンラピス",
      "win_odds": 18.5,
      "ev_score": 3.1753,
      "kelly_fraction": 0.0124
    },
    {
      "horse_number": 8,
      "horse_name": "マイネルシンベリン",
      "win_odds": 16.2,
      "ev_score": 1.6658,
      "kelly_fraction": 0.0044
    },
    {
      "horse_number": 3,
      "horse_name": "ナックホワイト",
      "win_odds": 17.2,
      "ev_score": 1.0205,
      "kelly_fraction": 0.0001
    }
  ],
  "honmei_bets": {
    "race_id": "202605020506",
    "model_type": "本命",
    "bets": [
      {
        "bet_type": "単勝",
        "combinations": [
          [
            1
          ]
        ],
        "horse_names": [
          "セイウンラピス"
        ],
        "expected_value": 3.175,
        "model_score": 0.172,
        "recommended_bet": 1000.0,
        "confidence": 0.172,
        "notes": "確率1位 P(win)=0.17 odds=18.5 EV=3.18"
      },
      {
        "bet_type": "複勝",
        "combinations": [
          [
            1
          ],
          [
            2
          ],
          [
            8
          ]
        ],
        "horse_names": [
          "セイウンラピス",
          "エリプティクカーブ",
          "マイネルシンベリン"
        ],
        "expected_value": 0.417,
        "model_score": 0.139,
        "recommended_bet": 300,
        "confidence": 0.139,
        "notes": "上位3頭を複勝"
      },
      {
        "bet_type": "馬連",
        "combinations": [
          [
            1,
            2
          ],
          [
            1,
            8
          ],
          [
            1,
            4
          ],
          [
            1,
            7
          ],
          [
            1,
            9
          ]
        ],
        "horse_names": [
          "セイウンラピス",
          "エリプティクカーブ",
          "セイウンラピス",
          "マイネルシンベリン",
          "セイウンラピス",
          "ショウナンダイン",
          "セイウンラピス",
          "テイエムスティール",
          "セイウンラピス",
          "サツキマーメイド"
        ],
        "expected_value": 4.0,
        "model_score": 0.063,
        "recommended_bet": 500,
        "confidence": 0.063,
        "notes": "軸1番×相手5頭フォーメーション Harville最大=0.063"
      },
      {
        "bet_type": "ワイド",
        "combinations": [
          [
            1,
            2
          ],
          [
            1,
            8
          ],
          [
            1,
            4
          ],
          [
            1,
            7
          ],
          [
            1,
            9
          ]
        ],
        "horse_names": [
          "セイウンラピス",
          "エリプティクカーブ",
          "セイウンラピス",
          "マイネルシンベリン",
          "セイウンラピス",
          "ショウナンダイン",
          "セイウンラピス",
          "テイエムスティール",
          "セイウンラピス",
          "サツキマーメイド"
        ],
        "expected_value": 2.155,
        "model_score": 0.063,
        "recommended_bet": 500,
        "confidence": 0.081,
        "notes": "軸1番×相手5頭ワイド Harville最大=0.063"
      },
      {
        "bet_type": "馬単",
        "combinations": [
          [
            1,
            2
          ],
          [
            1,
            8
          ],
          [
            1,
            4
          ]
        ],
        "horse_names": [
          "セイウンラピス",
          "エリプティクカーブ",
          "セイウンラピス",
          "マイネルシンベリン",
          "セイウンラピス",
          "ショウナンダイン"
        ],
        "expected_value": 4.364,
        "model_score": 0.032,
        "recommended_bet": 300,
        "confidence": 0.255,
        "notes": "軸1番→相手3頭フォーメーション Harville最大=0.032"
      },
      {
        "bet_type": "三連複",
        "combinations": [
          [
            1,
            2,
            8
          ],
          [
            1,
            2,
            4
          ]
        ],
        "horse_names": [
          "セイウンラピス",
          "エリプティクカーブ",
          "マイネルシンベリン",
          "ショウナンダイン"
        ],
        "expected_value": 5.0,
        "model_score": 0.027,
        "recommended_bet": 600,
        "confidence": 0.33,
        "notes": "合成EV最大=5.00 2点 馬番=[(1, 2, 8), (1, 2, 4)]"
      },
      {
        "bet_type": "三連単",
        "combinations": [
          [
            1,
            2,
            8
          ],
          [
            1,
            8,
            2
          ],
          [
            2,
            1,
            8
          ],
          [
            2,
            8,
            1
          ],
          [
            8,
            1,
            2
          ],
          [
            8,
            2,
            1
          ],
          [
            1,
            2,
            4
          ],
          [
            1,
            4,
            2
          ],
          [
            2,
            1,
            4
          ],
          [
            2,
            4,
            1
          ],
          [
            4,
            1,
            2
          ],
          [
            4,
            2,
            1
          ],
          [
            1,
            2,
            7
          ],
          [
            1,
            7,
            2
          ],
          [
            2,
            1,
            7
          ],
          [
            2,
            7,
            1
          ],
          [
            7,
            1,
            2
          ],
          [
            7,
            2,
            1
          ],
          [
            1,
            2,
            9
          ],
          [
            1,
            9,
            2
          ],
          [
            2,
            1,
            9
          ],
          [
            2,
            9,
            1
          ],
          [
            9,
            1,
            2
          ],
          [
            9,
            2,
            1
          ],
          [
            1,
            2,
            6
          ],
          [
            1,
            6,
            2
          ],
          [
            2,
            1,
            6
          ],
          [
            2,
            6,
            1
          ],
          [
            6,
            1,
            2
          ],
          [
            6,
            2,
            1
          ],
          [
            1,
            8,
            4
          ],
          [
            1,
            4,
            8
          ],
          [
            8,
            1,
            4
          ],
          [
            8,
            4,
            1
          ],
          [
            4,
            1,
            8
          ],
          [
            4,
            8,
            1
          ],
          [
            1,
            8,
            7
          ],
          [
            1,
            7,
            8
          ],
          [
            8,
            1,
            7
          ],
          [
            8,
            7,
            1
          ],
          [
            7,
            1,
            8
          ],
          [
            7,
            8,
            1
          ],
          [
            1,
            8,
            9
          ],
          [
            1,
            9,
            8
          ],
          [
            8,
            1,
            9
          ],
          [
            8,
            9,
            1
          ],
          [
            9,
            1,
            8
          ],
          [
            9,
            8,
            1
          ],
          [
            1,
            8,
            6
          ],
          [
            1,
            6,
            8
          ],
          [
            8,
            1,
            6
          ],
          [
            8,
            6,
            1
          ],
          [
            6,
            1,
            8
          ],
          [
            6,
            8,
            1
          ],
          [
            1,
            4,
            7
          ],
          [
            1,
            7,
            4
          ],
          [
            4,
            1,
            7
          ],
          [
            4,
            7,
            1
          ],
          [
            7,
            1,
            4
          ],
          [
            7,
            4,
            1
          ],
          [
            1,
            4,
            9
          ],
          [
            1,
            9,
            4
          ],
          [
            4,
            1,
            9
          ],
          [
            4,
            9,
            1
          ],
          [
            9,
            1,
            4
          ],
          [
            9,
            4,
            1
          ],
          [
            1,
            4,
            6
          ],
          [
            1,
            6,
            4
          ],
          [
            4,
            1,
            6
          ],
          [
            4,
            6,
            1
          ],
          [
            6,
            1,
            4
          ],
          [
            6,
            4,
            1
          ],
          [
            1,
            7,
            9
          ],
          [
            1,
            9,
            7
          ],
          [
            7,
            1,
            9
          ],
          [
            7,
            9,
            1
          ],
          [
            9,
            1,
            7
          ],
          [
            9,
            7,
            1
          ],
          [
            1,
            7,
            6
          ],
          [
            1,
            6,
            7
          ],
          [
            7,
            1,
            6
          ],
          [
            7,
            6,
            1
          ],
          [
            6,
            1,
            7
          ],
          [
            6,
            7,
            1
          ],
          [
            1,
            9,
            6
          ],
          [
            1,
            6,
            9
          ],
          [
            9,
            1,
            6
          ],
          [
            9,
            6,
            1
          ],
          [
            6,
            1,
            9
          ],
          [
            6,
            9,
            1
          ]
        ],
        "horse_names": [
          "セイウンラピス",
          "エリプティクカーブ",
          "マイネルシンベリン",
          "ショウナンダイン",
          "テイエムスティール",
          "サツキマーメイド",
          "ホールドザデイ"
        ],
        "expected_value": 6.0,
        "model_score": 0.027,
        "recommended_bet": 1000.0,
        "confidence": 0.825,
        "notes": "1頭軸マルチ 軸=1番 相手=[2, 8, 4, 7, 9, 6] 90点 Harville最大=0.0275"
      }
    ]
  },
  "manji_bets": {
    "race_id": "202605020506",
    "model_type": "卍",
    "bets": [
      {
        "bet_type": "単勝",
        "combinations": [
          [
            2
          ]
        ],
        "horse_names": [
          "エリプティクカーブ"
        ],
        "expected_value": 0.841,
        "model_score": 0.841,
        "recommended_bet": 100,
        "confidence": 0.138,
        "notes": "確率1位(卍) EV=0.84 odds=6.1"
      },
      {
        "bet_type": "複勝",
        "combinations": [
          [
            2
          ],
          [
            8
          ],
          [
            7
          ]
        ],
        "horse_names": [
          "エリプティクカーブ",
          "マイネルシンベリン",
          "テイエムスティール"
        ],
        "expected_value": 0.804,
        "model_score": 0.804,
        "recommended_bet": 300,
        "confidence": 0.6,
        "notes": "確率上位3頭を複勝"
      },
      {
        "bet_type": "馬連",
        "combinations": [
          [
            2,
            8
          ],
          [
            2,
            7
          ],
          [
            1,
            2
          ],
          [
            2,
            6
          ],
          [
            2,
            10
          ]
        ],
        "horse_names": [
          "エリプティクカーブ",
          "マイネルシンベリン",
          "エリプティクカーブ",
          "テイエムスティール",
          "セイウンラピス",
          "エリプティクカーブ",
          "エリプティクカーブ",
          "ホールドザデイ",
          "エリプティクカーブ",
          "デイトナチャンプ"
        ],
        "expected_value": 0.789,
        "model_score": 0.033,
        "recommended_bet": 500,
        "confidence": 0.163,
        "notes": "軸2番×相手5頭フォーメーション Harville最大=0.033"
      },
      {
        "bet_type": "ワイド",
        "combinations": [
          [
            2,
            8
          ],
          [
            2,
            7
          ],
          [
            1,
            2
          ],
          [
            2,
            6
          ],
          [
            2,
            10
          ]
        ],
        "horse_names": [
          "エリプティクカーブ",
          "マイネルシンベリン",
          "エリプティクカーブ",
          "テイエムスティール",
          "セイウンラピス",
          "エリプティクカーブ",
          "エリプティクカーブ",
          "ホールドザデイ",
          "エリプティクカーブ",
          "デイトナチャンプ"
        ],
        "expected_value": 0.37,
        "model_score": 0.033,
        "recommended_bet": 500,
        "confidence": 0.196,
        "notes": "軸2番×相手5頭ワイド Harville最大=0.033"
      },
      {
        "bet_type": "馬単",
        "combinations": [
          [
            2,
            8
          ],
          [
            2,
            7
          ],
          [
            2,
            1
          ]
        ],
        "horse_names": [
          "エリプティクカーブ",
          "マイネルシンベリン",
          "エリプティクカーブ",
          "テイエムスティール",
          "エリプティクカーブ",
          "セイウンラピス"
        ],
        "expected_value": 0.74,
        "model_score": 0.016,
        "recommended_bet": 300,
        "confidence": 0.131,
        "notes": "軸2番→相手3頭フォーメーション Harville最大=0.016"
      },
      {
        "bet_type": "三連複",
        "combinations": [
          [
            2,
            7,
            8
          ]
        ],
        "horse_names": [
          "エリプティクカーブ",
          "テイエムスティール",
          "マイネルシンベリン"
        ],
        "expected_value": 1.099,
        "model_score": 0.015,
        "recommended_bet": 300,
        "confidence": 0.219,
        "notes": "合成EV=1.10 Harville=0.0146 馬番=(2, 7, 8)"
      },
      {
        "bet_type": "三連複",
        "combinations": [
          [
            1,
            2,
            8
          ]
        ],
        "horse_names": [
          "セイウンラピス",
          "エリプティクカーブ",
          "マイネルシンベリン"
        ],
        "expected_value": 1.071,
        "model_score": 0.014,
        "recommended_bet": 300,
        "confidence": 0.213,
        "notes": "合成EV=1.07 Harville=0.0142 馬番=(1, 2, 8)"
      },
      {
        "bet_type": "三連複",
        "combinations": [
          [
            1,
            2,
            7
          ]
        ],
        "horse_names": [
          "セイウンラピス",
          "エリプティクカーブ",
          "テイエムスティール"
        ],
        "expected_value": 1.046,
        "model_score": 0.014,
        "recommended_bet": 300,
        "confidence": 0.208,
        "notes": "合成EV=1.05 Harville=0.0139 馬番=(1, 2, 7)"
      }
    ]
  },
  "provisional": false
}
{
  "race_id": "202608030506",
  "generated_at": "2026-05-09T12:10:11.014901",
  "bias": {
    "today_inner_bias": -0.06344086021505377,
    "today_front_bias": 0.5,
    "today_race_count": 4
  },
  "horses": [
    {
      "horse_number": 1,
      "horse_name": "アスクケンタッキー",
      "horse_id": "2023110100",
      "sex_age": "牡1",
      "weight_carried": 55.0,
      "horse_weight": null,
      "win_odds": 11.9,
      "popularity": 7,
      "honmei_score": 0.0794,
      "ev_score": 0.9451,
      "kelly_fraction": 0.0,
      "manji_ev": 0.3978,
      "odds_vs_morning": 1.0,
      "odds_velocity": null
    },
    {
      "horse_number": 2,
      "horse_name": "セイウンバジリスク",
      "horse_id": "2023100241",
      "sex_age": "牡1",
      "weight_carried": 57.0,
      "horse_weight": null,
      "win_odds": 69.5,
      "popularity": 15,
      "honmei_score": 0.1478,
      "ev_score": 10.2752,
      "kelly_fraction": 0.0135,
      "manji_ev": 0.8606,
      "odds_vs_morning": 1.0,
      "odds_velocity": null
    },
    {
      "horse_number": 3,
      "horse_name": "ウェルカムソング",
      "horse_id": "2023107545",
      "sex_age": "牡3",
      "weight_carried": 57.0,
      "horse_weight": null,
      "win_odds": 8.8,
      "popularity": 5,
      "honmei_score": 0.1028,
      "ev_score": 0.9049,
      "kelly_fraction": 0.0,
      "manji_ev": 3.7472,
      "odds_vs_morning": 1.0,
      "odds_velocity": null
    },
    {
      "horse_number": 4,
      "horse_name": "ラテラルパーム",
      "horse_id": "2023103557",
      "sex_age": "牡3",
      "weight_carried": 57.0,
      "horse_weight": null,
      "win_odds": 12.0,
      "popularity": 8,
      "honmei_score": 0.0782,
      "ev_score": 0.9385,
      "kelly_fraction": 0.0,
      "manji_ev": 1.2299,
      "odds_vs_morning": 1.0,
      "odds_velocity": null
    },
    {
      "horse_number": 5,
      "horse_name": "ブルーマッキンジー",
      "horse_id": "2023110106",
      "sex_age": "牡4",
      "weight_carried": 57.0,
      "horse_weight": null,
      "win_odds": 8.5,
      "popularity": 3,
      "honmei_score": 0.0617,
      "ev_score": 0.5244,
      "kelly_fraction": 0.0,
      "manji_ev": 0.1525,
      "odds_vs_morning": 1.0,
      "odds_velocity": null
    },
    {
      "horse_number": 6,
      "horse_name": "ハードシングス",
      "horse_id": "2023103151",
      "sex_age": "牡3",
      "weight_carried": 57.0,
      "horse_weight": null,
      "win_odds": 14.5,
      "popularity": 9,
      "honmei_score": 0.1117,
      "ev_score": 1.6193,
      "kelly_fraction": 0.0046,
      "manji_ev": 1.8202,
      "odds_vs_morning": 1.0,
      "odds_velocity": null
    },
    {
      "horse_number": 7,
      "horse_name": "マメタンク",
      "horse_id": "2023105591",
      "sex_age": "牡1",
      "weight_carried": 57.0,
      "horse_weight": null,
      "win_odds": 5.6,
      "popularity": 1,
      "honmei_score": 0.1028,
      "ev_score": 0.5758,
      "kelly_fraction": 0.0,
      "manji_ev": 0.6589,
      "odds_vs_morning": 1.0,
      "odds_velocity": null
    },
    {
      "horse_number": 8,
      "horse_name": "タイセイエキサイト",
      "horse_id": "2023103968",
      "sex_age": "牡3",
      "weight_carried": 57.0,
      "horse_weight": null,
      "win_odds": 83.8,
      "popularity": 16,
      "honmei_score": 0.1302,
      "ev_score": 10.9122,
      "kelly_fraction": 0.012,
      "manji_ev": 0.5791,
      "odds_vs_morning": 1.0,
      "odds_velocity": null
    },
    {
      "horse_number": 9,
      "horse_name": "メイショウイブキ",
      "horse_id": "2023106571",
      "sex_age": "牝3",
      "weight_carried": 55.0,
      "horse_weight": null,
      "win_odds": 16.4,
      "popularity": 10,
      "honmei_score": 0.1028,
      "ev_score": 1.6864,
      "kelly_fraction": 0.0045,
      "manji_ev": 0.8325,
      "odds_vs_morning": 1.0,
      "odds_velocity": null
    },
    {
      "horse_number": 10,
      "horse_name": "ミヤラティーニ",
      "horse_id": "2023103862",
      "sex_age": "牝3",
      "weight_carried": 55.0,
      "horse_weight": null,
      "win_odds": 20.5,
      "popularity": 11,
      "honmei_score": 0.1028,
      "ev_score": 2.108,
      "kelly_fraction": 0.0057,
      "manji_ev": 1.1799,
      "odds_vs_morning": 1.0,
      "odds_velocity": null
    },
    {
      "horse_number": 11,
      "horse_name": "プールナバドラ",
      "horse_id": "2023110062",
      "sex_age": "牡1",
      "weight_carried": 57.0,
      "horse_weight": null,
      "win_odds": 35.5,
      "popularity": 14,
      "honmei_score": 0.0563,
      "ev_score": 1.9996,
      "kelly_fraction": 0.0029,
      "manji_ev": 0.2381,
      "odds_vs_morning": 1.0,
      "odds_velocity": null
    },
    {
      "horse_number": 12,
      "horse_name": "ベラジオリン",
      "horse_id": "2023106968",
      "sex_age": "牝3",
      "weight_carried": 55.0,
      "horse_weight": null,
      "win_odds": 27.6,
      "popularity": 12,
      "honmei_score": 0.0794,
      "ev_score": 2.1921,
      "kelly_fraction": 0.0045,
      "manji_ev": 1.0288,
      "odds_vs_morning": 1.0,
      "odds_velocity": null
    },
    {
      "horse_number": 13,
      "horse_name": "ランスオブキング",
      "horse_id": "2023104798",
      "sex_age": "牡3",
      "weight_carried": 57.0,
      "horse_weight": null,
      "win_odds": 8.7,
      "popularity": 4,
      "honmei_score": 0.091,
      "ev_score": 0.7917,
      "kelly_fraction": 0.0,
      "manji_ev": 0.9479,
      "odds_vs_morning": 1.0,
      "odds_velocity": null
    },
    {
      "horse_number": 14,
      "horse_name": "ビップムーラン",
      "horse_id": "2023100095",
      "sex_age": "牝3",
      "weight_carried": 55.0,
      "horse_weight": null,
      "win_odds": 10.2,
      "popularity": 6,
      "honmei_score": 0.091,
      "ev_score": 0.9282,
      "kelly_fraction": 0.0,
      "manji_ev": 1.1536,
      "odds_vs_morning": 1.0,
      "odds_velocity": null
    },
    {
      "horse_number": 15,
      "horse_name": "キーンセンス",
      "horse_id": "2023110036",
      "sex_age": "牡1",
      "weight_carried": 57.0,
      "horse_weight": null,
      "win_odds": 6.0,
      "popularity": 2,
      "honmei_score": 0.1117,
      "ev_score": 0.6701,
      "kelly_fraction": 0.0,
      "manji_ev": 0.5374,
      "odds_vs_morning": 1.0,
      "odds_velocity": null
    },
    {
      "horse_number": 16,
      "horse_name": "ミスヘンリー",
      "horse_id": "2023100676",
      "sex_age": "牝1",
      "weight_carried": 55.0,
      "horse_weight": null,
      "win_odds": 32.2,
      "popularity": 13,
      "honmei_score": 0.0546,
      "ev_score": 1.7596,
      "kelly_fraction": 0.0024,
      "manji_ev": 0.5658,
      "odds_vs_morning": 1.0,
      "odds_velocity": null
    }
  ],
  "ev_recommend": [
    {
      "horse_number": 8,
      "horse_name": "タイセイエキサイト",
      "win_odds": 83.8,
      "ev_score": 10.9122,
      "kelly_fraction": 0.012
    },
    {
      "horse_number": 2,
      "horse_name": "セイウンバジリスク",
      "win_odds": 69.5,
      "ev_score": 10.2752,
      "kelly_fraction": 0.0135
    },
    {
      "horse_number": 12,
      "horse_name": "ベラジオリン",
      "win_odds": 27.6,
      "ev_score": 2.1921,
      "kelly_fraction": 0.0045
    },
    {
      "horse_number": 10,
      "horse_name": "ミヤラティーニ",
      "win_odds": 20.5,
      "ev_score": 2.108,
      "kelly_fraction": 0.0057
    },
    {
      "horse_number": 11,
      "horse_name": "プールナバドラ",
      "win_odds": 35.5,
      "ev_score": 1.9996,
      "kelly_fraction": 0.0029
    },
    {
      "horse_number": 16,
      "horse_name": "ミスヘンリー",
      "win_odds": 32.2,
      "ev_score": 1.7596,
      "kelly_fraction": 0.0024
    },
    {
      "horse_number": 9,
      "horse_name": "メイショウイブキ",
      "win_odds": 16.4,
      "ev_score": 1.6864,
      "kelly_fraction": 0.0045
    },
    {
      "horse_number": 6,
      "horse_name": "ハードシングス",
      "win_odds": 14.5,
      "ev_score": 1.6193,
      "kelly_fraction": 0.0046
    }
  ],
  "honmei_bets": {
    "race_id": "202608030506",
    "model_type": "本命",
    "bets": [
      {
        "bet_type": "単勝",
        "combinations": [
          [
            2
          ]
        ],
        "horse_names": [
          "セイウンバジリスク"
        ],
        "expected_value": 5.0,
        "model_score": 0.148,
        "recommended_bet": 1000.0,
        "confidence": 0.148,
        "notes": "確率1位 P(win)=0.15 odds=69.5 EV=5.00"
      },
      {
        "bet_type": "複勝",
        "combinations": [
          [
            2
          ],
          [
            8
          ],
          [
            6
          ]
        ],
        "horse_names": [
          "セイウンバジリスク",
          "タイセイエキサイト",
          "ハードシングス"
        ],
        "expected_value": 0.39,
        "model_score": 0.13,
        "recommended_bet": 300,
        "confidence": 0.13,
        "notes": "上位3頭を複勝"
      },
      {
        "bet_type": "馬連",
        "combinations": [
          [
            2,
            8
          ],
          [
            2,
            6
          ],
          [
            2,
            15
          ],
          [
            2,
            7
          ],
          [
            2,
            10
          ]
        ],
        "horse_names": [
          "セイウンバジリスク",
          "タイセイエキサイト",
          "セイウンバジリスク",
          "ハードシングス",
          "セイウンバジリスク",
          "キーンセンス",
          "セイウンバジリスク",
          "マメタンク",
          "セイウンバジリスク",
          "ミヤラティーニ"
        ],
        "expected_value": 2.134,
        "model_score": 0.008,
        "recommended_bet": 500,
        "confidence": 0.008,
        "notes": "軸2番×相手5頭フォーメーション Harville最大=0.008"
      },
      {
        "bet_type": "ワイド",
        "combinations": [
          [
            2,
            8
          ],
          [
            2,
            6
          ],
          [
            2,
            15
          ],
          [
            2,
            7
          ],
          [
            2,
            10
          ]
        ],
        "horse_names": [
          "セイウンバジリスク",
          "タイセイエキサイト",
          "セイウンバジリスク",
          "ハードシングス",
          "セイウンバジリスク",
          "キーンセンス",
          "セイウンバジリスク",
          "マメタンク",
          "セイウンバジリスク",
          "ミヤラティーニ"
        ],
        "expected_value": 1.002,
        "model_score": 0.008,
        "recommended_bet": 500,
        "confidence": 0.01,
        "notes": "軸2番×相手5頭ワイド Harville最大=0.008"
      },
      {
        "bet_type": "馬単",
        "combinations": [
          [
            2,
            8
          ],
          [
            2,
            6
          ],
          [
            2,
            15
          ]
        ],
        "horse_names": [
          "セイウンバジリスク",
          "タイセイエキサイト",
          "セイウンバジリスク",
          "ハードシングス",
          "セイウンバジリスク",
          "キーンセンス"
        ],
        "expected_value": 1.95,
        "model_score": 0.004,
        "recommended_bet": 300,
        "confidence": 0.03,
        "notes": "軸2番→相手3頭フォーメーション Harville最大=0.004"
      },
      {
        "bet_type": "三連複",
        "combinations": [
          [
            6,
            7,
            15
          ]
        ],
        "horse_names": [
          "ハードシングス",
          "マメタンク",
          "キーンセンス"
        ],
        "expected_value": 3.643,
        "model_score": 0.004,
        "recommended_bet": 300,
        "confidence": 0.051,
        "notes": "合成EV最大=3.64 1点 馬番=[(6, 7, 15)]"
      },
      {
        "bet_type": "三連単",
        "combinations": [
          [
            2,
            8,
            6
          ],
          [
            2,
            6,
            8
          ],
          [
            8,
            2,
            6
          ],
          [
            8,
            6,
            2
          ],
          [
            6,
            2,
            8
          ],
          [
            6,
            8,
            2
          ],
          [
            2,
            8,
            15
          ],
          [
            2,
            15,
            8
          ],
          [
            8,
            2,
            15
          ],
          [
            8,
            15,
            2
          ],
          [
            15,
            2,
            8
          ],
          [
            15,
            8,
            2
          ],
          [
            2,
            8,
            7
          ],
          [
            2,
            7,
            8
          ],
          [
            8,
            2,
            7
          ],
          [
            8,
            7,
            2
          ],
          [
            7,
            2,
            8
          ],
          [
            7,
            8,
            2
          ],
          [
            2,
            8,
            10
          ],
          [
            2,
            10,
            8
          ],
          [
            8,
            2,
            10
          ],
          [
            8,
            10,
            2
          ],
          [
            10,
            2,
            8
          ],
          [
            10,
            8,
            2
          ],
          [
            2,
            8,
            9
          ],
          [
            2,
            9,
            8
          ],
          [
            8,
            2,
            9
          ],
          [
            8,
            9,
            2
          ],
          [
            9,
            2,
            8
          ],
          [
            9,
            8,
            2
          ],
          [
            2,
            6,
            15
          ],
          [
            2,
            15,
            6
          ],
          [
            6,
            2,
            15
          ],
          [
            6,
            15,
            2
          ],
          [
            15,
            2,
            6
          ],
          [
            15,
            6,
            2
          ],
          [
            2,
            6,
            7
          ],
          [
            2,
            7,
            6
          ],
          [
            6,
            2,
            7
          ],
          [
            6,
            7,
            2
          ],
          [
            7,
            2,
            6
          ],
          [
            7,
            6,
            2
          ],
          [
            2,
            6,
            10
          ],
          [
            2,
            10,
            6
          ],
          [
            6,
            2,
            10
          ],
          [
            6,
            10,
            2
          ],
          [
            10,
            2,
            6
          ],
          [
            10,
            6,
            2
          ],
          [
            2,
            6,
            9
          ],
          [
            2,
            9,
            6
          ],
          [
            6,
            2,
            9
          ],
          [
            6,
            9,
            2
          ],
          [
            9,
            2,
            6
          ],
          [
            9,
            6,
            2
          ],
          [
            2,
            15,
            7
          ],
          [
            2,
            7,
            15
          ],
          [
            15,
            2,
            7
          ],
          [
            15,
            7,
            2
          ],
          [
            7,
            2,
            15
          ],
          [
            7,
            15,
            2
          ],
          [
            2,
            15,
            10
          ],
          [
            2,
            10,
            15
          ],
          [
            15,
            2,
            10
          ],
          [
            15,
            10,
            2
          ],
          [
            10,
            2,
            15
          ],
          [
            10,
            15,
            2
          ],
          [
            2,
            15,
            9
          ],
          [
            2,
            9,
            15
          ],
          [
            15,
            2,
            9
          ],
          [
            15,
            9,
            2
          ],
          [
            9,
            2,
            15
          ],
          [
            9,
            15,
            2
          ],
          [
            2,
            7,
            10
          ],
          [
            2,
            10,
            7
          ],
          [
            7,
            2,
            10
          ],
          [
            7,
            10,
            2
          ],
          [
            10,
            2,
            7
          ],
          [
            10,
            7,
            2
          ],
          [
            2,
            7,
            9
          ],
          [
            2,
            9,
            7
          ],
          [
            7,
            2,
            9
          ],
          [
            7,
            9,
            2
          ],
          [
            9,
            2,
            7
          ],
          [
            9,
            7,
            2
          ],
          [
            2,
            10,
            9
          ],
          [
            2,
            9,
            10
          ],
          [
            10,
            2,
            9
          ],
          [
            10,
            9,
            2
          ],
          [
            9,
            2,
            10
          ],
          [
            9,
            10,
            2
          ]
        ],
        "horse_names": [
          "セイウンバジリスク",
          "タイセイエキサイト",
          "ハードシングス",
          "キーンセンス",
          "マメタンク",
          "ミヤラティーニ",
          "メイショウイブキ"
        ],
        "expected_value": 6.0,
        "model_score": 0.002,
        "recommended_bet": 1000.0,
        "confidence": 0.069,
        "notes": "1頭軸マルチ 軸=2番 相手=[8, 6, 15, 7, 10, 9] 90点 Harville最大=0.0023"
      }
    ]
  },
  "manji_bets": {
    "race_id": "202608030506",
    "model_type": "卍",
    "bets": [
      {
        "bet_type": "単勝",
        "combinations": [
          [
            3
          ]
        ],
        "horse_names": [
          "ウェルカムソング"
        ],
        "expected_value": 3.747,
        "model_score": 3.747,
        "recommended_bet": 1000.0,
        "confidence": 0.426,
        "notes": "確率1位(卍) EV=3.75 odds=8.8"
      },
      {
        "bet_type": "複勝",
        "combinations": [
          [
            3
          ],
          [
            6
          ],
          [
            4
          ]
        ],
        "horse_names": [
          "ウェルカムソング",
          "ハードシングス",
          "ラテラルパーム"
        ],
        "expected_value": 2.266,
        "model_score": 2.266,
        "recommended_bet": 300,
        "confidence": 0.6,
        "notes": "確率上位3頭を複勝"
      },
      {
        "bet_type": "馬連",
        "combinations": [
          [
            3,
            6
          ],
          [
            3,
            4
          ],
          [
            3,
            10
          ],
          [
            3,
            14
          ],
          [
            3,
            12
          ]
        ],
        "horse_names": [
          "ウェルカムソング",
          "ハードシングス",
          "ウェルカムソング",
          "ラテラルパーム",
          "ウェルカムソング",
          "ミヤラティーニ",
          "ウェルカムソング",
          "ビップムーラン",
          "ウェルカムソング",
          "ベラジオリン"
        ],
        "expected_value": 2.284,
        "model_score": 0.065,
        "recommended_bet": 500,
        "confidence": 0.327,
        "notes": "軸3番×相手5頭フォーメーション Harville最大=0.065"
      },
      {
        "bet_type": "ワイド",
        "combinations": [
          [
            3,
            6
          ],
          [
            3,
            4
          ],
          [
            3,
            10
          ],
          [
            3,
            14
          ],
          [
            3,
            12
          ]
        ],
        "horse_names": [
          "ウェルカムソング",
          "ハードシングス",
          "ウェルカムソング",
          "ラテラルパーム",
          "ウェルカムソング",
          "ミヤラティーニ",
          "ウェルカムソング",
          "ビップムーラン",
          "ウェルカムソング",
          "ベラジオリン"
        ],
        "expected_value": 1.072,
        "model_score": 0.065,
        "recommended_bet": 500,
        "confidence": 0.393,
        "notes": "軸3番×相手5頭ワイド Harville最大=0.065"
      },
      {
        "bet_type": "馬単",
        "combinations": [
          [
            3,
            6
          ],
          [
            3,
            4
          ],
          [
            3,
            10
          ]
        ],
        "horse_names": [
          "ウェルカムソング",
          "ハードシングス",
          "ウェルカムソング",
          "ラテラルパーム",
          "ウェルカムソング",
          "ミヤラティーニ"
        ],
        "expected_value": 2.29,
        "model_score": 0.035,
        "recommended_bet": 300,
        "confidence": 0.281,
        "notes": "軸3番→相手3頭フォーメーション Harville最大=0.035"
      },
      {
        "bet_type": "三連複",
        "combinations": [
          [
            3,
            4,
            6
          ]
        ],
        "horse_names": [
          "ウェルカムソング",
          "ラテラルパーム",
          "ハードシングス"
        ],
        "expected_value": 2.248,
        "model_score": 0.021,
        "recommended_bet": 300,
        "confidence": 0.31,
        "notes": "合成EV=2.25 Harville=0.0207 馬番=(3, 4, 6)"
      },
      {
        "bet_type": "三連複",
        "combinations": [
          [
            3,
            6,
            10
          ]
        ],
        "horse_names": [
          "ウェルカムソング",
          "ハードシングス",
          "ミヤラティーニ"
        ],
        "expected_value": 2.149,
        "model_score": 0.02,
        "recommended_bet": 300,
        "confidence": 0.296,
        "notes": "合成EV=2.15 Harville=0.0198 馬番=(3, 6, 10)"
      },
      {
        "bet_type": "三連複",
        "combinations": [
          [
            3,
            6,
            14
          ]
        ],
        "horse_names": [
          "ウェルカムソング",
          "ハードシングス",
          "ビップムーラン"
        ],
        "expected_value": 2.097,
        "model_score": 0.019,
        "recommended_bet": 300,
        "confidence": 0.289,
        "notes": "合成EV=2.10 Harville=0.0193 馬番=(3, 6, 14)"
      }
    ]
  },
  "provisional": false
}
Exception in thread Thread-5 (_readerthread):
Traceback (most recent call last):
  File "C:\Users\sayaka\AppData\Local\Python\pythoncore-3.14-64\Lib\threading.py", line 1082, in _bootstrap_inner
    self._context.run(self.run)
    ~~~~~~~~~~~~~~~~~^^^^^^^^^^
  File "C:\Users\sayaka\AppData\Local\Python\pythoncore-3.14-64\Lib\threading.py", line 1024, in run
    self._target(*self._args, **self._kwargs)
    ~~~~~~~~~~~~^^^^^^^^^^^^^^^^^^^^^^^^^^^^^
  File "C:\Users\sayaka\AppData\Local\Python\pythoncore-3.14-64\Lib\subprocess.py", line 1613, in _readerthread
    buffer.append(fh.read())
                  ~~~~~~~^^
  File "<frozen codecs>", line 325, in decode
UnicodeDecodeError: 'utf-8' codec can't decode byte 0x92 in position 39: invalid start byte
12:10:13 INFO: [OK] R06 202605020506  [prerace] 完了
12:10:13 INFO: マイグレーション: v_race_mart ビューを再作成しました
Exception in thread Thread-4 (_readerthread):
Traceback (most recent call last):
  File "C:\Users\sayaka\AppData\Local\Python\pythoncore-3.14-64\Lib\threading.py", line 1082, in _bootstrap_inner
    self._context.run(self.run)
    ~~~~~~~~~~~~~~~~~^^^^^^^^^^
  File "C:\Users\sayaka\AppData\Local\Python\pythoncore-3.14-64\Lib\threading.py", line 1024, in run
    self._target(*self._args, **self._kwargs)
    ~~~~~~~~~~~~^^^^^^^^^^^^^^^^^^^^^^^^^^^^^
  File "C:\Users\sayaka\AppData\Local\Python\pythoncore-3.14-64\Lib\subprocess.py", line 1613, in _readerthread
    buffer.append(fh.read())
                  ~~~~~~~^^
  File "<frozen codecs>", line 325, in decode
UnicodeDecodeError: 'utf-8' codec can't decode byte 0x92 in position 39: invalid start byte
12:10:13 INFO: [OK] R06 202608030506  [prerace] 完了
12:10:13 INFO: DB 初期化完了: C:\dev\horse-racing-ai\data\umalogi.db
12:10:13 INFO: マイグレーション: v_race_mart ビューを再作成しました
12:10:13 INFO: [NOTE] 注目レース検知 → note 記事生成: 202605020506
12:10:13 INFO: [NOTE] 記事生成開始: 202605020506
{
  "race_id": "202604010306",
  "generated_at": "2026-05-09T12:10:10.959716",
  "bias": {
    "today_inner_bias": -0.028571428571428567,
    "today_front_bias": 0.6666666666666666,
    "today_race_count": 3
  },
  "horses": [
    {
      "horse_number": 1,
      "horse_name": "モロノディアマンテ",
      "horse_id": "2023102890",
      "sex_age": "牡3",
      "weight_carried": 54.0,
      "horse_weight": null,
      "win_odds": 100.9,
      "popularity": 15,
      "honmei_score": 0.0516,
      "ev_score": 5.2068,
      "kelly_fraction": 0.0042,
      "manji_ev": 0.6082,
      "odds_vs_morning": 1.0,
      "odds_velocity": null
    },
    {
      "horse_number": 2,
      "horse_name": "チェイサー",
      "horse_id": "2023104603",
      "sex_age": "牡3",
      "weight_carried": 56.0,
      "horse_weight": null,
      "win_odds": 44.5,
      "popularity": 13,
      "honmei_score": 0.1716,
      "ev_score": 7.6379,
      "kelly_fraction": 0.0153,
      "manji_ev": 1.6382,
      "odds_vs_morning": 1.0,
      "odds_velocity": null
    },
    {
      "horse_number": 3,
      "horse_name": "クレインヴォイス",
      "horse_id": "2023106789",
      "sex_age": "牡5",
      "weight_carried": 57.0,
      "horse_weight": null,
      "win_odds": 33.3,
      "popularity": 11,
      "honmei_score": 0.1716,
      "ev_score": 5.7155,
      "kelly_fraction": 0.0146,
      "manji_ev": 0.6075,
      "odds_vs_morning": 1.0,
      "odds_velocity": null
    },
    {
      "horse_number": 4,
      "horse_name": "ビップジョワ",
      "horse_id": "2023102511",
      "sex_age": "牝3",
      "weight_carried": 55.0,
      "horse_weight": null,
      "win_odds": 23.5,
      "popularity": 9,
      "honmei_score": 0.1478,
      "ev_score": 3.4743,
      "kelly_fraction": 0.011,
      "manji_ev": 0.5934,
      "odds_vs_morning": 1.0,
      "odds_velocity": null
    },
    {
      "horse_number": 5,
      "horse_name": "フローレンスフーガ",
      "horse_id": "2023101000",
      "sex_age": "牡5",
      "weight_carried": 57.0,
      "horse_weight": null,
      "win_odds": 11.8,
      "popularity": 6,
      "honmei_score": 0.0617,
      "ev_score": 0.7279,
      "kelly_fraction": 0.0,
      "manji_ev": 0.5999,
      "odds_vs_morning": 1.0,
      "odds_velocity": null
    },
    {
      "horse_number": 6,
      "horse_name": "ホウオウライラック",
      "horse_id": "2023105618",
      "sex_age": "牝3",
      "weight_carried": 52.0,
      "horse_weight": null,
      "win_odds": 17.8,
      "popularity": 8,
      "honmei_score": 0.0564,
      "ev_score": 1.0042,
      "kelly_fraction": 0.0,
      "manji_ev": 0.3825,
      "odds_vs_morning": 1.0,
      "odds_velocity": null
    },
    {
      "horse_number": 7,
      "horse_name": "コスモペンタス",
      "horse_id": "2023106482",
      "sex_age": "牝3",
      "weight_carried": 52.0,
      "horse_weight": null,
      "win_odds": 139.4,
      "popularity": 16,
      "honmei_score": 0.0516,
      "ev_score": 7.1936,
      "kelly_fraction": 0.0045,
      "manji_ev": 0.6346,
      "odds_vs_morning": 1.0,
      "odds_velocity": null
    },
    {
      "horse_number": 8,
      "horse_name": "トンデトンデトンデ",
      "horse_id": "2023101914",
      "sex_age": "牡3",
      "weight_carried": 57.0,
      "horse_weight": null,
      "win_odds": 27.7,
      "popularity": 10,
      "honmei_score": 0.0782,
      "ev_score": 2.1663,
      "kelly_fraction": 0.0044,
      "manji_ev": 0.5152,
      "odds_vs_morning": 1.0,
      "odds_velocity": null
    },
    {
      "horse_number": 9,
      "horse_name": "ウインマニフィーク",
      "horse_id": "2023105862",
      "sex_age": "牡7",
      "weight_carried": 54.0,
      "horse_weight": null,
      "win_odds": 4.8,
      "popularity": 1,
      "honmei_score": 0.1302,
      "ev_score": 0.625,
      "kelly_fraction": 0.0,
      "manji_ev": 0.5726,
      "odds_vs_morning": 1.0,
      "odds_velocity": null
    },
    {
      "horse_number": 10,
      "horse_name": "ウールヴヘジン",
      "horse_id": "2023102442",
      "sex_age": "牡4",
      "weight_carried": 57.0,
      "horse_weight": null,
      "win_odds": 40.5,
      "popularity": 12,
      "honmei_score": 0.0549,
      "ev_score": 2.2218,
      "kelly_fraction": 0.0031,
      "manji_ev": 0.499,
      "odds_vs_morning": 1.0,
      "odds_velocity": null
    },
    {
      "horse_number": 11,
      "horse_name": "オーブレーヌ",
      "horse_id": "2023106812",
      "sex_age": "牝4",
      "weight_carried": 53.0,
      "horse_weight": null,
      "win_odds": 8.8,
      "popularity": 5,
      "honmei_score": 0.0593,
      "ev_score": 0.5221,
      "kelly_fraction": 0.0,
      "manji_ev": 0.5342,
      "odds_vs_morning": 1.0,
      "odds_velocity": null
    },
    {
      "horse_number": 12,
      "horse_name": "ナイトバード",
      "horse_id": "2023103429",
      "sex_age": "牡3",
      "weight_carried": 57.0,
      "horse_weight": null,
      "win_odds": 5.1,
      "popularity": 2,
      "honmei_score": 0.0549,
      "ev_score": 0.2798,
      "kelly_fraction": 0.0,
      "manji_ev": 0.4876,
      "odds_vs_morning": 1.0,
      "odds_velocity": null
    },
    {
      "horse_number": 13,
      "horse_name": "ダンツウルス",
      "horse_id": "2023102901",
      "sex_age": "牡3",
      "weight_carried": 57.0,
      "horse_weight": null,
      "win_odds": 5.1,
      "popularity": 3,
      "honmei_score": 0.0549,
      "ev_score": 0.2798,
      "kelly_fraction": 0.0,
      "manji_ev": 0.3866,
      "odds_vs_morning": 1.0,
      "odds_velocity": null
    },
    {
      "horse_number": 14,
      "horse_name": "マコトアディントン",
      "horse_id": "2023102128",
      "sex_age": "牡3",
      "weight_carried": 57.0,
      "horse_weight": null,
      "win_odds": 7.0,
      "popularity": 4,
      "honmei_score": 0.1443,
      "ev_score": 1.0104,
      "kelly_fraction": 0.0002,
      "manji_ev": 0.6971,
      "odds_vs_morning": 1.0,
      "odds_velocity": null
    },
    {
      "horse_number": 15,
      "horse_name": "タイキアロハ",
      "horse_id": "2023102183",
      "sex_age": "牡3",
      "weight_carried": 57.0,
      "horse_weight": null,
      "win_odds": 13.0,
      "popularity": 7,
      "honmei_score": 0.1443,
      "ev_score": 1.8765,
      "kelly_fraction": 0.0073,
      "manji_ev": 0.6522,
      "odds_vs_morning": 1.0,
      "odds_velocity": null
    },
    {
      "horse_number": 16,
      "horse_name": "ドナシュネル",
      "horse_id": "2023110050",
      "sex_age": "牝3",
      "weight_carried": 52.0,
      "horse_weight": null,
      "win_odds": 95.4,
      "popularity": 14,
      "honmei_score": 0.0516,
      "ev_score": 4.923,
      "kelly_fraction": 0.0042,
      "manji_ev": 0.2314,
      "odds_vs_morning": 1.0,
      "odds_velocity": null
    }
  ],
  "ev_recommend": [
    {
      "horse_number": 2,
      "horse_name": "チェイサー",
      "win_odds": 44.5,
      "ev_score": 7.6379,
      "kelly_fraction": 0.0153
    },
    {
      "horse_number": 7,
      "horse_name": "コスモペンタス",
      "win_odds": 139.4,
      "ev_score": 7.1936,
      "kelly_fraction": 0.0045
    },
    {
      "horse_number": 3,
      "horse_name": "クレインヴォイス",
      "win_odds": 33.3,
      "ev_score": 5.7155,
      "kelly_fraction": 0.0146
    },
    {
      "horse_number": 1,
      "horse_name": "モロノディアマンテ",
      "win_odds": 100.9,
      "ev_score": 5.2068,
      "kelly_fraction": 0.0042
    },
    {
      "horse_number": 16,
      "horse_name": "ドナシュネル",
      "win_odds": 95.4,
      "ev_score": 4.923,
      "kelly_fraction": 0.0042
    },
    {
      "horse_number": 4,
      "horse_name": "ビップジョワ",
      "win_odds": 23.5,
      "ev_score": 3.4743,
      "kelly_fraction": 0.011
    },
    {
      "horse_number": 10,
      "horse_name": "ウールヴヘジン",
      "win_odds": 40.5,
      "ev_score": 2.2218,
      "kelly_fraction": 0.0031
    },
    {
      "horse_number": 8,
      "horse_name": "トンデトンデトンデ",
      "win_odds": 27.7,
      "ev_score": 2.1663,
      "kelly_fraction": 0.0044
    },
    {
      "horse_number": 15,
      "horse_name": "タイキアロハ",
      "win_odds": 13.0,
      "ev_score": 1.8765,
      "kelly_fraction": 0.0073
    },
    {
      "horse_number": 14,
      "horse_name": "マコトアディントン",
      "win_odds": 7.0,
      "ev_score": 1.0104,
      "kelly_fraction": 0.0002
    },
    {
      "horse_number": 6,
      "horse_name": "ホウオウライラック",
      "win_odds": 17.8,
      "ev_score": 1.0042,
      "kelly_fraction": 0.0
    }
  ],
  "honmei_bets": {
    "race_id": "202604010306",
    "model_type": "本命",
    "bets": [
      {
        "bet_type": "単勝",
        "combinations": [
          [
            2
          ]
        ],
        "horse_names": [
          "チェイサー"
        ],
        "expected_value": 5.0,
        "model_score": 0.172,
        "recommended_bet": 1000.0,
        "confidence": 0.172,
        "notes": "確率1位 P(win)=0.17 odds=44.5 EV=5.00"
      },
      {
        "bet_type": "複勝",
        "combinations": [
          [
            2
          ],
          [
            3
          ],
          [
            4
          ]
        ],
        "horse_names": [
          "チェイサー",
          "クレインヴォイス",
          "ビップジョワ"
        ],
        "expected_value": 0.491,
        "model_score": 0.164,
        "recommended_bet": 300,
        "confidence": 0.164,
        "notes": "上位3頭を複勝"
      },
      {
        "bet_type": "馬連",
        "combinations": [
          [
            2,
            3
          ],
          [
            2,
            4
          ],
          [
            2,
            15
          ],
          [
            2,
            14
          ],
          [
            2,
            9
          ]
        ],
        "horse_names": [
          "チェイサー",
          "クレインヴォイス",
          "チェイサー",
          "ビップジョワ",
          "チェイサー",
          "タイキアロハ",
          "チェイサー",
          "マコトアディントン",
          "チェイサー",
          "ウインマニフィーク"
        ],
        "expected_value": 3.02,
        "model_score": 0.017,
        "recommended_bet": 500,
        "confidence": 0.017,
        "notes": "軸2番×相手5頭フォーメーション Harville最大=0.017"
      },
      {
        "bet_type": "ワイド",
        "combinations": [
          [
            2,
            3
          ],
          [
            2,
            4
          ],
          [
            2,
            15
          ],
          [
            2,
            14
          ],
          [
            2,
            9
          ]
        ],
        "horse_names": [
          "チェイサー",
          "クレインヴォイス",
          "チェイサー",
          "ビップジョワ",
          "チェイサー",
          "タイキアロハ",
          "チェイサー",
          "マコトアディントン",
          "チェイサー",
          "ウインマニフィーク"
        ],
        "expected_value": 1.418,
        "model_score": 0.017,
        "recommended_bet": 500,
        "confidence": 0.022,
        "notes": "軸2番×相手5頭ワイド Harville最大=0.017"
      },
      {
        "bet_type": "馬単",
        "combinations": [
          [
            2,
            3
          ],
          [
            2,
            4
          ],
          [
            2,
            15
          ]
        ],
        "horse_names": [
          "チェイサー",
          "クレインヴォイス",
          "チェイサー",
          "ビップジョワ",
          "チェイサー",
          "タイキアロハ"
        ],
        "expected_value": 2.752,
        "model_score": 0.008,
        "recommended_bet": 300,
        "confidence": 0.067,
        "notes": "軸2番→相手3頭フォーメーション Harville最大=0.008"
      },
      {
        "bet_type": "三連複",
        "combinations": [
          [
            3,
            4,
            15
          ],
          [
            3,
            4,
            14
          ]
        ],
        "horse_names": [
          "クレインヴォイス",
          "ビップジョワ",
          "タイキアロハ",
          "マコトアディントン"
        ],
        "expected_value": 5.0,
        "model_score": 0.01,
        "recommended_bet": 600,
        "confidence": 0.117,
        "notes": "合成EV最大=5.00 2点 馬番=[(3, 4, 15), (3, 4, 14)]"
      },
      {
        "bet_type": "三連単",
        "combinations": [
          [
            2,
            3,
            4
          ],
          [
            2,
            4,
            3
          ],
          [
            3,
            2,
            4
          ],
          [
            3,
            4,
            2
          ],
          [
            4,
            2,
            3
          ],
          [
            4,
            3,
            2
          ],
          [
            2,
            3,
            15
          ],
          [
            2,
            15,
            3
          ],
          [
            3,
            2,
            15
          ],
          [
            3,
            15,
            2
          ],
          [
            15,
            2,
            3
          ],
          [
            15,
            3,
            2
          ],
          [
            2,
            3,
            14
          ],
          [
            2,
            14,
            3
          ],
          [
            3,
            2,
            14
          ],
          [
            3,
            14,
            2
          ],
          [
            14,
            2,
            3
          ],
          [
            14,
            3,
            2
          ],
          [
            2,
            3,
            9
          ],
          [
            2,
            9,
            3
          ],
          [
            3,
            2,
            9
          ],
          [
            3,
            9,
            2
          ],
          [
            9,
            2,
            3
          ],
          [
            9,
            3,
            2
          ],
          [
            2,
            3,
            8
          ],
          [
            2,
            8,
            3
          ],
          [
            3,
            2,
            8
          ],
          [
            3,
            8,
            2
          ],
          [
            8,
            2,
            3
          ],
          [
            8,
            3,
            2
          ],
          [
            2,
            4,
            15
          ],
          [
            2,
            15,
            4
          ],
          [
            4,
            2,
            15
          ],
          [
            4,
            15,
            2
          ],
          [
            15,
            2,
            4
          ],
          [
            15,
            4,
            2
          ],
          [
            2,
            4,
            14
          ],
          [
            2,
            14,
            4
          ],
          [
            4,
            2,
            14
          ],
          [
            4,
            14,
            2
          ],
          [
            14,
            2,
            4
          ],
          [
            14,
            4,
            2
          ],
          [
            2,
            4,
            9
          ],
          [
            2,
            9,
            4
          ],
          [
            4,
            2,
            9
          ],
          [
            4,
            9,
            2
          ],
          [
            9,
            2,
            4
          ],
          [
            9,
            4,
            2
          ],
          [
            2,
            4,
            8
          ],
          [
            2,
            8,
            4
          ],
          [
            4,
            2,
            8
          ],
          [
            4,
            8,
            2
          ],
          [
            8,
            2,
            4
          ],
          [
            8,
            4,
            2
          ],
          [
            2,
            15,
            14
          ],
          [
            2,
            14,
            15
          ],
          [
            15,
            2,
            14
          ],
          [
            15,
            14,
            2
          ],
          [
            14,
            2,
            15
          ],
          [
            14,
            15,
            2
          ],
          [
            2,
            15,
            9
          ],
          [
            2,
            9,
            15
          ],
          [
            15,
            2,
            9
          ],
          [
            15,
            9,
            2
          ],
          [
            9,
            2,
            15
          ],
          [
            9,
            15,
            2
          ],
          [
            2,
            15,
            8
          ],
          [
            2,
            8,
            15
          ],
          [
            15,
            2,
            8
          ],
          [
            15,
            8,
            2
          ],
          [
            8,
            2,
            15
          ],
          [
            8,
            15,
            2
          ],
          [
            2,
            14,
            9
          ],
          [
            2,
            9,
            14
          ],
          [
            14,
            2,
            9
          ],
          [
            14,
            9,
            2
          ],
          [
            9,
            2,
            14
          ],
          [
            9,
            14,
            2
          ],
          [
            2,
            14,
            8
          ],
          [
            2,
            8,
            14
          ],
          [
            14,
            2,
            8
          ],
          [
            14,
            8,
            2
          ],
          [
            8,
            2,
            14
          ],
          [
            8,
            14,
            2
          ],
          [
            2,
            9,
            8
          ],
          [
            2,
            8,
            9
          ],
          [
            9,
            2,
            8
          ],
          [
            9,
            8,
            2
          ],
          [
            8,
            2,
            9
          ],
          [
            8,
            9,
            2
          ]
        ],
        "horse_names": [
          "チェイサー",
          "クレインヴォイス",
          "ビップジョワ",
          "タイキアロハ",
          "マコトアディントン",
          "ウインマニフィーク",
          "トンデトンデトンデ"
        ],
        "expected_value": 6.0,
        "model_score": 0.007,
        "recommended_bet": 1000.0,
        "confidence": 0.213,
        "notes": "1頭軸マルチ 軸=2番 相手=[3, 4, 15, 14, 9, 8] 90点 Harville最大=0.0071"
      }
    ]
  },
  "manji_bets": {
    "race_id": "202604010306",
    "model_type": "卍",
    "bets": [
      {
        "bet_type": "単勝",
        "combinations": [
          [
            2
          ]
        ],
        "horse_names": [
          "チェイサー"
        ],
        "expected_value": 1.638,
        "model_score": 1.638,
        "recommended_bet": 1000.0,
        "confidence": 0.037,
        "notes": "確率1位(卍) EV=1.64 odds=44.5"
      },
      {
        "bet_type": "複勝",
        "combinations": [
          [
            2
          ],
          [
            14
          ],
          [
            15
          ]
        ],
        "horse_names": [
          "チェイサー",
          "マコトアディントン",
          "タイキアロハ"
        ],
        "expected_value": 0.996,
        "model_score": 0.996,
        "recommended_bet": 300,
        "confidence": 0.6,
        "notes": "確率上位3頭を複勝"
      },
      {
        "bet_type": "馬連",
        "combinations": [
          [
            2,
            14
          ],
          [
            2,
            15
          ],
          [
            2,
            7
          ],
          [
            1,
            2
          ],
          [
            2,
            3
          ]
        ],
        "horse_names": [
          "チェイサー",
          "マコトアディントン",
          "チェイサー",
          "タイキアロハ",
          "チェイサー",
          "コスモペンタス",
          "モロノディアマンテ",
          "チェイサー",
          "チェイサー",
          "クレインヴォイス"
        ],
        "expected_value": 4.0,
        "model_score": 0.028,
        "recommended_bet": 500,
        "confidence": 0.14,
        "notes": "軸2番×相手5頭フォーメーション Harville最大=0.028"
      },
      {
        "bet_type": "ワイド",
        "combinations": [
          [
            2,
            14
          ],
          [
            2,
            15
          ],
          [
            2,
            7
          ],
          [
            1,
            2
          ],
          [
            2,
            3
          ]
        ],
        "horse_names": [
          "チェイサー",
          "マコトアディントン",
          "チェイサー",
          "タイキアロハ",
          "チェイサー",
          "コスモペンタス",
          "モロノディアマンテ",
          "チェイサー",
          "チェイサー",
          "クレインヴォイス"
        ],
        "expected_value": 2.323,
        "model_score": 0.028,
        "recommended_bet": 500,
        "confidence": 0.168,
        "notes": "軸2番×相手5頭ワイド Harville最大=0.028"
      },
      {
        "bet_type": "馬単",
        "combinations": [
          [
            2,
            14
          ],
          [
            2,
            15
          ],
          [
            2,
            7
          ]
        ],
        "horse_names": [
          "チェイサー",
          "マコトアディントン",
          "チェイサー",
          "タイキアロハ",
          "チェイサー",
          "コスモペンタス"
        ],
        "expected_value": 4.878,
        "model_score": 0.015,
        "recommended_bet": 300,
        "confidence": 0.118,
        "notes": "軸2番→相手3頭フォーメーション Harville最大=0.015"
      },
      {
        "bet_type": "三連複",
        "combinations": [
          [
            2,
            14,
            15
          ]
        ],
        "horse_names": [
          "チェイサー",
          "マコトアディントン",
          "タイキアロハ"
        ],
        "expected_value": 3.887,
        "model_score": 0.007,
        "recommended_bet": 300,
        "confidence": 0.106,
        "notes": "合成EV=3.89 Harville=0.0071 馬番=(2, 14, 15)"
      },
      {
        "bet_type": "三連複",
        "combinations": [
          [
            2,
            7,
            14
          ]
        ],
        "horse_names": [
          "チェイサー",
          "コスモペンタス",
          "マコトアディントン"
        ],
        "expected_value": 3.773,
        "model_score": 0.007,
        "recommended_bet": 300,
        "confidence": 0.103,
        "notes": "合成EV=3.77 Harville=0.0069 馬番=(2, 7, 14)"
      },
      {
        "bet_type": "三連複",
        "combinations": [
          [
            1,
            2,
            14
          ]
        ],
        "horse_names": [
          "モロノディアマンテ",
          "チェイサー",
          "マコトアディントン"
        ],
        "expected_value": 3.606,
        "model_score": 0.007,
        "recommended_bet": 300,
        "confidence": 0.098,
        "notes": "合成EV=3.61 Harville=0.0066 馬番=(1, 2, 14)"
      }
    ]
  },
  "provisional": false
}
12:10:14 INFO: DB 初期化完了: C:\dev\horse-racing-ai\data\umalogi.db
12:10:14 INFO: [NOTE] 注目レース検知 → note 記事生成: 202608030506
12:10:14 INFO: [NOTE] 記事生成開始: 202608030506
Exception in thread Thread-6 (_readerthread):
Traceback (most recent call last):
  File "C:\Users\sayaka\AppData\Local\Python\pythoncore-3.14-64\Lib\threading.py", line 1082, in _bootstrap_inner
    self._context.run(self.run)
    ~~~~~~~~~~~~~~~~~^^^^^^^^^^
  File "C:\Users\sayaka\AppData\Local\Python\pythoncore-3.14-64\Lib\threading.py", line 1024, in run
    self._target(*self._args, **self._kwargs)
    ~~~~~~~~~~~~^^^^^^^^^^^^^^^^^^^^^^^^^^^^^
  File "C:\Users\sayaka\AppData\Local\Python\pythoncore-3.14-64\Lib\subprocess.py", line 1613, in _readerthread
    buffer.append(fh.read())
                  ~~~~~~~^^
  File "<frozen codecs>", line 325, in decode
UnicodeDecodeError: 'utf-8' codec can't decode byte 0x92 in position 39: invalid start byte
12:10:14 INFO: [OK] R06 202604010306  [prerace] 完了
12:10:14 INFO: マイグレーション: v_race_mart ビューを再作成しました
2026-05-09 12:10:14,274 INFO: マイグレーション: v_race_mart ビューを再作成しました
2026-05-09 12:10:14,457 INFO: マイグレーション: v_race_mart ビューを再作成しました
12:10:14 INFO: DB 初期化完了: C:\dev\horse-racing-ai\data\umalogi.db
12:10:14 INFO: [NOTE] 注目レース検知 → note 記事生成: 202604010306
12:10:14 INFO: [NOTE] 記事生成開始: 202604010306
2026-05-09 12:10:14,585 INFO: DB 初期化完了: C:\dev\horse-racing-ai\data\umalogi.db
2026-05-09 12:10:14,585 INFO: 記事生成: 1 レース
2026-05-09 12:10:14,585 INFO: 生成中: 202605020506
2026-05-09 12:10:14,637 INFO: 保存: C:\dev\horse-racing-ai\outputs\note\20260509_R06_202605020506.md
[UMALOGI] note記事保存: 20260509_R06_202605020506.md
12:10:14 INFO: [NOTE] 記事生成完了: 202605020506
12:10:14 INFO: [SNS] ポスト生成開始: 202605020506 (pattern=a)
2026-05-09 12:10:14,761 INFO: DB 初期化完了: C:\dev\horse-racing-ai\data\umalogi.db
2026-05-09 12:10:14,761 INFO: 記事生成: 1 レース
2026-05-09 12:10:14,761 INFO: 生成中: 202608030506
2026-05-09 12:10:14,890 INFO: マイグレーション: v_race_mart ビューを再作成しました
2026-05-09 12:10:15,210 INFO: DB 初期化完了: C:\dev\horse-racing-ai\data\umalogi.db
2026-05-09 12:10:15,210 INFO: 記事生成: 1 レース
2026-05-09 12:10:15,210 INFO: 生成中: 202604010306
2026-05-09 12:10:15,297 INFO: 保存: C:\dev\horse-racing-ai\outputs\note\20260509_R06_202604010306.md
[UMALOGI] note記事保存: 20260509_R06_202604010306.md
12:10:15 INFO: [NOTE] 記事生成完了: 202604010306
12:10:15 INFO: [SNS] ポスト生成開始: 202604010306 (pattern=a)
[SNS] 処理対象: 1 レース
[SNS] 保存: C:\dev\horse-racing-ai\outputs\sns\20260509_R06_東京6R_prerace.txt
12:10:15 INFO: [SNS] ポスト生成完了: 202605020506
[SNS] 処理対象: 1 レース
[SNS] 保存: C:\dev\horse-racing-ai\outputs\sns\20260509_R06_新潟6R_prerace.txt
12:10:16 INFO: [SNS] ポスト生成完了: 202604010306
2026-05-09 12:10:18,332 INFO: [SIMULATE] 特徴量生成 race_id=202608030506: 16 頭 × 52 特徴量 (リーク除外済み)
2026-05-09 12:10:18,518 INFO: 保存: C:\dev\horse-racing-ai\outputs\note\20260509_R06_202608030506.md
[UMALOGI] note記事保存: 20260509_R06_202608030506.md
12:10:18 INFO: [NOTE] 記事生成完了: 202608030506
12:10:18 INFO: [SNS] ポスト生成開始: 202608030506 (pattern=a)
[SNS] 処理対象: 1 レース
[SNS] 保存: C:\dev\horse-racing-ai\outputs\sns\20260509_R06_京都6R_prerace.txt
12:10:19 INFO: [SNS] ポスト生成完了: 202608030506
12:15:00 INFO: [START] R05 202604010305  [postrace] 結果取得開始
12:15:00 INFO: [START] R05 202608030505  [postrace] 結果取得開始
12:15:00 INFO: [START] R05 202605020505  [postrace] 結果取得開始
12:15:00 INFO: マイグレーション: v_race_mart ビューを再作成しました
12:15:00 INFO: マイグレーション: v_race_mart ビューを再作成しました
12:15:00 INFO: マイグレーション: v_race_mart ビューを再作成しました
12:15:00 INFO: DB 初期化完了: C:\dev\horse-racing-ai\data\umalogi.db
12:15:00 INFO: JVLink RACE TODAY 同期開始: date=20260401
12:15:00 INFO: DB 初期化完了: C:\dev\horse-racing-ai\data\umalogi.db
12:15:00 INFO: JVLink RACE TODAY 同期開始: date=20260803
12:15:00 INFO: DB 初期化完了: C:\dev\horse-racing-ai\data\umalogi.db
12:15:00 INFO: JVLink RACE TODAY 同期開始: date=20260502
12:15:03 WARNING: [NG] 結果取得 rc=1 (試行 1/8): 202604010305 — 300 秒後に再試行
12:18:00 ERROR: JVLink ワーカー タイムアウト (180s): date=20260803
12:18:00 WARNING: JVLink 同期失敗 — netkeiba にフォールバック: race_id=202608030505
12:18:00 INFO: JVLink 結果なし → netkeiba フォールバック: race_id=202608030505
12:18:00 ERROR: JVLink ワーカー タイムアウト (180s): date=20260502
12:18:00 WARNING: JVLink 同期失敗 — netkeiba にフォールバック: race_id=202605020505
12:18:00 INFO: JVLink 結果なし → netkeiba フォールバック: race_id=202605020505
12:18:01 INFO: netkeiba から着順取得: race_id=202608030505
12:18:01 INFO: レース結果取得開始: race_id=202608030505
12:18:01 INFO: netkeiba から着順取得: race_id=202605020505
12:18:01 INFO: レース結果取得開始: race_id=202605020505
12:18:02 INFO: 取得完了: race_id=202608030505, 出走頭数=0
12:18:02 INFO: netkeiba: 結果テーブル空 (未確定?) race_id=202608030505
12:18:02 INFO: netkeiba: 未確定 (race_id=202608030505)
12:18:03 WARNING: [NG] 結果取得 rc=1 (試行 1/8): 202608030505 — 300 秒後に再試行
12:18:03 INFO: 取得完了: race_id=202605020505, 出走頭数=0
12:18:03 INFO: netkeiba: 結果テーブル空 (未確定?) race_id=202605020505
12:18:03 INFO: netkeiba: 未確定 (race_id=202605020505)
12:18:03 WARNING: [NG] 結果取得 rc=1 (試行 1/8): 202605020505 — 300 秒後に再試行
12:20:03 INFO: マイグレーション: v_race_mart ビューを再作成しました
12:20:03 INFO: DB 初期化完了: C:\dev\horse-racing-ai\data\umalogi.db
12:20:03 INFO: JVLink RACE TODAY 同期開始: date=20260401
12:23:03 INFO: マイグレーション: v_race_mart ビューを再作成しました
12:23:03 INFO: マイグレーション: v_race_mart ビューを再作成しました
12:23:03 INFO: DB 初期化完了: C:\dev\horse-racing-ai\data\umalogi.db
12:23:03 INFO: JVLink RACE TODAY 同期開始: date=20260803
12:23:03 INFO: DB 初期化完了: C:\dev\horse-racing-ai\data\umalogi.db
12:23:03 INFO: JVLink RACE TODAY 同期開始: date=20260502
12:23:03 ERROR: JVLink ワーカー タイムアウト (180s): date=20260401
12:23:03 WARNING: JVLink 同期失敗 — netkeiba にフォールバック: race_id=202604010305
12:23:03 INFO: JVLink 結果なし → netkeiba フォールバック: race_id=202604010305
12:23:04 INFO: netkeiba から着順取得: race_id=202604010305
12:23:04 INFO: レース結果取得開始: race_id=202604010305
12:23:06 INFO: 取得完了: race_id=202604010305, 出走頭数=16
12:23:06 INFO: netkeiba 着順保存: race_id=202604010305 16頭
12:23:08 INFO: 払戻取得完了: race_id=202604010305, 合計 12 件
12:23:08 INFO: 払戻保存: race_id=202604010305, 12 件
12:23:08 INFO: netkeiba 払戻保存: race_id=202604010305 12件
12:23:08 INFO: race_results 確認: race_id=202604010305 (16頭 rank有)
12:23:08 INFO: [評価] race=202604010305 : 予想29件 的中3件 投資¥30700 払戻¥480 ROI=1.6%
12:23:08 INFO: 評価完了: race_id=202604010305  的中=3件  投資¥30700  払戻¥480  ROI=1.6%
12:23:08 INFO: [OK] R05 202604010305  [postrace] 完了
12:23:08 INFO: マイグレーション: v_race_mart ビューを再作成しました
12:23:08 INFO: DB 初期化完了: C:\dev\horse-racing-ai\data\umalogi.db
12:23:08 INFO: [CARD] 的中検知 → カード＋SNS生成: 202604010305
12:23:08 INFO: [CARD] 的中カード生成開始: 202604010305
[CARD] カード生成対象: 1 レース
[CARD] 保存: C:\dev\horse-racing-ai\outputs\cards\20260509_R05_新潟5R.png
12:23:10 INFO: [CARD] 的中カード生成完了: 202604010305
12:23:10 INFO: [SNS] ポスト生成開始: 202604010305 (pattern=b)
[SNS] 処理対象: 1 レース
[SNS] 保存: C:\dev\horse-racing-ai\outputs\sns\20260509_R05_新潟5R_hit.txt
12:23:11 INFO: [SNS] ポスト生成完了: 202604010305
12:26:03 ERROR: JVLink ワーカー タイムアウト (180s): date=20260803
12:26:03 WARNING: JVLink 同期失敗 — netkeiba にフォールバック: race_id=202608030505
12:26:03 INFO: JVLink 結果なし → netkeiba フォールバック: race_id=202608030505
12:26:03 ERROR: JVLink ワーカー タイムアウト (180s): date=20260502
12:26:03 WARNING: JVLink 同期失敗 — netkeiba にフォールバック: race_id=202605020505
12:26:03 INFO: JVLink 結果なし → netkeiba フォールバック: race_id=202605020505
12:26:04 INFO: netkeiba から着順取得: race_id=202608030505
12:26:04 INFO: レース結果取得開始: race_id=202608030505
12:26:04 INFO: netkeiba から着順取得: race_id=202605020505
12:26:04 INFO: レース結果取得開始: race_id=202605020505
12:26:06 INFO: 取得完了: race_id=202608030505, 出走頭数=0
12:26:06 INFO: netkeiba: 結果テーブル空 (未確定?) race_id=202608030505
12:26:06 INFO: netkeiba: 未確定 (race_id=202608030505)
12:26:06 INFO: 取得完了: race_id=202605020505, 出走頭数=0
12:26:06 INFO: netkeiba: 結果テーブル空 (未確定?) race_id=202605020505
12:26:06 INFO: netkeiba: 未確定 (race_id=202605020505)
12:26:06 WARNING: [NG] 結果取得 rc=1 (試行 2/8): 202608030505 — 300 秒後に再試行
12:26:06 WARNING: [NG] 結果取得 rc=1 (試行 2/8): 202605020505 — 300 秒後に再試行
12:31:06 INFO: マイグレーション: v_race_mart ビューを再作成しました
12:31:06 INFO: マイグレーション: v_race_mart ビューを再作成しました
12:31:06 INFO: DB 初期化完了: C:\dev\horse-racing-ai\data\umalogi.db
12:31:06 INFO: JVLink RACE TODAY 同期開始: date=20260803
12:31:06 INFO: DB 初期化完了: C:\dev\horse-racing-ai\data\umalogi.db
12:31:06 INFO: JVLink RACE TODAY 同期開始: date=20260502
12:31:08 WARNING: [NG] 結果取得 rc=1 (試行 3/8): 202608030505 — 300 秒後に再試行
12:34:06 ERROR: JVLink ワーカー タイムアウト (180s): date=20260502
12:34:06 WARNING: JVLink 同期失敗 — netkeiba にフォールバック: race_id=202605020505
12:34:06 INFO: JVLink 結果なし → netkeiba フォールバック: race_id=202605020505
12:34:07 INFO: netkeiba から着順取得: race_id=202605020505
12:34:07 INFO: レース結果取得開始: race_id=202605020505
12:34:08 INFO: 取得完了: race_id=202605020505, 出走頭数=0
12:34:08 INFO: netkeiba: 結果テーブル空 (未確定?) race_id=202605020505
12:34:08 INFO: netkeiba: 未確定 (race_id=202605020505)
12:34:08 WARNING: [NG] 結果取得 rc=1 (試行 3/8): 202605020505 — 300 秒後に再試行
12:36:08 INFO: マイグレーション: v_race_mart ビューを再作成しました
12:36:08 INFO: DB 初期化完了: C:\dev\horse-racing-ai\data\umalogi.db
12:36:08 INFO: JVLink RACE TODAY 同期開始: date=20260803
12:39:08 ERROR: JVLink ワーカー タイムアウト (180s): date=20260803
12:39:08 WARNING: JVLink 同期失敗 — netkeiba にフォールバック: race_id=202608030505
12:39:08 INFO: JVLink 結果なし → netkeiba フォールバック: race_id=202608030505
12:39:09 INFO: マイグレーション: v_race_mart ビューを再作成しました
12:39:09 INFO: netkeiba から着順取得: race_id=202608030505
12:39:09 INFO: レース結果取得開始: race_id=202608030505
12:39:09 INFO: DB 初期化完了: C:\dev\horse-racing-ai\data\umalogi.db
12:39:09 INFO: JVLink RACE TODAY 同期開始: date=20260502
12:39:11 INFO: 取得完了: race_id=202608030505, 出走頭数=8
12:39:11 INFO: netkeiba 着順保存: race_id=202608030505 8頭
12:39:13 INFO: 払戻取得完了: race_id=202608030505, 合計 11 件
12:39:13 INFO: 払戻保存: race_id=202608030505, 11 件
12:39:13 INFO: netkeiba 払戻保存: race_id=202608030505 11件
12:39:13 INFO: race_results 確認: race_id=202608030505 (8頭 rank有)
12:39:13 INFO: [評価] race=202608030505 : 予想30件 的中3件 投資¥30900 払戻¥1170 ROI=3.8%
12:39:13 INFO: 評価完了: race_id=202608030505  的中=3件  投資¥30900  払戻¥1170  ROI=3.8%
12:39:13 INFO: [OK] R05 202608030505  [postrace] 完了
12:39:13 INFO: マイグレーション: v_race_mart ビューを再作成しました
12:39:13 INFO: DB 初期化完了: C:\dev\horse-racing-ai\data\umalogi.db
12:39:13 INFO: [CARD] 的中検知 → カード＋SNS生成: 202608030505
12:39:13 INFO: [CARD] 的中カード生成開始: 202608030505
[CARD] カード生成対象: 1 レース
[CARD] 保存: C:\dev\horse-racing-ai\outputs\cards\20260509_R05_京都5R.png
12:39:15 INFO: [CARD] 的中カード生成完了: 202608030505
12:39:15 INFO: [SNS] ポスト生成開始: 202608030505 (pattern=b)
[SNS] 処理対象: 1 レース
[SNS] 保存: C:\dev\horse-racing-ai\outputs\sns\20260509_R05_京都5R_hit.txt
12:39:16 INFO: [SNS] ポスト生成完了: 202608030505
12:40:00 INFO: [START] R07 202604010307  [prerace] 直前予想開始 (推定発走 13:00)
12:40:00 INFO: [START] R07 202605020507  [prerace] 直前予想開始 (推定発走 13:00)
12:40:00 INFO: [START] R07 202608030507  [prerace] 直前予想開始 (推定発走 13:00)
{
  "race_id": "202604010307",
  "generated_at": "2026-05-09T12:40:11.085514",
  "bias": {
    "today_inner_bias": -0.05997001499250375,
    "today_front_bias": 0.75,
    "today_race_count": 4
  },
  "horses": [
    {
      "horse_number": 1,
      "horse_name": "ルクスマーベリック",
      "horse_id": "2021104105",
      "sex_age": "騸3",
      "weight_carried": 58.0,
      "horse_weight": null,
      "win_odds": 51.5,
      "popularity": 13,
      "honmei_score": 0.0782,
      "ev_score": 4.0276,
      "kelly_fraction": 0.006,
      "manji_ev": 1.467,
      "odds_vs_morning": 1.0,
      "odds_velocity": null
    },
    {
      "horse_number": 2,
      "horse_name": "ジュウオウ",
      "horse_id": "2021110162",
      "sex_age": "牡4",
      "weight_carried": 58.0,
      "horse_weight": null,
      "win_odds": 27.8,
      "popularity": 9,
      "honmei_score": 0.0593,
      "ev_score": 1.6494,
      "kelly_fraction": 0.0024,
      "manji_ev": 0.57,
      "odds_vs_morning": 1.0,
      "odds_velocity": null
    },
    {
      "horse_number": 3,
      "horse_name": "サンライズジュピタ",
      "horse_id": "2022103307",
      "sex_age": "牡3",
      "weight_carried": 58.0,
      "horse_weight": null,
      "win_odds": 9.0,
      "popularity": 4,
      "honmei_score": 0.0782,
      "ev_score": 0.7039,
      "kelly_fraction": 0.0,
      "manji_ev": 4.219,
      "odds_vs_morning": 1.0,
      "odds_velocity": null
    },
    {
      "horse_number": 4,
      "horse_name": "アースミューズ",
      "horse_id": "2022105909",
      "sex_age": "牝3",
      "weight_carried": 55.0,
      "horse_weight": null,
      "win_odds": 15.2,
      "popularity": 7,
      "honmei_score": 0.1443,
      "ev_score": 2.1941,
      "kelly_fraction": 0.0084,
      "manji_ev": 1.4188,
      "odds_vs_morning": 1.0,
      "odds_velocity": null
    },
    {
      "horse_number": 5,
      "horse_name": "スターチスブーケ",
      "horse_id": "2021110075",
      "sex_age": "牝1",
      "weight_carried": 56.0,
      "horse_weight": null,
      "win_odds": 36.7,
      "popularity": 11,
      "honmei_score": 0.0782,
      "ev_score": 2.8702,
      "kelly_fraction": 0.0052,
      "manji_ev": 4.7163,
      "odds_vs_morning": 1.0,
      "odds_velocity": null
    },
    {
      "horse_number": 6,
      "horse_name": "アルマーレシチー",
      "horse_id": "2021100675",
      "sex_age": "騸3",
      "weight_carried": 54.0,
      "horse_weight": null,
      "win_odds": 25.1,
      "popularity": 8,
      "honmei_score": 0.0432,
      "ev_score": 1.084,
      "kelly_fraction": 0.0003,
      "manji_ev": 2.4265,
      "odds_vs_morning": 1.0,
      "odds_velocity": null
    },
    {
      "horse_number": 7,
      "horse_name": "ゼットスパンキー",
      "horse_id": "2021107255",
      "sex_age": "牡4",
      "weight_carried": 55.0,
      "horse_weight": null,
      "win_odds": 14.1,
      "popularity": 6,
      "honmei_score": 0.1071,
      "ev_score": 1.5107,
      "kelly_fraction": 0.0039,
      "manji_ev": 0.4943,
      "odds_vs_morning": 1.0,
      "odds_velocity": null
    },
    {
      "horse_number": 8,
      "horse_name": "ソードマスター",
      "horse_id": "2022105415",
      "sex_age": "牡3",
      "weight_carried": 58.0,
      "horse_weight": null,
      "win_odds": 12.0,
      "popularity": 5,
      "honmei_score": 0.0549,
      "ev_score": 0.6583,
      "kelly_fraction": 0.0,
      "manji_ev": 1.8883,
      "odds_vs_morning": 1.0,
      "odds_velocity": null
    },
    {
      "horse_number": 9,
      "horse_name": "シャインミラカナ",
      "horse_id": "2022104411",
      "sex_age": "牡3",
      "weight_carried": 58.0,
      "horse_weight": null,
      "win_odds": 52.0,
      "popularity": 14,
      "honmei_score": 0.1716,
      "ev_score": 8.9251,
      "kelly_fraction": 0.0155,
      "manji_ev": 1.0172,
      "odds_vs_morning": 1.0,
      "odds_velocity": null
    },
    {
      "horse_number": 10,
      "horse_name": "トッレブランカ",
      "horse_id": "2022100088",
      "sex_age": "牡3",
      "weight_carried": 58.0,
      "horse_weight": null,
      "win_odds": 38.5,
      "popularity": 12,
      "honmei_score": 0.0617,
      "ev_score": 2.375,
      "kelly_fraction": 0.0037,
      "manji_ev": 0.6568,
      "odds_vs_morning": 1.0,
      "odds_velocity": null
    },
    {
      "horse_number": 11,
      "horse_name": "ミルミナーヴァ",
      "horse_id": "2021106332",
      "sex_age": "牝1",
      "weight_carried": 56.0,
      "horse_weight": null,
      "win_odds": 6.8,
      "popularity": 3,
      "honmei_score": 0.0782,
      "ev_score": 0.5318,
      "kelly_fraction": 0.0,
      "manji_ev": 1.0803,
      "odds_vs_morning": 1.0,
      "odds_velocity": null
    },
    {
      "horse_number": 12,
      "horse_name": "ピコテンダー",
      "horse_id": "2022110132",
      "sex_age": "牝3",
      "weight_carried": 53.0,
      "horse_weight": null,
      "win_odds": 2.6,
      "popularity": 1,
      "honmei_score": 0.1716,
      "ev_score": 0.4463,
      "kelly_fraction": 0.0,
      "manji_ev": 0.1959,
      "odds_vs_morning": 1.0,
      "odds_velocity": null
    },
    {
      "horse_number": 13,
      "horse_name": "リッチハンター",
      "horse_id": "2020100555",
      "sex_age": "牡3",
      "weight_carried": 55.0,
      "horse_weight": null,
      "win_odds": 69.1,
      "popularity": 15,
      "honmei_score": 0.1028,
      "ev_score": 7.1054,
      "kelly_fraction": 0.009,
      "manji_ev": 0.0686,
      "odds_vs_morning": 1.0,
      "odds_velocity": null
    },
    {
      "horse_number": 14,
      "horse_name": "ジーティームッシュ",
      "horse_id": "2022105215",
      "sex_age": "牡3",
      "weight_carried": 55.0,
      "horse_weight": null,
      "win_odds": 5.2,
      "popularity": 2,
      "honmei_score": 0.1302,
      "ev_score": 0.6771,
      "kelly_fraction": 0.0,
      "manji_ev": 1.4716,
      "odds_vs_morning": 1.0,
      "odds_velocity": null
    },
    {
      "horse_number": 15,
      "horse_name": "ナンヨークリスタル",
      "horse_id": "2020103513",
      "sex_age": "騸3",
      "weight_carried": 55.0,
      "horse_weight": null,
      "win_odds": 30.8,
      "popularity": 10,
      "honmei_score": 0.1429,
      "ev_score": 4.4,
      "kelly_fraction": 0.0114,
      "manji_ev": 0.1277,
      "odds_vs_morning": 1.0,
      "odds_velocity": null
    }
  ],
  "ev_recommend": [
    {
      "horse_number": 9,
      "horse_name": "シャインミラカナ",
      "win_odds": 52.0,
      "ev_score": 8.9251,
      "kelly_fraction": 0.0155
    },
    {
      "horse_number": 13,
      "horse_name": "リッチハンター",
      "win_odds": 69.1,
      "ev_score": 7.1054,
      "kelly_fraction": 0.009
    },
    {
      "horse_number": 15,
      "horse_name": "ナンヨークリスタル",
      "win_odds": 30.8,
      "ev_score": 4.4,
      "kelly_fraction": 0.0114
    },
    {
      "horse_number": 1,
      "horse_name": "ルクスマーベリック",
      "win_odds": 51.5,
      "ev_score": 4.0276,
      "kelly_fraction": 0.006
    },
    {
      "horse_number": 5,
      "horse_name": "スターチスブーケ",
      "win_odds": 36.7,
      "ev_score": 2.8702,
      "kelly_fraction": 0.0052
    },
    {
      "horse_number": 10,
      "horse_name": "トッレブランカ",
      "win_odds": 38.5,
      "ev_score": 2.375,
      "kelly_fraction": 0.0037
    },
    {
      "horse_number": 4,
      "horse_name": "アースミューズ",
      "win_odds": 15.2,
      "ev_score": 2.1941,
      "kelly_fraction": 0.0084
    },
    {
      "horse_number": 2,
      "horse_name": "ジュウオウ",
      "win_odds": 27.8,
      "ev_score": 1.6494,
      "kelly_fraction": 0.0024
    },
    {
      "horse_number": 7,
      "horse_name": "ゼットスパンキー",
      "win_odds": 14.1,
      "ev_score": 1.5107,
      "kelly_fraction": 0.0039
    },
    {
      "horse_number": 6,
      "horse_name": "アルマーレシチー",
      "win_odds": 25.1,
      "ev_score": 1.084,
      "kelly_fraction": 0.0003
    }
  ],
  "honmei_bets": {
    "race_id": "202604010307",
    "model_type": "本命",
    "bets": [
      {
        "bet_type": "単勝",
        "combinations": [
          [
            9
          ]
        ],
        "horse_names": [
          "シャインミラカナ"
        ],
        "expected_value": 5.0,
        "model_score": 0.172,
        "recommended_bet": 1000.0,
        "confidence": 0.172,
        "notes": "確率1位 P(win)=0.17 odds=52.0 EV=5.00"
      },
      {
        "bet_type": "複勝",
        "combinations": [
          [
            9
          ],
          [
            12
          ],
          [
            4
          ]
        ],
        "horse_names": [
          "シャインミラカナ",
          "ピコテンダー",
          "アースミューズ"
        ],
        "expected_value": 0.488,
        "model_score": 0.163,
        "recommended_bet": 300,
        "confidence": 0.163,
        "notes": "上位3頭を複勝"
      },
      {
        "bet_type": "馬連",
        "combinations": [
          [
            9,
            12
          ],
          [
            4,
            9
          ],
          [
            9,
            15
          ],
          [
            9,
            14
          ],
          [
            7,
            9
          ]
        ],
        "horse_names": [
          "シャインミラカナ",
          "ピコテンダー",
          "アースミューズ",
          "シャインミラカナ",
          "シャインミラカナ",
          "ナンヨークリスタル",
          "シャインミラカナ",
          "ジーティームッシュ",
          "ゼットスパンキー",
          "シャインミラカナ"
        ],
        "expected_value": 3.297,
        "model_score": 0.016,
        "recommended_bet": 500,
        "confidence": 0.016,
        "notes": "軸9番×相手5頭フォーメーション Harville最大=0.016"
      },
      {
        "bet_type": "ワイド",
        "combinations": [
          [
            9,
            12
          ],
          [
            4,
            9
          ],
          [
            9,
            15
          ],
          [
            9,
            14
          ],
          [
            7,
            9
          ]
        ],
        "horse_names": [
          "シャインミラカナ",
          "ピコテンダー",
          "アースミューズ",
          "シャインミラカナ",
          "シャインミラカナ",
          "ナンヨークリスタル",
          "シャインミラカナ",
          "ジーティームッシュ",
          "ゼットスパンキー",
          "シャインミラカナ"
        ],
        "expected_value": 1.549,
        "model_score": 0.016,
        "recommended_bet": 500,
        "confidence": 0.021,
        "notes": "軸9番×相手5頭ワイド Harville最大=0.016"
      },
      {
        "bet_type": "馬単",
        "combinations": [
          [
            9,
            12
          ],
          [
            9,
            4
          ],
          [
            9,
            15
          ]
        ],
        "horse_names": [
          "シャインミラカナ",
          "ピコテンダー",
          "シャインミラカナ",
          "アースミューズ",
          "シャインミラカナ",
          "ナンヨークリスタル"
        ],
        "expected_value": 2.961,
        "model_score": 0.008,
        "recommended_bet": 300,
        "confidence": 0.062,
        "notes": "軸9番→相手3頭フォーメーション Harville最大=0.008"
      },
      {
        "bet_type": "三連複",
        "combinations": [
          [
            4,
            12,
            15
          ],
          [
            4,
            12,
            14
          ]
        ],
        "horse_names": [
          "アースミューズ",
          "ピコテンダー",
          "ナンヨークリスタル",
          "ジーティームッシュ"
        ],
        "expected_value": 5.0,
        "model_score": 0.011,
        "recommended_bet": 600,
        "confidence": 0.136,
        "notes": "合成EV最大=5.00 2点 馬番=[(4, 12, 15), (4, 12, 14)]"
      },
      {
        "bet_type": "三連単",
        "combinations": [
          [
            9,
            12,
            4
          ],
          [
            9,
            4,
            12
          ],
          [
            12,
            9,
            4
          ],
          [
            12,
            4,
            9
          ],
          [
            4,
            9,
            12
          ],
          [
            4,
            12,
            9
          ],
          [
            9,
            12,
            15
          ],
          [
            9,
            15,
            12
          ],
          [
            12,
            9,
            15
          ],
          [
            12,
            15,
            9
          ],
          [
            15,
            9,
            12
          ],
          [
            15,
            12,
            9
          ],
          [
            9,
            12,
            14
          ],
          [
            9,
            14,
            12
          ],
          [
            12,
            9,
            14
          ],
          [
            12,
            14,
            9
          ],
          [
            14,
            9,
            12
          ],
          [
            14,
            12,
            9
          ],
          [
            9,
            12,
            7
          ],
          [
            9,
            7,
            12
          ],
          [
            12,
            9,
            7
          ],
          [
            12,
            7,
            9
          ],
          [
            7,
            9,
            12
          ],
          [
            7,
            12,
            9
          ],
          [
            9,
            12,
            13
          ],
          [
            9,
            13,
            12
          ],
          [
            12,
            9,
            13
          ],
          [
            12,
            13,
            9
          ],
          [
            13,
            9,
            12
          ],
          [
            13,
            12,
            9
          ],
          [
            9,
            4,
            15
          ],
          [
            9,
            15,
            4
          ],
          [
            4,
            9,
            15
          ],
          [
            4,
            15,
            9
          ],
          [
            15,
            9,
            4
          ],
          [
            15,
            4,
            9
          ],
          [
            9,
            4,
            14
          ],
          [
            9,
            14,
            4
          ],
          [
            4,
            9,
            14
          ],
          [
            4,
            14,
            9
          ],
          [
            14,
            9,
            4
          ],
          [
            14,
            4,
            9
          ],
          [
            9,
            4,
            7
          ],
          [
            9,
            7,
            4
          ],
          [
            4,
            9,
            7
          ],
          [
            4,
            7,
            9
          ],
          [
            7,
            9,
            4
          ],
          [
            7,
            4,
            9
          ],
          [
            9,
            4,
            13
          ],
          [
            9,
            13,
            4
          ],
          [
            4,
            9,
            13
          ],
          [
            4,
            13,
            9
          ],
          [
            13,
            9,
            4
          ],
          [
            13,
            4,
            9
          ],
          [
            9,
            15,
            14
          ],
          [
            9,
            14,
            15
          ],
          [
            15,
            9,
            14
          ],
          [
            15,
            14,
            9
          ],
          [
            14,
            9,
            15
          ],
          [
            14,
            15,
            9
          ],
          [
            9,
            15,
            7
          ],
          [
            9,
            7,
            15
          ],
          [
            15,
            9,
            7
          ],
          [
            15,
            7,
            9
          ],
          [
            7,
            9,
            15
          ],
          [
            7,
            15,
            9
          ],
          [
            9,
            15,
            13
          ],
          [
            9,
            13,
            15
          ],
          [
            15,
            9,
            13
          ],
          [
            15,
            13,
            9
          ],
          [
            13,
            9,
            15
          ],
          [
            13,
            15,
            9
          ],
          [
            9,
            14,
            7
          ],
          [
            9,
            7,
            14
          ],
          [
            14,
            9,
            7
          ],
          [
            14,
            7,
            9
          ],
          [
            7,
            9,
            14
          ],
          [
            7,
            14,
            9
          ],
          [
            9,
            14,
            13
          ],
          [
            9,
            13,
            14
          ],
          [
            14,
            9,
            13
          ],
          [
            14,
            13,
            9
          ],
          [
            13,
            9,
            14
          ],
          [
            13,
            14,
            9
          ],
          [
            9,
            7,
            13
          ],
          [
            9,
            13,
            7
          ],
          [
            7,
            9,
            13
          ],
          [
            7,
            13,
            9
          ],
          [
            13,
            9,
            7
          ],
          [
            13,
            7,
            9
          ]
        ],
        "horse_names": [
          "シャインミラカナ",
          "ピコテンダー",
          "アースミューズ",
          "ナンヨークリスタル",
          "ジーティームッシュ",
          "ゼットスパンキー",
          "リッチハンター"
        ],
        "expected_value": 6.0,
        "model_score": 0.006,
        "recommended_bet": 1000.0,
        "confidence": 0.192,
        "notes": "1頭軸マルチ 軸=9番 相手=[12, 4, 15, 14, 7, 13] 90点 Harville最大=0.0064"
      }
    ]
  },
  "manji_bets": {
    "race_id": "202604010307",
    "model_type": "卍",
    "bets": [
      {
        "bet_type": "単勝",
        "combinations": [
          [
            5
          ]
        ],
        "horse_names": [
          "スターチスブーケ"
        ],
        "expected_value": 4.716,
        "model_score": 4.716,
        "recommended_bet": 1000.0,
        "confidence": 0.129,
        "notes": "確率1位(卍) EV=4.72 odds=36.7"
      },
      {
        "bet_type": "複勝",
        "combinations": [
          [
            5
          ],
          [
            3
          ],
          [
            6
          ]
        ],
        "horse_names": [
          "スターチスブーケ",
          "サンライズジュピタ",
          "アルマーレシチー"
        ],
        "expected_value": 3.787,
        "model_score": 3.787,
        "recommended_bet": 300,
        "confidence": 0.6,
        "notes": "確率上位3頭を複勝"
      },
      {
        "bet_type": "馬連",
        "combinations": [
          [
            3,
            5
          ],
          [
            5,
            6
          ],
          [
            5,
            8
          ],
          [
            5,
            14
          ],
          [
            1,
            5
          ]
        ],
        "horse_names": [
          "サンライズジュピタ",
          "スターチスブーケ",
          "スターチスブーケ",
          "アルマーレシチー",
          "スターチスブーケ",
          "ソードマスター",
          "スターチスブーケ",
          "ジーティームッシュ",
          "ルクスマーベリック",
          "スターチスブーケ"
        ],
        "expected_value": 4.0,
        "model_score": 0.105,
        "recommended_bet": 500,
        "confidence": 0.526,
        "notes": "軸5番×相手5頭フォーメーション Harville最大=0.105"
      },
      {
        "bet_type": "ワイド",
        "combinations": [
          [
            3,
            5
          ],
          [
            5,
            6
          ],
          [
            5,
            8
          ],
          [
            5,
            14
          ],
          [
            1,
            5
          ]
        ],
        "horse_names": [
          "サンライズジュピタ",
          "スターチスブーケ",
          "スターチスブーケ",
          "アルマーレシチー",
          "スターチスブーケ",
          "ソードマスター",
          "スターチスブーケ",
          "ジーティームッシュ",
          "ルクスマーベリック",
          "スターチスブーケ"
        ],
        "expected_value": 3.0,
        "model_score": 0.105,
        "recommended_bet": 500,
        "confidence": 0.631,
        "notes": "軸5番×相手5頭ワイド Harville最大=0.105"
      },
      {
        "bet_type": "馬単",
        "combinations": [
          [
            5,
            3
          ],
          [
            5,
            6
          ],
          [
            5,
            8
          ]
        ],
        "horse_names": [
          "スターチスブーケ",
          "サンライズジュピタ",
          "スターチスブーケ",
          "アルマーレシチー",
          "スターチスブーケ",
          "ソードマスター"
        ],
        "expected_value": 5.0,
        "model_score": 0.053,
        "recommended_bet": 300,
        "confidence": 0.427,
        "notes": "軸5番→相手3頭フォーメーション Harville最大=0.053"
      },
      {
        "bet_type": "三連複",
        "combinations": [
          [
            3,
            5,
            6
          ]
        ],
        "horse_names": [
          "サンライズジュピタ",
          "スターチスブーケ",
          "アルマーレシチー"
        ],
        "expected_value": 5.0,
        "model_score": 0.052,
        "recommended_bet": 300,
        "confidence": 0.783,
        "notes": "合成EV=5.00 Harville=0.0522 馬番=(3, 5, 6)"
      },
      {
        "bet_type": "三連複",
        "combinations": [
          [
            3,
            5,
            8
          ]
        ],
        "horse_names": [
          "サンライズジュピタ",
          "スターチスブーケ",
          "ソードマスター"
        ],
        "expected_value": 5.0,
        "model_score": 0.039,
        "recommended_bet": 300,
        "confidence": 0.592,
        "notes": "合成EV=5.00 Harville=0.0394 馬番=(3, 5, 8)"
      },
      {
        "bet_type": "三連複",
        "combinations": [
          [
            3,
            5,
            14
          ]
        ],
        "horse_names": [
          "サンライズジュピタ",
          "スターチスブーケ",
          "ジーティームッシュ"
        ],
        "expected_value": 5.0,
        "model_score": 0.03,
        "recommended_bet": 300,
        "confidence": 0.451,
        "notes": "合成EV=5.00 Harville=0.0301 馬番=(3, 5, 14)"
      }
    ]
  },
  "provisional": false
}
{
  "race_id": "202608030507",
  "generated_at": "2026-05-09T12:40:11.064442",
  "bias": {
    "today_inner_bias": -0.08487394957983194,
    "today_front_bias": 0.6,
    "today_race_count": 5
  },
  "horses": [
    {
      "horse_number": 1,
      "horse_name": "ジーティートシオー",
      "horse_id": "2022104661",
      "sex_age": "牡6",
      "weight_carried": 58.0,
      "horse_weight": null,
      "win_odds": 16.4,
      "popularity": 5,
      "honmei_score": 0.1478,
      "ev_score": 2.4246,
      "kelly_fraction": 0.0093,
      "manji_ev": 0.4695,
      "odds_vs_morning": 1.0,
      "odds_velocity": null
    },
    {
      "horse_number": 2,
      "horse_name": "サンマルミッション",
      "horse_id": "2021107331",
      "sex_age": "騸3",
      "weight_carried": 58.0,
      "horse_weight": null,
      "win_odds": 50.4,
      "popularity": 10,
      "honmei_score": 0.0516,
      "ev_score": 2.6008,
      "kelly_fraction": 0.0032,
      "manji_ev": 0.4807,
      "odds_vs_morning": 1.0,
      "odds_velocity": null
    },
    {
      "horse_number": 3,
      "horse_name": "ロードシュヴァリエ",
      "horse_id": "2022102639",
      "sex_age": "牡3",
      "weight_carried": 58.0,
      "horse_weight": null,
      "win_odds": 6.0,
      "popularity": 3,
      "honmei_score": 0.0549,
      "ev_score": 0.3292,
      "kelly_fraction": 0.0,
      "manji_ev": 0.7832,
      "odds_vs_morning": 1.0,
      "odds_velocity": null
    },
    {
      "horse_number": 4,
      "horse_name": "マハートマーベル",
      "horse_id": "2022104413",
      "sex_age": "牡4",
      "weight_carried": 58.0,
      "horse_weight": null,
      "win_odds": 27.3,
      "popularity": 8,
      "honmei_score": 0.0563,
      "ev_score": 1.5377,
      "kelly_fraction": 0.002,
      "manji_ev": 0.0072,
      "odds_vs_morning": 1.0,
      "odds_velocity": null
    },
    {
      "horse_number": 5,
      "horse_name": "ステイクオール",
      "horse_id": "2022105848",
      "sex_age": "騸3",
      "weight_carried": 58.0,
      "horse_weight": null,
      "win_odds": 3.7,
      "popularity": 2,
      "honmei_score": 0.1478,
      "ev_score": 0.547,
      "kelly_fraction": 0.0,
      "manji_ev": 0.6521,
      "odds_vs_morning": 1.0,
      "odds_velocity": null
    },
    {
      "horse_number": 6,
      "horse_name": "ガーデンカメリア",
      "horse_id": "2021110139",
      "sex_age": "牝1",
      "weight_carried": 53.0,
      "horse_weight": null,
      "win_odds": 18.9,
      "popularity": 6,
      "honmei_score": 0.1443,
      "ev_score": 2.7282,
      "kelly_fraction": 0.0097,
      "manji_ev": 0.8777,
      "odds_vs_morning": 1.0,
      "odds_velocity": null
    },
    {
      "horse_number": 7,
      "horse_name": "ムーンスカイ",
      "horse_id": "2020102273",
      "sex_age": "牡3",
      "weight_carried": 58.0,
      "horse_weight": null,
      "win_odds": 56.8,
      "popularity": 11,
      "honmei_score": 0.0617,
      "ev_score": 3.504,
      "kelly_fraction": 0.0045,
      "manji_ev": 0.6035,
      "odds_vs_morning": 1.0,
      "odds_velocity": null
    },
    {
      "horse_number": 8,
      "horse_name": "テンエースワン",
      "horse_id": "2021105637",
      "sex_age": "牡1",
      "weight_carried": 58.0,
      "horse_weight": null,
      "win_odds": 6.5,
      "popularity": 4,
      "honmei_score": 0.1151,
      "ev_score": 0.7484,
      "kelly_fraction": 0.0,
      "manji_ev": 0.7378,
      "odds_vs_morning": 1.0,
      "odds_velocity": null
    },
    {
      "horse_number": 9,
      "horse_name": "ジーティーパワー",
      "horse_id": "2021105526",
      "sex_age": "牡1",
      "weight_carried": 58.0,
      "horse_weight": null,
      "win_odds": 31.0,
      "popularity": 9,
      "honmei_score": 0.1429,
      "ev_score": 4.4286,
      "kelly_fraction": 0.0114,
      "manji_ev": 0.8382,
      "odds_vs_morning": 1.0,
      "odds_velocity": null
    },
    {
      "horse_number": 10,
      "horse_name": "ミラクルブルー",
      "horse_id": "2022103587",
      "sex_age": "牡3",
      "weight_carried": 58.0,
      "horse_weight": null,
      "win_odds": 24.6,
      "popularity": 7,
      "honmei_score": 0.1151,
      "ev_score": 2.8322,
      "kelly_fraction": 0.0078,
      "manji_ev": 1.2006,
      "odds_vs_morning": 1.0,
      "odds_velocity": null
    },
    {
      "horse_number": 11,
      "horse_name": "メイショウコナン",
      "horse_id": "2021103064",
      "sex_age": "牡3",
      "weight_carried": 58.0,
      "horse_weight": null,
      "win_odds": 2.4,
      "popularity": 1,
      "honmei_score": 0.1478,
      "ev_score": 0.3548,
      "kelly_fraction": 0.0,
      "manji_ev": 0.6906,
      "odds_vs_morning": 1.0,
      "odds_velocity": null
    }
  ],
  "ev_recommend": [
    {
      "horse_number": 9,
      "horse_name": "ジーティーパワー",
      "win_odds": 31.0,
      "ev_score": 4.4286,
      "kelly_fraction": 0.0114
    },
    {
      "horse_number": 7,
      "horse_name": "ムーンスカイ",
      "win_odds": 56.8,
      "ev_score": 3.504,
      "kelly_fraction": 0.0045
    },
    {
      "horse_number": 10,
      "horse_name": "ミラクルブルー",
      "win_odds": 24.6,
      "ev_score": 2.8322,
      "kelly_fraction": 0.0078
    },
    {
      "horse_number": 6,
      "horse_name": "ガーデンカメリア",
      "win_odds": 18.9,
      "ev_score": 2.7282,
      "kelly_fraction": 0.0097
    },
    {
      "horse_number": 2,
      "horse_name": "サンマルミッション",
      "win_odds": 50.4,
      "ev_score": 2.6008,
      "kelly_fraction": 0.0032
    },
    {
      "horse_number": 1,
      "horse_name": "ジーティートシオー",
      "win_odds": 16.4,
      "ev_score": 2.4246,
      "kelly_fraction": 0.0093
    },
    {
      "horse_number": 4,
      "horse_name": "マハートマーベル",
      "win_odds": 27.3,
      "ev_score": 1.5377,
      "kelly_fraction": 0.002
    }
  ],
  "honmei_bets": {
    "race_id": "202608030507",
    "model_type": "本命",
    "bets": [
      {
        "bet_type": "単勝",
        "combinations": [
          [
            1
          ]
        ],
        "horse_names": [
          "ジーティートシオー"
        ],
        "expected_value": 2.425,
        "model_score": 0.148,
        "recommended_bet": 1000.0,
        "confidence": 0.148,
        "notes": "確率1位 P(win)=0.15 odds=16.4 EV=2.42"
      },
      {
        "bet_type": "複勝",
        "combinations": [
          [
            1
          ],
          [
            11
          ],
          [
            5
          ]
        ],
        "horse_names": [
          "ジーティートシオー",
          "メイショウコナン",
          "ステイクオール"
        ],
        "expected_value": 0.444,
        "model_score": 0.148,
        "recommended_bet": 300,
        "confidence": 0.148,
        "notes": "上位3頭を複勝"
      },
      {
        "bet_type": "馬連",
        "combinations": [
          [
            1,
            11
          ],
          [
            1,
            5
          ],
          [
            1,
            6
          ],
          [
            1,
            9
          ],
          [
            1,
            8
          ]
        ],
        "horse_names": [
          "ジーティートシオー",
          "メイショウコナン",
          "ジーティートシオー",
          "ステイクオール",
          "ジーティートシオー",
          "ガーデンカメリア",
          "ジーティートシオー",
          "ジーティーパワー",
          "ジーティートシオー",
          "テンエースワン"
        ],
        "expected_value": 2.369,
        "model_score": 0.036,
        "recommended_bet": 500,
        "confidence": 0.036,
        "notes": "軸1番×相手5頭フォーメーション Harville最大=0.036"
      },
      {
        "bet_type": "ワイド",
        "combinations": [
          [
            1,
            11
          ],
          [
            1,
            5
          ],
          [
            1,
            6
          ],
          [
            1,
            9
          ],
          [
            1,
            8
          ]
        ],
        "horse_names": [
          "ジーティートシオー",
          "メイショウコナン",
          "ジーティートシオー",
          "ステイクオール",
          "ジーティートシオー",
          "ガーデンカメリア",
          "ジーティートシオー",
          "ジーティーパワー",
          "ジーティートシオー",
          "テンエースワン"
        ],
        "expected_value": 1.113,
        "model_score": 0.036,
        "recommended_bet": 500,
        "confidence": 0.047,
        "notes": "軸1番×相手5頭ワイド Harville最大=0.036"
      },
      {
        "bet_type": "馬単",
        "combinations": [
          [
            1,
            11
          ],
          [
            1,
            5
          ],
          [
            1,
            6
          ]
        ],
        "horse_names": [
          "ジーティートシオー",
          "メイショウコナン",
          "ジーティートシオー",
          "ステイクオール",
          "ジーティートシオー",
          "ガーデンカメリア"
        ],
        "expected_value": 2.213,
        "model_score": 0.018,
        "recommended_bet": 300,
        "confidence": 0.146,
        "notes": "軸1番→相手3頭フォーメーション Harville最大=0.018"
      },
      {
        "bet_type": "三連複",
        "combinations": [
          [
            1,
            5,
            11
          ],
          [
            1,
            6,
            11
          ]
        ],
        "horse_names": [
          "ジーティートシオー",
          "ステイクオール",
          "メイショウコナン",
          "ガーデンカメリア"
        ],
        "expected_value": 3.74,
        "model_score": 0.018,
        "recommended_bet": 600,
        "confidence": 0.221,
        "notes": "合成EV最大=3.74 2点 馬番=[(1, 5, 11), (1, 6, 11)]"
      },
      {
        "bet_type": "三連単",
        "combinations": [
          [
            1,
            11,
            5
          ],
          [
            1,
            5,
            11
          ],
          [
            11,
            1,
            5
          ],
          [
            11,
            5,
            1
          ],
          [
            5,
            1,
            11
          ],
          [
            5,
            11,
            1
          ],
          [
            1,
            11,
            6
          ],
          [
            1,
            6,
            11
          ],
          [
            11,
            1,
            6
          ],
          [
            11,
            6,
            1
          ],
          [
            6,
            1,
            11
          ],
          [
            6,
            11,
            1
          ],
          [
            1,
            11,
            9
          ],
          [
            1,
            9,
            11
          ],
          [
            11,
            1,
            9
          ],
          [
            11,
            9,
            1
          ],
          [
            9,
            1,
            11
          ],
          [
            9,
            11,
            1
          ],
          [
            1,
            11,
            8
          ],
          [
            1,
            8,
            11
          ],
          [
            11,
            1,
            8
          ],
          [
            11,
            8,
            1
          ],
          [
            8,
            1,
            11
          ],
          [
            8,
            11,
            1
          ],
          [
            1,
            11,
            10
          ],
          [
            1,
            10,
            11
          ],
          [
            11,
            1,
            10
          ],
          [
            11,
            10,
            1
          ],
          [
            10,
            1,
            11
          ],
          [
            10,
            11,
            1
          ],
          [
            1,
            5,
            6
          ],
          [
            1,
            6,
            5
          ],
          [
            5,
            1,
            6
          ],
          [
            5,
            6,
            1
          ],
          [
            6,
            1,
            5
          ],
          [
            6,
            5,
            1
          ],
          [
            1,
            5,
            9
          ],
          [
            1,
            9,
            5
          ],
          [
            5,
            1,
            9
          ],
          [
            5,
            9,
            1
          ],
          [
            9,
            1,
            5
          ],
          [
            9,
            5,
            1
          ],
          [
            1,
            5,
            8
          ],
          [
            1,
            8,
            5
          ],
          [
            5,
            1,
            8
          ],
          [
            5,
            8,
            1
          ],
          [
            8,
            1,
            5
          ],
          [
            8,
            5,
            1
          ],
          [
            1,
            5,
            10
          ],
          [
            1,
            10,
            5
          ],
          [
            5,
            1,
            10
          ],
          [
            5,
            10,
            1
          ],
          [
            10,
            1,
            5
          ],
          [
            10,
            5,
            1
          ],
          [
            1,
            6,
            9
          ],
          [
            1,
            9,
            6
          ],
          [
            6,
            1,
            9
          ],
          [
            6,
            9,
            1
          ],
          [
            9,
            1,
            6
          ],
          [
            9,
            6,
            1
          ],
          [
            1,
            6,
            8
          ],
          [
            1,
            8,
            6
          ],
          [
            6,
            1,
            8
          ],
          [
            6,
            8,
            1
          ],
          [
            8,
            1,
            6
          ],
          [
            8,
            6,
            1
          ],
          [
            1,
            6,
            10
          ],
          [
            1,
            10,
            6
          ],
          [
            6,
            1,
            10
          ],
          [
            6,
            10,
            1
          ],
          [
            10,
            1,
            6
          ],
          [
            10,
            6,
            1
          ],
          [
            1,
            9,
            8
          ],
          [
            1,
            8,
            9
          ],
          [
            9,
            1,
            8
          ],
          [
            9,
            8,
            1
          ],
          [
            8,
            1,
            9
          ],
          [
            8,
            9,
            1
          ],
          [
            1,
            9,
            10
          ],
          [
            1,
            10,
            9
          ],
          [
            9,
            1,
            10
          ],
          [
            9,
            10,
            1
          ],
          [
            10,
            1,
            9
          ],
          [
            10,
            9,
            1
          ],
          [
            1,
            8,
            10
          ],
          [
            1,
            10,
            8
          ],
          [
            8,
            1,
            10
          ],
          [
            8,
            10,
            1
          ],
          [
            10,
            1,
            8
          ],
          [
            10,
            8,
            1
          ]
        ],
        "horse_names": [
          "ジーティートシオー",
          "メイショウコナン",
          "ステイクオール",
          "ガーデンカメリア",
          "ジーティーパワー",
          "テンエースワン",
          "ミラクルブルー"
        ],
        "expected_value": 6.0,
        "model_score": 0.018,
        "recommended_bet": 1000.0,
        "confidence": 0.554,
        "notes": "1頭軸マルチ 軸=1番 相手=[11, 5, 6, 9, 8, 10] 90点 Harville最大=0.0185"
      }
    ]
  },
  "manji_bets": {
    "race_id": "202608030507",
    "model_type": "卍",
    "bets": [
      {
        "bet_type": "単勝",
        "combinations": [
          [
            10
          ]
        ],
        "horse_names": [
          "ミラクルブルー"
        ],
        "expected_value": 1.201,
        "model_score": 1.201,
        "recommended_bet": 500.0,
        "confidence": 0.049,
        "notes": "確率1位(卍) EV=1.20 odds=24.6"
      },
      {
        "bet_type": "複勝",
        "combinations": [
          [
            10
          ],
          [
            6
          ],
          [
            9
          ]
        ],
        "horse_names": [
          "ミラクルブルー",
          "ガーデンカメリア",
          "ジーティーパワー"
        ],
        "expected_value": 0.972,
        "model_score": 0.972,
        "recommended_bet": 300,
        "confidence": 0.6,
        "notes": "確率上位3頭を複勝"
      },
      {
        "bet_type": "馬連",
        "combinations": [
          [
            6,
            10
          ],
          [
            9,
            10
          ],
          [
            3,
            10
          ],
          [
            8,
            10
          ],
          [
            10,
            11
          ]
        ],
        "horse_names": [
          "ガーデンカメリア",
          "ミラクルブルー",
          "ジーティーパワー",
          "ミラクルブルー",
          "ロードシュヴァリエ",
          "ミラクルブルー",
          "テンエースワン",
          "ミラクルブルー",
          "ミラクルブルー",
          "メイショウコナン"
        ],
        "expected_value": 4.0,
        "model_score": 0.046,
        "recommended_bet": 500,
        "confidence": 0.228,
        "notes": "軸10番×相手5頭フォーメーション Harville最大=0.046"
      },
      {
        "bet_type": "ワイド",
        "combinations": [
          [
            6,
            10
          ],
          [
            9,
            10
          ],
          [
            3,
            10
          ],
          [
            8,
            10
          ],
          [
            10,
            11
          ]
        ],
        "horse_names": [
          "ガーデンカメリア",
          "ミラクルブルー",
          "ジーティーパワー",
          "ミラクルブルー",
          "ロードシュヴァリエ",
          "ミラクルブルー",
          "テンエースワン",
          "ミラクルブルー",
          "ミラクルブルー",
          "メイショウコナン"
        ],
        "expected_value": 2.088,
        "model_score": 0.046,
        "recommended_bet": 500,
        "confidence": 0.274,
        "notes": "軸10番×相手5頭ワイド Harville最大=0.046"
      },
      {
        "bet_type": "馬単",
        "combinations": [
          [
            10,
            6
          ],
          [
            10,
            9
          ],
          [
            10,
            3
          ]
        ],
        "horse_names": [
          "ミラクルブルー",
          "ガーデンカメリア",
          "ミラクルブルー",
          "ジーティーパワー",
          "ミラクルブルー",
          "ロードシュヴァリエ"
        ],
        "expected_value": 4.259,
        "model_score": 0.023,
        "recommended_bet": 300,
        "confidence": 0.187,
        "notes": "軸10番→相手3頭フォーメーション Harville最大=0.023"
      },
      {
        "bet_type": "三連複",
        "combinations": [
          [
            6,
            9,
            10
          ]
        ],
        "horse_names": [
          "ガーデンカメリア",
          "ジーティーパワー",
          "ミラクルブルー"
        ],
        "expected_value": 5.0,
        "model_score": 0.021,
        "recommended_bet": 300,
        "confidence": 0.316,
        "notes": "合成EV=5.00 Harville=0.0210 馬番=(6, 9, 10)"
      },
      {
        "bet_type": "三連複",
        "combinations": [
          [
            3,
            6,
            10
          ]
        ],
        "horse_names": [
          "ロードシュヴァリエ",
          "ガーデンカメリア",
          "ミラクルブルー"
        ],
        "expected_value": 5.0,
        "model_score": 0.019,
        "recommended_bet": 300,
        "confidence": 0.292,
        "notes": "合成EV=5.00 Harville=0.0195 馬番=(3, 6, 10)"
      },
      {
        "bet_type": "三連複",
        "combinations": [
          [
            6,
            8,
            10
          ]
        ],
        "horse_names": [
          "ガーデンカメリア",
          "テンエースワン",
          "ミラクルブルー"
        ],
        "expected_value": 5.0,
        "model_score": 0.018,
        "recommended_bet": 300,
        "confidence": 0.273,
        "notes": "合成EV=5.00 Harville=0.0182 馬番=(6, 8, 10)"
      }
    ]
  },
  "provisional": false
}
{
  "race_id": "202605020507",
  "generated_at": "2026-05-09T12:40:11.192449",
  "bias": {
    "today_inner_bias": -0.05833333333333334,
    "today_front_bias": 0.75,
    "today_race_count": 4
  },
  "horses": [
    {
      "horse_number": 1,
      "horse_name": "ブレイクザアイス",
      "horse_id": "2019103219",
      "sex_age": "騸7",
      "weight_carried": 58.0,
      "horse_weight": null,
      "win_odds": 27.4,
      "popularity": 12,
      "honmei_score": 0.091,
      "ev_score": 2.4934,
      "kelly_fraction": 0.0057,
      "manji_ev": 1.3497,
      "odds_vs_morning": 1.0,
      "odds_velocity": null
    },
    {
      "horse_number": 2,
      "horse_name": "ミルキープリンセス",
      "horse_id": "2022104181",
      "sex_age": "牝7",
      "weight_carried": 56.0,
      "horse_weight": null,
      "win_odds": 25.6,
      "popularity": 10,
      "honmei_score": 0.0658,
      "ev_score": 1.6855,
      "kelly_fraction": 0.0028,
      "manji_ev": 0.2395,
      "odds_vs_morning": 1.0,
      "odds_velocity": null
    },
    {
      "horse_number": 3,
      "horse_name": "タマモトリノ",
      "horse_id": "2022106199",
      "sex_age": "牡3",
      "weight_carried": 58.0,
      "horse_weight": null,
      "win_odds": 2.1,
      "popularity": 1,
      "honmei_score": 0.1028,
      "ev_score": 0.2159,
      "kelly_fraction": 0.0,
      "manji_ev": 0.5226,
      "odds_vs_morning": 1.0,
      "odds_velocity": null
    },
    {
      "horse_number": 4,
      "horse_name": "シドニーホバート",
      "horse_id": "2022105506",
      "sex_age": "牡1",
      "weight_carried": 58.0,
      "horse_weight": null,
      "win_odds": 11.4,
      "popularity": 4,
      "honmei_score": 0.091,
      "ev_score": 1.0374,
      "kelly_fraction": 0.0004,
      "manji_ev": 0.6962,
      "odds_vs_morning": 1.0,
      "odds_velocity": null
    },
    {
      "horse_number": 5,
      "horse_name": "ヴォルクメア",
      "horse_id": "2022106628",
      "sex_age": "牝7",
      "weight_carried": 56.0,
      "horse_weight": null,
      "win_odds": 27.3,
      "popularity": 11,
      "honmei_score": 0.0782,
      "ev_score": 2.135,
      "kelly_fraction": 0.0043,
      "manji_ev": 0.1778,
      "odds_vs_morning": 1.0,
      "odds_velocity": null
    },
    {
      "horse_number": 6,
      "horse_name": "カイトヴィント",
      "horse_id": "2022102991",
      "sex_age": "牡3",
      "weight_carried": 58.0,
      "horse_weight": null,
      "win_odds": 39.1,
      "popularity": 13,
      "honmei_score": 0.0794,
      "ev_score": 3.1054,
      "kelly_fraction": 0.0055,
      "manji_ev": 0.3378,
      "odds_vs_morning": 1.0,
      "odds_velocity": null
    },
    {
      "horse_number": 7,
      "horse_name": "メイショウコウベ",
      "horse_id": "2022105940",
      "sex_age": "牡3",
      "weight_carried": 58.0,
      "horse_weight": null,
      "win_odds": 19.5,
      "popularity": 8,
      "honmei_score": 0.1151,
      "ev_score": 2.2451,
      "kelly_fraction": 0.0067,
      "manji_ev": 1.1946,
      "odds_vs_morning": 1.0,
      "odds_velocity": null
    },
    {
      "horse_number": 8,
      "horse_name": "ブルージャイアント",
      "horse_id": "2022101450",
      "sex_age": "牡3",
      "weight_carried": 58.0,
      "horse_weight": null,
      "win_odds": 18.7,
      "popularity": 6,
      "honmei_score": 0.1478,
      "ev_score": 2.7647,
      "kelly_fraction": 0.01,
      "manji_ev": 0.0,
      "odds_vs_morning": 1.0,
      "odds_velocity": null
    },
    {
      "horse_number": 9,
      "horse_name": "ロードインフェルノ",
      "horse_id": "2021101201",
      "sex_age": "牡3",
      "weight_carried": 58.0,
      "horse_weight": null,
      "win_odds": 12.0,
      "popularity": 5,
      "honmei_score": 0.0658,
      "ev_score": 0.7901,
      "kelly_fraction": 0.0,
      "manji_ev": 1.989,
      "odds_vs_morning": 1.0,
      "odds_velocity": null
    },
    {
      "horse_number": 10,
      "horse_name": "マウントバーノン",
      "horse_id": "2022105197",
      "sex_age": "牡7",
      "weight_carried": 58.0,
      "horse_weight": null,
      "win_odds": 11.3,
      "popularity": 3,
      "honmei_score": 0.1028,
      "ev_score": 1.162,
      "kelly_fraction": 0.0016,
      "manji_ev": 0.6965,
      "odds_vs_morning": 1.0,
      "odds_velocity": null
    },
    {
      "horse_number": 11,
      "horse_name": "タケルゴールド",
      "horse_id": "2021100884",
      "sex_age": "牡1",
      "weight_carried": 58.0,
      "horse_weight": null,
      "win_odds": 22.1,
      "popularity": 9,
      "honmei_score": 0.1117,
      "ev_score": 2.468,
      "kelly_fraction": 0.007,
      "manji_ev": 1.3506,
      "odds_vs_morning": 1.0,
      "odds_velocity": null
    },
    {
      "horse_number": 12,
      "horse_name": "カサビセンス",
      "horse_id": "2022105337",
      "sex_age": "牝1",
      "weight_carried": 56.0,
      "horse_weight": null,
      "win_odds": 67.3,
      "popularity": 14,
      "honmei_score": 0.0549,
      "ev_score": 3.6921,
      "kelly_fraction": 0.0041,
      "manji_ev": 0.8002,
      "odds_vs_morning": 1.0,
      "odds_velocity": null
    },
    {
      "horse_number": 13,
      "horse_name": "ブラックタロー",
      "horse_id": "2022106174",
      "sex_age": "牡3",
      "weight_carried": 58.0,
      "horse_weight": null,
      "win_odds": 18.8,
      "popularity": 7,
      "honmei_score": 0.1056,
      "ev_score": 1.985,
      "kelly_fraction": 0.0055,
      "manji_ev": 0.8804,
      "odds_vs_morning": 1.0,
      "odds_velocity": null
    },
    {
      "horse_number": 14,
      "horse_name": "ローズマイスター",
      "horse_id": "2022104419",
      "sex_age": "牡3",
      "weight_carried": 58.0,
      "horse_weight": null,
      "win_odds": 5.6,
      "popularity": 2,
      "honmei_score": 0.0516,
      "ev_score": 0.289,
      "kelly_fraction": 0.0,
      "manji_ev": 0.3035,
      "odds_vs_morning": 1.0,
      "odds_velocity": null
    }
  ],
  "ev_recommend": [
    {
      "horse_number": 12,
      "horse_name": "カサビセンス",
      "win_odds": 67.3,
      "ev_score": 3.6921,
      "kelly_fraction": 0.0041
    },
    {
      "horse_number": 6,
      "horse_name": "カイトヴィント",
      "win_odds": 39.1,
      "ev_score": 3.1054,
      "kelly_fraction": 0.0055
    },
    {
      "horse_number": 8,
      "horse_name": "ブルージャイアント",
      "win_odds": 18.7,
      "ev_score": 2.7647,
      "kelly_fraction": 0.01
    },
    {
      "horse_number": 1,
      "horse_name": "ブレイクザアイス",
      "win_odds": 27.4,
      "ev_score": 2.4934,
      "kelly_fraction": 0.0057
    },
    {
      "horse_number": 11,
      "horse_name": "タケルゴールド",
      "win_odds": 22.1,
      "ev_score": 2.468,
      "kelly_fraction": 0.007
    },
    {
      "horse_number": 7,
      "horse_name": "メイショウコウベ",
      "win_odds": 19.5,
      "ev_score": 2.2451,
      "kelly_fraction": 0.0067
    },
    {
      "horse_number": 5,
      "horse_name": "ヴォルクメア",
      "win_odds": 27.3,
      "ev_score": 2.135,
      "kelly_fraction": 0.0043
    },
    {
      "horse_number": 13,
      "horse_name": "ブラックタロー",
      "win_odds": 18.8,
      "ev_score": 1.985,
      "kelly_fraction": 0.0055
    },
    {
      "horse_number": 2,
      "horse_name": "ミルキープリンセス",
      "win_odds": 25.6,
      "ev_score": 1.6855,
      "kelly_fraction": 0.0028
    },
    {
      "horse_number": 10,
      "horse_name": "マウントバーノン",
      "win_odds": 11.3,
      "ev_score": 1.162,
      "kelly_fraction": 0.0016
    },
    {
      "horse_number": 4,
      "horse_name": "シドニーホバート",
      "win_odds": 11.4,
      "ev_score": 1.0374,
      "kelly_fraction": 0.0004
    }
  ],
  "honmei_bets": {
    "race_id": "202605020507",
    "model_type": "本命",
    "bets": [
      {
        "bet_type": "単勝",
        "combinations": [
          [
            8
          ]
        ],
        "horse_names": [
          "ブルージャイアント"
        ],
        "expected_value": 2.765,
        "model_score": 0.148,
        "recommended_bet": 1000.0,
        "confidence": 0.148,
        "notes": "確率1位 P(win)=0.15 odds=18.7 EV=2.76"
      },
      {
        "bet_type": "複勝",
        "combinations": [
          [
            8
          ],
          [
            7
          ],
          [
            11
          ]
        ],
        "horse_names": [
          "ブルージャイアント",
          "メイショウコウベ",
          "タケルゴールド"
        ],
        "expected_value": 0.375,
        "model_score": 0.125,
        "recommended_bet": 300,
        "confidence": 0.125,
        "notes": "上位3頭を複勝"
      },
      {
        "bet_type": "馬連",
        "combinations": [
          [
            7,
            8
          ],
          [
            8,
            11
          ],
          [
            8,
            13
          ],
          [
            3,
            8
          ],
          [
            8,
            10
          ]
        ],
        "horse_names": [
          "メイショウコウベ",
          "ブルージャイアント",
          "ブルージャイアント",
          "タケルゴールド",
          "ブルージャイアント",
          "ブラックタロー",
          "タマモトリノ",
          "ブルージャイアント",
          "ブルージャイアント",
          "マウントバーノン"
        ],
        "expected_value": 1.764,
        "model_score": 0.024,
        "recommended_bet": 500,
        "confidence": 0.024,
        "notes": "軸8番×相手5頭フォーメーション Harville最大=0.024"
      },
      {
        "bet_type": "ワイド",
        "combinations": [
          [
            7,
            8
          ],
          [
            8,
            11
          ],
          [
            8,
            13
          ],
          [
            3,
            8
          ],
          [
            8,
            10
          ]
        ],
        "horse_names": [
          "メイショウコウベ",
          "ブルージャイアント",
          "ブルージャイアント",
          "タケルゴールド",
          "ブルージャイアント",
          "ブラックタロー",
          "タマモトリノ",
          "ブルージャイアント",
          "ブルージャイアント",
          "マウントバーノン"
        ],
        "expected_value": 0.829,
        "model_score": 0.024,
        "recommended_bet": 500,
        "confidence": 0.031,
        "notes": "軸8番×相手5頭ワイド Harville最大=0.024"
      },
      {
        "bet_type": "馬単",
        "combinations": [
          [
            8,
            7
          ],
          [
            8,
            11
          ],
          [
            8,
            13
          ]
        ],
        "horse_names": [
          "ブルージャイアント",
          "メイショウコウベ",
          "ブルージャイアント",
          "タケルゴールド",
          "ブルージャイアント",
          "ブラックタロー"
        ],
        "expected_value": 1.672,
        "model_score": 0.012,
        "recommended_bet": 300,
        "confidence": 0.097,
        "notes": "軸8番→相手3頭フォーメーション Harville最大=0.012"
      },
      {
        "bet_type": "三連複",
        "combinations": [
          [
            7,
            8,
            11
          ],
          [
            7,
            8,
            13
          ]
        ],
        "horse_names": [
          "メイショウコウベ",
          "ブルージャイアント",
          "タケルゴールド",
          "ブラックタロー"
        ],
        "expected_value": 1.808,
        "model_score": 0.008,
        "recommended_bet": 600,
        "confidence": 0.094,
        "notes": "合成EV最大=1.81 2点 馬番=[(7, 8, 11), (7, 8, 13)]"
      },
      {
        "bet_type": "三連単",
        "combinations": [
          [
            8,
            7,
            11
          ],
          [
            8,
            11,
            7
          ],
          [
            7,
            8,
            11
          ],
          [
            7,
            11,
            8
          ],
          [
            11,
            8,
            7
          ],
          [
            11,
            7,
            8
          ],
          [
            8,
            7,
            13
          ],
          [
            8,
            13,
            7
          ],
          [
            7,
            8,
            13
          ],
          [
            7,
            13,
            8
          ],
          [
            13,
            8,
            7
          ],
          [
            13,
            7,
            8
          ],
          [
            8,
            7,
            3
          ],
          [
            8,
            3,
            7
          ],
          [
            7,
            8,
            3
          ],
          [
            7,
            3,
            8
          ],
          [
            3,
            8,
            7
          ],
          [
            3,
            7,
            8
          ],
          [
            8,
            7,
            10
          ],
          [
            8,
            10,
            7
          ],
          [
            7,
            8,
            10
          ],
          [
            7,
            10,
            8
          ],
          [
            10,
            8,
            7
          ],
          [
            10,
            7,
            8
          ],
          [
            8,
            7,
            1
          ],
          [
            8,
            1,
            7
          ],
          [
            7,
            8,
            1
          ],
          [
            7,
            1,
            8
          ],
          [
            1,
            8,
            7
          ],
          [
            1,
            7,
            8
          ],
          [
            8,
            11,
            13
          ],
          [
            8,
            13,
            11
          ],
          [
            11,
            8,
            13
          ],
          [
            11,
            13,
            8
          ],
          [
            13,
            8,
            11
          ],
          [
            13,
            11,
            8
          ],
          [
            8,
            11,
            3
          ],
          [
            8,
            3,
            11
          ],
          [
            11,
            8,
            3
          ],
          [
            11,
            3,
            8
          ],
          [
            3,
            8,
            11
          ],
          [
            3,
            11,
            8
          ],
          [
            8,
            11,
            10
          ],
          [
            8,
            10,
            11
          ],
          [
            11,
            8,
            10
          ],
          [
            11,
            10,
            8
          ],
          [
            10,
            8,
            11
          ],
          [
            10,
            11,
            8
          ],
          [
            8,
            11,
            1
          ],
          [
            8,
            1,
            11
          ],
          [
            11,
            8,
            1
          ],
          [
            11,
            1,
            8
          ],
          [
            1,
            8,
            11
          ],
          [
            1,
            11,
            8
          ],
          [
            8,
            13,
            3
          ],
          [
            8,
            3,
            13
          ],
          [
            13,
            8,
            3
          ],
          [
            13,
            3,
            8
          ],
          [
            3,
            8,
            13
          ],
          [
            3,
            13,
            8
          ],
          [
            8,
            13,
            10
          ],
          [
            8,
            10,
            13
          ],
          [
            13,
            8,
            10
          ],
          [
            13,
            10,
            8
          ],
          [
            10,
            8,
            13
          ],
          [
            10,
            13,
            8
          ],
          [
            8,
            13,
            1
          ],
          [
            8,
            1,
            13
          ],
          [
            13,
            8,
            1
          ],
          [
            13,
            1,
            8
          ],
          [
            1,
            8,
            13
          ],
          [
            1,
            13,
            8
          ],
          [
            8,
            3,
            10
          ],
          [
            8,
            10,
            3
          ],
          [
            3,
            8,
            10
          ],
          [
            3,
            10,
            8
          ],
          [
            10,
            8,
            3
          ],
          [
            10,
            3,
            8
          ],
          [
            8,
            3,
            1
          ],
          [
            8,
            1,
            3
          ],
          [
            3,
            8,
            1
          ],
          [
            3,
            1,
            8
          ],
          [
            1,
            8,
            3
          ],
          [
            1,
            3,
            8
          ],
          [
            8,
            10,
            1
          ],
          [
            8,
            1,
            10
          ],
          [
            10,
            8,
            1
          ],
          [
            10,
            1,
            8
          ],
          [
            1,
            8,
            10
          ],
          [
            1,
            10,
            8
          ]
        ],
        "horse_names": [
          "ブルージャイアント",
          "メイショウコウベ",
          "タケルゴールド",
          "ブラックタロー",
          "タマモトリノ",
          "マウントバーノン",
          "ブレイクザアイス"
        ],
        "expected_value": 6.0,
        "model_score": 0.008,
        "recommended_bet": 1000.0,
        "confidence": 0.235,
        "notes": "1頭軸マルチ 軸=8番 相手=[7, 11, 13, 3, 10, 1] 90点 Harville最大=0.0078"
      }
    ]
  },
  "manji_bets": {
    "race_id": "202605020507",
    "model_type": "卍",
    "bets": [
      {
        "bet_type": "単勝",
        "combinations": [
          [
            9
          ]
        ],
        "horse_names": [
          "ロードインフェルノ"
        ],
        "expected_value": 1.989,
        "model_score": 1.989,
        "recommended_bet": 1000.0,
        "confidence": 0.166,
        "notes": "確率1位(卍) EV=1.99 odds=12.0"
      },
      {
        "bet_type": "複勝",
        "combinations": [
          [
            9
          ],
          [
            11
          ],
          [
            1
          ]
        ],
        "horse_names": [
          "ロードインフェルノ",
          "タケルゴールド",
          "ブレイクザアイス"
        ],
        "expected_value": 1.563,
        "model_score": 1.563,
        "recommended_bet": 300,
        "confidence": 0.6,
        "notes": "確率上位3頭を複勝"
      },
      {
        "bet_type": "馬連",
        "combinations": [
          [
            9,
            11
          ],
          [
            1,
            9
          ],
          [
            7,
            9
          ],
          [
            9,
            13
          ],
          [
            9,
            12
          ]
        ],
        "horse_names": [
          "ロードインフェルノ",
          "タケルゴールド",
          "ブレイクザアイス",
          "ロードインフェルノ",
          "メイショウコウベ",
          "ロードインフェルノ",
          "ロードインフェルノ",
          "ブラックタロー",
          "ロードインフェルノ",
          "カサビセンス"
        ],
        "expected_value": 2.738,
        "model_score": 0.058,
        "recommended_bet": 500,
        "confidence": 0.288,
        "notes": "軸9番×相手5頭フォーメーション Harville最大=0.058"
      },
      {
        "bet_type": "ワイド",
        "combinations": [
          [
            9,
            11
          ],
          [
            1,
            9
          ],
          [
            7,
            9
          ],
          [
            9,
            13
          ],
          [
            9,
            12
          ]
        ],
        "horse_names": [
          "ロードインフェルノ",
          "タケルゴールド",
          "ブレイクザアイス",
          "ロードインフェルノ",
          "メイショウコウベ",
          "ロードインフェルノ",
          "ロードインフェルノ",
          "ブラックタロー",
          "ロードインフェルノ",
          "カサビセンス"
        ],
        "expected_value": 1.286,
        "model_score": 0.058,
        "recommended_bet": 500,
        "confidence": 0.345,
        "notes": "軸9番×相手5頭ワイド Harville最大=0.058"
      },
      {
        "bet_type": "馬単",
        "combinations": [
          [
            9,
            11
          ],
          [
            9,
            1
          ],
          [
            9,
            7
          ]
        ],
        "horse_names": [
          "ロードインフェルノ",
          "タケルゴールド",
          "ロードインフェルノ",
          "ブレイクザアイス",
          "ロードインフェルノ",
          "メイショウコウベ"
        ],
        "expected_value": 2.65,
        "model_score": 0.03,
        "recommended_bet": 300,
        "confidence": 0.239,
        "notes": "軸9番→相手3頭フォーメーション Harville最大=0.030"
      },
      {
        "bet_type": "三連複",
        "combinations": [
          [
            1,
            9,
            11
          ]
        ],
        "horse_names": [
          "ブレイクザアイス",
          "ロードインフェルノ",
          "タケルゴールド"
        ],
        "expected_value": 4.618,
        "model_score": 0.031,
        "recommended_bet": 300,
        "confidence": 0.467,
        "notes": "合成EV=4.62 Harville=0.0311 馬番=(1, 9, 11)"
      },
      {
        "bet_type": "三連複",
        "combinations": [
          [
            7,
            9,
            11
          ]
        ],
        "horse_names": [
          "メイショウコウベ",
          "ロードインフェルノ",
          "タケルゴールド"
        ],
        "expected_value": 4.012,
        "model_score": 0.027,
        "recommended_bet": 300,
        "confidence": 0.406,
        "notes": "合成EV=4.01 Harville=0.0270 馬番=(7, 9, 11)"
      },
      {
        "bet_type": "三連複",
        "combinations": [
          [
            1,
            7,
            9
          ]
        ],
        "horse_names": [
          "ブレイクザアイス",
          "メイショウコウベ",
          "ロードインフェルノ"
        ],
        "expected_value": 4.009,
        "model_score": 0.027,
        "recommended_bet": 300,
        "confidence": 0.405,
        "notes": "合成EV=4.01 Harville=0.0270 馬番=(1, 7, 9)"
      }
    ]
  },
  "provisional": false
}
Exception in thread Thread-7 (_readerthread):
Traceback (most recent call last):
  File "C:\Users\sayaka\AppData\Local\Python\pythoncore-3.14-64\Lib\threading.py", line 1082, in _bootstrap_inner
    self._context.run(self.run)
    ~~~~~~~~~~~~~~~~~^^^^^^^^^^
  File "C:\Users\sayaka\AppData\Local\Python\pythoncore-3.14-64\Lib\threading.py", line 1024, in run
    self._target(*self._args, **self._kwargs)
    ~~~~~~~~~~~~^^^^^^^^^^^^^^^^^^^^^^^^^^^^^
  File "C:\Users\sayaka\AppData\Local\Python\pythoncore-3.14-64\Lib\subprocess.py", line 1613, in _readerthread
    buffer.append(fh.read())
                  ~~~~~~~^^
  File "<frozen codecs>", line 325, in decode
UnicodeDecodeError: 'utf-8' codec can't decode byte 0x92 in position 39: invalid start byte
12:40:12 INFO: [OK] R07 202604010307  [prerace] 完了
12:40:12 INFO: マイグレーション: v_race_mart ビューを再作成しました
Exception in thread Thread-8 (_readerthread):
Traceback (most recent call last):
  File "C:\Users\sayaka\AppData\Local\Python\pythoncore-3.14-64\Lib\threading.py", line 1082, in _bootstrap_inner
    self._context.run(self.run)
    ~~~~~~~~~~~~~~~~~^^^^^^^^^^
  File "C:\Users\sayaka\AppData\Local\Python\pythoncore-3.14-64\Lib\threading.py", line 1024, in run
    self._target(*self._args, **self._kwargs)
    ~~~~~~~~~~~~^^^^^^^^^^^^^^^^^^^^^^^^^^^^^
  File "C:\Users\sayaka\AppData\Local\Python\pythoncore-3.14-64\Lib\subprocess.py", line 1613, in _readerthread
    buffer.append(fh.read())
                  ~~~~~~~^^
  File "<frozen codecs>", line 325, in decode
UnicodeDecodeError: 'utf-8' codec can't decode byte 0x92 in position 39: invalid start byte
12:40:13 INFO: [OK] R07 202608030507  [prerace] 完了
12:40:13 INFO: DB 初期化完了: C:\dev\horse-racing-ai\data\umalogi.db
12:40:13 INFO: [NOTE] 注目レース検知 → note 記事生成: 202604010307
12:40:13 INFO: [NOTE] 記事生成開始: 202604010307
12:40:13 INFO: マイグレーション: v_race_mart ビューを再作成しました
Exception in thread Thread-9 (_readerthread):
Traceback (most recent call last):
  File "C:\Users\sayaka\AppData\Local\Python\pythoncore-3.14-64\Lib\threading.py", line 1082, in _bootstrap_inner
    self._context.run(self.run)
    ~~~~~~~~~~~~~~~~~^^^^^^^^^^
  File "C:\Users\sayaka\AppData\Local\Python\pythoncore-3.14-64\Lib\threading.py", line 1024, in run
    self._target(*self._args, **self._kwargs)
    ~~~~~~~~~~~~^^^^^^^^^^^^^^^^^^^^^^^^^^^^^
  File "C:\Users\sayaka\AppData\Local\Python\pythoncore-3.14-64\Lib\subprocess.py", line 1613, in _readerthread
    buffer.append(fh.read())
                  ~~~~~~~^^
  File "<frozen codecs>", line 325, in decode
UnicodeDecodeError: 'utf-8' codec can't decode byte 0x92 in position 39: invalid start byte
12:40:13 INFO: [OK] R07 202605020507  [prerace] 完了
12:40:13 INFO: DB 初期化完了: C:\dev\horse-racing-ai\data\umalogi.db
12:40:13 INFO: [NOTE] 注目レース検知 → note 記事生成: 202608030507
12:40:13 INFO: [NOTE] 記事生成開始: 202608030507
12:40:13 INFO: マイグレーション: v_race_mart ビューを再作成しました
2026-05-09 12:40:13,895 INFO: マイグレーション: v_race_mart ビューを再作成しました
2026-05-09 12:40:13,899 INFO: マイグレーション: v_race_mart ビューを再作成しました
12:40:14 INFO: DB 初期化完了: C:\dev\horse-racing-ai\data\umalogi.db
12:40:14 INFO: [NOTE] 注目レース検知 → note 記事生成: 202605020507
12:40:14 INFO: [NOTE] 記事生成開始: 202605020507
2026-05-09 12:40:14,198 INFO: DB 初期化完了: C:\dev\horse-racing-ai\data\umalogi.db
2026-05-09 12:40:14,198 INFO: 記事生成: 1 レース
2026-05-09 12:40:14,198 INFO: 生成中: 202608030507
2026-05-09 12:40:14,226 INFO: DB 初期化完了: C:\dev\horse-racing-ai\data\umalogi.db
2026-05-09 12:40:14,226 INFO: 記事生成: 1 レース
2026-05-09 12:40:14,226 INFO: 生成中: 202604010307
2026-05-09 12:40:14,240 INFO: 保存: C:\dev\horse-racing-ai\outputs\note\20260509_R07_202608030507.md
[UMALOGI] note記事保存: 20260509_R07_202608030507.md
2026-05-09 12:40:14,249 INFO: マイグレーション: v_race_mart ビューを再作成しました
12:40:14 INFO: [NOTE] 記事生成完了: 202608030507
12:40:14 INFO: [SNS] ポスト生成開始: 202608030507 (pattern=a)
2026-05-09 12:40:14,797 INFO: DB 初期化完了: C:\dev\horse-racing-ai\data\umalogi.db
2026-05-09 12:40:14,797 INFO: 記事生成: 1 レース
2026-05-09 12:40:14,797 INFO: 生成中: 202605020507
[SNS] 処理対象: 1 レース
[SNS] 保存: C:\dev\horse-racing-ai\outputs\sns\20260509_R07_京都7R_prerace.txt
12:40:15 INFO: [SNS] ポスト生成完了: 202608030507
2026-05-09 12:40:18,596 INFO: [SIMULATE] 特徴量生成 race_id=202604010307: 15 頭 × 52 特徴量 (リーク除外済み)
2026-05-09 12:40:18,892 INFO: 保存: C:\dev\horse-racing-ai\outputs\note\20260509_R07_202604010307.md
[UMALOGI] note記事保存: 20260509_R07_202604010307.md
12:40:19 INFO: [NOTE] 記事生成完了: 202604010307
12:40:19 INFO: [SNS] ポスト生成開始: 202604010307 (pattern=a)
2026-05-09 12:40:19,318 INFO: [SIMULATE] 特徴量生成 race_id=202605020507: 14 頭 × 52 特徴量 (リーク除外済み)
2026-05-09 12:40:19,451 INFO: 保存: C:\dev\horse-racing-ai\outputs\note\20260509_R07_202605020507.md
[UMALOGI] note記事保存: 20260509_R07_202605020507.md
12:40:19 INFO: [NOTE] 記事生成完了: 202605020507
12:40:19 INFO: [SNS] ポスト生成開始: 202605020507 (pattern=a)
[SNS] 処理対象: 1 レース
[SNS] 保存: C:\dev\horse-racing-ai\outputs\sns\20260509_R07_新潟7R_prerace.txt
12:40:19 INFO: [SNS] ポスト生成完了: 202604010307
[SNS] 処理対象: 1 レース
[SNS] 保存: C:\dev\horse-racing-ai\outputs\sns\20260509_R07_東京7R_prerace.txt
12:40:20 INFO: [SNS] ポスト生成完了: 202605020507
12:42:09 ERROR: JVLink ワーカー タイムアウト (180s): date=20260502
12:42:09 WARNING: JVLink 同期失敗 — netkeiba にフォールバック: race_id=202605020505
12:42:09 INFO: JVLink 結果なし → netkeiba フォールバック: race_id=202605020505
12:42:09 INFO: netkeiba から着順取得: race_id=202605020505
12:42:09 INFO: レース結果取得開始: race_id=202605020505
12:42:11 INFO: 取得完了: race_id=202605020505, 出走頭数=5
12:42:11 INFO: netkeiba 着順保存: race_id=202605020505 5頭
12:42:13 INFO: 払戻取得完了: race_id=202605020505, 合計 12 件
12:42:13 INFO: 払戻保存: race_id=202605020505, 12 件
12:42:13 INFO: netkeiba 払戻保存: race_id=202605020505 12件
12:42:13 INFO: race_results 確認: race_id=202605020505 (5頭 rank有)
12:42:13 INFO: [評価] race=202605020505 : 予想29件 的中1件 投資¥30700 払戻¥230 ROI=0.7%
12:42:13 INFO: 評価完了: race_id=202605020505  的中=1件  投資¥30700  払戻¥230  ROI=0.7%
12:42:13 INFO: [OK] R05 202605020505  [postrace] 完了
12:42:13 INFO: マイグレーション: v_race_mart ビューを再作成しました
12:42:14 INFO: DB 初期化完了: C:\dev\horse-racing-ai\data\umalogi.db
12:42:14 INFO: [CARD] 的中検知 → カード＋SNS生成: 202605020505
12:42:14 INFO: [CARD] 的中カード生成開始: 202605020505
[CARD] カード生成対象: 1 レース
[CARD] 保存: C:\dev\horse-racing-ai\outputs\cards\20260509_R05_東京5R.png
12:42:16 INFO: [CARD] 的中カード生成完了: 202605020505
12:42:16 INFO: [SNS] ポスト生成開始: 202605020505 (pattern=b)
[SNS] 処理対象: 1 レース
[SNS] 保存: C:\dev\horse-racing-ai\outputs\sns\20260509_R05_東京5R_hit.txt
12:42:16 INFO: [SNS] ポスト生成完了: 202605020505
12:45:00 INFO: [START] R06 202604010306  [postrace] 結果取得開始
12:45:00 INFO: [START] R06 202608030506  [postrace] 結果取得開始
12:45:00 INFO: [START] R06 202605020506  [postrace] 結果取得開始
12:45:00 INFO: マイグレーション: v_race_mart ビューを再作成しました
12:45:00 INFO: マイグレーション: v_race_mart ビューを再作成しました
12:45:00 INFO: マイグレーション: v_race_mart ビューを再作成しました
12:45:00 INFO: DB 初期化完了: C:\dev\horse-racing-ai\data\umalogi.db
12:45:00 INFO: JVLink RACE TODAY 同期開始: date=20260401
12:45:00 INFO: DB 初期化完了: C:\dev\horse-racing-ai\data\umalogi.db
12:45:00 INFO: JVLink RACE TODAY 同期開始: date=20260502
12:45:00 INFO: DB 初期化完了: C:\dev\horse-racing-ai\data\umalogi.db
12:45:00 INFO: JVLink RACE TODAY 同期開始: date=20260803
12:48:00 ERROR: JVLink ワーカー タイムアウト (180s): date=20260401
12:48:00 WARNING: JVLink 同期失敗 — netkeiba にフォールバック: race_id=202604010306
12:48:00 INFO: JVLink 結果なし → netkeiba フォールバック: race_id=202604010306
12:48:00 ERROR: JVLink ワーカー タイムアウト (180s): date=20260502
12:48:00 WARNING: JVLink 同期失敗 — netkeiba にフォールバック: race_id=202605020506
12:48:00 INFO: JVLink 結果なし → netkeiba フォールバック: race_id=202605020506
12:48:00 ERROR: JVLink ワーカー タイムアウト (180s): date=20260803
12:48:00 WARNING: JVLink 同期失敗 — netkeiba にフォールバック: race_id=202608030506
12:48:00 INFO: JVLink 結果なし → netkeiba フォールバック: race_id=202608030506
12:48:01 INFO: netkeiba から着順取得: race_id=202604010306
12:48:01 INFO: レース結果取得開始: race_id=202604010306
12:48:01 INFO: netkeiba から着順取得: race_id=202605020506
12:48:01 INFO: レース結果取得開始: race_id=202605020506
12:48:01 INFO: netkeiba から着順取得: race_id=202608030506
12:48:01 INFO: レース結果取得開始: race_id=202608030506
12:48:03 INFO: 取得完了: race_id=202604010306, 出走頭数=0
12:48:03 INFO: netkeiba: 結果テーブル空 (未確定?) race_id=202604010306
12:48:03 INFO: netkeiba: 未確定 (race_id=202604010306)
12:48:03 WARNING: [NG] 結果取得 rc=1 (試行 1/8): 202604010306 — 300 秒後に再試行
12:48:03 INFO: 取得完了: race_id=202608030506, 出走頭数=0
12:48:03 INFO: netkeiba: 結果テーブル空 (未確定?) race_id=202608030506
12:48:03 INFO: netkeiba: 未確定 (race_id=202608030506)
12:48:03 WARNING: [NG] 結果取得 rc=1 (試行 1/8): 202608030506 — 300 秒後に再試行
12:48:03 INFO: 取得完了: race_id=202605020506, 出走頭数=0
12:48:03 INFO: netkeiba: 結果テーブル空 (未確定?) race_id=202605020506
12:48:03 INFO: netkeiba: 未確定 (race_id=202605020506)
12:48:03 WARNING: [NG] 結果取得 rc=1 (試行 1/8): 202605020506 — 300 秒後に再試行
12:53:03 INFO: マイグレーション: v_race_mart ビューを再作成しました
12:53:03 INFO: マイグレーション: v_race_mart ビューを再作成しました
12:53:04 INFO: DB 初期化完了: C:\dev\horse-racing-ai\data\umalogi.db
12:53:04 INFO: JVLink RACE TODAY 同期開始: date=20260401
12:53:04 INFO: マイグレーション: v_race_mart ビューを再作成しました
12:53:04 INFO: DB 初期化完了: C:\dev\horse-racing-ai\data\umalogi.db
12:53:04 INFO: JVLink RACE TODAY 同期開始: date=20260803
12:53:04 INFO: DB 初期化完了: C:\dev\horse-racing-ai\data\umalogi.db
12:53:04 INFO: JVLink RACE TODAY 同期開始: date=20260502
12:56:04 ERROR: JVLink ワーカー タイムアウト (180s): date=20260401
12:56:04 WARNING: JVLink 同期失敗 — netkeiba にフォールバック: race_id=202604010306
12:56:04 INFO: JVLink 結果なし → netkeiba フォールバック: race_id=202604010306
12:56:04 ERROR: JVLink ワーカー タイムアウト (180s): date=20260803
12:56:04 WARNING: JVLink 同期失敗 — netkeiba にフォールバック: race_id=202608030506
12:56:04 INFO: JVLink 結果なし → netkeiba フォールバック: race_id=202608030506
12:56:04 INFO: netkeiba から着順取得: race_id=202604010306
12:56:04 INFO: レース結果取得開始: race_id=202604010306
12:56:04 ERROR: JVLink ワーカー タイムアウト (180s): date=20260502
12:56:04 WARNING: JVLink 同期失敗 — netkeiba にフォールバック: race_id=202605020506
12:56:04 INFO: JVLink 結果なし → netkeiba フォールバック: race_id=202605020506
12:56:04 INFO: netkeiba から着順取得: race_id=202608030506
12:56:04 INFO: レース結果取得開始: race_id=202608030506
12:56:04 INFO: netkeiba から着順取得: race_id=202605020506
12:56:04 INFO: レース結果取得開始: race_id=202605020506
12:56:06 INFO: 取得完了: race_id=202604010306, 出走頭数=16
12:56:06 INFO: netkeiba 着順保存: race_id=202604010306 16頭
12:56:06 INFO: 取得完了: race_id=202608030506, 出走頭数=0
12:56:06 INFO: netkeiba: 結果テーブル空 (未確定?) race_id=202608030506
12:56:06 INFO: netkeiba: 未確定 (race_id=202608030506)
12:56:07 WARNING: [NG] 結果取得 rc=1 (試行 2/8): 202608030506 — 300 秒後に再試行
12:56:07 INFO: 取得完了: race_id=202605020506, 出走頭数=0
12:56:07 INFO: netkeiba: 結果テーブル空 (未確定?) race_id=202605020506
12:56:07 INFO: netkeiba: 未確定 (race_id=202605020506)
12:56:07 WARNING: [NG] 結果取得 rc=1 (試行 2/8): 202605020506 — 300 秒後に再試行
12:56:08 INFO: 払戻取得完了: race_id=202604010306, 合計 12 件
12:56:08 INFO: 払戻保存: race_id=202604010306, 12 件
12:56:08 INFO: netkeiba 払戻保存: race_id=202604010306 12件
12:56:08 INFO: race_results 確認: race_id=202604010306 (16頭 rank有)
12:56:08 INFO: [評価] race=202604010306 : 予想29件 的中1件 投資¥30700 払戻¥420 ROI=1.4%
12:56:08 INFO: 評価完了: race_id=202604010306  的中=1件  投資¥30700  払戻¥420  ROI=1.4%
12:56:08 INFO: [OK] R06 202604010306  [postrace] 完了
12:56:08 INFO: マイグレーション: v_race_mart ビューを再作成しました
12:56:08 INFO: DB 初期化完了: C:\dev\horse-racing-ai\data\umalogi.db
12:56:09 INFO: [CARD] 的中検知 → カード＋SNS生成: 202604010306
12:56:09 INFO: [CARD] 的中カード生成開始: 202604010306
[CARD] カード生成対象: 1 レース
[CARD] 保存: C:\dev\horse-racing-ai\outputs\cards\20260509_R06_新潟6R.png
12:56:11 INFO: [CARD] 的中カード生成完了: 202604010306
12:56:11 INFO: [SNS] ポスト生成開始: 202604010306 (pattern=b)
[SNS] 処理対象: 1 レース
[SNS] 保存: C:\dev\horse-racing-ai\outputs\sns\20260509_R06_新潟6R_hit.txt
12:56:11 INFO: [SNS] ポスト生成完了: 202604010306
13:01:07 INFO: マイグレーション: v_race_mart ビューを再作成しました
13:01:07 INFO: マイグレーション: v_race_mart ビューを再作成しました
13:01:07 INFO: DB 初期化完了: C:\dev\horse-racing-ai\data\umalogi.db
13:01:07 INFO: JVLink RACE TODAY 同期開始: date=20260502
13:01:07 INFO: DB 初期化完了: C:\dev\horse-racing-ai\data\umalogi.db
13:01:07 INFO: JVLink RACE TODAY 同期開始: date=20260803
13:04:07 ERROR: JVLink ワーカー タイムアウト (180s): date=20260502
13:04:07 WARNING: JVLink 同期失敗 — netkeiba にフォールバック: race_id=202605020506
13:04:07 INFO: JVLink 結果なし → netkeiba フォールバック: race_id=202605020506
13:04:07 ERROR: JVLink ワーカー タイムアウト (180s): date=20260803
13:04:07 WARNING: JVLink 同期失敗 — netkeiba にフォールバック: race_id=202608030506
13:04:07 INFO: JVLink 結果なし → netkeiba フォールバック: race_id=202608030506
13:04:08 INFO: netkeiba から着順取得: race_id=202605020506
13:04:08 INFO: レース結果取得開始: race_id=202605020506
13:04:08 INFO: netkeiba から着順取得: race_id=202608030506
13:04:08 INFO: レース結果取得開始: race_id=202608030506
13:04:10 INFO: 取得完了: race_id=202605020506, 出走頭数=0
13:04:10 INFO: netkeiba: 結果テーブル空 (未確定?) race_id=202605020506
13:04:10 INFO: netkeiba: 未確定 (race_id=202605020506)
13:04:10 INFO: 取得完了: race_id=202608030506, 出走頭数=16
13:04:10 WARNING: [NG] 結果取得 rc=1 (試行 3/8): 202605020506 — 300 秒後に再試行
13:04:10 INFO: netkeiba 着順保存: race_id=202608030506 16頭
13:04:12 INFO: 払戻取得完了: race_id=202608030506, 合計 12 件
13:04:12 INFO: 払戻保存: race_id=202608030506, 12 件
13:04:12 INFO: netkeiba 払戻保存: race_id=202608030506 12件
13:04:12 INFO: race_results 確認: race_id=202608030506 (16頭 rank有)
13:04:12 INFO: [評価] race=202608030506 : 予想29件 的中0件 投資¥30600 払戻¥0 ROI=0.0%
13:04:12 INFO: 評価完了: race_id=202608030506  的中=0件  投資¥30600  払戻¥0  ROI=0.0%
13:04:12 INFO: [OK] R06 202608030506  [postrace] 完了
13:04:12 INFO: マイグレーション: v_race_mart ビューを再作成しました
13:04:12 INFO: DB 初期化完了: C:\dev\horse-racing-ai\data\umalogi.db
13:09:10 INFO: マイグレーション: v_race_mart ビューを再作成しました
13:09:10 INFO: DB 初期化完了: C:\dev\horse-racing-ai\data\umalogi.db
13:09:10 INFO: JVLink RACE TODAY 同期開始: date=20260502
13:10:01 INFO: [START] R08 202604010308  [prerace] 直前予想開始 (推定発走 13:30)
13:10:01 INFO: [START] R08 202605020508  [prerace] 直前予想開始 (推定発走 13:30)
13:10:01 INFO: [START] R08 202608030508  [prerace] 直前予想開始 (推定発走 13:30)
{
  "race_id": "202605020508",
  "generated_at": "2026-05-09T13:10:10.491039",
  "bias": {
    "today_inner_bias": -0.0776470588235294,
    "today_front_bias": 0.6,
    "today_race_count": 5
  },
  "horses": [
    {
      "horse_number": 1,
      "horse_name": "ホークマン",
      "horse_id": "2021100008",
      "sex_age": "牡1",
      "weight_carried": 54.0,
      "horse_weight": null,
      "win_odds": 27.1,
      "popularity": 6,
      "honmei_score": 0.1443,
      "ev_score": 3.9118,
      "kelly_fraction": 0.0112,
      "manji_ev": 0.2497,
      "odds_vs_morning": 1.0,
      "odds_velocity": null
    },
    {
      "horse_number": 2,
      "horse_name": "ウィッシュツリー",
      "horse_id": "2022104979",
      "sex_age": "牝5",
      "weight_carried": 56.0,
      "horse_weight": null,
      "win_odds": 3.4,
      "popularity": 2,
      "honmei_score": 0.091,
      "ev_score": 0.3094,
      "kelly_fraction": 0.0,
      "manji_ev": 0.9759,
      "odds_vs_morning": 1.0,
      "odds_velocity": null
    },
    {
      "horse_number": 3,
      "horse_name": "エーデル",
      "horse_id": "2021105321",
      "sex_age": "牝3",
      "weight_carried": 56.0,
      "horse_weight": null,
      "win_odds": 24.8,
      "popularity": 4,
      "honmei_score": 0.1302,
      "ev_score": 3.2294,
      "kelly_fraction": 0.0094,
      "manji_ev": 0.1741,
      "odds_vs_morning": 1.0,
      "odds_velocity": null
    },
    {
      "horse_number": 4,
      "horse_name": "コスタデラルス",
      "horse_id": "2022107309",
      "sex_age": "牡5",
      "weight_carried": 58.0,
      "horse_weight": null,
      "win_odds": 75.3,
      "popularity": 8,
      "honmei_score": 0.0782,
      "ev_score": 5.8889,
      "kelly_fraction": 0.0066,
      "manji_ev": 0.4986,
      "odds_vs_morning": 1.0,
      "odds_velocity": null
    },
    {
      "horse_number": 5,
      "horse_name": "ミッドセンチュリー",
      "horse_id": "2022103308",
      "sex_age": "牡4",
      "weight_carried": 58.0,
      "horse_weight": null,
      "win_odds": 25.0,
      "popularity": 5,
      "honmei_score": 0.1716,
      "ev_score": 4.2909,
      "kelly_fraction": 0.0137,
      "manji_ev": 0.9802,
      "odds_vs_morning": 1.0,
      "odds_velocity": null
    },
    {
      "horse_number": 6,
      "horse_name": "カリーニョ",
      "horse_id": "2021105585",
      "sex_age": "牡1",
      "weight_carried": 58.0,
      "horse_weight": null,
      "win_odds": 1.5,
      "popularity": 1,
      "honmei_score": 0.1028,
      "ev_score": 0.1542,
      "kelly_fraction": 0.0,
      "manji_ev": 0.7912,
      "odds_vs_morning": 1.0,
      "odds_velocity": null
    },
    {
      "horse_number": 7,
      "horse_name": "チャイボーグ",
      "horse_id": "2020104778",
      "sex_age": "牝4",
      "weight_carried": 56.0,
      "horse_weight": null,
      "win_odds": 48.2,
      "popularity": 7,
      "honmei_score": 0.1302,
      "ev_score": 6.2765,
      "kelly_fraction": 0.0112,
      "manji_ev": 0.0913,
      "odds_vs_morning": 1.0,
      "odds_velocity": null
    },
    {
      "horse_number": 8,
      "horse_name": "ショウナンマクベス",
      "horse_id": "2022102370",
      "sex_age": "牡5",
      "weight_carried": 58.0,
      "horse_weight": null,
      "win_odds": 5.6,
      "popularity": 3,
      "honmei_score": 0.0593,
      "ev_score": 0.3323,
      "kelly_fraction": 0.0,
      "manji_ev": 0.3989,
      "odds_vs_morning": 1.0,
      "odds_velocity": null
    }
  ],
  "ev_recommend": [
    {
      "horse_number": 7,
      "horse_name": "チャイボーグ",
      "win_odds": 48.2,
      "ev_score": 6.2765,
      "kelly_fraction": 0.0112
    },
    {
      "horse_number": 4,
      "horse_name": "コスタデラルス",
      "win_odds": 75.3,
      "ev_score": 5.8889,
      "kelly_fraction": 0.0066
    },
    {
      "horse_number": 5,
      "horse_name": "ミッドセンチュリー",
      "win_odds": 25.0,
      "ev_score": 4.2909,
      "kelly_fraction": 0.0137
    },
    {
      "horse_number": 1,
      "horse_name": "ホークマン",
      "win_odds": 27.1,
      "ev_score": 3.9118,
      "kelly_fraction": 0.0112
    },
    {
      "horse_number": 3,
      "horse_name": "エーデル",
      "win_odds": 24.8,
      "ev_score": 3.2294,
      "kelly_fraction": 0.0094
    }
  ],
  "honmei_bets": {
    "race_id": "202605020508",
    "model_type": "本命",
    "bets": [
      {
        "bet_type": "単勝",
        "combinations": [
          [
            5
          ]
        ],
        "horse_names": [
          "ミッドセンチュリー"
        ],
        "expected_value": 4.291,
        "model_score": 0.172,
        "recommended_bet": 1000.0,
        "confidence": 0.172,
        "notes": "確率1位 P(win)=0.17 odds=25.0 EV=4.29"
      },
      {
        "bet_type": "複勝",
        "combinations": [
          [
            5
          ],
          [
            1
          ],
          [
            7
          ]
        ],
        "horse_names": [
          "ミッドセンチュリー",
          "ホークマン",
          "チャイボーグ"
        ],
        "expected_value": 0.446,
        "model_score": 0.149,
        "recommended_bet": 300,
        "confidence": 0.149,
        "notes": "上位3頭を複勝"
      },
      {
        "bet_type": "馬連",
        "combinations": [
          [
            1,
            5
          ],
          [
            5,
            7
          ],
          [
            3,
            5
          ],
          [
            5,
            6
          ],
          [
            2,
            5
          ]
        ],
        "horse_names": [
          "ホークマン",
          "ミッドセンチュリー",
          "ミッドセンチュリー",
          "チャイボーグ",
          "エーデル",
          "ミッドセンチュリー",
          "ミッドセンチュリー",
          "カリーニョ",
          "ウィッシュツリー",
          "ミッドセンチュリー"
        ],
        "expected_value": 4.0,
        "model_score": 0.083,
        "recommended_bet": 500,
        "confidence": 0.083,
        "notes": "軸5番×相手5頭フォーメーション Harville最大=0.083"
      },
      {
        "bet_type": "ワイド",
        "combinations": [
          [
            1,
            5
          ],
          [
            5,
            7
          ],
          [
            3,
            5
          ],
          [
            5,
            6
          ],
          [
            2,
            5
          ]
        ],
        "horse_names": [
          "ホークマン",
          "ミッドセンチュリー",
          "ミッドセンチュリー",
          "チャイボーグ",
          "エーデル",
          "ミッドセンチュリー",
          "ミッドセンチュリー",
          "カリーニョ",
          "ウィッシュツリー",
          "ミッドセンチュリー"
        ],
        "expected_value": 3.0,
        "model_score": 0.083,
        "recommended_bet": 500,
        "confidence": 0.109,
        "notes": "軸5番×相手5頭ワイド Harville最大=0.083"
      },
      {
        "bet_type": "馬単",
        "combinations": [
          [
            5,
            1
          ],
          [
            5,
            7
          ],
          [
            5,
            3
          ]
        ],
        "horse_names": [
          "ミッドセンチュリー",
          "ホークマン",
          "ミッドセンチュリー",
          "チャイボーグ",
          "ミッドセンチュリー",
          "エーデル"
        ],
        "expected_value": 5.0,
        "model_score": 0.042,
        "recommended_bet": 300,
        "confidence": 0.338,
        "notes": "軸5番→相手3頭フォーメーション Harville最大=0.042"
      },
      {
        "bet_type": "三連複",
        "combinations": [
          [
            1,
            5,
            7
          ],
          [
            1,
            3,
            5
          ]
        ],
        "horse_names": [
          "ホークマン",
          "ミッドセンチュリー",
          "チャイボーグ",
          "エーデル"
        ],
        "expected_value": 5.0,
        "model_score": 0.036,
        "recommended_bet": 600,
        "confidence": 0.429,
        "notes": "合成EV最大=5.00 2点 馬番=[(1, 5, 7), (1, 3, 5)]"
      },
      {
        "bet_type": "三連単",
        "combinations": [
          [
            5,
            1,
            7
          ],
          [
            5,
            7,
            1
          ],
          [
            1,
            5,
            7
          ],
          [
            1,
            7,
            5
          ],
          [
            7,
            5,
            1
          ],
          [
            7,
            1,
            5
          ],
          [
            5,
            1,
            3
          ],
          [
            5,
            3,
            1
          ],
          [
            1,
            5,
            3
          ],
          [
            1,
            3,
            5
          ],
          [
            3,
            5,
            1
          ],
          [
            3,
            1,
            5
          ],
          [
            5,
            1,
            6
          ],
          [
            5,
            6,
            1
          ],
          [
            1,
            5,
            6
          ],
          [
            1,
            6,
            5
          ],
          [
            6,
            5,
            1
          ],
          [
            6,
            1,
            5
          ],
          [
            5,
            1,
            2
          ],
          [
            5,
            2,
            1
          ],
          [
            1,
            5,
            2
          ],
          [
            1,
            2,
            5
          ],
          [
            2,
            5,
            1
          ],
          [
            2,
            1,
            5
          ],
          [
            5,
            1,
            4
          ],
          [
            5,
            4,
            1
          ],
          [
            1,
            5,
            4
          ],
          [
            1,
            4,
            5
          ],
          [
            4,
            5,
            1
          ],
          [
            4,
            1,
            5
          ],
          [
            5,
            7,
            3
          ],
          [
            5,
            3,
            7
          ],
          [
            7,
            5,
            3
          ],
          [
            7,
            3,
            5
          ],
          [
            3,
            5,
            7
          ],
          [
            3,
            7,
            5
          ],
          [
            5,
            7,
            6
          ],
          [
            5,
            6,
            7
          ],
          [
            7,
            5,
            6
          ],
          [
            7,
            6,
            5
          ],
          [
            6,
            5,
            7
          ],
          [
            6,
            7,
            5
          ],
          [
            5,
            7,
            2
          ],
          [
            5,
            2,
            7
          ],
          [
            7,
            5,
            2
          ],
          [
            7,
            2,
            5
          ],
          [
            2,
            5,
            7
          ],
          [
            2,
            7,
            5
          ],
          [
            5,
            7,
            4
          ],
          [
            5,
            4,
            7
          ],
          [
            7,
            5,
            4
          ],
          [
            7,
            4,
            5
          ],
          [
            4,
            5,
            7
          ],
          [
            4,
            7,
            5
          ],
          [
            5,
            3,
            6
          ],
          [
            5,
            6,
            3
          ],
          [
            3,
            5,
            6
          ],
          [
            3,
            6,
            5
          ],
          [
            6,
            5,
            3
          ],
          [
            6,
            3,
            5
          ],
          [
            5,
            3,
            2
          ],
          [
            5,
            2,
            3
          ],
          [
            3,
            5,
            2
          ],
          [
            3,
            2,
            5
          ],
          [
            2,
            5,
            3
          ],
          [
            2,
            3,
            5
          ],
          [
            5,
            3,
            4
          ],
          [
            5,
            4,
            3
          ],
          [
            3,
            5,
            4
          ],
          [
            3,
            4,
            5
          ],
          [
            4,
            5,
            3
          ],
          [
            4,
            3,
            5
          ],
          [
            5,
            6,
            2
          ],
          [
            5,
            2,
            6
          ],
          [
            6,
            5,
            2
          ],
          [
            6,
            2,
            5
          ],
          [
            2,
            5,
            6
          ],
          [
            2,
            6,
            5
          ],
          [
            5,
            6,
            4
          ],
          [
            5,
            4,
            6
          ],
          [
            6,
            5,
            4
          ],
          [
            6,
            4,
            5
          ],
          [
            4,
            5,
            6
          ],
          [
            4,
            6,
            5
          ],
          [
            5,
            2,
            4
          ],
          [
            5,
            4,
            2
          ],
          [
            2,
            5,
            4
          ],
          [
            2,
            4,
            5
          ],
          [
            4,
            5,
            2
          ],
          [
            4,
            2,
            5
          ]
        ],
        "horse_names": [
          "ミッドセンチュリー",
          "ホークマン",
          "チャイボーグ",
          "エーデル",
          "カリーニョ",
          "ウィッシュツリー",
          "コスタデラルス"
        ],
        "expected_value": 6.0,
        "model_score": 0.06,
        "recommended_bet": 1000.0,
        "confidence": 1.0,
        "notes": "1頭軸マルチ 軸=5番 相手=[1, 7, 3, 6, 2, 4] 90点 Harville最大=0.0605"
      }
    ]
  },
  "manji_bets": {
    "race_id": "202605020508",
    "model_type": "卍",
    "bets": [
      {
        "bet_type": "単勝",
        "combinations": [
          [
            5
          ]
        ],
        "horse_names": [
          "ミッドセンチュリー"
        ],
        "expected_value": 0.98,
        "model_score": 0.98,
        "recommended_bet": 100,
        "confidence": 0.039,
        "notes": "確率1位(卍) EV=0.98 odds=25.0"
      },
      {
        "bet_type": "複勝",
        "combinations": [
          [
            5
          ],
          [
            2
          ],
          [
            6
          ]
        ],
        "horse_names": [
          "ミッドセンチュリー",
          "ウィッシュツリー",
          "カリーニョ"
        ],
        "expected_value": 0.916,
        "model_score": 0.916,
        "recommended_bet": 300,
        "confidence": 0.6,
        "notes": "確率上位3頭を複勝"
      },
      {
        "bet_type": "馬連",
        "combinations": [
          [
            2,
            5
          ],
          [
            5,
            6
          ],
          [
            4,
            5
          ],
          [
            5,
            8
          ],
          [
            1,
            5
          ]
        ],
        "horse_names": [
          "ウィッシュツリー",
          "ミッドセンチュリー",
          "ミッドセンチュリー",
          "カリーニョ",
          "コスタデラルス",
          "ミッドセンチュリー",
          "ミッドセンチュリー",
          "ショウナンマクベス",
          "ホークマン",
          "ミッドセンチュリー"
        ],
        "expected_value": 4.0,
        "model_score": 0.145,
        "recommended_bet": 500,
        "confidence": 0.723,
        "notes": "軸5番×相手5頭フォーメーション Harville最大=0.145"
      },
      {
        "bet_type": "ワイド",
        "combinations": [
          [
            2,
            5
          ],
          [
            5,
            6
          ],
          [
            4,
            5
          ],
          [
            5,
            8
          ],
          [
            1,
            5
          ]
        ],
        "horse_names": [
          "ウィッシュツリー",
          "ミッドセンチュリー",
          "ミッドセンチュリー",
          "カリーニョ",
          "コスタデラルス",
          "ミッドセンチュリー",
          "ミッドセンチュリー",
          "ショウナンマクベス",
          "ホークマン",
          "ミッドセンチュリー"
        ],
        "expected_value": 3.0,
        "model_score": 0.145,
        "recommended_bet": 500,
        "confidence": 0.867,
        "notes": "軸5番×相手5頭ワイド Harville最大=0.145"
      },
      {
        "bet_type": "馬単",
        "combinations": [
          [
            5,
            2
          ],
          [
            5,
            6
          ],
          [
            5,
            4
          ]
        ],
        "horse_names": [
          "ミッドセンチュリー",
          "ウィッシュツリー",
          "ミッドセンチュリー",
          "カリーニョ",
          "ミッドセンチュリー",
          "コスタデラルス"
        ],
        "expected_value": 5.0,
        "model_score": 0.072,
        "recommended_bet": 300,
        "confidence": 0.579,
        "notes": "軸5番→相手3頭フォーメーション Harville最大=0.072"
      },
      {
        "bet_type": "三連複",
        "combinations": [
          [
            2,
            5,
            6
          ]
        ],
        "horse_names": [
          "ウィッシュツリー",
          "ミッドセンチュリー",
          "カリーニョ"
        ],
        "expected_value": 5.0,
        "model_score": 0.145,
        "recommended_bet": 300,
        "confidence": 1.0,
        "notes": "合成EV=5.00 Harville=0.1449 馬番=(2, 5, 6)"
      },
      {
        "bet_type": "三連複",
        "combinations": [
          [
            2,
            4,
            5
          ]
        ],
        "horse_names": [
          "ウィッシュツリー",
          "コスタデラルス",
          "ミッドセンチュリー"
        ],
        "expected_value": 5.0,
        "model_score": 0.083,
        "recommended_bet": 300,
        "confidence": 1.0,
        "notes": "合成EV=5.00 Harville=0.0829 馬番=(2, 4, 5)"
      },
      {
        "bet_type": "三連複",
        "combinations": [
          [
            2,
            5,
            8
          ]
        ],
        "horse_names": [
          "ウィッシュツリー",
          "ミッドセンチュリー",
          "ショウナンマクベス"
        ],
        "expected_value": 5.0,
        "model_score": 0.064,
        "recommended_bet": 300,
        "confidence": 0.966,
        "notes": "合成EV=5.00 Harville=0.0644 馬番=(2, 5, 8)"
      }
    ]
  },
  "provisional": false
}
Exception in thread Thread-11 (_readerthread):
Traceback (most recent call last):
  File "C:\Users\sayaka\AppData\Local\Python\pythoncore-3.14-64\Lib\threading.py", line 1082, in _bootstrap_inner
    self._context.run(self.run)
    ~~~~~~~~~~~~~~~~~^^^^^^^^^^
  File "C:\Users\sayaka\AppData\Local\Python\pythoncore-3.14-64\Lib\threading.py", line 1024, in run
    self._target(*self._args, **self._kwargs)
    ~~~~~~~~~~~~^^^^^^^^^^^^^^^^^^^^^^^^^^^^^
  File "C:\Users\sayaka\AppData\Local\Python\pythoncore-3.14-64\Lib\subprocess.py", line 1613, in _readerthread
    buffer.append(fh.read())
                  ~~~~~~~^^
  File "<frozen codecs>", line 325, in decode
UnicodeDecodeError: 'utf-8' codec can't decode byte 0x92 in position 39: invalid start byte
13:10:12 INFO: [OK] R08 202605020508  [prerace] 完了
13:10:12 INFO: マイグレーション: v_race_mart ビューを再作成しました
13:10:12 INFO: DB 初期化完了: C:\dev\horse-racing-ai\data\umalogi.db
13:10:12 INFO: [NOTE] 注目レース検知 → note 記事生成: 202605020508
13:10:12 INFO: [NOTE] 記事生成開始: 202605020508
{
  "race_id": "202604010308",
  "generated_at": "2026-05-09T13:10:11.219050",
  "bias": {
    "today_inner_bias": -0.07585004359197908,
    "today_front_bias": 0.6,
    "today_race_count": 5
  },
  "horses": [
    {
      "horse_number": 1,
      "horse_name": "メリーサウンド",
      "horse_id": "2022105516",
      "sex_age": "牝1",
      "weight_carried": 56.0,
      "horse_weight": null,
      "win_odds": 59.9,
      "popularity": 13,
      "honmei_score": 0.1302,
      "ev_score": 7.8,
      "kelly_fraction": 0.0115,
      "manji_ev": 0.7434,
      "odds_vs_morning": 1.0,
      "odds_velocity": null
    },
    {
      "horse_number": 2,
      "horse_name": "ブーケドグレイス",
      "horse_id": "2021102494",
      "sex_age": "牝4",
      "weight_carried": 56.0,
      "horse_weight": null,
      "win_odds": 18.9,
      "popularity": 9,
      "honmei_score": 0.0617,
      "ev_score": 1.1659,
      "kelly_fraction": 0.0009,
      "manji_ev": 0.9875,
      "odds_vs_morning": 1.0,
      "odds_velocity": null
    },
    {
      "horse_number": 3,
      "horse_name": "ヴァズレーヌ",
      "horse_id": "2021106707",
      "sex_age": "牝1",
      "weight_carried": 56.0,
      "horse_weight": null,
      "win_odds": 12.8,
      "popularity": 6,
      "honmei_score": 0.0617,
      "ev_score": 0.7896,
      "kelly_fraction": 0.0,
      "manji_ev": 1.1786,
      "odds_vs_morning": 1.0,
      "odds_velocity": null
    },
    {
      "horse_number": 4,
      "horse_name": "オブシディアーナ",
      "horse_id": "2022102994",
      "sex_age": "牝5",
      "weight_carried": 54.0,
      "horse_weight": null,
      "win_odds": 9.2,
      "popularity": 3,
      "honmei_score": 0.0516,
      "ev_score": 0.4748,
      "kelly_fraction": 0.0,
      "manji_ev": 0.7906,
      "odds_vs_morning": 1.0,
      "odds_velocity": null
    },
    {
      "horse_number": 5,
      "horse_name": "ラグナトーレ",
      "horse_id": "2022106185",
      "sex_age": "牝3",
      "weight_carried": 52.0,
      "horse_weight": null,
      "win_odds": 12.7,
      "popularity": 5,
      "honmei_score": 0.0428,
      "ev_score": 0.5435,
      "kelly_fraction": 0.0,
      "manji_ev": 0.1762,
      "odds_vs_morning": 1.0,
      "odds_velocity": null
    },
    {
      "horse_number": 6,
      "horse_name": "ショウナンマリーナ",
      "horse_id": "2022101259",
      "sex_age": "牝3",
      "weight_carried": 56.0,
      "horse_weight": null,
      "win_odds": 42.8,
      "popularity": 11,
      "honmei_score": 0.1443,
      "ev_score": 6.1781,
      "kelly_fraction": 0.0124,
      "manji_ev": 0.6689,
      "odds_vs_morning": 1.0,
      "odds_velocity": null
    },
    {
      "horse_number": 7,
      "horse_name": "メイショウバスク",
      "horse_id": "2022103193",
      "sex_age": "牝1",
      "weight_carried": 56.0,
      "horse_weight": null,
      "win_odds": 57.9,
      "popularity": 12,
      "honmei_score": 0.0794,
      "ev_score": 4.5986,
      "kelly_fraction": 0.0063,
      "manji_ev": 0.9524,
      "odds_vs_morning": 1.0,
      "odds_velocity": null
    },
    {
      "horse_number": 8,
      "horse_name": "カルネヴァーレ",
      "horse_id": "2021103720",
      "sex_age": "牝4",
      "weight_carried": 56.0,
      "horse_weight": null,
      "win_odds": 13.7,
      "popularity": 7,
      "honmei_score": 0.0782,
      "ev_score": 1.0714,
      "kelly_fraction": 0.0006,
      "manji_ev": 0.9443,
      "odds_vs_morning": 1.0,
      "odds_velocity": null
    },
    {
      "horse_number": 9,
      "horse_name": "ライヴスプーン",
      "horse_id": "2022104264",
      "sex_age": "牝3",
      "weight_carried": 56.0,
      "horse_weight": null,
      "win_odds": 13.7,
      "popularity": 8,
      "honmei_score": 0.1716,
      "ev_score": 2.3514,
      "kelly_fraction": 0.0106,
      "manji_ev": 1.1912,
      "odds_vs_morning": 1.0,
      "odds_velocity": null
    },
    {
      "horse_number": 10,
      "horse_name": "ベルフィーヌ",
      "horse_id": "2021104754",
      "sex_age": "牝1",
      "weight_carried": 56.0,
      "horse_weight": null,
      "win_odds": 5.2,
      "popularity": 2,
      "honmei_score": 0.0782,
      "ev_score": 0.4067,
      "kelly_fraction": 0.0,
      "manji_ev": 0.8739,
      "odds_vs_morning": 1.0,
      "odds_velocity": null
    },
    {
      "horse_number": 11,
      "horse_name": "オーケーエンジェル",
      "horse_id": "2022104553",
      "sex_age": "牝1",
      "weight_carried": 56.0,
      "horse_weight": null,
      "win_odds": 27.5,
      "popularity": 10,
      "honmei_score": 0.1071,
      "ev_score": 2.9464,
      "kelly_fraction": 0.0073,
      "manji_ev": 0.7657,
      "odds_vs_morning": 1.0,
      "odds_velocity": null
    },
    {
      "horse_number": 12,
      "horse_name": "ブルーユンチェリー",
      "horse_id": "2022103011",
      "sex_age": "牝3",
      "weight_carried": 56.0,
      "horse_weight": null,
      "win_odds": 66.2,
      "popularity": 14,
      "honmei_score": 0.0836,
      "ev_score": 5.5367,
      "kelly_fraction": 0.007,
      "manji_ev": 0.5347,
      "odds_vs_morning": 1.0,
      "odds_velocity": null
    },
    {
      "horse_number": 13,
      "horse_name": "リアンクトワ",
      "horse_id": "2021103293",
      "sex_age": "牝3",
      "weight_carried": 53.0,
      "horse_weight": null,
      "win_odds": 2.5,
      "popularity": 1,
      "honmei_score": 0.0617,
      "ev_score": 0.1542,
      "kelly_fraction": 0.0,
      "manji_ev": 0.3599,
      "odds_vs_morning": 1.0,
      "odds_velocity": null
    },
    {
      "horse_number": 14,
      "horse_name": "ファーマシャイン",
      "horse_id": "2021101591",
      "sex_age": "牝1",
      "weight_carried": 55.0,
      "horse_weight": null,
      "win_odds": 90.6,
      "popularity": 15,
      "honmei_score": 0.0593,
      "ev_score": 5.3754,
      "kelly_fraction": 0.0049,
      "manji_ev": 0.0,
      "odds_vs_morning": 1.0,
      "odds_velocity": null
    },
    {
      "horse_number": 15,
      "horse_name": "サラサラヘアー",
      "horse_id": "2022103463",
      "sex_age": "牝1",
      "weight_carried": 53.0,
      "horse_weight": null,
      "win_odds": 10.8,
      "popularity": 4,
      "honmei_score": 0.1056,
      "ev_score": 1.1403,
      "kelly_fraction": 0.0014,
      "manji_ev": 0.4256,
      "odds_vs_morning": 1.0,
      "odds_velocity": null
    }
  ],
  "ev_recommend": [
    {
      "horse_number": 1,
      "horse_name": "メリーサウンド",
      "win_odds": 59.9,
      "ev_score": 7.8,
      "kelly_fraction": 0.0115
    },
    {
      "horse_number": 6,
      "horse_name": "ショウナンマリーナ",
      "win_odds": 42.8,
      "ev_score": 6.1781,
      "kelly_fraction": 0.0124
    },
    {
      "horse_number": 12,
      "horse_name": "ブルーユンチェリー",
      "win_odds": 66.2,
      "ev_score": 5.5367,
      "kelly_fraction": 0.007
    },
    {
      "horse_number": 14,
      "horse_name": "ファーマシャイン",
      "win_odds": 90.6,
      "ev_score": 5.3754,
      "kelly_fraction": 0.0049
    },
    {
      "horse_number": 7,
      "horse_name": "メイショウバスク",
      "win_odds": 57.9,
      "ev_score": 4.5986,
      "kelly_fraction": 0.0063
    },
    {
      "horse_number": 11,
      "horse_name": "オーケーエンジェル",
      "win_odds": 27.5,
      "ev_score": 2.9464,
      "kelly_fraction": 0.0073
    },
    {
      "horse_number": 9,
      "horse_name": "ライヴスプーン",
      "win_odds": 13.7,
      "ev_score": 2.3514,
      "kelly_fraction": 0.0106
    },
    {
      "horse_number": 2,
      "horse_name": "ブーケドグレイス",
      "win_odds": 18.9,
      "ev_score": 1.1659,
      "kelly_fraction": 0.0009
    },
    {
      "horse_number": 15,
      "horse_name": "サラサラヘアー",
      "win_odds": 10.8,
      "ev_score": 1.1403,
      "kelly_fraction": 0.0014
    },
    {
      "horse_number": 8,
      "horse_name": "カルネヴァーレ",
      "win_odds": 13.7,
      "ev_score": 1.0714,
      "kelly_fraction": 0.0006
    }
  ],
  "honmei_bets": {
    "race_id": "202604010308",
    "model_type": "本命",
    "bets": [
      {
        "bet_type": "単勝",
        "combinations": [
          [
            9
          ]
        ],
        "horse_names": [
          "ライヴスプーン"
        ],
        "expected_value": 2.351,
        "model_score": 0.172,
        "recommended_bet": 1000.0,
        "confidence": 0.172,
        "notes": "確率1位 P(win)=0.17 odds=13.7 EV=2.35"
      },
      {
        "bet_type": "複勝",
        "combinations": [
          [
            9
          ],
          [
            6
          ],
          [
            1
          ]
        ],
        "horse_names": [
          "ライヴスプーン",
          "ショウナンマリーナ",
          "メリーサウンド"
        ],
        "expected_value": 0.446,
        "model_score": 0.149,
        "recommended_bet": 300,
        "confidence": 0.149,
        "notes": "上位3頭を複勝"
      },
      {
        "bet_type": "馬連",
        "combinations": [
          [
            6,
            9
          ],
          [
            1,
            9
          ],
          [
            9,
            11
          ],
          [
            9,
            15
          ],
          [
            9,
            12
          ]
        ],
        "horse_names": [
          "ショウナンマリーナ",
          "ライヴスプーン",
          "メリーサウンド",
          "ライヴスプーン",
          "ライヴスプーン",
          "オーケーエンジェル",
          "ライヴスプーン",
          "サラサラヘアー",
          "ライヴスプーン",
          "ブルーユンチェリー"
        ],
        "expected_value": 1.706,
        "model_score": 0.031,
        "recommended_bet": 500,
        "confidence": 0.031,
        "notes": "軸9番×相手5頭フォーメーション Harville最大=0.031"
      },
      {
        "bet_type": "ワイド",
        "combinations": [
          [
            6,
            9
          ],
          [
            1,
            9
          ],
          [
            9,
            11
          ],
          [
            9,
            15
          ],
          [
            9,
            12
          ]
        ],
        "horse_names": [
          "ショウナンマリーナ",
          "ライヴスプーン",
          "メリーサウンド",
          "ライヴスプーン",
          "ライヴスプーン",
          "オーケーエンジェル",
          "ライヴスプーン",
          "サラサラヘアー",
          "ライヴスプーン",
          "ブルーユンチェリー"
        ],
        "expected_value": 0.801,
        "model_score": 0.031,
        "recommended_bet": 500,
        "confidence": 0.041,
        "notes": "軸9番×相手5頭ワイド Harville最大=0.031"
      },
      {
        "bet_type": "馬単",
        "combinations": [
          [
            9,
            6
          ],
          [
            9,
            1
          ],
          [
            9,
            11
          ]
        ],
        "horse_names": [
          "ライヴスプーン",
          "ショウナンマリーナ",
          "ライヴスプーン",
          "メリーサウンド",
          "ライヴスプーン",
          "オーケーエンジェル"
        ],
        "expected_value": 1.643,
        "model_score": 0.016,
        "recommended_bet": 300,
        "confidence": 0.13,
        "notes": "軸9番→相手3頭フォーメーション Harville最大=0.016"
      },
      {
        "bet_type": "三連複",
        "combinations": [
          [
            9,
            11,
            15
          ],
          [
            6,
            9,
            11
          ]
        ],
        "horse_names": [
          "ライヴスプーン",
          "オーケーエンジェル",
          "サラサラヘアー",
          "ショウナンマリーナ"
        ],
        "expected_value": 1.852,
        "model_score": 0.011,
        "recommended_bet": 600,
        "confidence": 0.132,
        "notes": "合成EV最大=1.85 2点 馬番=[(9, 11, 15), (6, 9, 11)]"
      },
      {
        "bet_type": "三連単",
        "combinations": [
          [
            9,
            6,
            1
          ],
          [
            9,
            1,
            6
          ],
          [
            6,
            9,
            1
          ],
          [
            6,
            1,
            9
          ],
          [
            1,
            9,
            6
          ],
          [
            1,
            6,
            9
          ],
          [
            9,
            6,
            11
          ],
          [
            9,
            11,
            6
          ],
          [
            6,
            9,
            11
          ],
          [
            6,
            11,
            9
          ],
          [
            11,
            9,
            6
          ],
          [
            11,
            6,
            9
          ],
          [
            9,
            6,
            15
          ],
          [
            9,
            15,
            6
          ],
          [
            6,
            9,
            15
          ],
          [
            6,
            15,
            9
          ],
          [
            15,
            9,
            6
          ],
          [
            15,
            6,
            9
          ],
          [
            9,
            6,
            12
          ],
          [
            9,
            12,
            6
          ],
          [
            6,
            9,
            12
          ],
          [
            6,
            12,
            9
          ],
          [
            12,
            9,
            6
          ],
          [
            12,
            6,
            9
          ],
          [
            9,
            6,
            7
          ],
          [
            9,
            7,
            6
          ],
          [
            6,
            9,
            7
          ],
          [
            6,
            7,
            9
          ],
          [
            7,
            9,
            6
          ],
          [
            7,
            6,
            9
          ],
          [
            9,
            1,
            11
          ],
          [
            9,
            11,
            1
          ],
          [
            1,
            9,
            11
          ],
          [
            1,
            11,
            9
          ],
          [
            11,
            9,
            1
          ],
          [
            11,
            1,
            9
          ],
          [
            9,
            1,
            15
          ],
          [
            9,
            15,
            1
          ],
          [
            1,
            9,
            15
          ],
          [
            1,
            15,
            9
          ],
          [
            15,
            9,
            1
          ],
          [
            15,
            1,
            9
          ],
          [
            9,
            1,
            12
          ],
          [
            9,
            12,
            1
          ],
          [
            1,
            9,
            12
          ],
          [
            1,
            12,
            9
          ],
          [
            12,
            9,
            1
          ],
          [
            12,
            1,
            9
          ],
          [
            9,
            1,
            7
          ],
          [
            9,
            7,
            1
          ],
          [
            1,
            9,
            7
          ],
          [
            1,
            7,
            9
          ],
          [
            7,
            9,
            1
          ],
          [
            7,
            1,
            9
          ],
          [
            9,
            11,
            15
          ],
          [
            9,
            15,
            11
          ],
          [
            11,
            9,
            15
          ],
          [
            11,
            15,
            9
          ],
          [
            15,
            9,
            11
          ],
          [
            15,
            11,
            9
          ],
          [
            9,
            11,
            12
          ],
          [
            9,
            12,
            11
          ],
          [
            11,
            9,
            12
          ],
          [
            11,
            12,
            9
          ],
          [
            12,
            9,
            11
          ],
          [
            12,
            11,
            9
          ],
          [
            9,
            11,
            7
          ],
          [
            9,
            7,
            11
          ],
          [
            11,
            9,
            7
          ],
          [
            11,
            7,
            9
          ],
          [
            7,
            9,
            11
          ],
          [
            7,
            11,
            9
          ],
          [
            9,
            15,
            12
          ],
          [
            9,
            12,
            15
          ],
          [
            15,
            9,
            12
          ],
          [
            15,
            12,
            9
          ],
          [
            12,
            9,
            15
          ],
          [
            12,
            15,
            9
          ],
          [
            9,
            15,
            7
          ],
          [
            9,
            7,
            15
          ],
          [
            15,
            9,
            7
          ],
          [
            15,
            7,
            9
          ],
          [
            7,
            9,
            15
          ],
          [
            7,
            15,
            9
          ],
          [
            9,
            12,
            7
          ],
          [
            9,
            7,
            12
          ],
          [
            12,
            9,
            7
          ],
          [
            12,
            7,
            9
          ],
          [
            7,
            9,
            12
          ],
          [
            7,
            12,
            9
          ]
        ],
        "horse_names": [
          "ライヴスプーン",
          "ショウナンマリーナ",
          "メリーサウンド",
          "オーケーエンジェル",
          "サラサラヘアー",
          "ブルーユンチェリー",
          "メイショウバスク"
        ],
        "expected_value": 6.0,
        "model_score": 0.011,
        "recommended_bet": 1000.0,
        "confidence": 0.33,
        "notes": "1頭軸マルチ 軸=9番 相手=[6, 1, 11, 15, 12, 7] 90点 Harville最大=0.0110"
      }
    ]
  },
  "manji_bets": {
    "race_id": "202604010308",
    "model_type": "卍",
    "bets": [
      {
        "bet_type": "単勝",
        "combinations": [
          [
            9
          ]
        ],
        "horse_names": [
          "ライヴスプーン"
        ],
        "expected_value": 1.191,
        "model_score": 1.191,
        "recommended_bet": 500.0,
        "confidence": 0.087,
        "notes": "確率1位(卍) EV=1.19 odds=13.7"
      },
      {
        "bet_type": "複勝",
        "combinations": [
          [
            9
          ],
          [
            3
          ],
          [
            2
          ]
        ],
        "horse_names": [
          "ライヴスプーン",
          "ヴァズレーヌ",
          "ブーケドグレイス"
        ],
        "expected_value": 1.119,
        "model_score": 1.119,
        "recommended_bet": 300,
        "confidence": 0.6,
        "notes": "確率上位3頭を複勝"
      },
      {
        "bet_type": "馬連",
        "combinations": [
          [
            3,
            9
          ],
          [
            2,
            9
          ],
          [
            7,
            9
          ],
          [
            8,
            9
          ],
          [
            9,
            10
          ]
        ],
        "horse_names": [
          "ヴァズレーヌ",
          "ライヴスプーン",
          "ブーケドグレイス",
          "ライヴスプーン",
          "メイショウバスク",
          "ライヴスプーン",
          "カルネヴァーレ",
          "ライヴスプーン",
          "ライヴスプーン",
          "ベルフィーヌ"
        ],
        "expected_value": 1.529,
        "model_score": 0.028,
        "recommended_bet": 500,
        "confidence": 0.141,
        "notes": "軸9番×相手5頭フォーメーション Harville最大=0.028"
      },
      {
        "bet_type": "ワイド",
        "combinations": [
          [
            3,
            9
          ],
          [
            2,
            9
          ],
          [
            7,
            9
          ],
          [
            8,
            9
          ],
          [
            9,
            10
          ]
        ],
        "horse_names": [
          "ヴァズレーヌ",
          "ライヴスプーン",
          "ブーケドグレイス",
          "ライヴスプーン",
          "メイショウバスク",
          "ライヴスプーン",
          "カルネヴァーレ",
          "ライヴスプーン",
          "ライヴスプーン",
          "ベルフィーヌ"
        ],
        "expected_value": 0.718,
        "model_score": 0.028,
        "recommended_bet": 500,
        "confidence": 0.169,
        "notes": "軸9番×相手5頭ワイド Harville最大=0.028"
      },
      {
        "bet_type": "馬単",
        "combinations": [
          [
            9,
            3
          ],
          [
            9,
            2
          ],
          [
            9,
            7
          ]
        ],
        "horse_names": [
          "ライヴスプーン",
          "ヴァズレーヌ",
          "ライヴスプーン",
          "ブーケドグレイス",
          "ライヴスプーン",
          "メイショウバスク"
        ],
        "expected_value": 1.428,
        "model_score": 0.014,
        "recommended_bet": 300,
        "confidence": 0.113,
        "notes": "軸9番→相手3頭フォーメーション Harville最大=0.014"
      },
      {
        "bet_type": "三連複",
        "combinations": [
          [
            2,
            3,
            9
          ]
        ],
        "horse_names": [
          "ブーケドグレイス",
          "ヴァズレーヌ",
          "ライヴスプーン"
        ],
        "expected_value": 1.673,
        "model_score": 0.01,
        "recommended_bet": 300,
        "confidence": 0.149,
        "notes": "合成EV=1.67 Harville=0.0099 馬番=(2, 3, 9)"
      },
      {
        "bet_type": "三連複",
        "combinations": [
          [
            3,
            7,
            9
          ]
        ],
        "horse_names": [
          "ヴァズレーヌ",
          "メイショウバスク",
          "ライヴスプーン"
        ],
        "expected_value": 1.607,
        "model_score": 0.01,
        "recommended_bet": 300,
        "confidence": 0.143,
        "notes": "合成EV=1.61 Harville=0.0095 馬番=(3, 7, 9)"
      },
      {
        "bet_type": "三連複",
        "combinations": [
          [
            3,
            8,
            9
          ]
        ],
        "horse_names": [
          "ヴァズレーヌ",
          "カルネヴァーレ",
          "ライヴスプーン"
        ],
        "expected_value": 1.592,
        "model_score": 0.009,
        "recommended_bet": 300,
        "confidence": 0.142,
        "notes": "合成EV=1.59 Harville=0.0094 馬番=(3, 8, 9)"
      }
    ]
  },
  "provisional": false
}
{
  "race_id": "202608030508",
  "generated_at": "2026-05-09T13:10:11.572975",
  "bias": {
    "today_inner_bias": -0.04540420819490587,
    "today_front_bias": 0.5,
    "today_race_count": 6
  },
  "horses": [
    {
      "horse_number": 1,
      "horse_name": "ララバッカナール",
      "horse_id": "2021107097",
      "sex_age": "牝3",
      "weight_carried": 56.0,
      "horse_weight": null,
      "win_odds": 4.9,
      "popularity": 2,
      "honmei_score": 0.0782,
      "ev_score": 0.3832,
      "kelly_fraction": 0.0,
      "manji_ev": 0.5359,
      "odds_vs_morning": 1.0,
      "odds_velocity": null
    },
    {
      "horse_number": 2,
      "horse_name": "ラウルベア",
      "horse_id": "2022105857",
      "sex_age": "牝3",
      "weight_carried": 56.0,
      "horse_weight": null,
      "win_odds": 33.5,
      "popularity": 13,
      "honmei_score": 0.1028,
      "ev_score": 3.4447,
      "kelly_fraction": 0.0075,
      "manji_ev": 0.6623,
      "odds_vs_morning": 1.0,
      "odds_velocity": null
    },
    {
      "horse_number": 3,
      "horse_name": "リンゲルブルーメ",
      "horse_id": "2022105011",
      "sex_age": "牝4",
      "weight_carried": 56.0,
      "horse_weight": null,
      "win_odds": 22.4,
      "popularity": 9,
      "honmei_score": 0.1478,
      "ev_score": 3.3117,
      "kelly_fraction": 0.0108,
      "manji_ev": 0.4866,
      "odds_vs_morning": 1.0,
      "odds_velocity": null
    },
    {
      "horse_number": 4,
      "horse_name": "ヒミノエトワール",
      "horse_id": "2022102388",
      "sex_age": "牝3",
      "weight_carried": 56.0,
      "horse_weight": null,
      "win_odds": 4.5,
      "popularity": 1,
      "honmei_score": 0.0516,
      "ev_score": 0.2322,
      "kelly_fraction": 0.0,
      "manji_ev": 0.0877,
      "odds_vs_morning": 1.0,
      "odds_velocity": null
    },
    {
      "horse_number": 5,
      "horse_name": "ローマンレイク",
      "horse_id": "2021105976",
      "sex_age": "牝1",
      "weight_carried": 56.0,
      "horse_weight": null,
      "win_odds": 32.9,
      "popularity": 12,
      "honmei_score": 0.0428,
      "ev_score": 1.408,
      "kelly_fraction": 0.0013,
      "manji_ev": 0.1126,
      "odds_vs_morning": 1.0,
      "odds_velocity": null
    },
    {
      "horse_number": 6,
      "horse_name": "ショウナンラウール",
      "horse_id": "2021104242",
      "sex_age": "牝3",
      "weight_carried": 54.0,
      "horse_weight": null,
      "win_odds": 9.8,
      "popularity": 6,
      "honmei_score": 0.0549,
      "ev_score": 0.5376,
      "kelly_fraction": 0.0,
      "manji_ev": 0.6611,
      "odds_vs_morning": 1.0,
      "odds_velocity": null
    },
    {
      "horse_number": 7,
      "horse_name": "ペガサスノース",
      "horse_id": "2022101053",
      "sex_age": "牝4",
      "weight_carried": 56.0,
      "horse_weight": null,
      "win_odds": 74.1,
      "popularity": 16,
      "honmei_score": 0.1028,
      "ev_score": 7.6195,
      "kelly_fraction": 0.0091,
      "manji_ev": 0.5246,
      "odds_vs_morning": 1.0,
      "odds_velocity": null
    },
    {
      "horse_number": 8,
      "horse_name": "レイム",
      "horse_id": "2021106942",
      "sex_age": "牝3",
      "weight_carried": 56.0,
      "horse_weight": null,
      "win_odds": 14.5,
      "popularity": 7,
      "honmei_score": 0.0617,
      "ev_score": 0.8945,
      "kelly_fraction": 0.0,
      "manji_ev": 0.4998,
      "odds_vs_morning": 1.0,
      "odds_velocity": null
    },
    {
      "horse_number": 9,
      "horse_name": "デュアルロール",
      "horse_id": "2022106189",
      "sex_age": "牝1",
      "weight_carried": 56.0,
      "horse_weight": null,
      "win_odds": 49.1,
      "popularity": 15,
      "honmei_score": 0.0658,
      "ev_score": 3.2328,
      "kelly_fraction": 0.0046,
      "manji_ev": 0.0446,
      "odds_vs_morning": 1.0,
      "odds_velocity": null
    },
    {
      "horse_number": 10,
      "horse_name": "ベランジェール",
      "horse_id": "2021105484",
      "sex_age": "牝3",
      "weight_carried": 56.0,
      "horse_weight": null,
      "win_odds": 9.7,
      "popularity": 5,
      "honmei_score": 0.0516,
      "ev_score": 0.5006,
      "kelly_fraction": 0.0,
      "manji_ev": 0.0376,
      "odds_vs_morning": 1.0,
      "odds_velocity": null
    },
    {
      "horse_number": 11,
      "horse_name": "イフリーティア",
      "horse_id": "2022103649",
      "sex_age": "牝3",
      "weight_carried": 56.0,
      "horse_weight": null,
      "win_odds": 23.2,
      "popularity": 10,
      "honmei_score": 0.1028,
      "ev_score": 2.3856,
      "kelly_fraction": 0.0062,
      "manji_ev": 0.6061,
      "odds_vs_morning": 1.0,
      "odds_velocity": null
    },
    {
      "horse_number": 12,
      "horse_name": "インピッシュ",
      "horse_id": "2022103469",
      "sex_age": "牝3",
      "weight_carried": 56.0,
      "horse_weight": null,
      "win_odds": 18.2,
      "popularity": 8,
      "honmei_score": 0.0549,
      "ev_score": 0.9984,
      "kelly_fraction": 0.0,
      "manji_ev": 1.2861,
      "odds_vs_morning": 1.0,
      "odds_velocity": null
    },
    {
      "horse_number": 13,
      "horse_name": "ワンダーイロネ",
      "horse_id": "2022100200",
      "sex_age": "牝3",
      "weight_carried": 56.0,
      "horse_weight": null,
      "win_odds": 6.6,
      "popularity": 3,
      "honmei_score": 0.0794,
      "ev_score": 0.5242,
      "kelly_fraction": 0.0,
      "manji_ev": 0.5855,
      "odds_vs_morning": 1.0,
      "odds_velocity": null
    },
    {
      "horse_number": 14,
      "horse_name": "グディンナ",
      "horse_id": "2021102162",
      "sex_age": "牝1",
      "weight_carried": 56.0,
      "horse_weight": null,
      "win_odds": 36.6,
      "popularity": 14,
      "honmei_score": 0.0549,
      "ev_score": 2.0079,
      "kelly_fraction": 0.0028,
      "manji_ev": 0.193,
      "odds_vs_morning": 1.0,
      "odds_velocity": null
    },
    {
      "horse_number": 15,
      "horse_name": "ルクスコスモス",
      "horse_id": "2022101126",
      "sex_age": "牝4",
      "weight_carried": 56.0,
      "horse_weight": null,
      "win_odds": 9.5,
      "popularity": 4,
      "honmei_score": 0.1028,
      "ev_score": 0.9769,
      "kelly_fraction": 0.0,
      "manji_ev": 0.521,
      "odds_vs_morning": 1.0,
      "odds_velocity": null
    },
    {
      "horse_number": 16,
      "horse_name": "バダジェフスカ",
      "horse_id": "2022106590",
      "sex_age": "牝3",
      "weight_carried": 56.0,
      "horse_weight": null,
      "win_odds": 28.6,
      "popularity": 11,
      "honmei_score": 0.0432,
      "ev_score": 1.2351,
      "kelly_fraction": 0.0009,
      "manji_ev": 0.0,
      "odds_vs_morning": 1.0,
      "odds_velocity": null
    }
  ],
  "ev_recommend": [
    {
      "horse_number": 7,
      "horse_name": "ペガサスノース",
      "win_odds": 74.1,
      "ev_score": 7.6195,
      "kelly_fraction": 0.0091
    },
    {
      "horse_number": 2,
      "horse_name": "ラウルベア",
      "win_odds": 33.5,
      "ev_score": 3.4447,
      "kelly_fraction": 0.0075
    },
    {
      "horse_number": 3,
      "horse_name": "リンゲルブルーメ",
      "win_odds": 22.4,
      "ev_score": 3.3117,
      "kelly_fraction": 0.0108
    },
    {
      "horse_number": 9,
      "horse_name": "デュアルロール",
      "win_odds": 49.1,
      "ev_score": 3.2328,
      "kelly_fraction": 0.0046
    },
    {
      "horse_number": 11,
      "horse_name": "イフリーティア",
      "win_odds": 23.2,
      "ev_score": 2.3856,
      "kelly_fraction": 0.0062
    },
    {
      "horse_number": 14,
      "horse_name": "グディンナ",
      "win_odds": 36.6,
      "ev_score": 2.0079,
      "kelly_fraction": 0.0028
    },
    {
      "horse_number": 5,
      "horse_name": "ローマンレイク",
      "win_odds": 32.9,
      "ev_score": 1.408,
      "kelly_fraction": 0.0013
    },
    {
      "horse_number": 16,
      "horse_name": "バダジェフスカ",
      "win_odds": 28.6,
      "ev_score": 1.2351,
      "kelly_fraction": 0.0009
    }
  ],
  "honmei_bets": {
    "race_id": "202608030508",
    "model_type": "本命",
    "bets": [
      {
        "bet_type": "単勝",
        "combinations": [
          [
            3
          ]
        ],
        "horse_names": [
          "リンゲルブルーメ"
        ],
        "expected_value": 3.312,
        "model_score": 0.148,
        "recommended_bet": 1000.0,
        "confidence": 0.148,
        "notes": "確率1位 P(win)=0.15 odds=22.4 EV=3.31"
      },
      {
        "bet_type": "複勝",
        "combinations": [
          [
            3
          ],
          [
            2
          ],
          [
            7
          ]
        ],
        "horse_names": [
          "リンゲルブルーメ",
          "ラウルベア",
          "ペガサスノース"
        ],
        "expected_value": 0.353,
        "model_score": 0.118,
        "recommended_bet": 300,
        "confidence": 0.118,
        "notes": "上位3頭を複勝"
      },
      {
        "bet_type": "馬連",
        "combinations": [
          [
            2,
            3
          ],
          [
            3,
            7
          ],
          [
            3,
            11
          ],
          [
            3,
            15
          ],
          [
            3,
            13
          ]
        ],
        "horse_names": [
          "ラウルベア",
          "リンゲルブルーメ",
          "リンゲルブルーメ",
          "ペガサスノース",
          "リンゲルブルーメ",
          "イフリーティア",
          "リンゲルブルーメ",
          "ルクスコスモス",
          "リンゲルブルーメ",
          "ワンダーイロネ"
        ],
        "expected_value": 2.294,
        "model_score": 0.026,
        "recommended_bet": 500,
        "confidence": 0.026,
        "notes": "軸3番×相手5頭フォーメーション Harville最大=0.026"
      },
      {
        "bet_type": "ワイド",
        "combinations": [
          [
            2,
            3
          ],
          [
            3,
            7
          ],
          [
            3,
            11
          ],
          [
            3,
            15
          ],
          [
            3,
            13
          ]
        ],
        "horse_names": [
          "ラウルベア",
          "リンゲルブルーメ",
          "リンゲルブルーメ",
          "ペガサスノース",
          "リンゲルブルーメ",
          "イフリーティア",
          "リンゲルブルーメ",
          "ルクスコスモス",
          "リンゲルブルーメ",
          "ワンダーイロネ"
        ],
        "expected_value": 1.077,
        "model_score": 0.026,
        "recommended_bet": 500,
        "confidence": 0.034,
        "notes": "軸3番×相手5頭ワイド Harville最大=0.026"
      },
      {
        "bet_type": "馬単",
        "combinations": [
          [
            3,
            2
          ],
          [
            3,
            7
          ],
          [
            3,
            11
          ]
        ],
        "horse_names": [
          "リンゲルブルーメ",
          "ラウルベア",
          "リンゲルブルーメ",
          "ペガサスノース",
          "リンゲルブルーメ",
          "イフリーティア"
        ],
        "expected_value": 2.188,
        "model_score": 0.013,
        "recommended_bet": 300,
        "confidence": 0.106,
        "notes": "軸3番→相手3頭フォーメーション Harville最大=0.013"
      },
      {
        "bet_type": "三連複",
        "combinations": [
          [
            2,
            3,
            11
          ],
          [
            2,
            3,
            15
          ]
        ],
        "horse_names": [
          "ラウルベア",
          "リンゲルブルーメ",
          "イフリーティア",
          "ルクスコスモス"
        ],
        "expected_value": 2.39,
        "model_score": 0.009,
        "recommended_bet": 600,
        "confidence": 0.104,
        "notes": "合成EV最大=2.39 2点 馬番=[(2, 3, 11), (2, 3, 15)]"
      },
      {
        "bet_type": "三連単",
        "combinations": [
          [
            3,
            2,
            7
          ],
          [
            3,
            7,
            2
          ],
          [
            2,
            3,
            7
          ],
          [
            2,
            7,
            3
          ],
          [
            7,
            3,
            2
          ],
          [
            7,
            2,
            3
          ],
          [
            3,
            2,
            11
          ],
          [
            3,
            11,
            2
          ],
          [
            2,
            3,
            11
          ],
          [
            2,
            11,
            3
          ],
          [
            11,
            3,
            2
          ],
          [
            11,
            2,
            3
          ],
          [
            3,
            2,
            15
          ],
          [
            3,
            15,
            2
          ],
          [
            2,
            3,
            15
          ],
          [
            2,
            15,
            3
          ],
          [
            15,
            3,
            2
          ],
          [
            15,
            2,
            3
          ],
          [
            3,
            2,
            13
          ],
          [
            3,
            13,
            2
          ],
          [
            2,
            3,
            13
          ],
          [
            2,
            13,
            3
          ],
          [
            13,
            3,
            2
          ],
          [
            13,
            2,
            3
          ],
          [
            3,
            2,
            1
          ],
          [
            3,
            1,
            2
          ],
          [
            2,
            3,
            1
          ],
          [
            2,
            1,
            3
          ],
          [
            1,
            3,
            2
          ],
          [
            1,
            2,
            3
          ],
          [
            3,
            7,
            11
          ],
          [
            3,
            11,
            7
          ],
          [
            7,
            3,
            11
          ],
          [
            7,
            11,
            3
          ],
          [
            11,
            3,
            7
          ],
          [
            11,
            7,
            3
          ],
          [
            3,
            7,
            15
          ],
          [
            3,
            15,
            7
          ],
          [
            7,
            3,
            15
          ],
          [
            7,
            15,
            3
          ],
          [
            15,
            3,
            7
          ],
          [
            15,
            7,
            3
          ],
          [
            3,
            7,
            13
          ],
          [
            3,
            13,
            7
          ],
          [
            7,
            3,
            13
          ],
          [
            7,
            13,
            3
          ],
          [
            13,
            3,
            7
          ],
          [
            13,
            7,
            3
          ],
          [
            3,
            7,
            1
          ],
          [
            3,
            1,
            7
          ],
          [
            7,
            3,
            1
          ],
          [
            7,
            1,
            3
          ],
          [
            1,
            3,
            7
          ],
          [
            1,
            7,
            3
          ],
          [
            3,
            11,
            15
          ],
          [
            3,
            15,
            11
          ],
          [
            11,
            3,
            15
          ],
          [
            11,
            15,
            3
          ],
          [
            15,
            3,
            11
          ],
          [
            15,
            11,
            3
          ],
          [
            3,
            11,
            13
          ],
          [
            3,
            13,
            11
          ],
          [
            11,
            3,
            13
          ],
          [
            11,
            13,
            3
          ],
          [
            13,
            3,
            11
          ],
          [
            13,
            11,
            3
          ],
          [
            3,
            11,
            1
          ],
          [
            3,
            1,
            11
          ],
          [
            11,
            3,
            1
          ],
          [
            11,
            1,
            3
          ],
          [
            1,
            3,
            11
          ],
          [
            1,
            11,
            3
          ],
          [
            3,
            15,
            13
          ],
          [
            3,
            13,
            15
          ],
          [
            15,
            3,
            13
          ],
          [
            15,
            13,
            3
          ],
          [
            13,
            3,
            15
          ],
          [
            13,
            15,
            3
          ],
          [
            3,
            15,
            1
          ],
          [
            3,
            1,
            15
          ],
          [
            15,
            3,
            1
          ],
          [
            15,
            1,
            3
          ],
          [
            1,
            3,
            15
          ],
          [
            1,
            15,
            3
          ],
          [
            3,
            13,
            1
          ],
          [
            3,
            1,
            13
          ],
          [
            13,
            3,
            1
          ],
          [
            13,
            1,
            3
          ],
          [
            1,
            3,
            13
          ],
          [
            1,
            13,
            3
          ]
        ],
        "horse_names": [
          "リンゲルブルーメ",
          "ラウルベア",
          "ペガサスノース",
          "イフリーティア",
          "ルクスコスモス",
          "ワンダーイロネ",
          "ララバッカナール"
        ],
        "expected_value": 6.0,
        "model_score": 0.009,
        "recommended_bet": 1000.0,
        "confidence": 0.26,
        "notes": "1頭軸マルチ 軸=3番 相手=[2, 7, 11, 15, 13, 1] 90点 Harville最大=0.0087"
      }
    ]
  },
  "manji_bets": {
    "race_id": "202608030508",
    "model_type": "卍",
    "bets": [
      {
        "bet_type": "単勝",
        "combinations": [
          [
            12
          ]
        ],
        "horse_names": [
          "インピッシュ"
        ],
        "expected_value": 1.286,
        "model_score": 1.286,
        "recommended_bet": 500.0,
        "confidence": 0.071,
        "notes": "確率1位(卍) EV=1.29 odds=18.2"
      },
      {
        "bet_type": "複勝",
        "combinations": [
          [
            12
          ],
          [
            2
          ],
          [
            6
          ]
        ],
        "horse_names": [
          "インピッシュ",
          "ラウルベア",
          "ショウナンラウール"
        ],
        "expected_value": 0.87,
        "model_score": 0.87,
        "recommended_bet": 300,
        "confidence": 0.6,
        "notes": "確率上位3頭を複勝"
      },
      {
        "bet_type": "馬連",
        "combinations": [
          [
            2,
            12
          ],
          [
            6,
            12
          ],
          [
            11,
            12
          ],
          [
            12,
            13
          ],
          [
            1,
            12
          ]
        ],
        "horse_names": [
          "ラウルベア",
          "インピッシュ",
          "ショウナンラウール",
          "インピッシュ",
          "イフリーティア",
          "インピッシュ",
          "インピッシュ",
          "ワンダーイロネ",
          "ララバッカナール",
          "インピッシュ"
        ],
        "expected_value": 3.066,
        "model_score": 0.043,
        "recommended_bet": 500,
        "confidence": 0.213,
        "notes": "軸12番×相手5頭フォーメーション Harville最大=0.043"
      },
      {
        "bet_type": "ワイド",
        "combinations": [
          [
            2,
            12
          ],
          [
            6,
            12
          ],
          [
            11,
            12
          ],
          [
            12,
            13
          ],
          [
            1,
            12
          ]
        ],
        "horse_names": [
          "ラウルベア",
          "インピッシュ",
          "ショウナンラウール",
          "インピッシュ",
          "イフリーティア",
          "インピッシュ",
          "インピッシュ",
          "ワンダーイロネ",
          "ララバッカナール",
          "インピッシュ"
        ],
        "expected_value": 1.439,
        "model_score": 0.043,
        "recommended_bet": 500,
        "confidence": 0.255,
        "notes": "軸12番×相手5頭ワイド Harville最大=0.043"
      },
      {
        "bet_type": "馬単",
        "combinations": [
          [
            12,
            2
          ],
          [
            12,
            6
          ],
          [
            12,
            11
          ]
        ],
        "horse_names": [
          "インピッシュ",
          "ラウルベア",
          "インピッシュ",
          "ショウナンラウール",
          "インピッシュ",
          "イフリーティア"
        ],
        "expected_value": 3.013,
        "model_score": 0.022,
        "recommended_bet": 300,
        "confidence": 0.179,
        "notes": "軸12番→相手3頭フォーメーション Harville最大=0.022"
      },
      {
        "bet_type": "三連複",
        "combinations": [
          [
            2,
            6,
            12
          ]
        ],
        "horse_names": [
          "ラウルベア",
          "ショウナンラウール",
          "インピッシュ"
        ],
        "expected_value": 3.651,
        "model_score": 0.016,
        "recommended_bet": 300,
        "confidence": 0.245,
        "notes": "合成EV=3.65 Harville=0.0163 馬番=(2, 6, 12)"
      },
      {
        "bet_type": "三連複",
        "combinations": [
          [
            2,
            11,
            12
          ]
        ],
        "horse_names": [
          "ラウルベア",
          "イフリーティア",
          "インピッシュ"
        ],
        "expected_value": 3.315,
        "model_score": 0.015,
        "recommended_bet": 300,
        "confidence": 0.222,
        "notes": "合成EV=3.32 Harville=0.0148 馬番=(2, 11, 12)"
      },
      {
        "bet_type": "三連複",
        "combinations": [
          [
            6,
            11,
            12
          ]
        ],
        "horse_names": [
          "ショウナンラウール",
          "イフリーティア",
          "インピッシュ"
        ],
        "expected_value": 3.309,
        "model_score": 0.015,
        "recommended_bet": 300,
        "confidence": 0.222,
        "notes": "合成EV=3.31 Harville=0.0148 馬番=(6, 11, 12)"
      }
    ]
  },
  "provisional": false
}
2026-05-09 13:10:12,868 INFO: マイグレーション: v_race_mart ビューを再作成しました
Exception in thread Thread-12 (_readerthread):
Traceback (most recent call last):
  File "C:\Users\sayaka\AppData\Local\Python\pythoncore-3.14-64\Lib\threading.py", line 1082, in _bootstrap_inner
    self._context.run(self.run)
    ~~~~~~~~~~~~~~~~~^^^^^^^^^^
  File "C:\Users\sayaka\AppData\Local\Python\pythoncore-3.14-64\Lib\threading.py", line 1024, in run
    self._target(*self._args, **self._kwargs)
    ~~~~~~~~~~~~^^^^^^^^^^^^^^^^^^^^^^^^^^^^^
  File "C:\Users\sayaka\AppData\Local\Python\pythoncore-3.14-64\Lib\subprocess.py", line 1613, in _readerthread
    buffer.append(fh.read())
                  ~~~~~~~^^
  File "<frozen codecs>", line 325, in decode
UnicodeDecodeError: 'utf-8' codec can't decode byte 0x92 in position 39: invalid start byte
13:10:13 INFO: [OK] R08 202608030508  [prerace] 完了
Exception in thread Thread-10 (_readerthread):
Traceback (most recent call last):
  File "C:\Users\sayaka\AppData\Local\Python\pythoncore-3.14-64\Lib\threading.py", line 1082, in _bootstrap_inner
    self._context.run(self.run)
    ~~~~~~~~~~~~~~~~~^^^^^^^^^^
  File "C:\Users\sayaka\AppData\Local\Python\pythoncore-3.14-64\Lib\threading.py", line 1024, in run
    self._target(*self._args, **self._kwargs)
    ~~~~~~~~~~~~^^^^^^^^^^^^^^^^^^^^^^^^^^^^^
  File "C:\Users\sayaka\AppData\Local\Python\pythoncore-3.14-64\Lib\subprocess.py", line 1613, in _readerthread
    buffer.append(fh.read())
                  ~~~~~~~^^
  File "<frozen codecs>", line 325, in decode
UnicodeDecodeError: 'utf-8' codec can't decode byte 0x92 in position 39: invalid start byte
13:10:13 INFO: [OK] R08 202604010308  [prerace] 完了
13:10:13 INFO: マイグレーション: v_race_mart ビューを再作成しました
2026-05-09 13:10:13,395 INFO: DB 初期化完了: C:\dev\horse-racing-ai\data\umalogi.db
2026-05-09 13:10:13,395 INFO: 記事生成: 1 レース
2026-05-09 13:10:13,396 INFO: 生成中: 202605020508
13:10:13 INFO: マイグレーション: v_race_mart ビューを再作成しました
2026-05-09 13:10:13,491 INFO: 保存: C:\dev\horse-racing-ai\outputs\note\20260509_R08_202605020508.md
[UMALOGI] note記事保存: 20260509_R08_202605020508.md
13:10:13 INFO: [NOTE] 記事生成完了: 202605020508
13:10:13 INFO: [SNS] ポスト生成開始: 202605020508 (pattern=a)
13:10:13 INFO: DB 初期化完了: C:\dev\horse-racing-ai\data\umalogi.db
13:10:13 INFO: [NOTE] 注目レース検知 → note 記事生成: 202608030508
13:10:13 INFO: [NOTE] 記事生成開始: 202608030508
13:10:14 INFO: DB 初期化完了: C:\dev\horse-racing-ai\data\umalogi.db
13:10:14 INFO: [NOTE] 注目レース検知 → note 記事生成: 202604010308
13:10:14 INFO: [NOTE] 記事生成開始: 202604010308
2026-05-09 13:10:14,022 INFO: マイグレーション: v_race_mart ビューを再作成しました
[SNS] 処理対象: 1 レース
[SNS] 保存: C:\dev\horse-racing-ai\outputs\sns\20260509_R08_東京8R_prerace.txt
13:10:14 INFO: [SNS] ポスト生成完了: 202605020508
2026-05-09 13:10:14,364 INFO: DB 初期化完了: C:\dev\horse-racing-ai\data\umalogi.db
2026-05-09 13:10:14,364 INFO: 記事生成: 1 レース
2026-05-09 13:10:14,365 INFO: 生成中: 202608030508
2026-05-09 13:10:14,386 INFO: 保存: C:\dev\horse-racing-ai\outputs\note\20260509_R08_202608030508.md
[UMALOGI] note記事保存: 20260509_R08_202608030508.md
13:10:14 INFO: [NOTE] 記事生成完了: 202608030508
13:10:14 INFO: [SNS] ポスト生成開始: 202608030508 (pattern=a)
2026-05-09 13:10:14,470 INFO: マイグレーション: v_race_mart ビューを再作成しました
2026-05-09 13:10:14,778 INFO: DB 初期化完了: C:\dev\horse-racing-ai\data\umalogi.db
2026-05-09 13:10:14,778 INFO: 記事生成: 1 レース
2026-05-09 13:10:14,779 INFO: 生成中: 202604010308
[SNS] 処理対象: 1 レース
[SNS] 保存: C:\dev\horse-racing-ai\outputs\sns\20260509_R08_京都8R_prerace.txt
13:10:15 INFO: [SNS] ポスト生成完了: 202608030508
2026-05-09 13:10:18,237 INFO: [SIMULATE] 特徴量生成 race_id=202604010308: 15 頭 × 52 特徴量 (リーク除外済み)
2026-05-09 13:10:18,409 INFO: 保存: C:\dev\horse-racing-ai\outputs\note\20260509_R08_202604010308.md
[UMALOGI] note記事保存: 20260509_R08_202604010308.md
13:10:18 INFO: [NOTE] 記事生成完了: 202604010308
13:10:18 INFO: [SNS] ポスト生成開始: 202604010308 (pattern=a)
[SNS] 処理対象: 1 レース
[SNS] 保存: C:\dev\horse-racing-ai\outputs\sns\20260509_R08_新潟8R_prerace.txt
13:10:19 INFO: [SNS] ポスト生成完了: 202604010308
13:12:10 ERROR: JVLink ワーカー タイムアウト (180s): date=20260502
13:12:10 WARNING: JVLink 同期失敗 — netkeiba にフォールバック: race_id=202605020506
13:12:10 INFO: JVLink 結果なし → netkeiba フォールバック: race_id=202605020506
13:12:11 INFO: netkeiba から着順取得: race_id=202605020506
13:12:11 INFO: レース結果取得開始: race_id=202605020506
13:12:13 INFO: 取得完了: race_id=202605020506, 出走頭数=12
13:12:13 INFO: netkeiba 着順保存: race_id=202605020506 12頭
13:12:14 INFO: 払戻取得完了: race_id=202605020506, 合計 12 件
13:12:14 INFO: 払戻保存: race_id=202605020506, 12 件
13:12:14 INFO: netkeiba 払戻保存: race_id=202605020506 12件
13:12:14 INFO: race_results 確認: race_id=202605020506 (12頭 rank有)
13:12:15 INFO: [評価] race=202605020506 : 予想30件 的中0件 投資¥30900 払戻¥0 ROI=0.0%
13:12:15 INFO: 評価完了: race_id=202605020506  的中=0件  投資¥30900  払戻¥0  ROI=0.0%
13:12:15 INFO: [OK] R06 202605020506  [postrace] 完了
13:12:15 INFO: マイグレーション: v_race_mart ビューを再作成しました
13:12:15 INFO: DB 初期化完了: C:\dev\horse-racing-ai\data\umalogi.db
13:15:00 INFO: [START] R07 202604010307  [postrace] 結果取得開始
13:15:00 INFO: [START] R07 202608030507  [postrace] 結果取得開始
13:15:00 INFO: [START] R07 202605020507  [postrace] 結果取得開始
13:15:00 INFO: マイグレーション: v_race_mart ビューを再作成しました
13:15:00 INFO: マイグレーション: v_race_mart ビューを再作成しました
13:15:00 INFO: マイグレーション: v_race_mart ビューを再作成しました
13:15:00 INFO: DB 初期化完了: C:\dev\horse-racing-ai\data\umalogi.db
13:15:00 INFO: JVLink RACE TODAY 同期開始: date=20260401
13:15:00 INFO: DB 初期化完了: C:\dev\horse-racing-ai\data\umalogi.db
13:15:00 INFO: JVLink RACE TODAY 同期開始: date=20260502
13:15:00 INFO: DB 初期化完了: C:\dev\horse-racing-ai\data\umalogi.db
13:15:00 INFO: JVLink RACE TODAY 同期開始: date=20260803
13:15:02 WARNING: [NG] 結果取得 rc=1 (試行 1/8): 202608030507 — 300 秒後に再試行
13:18:00 ERROR: JVLink ワーカー タイムアウト (180s): date=20260401
13:18:00 WARNING: JVLink 同期失敗 — netkeiba にフォールバック: race_id=202604010307
13:18:00 INFO: JVLink 結果なし → netkeiba フォールバック: race_id=202604010307
13:18:00 ERROR: JVLink ワーカー タイムアウト (180s): date=20260502
13:18:00 WARNING: JVLink 同期失敗 — netkeiba にフォールバック: race_id=202605020507
13:18:00 INFO: JVLink 結果なし → netkeiba フォールバック: race_id=202605020507
13:18:01 INFO: netkeiba から着順取得: race_id=202604010307
13:18:01 INFO: レース結果取得開始: race_id=202604010307
13:18:01 INFO: netkeiba から着順取得: race_id=202605020507
13:18:01 INFO: レース結果取得開始: race_id=202605020507
13:18:03 INFO: 取得完了: race_id=202604010307, 出走頭数=5
13:18:03 INFO: netkeiba 着順保存: race_id=202604010307 5頭
13:18:03 INFO: 取得完了: race_id=202605020507, 出走頭数=0
13:18:03 INFO: netkeiba: 結果テーブル空 (未確定?) race_id=202605020507
13:18:03 INFO: netkeiba: 未確定 (race_id=202605020507)
13:18:03 WARNING: [NG] 結果取得 rc=1 (試行 1/8): 202605020507 — 300 秒後に再試行
13:18:04 INFO: 払戻取得完了: race_id=202604010307, 合計 12 件
13:18:04 INFO: 払戻保存: race_id=202604010307, 12 件
13:18:04 INFO: netkeiba 払戻保存: race_id=202604010307 12件
13:18:04 INFO: race_results 確認: race_id=202604010307 (5頭 rank有)
13:18:04 INFO: [評価] race=202604010307 : 予想30件 的中4件 投資¥30800 払戻¥700 ROI=2.3%
13:18:04 INFO: 評価完了: race_id=202604010307  的中=4件  投資¥30800  払戻¥700  ROI=2.3%
13:18:04 INFO: [OK] R07 202604010307  [postrace] 完了
13:18:04 INFO: マイグレーション: v_race_mart ビューを再作成しました
13:18:05 INFO: DB 初期化完了: C:\dev\horse-racing-ai\data\umalogi.db
13:18:05 INFO: [CARD] 的中検知 → カード＋SNS生成: 202604010307
13:18:05 INFO: [CARD] 的中カード生成開始: 202604010307
[CARD] カード生成対象: 1 レース
[CARD] 保存: C:\dev\horse-racing-ai\outputs\cards\20260509_R07_新潟7R.png
13:18:07 INFO: [CARD] 的中カード生成完了: 202604010307
13:18:07 INFO: [SNS] ポスト生成開始: 202604010307 (pattern=b)
[SNS] 処理対象: 1 レース
[SNS] 保存: C:\dev\horse-racing-ai\outputs\sns\20260509_R07_新潟7R_hit.txt
13:18:07 INFO: [SNS] ポスト生成完了: 202604010307
13:20:02 INFO: マイグレーション: v_race_mart ビューを再作成しました
13:20:03 INFO: DB 初期化完了: C:\dev\horse-racing-ai\data\umalogi.db
13:20:03 INFO: JVLink RACE TODAY 同期開始: date=20260803
13:23:03 ERROR: JVLink ワーカー タイムアウト (180s): date=20260803
13:23:03 WARNING: JVLink 同期失敗 — netkeiba にフォールバック: race_id=202608030507
13:23:03 INFO: JVLink 結果なし → netkeiba フォールバック: race_id=202608030507
13:23:03 INFO: マイグレーション: v_race_mart ビューを再作成しました
13:23:03 INFO: DB 初期化完了: C:\dev\horse-racing-ai\data\umalogi.db
13:23:03 INFO: JVLink RACE TODAY 同期開始: date=20260502
13:23:03 INFO: netkeiba から着順取得: race_id=202608030507
13:23:03 INFO: レース結果取得開始: race_id=202608030507
13:23:05 INFO: 取得完了: race_id=202608030507, 出走頭数=0
13:23:05 INFO: netkeiba: 結果テーブル空 (未確定?) race_id=202608030507
13:23:05 INFO: netkeiba: 未確定 (race_id=202608030507)
13:23:05 WARNING: [NG] 結果取得 rc=1 (試行 2/8): 202608030507 — 300 秒後に再試行
13:26:03 ERROR: JVLink ワーカー タイムアウト (180s): date=20260502
13:26:03 WARNING: JVLink 同期失敗 — netkeiba にフォールバック: race_id=202605020507
13:26:03 INFO: JVLink 結果なし → netkeiba フォールバック: race_id=202605020507
13:26:04 INFO: netkeiba から着順取得: race_id=202605020507
13:26:04 INFO: レース結果取得開始: race_id=202605020507
13:26:05 INFO: 取得完了: race_id=202605020507, 出走頭数=0
13:26:05 INFO: netkeiba: 結果テーブル空 (未確定?) race_id=202605020507
13:26:05 INFO: netkeiba: 未確定 (race_id=202605020507)
13:26:05 WARNING: [NG] 結果取得 rc=1 (試行 2/8): 202605020507 — 300 秒後に再試行
13:28:05 INFO: マイグレーション: v_race_mart ビューを再作成しました
13:28:06 INFO: DB 初期化完了: C:\dev\horse-racing-ai\data\umalogi.db
13:28:06 INFO: JVLink RACE TODAY 同期開始: date=20260803
13:31:06 INFO: マイグレーション: v_race_mart ビューを再作成しました
13:31:06 ERROR: JVLink ワーカー タイムアウト (180s): date=20260803
13:31:06 WARNING: JVLink 同期失敗 — netkeiba にフォールバック: race_id=202608030507
13:31:06 INFO: JVLink 結果なし → netkeiba フォールバック: race_id=202608030507
13:31:06 INFO: DB 初期化完了: C:\dev\horse-racing-ai\data\umalogi.db
13:31:06 INFO: JVLink RACE TODAY 同期開始: date=20260502
13:31:06 INFO: netkeiba から着順取得: race_id=202608030507
13:31:06 INFO: レース結果取得開始: race_id=202608030507
13:31:08 INFO: 取得完了: race_id=202608030507, 出走頭数=5
13:31:08 INFO: netkeiba 着順保存: race_id=202608030507 5頭
13:31:10 INFO: 払戻取得完了: race_id=202608030507, 合計 12 件
13:31:10 INFO: 払戻保存: race_id=202608030507, 12 件
13:31:10 INFO: netkeiba 払戻保存: race_id=202608030507 12件
13:31:10 INFO: race_results 確認: race_id=202608030507 (5頭 rank有)
13:31:10 INFO: [評価] race=202608030507 : 予想30件 的中3件 投資¥30900 払戻¥640 ROI=2.1%
13:31:10 INFO: 評価完了: race_id=202608030507  的中=3件  投資¥30900  払戻¥640  ROI=2.1%
13:31:10 INFO: [OK] R07 202608030507  [postrace] 完了
13:31:10 INFO: マイグレーション: v_race_mart ビューを再作成しました
13:31:10 INFO: DB 初期化完了: C:\dev\horse-racing-ai\data\umalogi.db
13:31:10 INFO: [CARD] 的中検知 → カード＋SNS生成: 202608030507
13:31:10 INFO: [CARD] 的中カード生成開始: 202608030507
[CARD] カード生成対象: 1 レース
[CARD] 保存: C:\dev\horse-racing-ai\outputs\cards\20260509_R07_京都7R.png
13:31:12 INFO: [CARD] 的中カード生成完了: 202608030507
13:31:12 INFO: [SNS] ポスト生成開始: 202608030507 (pattern=b)
[SNS] 処理対象: 1 レース
[SNS] 保存: C:\dev\horse-racing-ai\outputs\sns\20260509_R07_京都7R_hit.txt
13:31:13 INFO: [SNS] ポスト生成完了: 202608030507
13:34:06 ERROR: JVLink ワーカー タイムアウト (180s): date=20260502
13:34:06 WARNING: JVLink 同期失敗 — netkeiba にフォールバック: race_id=202605020507
13:34:06 INFO: JVLink 結果なし → netkeiba フォールバック: race_id=202605020507
13:34:06 INFO: netkeiba から着順取得: race_id=202605020507
13:34:06 INFO: レース結果取得開始: race_id=202605020507
13:34:08 INFO: 取得完了: race_id=202605020507, 出走頭数=0
13:34:08 INFO: netkeiba: 結果テーブル空 (未確定?) race_id=202605020507
13:34:08 INFO: netkeiba: 未確定 (race_id=202605020507)
13:34:08 WARNING: [NG] 結果取得 rc=1 (試行 3/8): 202605020507 — 300 秒後に再試行
13:39:08 INFO: マイグレーション: v_race_mart ビューを再作成しました
13:39:09 INFO: DB 初期化完了: C:\dev\horse-racing-ai\data\umalogi.db
13:39:09 INFO: JVLink RACE TODAY 同期開始: date=20260502
13:40:00 INFO: [START] R09 202604010309  [prerace] 直前予想開始 (推定発走 14:00)
13:40:00 INFO: [START] R09 202605020509  [prerace] 直前予想開始 (推定発走 14:00)
13:40:00 INFO: [START] R09 202608030509  [prerace] 直前予想開始 (推定発走 14:00)
{
  "race_id": "202605020509",
  "generated_at": "2026-05-09T13:40:10.121940",
  "bias": {
    "today_inner_bias": -0.08456486042692939,
    "today_front_bias": 0.6666666666666666,
    "today_race_count": 6
  },
  "horses": [
    {
      "horse_number": 1,
      "horse_name": "ミカッテヨンデイイ",
      "horse_id": "2020103049",
      "sex_age": "牝4",
      "weight_carried": 56.0,
      "horse_weight": null,
      "win_odds": 42.3,
      "popularity": 11,
      "honmei_score": 0.0549,
      "ev_score": 2.3206,
      "kelly_fraction": 0.0032,
      "manji_ev": 0.462,
      "odds_vs_morning": 1.0,
      "odds_velocity": null
    },
    {
      "horse_number": 2,
      "horse_name": "チャンネルトンネル",
      "horse_id": "2021106369",
      "sex_age": "牡3",
      "weight_carried": 58.0,
      "horse_weight": null,
      "win_odds": 6.4,
      "popularity": 2,
      "honmei_score": 0.1071,
      "ev_score": 0.6857,
      "kelly_fraction": 0.0,
      "manji_ev": 0.7667,
      "odds_vs_morning": 1.0,
      "odds_velocity": null
    },
    {
      "horse_number": 3,
      "horse_name": "マテンロウブラボー",
      "horse_id": "2021101422",
      "sex_age": "牡3",
      "weight_carried": 58.0,
      "horse_weight": null,
      "win_odds": 7.3,
      "popularity": 4,
      "honmei_score": 0.1478,
      "ev_score": 1.0793,
      "kelly_fraction": 0.0013,
      "manji_ev": 1.332,
      "odds_vs_morning": 1.0,
      "odds_velocity": null
    },
    {
      "horse_number": 4,
      "horse_name": "ホウオウムサシ",
      "horse_id": "2020103947",
      "sex_age": "牡4",
      "weight_carried": 58.0,
      "horse_weight": null,
      "win_odds": 34.8,
      "popularity": 10,
      "honmei_score": 0.091,
      "ev_score": 3.1668,
      "kelly_fraction": 0.0064,
      "manji_ev": 0.413,
      "odds_vs_morning": 1.0,
      "odds_velocity": null
    },
    {
      "horse_number": 5,
      "horse_name": "パワーホール",
      "horse_id": "2021100363",
      "sex_age": "騸5",
      "weight_carried": 58.0,
      "horse_weight": null,
      "win_odds": 14.8,
      "popularity": 7,
      "honmei_score": 0.0658,
      "ev_score": 0.9744,
      "kelly_fraction": 0.0,
      "manji_ev": 0.4551,
      "odds_vs_morning": 1.0,
      "odds_velocity": null
    },
    {
      "horse_number": 6,
      "horse_name": "ショーモン",
      "horse_id": "2020103279",
      "sex_age": "騸3",
      "weight_carried": 58.0,
      "horse_weight": null,
      "win_odds": 87.6,
      "popularity": 12,
      "honmei_score": 0.0549,
      "ev_score": 4.8057,
      "kelly_fraction": 0.0044,
      "manji_ev": 0.6028,
      "odds_vs_morning": 1.0,
      "odds_velocity": null
    },
    {
      "horse_number": 7,
      "horse_name": "アンパドゥ",
      "horse_id": "2021110030",
      "sex_age": "牡3",
      "weight_carried": 58.0,
      "horse_weight": null,
      "win_odds": 2.5,
      "popularity": 1,
      "honmei_score": 0.1028,
      "ev_score": 0.2571,
      "kelly_fraction": 0.0,
      "manji_ev": 0.488,
      "odds_vs_morning": 1.0,
      "odds_velocity": null
    },
    {
      "horse_number": 8,
      "horse_name": "アウフヘーベン",
      "horse_id": "2020105305",
      "sex_age": "牝3",
      "weight_carried": 56.0,
      "horse_weight": null,
      "win_odds": 6.8,
      "popularity": 3,
      "honmei_score": 0.1302,
      "ev_score": 0.8855,
      "kelly_fraction": 0.0,
      "manji_ev": 0.8176,
      "odds_vs_morning": 1.0,
      "odds_velocity": null
    },
    {
      "horse_number": 9,
      "horse_name": "グラニット",
      "horse_id": "2020100810",
      "sex_age": "牡3",
      "weight_carried": 58.0,
      "horse_weight": null,
      "win_odds": 29.0,
      "popularity": 9,
      "honmei_score": 0.1151,
      "ev_score": 3.3388,
      "kelly_fraction": 0.0084,
      "manji_ev": 1.5474,
      "odds_vs_morning": 1.0,
      "odds_velocity": null
    },
    {
      "horse_number": 10,
      "horse_name": "コスモサガルマータ",
      "horse_id": "2020103881",
      "sex_age": "騸4",
      "weight_carried": 58.0,
      "horse_weight": null,
      "win_odds": 11.4,
      "popularity": 6,
      "honmei_score": 0.0549,
      "ev_score": 0.6254,
      "kelly_fraction": 0.0,
      "manji_ev": 0.7497,
      "odds_vs_morning": 1.0,
      "odds_velocity": null
    },
    {
      "horse_number": 11,
      "horse_name": "ガルダイア",
      "horse_id": "2022104596",
      "sex_age": "騸5",
      "weight_carried": 58.0,
      "horse_weight": null,
      "win_odds": 16.7,
      "popularity": 8,
      "honmei_score": 0.0564,
      "ev_score": 0.9421,
      "kelly_fraction": 0.0,
      "manji_ev": 3.1678,
      "odds_vs_morning": 1.0,
      "odds_velocity": null
    },
    {
      "horse_number": 12,
      "horse_name": "コルレオニス",
      "horse_id": "2021105704",
      "sex_age": "牡3",
      "weight_carried": 58.0,
      "horse_weight": null,
      "win_odds": 9.3,
      "popularity": 5,
      "honmei_score": 0.0563,
      "ev_score": 0.5238,
      "kelly_fraction": 0.0,
      "manji_ev": 0.2739,
      "odds_vs_morning": 1.0,
      "odds_velocity": null
    }
  ],
  "ev_recommend": [
    {
      "horse_number": 6,
      "horse_name": "ショーモン",
      "win_odds": 87.6,
      "ev_score": 4.8057,
      "kelly_fraction": 0.0044
    },
    {
      "horse_number": 9,
      "horse_name": "グラニット",
      "win_odds": 29.0,
      "ev_score": 3.3388,
      "kelly_fraction": 0.0084
    },
    {
      "horse_number": 4,
      "horse_name": "ホウオウムサシ",
      "win_odds": 34.8,
      "ev_score": 3.1668,
      "kelly_fraction": 0.0064
    },
    {
      "horse_number": 1,
      "horse_name": "ミカッテヨンデイイ",
      "win_odds": 42.3,
      "ev_score": 2.3206,
      "kelly_fraction": 0.0032
    },
    {
      "horse_number": 3,
      "horse_name": "マテンロウブラボー",
      "win_odds": 7.3,
      "ev_score": 1.0793,
      "kelly_fraction": 0.0013
    }
  ],
  "honmei_bets": {
    "race_id": "202605020509",
    "model_type": "本命",
    "bets": [
      {
        "bet_type": "単勝",
        "combinations": [
          [
            3
          ]
        ],
        "horse_names": [
          "マテンロウブラボー"
        ],
        "expected_value": 1.079,
        "model_score": 0.148,
        "recommended_bet": 100.0,
        "confidence": 0.148,
        "notes": "確率1位 P(win)=0.15 odds=7.3 EV=1.08"
      },
      {
        "bet_type": "複勝",
        "combinations": [
          [
            3
          ],
          [
            8
          ],
          [
            9
          ]
        ],
        "horse_names": [
          "マテンロウブラボー",
          "アウフヘーベン",
          "グラニット"
        ],
        "expected_value": 0.393,
        "model_score": 0.131,
        "recommended_bet": 200.0,
        "confidence": 0.131,
        "notes": "上位3頭を複勝"
      },
      {
        "bet_type": "馬連",
        "combinations": [
          [
            3,
            8
          ],
          [
            3,
            9
          ],
          [
            2,
            3
          ],
          [
            3,
            7
          ],
          [
            3,
            4
          ]
        ],
        "horse_names": [
          "マテンロウブラボー",
          "アウフヘーベン",
          "マテンロウブラボー",
          "グラニット",
          "チャンネルトンネル",
          "マテンロウブラボー",
          "マテンロウブラボー",
          "アンパドゥ",
          "マテンロウブラボー",
          "ホウオウムサシ"
        ],
        "expected_value": 1.219,
        "model_score": 0.042,
        "recommended_bet": 300.0,
        "confidence": 0.042,
        "notes": "軸3番×相手5頭フォーメーション Harville最大=0.042"
      },
      {
        "bet_type": "ワイド",
        "combinations": [
          [
            3,
            8
          ],
          [
            3,
            9
          ],
          [
            2,
            3
          ],
          [
            3,
            7
          ],
          [
            3,
            4
          ]
        ],
        "horse_names": [
          "マテンロウブラボー",
          "アウフヘーベン",
          "マテンロウブラボー",
          "グラニット",
          "チャンネルトンネル",
          "マテンロウブラボー",
          "マテンロウブラボー",
          "アンパドゥ",
          "マテンロウブラボー",
          "ホウオウムサシ"
        ],
        "expected_value": 0.572,
        "model_score": 0.042,
        "recommended_bet": 300.0,
        "confidence": 0.055,
        "notes": "軸3番×相手5頭ワイド Harville最大=0.042"
      },
      {
        "bet_type": "馬単",
        "combinations": [
          [
            3,
            8
          ],
          [
            3,
            9
          ],
          [
            3,
            2
          ]
        ],
        "horse_names": [
          "マテンロウブラボー",
          "アウフヘーベン",
          "マテンロウブラボー",
          "グラニット",
          "マテンロウブラボー",
          "チャンネルトンネル"
        ],
        "expected_value": 1.15,
        "model_score": 0.021,
        "recommended_bet": 200.0,
        "confidence": 0.17,
        "notes": "軸3番→相手3頭フォーメーション Harville最大=0.021"
      },
      {
        "bet_type": "三連複",
        "combinations": [
          [
            3,
            8,
            9
          ],
          [
            2,
            3,
            8
          ]
        ],
        "horse_names": [
          "マテンロウブラボー",
          "アウフヘーベン",
          "グラニット",
          "チャンネルトンネル"
        ],
        "expected_value": 1.695,
        "model_score": 0.019,
        "recommended_bet": 300.0,
        "confidence": 0.226,
        "notes": "合成EV最大=1.69 2点 馬番=[(3, 8, 9), (2, 3, 8)]"
      },
      {
        "bet_type": "三連単",
        "combinations": [
          [
            3,
            8,
            9
          ],
          [
            3,
            9,
            8
          ],
          [
            8,
            3,
            9
          ],
          [
            8,
            9,
            3
          ],
          [
            9,
            3,
            8
          ],
          [
            9,
            8,
            3
          ],
          [
            3,
            8,
            2
          ],
          [
            3,
            2,
            8
          ],
          [
            8,
            3,
            2
          ],
          [
            8,
            2,
            3
          ],
          [
            2,
            3,
            8
          ],
          [
            2,
            8,
            3
          ],
          [
            3,
            8,
            7
          ],
          [
            3,
            7,
            8
          ],
          [
            8,
            3,
            7
          ],
          [
            8,
            7,
            3
          ],
          [
            7,
            3,
            8
          ],
          [
            7,
            8,
            3
          ],
          [
            3,
            8,
            4
          ],
          [
            3,
            4,
            8
          ],
          [
            8,
            3,
            4
          ],
          [
            8,
            4,
            3
          ],
          [
            4,
            3,
            8
          ],
          [
            4,
            8,
            3
          ],
          [
            3,
            8,
            5
          ],
          [
            3,
            5,
            8
          ],
          [
            8,
            3,
            5
          ],
          [
            8,
            5,
            3
          ],
          [
            5,
            3,
            8
          ],
          [
            5,
            8,
            3
          ],
          [
            3,
            9,
            2
          ],
          [
            3,
            2,
            9
          ],
          [
            9,
            3,
            2
          ],
          [
            9,
            2,
            3
          ],
          [
            2,
            3,
            9
          ],
          [
            2,
            9,
            3
          ],
          [
            3,
            9,
            7
          ],
          [
            3,
            7,
            9
          ],
          [
            9,
            3,
            7
          ],
          [
            9,
            7,
            3
          ],
          [
            7,
            3,
            9
          ],
          [
            7,
            9,
            3
          ],
          [
            3,
            9,
            4
          ],
          [
            3,
            4,
            9
          ],
          [
            9,
            3,
            4
          ],
          [
            9,
            4,
            3
          ],
          [
            4,
            3,
            9
          ],
          [
            4,
            9,
            3
          ],
          [
            3,
            9,
            5
          ],
          [
            3,
            5,
            9
          ],
          [
            9,
            3,
            5
          ],
          [
            9,
            5,
            3
          ],
          [
            5,
            3,
            9
          ],
          [
            5,
            9,
            3
          ],
          [
            3,
            2,
            7
          ],
          [
            3,
            7,
            2
          ],
          [
            2,
            3,
            7
          ],
          [
            2,
            7,
            3
          ],
          [
            7,
            3,
            2
          ],
          [
            7,
            2,
            3
          ],
          [
            3,
            2,
            4
          ],
          [
            3,
            4,
            2
          ],
          [
            2,
            3,
            4
          ],
          [
            2,
            4,
            3
          ],
          [
            4,
            3,
            2
          ],
          [
            4,
            2,
            3
          ],
          [
            3,
            2,
            5
          ],
          [
            3,
            5,
            2
          ],
          [
            2,
            3,
            5
          ],
          [
            2,
            5,
            3
          ],
          [
            5,
            3,
            2
          ],
          [
            5,
            2,
            3
          ],
          [
            3,
            7,
            4
          ],
          [
            3,
            4,
            7
          ],
          [
            7,
            3,
            4
          ],
          [
            7,
            4,
            3
          ],
          [
            4,
            3,
            7
          ],
          [
            4,
            7,
            3
          ],
          [
            3,
            7,
            5
          ],
          [
            3,
            5,
            7
          ],
          [
            7,
            3,
            5
          ],
          [
            7,
            5,
            3
          ],
          [
            5,
            3,
            7
          ],
          [
            5,
            7,
            3
          ],
          [
            3,
            4,
            5
          ],
          [
            3,
            5,
            4
          ],
          [
            4,
            3,
            5
          ],
          [
            4,
            5,
            3
          ],
          [
            5,
            3,
            4
          ],
          [
            5,
            4,
            3
          ]
        ],
        "horse_names": [
          "マテンロウブラボー",
          "アウフヘーベン",
          "グラニット",
          "チャンネルトンネル",
          "アンパドゥ",
          "ホウオウムサシ",
          "パワーホール"
        ],
        "expected_value": 6.0,
        "model_score": 0.019,
        "recommended_bet": 500.0,
        "confidence": 0.565,
        "notes": "1頭軸マルチ 軸=3番 相手=[8, 9, 2, 7, 4, 5] 90点 Harville最大=0.0188"
      }
    ]
  },
  "manji_bets": {
    "race_id": "202605020509",
    "model_type": "卍",
    "bets": [
      {
        "bet_type": "単勝",
        "combinations": [
          [
            11
          ]
        ],
        "horse_names": [
          "ガルダイア"
        ],
        "expected_value": 3.168,
        "model_score": 3.168,
        "recommended_bet": 500.0,
        "confidence": 0.19,
        "notes": "確率1位(卍) EV=3.17 odds=16.7"
      },
      {
        "bet_type": "複勝",
        "combinations": [
          [
            11
          ],
          [
            9
          ],
          [
            3
          ]
        ],
        "horse_names": [
          "ガルダイア",
          "グラニット",
          "マテンロウブラボー"
        ],
        "expected_value": 2.016,
        "model_score": 2.016,
        "recommended_bet": 200.0,
        "confidence": 0.6,
        "notes": "確率上位3頭を複勝"
      },
      {
        "bet_type": "馬連",
        "combinations": [
          [
            9,
            11
          ],
          [
            3,
            11
          ],
          [
            8,
            11
          ],
          [
            2,
            11
          ],
          [
            10,
            11
          ]
        ],
        "horse_names": [
          "グラニット",
          "ガルダイア",
          "マテンロウブラボー",
          "ガルダイア",
          "アウフヘーベン",
          "ガルダイア",
          "チャンネルトンネル",
          "ガルダイア",
          "コスモサガルマータ",
          "ガルダイア"
        ],
        "expected_value": 4.0,
        "model_score": 0.102,
        "recommended_bet": 300.0,
        "confidence": 0.512,
        "notes": "軸11番×相手5頭フォーメーション Harville最大=0.102"
      },
      {
        "bet_type": "ワイド",
        "combinations": [
          [
            9,
            11
          ],
          [
            3,
            11
          ],
          [
            8,
            11
          ],
          [
            2,
            11
          ],
          [
            10,
            11
          ]
        ],
        "horse_names": [
          "グラニット",
          "ガルダイア",
          "マテンロウブラボー",
          "ガルダイア",
          "アウフヘーベン",
          "ガルダイア",
          "チャンネルトンネル",
          "ガルダイア",
          "コスモサガルマータ",
          "ガルダイア"
        ],
        "expected_value": 3.0,
        "model_score": 0.102,
        "recommended_bet": 300.0,
        "confidence": 0.614,
        "notes": "軸11番×相手5頭ワイド Harville最大=0.102"
      },
      {
        "bet_type": "馬単",
        "combinations": [
          [
            11,
            9
          ],
          [
            11,
            3
          ],
          [
            11,
            8
          ]
        ],
        "horse_names": [
          "ガルダイア",
          "グラニット",
          "ガルダイア",
          "マテンロウブラボー",
          "ガルダイア",
          "アウフヘーベン"
        ],
        "expected_value": 5.0,
        "model_score": 0.056,
        "recommended_bet": 200.0,
        "confidence": 0.448,
        "notes": "軸11番→相手3頭フォーメーション Harville最大=0.056"
      },
      {
        "bet_type": "三連複",
        "combinations": [
          [
            3,
            9,
            11
          ]
        ],
        "horse_names": [
          "マテンロウブラボー",
          "グラニット",
          "ガルダイア"
        ],
        "expected_value": 5.0,
        "model_score": 0.057,
        "recommended_bet": 200.0,
        "confidence": 0.854,
        "notes": "合成EV=5.00 Harville=0.0569 馬番=(3, 9, 11)"
      },
      {
        "bet_type": "三連複",
        "combinations": [
          [
            8,
            9,
            11
          ]
        ],
        "horse_names": [
          "アウフヘーベン",
          "グラニット",
          "ガルダイア"
        ],
        "expected_value": 5.0,
        "model_score": 0.033,
        "recommended_bet": 200.0,
        "confidence": 0.495,
        "notes": "合成EV=5.00 Harville=0.0330 馬番=(8, 9, 11)"
      },
      {
        "bet_type": "三連複",
        "combinations": [
          [
            2,
            9,
            11
          ]
        ],
        "horse_names": [
          "チャンネルトンネル",
          "グラニット",
          "ガルダイア"
        ],
        "expected_value": 5.0,
        "model_score": 0.031,
        "recommended_bet": 200.0,
        "confidence": 0.462,
        "notes": "合成EV=5.00 Harville=0.0308 馬番=(2, 9, 11)"
      }
    ]
  },
  "provisional": false
}
{
  "race_id": "202604010309",
  "generated_at": "2026-05-09T13:40:10.341628",
  "bias": {
    "today_inner_bias": -0.09879336349924583,
    "today_front_bias": 0.6666666666666666,
    "today_race_count": 6
  },
  "horses": [
    {
      "horse_number": 1,
      "horse_name": "ホウオウヘッセン",
      "horse_id": "2023102440",
      "sex_age": "牡7",
      "weight_carried": 57.0,
      "horse_weight": null,
      "win_odds": 4.7,
      "popularity": 2,
      "honmei_score": 0.1117,
      "ev_score": 0.5249,
      "kelly_fraction": 0.0,
      "manji_ev": 0.7365,
      "odds_vs_morning": 1.0,
      "odds_velocity": null
    },
    {
      "horse_number": 2,
      "horse_name": "マーシャルアン",
      "horse_id": "2023102819",
      "sex_age": "牡1",
      "weight_carried": 57.0,
      "horse_weight": null,
      "win_odds": 41.7,
      "popularity": 13,
      "honmei_score": 0.1478,
      "ev_score": 6.1651,
      "kelly_fraction": 0.0127,
      "manji_ev": 0.1172,
      "odds_vs_morning": 1.0,
      "odds_velocity": null
    },
    {
      "horse_number": 3,
      "horse_name": "セイウンアインス",
      "horse_id": "2023106256",
      "sex_age": "牝3",
      "weight_carried": 55.0,
      "horse_weight": null,
      "win_odds": 13.4,
      "popularity": 7,
      "honmei_score": 0.1028,
      "ev_score": 1.3779,
      "kelly_fraction": 0.003,
      "manji_ev": 1.1005,
      "odds_vs_morning": 1.0,
      "odds_velocity": null
    },
    {
      "horse_number": 4,
      "horse_name": "ツルノマイハシ",
      "horse_id": "2023103528",
      "sex_age": "牝1",
      "weight_carried": 55.0,
      "horse_weight": null,
      "win_odds": 21.7,
      "popularity": 10,
      "honmei_score": 0.0658,
      "ev_score": 1.4287,
      "kelly_fraction": 0.0021,
      "manji_ev": 0.8018,
      "odds_vs_morning": 1.0,
      "odds_velocity": null
    },
    {
      "horse_number": 5,
      "horse_name": "ミスターバッドガイ",
      "horse_id": "2023102872",
      "sex_age": "牡4",
      "weight_carried": 57.0,
      "horse_weight": null,
      "win_odds": 18.9,
      "popularity": 8,
      "honmei_score": 0.1028,
      "ev_score": 1.9434,
      "kelly_fraction": 0.0053,
      "manji_ev": 0.0,
      "odds_vs_morning": 1.0,
      "odds_velocity": null
    },
    {
      "horse_number": 6,
      "horse_name": "ニシノセイドウ",
      "horse_id": "2023106269",
      "sex_age": "牡4",
      "weight_carried": 57.0,
      "horse_weight": null,
      "win_odds": 28.9,
      "popularity": 12,
      "honmei_score": 0.1429,
      "ev_score": 4.1286,
      "kelly_fraction": 0.0112,
      "manji_ev": 0.912,
      "odds_vs_morning": 1.0,
      "odds_velocity": null
    },
    {
      "horse_number": 7,
      "horse_name": "シュテルン",
      "horse_id": "2023100606",
      "sex_age": "牝1",
      "weight_carried": 55.0,
      "horse_weight": null,
      "win_odds": 119.9,
      "popularity": 14,
      "honmei_score": 0.1478,
      "ev_score": 17.7265,
      "kelly_fraction": 0.0141,
      "manji_ev": 0.7546,
      "odds_vs_morning": 1.0,
      "odds_velocity": null
    },
    {
      "horse_number": 8,
      "horse_name": "マナボニート",
      "horse_id": "2023100617",
      "sex_age": "牝3",
      "weight_carried": 55.0,
      "horse_weight": null,
      "win_odds": 4.3,
      "popularity": 1,
      "honmei_score": 0.1117,
      "ev_score": 0.4802,
      "kelly_fraction": 0.0,
      "manji_ev": 2.3996,
      "odds_vs_morning": 1.0,
      "odds_velocity": null
    },
    {
      "horse_number": 9,
      "horse_name": "フィオラーノ",
      "horse_id": "2023102027",
      "sex_age": "牡3",
      "weight_carried": 57.0,
      "horse_weight": null,
      "win_odds": 8.1,
      "popularity": 4,
      "honmei_score": 0.1302,
      "ev_score": 1.0548,
      "kelly_fraction": 0.0008,
      "manji_ev": 0.9115,
      "odds_vs_morning": 1.0,
      "odds_velocity": null
    },
    {
      "horse_number": 10,
      "horse_name": "クラディスティーナ",
      "horse_id": "2023100796",
      "sex_age": "牡4",
      "weight_carried": 57.0,
      "horse_weight": null,
      "win_odds": 25.7,
      "popularity": 11,
      "honmei_score": 0.1056,
      "ev_score": 2.7135,
      "kelly_fraction": 0.0069,
      "manji_ev": 0.9388,
      "odds_vs_morning": 1.0,
      "odds_velocity": null
    },
    {
      "horse_number": 11,
      "horse_name": "トップアタック",
      "horse_id": "2023104528",
      "sex_age": "牡3",
      "weight_carried": 57.0,
      "horse_weight": null,
      "win_odds": 18.9,
      "popularity": 9,
      "honmei_score": 0.1028,
      "ev_score": 1.9434,
      "kelly_fraction": 0.0053,
      "manji_ev": 1.977,
      "odds_vs_morning": 1.0,
      "odds_velocity": null
    },
    {
      "horse_number": 12,
      "horse_name": "デンプシー",
      "horse_id": "2023106190",
      "sex_age": "牡3",
      "weight_carried": 57.0,
      "horse_weight": null,
      "win_odds": 11.1,
      "popularity": 6,
      "honmei_score": 0.1028,
      "ev_score": 1.1414,
      "kelly_fraction": 0.0014,
      "manji_ev": 2.2257,
      "odds_vs_morning": 1.0,
      "odds_velocity": null
    },
    {
      "horse_number": 13,
      "horse_name": "ウィングブルー",
      "horse_id": "2023105317",
      "sex_age": "牝3",
      "weight_carried": 55.0,
      "horse_weight": null,
      "win_odds": 10.2,
      "popularity": 5,
      "honmei_score": 0.1028,
      "ev_score": 1.0488,
      "kelly_fraction": 0.0005,
      "manji_ev": 0.3538,
      "odds_vs_morning": 1.0,
      "odds_velocity": null
    },
    {
      "horse_number": 14,
      "horse_name": "コパノトーマス",
      "horse_id": "2023103037",
      "sex_age": "牡5",
      "weight_carried": 57.0,
      "horse_weight": null,
      "win_odds": 5.8,
      "popularity": 3,
      "honmei_score": 0.0617,
      "ev_score": 0.3578,
      "kelly_fraction": 0.0,
      "manji_ev": 0.4383,
      "odds_vs_morning": 1.0,
      "odds_velocity": null
    }
  ],
  "ev_recommend": [
    {
      "horse_number": 7,
      "horse_name": "シュテルン",
      "win_odds": 119.9,
      "ev_score": 17.7265,
      "kelly_fraction": 0.0141
    },
    {
      "horse_number": 2,
      "horse_name": "マーシャルアン",
      "win_odds": 41.7,
      "ev_score": 6.1651,
      "kelly_fraction": 0.0127
    },
    {
      "horse_number": 6,
      "horse_name": "ニシノセイドウ",
      "win_odds": 28.9,
      "ev_score": 4.1286,
      "kelly_fraction": 0.0112
    },
    {
      "horse_number": 10,
      "horse_name": "クラディスティーナ",
      "win_odds": 25.7,
      "ev_score": 2.7135,
      "kelly_fraction": 0.0069
    },
    {
      "horse_number": 5,
      "horse_name": "ミスターバッドガイ",
      "win_odds": 18.9,
      "ev_score": 1.9434,
      "kelly_fraction": 0.0053
    },
    {
      "horse_number": 11,
      "horse_name": "トップアタック",
      "win_odds": 18.9,
      "ev_score": 1.9434,
      "kelly_fraction": 0.0053
    },
    {
      "horse_number": 4,
      "horse_name": "ツルノマイハシ",
      "win_odds": 21.7,
      "ev_score": 1.4287,
      "kelly_fraction": 0.0021
    },
    {
      "horse_number": 3,
      "horse_name": "セイウンアインス",
      "win_odds": 13.4,
      "ev_score": 1.3779,
      "kelly_fraction": 0.003
    },
    {
      "horse_number": 12,
      "horse_name": "デンプシー",
      "win_odds": 11.1,
      "ev_score": 1.1414,
      "kelly_fraction": 0.0014
    },
    {
      "horse_number": 9,
      "horse_name": "フィオラーノ",
      "win_odds": 8.1,
      "ev_score": 1.0548,
      "kelly_fraction": 0.0008
    },
    {
      "horse_number": 13,
      "horse_name": "ウィングブルー",
      "win_odds": 10.2,
      "ev_score": 1.0488,
      "kelly_fraction": 0.0005
    }
  ],
  "honmei_bets": {
    "race_id": "202604010309",
    "model_type": "本命",
    "bets": [
      {
        "bet_type": "単勝",
        "combinations": [
          [
            2
          ]
        ],
        "horse_names": [
          "マーシャルアン"
        ],
        "expected_value": 5.0,
        "model_score": 0.148,
        "recommended_bet": 400.0,
        "confidence": 0.148,
        "notes": "確率1位 P(win)=0.15 odds=41.7 EV=5.00"
      },
      {
        "bet_type": "複勝",
        "combinations": [
          [
            2
          ],
          [
            7
          ],
          [
            6
          ]
        ],
        "horse_names": [
          "マーシャルアン",
          "シュテルン",
          "ニシノセイドウ"
        ],
        "expected_value": 0.439,
        "model_score": 0.146,
        "recommended_bet": 100.0,
        "confidence": 0.146,
        "notes": "上位3頭を複勝"
      },
      {
        "bet_type": "馬連",
        "combinations": [
          [
            2,
            7
          ],
          [
            2,
            6
          ],
          [
            2,
            9
          ],
          [
            1,
            2
          ],
          [
            2,
            8
          ]
        ],
        "horse_names": [
          "マーシャルアン",
          "シュテルン",
          "マーシャルアン",
          "ニシノセイドウ",
          "マーシャルアン",
          "フィオラーノ",
          "ホウオウヘッセン",
          "マーシャルアン",
          "マーシャルアン",
          "マナボニート"
        ],
        "expected_value": 2.564,
        "model_score": 0.016,
        "recommended_bet": 200.0,
        "confidence": 0.016,
        "notes": "軸2番×相手5頭フォーメーション Harville最大=0.016"
      },
      {
        "bet_type": "ワイド",
        "combinations": [
          [
            2,
            7
          ],
          [
            2,
            6
          ],
          [
            2,
            9
          ],
          [
            1,
            2
          ],
          [
            2,
            8
          ]
        ],
        "horse_names": [
          "マーシャルアン",
          "シュテルン",
          "マーシャルアン",
          "ニシノセイドウ",
          "マーシャルアン",
          "フィオラーノ",
          "ホウオウヘッセン",
          "マーシャルアン",
          "マーシャルアン",
          "マナボニート"
        ],
        "expected_value": 1.203,
        "model_score": 0.016,
        "recommended_bet": 200.0,
        "confidence": 0.02,
        "notes": "軸2番×相手5頭ワイド Harville最大=0.016"
      },
      {
        "bet_type": "馬単",
        "combinations": [
          [
            2,
            7
          ],
          [
            2,
            6
          ],
          [
            2,
            9
          ]
        ],
        "horse_names": [
          "マーシャルアン",
          "シュテルン",
          "マーシャルアン",
          "ニシノセイドウ",
          "マーシャルアン",
          "フィオラーノ"
        ],
        "expected_value": 2.354,
        "model_score": 0.008,
        "recommended_bet": 100.0,
        "confidence": 0.061,
        "notes": "軸2番→相手3頭フォーメーション Harville最大=0.008"
      },
      {
        "bet_type": "三連複",
        "combinations": [
          [
            1,
            6,
            9
          ],
          [
            2,
            6,
            9
          ]
        ],
        "horse_names": [
          "ホウオウヘッセン",
          "ニシノセイドウ",
          "フィオラーノ",
          "マーシャルアン"
        ],
        "expected_value": 3.277,
        "model_score": 0.006,
        "recommended_bet": 300.0,
        "confidence": 0.077,
        "notes": "合成EV最大=3.28 2点 馬番=[(1, 6, 9), (2, 6, 9)]"
      },
      {
        "bet_type": "三連単",
        "combinations": [
          [
            2,
            7,
            6
          ],
          [
            2,
            6,
            7
          ],
          [
            7,
            2,
            6
          ],
          [
            7,
            6,
            2
          ],
          [
            6,
            2,
            7
          ],
          [
            6,
            7,
            2
          ],
          [
            2,
            7,
            9
          ],
          [
            2,
            9,
            7
          ],
          [
            7,
            2,
            9
          ],
          [
            7,
            9,
            2
          ],
          [
            9,
            2,
            7
          ],
          [
            9,
            7,
            2
          ],
          [
            2,
            7,
            1
          ],
          [
            2,
            1,
            7
          ],
          [
            7,
            2,
            1
          ],
          [
            7,
            1,
            2
          ],
          [
            1,
            2,
            7
          ],
          [
            1,
            7,
            2
          ],
          [
            2,
            7,
            8
          ],
          [
            2,
            8,
            7
          ],
          [
            7,
            2,
            8
          ],
          [
            7,
            8,
            2
          ],
          [
            8,
            2,
            7
          ],
          [
            8,
            7,
            2
          ],
          [
            2,
            7,
            10
          ],
          [
            2,
            10,
            7
          ],
          [
            7,
            2,
            10
          ],
          [
            7,
            10,
            2
          ],
          [
            10,
            2,
            7
          ],
          [
            10,
            7,
            2
          ],
          [
            2,
            6,
            9
          ],
          [
            2,
            9,
            6
          ],
          [
            6,
            2,
            9
          ],
          [
            6,
            9,
            2
          ],
          [
            9,
            2,
            6
          ],
          [
            9,
            6,
            2
          ],
          [
            2,
            6,
            1
          ],
          [
            2,
            1,
            6
          ],
          [
            6,
            2,
            1
          ],
          [
            6,
            1,
            2
          ],
          [
            1,
            2,
            6
          ],
          [
            1,
            6,
            2
          ],
          [
            2,
            6,
            8
          ],
          [
            2,
            8,
            6
          ],
          [
            6,
            2,
            8
          ],
          [
            6,
            8,
            2
          ],
          [
            8,
            2,
            6
          ],
          [
            8,
            6,
            2
          ],
          [
            2,
            6,
            10
          ],
          [
            2,
            10,
            6
          ],
          [
            6,
            2,
            10
          ],
          [
            6,
            10,
            2
          ],
          [
            10,
            2,
            6
          ],
          [
            10,
            6,
            2
          ],
          [
            2,
            9,
            1
          ],
          [
            2,
            1,
            9
          ],
          [
            9,
            2,
            1
          ],
          [
            9,
            1,
            2
          ],
          [
            1,
            2,
            9
          ],
          [
            1,
            9,
            2
          ],
          [
            2,
            9,
            8
          ],
          [
            2,
            8,
            9
          ],
          [
            9,
            2,
            8
          ],
          [
            9,
            8,
            2
          ],
          [
            8,
            2,
            9
          ],
          [
            8,
            9,
            2
          ],
          [
            2,
            9,
            10
          ],
          [
            2,
            10,
            9
          ],
          [
            9,
            2,
            10
          ],
          [
            9,
            10,
            2
          ],
          [
            10,
            2,
            9
          ],
          [
            10,
            9,
            2
          ],
          [
            2,
            1,
            8
          ],
          [
            2,
            8,
            1
          ],
          [
            1,
            2,
            8
          ],
          [
            1,
            8,
            2
          ],
          [
            8,
            2,
            1
          ],
          [
            8,
            1,
            2
          ],
          [
            2,
            1,
            10
          ],
          [
            2,
            10,
            1
          ],
          [
            1,
            2,
            10
          ],
          [
            1,
            10,
            2
          ],
          [
            10,
            2,
            1
          ],
          [
            10,
            1,
            2
          ],
          [
            2,
            8,
            10
          ],
          [
            2,
            10,
            8
          ],
          [
            8,
            2,
            10
          ],
          [
            8,
            10,
            2
          ],
          [
            10,
            2,
            8
          ],
          [
            10,
            8,
            2
          ]
        ],
        "horse_names": [
          "マーシャルアン",
          "シュテルン",
          "ニシノセイドウ",
          "フィオラーノ",
          "ホウオウヘッセン",
          "マナボニート",
          "クラディスティーナ"
        ],
        "expected_value": 6.0,
        "model_score": 0.005,
        "recommended_bet": 400.0,
        "confidence": 0.162,
        "notes": "1頭軸マルチ 軸=2番 相手=[7, 6, 9, 1, 8, 10] 90点 Harville最大=0.0054"
      }
    ]
  },
  "manji_bets": {
    "race_id": "202604010309",
    "model_type": "卍",
    "bets": [
      {
        "bet_type": "単勝",
        "combinations": [
          [
            8
          ]
        ],
        "horse_names": [
          "マナボニート"
        ],
        "expected_value": 2.4,
        "model_score": 2.4,
        "recommended_bet": 500.0,
        "confidence": 0.558,
        "notes": "確率1位(卍) EV=2.40 odds=4.3"
      },
      {
        "bet_type": "複勝",
        "combinations": [
          [
            8
          ],
          [
            12
          ],
          [
            11
          ]
        ],
        "horse_names": [
          "マナボニート",
          "デンプシー",
          "トップアタック"
        ],
        "expected_value": 2.201,
        "model_score": 2.201,
        "recommended_bet": 200.0,
        "confidence": 0.6,
        "notes": "確率上位3頭を複勝"
      },
      {
        "bet_type": "馬連",
        "combinations": [
          [
            8,
            12
          ],
          [
            8,
            11
          ],
          [
            3,
            8
          ],
          [
            8,
            10
          ],
          [
            6,
            8
          ]
        ],
        "horse_names": [
          "マナボニート",
          "デンプシー",
          "マナボニート",
          "トップアタック",
          "セイウンアインス",
          "マナボニート",
          "マナボニート",
          "クラディスティーナ",
          "ニシノセイドウ",
          "マナボニート"
        ],
        "expected_value": 1.173,
        "model_score": 0.069,
        "recommended_bet": 300.0,
        "confidence": 0.344,
        "notes": "軸8番×相手5頭フォーメーション Harville最大=0.069"
      },
      {
        "bet_type": "ワイド",
        "combinations": [
          [
            8,
            12
          ],
          [
            8,
            11
          ],
          [
            3,
            8
          ],
          [
            8,
            10
          ],
          [
            6,
            8
          ]
        ],
        "horse_names": [
          "マナボニート",
          "デンプシー",
          "マナボニート",
          "トップアタック",
          "セイウンアインス",
          "マナボニート",
          "マナボニート",
          "クラディスティーナ",
          "ニシノセイドウ",
          "マナボニート"
        ],
        "expected_value": 0.551,
        "model_score": 0.069,
        "recommended_bet": 300.0,
        "confidence": 0.413,
        "notes": "軸8番×相手5頭ワイド Harville最大=0.069"
      },
      {
        "bet_type": "馬単",
        "combinations": [
          [
            8,
            12
          ],
          [
            8,
            11
          ],
          [
            8,
            3
          ]
        ],
        "horse_names": [
          "マナボニート",
          "デンプシー",
          "マナボニート",
          "トップアタック",
          "マナボニート",
          "セイウンアインス"
        ],
        "expected_value": 1.104,
        "model_score": 0.035,
        "recommended_bet": 200.0,
        "confidence": 0.277,
        "notes": "軸8番→相手3頭フォーメーション Harville最大=0.035"
      },
      {
        "bet_type": "三連複",
        "combinations": [
          [
            8,
            11,
            12
          ]
        ],
        "horse_names": [
          "マナボニート",
          "トップアタック",
          "デンプシー"
        ],
        "expected_value": 2.314,
        "model_score": 0.044,
        "recommended_bet": 200.0,
        "confidence": 0.655,
        "notes": "合成EV=2.31 Harville=0.0437 馬番=(8, 11, 12)"
      },
      {
        "bet_type": "三連複",
        "combinations": [
          [
            3,
            8,
            12
          ]
        ],
        "horse_names": [
          "セイウンアインス",
          "マナボニート",
          "デンプシー"
        ],
        "expected_value": 1.189,
        "model_score": 0.022,
        "recommended_bet": 200.0,
        "confidence": 0.337,
        "notes": "合成EV=1.19 Harville=0.0224 馬番=(3, 8, 12)"
      },
      {
        "bet_type": "三連複",
        "combinations": [
          [
            3,
            8,
            11
          ]
        ],
        "horse_names": [
          "セイウンアインス",
          "マナボニート",
          "トップアタック"
        ],
        "expected_value": 1.031,
        "model_score": 0.019,
        "recommended_bet": 200.0,
        "confidence": 0.292,
        "notes": "合成EV=1.03 Harville=0.0194 馬番=(3, 8, 11)"
      }
    ]
  },
  "provisional": false
}
{
  "race_id": "202608030509",
  "generated_at": "2026-05-09T13:40:10.316917",
  "bias": {
    "today_inner_bias": -0.06324110671936758,
    "today_front_bias": 0.5714285714285714,
    "today_race_count": 7
  },
  "horses": [
    {
      "horse_number": 1,
      "horse_name": "ユメハハテシナク",
      "horse_id": "2020106399",
      "sex_age": "牡1",
      "weight_carried": 58.0,
      "horse_weight": null,
      "win_odds": 12.8,
      "popularity": 5,
      "honmei_score": 0.1117,
      "ev_score": 1.4294,
      "kelly_fraction": 0.0036,
      "manji_ev": 0.7636,
      "odds_vs_morning": 1.0,
      "odds_velocity": null
    },
    {
      "horse_number": 2,
      "horse_name": "ステラスプレンダー",
      "horse_id": "2021105604",
      "sex_age": "牝3",
      "weight_carried": 56.0,
      "horse_weight": null,
      "win_odds": 25.5,
      "popularity": 9,
      "honmei_score": 0.1028,
      "ev_score": 2.6221,
      "kelly_fraction": 0.0066,
      "manji_ev": 0.7285,
      "odds_vs_morning": 1.0,
      "odds_velocity": null
    },
    {
      "horse_number": 3,
      "horse_name": "スナークピカソ",
      "horse_id": "2022104171",
      "sex_age": "牡3",
      "weight_carried": 58.0,
      "horse_weight": null,
      "win_odds": 13.9,
      "popularity": 6,
      "honmei_score": 0.1028,
      "ev_score": 1.4293,
      "kelly_fraction": 0.0033,
      "manji_ev": 0.806,
      "odds_vs_morning": 1.0,
      "odds_velocity": null
    },
    {
      "horse_number": 4,
      "horse_name": "プチプラージュ",
      "horse_id": "2022104050",
      "sex_age": "牝5",
      "weight_carried": 56.0,
      "horse_weight": null,
      "win_odds": 42.5,
      "popularity": 10,
      "honmei_score": 0.0549,
      "ev_score": 2.3315,
      "kelly_fraction": 0.0032,
      "manji_ev": 1.1585,
      "odds_vs_morning": 1.0,
      "odds_velocity": null
    },
    {
      "horse_number": 5,
      "horse_name": "ツーエムクロノス",
      "horse_id": "2022103651",
      "sex_age": "牡1",
      "weight_carried": 58.0,
      "horse_weight": null,
      "win_odds": 22.6,
      "popularity": 8,
      "honmei_score": 0.1117,
      "ev_score": 2.5239,
      "kelly_fraction": 0.0071,
      "manji_ev": 1.0845,
      "odds_vs_morning": 1.0,
      "odds_velocity": null
    },
    {
      "horse_number": 6,
      "horse_name": "ダイヤモンドハンズ",
      "horse_id": "2020103647",
      "sex_age": "牡3",
      "weight_carried": 58.0,
      "horse_weight": null,
      "win_odds": 3.7,
      "popularity": 2,
      "honmei_score": 0.0658,
      "ev_score": 0.2436,
      "kelly_fraction": 0.0,
      "manji_ev": 0.9156,
      "odds_vs_morning": 1.0,
      "odds_velocity": null
    },
    {
      "horse_number": 7,
      "horse_name": "ウォータークラーク",
      "horse_id": "2022103345",
      "sex_age": "牡3",
      "weight_carried": 58.0,
      "horse_weight": null,
      "win_odds": 3.7,
      "popularity": 3,
      "honmei_score": 0.091,
      "ev_score": 0.3367,
      "kelly_fraction": 0.0,
      "manji_ev": 0.4467,
      "odds_vs_morning": 1.0,
      "odds_velocity": null
    },
    {
      "horse_number": 8,
      "horse_name": "ダガーリング",
      "horse_id": "2022102153",
      "sex_age": "牡3",
      "weight_carried": 58.0,
      "horse_weight": null,
      "win_odds": 3.2,
      "popularity": 1,
      "honmei_score": 0.0782,
      "ev_score": 0.2503,
      "kelly_fraction": 0.0,
      "manji_ev": 0.7005,
      "odds_vs_morning": 1.0,
      "odds_velocity": null
    },
    {
      "horse_number": 9,
      "horse_name": "リリーブライト",
      "horse_id": "2018104841",
      "sex_age": "牡3",
      "weight_carried": 58.0,
      "horse_weight": null,
      "win_odds": 45.0,
      "popularity": 11,
      "honmei_score": 0.1028,
      "ev_score": 4.6272,
      "kelly_fraction": 0.0082,
      "manji_ev": 1.2727,
      "odds_vs_morning": 1.0,
      "odds_velocity": null
    },
    {
      "horse_number": 10,
      "horse_name": "クスクス",
      "horse_id": "2021103665",
      "sex_age": "牝4",
      "weight_carried": 56.0,
      "horse_weight": null,
      "win_odds": 18.0,
      "popularity": 7,
      "honmei_score": 0.0782,
      "ev_score": 1.4077,
      "kelly_fraction": 0.0024,
      "manji_ev": 0.5236,
      "odds_vs_morning": 1.0,
      "odds_velocity": null
    },
    {
      "horse_number": 11,
      "horse_name": "マルカオペラ",
      "horse_id": "2021104978",
      "sex_age": "牝1",
      "weight_carried": 56.0,
      "horse_weight": null,
      "win_odds": 12.6,
      "popularity": 4,
      "honmei_score": 0.1028,
      "ev_score": 1.2956,
      "kelly_fraction": 0.0025,
      "manji_ev": 0.928,
      "odds_vs_morning": 1.0,
      "odds_velocity": null
    }
  ],
  "ev_recommend": [
    {
      "horse_number": 9,
      "horse_name": "リリーブライト",
      "win_odds": 45.0,
      "ev_score": 4.6272,
      "kelly_fraction": 0.0082
    },
    {
      "horse_number": 2,
      "horse_name": "ステラスプレンダー",
      "win_odds": 25.5,
      "ev_score": 2.6221,
      "kelly_fraction": 0.0066
    },
    {
      "horse_number": 5,
      "horse_name": "ツーエムクロノス",
      "win_odds": 22.6,
      "ev_score": 2.5239,
      "kelly_fraction": 0.0071
    },
    {
      "horse_number": 4,
      "horse_name": "プチプラージュ",
      "win_odds": 42.5,
      "ev_score": 2.3315,
      "kelly_fraction": 0.0032
    },
    {
      "horse_number": 1,
      "horse_name": "ユメハハテシナク",
      "win_odds": 12.8,
      "ev_score": 1.4294,
      "kelly_fraction": 0.0036
    },
    {
      "horse_number": 3,
      "horse_name": "スナークピカソ",
      "win_odds": 13.9,
      "ev_score": 1.4293,
      "kelly_fraction": 0.0033
    },
    {
      "horse_number": 10,
      "horse_name": "クスクス",
      "win_odds": 18.0,
      "ev_score": 1.4077,
      "kelly_fraction": 0.0024
    },
    {
      "horse_number": 11,
      "horse_name": "マルカオペラ",
      "win_odds": 12.6,
      "ev_score": 1.2956,
      "kelly_fraction": 0.0025
    }
  ],
  "honmei_bets": {
    "race_id": "202608030509",
    "model_type": "本命",
    "bets": [
      {
        "bet_type": "単勝",
        "combinations": [
          [
            1
          ]
        ],
        "horse_names": [
          "ユメハハテシナク"
        ],
        "expected_value": 1.429,
        "model_score": 0.112,
        "recommended_bet": 200.0,
        "confidence": 0.112,
        "notes": "確率1位 P(win)=0.11 odds=12.8 EV=1.43"
      },
      {
        "bet_type": "複勝",
        "combinations": [
          [
            1
          ],
          [
            5
          ],
          [
            2
          ]
        ],
        "horse_names": [
          "ユメハハテシナク",
          "ツーエムクロノス",
          "ステラスプレンダー"
        ],
        "expected_value": 0.326,
        "model_score": 0.109,
        "recommended_bet": 200.0,
        "confidence": 0.109,
        "notes": "上位3頭を複勝"
      },
      {
        "bet_type": "馬連",
        "combinations": [
          [
            1,
            5
          ],
          [
            1,
            2
          ],
          [
            1,
            3
          ],
          [
            1,
            9
          ],
          [
            1,
            11
          ]
        ],
        "horse_names": [
          "ユメハハテシナク",
          "ツーエムクロノス",
          "ユメハハテシナク",
          "ステラスプレンダー",
          "ユメハハテシナク",
          "スナークピカソ",
          "ユメハハテシナク",
          "リリーブライト",
          "ユメハハテシナク",
          "マルカオペラ"
        ],
        "expected_value": 1.459,
        "model_score": 0.029,
        "recommended_bet": 300.0,
        "confidence": 0.029,
        "notes": "軸1番×相手5頭フォーメーション Harville最大=0.029"
      },
      {
        "bet_type": "ワイド",
        "combinations": [
          [
            1,
            5
          ],
          [
            1,
            2
          ],
          [
            1,
            3
          ],
          [
            1,
            9
          ],
          [
            1,
            11
          ]
        ],
        "horse_names": [
          "ユメハハテシナク",
          "ツーエムクロノス",
          "ユメハハテシナク",
          "ステラスプレンダー",
          "ユメハハテシナク",
          "スナークピカソ",
          "ユメハハテシナク",
          "リリーブライト",
          "ユメハハテシナク",
          "マルカオペラ"
        ],
        "expected_value": 0.685,
        "model_score": 0.029,
        "recommended_bet": 300.0,
        "confidence": 0.037,
        "notes": "軸1番×相手5頭ワイド Harville最大=0.029"
      },
      {
        "bet_type": "馬単",
        "combinations": [
          [
            1,
            5
          ],
          [
            1,
            2
          ],
          [
            1,
            3
          ]
        ],
        "horse_names": [
          "ユメハハテシナク",
          "ツーエムクロノス",
          "ユメハハテシナク",
          "ステラスプレンダー",
          "ユメハハテシナク",
          "スナークピカソ"
        ],
        "expected_value": 1.363,
        "model_score": 0.014,
        "recommended_bet": 200.0,
        "confidence": 0.115,
        "notes": "軸1番→相手3頭フォーメーション Harville最大=0.014"
      },
      {
        "bet_type": "三連複",
        "combinations": [
          [
            1,
            2,
            5
          ],
          [
            1,
            3,
            5
          ]
        ],
        "horse_names": [
          "ユメハハテシナク",
          "ステラスプレンダー",
          "ツーエムクロノス",
          "スナークピカソ"
        ],
        "expected_value": 1.808,
        "model_score": 0.011,
        "recommended_bet": 300.0,
        "confidence": 0.138,
        "notes": "合成EV最大=1.81 2点 馬番=[(1, 2, 5), (1, 3, 5)]"
      },
      {
        "bet_type": "三連単",
        "combinations": [
          [
            1,
            5,
            2
          ],
          [
            1,
            2,
            5
          ],
          [
            5,
            1,
            2
          ],
          [
            5,
            2,
            1
          ],
          [
            2,
            1,
            5
          ],
          [
            2,
            5,
            1
          ],
          [
            1,
            5,
            3
          ],
          [
            1,
            3,
            5
          ],
          [
            5,
            1,
            3
          ],
          [
            5,
            3,
            1
          ],
          [
            3,
            1,
            5
          ],
          [
            3,
            5,
            1
          ],
          [
            1,
            5,
            9
          ],
          [
            1,
            9,
            5
          ],
          [
            5,
            1,
            9
          ],
          [
            5,
            9,
            1
          ],
          [
            9,
            1,
            5
          ],
          [
            9,
            5,
            1
          ],
          [
            1,
            5,
            11
          ],
          [
            1,
            11,
            5
          ],
          [
            5,
            1,
            11
          ],
          [
            5,
            11,
            1
          ],
          [
            11,
            1,
            5
          ],
          [
            11,
            5,
            1
          ],
          [
            1,
            5,
            7
          ],
          [
            1,
            7,
            5
          ],
          [
            5,
            1,
            7
          ],
          [
            5,
            7,
            1
          ],
          [
            7,
            1,
            5
          ],
          [
            7,
            5,
            1
          ],
          [
            1,
            2,
            3
          ],
          [
            1,
            3,
            2
          ],
          [
            2,
            1,
            3
          ],
          [
            2,
            3,
            1
          ],
          [
            3,
            1,
            2
          ],
          [
            3,
            2,
            1
          ],
          [
            1,
            2,
            9
          ],
          [
            1,
            9,
            2
          ],
          [
            2,
            1,
            9
          ],
          [
            2,
            9,
            1
          ],
          [
            9,
            1,
            2
          ],
          [
            9,
            2,
            1
          ],
          [
            1,
            2,
            11
          ],
          [
            1,
            11,
            2
          ],
          [
            2,
            1,
            11
          ],
          [
            2,
            11,
            1
          ],
          [
            11,
            1,
            2
          ],
          [
            11,
            2,
            1
          ],
          [
            1,
            2,
            7
          ],
          [
            1,
            7,
            2
          ],
          [
            2,
            1,
            7
          ],
          [
            2,
            7,
            1
          ],
          [
            7,
            1,
            2
          ],
          [
            7,
            2,
            1
          ],
          [
            1,
            3,
            9
          ],
          [
            1,
            9,
            3
          ],
          [
            3,
            1,
            9
          ],
          [
            3,
            9,
            1
          ],
          [
            9,
            1,
            3
          ],
          [
            9,
            3,
            1
          ],
          [
            1,
            3,
            11
          ],
          [
            1,
            11,
            3
          ],
          [
            3,
            1,
            11
          ],
          [
            3,
            11,
            1
          ],
          [
            11,
            1,
            3
          ],
          [
            11,
            3,
            1
          ],
          [
            1,
            3,
            7
          ],
          [
            1,
            7,
            3
          ],
          [
            3,
            1,
            7
          ],
          [
            3,
            7,
            1
          ],
          [
            7,
            1,
            3
          ],
          [
            7,
            3,
            1
          ],
          [
            1,
            9,
            11
          ],
          [
            1,
            11,
            9
          ],
          [
            9,
            1,
            11
          ],
          [
            9,
            11,
            1
          ],
          [
            11,
            1,
            9
          ],
          [
            11,
            9,
            1
          ],
          [
            1,
            9,
            7
          ],
          [
            1,
            7,
            9
          ],
          [
            9,
            1,
            7
          ],
          [
            9,
            7,
            1
          ],
          [
            7,
            1,
            9
          ],
          [
            7,
            9,
            1
          ],
          [
            1,
            11,
            7
          ],
          [
            1,
            7,
            11
          ],
          [
            11,
            1,
            7
          ],
          [
            11,
            7,
            1
          ],
          [
            7,
            1,
            11
          ],
          [
            7,
            11,
            1
          ]
        ],
        "horse_names": [
          "ユメハハテシナク",
          "ツーエムクロノス",
          "ステラスプレンダー",
          "スナークピカソ",
          "リリーブライト",
          "マルカオペラ",
          "ウォータークラーク"
        ],
        "expected_value": 6.0,
        "model_score": 0.011,
        "recommended_bet": 500.0,
        "confidence": 0.344,
        "notes": "1頭軸マルチ 軸=1番 相手=[5, 2, 3, 9, 11, 7] 90点 Harville最大=0.0115"
      }
    ]
  },
  "manji_bets": {
    "race_id": "202608030509",
    "model_type": "卍",
    "bets": [
      {
        "bet_type": "単勝",
        "combinations": [
          [
            9
          ]
        ],
        "horse_names": [
          "リリーブライト"
        ],
        "expected_value": 1.273,
        "model_score": 1.273,
        "recommended_bet": 100.0,
        "confidence": 0.028,
        "notes": "確率1位(卍) EV=1.27 odds=45.0"
      },
      {
        "bet_type": "複勝",
        "combinations": [
          [
            9
          ],
          [
            4
          ],
          [
            5
          ]
        ],
        "horse_names": [
          "リリーブライト",
          "プチプラージュ",
          "ツーエムクロノス"
        ],
        "expected_value": 1.172,
        "model_score": 1.172,
        "recommended_bet": 200.0,
        "confidence": 0.6,
        "notes": "確率上位3頭を複勝"
      },
      {
        "bet_type": "馬連",
        "combinations": [
          [
            4,
            9
          ],
          [
            5,
            9
          ],
          [
            9,
            11
          ],
          [
            6,
            9
          ],
          [
            3,
            9
          ]
        ],
        "horse_names": [
          "プチプラージュ",
          "リリーブライト",
          "ツーエムクロノス",
          "リリーブライト",
          "リリーブライト",
          "マルカオペラ",
          "ダイヤモンドハンズ",
          "リリーブライト",
          "スナークピカソ",
          "リリーブライト"
        ],
        "expected_value": 4.0,
        "model_score": 0.039,
        "recommended_bet": 300.0,
        "confidence": 0.195,
        "notes": "軸9番×相手5頭フォーメーション Harville最大=0.039"
      },
      {
        "bet_type": "ワイド",
        "combinations": [
          [
            4,
            9
          ],
          [
            5,
            9
          ],
          [
            9,
            11
          ],
          [
            6,
            9
          ],
          [
            3,
            9
          ]
        ],
        "horse_names": [
          "プチプラージュ",
          "リリーブライト",
          "ツーエムクロノス",
          "リリーブライト",
          "リリーブライト",
          "マルカオペラ",
          "ダイヤモンドハンズ",
          "リリーブライト",
          "スナークピカソ",
          "リリーブライト"
        ],
        "expected_value": 3.0,
        "model_score": 0.039,
        "recommended_bet": 300.0,
        "confidence": 0.234,
        "notes": "軸9番×相手5頭ワイド Harville最大=0.039"
      },
      {
        "bet_type": "馬単",
        "combinations": [
          [
            9,
            4
          ],
          [
            9,
            5
          ],
          [
            9,
            11
          ]
        ],
        "horse_names": [
          "リリーブライト",
          "プチプラージュ",
          "リリーブライト",
          "ツーエムクロノス",
          "リリーブライト",
          "マルカオペラ"
        ],
        "expected_value": 5.0,
        "model_score": 0.02,
        "recommended_bet": 200.0,
        "confidence": 0.157,
        "notes": "軸9番→相手3頭フォーメーション Harville最大=0.020"
      },
      {
        "bet_type": "三連複",
        "combinations": [
          [
            4,
            5,
            9
          ]
        ],
        "horse_names": [
          "プチプラージュ",
          "ツーエムクロノス",
          "リリーブライト"
        ],
        "expected_value": 5.0,
        "model_score": 0.018,
        "recommended_bet": 200.0,
        "confidence": 0.271,
        "notes": "合成EV=5.00 Harville=0.0181 馬番=(4, 5, 9)"
      },
      {
        "bet_type": "三連複",
        "combinations": [
          [
            4,
            9,
            11
          ]
        ],
        "horse_names": [
          "プチプラージュ",
          "リリーブライト",
          "マルカオペラ"
        ],
        "expected_value": 5.0,
        "model_score": 0.015,
        "recommended_bet": 200.0,
        "confidence": 0.227,
        "notes": "合成EV=5.00 Harville=0.0151 馬番=(4, 9, 11)"
      },
      {
        "bet_type": "三連複",
        "combinations": [
          [
            4,
            6,
            9
          ]
        ],
        "horse_names": [
          "プチプラージュ",
          "ダイヤモンドハンズ",
          "リリーブライト"
        ],
        "expected_value": 5.0,
        "model_score": 0.015,
        "recommended_bet": 200.0,
        "confidence": 0.224,
        "notes": "合成EV=5.00 Harville=0.0149 馬番=(4, 6, 9)"
      }
    ]
  },
  "provisional": false
}
Exception in thread Thread-14 (_readerthread):
Traceback (most recent call last):
  File "C:\Users\sayaka\AppData\Local\Python\pythoncore-3.14-64\Lib\threading.py", line 1082, in _bootstrap_inner
    self._context.run(self.run)
    ~~~~~~~~~~~~~~~~~^^^^^^^^^^
  File "C:\Users\sayaka\AppData\Local\Python\pythoncore-3.14-64\Lib\threading.py", line 1024, in run
    self._target(*self._args, **self._kwargs)
    ~~~~~~~~~~~~^^^^^^^^^^^^^^^^^^^^^^^^^^^^^
  File "C:\Users\sayaka\AppData\Local\Python\pythoncore-3.14-64\Lib\subprocess.py", line 1613, in _readerthread
    buffer.append(fh.read())
                  ~~~~~~~^^
  File "<frozen codecs>", line 325, in decode
UnicodeDecodeError: 'utf-8' codec can't decode byte 0x92 in position 39: invalid start byte
13:40:11 INFO: [OK] R09 202605020509  [prerace] 完了
13:40:11 INFO: マイグレーション: v_race_mart ビューを再作成しました
Exception in thread Thread-15 (_readerthread):
Traceback (most recent call last):
  File "C:\Users\sayaka\AppData\Local\Python\pythoncore-3.14-64\Lib\threading.py", line 1082, in _bootstrap_inner
    self._context.run(self.run)
    ~~~~~~~~~~~~~~~~~^^^^^^^^^^
  File "C:\Users\sayaka\AppData\Local\Python\pythoncore-3.14-64\Lib\threading.py", line 1024, in run
    self._target(*self._args, **self._kwargs)
    ~~~~~~~~~~~~^^^^^^^^^^^^^^^^^^^^^^^^^^^^^
  File "C:\Users\sayaka\AppData\Local\Python\pythoncore-3.14-64\Lib\subprocess.py", line 1613, in _readerthread
    buffer.append(fh.read())
                  ~~~~~~~^^
  File "<frozen codecs>", line 325, in decode
UnicodeDecodeError: 'utf-8' codec can't decode byte 0x92 in position 39: invalid start byte
13:40:12 INFO: [OK] R09 202608030509  [prerace] 完了
Exception in thread Thread-13 (_readerthread):
13:40:12 INFO: マイグレーション: v_race_mart ビューを再作成しました
Traceback (most recent call last):
  File "C:\Users\sayaka\AppData\Local\Python\pythoncore-3.14-64\Lib\threading.py", line 1082, in _bootstrap_inner
    self._context.run(self.run)
    ~~~~~~~~~~~~~~~~~^^^^^^^^^^
  File "C:\Users\sayaka\AppData\Local\Python\pythoncore-3.14-64\Lib\threading.py", line 1024, in run
    self._target(*self._args, **self._kwargs)
    ~~~~~~~~~~~~^^^^^^^^^^^^^^^^^^^^^^^^^^^^^
  File "C:\Users\sayaka\AppData\Local\Python\pythoncore-3.14-64\Lib\subprocess.py", line 1613, in _readerthread
    buffer.append(fh.read())
                  ~~~~~~~^^
  File "<frozen codecs>", line 325, in decode
UnicodeDecodeError: 'utf-8' codec can't decode byte 0x92 in position 39: invalid start byte
13:40:12 INFO: DB 初期化完了: C:\dev\horse-racing-ai\data\umalogi.db
13:40:12 INFO: [OK] R09 202604010309  [prerace] 完了
13:40:12 INFO: [NOTE] 注目レース検知 → note 記事生成: 202605020509
13:40:12 INFO: [NOTE] 記事生成開始: 202605020509
13:40:12 INFO: マイグレーション: v_race_mart ビューを再作成しました
2026-05-09 13:40:12,915 INFO: マイグレーション: v_race_mart ビューを再作成しました
13:40:13 INFO: DB 初期化完了: C:\dev\horse-racing-ai\data\umalogi.db
13:40:13 INFO: [NOTE] 注目レース検知 → note 記事生成: 202608030509
13:40:13 INFO: [NOTE] 記事生成開始: 202608030509
2026-05-09 13:40:13,289 INFO: DB 初期化完了: C:\dev\horse-racing-ai\data\umalogi.db
2026-05-09 13:40:13,289 INFO: 記事生成: 1 レース
2026-05-09 13:40:13,290 INFO: 生成中: 202605020509
13:40:13 INFO: DB 初期化完了: C:\dev\horse-racing-ai\data\umalogi.db
13:40:13 INFO: [NOTE] 注目レース検知 → note 記事生成: 202604010309
13:40:13 INFO: [NOTE] 記事生成開始: 202604010309
2026-05-09 13:40:13,605 INFO: マイグレーション: v_race_mart ビューを再作成しました
2026-05-09 13:40:13,795 INFO: マイグレーション: v_race_mart ビューを再作成しました
2026-05-09 13:40:13,900 INFO: DB 初期化完了: C:\dev\horse-racing-ai\data\umalogi.db
2026-05-09 13:40:13,900 INFO: 記事生成: 1 レース
2026-05-09 13:40:13,900 INFO: 生成中: 202608030509
2026-05-09 13:40:14,104 INFO: DB 初期化完了: C:\dev\horse-racing-ai\data\umalogi.db
2026-05-09 13:40:14,104 INFO: 記事生成: 1 レース
2026-05-09 13:40:14,104 INFO: 生成中: 202604010309
2026-05-09 13:40:18,029 INFO: [SIMULATE] 特徴量生成 race_id=202605020509: 12 頭 × 52 特徴量 (リーク除外済み)
2026-05-09 13:40:18,186 INFO: 保存: C:\dev\horse-racing-ai\outputs\note\20260509_R09_分倍河原ステークス.md
[UMALOGI] note記事保存: 20260509_R09_分倍河原ステークス.md
13:40:18 INFO: [NOTE] 記事生成完了: 202605020509
13:40:18 INFO: [SNS] ポスト生成開始: 202605020509 (pattern=a)
2026-05-09 13:40:18,778 INFO: [SIMULATE] 特徴量生成 race_id=202604010309: 14 頭 × 52 特徴量 (リーク除外済み)
2026-05-09 13:40:18,904 INFO: 保存: C:\dev\horse-racing-ai\outputs\note\20260509_R09_ゆきつばき賞.md
[UMALOGI] note記事保存: 20260509_R09_ゆきつばき賞.md
13:40:19 INFO: [NOTE] 記事生成完了: 202604010309
13:40:19 INFO: [SNS] ポスト生成開始: 202604010309 (pattern=a)
[SNS] 処理対象: 1 レース
[SNS] 保存: C:\dev\horse-racing-ai\outputs\sns\20260509_R09_分倍河原ステークス_prerace.txt
13:40:19 INFO: [SNS] ポスト生成完了: 202605020509
[SNS] 処理対象: 1 レース
[SNS] 保存: C:\dev\horse-racing-ai\outputs\sns\20260509_R09_ゆきつばき賞_prerace.txt
13:40:19 INFO: [SNS] ポスト生成完了: 202604010309
2026-05-09 13:40:19,994 INFO: [SIMULATE] 特徴量生成 race_id=202608030509: 11 頭 × 52 特徴量 (リーク除外済み)
2026-05-09 13:40:20,086 INFO: 保存: C:\dev\horse-racing-ai\outputs\note\20260509_R09_久御山特別.md
[UMALOGI] note記事保存: 20260509_R09_久御山特別.md
13:40:20 INFO: [NOTE] 記事生成完了: 202608030509
13:40:20 INFO: [SNS] ポスト生成開始: 202608030509 (pattern=a)
[SNS] 処理対象: 1 レース
[SNS] 保存: C:\dev\horse-racing-ai\outputs\sns\20260509_R09_久御山特別_prerace.txt
13:40:20 INFO: [SNS] ポスト生成完了: 202608030509
13:42:09 ERROR: JVLink ワーカー タイムアウト (180s): date=20260502
13:42:09 WARNING: JVLink 同期失敗 — netkeiba にフォールバック: race_id=202605020507
13:42:09 INFO: JVLink 結果なし → netkeiba フォールバック: race_id=202605020507
13:42:09 INFO: netkeiba から着順取得: race_id=202605020507
13:42:09 INFO: レース結果取得開始: race_id=202605020507
13:42:11 INFO: 取得完了: race_id=202605020507, 出走頭数=14
13:42:11 INFO: netkeiba 着順保存: race_id=202605020507 14頭
13:42:13 INFO: 払戻取得完了: race_id=202605020507, 合計 12 件
13:42:13 INFO: 払戻保存: race_id=202605020507, 12 件
13:42:13 INFO: netkeiba 払戻保存: race_id=202605020507 12件
13:42:13 INFO: race_results 確認: race_id=202605020507 (14頭 rank有)
13:42:13 INFO: [評価] race=202605020507 : 予想29件 的中4件 投資¥30700 払戻¥9710 ROI=31.6%
13:42:13 INFO: 評価完了: race_id=202605020507  的中=4件  投資¥30700  払戻¥9710  ROI=31.6%
13:42:13 INFO: [OK] R07 202605020507  [postrace] 完了
13:42:13 INFO: マイグレーション: v_race_mart ビューを再作成しました
13:42:13 INFO: DB 初期化完了: C:\dev\horse-racing-ai\data\umalogi.db
13:42:13 INFO: [CARD] 的中検知 → カード＋SNS生成: 202605020507
13:42:13 INFO: [CARD] 的中カード生成開始: 202605020507
[CARD] カード生成対象: 1 レース
[CARD] 保存: C:\dev\horse-racing-ai\outputs\cards\20260509_R07_東京7R.png
13:42:15 INFO: [CARD] 的中カード生成完了: 202605020507
13:42:15 INFO: [SNS] ポスト生成開始: 202605020507 (pattern=b)
[SNS] 処理対象: 1 レース
[SNS] 保存: C:\dev\horse-racing-ai\outputs\sns\20260509_R07_東京7R_hit.txt
13:42:16 INFO: [SNS] ポスト生成完了: 202605020507
13:45:00 INFO: [START] R08 202604010308  [postrace] 結果取得開始
13:45:00 INFO: [START] R08 202608030508  [postrace] 結果取得開始
13:45:00 INFO: [START] R08 202605020508  [postrace] 結果取得開始
13:45:00 INFO: マイグレーション: v_race_mart ビューを再作成しました
13:45:00 INFO: マイグレーション: v_race_mart ビューを再作成しました
13:45:00 INFO: マイグレーション: v_race_mart ビューを再作成しました
13:45:00 INFO: DB 初期化完了: C:\dev\horse-racing-ai\data\umalogi.db
13:45:00 INFO: JVLink RACE TODAY 同期開始: date=20260502
13:45:00 INFO: DB 初期化完了: C:\dev\horse-racing-ai\data\umalogi.db
13:45:00 INFO: JVLink RACE TODAY 同期開始: date=20260401
13:45:00 INFO: DB 初期化完了: C:\dev\horse-racing-ai\data\umalogi.db
13:45:00 INFO: JVLink RACE TODAY 同期開始: date=20260803
13:45:02 WARNING: [NG] 結果取得 rc=1 (試行 1/8): 202604010308 — 300 秒後に再試行
13:48:00 ERROR: JVLink ワーカー タイムアウト (180s): date=20260502
13:48:00 WARNING: JVLink 同期失敗 — netkeiba にフォールバック: race_id=202605020508
13:48:00 INFO: JVLink 結果なし → netkeiba フォールバック: race_id=202605020508
13:48:00 ERROR: JVLink ワーカー タイムアウト (180s): date=20260803
13:48:00 WARNING: JVLink 同期失敗 — netkeiba にフォールバック: race_id=202608030508
13:48:00 INFO: JVLink 結果なし → netkeiba フォールバック: race_id=202608030508
13:48:01 INFO: netkeiba から着順取得: race_id=202605020508
13:48:01 INFO: レース結果取得開始: race_id=202605020508
13:48:01 INFO: netkeiba から着順取得: race_id=202608030508
13:48:01 INFO: レース結果取得開始: race_id=202608030508
13:48:03 INFO: 取得完了: race_id=202605020508, 出走頭数=0
13:48:03 INFO: netkeiba: 結果テーブル空 (未確定?) race_id=202605020508
13:48:03 INFO: netkeiba: 未確定 (race_id=202605020508)
13:48:03 INFO: 取得完了: race_id=202608030508, 出走頭数=0
13:48:03 INFO: netkeiba: 結果テーブル空 (未確定?) race_id=202608030508
13:48:03 INFO: netkeiba: 未確定 (race_id=202608030508)
13:48:03 WARNING: [NG] 結果取得 rc=1 (試行 1/8): 202605020508 — 300 秒後に再試行
13:48:03 WARNING: [NG] 結果取得 rc=1 (試行 1/8): 202608030508 — 300 秒後に再試行
13:50:02 INFO: マイグレーション: v_race_mart ビューを再作成しました
13:50:03 INFO: DB 初期化完了: C:\dev\horse-racing-ai\data\umalogi.db
13:50:03 INFO: JVLink RACE TODAY 同期開始: date=20260401
13:53:03 ERROR: JVLink ワーカー タイムアウト (180s): date=20260401
13:53:03 WARNING: JVLink 同期失敗 — netkeiba にフォールバック: race_id=202604010308
13:53:03 INFO: JVLink 結果なし → netkeiba フォールバック: race_id=202604010308
13:53:03 INFO: マイグレーション: v_race_mart ビューを再作成しました
13:53:03 INFO: マイグレーション: v_race_mart ビューを再作成しました
13:53:03 INFO: DB 初期化完了: C:\dev\horse-racing-ai\data\umalogi.db
13:53:03 INFO: JVLink RACE TODAY 同期開始: date=20260502
13:53:04 INFO: DB 初期化完了: C:\dev\horse-racing-ai\data\umalogi.db
13:53:04 INFO: JVLink RACE TODAY 同期開始: date=20260803
13:53:04 INFO: netkeiba から着順取得: race_id=202604010308
13:53:04 INFO: レース結果取得開始: race_id=202604010308
13:53:06 INFO: 取得完了: race_id=202604010308, 出走頭数=5
13:53:06 INFO: netkeiba 着順保存: race_id=202604010308 5頭
13:53:08 INFO: 払戻取得完了: race_id=202604010308, 合計 12 件
13:53:08 INFO: 払戻保存: race_id=202604010308, 12 件
13:53:08 INFO: netkeiba 払戻保存: race_id=202604010308 12件
13:53:08 INFO: race_results 確認: race_id=202604010308 (5頭 rank有)
13:53:08 INFO: [評価] race=202604010308 : 予想29件 的中1件 投資¥30700 払戻¥560 ROI=1.8%
13:53:08 INFO: 評価完了: race_id=202604010308  的中=1件  投資¥30700  払戻¥560  ROI=1.8%
13:53:08 INFO: [OK] R08 202604010308  [postrace] 完了
13:53:08 INFO: マイグレーション: v_race_mart ビューを再作成しました
13:53:08 INFO: DB 初期化完了: C:\dev\horse-racing-ai\data\umalogi.db
13:53:08 INFO: [CARD] 的中検知 → カード＋SNS生成: 202604010308
13:53:08 INFO: [CARD] 的中カード生成開始: 202604010308
[CARD] カード生成対象: 1 レース
[CARD] 保存: C:\dev\horse-racing-ai\outputs\cards\20260509_R08_新潟8R.png
13:53:10 INFO: [CARD] 的中カード生成完了: 202604010308
13:53:10 INFO: [SNS] ポスト生成開始: 202604010308 (pattern=b)
[SNS] 処理対象: 1 レース
[SNS] 保存: C:\dev\horse-racing-ai\outputs\sns\20260509_R08_新潟8R_hit.txt
13:53:11 INFO: [SNS] ポスト生成完了: 202604010308
13:56:03 ERROR: JVLink ワーカー タイムアウト (180s): date=20260502
13:56:03 WARNING: JVLink 同期失敗 — netkeiba にフォールバック: race_id=202605020508
13:56:03 INFO: JVLink 結果なし → netkeiba フォールバック: race_id=202605020508
13:56:04 ERROR: JVLink ワーカー タイムアウト (180s): date=20260803
13:56:04 WARNING: JVLink 同期失敗 — netkeiba にフォールバック: race_id=202608030508
13:56:04 INFO: JVLink 結果なし → netkeiba フォールバック: race_id=202608030508
13:56:04 INFO: netkeiba から着順取得: race_id=202605020508
13:56:04 INFO: レース結果取得開始: race_id=202605020508
13:56:04 INFO: netkeiba から着順取得: race_id=202608030508
13:56:04 INFO: レース結果取得開始: race_id=202608030508
13:56:06 INFO: 取得完了: race_id=202605020508, 出走頭数=0
13:56:06 INFO: netkeiba: 結果テーブル空 (未確定?) race_id=202605020508
13:56:06 INFO: netkeiba: 未確定 (race_id=202605020508)
13:56:06 INFO: 取得完了: race_id=202608030508, 出走頭数=0
13:56:06 INFO: netkeiba: 結果テーブル空 (未確定?) race_id=202608030508
13:56:06 INFO: netkeiba: 未確定 (race_id=202608030508)
13:56:06 WARNING: [NG] 結果取得 rc=1 (試行 2/8): 202605020508 — 300 秒後に再試行
13:56:06 WARNING: [NG] 結果取得 rc=1 (試行 2/8): 202608030508 — 300 秒後に再試行
14:01:06 INFO: マイグレーション: v_race_mart ビューを再作成しました
14:01:06 INFO: マイグレーション: v_race_mart ビューを再作成しました
14:01:07 INFO: DB 初期化完了: C:\dev\horse-racing-ai\data\umalogi.db
14:01:07 INFO: JVLink RACE TODAY 同期開始: date=20260803
14:01:07 INFO: DB 初期化完了: C:\dev\horse-racing-ai\data\umalogi.db
14:01:07 INFO: JVLink RACE TODAY 同期開始: date=20260502
14:01:09 WARNING: [NG] 結果取得 rc=1 (試行 3/8): 202608030508 — 300 秒後に再試行
14:04:07 ERROR: JVLink ワーカー タイムアウト (180s): date=20260502
14:04:07 WARNING: JVLink 同期失敗 — netkeiba にフォールバック: race_id=202605020508
14:04:07 INFO: JVLink 結果なし → netkeiba フォールバック: race_id=202605020508
14:04:07 INFO: netkeiba から着順取得: race_id=202605020508
14:04:07 INFO: レース結果取得開始: race_id=202605020508
14:04:09 INFO: 取得完了: race_id=202605020508, 出走頭数=0
14:04:09 INFO: netkeiba: 結果テーブル空 (未確定?) race_id=202605020508
14:04:09 INFO: netkeiba: 未確定 (race_id=202605020508)
14:04:09 WARNING: [NG] 結果取得 rc=1 (試行 3/8): 202605020508 — 300 秒後に再試行
14:06:09 INFO: マイグレーション: v_race_mart ビューを再作成しました
14:06:09 INFO: DB 初期化完了: C:\dev\horse-racing-ai\data\umalogi.db
14:06:09 INFO: JVLink RACE TODAY 同期開始: date=20260803
14:09:09 ERROR: JVLink ワーカー タイムアウト (180s): date=20260803
14:09:09 WARNING: JVLink 同期失敗 — netkeiba にフォールバック: race_id=202608030508
14:09:09 INFO: JVLink 結果なし → netkeiba フォールバック: race_id=202608030508
14:09:10 INFO: マイグレーション: v_race_mart ビューを再作成しました
14:09:10 INFO: netkeiba から着順取得: race_id=202608030508
14:09:10 INFO: レース結果取得開始: race_id=202608030508
14:09:10 INFO: DB 初期化完了: C:\dev\horse-racing-ai\data\umalogi.db
14:09:10 INFO: JVLink RACE TODAY 同期開始: date=20260502
14:09:12 INFO: 取得完了: race_id=202608030508, 出走頭数=16
14:09:12 INFO: netkeiba 着順保存: race_id=202608030508 16頭
14:09:14 INFO: 払戻取得完了: race_id=202608030508, 合計 12 件
14:09:14 INFO: 払戻保存: race_id=202608030508, 12 件
14:09:14 INFO: netkeiba 払戻保存: race_id=202608030508 12件
14:09:14 INFO: race_results 確認: race_id=202608030508 (16頭 rank有)
14:09:14 INFO: [評価] race=202608030508 : 予想29件 的中0件 投資¥30700 払戻¥0 ROI=0.0%
14:09:14 INFO: 評価完了: race_id=202608030508  的中=0件  投資¥30700  払戻¥0  ROI=0.0%
14:09:14 INFO: [OK] R08 202608030508  [postrace] 完了
14:09:14 INFO: マイグレーション: v_race_mart ビューを再作成しました
14:09:14 INFO: DB 初期化完了: C:\dev\horse-racing-ai\data\umalogi.db
14:10:00 INFO: [START] R10 202604010310  [prerace] 直前予想開始 (推定発走 14:30)
14:10:00 INFO: [START] R10 202605020510  [prerace] 直前予想開始 (推定発走 14:30)
14:10:00 INFO: [START] R10 202608030510  [prerace] 直前予想開始 (推定発走 14:30)
{
  "race_id": "202608030510",
  "generated_at": "2026-05-09T14:10:10.762480",
  "bias": {
    "today_inner_bias": -0.03490028490028489,
    "today_front_bias": 0.5,
    "today_race_count": 8
  },
  "horses": [
    {
      "horse_number": 1,
      "horse_name": "クラヴァンス",
      "horse_id": "2022104669",
      "sex_age": "牡3",
      "weight_carried": 58.0,
      "horse_weight": null,
      "win_odds": 4.1,
      "popularity": 2,
      "honmei_score": 0.091,
      "ev_score": 0.3731,
      "kelly_fraction": 0.0,
      "manji_ev": 0.7611,
      "odds_vs_morning": 1.0,
      "odds_velocity": null
    },
    {
      "horse_number": 2,
      "horse_name": "メディテラニアン",
      "horse_id": "2022105068",
      "sex_age": "牡3",
      "weight_carried": 58.0,
      "horse_weight": null,
      "win_odds": 5.2,
      "popularity": 3,
      "honmei_score": 0.1302,
      "ev_score": 0.6771,
      "kelly_fraction": 0.0,
      "manji_ev": 0.5524,
      "odds_vs_morning": 1.0,
      "odds_velocity": null
    },
    {
      "horse_number": 3,
      "horse_name": "ヴィスマール",
      "horse_id": "2021105459",
      "sex_age": "牡3",
      "weight_carried": 58.0,
      "horse_weight": null,
      "win_odds": 6.0,
      "popularity": 4,
      "honmei_score": 0.1028,
      "ev_score": 0.617,
      "kelly_fraction": 0.0,
      "manji_ev": 0.7651,
      "odds_vs_morning": 1.0,
      "odds_velocity": null
    },
    {
      "horse_number": 4,
      "horse_name": "リッチブラック",
      "horse_id": "2019103816",
      "sex_age": "牡6",
      "weight_carried": 58.0,
      "horse_weight": null,
      "win_odds": 31.6,
      "popularity": 7,
      "honmei_score": 0.1151,
      "ev_score": 3.6382,
      "kelly_fraction": 0.0086,
      "manji_ev": 0.2416,
      "odds_vs_morning": 1.0,
      "odds_velocity": null
    },
    {
      "horse_number": 5,
      "horse_name": "アオイタケル",
      "horse_id": "2022100330",
      "sex_age": "牡3",
      "weight_carried": 58.0,
      "horse_weight": null,
      "win_odds": 2.3,
      "popularity": 1,
      "honmei_score": 0.1056,
      "ev_score": 0.2428,
      "kelly_fraction": 0.0,
      "manji_ev": 0.894,
      "odds_vs_morning": 1.0,
      "odds_velocity": null
    },
    {
      "horse_number": 6,
      "horse_name": "ダノンカゼルタ",
      "horse_id": "2022104719",
      "sex_age": "騸1",
      "weight_carried": 58.0,
      "horse_weight": null,
      "win_odds": 7.8,
      "popularity": 5,
      "honmei_score": 0.1478,
      "ev_score": 1.1532,
      "kelly_fraction": 0.0023,
      "manji_ev": 1.2508,
      "odds_vs_morning": 1.0,
      "odds_velocity": null
    },
    {
      "horse_number": 7,
      "horse_name": "ミカエルパシャ",
      "horse_id": "2021101751",
      "sex_age": "牡4",
      "weight_carried": 58.0,
      "horse_weight": null,
      "win_odds": 18.7,
      "popularity": 6,
      "honmei_score": 0.0563,
      "ev_score": 1.0533,
      "kelly_fraction": 0.0003,
      "manji_ev": 0.357,
      "odds_vs_morning": 1.0,
      "odds_velocity": null
    },
    {
      "horse_number": 8,
      "horse_name": "ヴォラヴィア",
      "horse_id": "2022107149",
      "sex_age": "牡4",
      "weight_carried": 58.0,
      "horse_weight": null,
      "win_odds": 52.6,
      "popularity": 8,
      "honmei_score": 0.1716,
      "ev_score": 9.0281,
      "kelly_fraction": 0.0156,
      "manji_ev": 1.9064,
      "odds_vs_morning": 1.0,
      "odds_velocity": null
    }
  ],
  "ev_recommend": [
    {
      "horse_number": 8,
      "horse_name": "ヴォラヴィア",
      "win_odds": 52.6,
      "ev_score": 9.0281,
      "kelly_fraction": 0.0156
    },
    {
      "horse_number": 4,
      "horse_name": "リッチブラック",
      "win_odds": 31.6,
      "ev_score": 3.6382,
      "kelly_fraction": 0.0086
    },
    {
      "horse_number": 6,
      "horse_name": "ダノンカゼルタ",
      "win_odds": 7.8,
      "ev_score": 1.1532,
      "kelly_fraction": 0.0023
    },
    {
      "horse_number": 7,
      "horse_name": "ミカエルパシャ",
      "win_odds": 18.7,
      "ev_score": 1.0533,
      "kelly_fraction": 0.0003
    }
  ],
  "honmei_bets": {
    "race_id": "202608030510",
    "model_type": "本命",
    "bets": [
      {
        "bet_type": "単勝",
        "combinations": [
          [
            8
          ]
        ],
        "horse_names": [
          "ヴォラヴィア"
        ],
        "expected_value": 5.0,
        "model_score": 0.172,
        "recommended_bet": 100.0,
        "confidence": 0.172,
        "notes": "確率1位 P(win)=0.17 odds=52.6 EV=5.00"
      },
      {
        "bet_type": "複勝",
        "combinations": [
          [
            8
          ],
          [
            6
          ],
          [
            2
          ]
        ],
        "horse_names": [
          "ヴォラヴィア",
          "ダノンカゼルタ",
          "メディテラニアン"
        ],
        "expected_value": 0.45,
        "model_score": 0.15,
        "recommended_bet": 100.0,
        "confidence": 0.15,
        "notes": "上位3頭を複勝"
      },
      {
        "bet_type": "馬連",
        "combinations": [
          [
            6,
            8
          ],
          [
            2,
            8
          ],
          [
            4,
            8
          ],
          [
            5,
            8
          ],
          [
            3,
            8
          ]
        ],
        "horse_names": [
          "ダノンカゼルタ",
          "ヴォラヴィア",
          "メディテラニアン",
          "ヴォラヴィア",
          "リッチブラック",
          "ヴォラヴィア",
          "アオイタケル",
          "ヴォラヴィア",
          "ヴィスマール",
          "ヴォラヴィア"
        ],
        "expected_value": 4.0,
        "model_score": 0.038,
        "recommended_bet": 100.0,
        "confidence": 0.038,
        "notes": "軸8番×相手5頭フォーメーション Harville最大=0.038"
      },
      {
        "bet_type": "ワイド",
        "combinations": [
          [
            6,
            8
          ],
          [
            2,
            8
          ],
          [
            4,
            8
          ],
          [
            5,
            8
          ],
          [
            3,
            8
          ]
        ],
        "horse_names": [
          "ダノンカゼルタ",
          "ヴォラヴィア",
          "メディテラニアン",
          "ヴォラヴィア",
          "リッチブラック",
          "ヴォラヴィア",
          "アオイタケル",
          "ヴォラヴィア",
          "ヴィスマール",
          "ヴォラヴィア"
        ],
        "expected_value": 3.0,
        "model_score": 0.038,
        "recommended_bet": 100.0,
        "confidence": 0.05,
        "notes": "軸8番×相手5頭ワイド Harville最大=0.038"
      },
      {
        "bet_type": "馬単",
        "combinations": [
          [
            8,
            6
          ],
          [
            8,
            2
          ],
          [
            8,
            4
          ]
        ],
        "horse_names": [
          "ヴォラヴィア",
          "ダノンカゼルタ",
          "ヴォラヴィア",
          "メディテラニアン",
          "ヴォラヴィア",
          "リッチブラック"
        ],
        "expected_value": 5.0,
        "model_score": 0.018,
        "recommended_bet": 100.0,
        "confidence": 0.146,
        "notes": "軸8番→相手3頭フォーメーション Harville最大=0.018"
      },
      {
        "bet_type": "三連複",
        "combinations": [
          [
            2,
            6,
            8
          ],
          [
            4,
            6,
            8
          ]
        ],
        "horse_names": [
          "メディテラニアン",
          "ダノンカゼルタ",
          "ヴォラヴィア",
          "リッチブラック"
        ],
        "expected_value": 5.0,
        "model_score": 0.026,
        "recommended_bet": 100.0,
        "confidence": 0.309,
        "notes": "合成EV最大=5.00 2点 馬番=[(2, 6, 8), (4, 6, 8)]"
      },
      {
        "bet_type": "三連単",
        "combinations": [
          [
            8,
            6,
            2
          ],
          [
            8,
            2,
            6
          ],
          [
            6,
            8,
            2
          ],
          [
            6,
            2,
            8
          ],
          [
            2,
            8,
            6
          ],
          [
            2,
            6,
            8
          ],
          [
            8,
            6,
            4
          ],
          [
            8,
            4,
            6
          ],
          [
            6,
            8,
            4
          ],
          [
            6,
            4,
            8
          ],
          [
            4,
            8,
            6
          ],
          [
            4,
            6,
            8
          ],
          [
            8,
            6,
            5
          ],
          [
            8,
            5,
            6
          ],
          [
            6,
            8,
            5
          ],
          [
            6,
            5,
            8
          ],
          [
            5,
            8,
            6
          ],
          [
            5,
            6,
            8
          ],
          [
            8,
            6,
            3
          ],
          [
            8,
            3,
            6
          ],
          [
            6,
            8,
            3
          ],
          [
            6,
            3,
            8
          ],
          [
            3,
            8,
            6
          ],
          [
            3,
            6,
            8
          ],
          [
            8,
            6,
            1
          ],
          [
            8,
            1,
            6
          ],
          [
            6,
            8,
            1
          ],
          [
            6,
            1,
            8
          ],
          [
            1,
            8,
            6
          ],
          [
            1,
            6,
            8
          ],
          [
            8,
            2,
            4
          ],
          [
            8,
            4,
            2
          ],
          [
            2,
            8,
            4
          ],
          [
            2,
            4,
            8
          ],
          [
            4,
            8,
            2
          ],
          [
            4,
            2,
            8
          ],
          [
            8,
            2,
            5
          ],
          [
            8,
            5,
            2
          ],
          [
            2,
            8,
            5
          ],
          [
            2,
            5,
            8
          ],
          [
            5,
            8,
            2
          ],
          [
            5,
            2,
            8
          ],
          [
            8,
            2,
            3
          ],
          [
            8,
            3,
            2
          ],
          [
            2,
            8,
            3
          ],
          [
            2,
            3,
            8
          ],
          [
            3,
            8,
            2
          ],
          [
            3,
            2,
            8
          ],
          [
            8,
            2,
            1
          ],
          [
            8,
            1,
            2
          ],
          [
            2,
            8,
            1
          ],
          [
            2,
            1,
            8
          ],
          [
            1,
            8,
            2
          ],
          [
            1,
            2,
            8
          ],
          [
            8,
            4,
            5
          ],
          [
            8,
            5,
            4
          ],
          [
            4,
            8,
            5
          ],
          [
            4,
            5,
            8
          ],
          [
            5,
            8,
            4
          ],
          [
            5,
            4,
            8
          ],
          [
            8,
            4,
            3
          ],
          [
            8,
            3,
            4
          ],
          [
            4,
            8,
            3
          ],
          [
            4,
            3,
            8
          ],
          [
            3,
            8,
            4
          ],
          [
            3,
            4,
            8
          ],
          [
            8,
            4,
            1
          ],
          [
            8,
            1,
            4
          ],
          [
            4,
            8,
            1
          ],
          [
            4,
            1,
            8
          ],
          [
            1,
            8,
            4
          ],
          [
            1,
            4,
            8
          ],
          [
            8,
            5,
            3
          ],
          [
            8,
            3,
            5
          ],
          [
            5,
            8,
            3
          ],
          [
            5,
            3,
            8
          ],
          [
            3,
            8,
            5
          ],
          [
            3,
            5,
            8
          ],
          [
            8,
            5,
            1
          ],
          [
            8,
            1,
            5
          ],
          [
            5,
            8,
            1
          ],
          [
            5,
            1,
            8
          ],
          [
            1,
            8,
            5
          ],
          [
            1,
            5,
            8
          ],
          [
            8,
            3,
            1
          ],
          [
            8,
            1,
            3
          ],
          [
            3,
            8,
            1
          ],
          [
            3,
            1,
            8
          ],
          [
            1,
            8,
            3
          ],
          [
            1,
            3,
            8
          ]
        ],
        "horse_names": [
          "ヴォラヴィア",
          "ダノンカゼルタ",
          "メディテラニアン",
          "リッチブラック",
          "アオイタケル",
          "ヴィスマール",
          "クラヴァンス"
        ],
        "expected_value": 6.0,
        "model_score": 0.026,
        "recommended_bet": 100.0,
        "confidence": 0.772,
        "notes": "1頭軸マルチ 軸=8番 相手=[6, 2, 4, 5, 3, 1] 90点 Harville最大=0.0257"
      }
    ]
  },
  "manji_bets": {
    "race_id": "202608030510",
    "model_type": "卍",
    "bets": [
      {
        "bet_type": "単勝",
        "combinations": [
          [
            8
          ]
        ],
        "horse_names": [
          "ヴォラヴィア"
        ],
        "expected_value": 1.906,
        "model_score": 1.906,
        "recommended_bet": 100.0,
        "confidence": 0.036,
        "notes": "確率1位(卍) EV=1.91 odds=52.6"
      },
      {
        "bet_type": "複勝",
        "combinations": [
          [
            8
          ],
          [
            6
          ],
          [
            5
          ]
        ],
        "horse_names": [
          "ヴォラヴィア",
          "ダノンカゼルタ",
          "アオイタケル"
        ],
        "expected_value": 1.35,
        "model_score": 1.35,
        "recommended_bet": 100.0,
        "confidence": 0.6,
        "notes": "確率上位3頭を複勝"
      },
      {
        "bet_type": "馬連",
        "combinations": [
          [
            6,
            8
          ],
          [
            5,
            8
          ],
          [
            3,
            8
          ],
          [
            1,
            8
          ],
          [
            2,
            8
          ]
        ],
        "horse_names": [
          "ダノンカゼルタ",
          "ヴォラヴィア",
          "アオイタケル",
          "ヴォラヴィア",
          "ヴィスマール",
          "ヴォラヴィア",
          "クラヴァンス",
          "ヴォラヴィア",
          "メディテラニアン",
          "ヴォラヴィア"
        ],
        "expected_value": 4.0,
        "model_score": 0.138,
        "recommended_bet": 100.0,
        "confidence": 0.691,
        "notes": "軸8番×相手5頭フォーメーション Harville最大=0.138"
      },
      {
        "bet_type": "ワイド",
        "combinations": [
          [
            6,
            8
          ],
          [
            5,
            8
          ],
          [
            3,
            8
          ],
          [
            1,
            8
          ],
          [
            2,
            8
          ]
        ],
        "horse_names": [
          "ダノンカゼルタ",
          "ヴォラヴィア",
          "アオイタケル",
          "ヴォラヴィア",
          "ヴィスマール",
          "ヴォラヴィア",
          "クラヴァンス",
          "ヴォラヴィア",
          "メディテラニアン",
          "ヴォラヴィア"
        ],
        "expected_value": 3.0,
        "model_score": 0.138,
        "recommended_bet": 100.0,
        "confidence": 0.829,
        "notes": "軸8番×相手5頭ワイド Harville最大=0.138"
      },
      {
        "bet_type": "馬単",
        "combinations": [
          [
            8,
            6
          ],
          [
            8,
            5
          ],
          [
            8,
            3
          ]
        ],
        "horse_names": [
          "ヴォラヴィア",
          "ダノンカゼルタ",
          "ヴォラヴィア",
          "アオイタケル",
          "ヴォラヴィア",
          "ヴィスマール"
        ],
        "expected_value": 5.0,
        "model_score": 0.073,
        "recommended_bet": 100.0,
        "confidence": 0.588,
        "notes": "軸8番→相手3頭フォーメーション Harville最大=0.073"
      },
      {
        "bet_type": "三連複",
        "combinations": [
          [
            5,
            6,
            8
          ]
        ],
        "horse_names": [
          "アオイタケル",
          "ダノンカゼルタ",
          "ヴォラヴィア"
        ],
        "expected_value": 5.0,
        "model_score": 0.09,
        "recommended_bet": 100.0,
        "confidence": 1.0,
        "notes": "合成EV=5.00 Harville=0.0896 馬番=(5, 6, 8)"
      },
      {
        "bet_type": "三連複",
        "combinations": [
          [
            3,
            6,
            8
          ]
        ],
        "horse_names": [
          "ヴィスマール",
          "ダノンカゼルタ",
          "ヴォラヴィア"
        ],
        "expected_value": 5.0,
        "model_score": 0.075,
        "recommended_bet": 100.0,
        "confidence": 1.0,
        "notes": "合成EV=5.00 Harville=0.0748 馬番=(3, 6, 8)"
      },
      {
        "bet_type": "三連複",
        "combinations": [
          [
            1,
            6,
            8
          ]
        ],
        "horse_names": [
          "クラヴァンス",
          "ダノンカゼルタ",
          "ヴォラヴィア"
        ],
        "expected_value": 5.0,
        "model_score": 0.074,
        "recommended_bet": 100.0,
        "confidence": 1.0,
        "notes": "合成EV=5.00 Harville=0.0744 馬番=(1, 6, 8)"
      }
    ]
  },
  "provisional": false
}
{
  "race_id": "202604010310",
  "generated_at": "2026-05-09T14:10:11.073811",
  "bias": {
    "today_inner_bias": -0.07236842105263158,
    "today_front_bias": 0.7142857142857143,
    "today_race_count": 7
  },
  "horses": [
    {
      "horse_number": 1,
      "horse_name": "ジャグアール",
      "horse_id": "2021102717",
      "sex_age": "牡4",
      "weight_carried": 58.0,
      "horse_weight": null,
      "win_odds": 18.5,
      "popularity": 6,
      "honmei_score": 0.1028,
      "ev_score": 1.9023,
      "kelly_fraction": 0.0052,
      "manji_ev": 1.1136,
      "odds_vs_morning": 1.0,
      "odds_velocity": null
    },
    {
      "horse_number": 2,
      "horse_name": "ドーギッド",
      "horse_id": "2022105766",
      "sex_age": "牝1",
      "weight_carried": 56.0,
      "horse_weight": null,
      "win_odds": 14.8,
      "popularity": 5,
      "honmei_score": 0.1716,
      "ev_score": 2.5402,
      "kelly_fraction": 0.0112,
      "manji_ev": 0.9091,
      "odds_vs_morning": 1.0,
      "odds_velocity": null
    },
    {
      "horse_number": 3,
      "horse_name": "スピンザブラッド",
      "horse_id": "2021105244",
      "sex_age": "牡5",
      "weight_carried": 58.0,
      "horse_weight": null,
      "win_odds": 18.8,
      "popularity": 7,
      "honmei_score": 0.1716,
      "ev_score": 3.2268,
      "kelly_fraction": 0.0125,
      "manji_ev": 0.538,
      "odds_vs_morning": 1.0,
      "odds_velocity": null
    },
    {
      "horse_number": 4,
      "horse_name": "メイショウタクボク",
      "horse_id": "2020104000",
      "sex_age": "牡5",
      "weight_carried": 58.0,
      "horse_weight": null,
      "win_odds": 21.0,
      "popularity": 8,
      "honmei_score": 0.0617,
      "ev_score": 1.2955,
      "kelly_fraction": 0.0015,
      "manji_ev": 0.804,
      "odds_vs_morning": 1.0,
      "odds_velocity": null
    },
    {
      "horse_number": 5,
      "horse_name": "トゥルーサクセサー",
      "horse_id": "2021103537",
      "sex_age": "牡5",
      "weight_carried": 58.0,
      "horse_weight": null,
      "win_odds": 4.8,
      "popularity": 2,
      "honmei_score": 0.091,
      "ev_score": 0.4368,
      "kelly_fraction": 0.0,
      "manji_ev": 0.8531,
      "odds_vs_morning": 1.0,
      "odds_velocity": null
    },
    {
      "horse_number": 6,
      "horse_name": "スピアッジャローザ",
      "horse_id": "2022103537",
      "sex_age": "牝4",
      "weight_carried": 56.0,
      "horse_weight": null,
      "win_odds": 7.9,
      "popularity": 4,
      "honmei_score": 0.0564,
      "ev_score": 0.4457,
      "kelly_fraction": 0.0,
      "manji_ev": 0.6602,
      "odds_vs_morning": 1.0,
      "odds_velocity": null
    },
    {
      "horse_number": 7,
      "horse_name": "サトノラポール",
      "horse_id": "2022104786",
      "sex_age": "騸3",
      "weight_carried": 58.0,
      "horse_weight": null,
      "win_odds": 7.8,
      "popularity": 3,
      "honmei_score": 0.1443,
      "ev_score": 1.1259,
      "kelly_fraction": 0.0019,
      "manji_ev": 1.7079,
      "odds_vs_morning": 1.0,
      "odds_velocity": null
    },
    {
      "horse_number": 8,
      "horse_name": "ゴーゴータカシ",
      "horse_id": "2022102135",
      "sex_age": "騸5",
      "weight_carried": 58.0,
      "horse_weight": null,
      "win_odds": 2.1,
      "popularity": 1,
      "honmei_score": 0.091,
      "ev_score": 0.1911,
      "kelly_fraction": 0.0,
      "manji_ev": 0.0862,
      "odds_vs_morning": 1.0,
      "odds_velocity": null
    },
    {
      "horse_number": 9,
      "horse_name": "テンドリームガール",
      "horse_id": "2022106347",
      "sex_age": "牝3",
      "weight_carried": 56.0,
      "horse_weight": null,
      "win_odds": 43.2,
      "popularity": 9,
      "honmei_score": 0.1071,
      "ev_score": 4.6286,
      "kelly_fraction": 0.0086,
      "manji_ev": 1.1098,
      "odds_vs_morning": 1.0,
      "odds_velocity": null
    },
    {
      "horse_number": 10,
      "horse_name": "シャインフリーリー",
      "horse_id": "2022101495",
      "sex_age": "牡7",
      "weight_carried": 58.0,
      "horse_weight": null,
      "win_odds": 52.5,
      "popularity": 11,
      "honmei_score": 0.1716,
      "ev_score": 9.011,
      "kelly_fraction": 0.0156,
      "manji_ev": 0.9203,
      "odds_vs_morning": 1.0,
      "odds_velocity": null
    },
    {
      "horse_number": 11,
      "horse_name": "ピティロディア",
      "horse_id": "2022105400",
      "sex_age": "牡3",
      "weight_carried": 58.0,
      "horse_weight": null,
      "win_odds": 63.8,
      "popularity": 13,
      "honmei_score": 0.1478,
      "ev_score": 9.4324,
      "kelly_fraction": 0.0134,
      "manji_ev": 0.9241,
      "odds_vs_morning": 1.0,
      "odds_velocity": null
    },
    {
      "horse_number": 12,
      "horse_name": "デビューフライト",
      "horse_id": "2022105123",
      "sex_age": "牝4",
      "weight_carried": 56.0,
      "horse_weight": null,
      "win_odds": 45.2,
      "popularity": 10,
      "honmei_score": 0.0516,
      "ev_score": 2.3325,
      "kelly_fraction": 0.003,
      "manji_ev": 0.5012,
      "odds_vs_morning": 1.0,
      "odds_velocity": null
    },
    {
      "horse_number": 13,
      "horse_name": "ワールドキッス",
      "horse_id": "2022104382",
      "sex_age": "牡1",
      "weight_carried": 58.0,
      "horse_weight": null,
      "win_odds": 55.8,
      "popularity": 12,
      "honmei_score": 0.1028,
      "ev_score": 5.7378,
      "kelly_fraction": 0.0086,
      "manji_ev": 0.1637,
      "odds_vs_morning": 1.0,
      "odds_velocity": null
    }
  ],
  "ev_recommend": [
    {
      "horse_number": 11,
      "horse_name": "ピティロディア",
      "win_odds": 63.8,
      "ev_score": 9.4324,
      "kelly_fraction": 0.0134
    },
    {
      "horse_number": 10,
      "horse_name": "シャインフリーリー",
      "win_odds": 52.5,
      "ev_score": 9.011,
      "kelly_fraction": 0.0156
    },
    {
      "horse_number": 13,
      "horse_name": "ワールドキッス",
      "win_odds": 55.8,
      "ev_score": 5.7378,
      "kelly_fraction": 0.0086
    },
    {
      "horse_number": 9,
      "horse_name": "テンドリームガール",
      "win_odds": 43.2,
      "ev_score": 4.6286,
      "kelly_fraction": 0.0086
    },
    {
      "horse_number": 3,
      "horse_name": "スピンザブラッド",
      "win_odds": 18.8,
      "ev_score": 3.2268,
      "kelly_fraction": 0.0125
    },
    {
      "horse_number": 2,
      "horse_name": "ドーギッド",
      "win_odds": 14.8,
      "ev_score": 2.5402,
      "kelly_fraction": 0.0112
    },
    {
      "horse_number": 12,
      "horse_name": "デビューフライト",
      "win_odds": 45.2,
      "ev_score": 2.3325,
      "kelly_fraction": 0.003
    },
    {
      "horse_number": 1,
      "horse_name": "ジャグアール",
      "win_odds": 18.5,
      "ev_score": 1.9023,
      "kelly_fraction": 0.0052
    },
    {
      "horse_number": 4,
      "horse_name": "メイショウタクボク",
      "win_odds": 21.0,
      "ev_score": 1.2955,
      "kelly_fraction": 0.0015
    },
    {
      "horse_number": 7,
      "horse_name": "サトノラポール",
      "win_odds": 7.8,
      "ev_score": 1.1259,
      "kelly_fraction": 0.0019
    }
  ],
  "honmei_bets": {
    "race_id": "202604010310",
    "model_type": "本命",
    "bets": [
      {
        "bet_type": "単勝",
        "combinations": [
          [
            2
          ]
        ],
        "horse_names": [
          "ドーギッド"
        ],
        "expected_value": 2.54,
        "model_score": 0.172,
        "recommended_bet": 100.0,
        "confidence": 0.172,
        "notes": "確率1位 P(win)=0.17 odds=14.8 EV=2.54"
      },
      {
        "bet_type": "複勝",
        "combinations": [
          [
            2
          ],
          [
            3
          ],
          [
            10
          ]
        ],
        "horse_names": [
          "ドーギッド",
          "スピンザブラッド",
          "シャインフリーリー"
        ],
        "expected_value": 0.515,
        "model_score": 0.172,
        "recommended_bet": 100.0,
        "confidence": 0.172,
        "notes": "上位3頭を複勝"
      },
      {
        "bet_type": "馬連",
        "combinations": [
          [
            2,
            3
          ],
          [
            2,
            10
          ],
          [
            2,
            11
          ],
          [
            2,
            7
          ],
          [
            2,
            9
          ]
        ],
        "horse_names": [
          "ドーギッド",
          "スピンザブラッド",
          "ドーギッド",
          "シャインフリーリー",
          "ドーギッド",
          "ピティロディア",
          "ドーギッド",
          "サトノラポール",
          "ドーギッド",
          "テンドリームガール"
        ],
        "expected_value": 2.585,
        "model_score": 0.044,
        "recommended_bet": 100.0,
        "confidence": 0.044,
        "notes": "軸2番×相手5頭フォーメーション Harville最大=0.044"
      },
      {
        "bet_type": "ワイド",
        "combinations": [
          [
            2,
            3
          ],
          [
            2,
            10
          ],
          [
            2,
            11
          ],
          [
            2,
            7
          ],
          [
            2,
            9
          ]
        ],
        "horse_names": [
          "ドーギッド",
          "スピンザブラッド",
          "ドーギッド",
          "シャインフリーリー",
          "ドーギッド",
          "ピティロディア",
          "ドーギッド",
          "サトノラポール",
          "ドーギッド",
          "テンドリームガール"
        ],
        "expected_value": 1.214,
        "model_score": 0.044,
        "recommended_bet": 100.0,
        "confidence": 0.057,
        "notes": "軸2番×相手5頭ワイド Harville最大=0.044"
      },
      {
        "bet_type": "馬単",
        "combinations": [
          [
            2,
            3
          ],
          [
            2,
            10
          ],
          [
            2,
            11
          ]
        ],
        "horse_names": [
          "ドーギッド",
          "スピンザブラッド",
          "ドーギッド",
          "シャインフリーリー",
          "ドーギッド",
          "ピティロディア"
        ],
        "expected_value": 2.413,
        "model_score": 0.022,
        "recommended_bet": 100.0,
        "confidence": 0.176,
        "notes": "軸2番→相手3頭フォーメーション Harville最大=0.022"
      },
      {
        "bet_type": "三連複",
        "combinations": [
          [
            2,
            3,
            7
          ],
          [
            2,
            3,
            10
          ]
        ],
        "horse_names": [
          "ドーギッド",
          "スピンザブラッド",
          "サトノラポール",
          "シャインフリーリー"
        ],
        "expected_value": 3.758,
        "model_score": 0.021,
        "recommended_bet": 100.0,
        "confidence": 0.247,
        "notes": "合成EV最大=3.76 2点 馬番=[(2, 3, 7), (2, 3, 10)]"
      },
      {
        "bet_type": "三連単",
        "combinations": [
          [
            2,
            3,
            10
          ],
          [
            2,
            10,
            3
          ],
          [
            3,
            2,
            10
          ],
          [
            3,
            10,
            2
          ],
          [
            10,
            2,
            3
          ],
          [
            10,
            3,
            2
          ],
          [
            2,
            3,
            11
          ],
          [
            2,
            11,
            3
          ],
          [
            3,
            2,
            11
          ],
          [
            3,
            11,
            2
          ],
          [
            11,
            2,
            3
          ],
          [
            11,
            3,
            2
          ],
          [
            2,
            3,
            7
          ],
          [
            2,
            7,
            3
          ],
          [
            3,
            2,
            7
          ],
          [
            3,
            7,
            2
          ],
          [
            7,
            2,
            3
          ],
          [
            7,
            3,
            2
          ],
          [
            2,
            3,
            9
          ],
          [
            2,
            9,
            3
          ],
          [
            3,
            2,
            9
          ],
          [
            3,
            9,
            2
          ],
          [
            9,
            2,
            3
          ],
          [
            9,
            3,
            2
          ],
          [
            2,
            3,
            13
          ],
          [
            2,
            13,
            3
          ],
          [
            3,
            2,
            13
          ],
          [
            3,
            13,
            2
          ],
          [
            13,
            2,
            3
          ],
          [
            13,
            3,
            2
          ],
          [
            2,
            10,
            11
          ],
          [
            2,
            11,
            10
          ],
          [
            10,
            2,
            11
          ],
          [
            10,
            11,
            2
          ],
          [
            11,
            2,
            10
          ],
          [
            11,
            10,
            2
          ],
          [
            2,
            10,
            7
          ],
          [
            2,
            7,
            10
          ],
          [
            10,
            2,
            7
          ],
          [
            10,
            7,
            2
          ],
          [
            7,
            2,
            10
          ],
          [
            7,
            10,
            2
          ],
          [
            2,
            10,
            9
          ],
          [
            2,
            9,
            10
          ],
          [
            10,
            2,
            9
          ],
          [
            10,
            9,
            2
          ],
          [
            9,
            2,
            10
          ],
          [
            9,
            10,
            2
          ],
          [
            2,
            10,
            13
          ],
          [
            2,
            13,
            10
          ],
          [
            10,
            2,
            13
          ],
          [
            10,
            13,
            2
          ],
          [
            13,
            2,
            10
          ],
          [
            13,
            10,
            2
          ],
          [
            2,
            11,
            7
          ],
          [
            2,
            7,
            11
          ],
          [
            11,
            2,
            7
          ],
          [
            11,
            7,
            2
          ],
          [
            7,
            2,
            11
          ],
          [
            7,
            11,
            2
          ],
          [
            2,
            11,
            9
          ],
          [
            2,
            9,
            11
          ],
          [
            11,
            2,
            9
          ],
          [
            11,
            9,
            2
          ],
          [
            9,
            2,
            11
          ],
          [
            9,
            11,
            2
          ],
          [
            2,
            11,
            13
          ],
          [
            2,
            13,
            11
          ],
          [
            11,
            2,
            13
          ],
          [
            11,
            13,
            2
          ],
          [
            13,
            2,
            11
          ],
          [
            13,
            11,
            2
          ],
          [
            2,
            7,
            9
          ],
          [
            2,
            9,
            7
          ],
          [
            7,
            2,
            9
          ],
          [
            7,
            9,
            2
          ],
          [
            9,
            2,
            7
          ],
          [
            9,
            7,
            2
          ],
          [
            2,
            7,
            13
          ],
          [
            2,
            13,
            7
          ],
          [
            7,
            2,
            13
          ],
          [
            7,
            13,
            2
          ],
          [
            13,
            2,
            7
          ],
          [
            13,
            7,
            2
          ],
          [
            2,
            9,
            13
          ],
          [
            2,
            13,
            9
          ],
          [
            9,
            2,
            13
          ],
          [
            9,
            13,
            2
          ],
          [
            13,
            2,
            9
          ],
          [
            13,
            9,
            2
          ]
        ],
        "horse_names": [
          "ドーギッド",
          "スピンザブラッド",
          "シャインフリーリー",
          "ピティロディア",
          "サトノラポール",
          "テンドリームガール",
          "ワールドキッス"
        ],
        "expected_value": 6.0,
        "model_score": 0.021,
        "recommended_bet": 100.0,
        "confidence": 0.617,
        "notes": "1頭軸マルチ 軸=2番 相手=[3, 10, 11, 7, 9, 13] 90点 Harville最大=0.0206"
      }
    ]
  },
  "manji_bets": {
    "race_id": "202604010310",
    "model_type": "卍",
    "bets": [
      {
        "bet_type": "単勝",
        "combinations": [
          [
            7
          ]
        ],
        "horse_names": [
          "サトノラポール"
        ],
        "expected_value": 1.708,
        "model_score": 1.708,
        "recommended_bet": 100.0,
        "confidence": 0.219,
        "notes": "確率1位(卍) EV=1.71 odds=7.8"
      },
      {
        "bet_type": "複勝",
        "combinations": [
          [
            7
          ],
          [
            1
          ],
          [
            9
          ]
        ],
        "horse_names": [
          "サトノラポール",
          "ジャグアール",
          "テンドリームガール"
        ],
        "expected_value": 1.31,
        "model_score": 1.31,
        "recommended_bet": 100.0,
        "confidence": 0.6,
        "notes": "確率上位3頭を複勝"
      },
      {
        "bet_type": "馬連",
        "combinations": [
          [
            1,
            7
          ],
          [
            7,
            9
          ],
          [
            7,
            11
          ],
          [
            7,
            10
          ],
          [
            2,
            7
          ]
        ],
        "horse_names": [
          "ジャグアール",
          "サトノラポール",
          "サトノラポール",
          "テンドリームガール",
          "サトノラポール",
          "ピティロディア",
          "サトノラポール",
          "シャインフリーリー",
          "ドーギッド",
          "サトノラポール"
        ],
        "expected_value": 1.288,
        "model_score": 0.042,
        "recommended_bet": 100.0,
        "confidence": 0.208,
        "notes": "軸7番×相手5頭フォーメーション Harville最大=0.042"
      },
      {
        "bet_type": "ワイド",
        "combinations": [
          [
            1,
            7
          ],
          [
            7,
            9
          ],
          [
            7,
            11
          ],
          [
            7,
            10
          ],
          [
            2,
            7
          ]
        ],
        "horse_names": [
          "ジャグアール",
          "サトノラポール",
          "サトノラポール",
          "テンドリームガール",
          "サトノラポール",
          "ピティロディア",
          "サトノラポール",
          "シャインフリーリー",
          "ドーギッド",
          "サトノラポール"
        ],
        "expected_value": 0.605,
        "model_score": 0.042,
        "recommended_bet": 100.0,
        "confidence": 0.25,
        "notes": "軸7番×相手5頭ワイド Harville最大=0.042"
      },
      {
        "bet_type": "馬単",
        "combinations": [
          [
            7,
            1
          ],
          [
            7,
            9
          ],
          [
            7,
            11
          ]
        ],
        "horse_names": [
          "サトノラポール",
          "ジャグアール",
          "サトノラポール",
          "テンドリームガール",
          "サトノラポール",
          "ピティロディア"
        ],
        "expected_value": 1.243,
        "model_score": 0.022,
        "recommended_bet": 100.0,
        "confidence": 0.172,
        "notes": "軸7番→相手3頭フォーメーション Harville最大=0.022"
      },
      {
        "bet_type": "三連複",
        "combinations": [
          [
            1,
            7,
            9
          ]
        ],
        "horse_names": [
          "ジャグアール",
          "サトノラポール",
          "テンドリームガール"
        ],
        "expected_value": 1.725,
        "model_score": 0.018,
        "recommended_bet": 100.0,
        "confidence": 0.269,
        "notes": "合成EV=1.72 Harville=0.0179 馬番=(1, 7, 9)"
      },
      {
        "bet_type": "三連複",
        "combinations": [
          [
            1,
            7,
            11
          ]
        ],
        "horse_names": [
          "ジャグアール",
          "サトノラポール",
          "ピティロディア"
        ],
        "expected_value": 1.405,
        "model_score": 0.015,
        "recommended_bet": 100.0,
        "confidence": 0.219,
        "notes": "合成EV=1.41 Harville=0.0146 馬番=(1, 7, 11)"
      },
      {
        "bet_type": "三連複",
        "combinations": [
          [
            7,
            9,
            11
          ]
        ],
        "horse_names": [
          "サトノラポール",
          "テンドリームガール",
          "ピティロディア"
        ],
        "expected_value": 1.4,
        "model_score": 0.015,
        "recommended_bet": 100.0,
        "confidence": 0.218,
        "notes": "合成EV=1.40 Harville=0.0145 馬番=(7, 9, 11)"
      }
    ]
  },
  "provisional": false
}
Exception in thread Thread-16 (_readerthread):
Traceback (most recent call last):
  File "C:\Users\sayaka\AppData\Local\Python\pythoncore-3.14-64\Lib\threading.py", line 1082, in _bootstrap_inner
    self._context.run(self.run)
    ~~~~~~~~~~~~~~~~~^^^^^^^^^^
  File "C:\Users\sayaka\AppData\Local\Python\pythoncore-3.14-64\Lib\threading.py", line 1024, in run
    self._target(*self._args, **self._kwargs)
    ~~~~~~~~~~~~^^^^^^^^^^^^^^^^^^^^^^^^^^^^^
  File "C:\Users\sayaka\AppData\Local\Python\pythoncore-3.14-64\Lib\subprocess.py", line 1613, in _readerthread
    buffer.append(fh.read())
                  ~~~~~~~^^
  File "<frozen codecs>", line 325, in decode
UnicodeDecodeError: 'utf-8' codec can't decode byte 0x92 in position 39: invalid start byte
14:10:12 INFO: [OK] R10 202604010310  [prerace] 完了
Exception in thread Thread-17 (_readerthread):
Traceback (most recent call last):
  File "C:\Users\sayaka\AppData\Local\Python\pythoncore-3.14-64\Lib\threading.py", line 1082, in _bootstrap_inner
    self._context.run(self.run)
    ~~~~~~~~~~~~~~~~~^^^^^^^^^^
  File "C:\Users\sayaka\AppData\Local\Python\pythoncore-3.14-64\Lib\threading.py", line 1024, in run
    self._target(*self._args, **self._kwargs)
    ~~~~~~~~~~~~^^^^^^^^^^^^^^^^^^^^^^^^^^^^^
  File "C:\Users\sayaka\AppData\Local\Python\pythoncore-3.14-64\Lib\subprocess.py", line 1613, in _readerthread
    buffer.append(fh.read())
                  ~~~~~~~^^
  File "<frozen codecs>", line 325, in decode
UnicodeDecodeError: 'utf-8' codec can't decode byte 0x92 in position 39: invalid start byte
{
  "race_id": "202605020510",
  "generated_at": "2026-05-09T14:10:11.357912",
  "bias": {
    "today_inner_bias": -0.09142857142857143,
    "today_front_bias": 0.5714285714285714,
    "today_race_count": 7
  },
  "horses": [
    {
      "horse_number": 1,
      "horse_name": "サンライズケヴィン",
      "horse_id": "2023106546",
      "sex_age": "牡1",
      "weight_carried": 57.0,
      "horse_weight": null,
      "win_odds": 18.8,
      "popularity": 9,
      "honmei_score": 0.1028,
      "ev_score": 1.9332,
      "kelly_fraction": 0.0052,
      "manji_ev": 0.8163,
      "odds_vs_morning": 1.0,
      "odds_velocity": null
    },
    {
      "horse_number": 2,
      "horse_name": "マクリール",
      "horse_id": "2023106821",
      "sex_age": "牡4",
      "weight_carried": 57.0,
      "horse_weight": null,
      "win_odds": 3.6,
      "popularity": 1,
      "honmei_score": 0.1028,
      "ev_score": 0.3702,
      "kelly_fraction": 0.0,
      "manji_ev": 0.7046,
      "odds_vs_morning": 1.0,
      "odds_velocity": null
    },
    {
      "horse_number": 3,
      "horse_name": "ポッドデスペア",
      "horse_id": "2023103983",
      "sex_age": "牡3",
      "weight_carried": 57.0,
      "horse_weight": null,
      "win_odds": 19.1,
      "popularity": 10,
      "honmei_score": 0.0428,
      "ev_score": 0.8174,
      "kelly_fraction": 0.0,
      "manji_ev": 0.0,
      "odds_vs_morning": 1.0,
      "odds_velocity": null
    },
    {
      "horse_number": 4,
      "horse_name": "エコロシード",
      "horse_id": "2023110104",
      "sex_age": "牡3",
      "weight_carried": 57.0,
      "horse_weight": null,
      "win_odds": 10.4,
      "popularity": 4,
      "honmei_score": 0.0782,
      "ev_score": 0.8133,
      "kelly_fraction": 0.0,
      "manji_ev": 0.2002,
      "odds_vs_morning": 1.0,
      "odds_velocity": null
    },
    {
      "horse_number": 5,
      "horse_name": "マイネルミストラル",
      "horse_id": "2023106428",
      "sex_age": "牡3",
      "weight_carried": 57.0,
      "horse_weight": null,
      "win_odds": 18.0,
      "popularity": 7,
      "honmei_score": 0.1443,
      "ev_score": 2.5983,
      "kelly_fraction": 0.0094,
      "manji_ev": 0.9588,
      "odds_vs_morning": 1.0,
      "odds_velocity": null
    },
    {
      "horse_number": 6,
      "horse_name": "エスシーレイジュ",
      "horse_id": "2023104309",
      "sex_age": "牝5",
      "weight_carried": 55.0,
      "horse_weight": null,
      "win_odds": 127.3,
      "popularity": 14,
      "honmei_score": 0.0782,
      "ev_score": 9.9557,
      "kelly_fraction": 0.0071,
      "manji_ev": 0.6995,
      "odds_vs_morning": 1.0,
      "odds_velocity": null
    },
    {
      "horse_number": 7,
      "horse_name": "テイエムキハク",
      "horse_id": "2023102583",
      "sex_age": "牡4",
      "weight_carried": 57.0,
      "horse_weight": null,
      "win_odds": 11.5,
      "popularity": 5,
      "honmei_score": 0.1028,
      "ev_score": 1.1825,
      "kelly_fraction": 0.0017,
      "manji_ev": 0.4172,
      "odds_vs_morning": 1.0,
      "odds_velocity": null
    },
    {
      "horse_number": 8,
      "horse_name": "アトミックブレス",
      "horse_id": "2023101661",
      "sex_age": "牡4",
      "weight_carried": 57.0,
      "horse_weight": null,
      "win_odds": 45.8,
      "popularity": 12,
      "honmei_score": 0.091,
      "ev_score": 4.1678,
      "kelly_fraction": 0.0071,
      "manji_ev": 1.4507,
      "odds_vs_morning": 1.0,
      "odds_velocity": null
    },
    {
      "horse_number": 9,
      "horse_name": "アンヘリータス",
      "horse_id": "2023109164",
      "sex_age": "牝3",
      "weight_carried": 55.0,
      "horse_weight": null,
      "win_odds": 178.5,
      "popularity": 15,
      "honmei_score": 0.1028,
      "ev_score": 18.3548,
      "kelly_fraction": 0.0098,
      "manji_ev": 0.5587,
      "odds_vs_morning": 1.0,
      "odds_velocity": null
    },
    {
      "horse_number": 10,
      "horse_name": "ドンエレクトス",
      "horse_id": "2023101269",
      "sex_age": "牡4",
      "weight_carried": 57.0,
      "horse_weight": null,
      "win_odds": 3.7,
      "popularity": 2,
      "honmei_score": 0.1028,
      "ev_score": 0.3805,
      "kelly_fraction": 0.0,
      "manji_ev": 1.0941,
      "odds_vs_morning": 1.0,
      "odds_velocity": null
    },
    {
      "horse_number": 11,
      "horse_name": "ケブランリ",
      "horse_id": "2023107382",
      "sex_age": "牡3",
      "weight_carried": 57.0,
      "horse_weight": null,
      "win_odds": 20.2,
      "popularity": 11,
      "honmei_score": 0.0782,
      "ev_score": 1.5798,
      "kelly_fraction": 0.003,
      "manji_ev": 1.2479,
      "odds_vs_morning": 1.0,
      "odds_velocity": null
    },
    {
      "horse_number": 12,
      "horse_name": "チュウワカーネギー",
      "horse_id": "2023103895",
      "sex_age": "牡5",
      "weight_carried": 57.0,
      "horse_weight": null,
      "win_odds": 7.4,
      "popularity": 3,
      "honmei_score": 0.1056,
      "ev_score": 0.7813,
      "kelly_fraction": 0.0,
      "manji_ev": 0.9833,
      "odds_vs_morning": 1.0,
      "odds_velocity": null
    },
    {
      "horse_number": 13,
      "horse_name": "アルデトップガン",
      "horse_id": "2023105106",
      "sex_age": "牡3",
      "weight_carried": 57.0,
      "horse_weight": null,
      "win_odds": 12.0,
      "popularity": 6,
      "honmei_score": 0.091,
      "ev_score": 1.092,
      "kelly_fraction": 0.0008,
      "manji_ev": 0.5464,
      "odds_vs_morning": 1.0,
      "odds_velocity": null
    },
    {
      "horse_number": 14,
      "horse_name": "メイショウバルク",
      "horse_id": "2023101951",
      "sex_age": "牡3",
      "weight_carried": 57.0,
      "horse_weight": null,
      "win_odds": 18.6,
      "popularity": 8,
      "honmei_score": 0.0549,
      "ev_score": 1.0204,
      "kelly_fraction": 0.0001,
      "manji_ev": 0.0,
      "odds_vs_morning": 1.0,
      "odds_velocity": null
    },
    {
      "horse_number": 15,
      "horse_name": "ミリオンクラウン",
      "horse_id": "2023100840",
      "sex_age": "牡3",
      "weight_carried": 57.0,
      "horse_weight": null,
      "win_odds": 110.3,
      "popularity": 13,
      "honmei_score": 0.0516,
      "ev_score": 5.6919,
      "kelly_fraction": 0.0043,
      "manji_ev": 0.8043,
      "odds_vs_morning": 1.0,
      "odds_velocity": null
    }
  ],
  "ev_recommend": [
    {
      "horse_number": 9,
      "horse_name": "アンヘリータス",
      "win_odds": 178.5,
      "ev_score": 18.3548,
      "kelly_fraction": 0.0098
    },
    {
      "horse_number": 6,
      "horse_name": "エスシーレイジュ",
      "win_odds": 127.3,
      "ev_score": 9.9557,
      "kelly_fraction": 0.0071
    },
    {
      "horse_number": 15,
      "horse_name": "ミリオンクラウン",
      "win_odds": 110.3,
      "ev_score": 5.6919,
      "kelly_fraction": 0.0043
    },
    {
      "horse_number": 8,
      "horse_name": "アトミックブレス",
      "win_odds": 45.8,
      "ev_score": 4.1678,
      "kelly_fraction": 0.0071
    },
    {
      "horse_number": 5,
      "horse_name": "マイネルミストラル",
      "win_odds": 18.0,
      "ev_score": 2.5983,
      "kelly_fraction": 0.0094
    },
    {
      "horse_number": 1,
      "horse_name": "サンライズケヴィン",
      "win_odds": 18.8,
      "ev_score": 1.9332,
      "kelly_fraction": 0.0052
    },
    {
      "horse_number": 11,
      "horse_name": "ケブランリ",
      "win_odds": 20.2,
      "ev_score": 1.5798,
      "kelly_fraction": 0.003
    },
    {
      "horse_number": 7,
      "horse_name": "テイエムキハク",
      "win_odds": 11.5,
      "ev_score": 1.1825,
      "kelly_fraction": 0.0017
    },
    {
      "horse_number": 13,
      "horse_name": "アルデトップガン",
      "win_odds": 12.0,
      "ev_score": 1.092,
      "kelly_fraction": 0.0008
    },
    {
      "horse_number": 14,
      "horse_name": "メイショウバルク",
      "win_odds": 18.6,
      "ev_score": 1.0204,
      "kelly_fraction": 0.0001
    }
  ],
  "honmei_bets": {
    "race_id": "202605020510",
    "model_type": "本命",
    "bets": [
      {
        "bet_type": "単勝",
        "combinations": [
          [
            5
          ]
        ],
        "horse_names": [
          "マイネルミストラル"
        ],
        "expected_value": 2.598,
        "model_score": 0.144,
        "recommended_bet": 100.0,
        "confidence": 0.144,
        "notes": "確率1位 P(win)=0.14 odds=18.0 EV=2.60"
      },
      {
        "bet_type": "複勝",
        "combinations": [
          [
            5
          ],
          [
            12
          ],
          [
            2
          ]
        ],
        "horse_names": [
          "マイネルミストラル",
          "チュウワカーネギー",
          "マクリール"
        ],
        "expected_value": 0.353,
        "model_score": 0.118,
        "recommended_bet": 100.0,
        "confidence": 0.118,
        "notes": "上位3頭を複勝"
      },
      {
        "bet_type": "馬連",
        "combinations": [
          [
            5,
            12
          ],
          [
            2,
            5
          ],
          [
            5,
            7
          ],
          [
            5,
            10
          ],
          [
            5,
            9
          ]
        ],
        "horse_names": [
          "マイネルミストラル",
          "チュウワカーネギー",
          "マクリール",
          "マイネルミストラル",
          "マイネルミストラル",
          "テイエムキハク",
          "マイネルミストラル",
          "ドンエレクトス",
          "マイネルミストラル",
          "アンヘリータス"
        ],
        "expected_value": 1.736,
        "model_score": 0.024,
        "recommended_bet": 100.0,
        "confidence": 0.024,
        "notes": "軸5番×相手5頭フォーメーション Harville最大=0.024"
      },
      {
        "bet_type": "ワイド",
        "combinations": [
          [
            5,
            12
          ],
          [
            2,
            5
          ],
          [
            5,
            7
          ],
          [
            5,
            10
          ],
          [
            5,
            9
          ]
        ],
        "horse_names": [
          "マイネルミストラル",
          "チュウワカーネギー",
          "マクリール",
          "マイネルミストラル",
          "マイネルミストラル",
          "テイエムキハク",
          "マイネルミストラル",
          "ドンエレクトス",
          "マイネルミストラル",
          "アンヘリータス"
        ],
        "expected_value": 0.815,
        "model_score": 0.024,
        "recommended_bet": 100.0,
        "confidence": 0.032,
        "notes": "軸5番×相手5頭ワイド Harville最大=0.024"
      },
      {
        "bet_type": "馬単",
        "combinations": [
          [
            5,
            12
          ],
          [
            5,
            2
          ],
          [
            5,
            7
          ]
        ],
        "horse_names": [
          "マイネルミストラル",
          "チュウワカーネギー",
          "マイネルミストラル",
          "マクリール",
          "マイネルミストラル",
          "テイエムキハク"
        ],
        "expected_value": 1.65,
        "model_score": 0.012,
        "recommended_bet": 100.0,
        "confidence": 0.099,
        "notes": "軸5番→相手3頭フォーメーション Harville最大=0.012"
      },
      {
        "bet_type": "三連複",
        "combinations": [
          [
            2,
            5,
            12
          ],
          [
            5,
            7,
            12
          ]
        ],
        "horse_names": [
          "マクリール",
          "マイネルミストラル",
          "チュウワカーネギー",
          "テイエムキハク"
        ],
        "expected_value": 1.747,
        "model_score": 0.008,
        "recommended_bet": 100.0,
        "confidence": 0.094,
        "notes": "合成EV最大=1.75 2点 馬番=[(2, 5, 12), (5, 7, 12)]"
      },
      {
        "bet_type": "三連単",
        "combinations": [
          [
            5,
            12,
            2
          ],
          [
            5,
            2,
            12
          ],
          [
            12,
            5,
            2
          ],
          [
            12,
            2,
            5
          ],
          [
            2,
            5,
            12
          ],
          [
            2,
            12,
            5
          ],
          [
            5,
            12,
            7
          ],
          [
            5,
            7,
            12
          ],
          [
            12,
            5,
            7
          ],
          [
            12,
            7,
            5
          ],
          [
            7,
            5,
            12
          ],
          [
            7,
            12,
            5
          ],
          [
            5,
            12,
            10
          ],
          [
            5,
            10,
            12
          ],
          [
            12,
            5,
            10
          ],
          [
            12,
            10,
            5
          ],
          [
            10,
            5,
            12
          ],
          [
            10,
            12,
            5
          ],
          [
            5,
            12,
            9
          ],
          [
            5,
            9,
            12
          ],
          [
            12,
            5,
            9
          ],
          [
            12,
            9,
            5
          ],
          [
            9,
            5,
            12
          ],
          [
            9,
            12,
            5
          ],
          [
            5,
            12,
            1
          ],
          [
            5,
            1,
            12
          ],
          [
            12,
            5,
            1
          ],
          [
            12,
            1,
            5
          ],
          [
            1,
            5,
            12
          ],
          [
            1,
            12,
            5
          ],
          [
            5,
            2,
            7
          ],
          [
            5,
            7,
            2
          ],
          [
            2,
            5,
            7
          ],
          [
            2,
            7,
            5
          ],
          [
            7,
            5,
            2
          ],
          [
            7,
            2,
            5
          ],
          [
            5,
            2,
            10
          ],
          [
            5,
            10,
            2
          ],
          [
            2,
            5,
            10
          ],
          [
            2,
            10,
            5
          ],
          [
            10,
            5,
            2
          ],
          [
            10,
            2,
            5
          ],
          [
            5,
            2,
            9
          ],
          [
            5,
            9,
            2
          ],
          [
            2,
            5,
            9
          ],
          [
            2,
            9,
            5
          ],
          [
            9,
            5,
            2
          ],
          [
            9,
            2,
            5
          ],
          [
            5,
            2,
            1
          ],
          [
            5,
            1,
            2
          ],
          [
            2,
            5,
            1
          ],
          [
            2,
            1,
            5
          ],
          [
            1,
            5,
            2
          ],
          [
            1,
            2,
            5
          ],
          [
            5,
            7,
            10
          ],
          [
            5,
            10,
            7
          ],
          [
            7,
            5,
            10
          ],
          [
            7,
            10,
            5
          ],
          [
            10,
            5,
            7
          ],
          [
            10,
            7,
            5
          ],
          [
            5,
            7,
            9
          ],
          [
            5,
            9,
            7
          ],
          [
            7,
            5,
            9
          ],
          [
            7,
            9,
            5
          ],
          [
            9,
            5,
            7
          ],
          [
            9,
            7,
            5
          ],
          [
            5,
            7,
            1
          ],
          [
            5,
            1,
            7
          ],
          [
            7,
            5,
            1
          ],
          [
            7,
            1,
            5
          ],
          [
            1,
            5,
            7
          ],
          [
            1,
            7,
            5
          ],
          [
            5,
            10,
            9
          ],
          [
            5,
            9,
            10
          ],
          [
            10,
            5,
            9
          ],
          [
            10,
            9,
            5
          ],
          [
            9,
            5,
            10
          ],
          [
            9,
            10,
            5
          ],
          [
            5,
            10,
            1
          ],
          [
            5,
            1,
            10
          ],
          [
            10,
            5,
            1
          ],
          [
            10,
            1,
            5
          ],
          [
            1,
            5,
            10
          ],
          [
            1,
            10,
            5
          ],
          [
            5,
            9,
            1
          ],
          [
            5,
            1,
            9
          ],
          [
            9,
            5,
            1
          ],
          [
            9,
            1,
            5
          ],
          [
            1,
            5,
            9
          ],
          [
            1,
            9,
            5
          ]
        ],
        "horse_names": [
          "マイネルミストラル",
          "チュウワカーネギー",
          "マクリール",
          "テイエムキハク",
          "ドンエレクトス",
          "アンヘリータス",
          "サンライズケヴィン"
        ],
        "expected_value": 6.0,
        "model_score": 0.008,
        "recommended_bet": 100.0,
        "confidence": 0.236,
        "notes": "1頭軸マルチ 軸=5番 相手=[12, 2, 7, 10, 9, 1] 90点 Harville最大=0.0079"
      }
    ]
  },
  "manji_bets": {
    "race_id": "202605020510",
    "model_type": "卍",
    "bets": [
      {
        "bet_type": "単勝",
        "combinations": [
          [
            8
          ]
        ],
        "horse_names": [
          "アトミックブレス"
        ],
        "expected_value": 1.451,
        "model_score": 1.451,
        "recommended_bet": 100.0,
        "confidence": 0.032,
        "notes": "確率1位(卍) EV=1.45 odds=45.8"
      },
      {
        "bet_type": "複勝",
        "combinations": [
          [
            8
          ],
          [
            11
          ],
          [
            10
          ]
        ],
        "horse_names": [
          "アトミックブレス",
          "ケブランリ",
          "ドンエレクトス"
        ],
        "expected_value": 1.264,
        "model_score": 1.264,
        "recommended_bet": 100.0,
        "confidence": 0.6,
        "notes": "確率上位3頭を複勝"
      },
      {
        "bet_type": "馬連",
        "combinations": [
          [
            8,
            11
          ],
          [
            8,
            10
          ],
          [
            8,
            12
          ],
          [
            5,
            8
          ],
          [
            1,
            8
          ]
        ],
        "horse_names": [
          "アトミックブレス",
          "ケブランリ",
          "アトミックブレス",
          "ドンエレクトス",
          "アトミックブレス",
          "チュウワカーネギー",
          "マイネルミストラル",
          "アトミックブレス",
          "サンライズケヴィン",
          "アトミックブレス"
        ],
        "expected_value": 4.0,
        "model_score": 0.038,
        "recommended_bet": 100.0,
        "confidence": 0.189,
        "notes": "軸8番×相手5頭フォーメーション Harville最大=0.038"
      },
      {
        "bet_type": "ワイド",
        "combinations": [
          [
            8,
            11
          ],
          [
            8,
            10
          ],
          [
            8,
            12
          ],
          [
            5,
            8
          ],
          [
            1,
            8
          ]
        ],
        "horse_names": [
          "アトミックブレス",
          "ケブランリ",
          "アトミックブレス",
          "ドンエレクトス",
          "アトミックブレス",
          "チュウワカーネギー",
          "マイネルミストラル",
          "アトミックブレス",
          "サンライズケヴィン",
          "アトミックブレス"
        ],
        "expected_value": 3.0,
        "model_score": 0.038,
        "recommended_bet": 100.0,
        "confidence": 0.227,
        "notes": "軸8番×相手5頭ワイド Harville最大=0.038"
      },
      {
        "bet_type": "馬単",
        "combinations": [
          [
            8,
            11
          ],
          [
            8,
            10
          ],
          [
            8,
            12
          ]
        ],
        "horse_names": [
          "アトミックブレス",
          "ケブランリ",
          "アトミックブレス",
          "ドンエレクトス",
          "アトミックブレス",
          "チュウワカーネギー"
        ],
        "expected_value": 5.0,
        "model_score": 0.019,
        "recommended_bet": 100.0,
        "confidence": 0.153,
        "notes": "軸8番→相手3頭フォーメーション Harville最大=0.019"
      },
      {
        "bet_type": "三連複",
        "combinations": [
          [
            8,
            10,
            11
          ]
        ],
        "horse_names": [
          "アトミックブレス",
          "ドンエレクトス",
          "ケブランリ"
        ],
        "expected_value": 5.0,
        "model_score": 0.015,
        "recommended_bet": 100.0,
        "confidence": 0.232,
        "notes": "合成EV=5.00 Harville=0.0155 馬番=(8, 10, 11)"
      },
      {
        "bet_type": "三連複",
        "combinations": [
          [
            8,
            11,
            12
          ]
        ],
        "horse_names": [
          "アトミックブレス",
          "ケブランリ",
          "チュウワカーネギー"
        ],
        "expected_value": 5.0,
        "model_score": 0.014,
        "recommended_bet": 100.0,
        "confidence": 0.206,
        "notes": "合成EV=5.00 Harville=0.0137 馬番=(8, 11, 12)"
      },
      {
        "bet_type": "三連複",
        "combinations": [
          [
            5,
            8,
            11
          ]
        ],
        "horse_names": [
          "マイネルミストラル",
          "アトミックブレス",
          "ケブランリ"
        ],
        "expected_value": 5.0,
        "model_score": 0.013,
        "recommended_bet": 100.0,
        "confidence": 0.2,
        "notes": "合成EV=5.00 Harville=0.0134 馬番=(5, 8, 11)"
      }
    ]
  },
  "provisional": false
}
14:10:12 INFO: [OK] R10 202608030510  [prerace] 完了
14:10:12 INFO: マイグレーション: v_race_mart ビューを再作成しました
14:10:12 INFO: マイグレーション: v_race_mart ビューを再作成しました
Exception in thread Thread-18 (_readerthread):
Traceback (most recent call last):
  File "C:\Users\sayaka\AppData\Local\Python\pythoncore-3.14-64\Lib\threading.py", line 1082, in _bootstrap_inner
    self._context.run(self.run)
    ~~~~~~~~~~~~~~~~~^^^^^^^^^^
  File "C:\Users\sayaka\AppData\Local\Python\pythoncore-3.14-64\Lib\threading.py", line 1024, in run
    self._target(*self._args, **self._kwargs)
    ~~~~~~~~~~~~^^^^^^^^^^^^^^^^^^^^^^^^^^^^^
  File "C:\Users\sayaka\AppData\Local\Python\pythoncore-3.14-64\Lib\subprocess.py", line 1613, in _readerthread
    buffer.append(fh.read())
                  ~~~~~~~^^
  File "<frozen codecs>", line 325, in decode
UnicodeDecodeError: 'utf-8' codec can't decode byte 0x92 in position 39: invalid start byte
14:10:13 INFO: DB 初期化完了: C:\dev\horse-racing-ai\data\umalogi.db
14:10:13 INFO: [OK] R10 202605020510  [prerace] 完了
14:10:13 INFO: DB 初期化完了: C:\dev\horse-racing-ai\data\umalogi.db
14:10:13 INFO: [NOTE] 注目レース検知 → note 記事生成: 202604010310
14:10:13 INFO: [NOTE] 記事生成開始: 202604010310
14:10:13 INFO: [NOTE] 注目レース検知 → note 記事生成: 202608030510
14:10:13 INFO: [NOTE] 記事生成開始: 202608030510
14:10:13 INFO: マイグレーション: v_race_mart ビューを再作成しました
14:10:13 INFO: DB 初期化完了: C:\dev\horse-racing-ai\data\umalogi.db
14:10:13 INFO: [NOTE] 注目レース検知 → note 記事生成: 202605020510
14:10:13 INFO: [NOTE] 記事生成開始: 202605020510
2026-05-09 14:10:13,963 INFO: マイグレーション: v_race_mart ビューを再作成しました
2026-05-09 14:10:14,053 INFO: マイグレーション: v_race_mart ビューを再作成しました
2026-05-09 14:10:14,270 INFO: マイグレーション: v_race_mart ビューを再作成しました
2026-05-09 14:10:14,378 INFO: DB 初期化完了: C:\dev\horse-racing-ai\data\umalogi.db
2026-05-09 14:10:14,378 INFO: 記事生成: 1 レース
2026-05-09 14:10:14,378 INFO: 生成中: 202608030510
2026-05-09 14:10:14,537 INFO: DB 初期化完了: C:\dev\horse-racing-ai\data\umalogi.db
2026-05-09 14:10:14,537 INFO: 記事生成: 1 レース
2026-05-09 14:10:14,537 INFO: 生成中: 202604010310
2026-05-09 14:10:14,686 INFO: DB 初期化完了: C:\dev\horse-racing-ai\data\umalogi.db
2026-05-09 14:10:14,687 INFO: 記事生成: 1 レース
2026-05-09 14:10:14,687 INFO: 生成中: 202605020510
2026-05-09 14:10:19,743 INFO: [SIMULATE] 特徴量生成 race_id=202605020510: 15 頭 × 52 特徴量 (リーク除外済み)
2026-05-09 14:10:19,833 INFO: [SIMULATE] 特徴量生成 race_id=202608030510: 8 頭 × 52 特徴量 (リーク除外済み)
2026-05-09 14:10:19,956 INFO: 保存: C:\dev\horse-racing-ai\outputs\note\20260509_R10_青竜ステークス.md
[UMALOGI] note記事保存: 20260509_R10_青竜ステークス.md
2026-05-09 14:10:20,057 INFO: [SIMULATE] 特徴量生成 race_id=202604010310: 13 頭 × 52 特徴量 (リーク除外済み)
2026-05-09 14:10:20,065 INFO: 保存: C:\dev\horse-racing-ai\outputs\note\20260509_R10_鴨川特別.md
[UMALOGI] note記事保存: 20260509_R10_鴨川特別.md
2026-05-09 14:10:20,366 INFO: 保存: C:\dev\horse-racing-ai\outputs\note\20260509_R10_粟島特別.md
[UMALOGI] note記事保存: 20260509_R10_粟島特別.md
14:10:20 INFO: [NOTE] 記事生成完了: 202605020510
14:10:20 INFO: [SNS] ポスト生成開始: 202605020510 (pattern=a)
14:10:20 INFO: [NOTE] 記事生成完了: 202608030510
14:10:20 INFO: [SNS] ポスト生成開始: 202608030510 (pattern=a)
14:10:20 INFO: [NOTE] 記事生成完了: 202604010310
14:10:20 INFO: [SNS] ポスト生成開始: 202604010310 (pattern=a)
[SNS] 処理対象: 1 レース
[SNS] 保存: C:\dev\horse-racing-ai\outputs\sns\20260509_R10_青竜ステークス_prerace.txt
14:10:21 INFO: [SNS] ポスト生成完了: 202605020510
[SNS] 処理対象: 1 レース
[SNS] 保存: C:\dev\horse-racing-ai\outputs\sns\20260509_R10_鴨川特別_prerace.txt
14:10:21 INFO: [SNS] ポスト生成完了: 202608030510
[SNS] 処理対象: 1 レース
[SNS] 保存: C:\dev\horse-racing-ai\outputs\sns\20260509_R10_粟島特別_prerace.txt
14:10:21 INFO: [SNS] ポスト生成完了: 202604010310
14:12:10 ERROR: JVLink ワーカー タイムアウト (180s): date=20260502
14:12:10 WARNING: JVLink 同期失敗 — netkeiba にフォールバック: race_id=202605020508
14:12:10 INFO: JVLink 結果なし → netkeiba フォールバック: race_id=202605020508
14:12:10 INFO: netkeiba から着順取得: race_id=202605020508
14:12:10 INFO: レース結果取得開始: race_id=202605020508
14:12:12 INFO: 取得完了: race_id=202605020508, 出走頭数=8
14:12:12 INFO: netkeiba 着順保存: race_id=202605020508 8頭
14:12:14 INFO: 払戻取得完了: race_id=202605020508, 合計 11 件
14:12:14 INFO: 払戻保存: race_id=202605020508, 11 件
14:12:14 INFO: netkeiba 払戻保存: race_id=202605020508 11件
14:12:14 INFO: race_results 確認: race_id=202605020508 (8頭 rank有)
14:12:14 INFO: [評価] race=202605020508 : 予想31件 的中3件 投資¥31000 払戻¥400 ROI=1.3%
14:12:14 INFO: 評価完了: race_id=202605020508  的中=3件  投資¥31000  払戻¥400  ROI=1.3%
14:12:14 INFO: [OK] R08 202605020508  [postrace] 完了
14:12:14 INFO: マイグレーション: v_race_mart ビューを再作成しました
14:12:14 INFO: DB 初期化完了: C:\dev\horse-racing-ai\data\umalogi.db
14:12:14 INFO: [CARD] 的中検知 → カード＋SNS生成: 202605020508
14:12:14 INFO: [CARD] 的中カード生成開始: 202605020508
[CARD] カード生成対象: 1 レース
[CARD] 保存: C:\dev\horse-racing-ai\outputs\cards\20260509_R08_東京8R.png
14:12:16 INFO: [CARD] 的中カード生成完了: 202605020508
14:12:16 INFO: [SNS] ポスト生成開始: 202605020508 (pattern=b)
[SNS] 処理対象: 1 レース
[SNS] 保存: C:\dev\horse-racing-ai\outputs\sns\20260509_R08_東京8R_hit.txt
14:12:17 INFO: [SNS] ポスト生成完了: 202605020508
14:15:00 INFO: [START] R09 202604010309  [postrace] 結果取得開始
14:15:00 INFO: [START] R09 202605020509  [postrace] 結果取得開始
14:15:00 INFO: [START] R09 202608030509  [postrace] 結果取得開始
14:15:00 INFO: マイグレーション: v_race_mart ビューを再作成しました
14:15:00 INFO: マイグレーション: v_race_mart ビューを再作成しました
14:15:00 INFO: マイグレーション: v_race_mart ビューを再作成しました
14:15:00 INFO: DB 初期化完了: C:\dev\horse-racing-ai\data\umalogi.db
14:15:00 INFO: JVLink RACE TODAY 同期開始: date=20260803
14:15:00 INFO: DB 初期化完了: C:\dev\horse-racing-ai\data\umalogi.db
14:15:00 INFO: JVLink RACE TODAY 同期開始: date=20260502
14:15:00 INFO: DB 初期化完了: C:\dev\horse-racing-ai\data\umalogi.db
14:15:00 INFO: JVLink RACE TODAY 同期開始: date=20260401
14:18:00 ERROR: JVLink ワーカー タイムアウト (180s): date=20260803
14:18:00 WARNING: JVLink 同期失敗 — netkeiba にフォールバック: race_id=202608030509
14:18:00 INFO: JVLink 結果なし → netkeiba フォールバック: race_id=202608030509
14:18:00 ERROR: JVLink ワーカー タイムアウト (180s): date=20260502
14:18:00 WARNING: JVLink 同期失敗 — netkeiba にフォールバック: race_id=202605020509
14:18:00 INFO: JVLink 結果なし → netkeiba フォールバック: race_id=202605020509
14:18:01 ERROR: JVLink ワーカー タイムアウト (180s): date=20260401
14:18:01 WARNING: JVLink 同期失敗 — netkeiba にフォールバック: race_id=202604010309
14:18:01 INFO: JVLink 結果なし → netkeiba フォールバック: race_id=202604010309
14:18:01 INFO: netkeiba から着順取得: race_id=202608030509
14:18:01 INFO: レース結果取得開始: race_id=202608030509
14:18:01 INFO: netkeiba から着順取得: race_id=202605020509
14:18:01 INFO: レース結果取得開始: race_id=202605020509
14:18:01 INFO: netkeiba から着順取得: race_id=202604010309
14:18:01 INFO: レース結果取得開始: race_id=202604010309
14:18:03 INFO: 取得完了: race_id=202605020509, 出走頭数=0
14:18:03 INFO: netkeiba: 結果テーブル空 (未確定?) race_id=202605020509
14:18:03 INFO: netkeiba: 未確定 (race_id=202605020509)
14:18:03 WARNING: [NG] 結果取得 rc=1 (試行 1/8): 202605020509 — 300 秒後に再試行
14:18:03 INFO: 取得完了: race_id=202608030509, 出走頭数=0
14:18:03 INFO: netkeiba: 結果テーブル空 (未確定?) race_id=202608030509
14:18:03 INFO: netkeiba: 未確定 (race_id=202608030509)
14:18:03 WARNING: [NG] 結果取得 rc=1 (試行 1/8): 202608030509 — 300 秒後に再試行
14:18:03 INFO: 取得完了: race_id=202604010309, 出走頭数=0
14:18:03 INFO: netkeiba: 結果テーブル空 (未確定?) race_id=202604010309
14:18:03 INFO: netkeiba: 未確定 (race_id=202604010309)
14:18:03 WARNING: [NG] 結果取得 rc=1 (試行 1/8): 202604010309 — 300 秒後に再試行
14:23:03 INFO: マイグレーション: v_race_mart ビューを再作成しました
14:23:03 INFO: マイグレーション: v_race_mart ビューを再作成しました
14:23:04 INFO: DB 初期化完了: C:\dev\horse-racing-ai\data\umalogi.db
14:23:04 INFO: JVLink RACE TODAY 同期開始: date=20260502
14:23:04 INFO: DB 初期化完了: C:\dev\horse-racing-ai\data\umalogi.db
14:23:04 INFO: JVLink RACE TODAY 同期開始: date=20260803
14:23:04 INFO: マイグレーション: v_race_mart ビューを再作成しました
14:23:04 INFO: DB 初期化完了: C:\dev\horse-racing-ai\data\umalogi.db
14:23:04 INFO: JVLink RACE TODAY 同期開始: date=20260401
14:23:06 WARNING: JVLink ワーカー rc=1 stderr=
14:23:06 WARNING: JVLink 同期失敗 — netkeiba にフォールバック: race_id=202604010309
14:23:06 INFO: JVLink 結果なし → netkeiba フォールバック: race_id=202604010309
14:23:06 INFO: netkeiba から着順取得: race_id=202604010309
14:23:06 INFO: レース結果取得開始: race_id=202604010309
14:23:08 INFO: 取得完了: race_id=202604010309, 出走頭数=14
14:23:08 INFO: netkeiba 着順保存: race_id=202604010309 14頭
14:23:10 INFO: 払戻取得完了: race_id=202604010309, 合計 12 件
14:23:10 INFO: 払戻保存: race_id=202604010309, 12 件
14:23:10 INFO: netkeiba 払戻保存: race_id=202604010309 12件
14:23:10 INFO: race_results 確認: race_id=202604010309 (14頭 rank有)
14:23:10 INFO: [評価] race=202604010309 ゆきつばき賞: 予想29件 的中2件 投資¥30700 払戻¥2420 ROI=7.9%
14:23:10 INFO: 評価完了: race_id=202604010309  的中=2件  投資¥30700  払戻¥2420  ROI=7.9%
14:23:10 INFO: [OK] R09 202604010309  [postrace] 完了
14:23:10 INFO: マイグレーション: v_race_mart ビューを再作成しました
14:23:10 INFO: DB 初期化完了: C:\dev\horse-racing-ai\data\umalogi.db
14:23:10 INFO: [CARD] 的中検知 → カード＋SNS生成: 202604010309
14:23:10 INFO: [CARD] 的中カード生成開始: 202604010309
[CARD] カード生成対象: 1 レース
[CARD] 保存: C:\dev\horse-racing-ai\outputs\cards\20260509_R09_ゆきつばき賞.png
14:23:12 INFO: [CARD] 的中カード生成完了: 202604010309
14:23:12 INFO: [SNS] ポスト生成開始: 202604010309 (pattern=b)
[SNS] 処理対象: 1 レース
[SNS] 保存: C:\dev\horse-racing-ai\outputs\sns\20260509_R09_ゆきつばき賞_hit.txt
14:23:12 INFO: [SNS] ポスト生成完了: 202604010309
14:26:04 ERROR: JVLink ワーカー タイムアウト (180s): date=20260803
14:26:04 WARNING: JVLink 同期失敗 — netkeiba にフォールバック: race_id=202608030509
14:26:04 INFO: JVLink 結果なし → netkeiba フォールバック: race_id=202608030509
14:26:04 ERROR: JVLink ワーカー タイムアウト (180s): date=20260502
14:26:04 WARNING: JVLink 同期失敗 — netkeiba にフォールバック: race_id=202605020509
14:26:04 INFO: JVLink 結果なし → netkeiba フォールバック: race_id=202605020509
14:26:04 INFO: netkeiba から着順取得: race_id=202605020509
14:26:04 INFO: レース結果取得開始: race_id=202605020509
14:26:04 INFO: netkeiba から着順取得: race_id=202608030509
14:26:04 INFO: レース結果取得開始: race_id=202608030509
14:26:06 INFO: 取得完了: race_id=202605020509, 出走頭数=0
14:26:06 INFO: netkeiba: 結果テーブル空 (未確定?) race_id=202605020509
14:26:06 INFO: netkeiba: 未確定 (race_id=202605020509)
14:26:06 WARNING: [NG] 結果取得 rc=1 (試行 2/8): 202605020509 — 300 秒後に再試行
14:26:06 INFO: 取得完了: race_id=202608030509, 出走頭数=0
14:26:06 INFO: netkeiba: 結果テーブル空 (未確定?) race_id=202608030509
14:26:06 INFO: netkeiba: 未確定 (race_id=202608030509)
14:26:06 WARNING: [NG] 結果取得 rc=1 (試行 2/8): 202608030509 — 300 秒後に再試行
14:31:06 INFO: マイグレーション: v_race_mart ビューを再作成しました
14:31:06 INFO: マイグレーション: v_race_mart ビューを再作成しました
14:31:07 INFO: DB 初期化完了: C:\dev\horse-racing-ai\data\umalogi.db
14:31:07 INFO: JVLink RACE TODAY 同期開始: date=20260803
14:31:07 INFO: DB 初期化完了: C:\dev\horse-racing-ai\data\umalogi.db
14:31:07 INFO: JVLink RACE TODAY 同期開始: date=20260502
14:31:08 WARNING: [NG] 結果取得 rc=1 (試行 3/8): 202605020509 — 300 秒後に再試行
14:34:07 ERROR: JVLink ワーカー タイムアウト (180s): date=20260803
14:34:07 WARNING: JVLink 同期失敗 — netkeiba にフォールバック: race_id=202608030509
14:34:07 INFO: JVLink 結果なし → netkeiba フォールバック: race_id=202608030509
14:34:07 INFO: netkeiba から着順取得: race_id=202608030509
14:34:07 INFO: レース結果取得開始: race_id=202608030509
14:34:09 INFO: 取得完了: race_id=202608030509, 出走頭数=11
14:34:09 INFO: netkeiba 着順保存: race_id=202608030509 11頭
14:34:11 INFO: 払戻取得完了: race_id=202608030509, 合計 12 件
14:34:11 INFO: 払戻保存: race_id=202608030509, 12 件
14:34:11 INFO: netkeiba 払戻保存: race_id=202608030509 12件
14:34:11 INFO: race_results 確認: race_id=202608030509 (11頭 rank有)
14:34:11 INFO: [評価] race=202608030509 久御山特別: 予想30件 的中0件 投資¥30900 払戻¥0 ROI=0.0%
14:34:11 INFO: 評価完了: race_id=202608030509  的中=0件  投資¥30900  払戻¥0  ROI=0.0%
14:34:11 INFO: [OK] R09 202608030509  [postrace] 完了
14:34:11 INFO: マイグレーション: v_race_mart ビューを再作成しました
14:34:11 INFO: DB 初期化完了: C:\dev\horse-racing-ai\data\umalogi.db
14:36:08 INFO: マイグレーション: v_race_mart ビューを再作成しました
14:36:09 INFO: DB 初期化完了: C:\dev\horse-racing-ai\data\umalogi.db
14:36:09 INFO: JVLink RACE TODAY 同期開始: date=20260502
14:39:09 ERROR: JVLink ワーカー タイムアウト (180s): date=20260502
14:39:09 WARNING: JVLink 同期失敗 — netkeiba にフォールバック: race_id=202605020509
14:39:09 INFO: JVLink 結果なし → netkeiba フォールバック: race_id=202605020509
14:39:09 INFO: netkeiba から着順取得: race_id=202605020509
14:39:09 INFO: レース結果取得開始: race_id=202605020509
14:39:11 INFO: 取得完了: race_id=202605020509, 出走頭数=5
14:39:11 INFO: netkeiba 着順保存: race_id=202605020509 5頭
14:39:13 INFO: 払戻取得完了: race_id=202605020509, 合計 12 件
14:39:13 INFO: 払戻保存: race_id=202605020509, 12 件
14:39:13 INFO: netkeiba 払戻保存: race_id=202605020509 12件
14:39:13 INFO: race_results 確認: race_id=202605020509 (5頭 rank有)
14:39:13 INFO: [評価] race=202605020509 分倍河原ステークス: 予想30件 的中11件 投資¥30900 払戻¥8840 ROI=28.6%
14:39:13 INFO: 評価完了: race_id=202605020509  的中=11件  投資¥30900  払戻¥8840  ROI=28.6%
14:39:13 INFO: [OK] R09 202605020509  [postrace] 完了
14:39:13 INFO: マイグレーション: v_race_mart ビューを再作成しました
14:39:13 INFO: DB 初期化完了: C:\dev\horse-racing-ai\data\umalogi.db
14:39:13 INFO: [CARD] 的中検知 → カード＋SNS生成: 202605020509
14:39:13 INFO: [CARD] 的中カード生成開始: 202605020509
[CARD] カード生成対象: 1 レース
[CARD] 保存: C:\dev\horse-racing-ai\outputs\cards\20260509_R09_分倍河原ステークス.png
14:39:15 INFO: [CARD] 的中カード生成完了: 202605020509
14:39:15 INFO: [SNS] ポスト生成開始: 202605020509 (pattern=b)
[SNS] 処理対象: 1 レース
[SNS] 保存: C:\dev\horse-racing-ai\outputs\sns\20260509_R09_分倍河原ステークス_hit.txt
14:39:16 INFO: [SNS] ポスト生成完了: 202605020509
14:40:00 INFO: [START] R11 202604010311  [prerace] 直前予想開始 (推定発走 15:00)
14:40:00 INFO: [START] R11 202605020511  [prerace] 直前予想開始 (推定発走 15:00)
14:40:00 INFO: [START] R11 202608030511  [prerace] 直前予想開始 (推定発走 15:00)
{
  "race_id": "202605020511",
  "generated_at": "2026-05-09T14:40:09.126797",
  "bias": {
    "today_inner_bias": -0.11293103448275862,
    "today_front_bias": 0.6666666666666666,
    "today_race_count": 9
  },
  "horses": [
    {
      "horse_number": 1,
      "horse_name": "ジュタ",
      "horse_id": "2022104813",
      "sex_age": "牡3",
      "weight_carried": 57.0,
      "horse_weight": null,
      "win_odds": 20.3,
      "popularity": 9,
      "honmei_score": 0.1117,
      "ev_score": 2.267,
      "kelly_fraction": 0.0066,
      "manji_ev": 0.8598,
      "odds_vs_morning": 1.0,
      "odds_velocity": null
    },
    {
      "horse_number": 2,
      "horse_name": "サブマリーナ",
      "horse_id": "2021106449",
      "sex_age": "牡4",
      "weight_carried": 57.0,
      "horse_weight": null,
      "win_odds": 10.3,
      "popularity": 4,
      "honmei_score": 0.0782,
      "ev_score": 0.8055,
      "kelly_fraction": 0.0,
      "manji_ev": 0.5593,
      "odds_vs_morning": 1.0,
      "odds_velocity": null
    },
    {
      "horse_number": 3,
      "horse_name": "エピファニー",
      "horse_id": "2019105532",
      "sex_age": "牡5",
      "weight_carried": 57.0,
      "horse_weight": null,
      "win_odds": 68.9,
      "popularity": 17,
      "honmei_score": 0.0658,
      "ev_score": 4.5364,
      "kelly_fraction": 0.0052,
      "manji_ev": 0.4407,
      "odds_vs_morning": 1.0,
      "odds_velocity": null
    },
    {
      "horse_number": 4,
      "horse_name": "カラマティアノス",
      "horse_id": "2022104896",
      "sex_age": "牡3",
      "weight_carried": 58.0,
      "horse_weight": null,
      "win_odds": 5.3,
      "popularity": 3,
      "honmei_score": 0.0549,
      "ev_score": 0.2908,
      "kelly_fraction": 0.0,
      "manji_ev": 0.0568,
      "odds_vs_morning": 1.0,
      "odds_velocity": null
    },
    {
      "horse_number": 5,
      "horse_name": "ジュンブロッサム",
      "horse_id": "2019105118",
      "sex_age": "牡4",
      "weight_carried": 58.0,
      "horse_weight": null,
      "win_odds": 17.3,
      "popularity": 8,
      "honmei_score": 0.1028,
      "ev_score": 1.7789,
      "kelly_fraction": 0.0048,
      "manji_ev": 0.0683,
      "odds_vs_morning": 1.0,
      "odds_velocity": null
    },
    {
      "horse_number": 6,
      "horse_name": "マジックサンズ",
      "horse_id": "2022104772",
      "sex_age": "牡4",
      "weight_carried": 57.0,
      "horse_weight": null,
      "win_odds": 13.7,
      "popularity": 6,
      "honmei_score": 0.0563,
      "ev_score": 0.7717,
      "kelly_fraction": 0.0,
      "manji_ev": 0.2137,
      "odds_vs_morning": 1.0,
      "odds_velocity": null
    },
    {
      "horse_number": 7,
      "horse_name": "オクタヴィアヌス",
      "horse_id": "2020103132",
      "sex_age": "牡3",
      "weight_carried": 57.0,
      "horse_weight": null,
      "win_odds": 62.5,
      "popularity": 15,
      "honmei_score": 0.1028,
      "ev_score": 6.4267,
      "kelly_fraction": 0.0088,
      "manji_ev": 1.439,
      "odds_vs_morning": 1.0,
      "odds_velocity": null
    },
    {
      "horse_number": 8,
      "horse_name": "シルトホルン",
      "horse_id": "2020105424",
      "sex_age": "牡4",
      "weight_carried": 57.0,
      "horse_weight": null,
      "win_odds": 11.4,
      "popularity": 5,
      "honmei_score": 0.0658,
      "ev_score": 0.7506,
      "kelly_fraction": 0.0,
      "manji_ev": 1.0595,
      "odds_vs_morning": 1.0,
      "odds_velocity": null
    },
    {
      "horse_number": 9,
      "horse_name": "マテンロウレオ",
      "horse_id": "2019102879",
      "sex_age": "牡4",
      "weight_carried": 57.0,
      "horse_weight": null,
      "win_odds": 37.3,
      "popularity": 12,
      "honmei_score": 0.0794,
      "ev_score": 2.9625,
      "kelly_fraction": 0.0054,
      "manji_ev": 0.0,
      "odds_vs_morning": 1.0,
      "odds_velocity": null
    },
    {
      "horse_number": 10,
      "horse_name": "センツブラッド",
      "horse_id": "2022101648",
      "sex_age": "牡4",
      "weight_carried": 57.0,
      "horse_weight": null,
      "win_odds": 39.8,
      "popularity": 13,
      "honmei_score": 0.0782,
      "ev_score": 3.1126,
      "kelly_fraction": 0.0054,
      "manji_ev": 2.119,
      "odds_vs_morning": 1.0,
      "odds_velocity": null
    },
    {
      "horse_number": 11,
      "horse_name": "トロヴァトーレ",
      "horse_id": "2021105557",
      "sex_age": "牡5",
      "weight_carried": 58.0,
      "horse_weight": null,
      "win_odds": 4.0,
      "popularity": 1,
      "honmei_score": 0.0782,
      "ev_score": 0.3128,
      "kelly_fraction": 0.0,
      "manji_ev": 0.8526,
      "odds_vs_morning": 1.0,
      "odds_velocity": null
    },
    {
      "horse_number": 12,
      "horse_name": "マイネルモーント",
      "horse_id": "2020105749",
      "sex_age": "牡7",
      "weight_carried": 57.0,
      "horse_weight": null,
      "win_odds": 32.6,
      "popularity": 11,
      "honmei_score": 0.0516,
      "ev_score": 1.6823,
      "kelly_fraction": 0.0022,
      "manji_ev": 0.2275,
      "odds_vs_morning": 1.0,
      "odds_velocity": null
    },
    {
      "horse_number": 13,
      "horse_name": "オニャンコポン",
      "horse_id": "2019104756",
      "sex_age": "騸3",
      "weight_carried": 57.0,
      "horse_weight": null,
      "win_odds": 60.2,
      "popularity": 14,
      "honmei_score": 0.0549,
      "ev_score": 3.3026,
      "kelly_fraction": 0.0039,
      "manji_ev": 0.7989,
      "odds_vs_morning": 1.0,
      "odds_velocity": null
    },
    {
      "horse_number": 14,
      "horse_name": "サクラファレル",
      "horse_id": "2022104094",
      "sex_age": "牡3",
      "weight_carried": 57.0,
      "horse_weight": null,
      "win_odds": 5.2,
      "popularity": 2,
      "honmei_score": 0.1302,
      "ev_score": 0.6771,
      "kelly_fraction": 0.0,
      "manji_ev": 0.8551,
      "odds_vs_morning": 1.0,
      "odds_velocity": null
    },
    {
      "horse_number": 15,
      "horse_name": "ストレイトトーカー",
      "horse_id": "2022101669",
      "sex_age": "牡5",
      "weight_carried": 57.0,
      "horse_weight": null,
      "win_odds": 62.8,
      "popularity": 16,
      "honmei_score": 0.0617,
      "ev_score": 3.8741,
      "kelly_fraction": 0.0047,
      "manji_ev": 0.3395,
      "odds_vs_morning": 1.0,
      "odds_velocity": null
    },
    {
      "horse_number": 16,
      "horse_name": "ステレンボッシュ",
      "horse_id": "2021105743",
      "sex_age": "牝3",
      "weight_carried": 56.0,
      "horse_weight": null,
      "win_odds": 13.9,
      "popularity": 7,
      "honmei_score": 0.0782,
      "ev_score": 1.0871,
      "kelly_fraction": 0.0007,
      "manji_ev": 0.6254,
      "odds_vs_morning": 1.0,
      "odds_velocity": null
    },
    {
      "horse_number": 17,
      "horse_name": "レガーロデルシエロ",
      "horse_id": "2021105661",
      "sex_age": "牡3",
      "weight_carried": 57.0,
      "horse_weight": null,
      "win_odds": 22.0,
      "popularity": 10,
      "honmei_score": 0.091,
      "ev_score": 2.002,
      "kelly_fraction": 0.0048,
      "manji_ev": 0.3175,
      "odds_vs_morning": 1.0,
      "odds_velocity": null
    }
  ],
  "ev_recommend": [
    {
      "horse_number": 7,
      "horse_name": "オクタヴィアヌス",
      "win_odds": 62.5,
      "ev_score": 6.4267,
      "kelly_fraction": 0.0088
    },
    {
      "horse_number": 3,
      "horse_name": "エピファニー",
      "win_odds": 68.9,
      "ev_score": 4.5364,
      "kelly_fraction": 0.0052
    },
    {
      "horse_number": 15,
      "horse_name": "ストレイトトーカー",
      "win_odds": 62.8,
      "ev_score": 3.8741,
      "kelly_fraction": 0.0047
    },
    {
      "horse_number": 13,
      "horse_name": "オニャンコポン",
      "win_odds": 60.2,
      "ev_score": 3.3026,
      "kelly_fraction": 0.0039
    },
    {
      "horse_number": 10,
      "horse_name": "センツブラッド",
      "win_odds": 39.8,
      "ev_score": 3.1126,
      "kelly_fraction": 0.0054
    },
    {
      "horse_number": 9,
      "horse_name": "マテンロウレオ",
      "win_odds": 37.3,
      "ev_score": 2.9625,
      "kelly_fraction": 0.0054
    },
    {
      "horse_number": 1,
      "horse_name": "ジュタ",
      "win_odds": 20.3,
      "ev_score": 2.267,
      "kelly_fraction": 0.0066
    },
    {
      "horse_number": 17,
      "horse_name": "レガーロデルシエロ",
      "win_odds": 22.0,
      "ev_score": 2.002,
      "kelly_fraction": 0.0048
    },
    {
      "horse_number": 5,
      "horse_name": "ジュンブロッサム",
      "win_odds": 17.3,
      "ev_score": 1.7789,
      "kelly_fraction": 0.0048
    },
    {
      "horse_number": 12,
      "horse_name": "マイネルモーント",
      "win_odds": 32.6,
      "ev_score": 1.6823,
      "kelly_fraction": 0.0022
    },
    {
      "horse_number": 16,
      "horse_name": "ステレンボッシュ",
      "win_odds": 13.9,
      "ev_score": 1.0871,
      "kelly_fraction": 0.0007
    }
  ],
  "honmei_bets": {
    "race_id": "202605020511",
    "model_type": "本命",
    "bets": [
      {
        "bet_type": "単勝",
        "combinations": [
          [
            14
          ]
        ],
        "horse_names": [
          "サクラファレル"
        ],
        "expected_value": 0.677,
        "model_score": 0.13,
        "recommended_bet": 100.0,
        "confidence": 0.13,
        "notes": "確率1位 P(win)=0.13 odds=5.2 EV=0.68"
      },
      {
        "bet_type": "複勝",
        "combinations": [
          [
            14
          ],
          [
            1
          ],
          [
            5
          ]
        ],
        "horse_names": [
          "サクラファレル",
          "ジュタ",
          "ジュンブロッサム"
        ],
        "expected_value": 0.345,
        "model_score": 0.115,
        "recommended_bet": 100.0,
        "confidence": 0.115,
        "notes": "上位3頭を複勝"
      },
      {
        "bet_type": "馬連",
        "combinations": [
          [
            1,
            14
          ],
          [
            5,
            14
          ],
          [
            7,
            14
          ],
          [
            14,
            17
          ],
          [
            9,
            14
          ]
        ],
        "horse_names": [
          "ジュタ",
          "サクラファレル",
          "ジュンブロッサム",
          "サクラファレル",
          "オクタヴィアヌス",
          "サクラファレル",
          "サクラファレル",
          "レガーロデルシエロ",
          "マテンロウレオ",
          "サクラファレル"
        ],
        "expected_value": 0.394,
        "model_score": 0.019,
        "recommended_bet": 100.0,
        "confidence": 0.019,
        "notes": "軸14番×相手5頭フォーメーション Harville最大=0.019"
      },
      {
        "bet_type": "ワイド",
        "combinations": [
          [
            1,
            14
          ],
          [
            5,
            14
          ],
          [
            7,
            14
          ],
          [
            14,
            17
          ],
          [
            9,
            14
          ]
        ],
        "horse_names": [
          "ジュタ",
          "サクラファレル",
          "ジュンブロッサム",
          "サクラファレル",
          "オクタヴィアヌス",
          "サクラファレル",
          "サクラファレル",
          "レガーロデルシエロ",
          "マテンロウレオ",
          "サクラファレル"
        ],
        "expected_value": 0.185,
        "model_score": 0.019,
        "recommended_bet": 100.0,
        "confidence": 0.025,
        "notes": "軸14番×相手5頭ワイド Harville最大=0.019"
      },
      {
        "bet_type": "馬単",
        "combinations": [
          [
            14,
            1
          ],
          [
            14,
            5
          ],
          [
            14,
            7
          ]
        ],
        "horse_names": [
          "サクラファレル",
          "ジュタ",
          "サクラファレル",
          "ジュンブロッサム",
          "サクラファレル",
          "オクタヴィアヌス"
        ],
        "expected_value": 0.371,
        "model_score": 0.01,
        "recommended_bet": 100.0,
        "confidence": 0.077,
        "notes": "軸14番→相手3頭フォーメーション Harville最大=0.010"
      },
      {
        "bet_type": "三連複",
        "combinations": [
          [
            1,
            5,
            14
          ],
          [
            1,
            14,
            17
          ]
        ],
        "horse_names": [
          "ジュタ",
          "ジュンブロッサム",
          "サクラファレル",
          "レガーロデルシエロ"
        ],
        "expected_value": 0.353,
        "model_score": 0.006,
        "recommended_bet": 100.0,
        "confidence": 0.066,
        "notes": "合成EV最大=0.35 2点 馬番=[(1, 5, 14), (1, 14, 17)]"
      },
      {
        "bet_type": "三連単",
        "combinations": [
          [
            14,
            1,
            5
          ],
          [
            14,
            5,
            1
          ],
          [
            1,
            14,
            5
          ],
          [
            1,
            5,
            14
          ],
          [
            5,
            14,
            1
          ],
          [
            5,
            1,
            14
          ],
          [
            14,
            1,
            7
          ],
          [
            14,
            7,
            1
          ],
          [
            1,
            14,
            7
          ],
          [
            1,
            7,
            14
          ],
          [
            7,
            14,
            1
          ],
          [
            7,
            1,
            14
          ],
          [
            14,
            1,
            17
          ],
          [
            14,
            17,
            1
          ],
          [
            1,
            14,
            17
          ],
          [
            1,
            17,
            14
          ],
          [
            17,
            14,
            1
          ],
          [
            17,
            1,
            14
          ],
          [
            14,
            1,
            9
          ],
          [
            14,
            9,
            1
          ],
          [
            1,
            14,
            9
          ],
          [
            1,
            9,
            14
          ],
          [
            9,
            14,
            1
          ],
          [
            9,
            1,
            14
          ],
          [
            14,
            1,
            10
          ],
          [
            14,
            10,
            1
          ],
          [
            1,
            14,
            10
          ],
          [
            1,
            10,
            14
          ],
          [
            10,
            14,
            1
          ],
          [
            10,
            1,
            14
          ],
          [
            14,
            5,
            7
          ],
          [
            14,
            7,
            5
          ],
          [
            5,
            14,
            7
          ],
          [
            5,
            7,
            14
          ],
          [
            7,
            14,
            5
          ],
          [
            7,
            5,
            14
          ],
          [
            14,
            5,
            17
          ],
          [
            14,
            17,
            5
          ],
          [
            5,
            14,
            17
          ],
          [
            5,
            17,
            14
          ],
          [
            17,
            14,
            5
          ],
          [
            17,
            5,
            14
          ],
          [
            14,
            5,
            9
          ],
          [
            14,
            9,
            5
          ],
          [
            5,
            14,
            9
          ],
          [
            5,
            9,
            14
          ],
          [
            9,
            14,
            5
          ],
          [
            9,
            5,
            14
          ],
          [
            14,
            5,
            10
          ],
          [
            14,
            10,
            5
          ],
          [
            5,
            14,
            10
          ],
          [
            5,
            10,
            14
          ],
          [
            10,
            14,
            5
          ],
          [
            10,
            5,
            14
          ],
          [
            14,
            7,
            17
          ],
          [
            14,
            17,
            7
          ],
          [
            7,
            14,
            17
          ],
          [
            7,
            17,
            14
          ],
          [
            17,
            14,
            7
          ],
          [
            17,
            7,
            14
          ],
          [
            14,
            7,
            9
          ],
          [
            14,
            9,
            7
          ],
          [
            7,
            14,
            9
          ],
          [
            7,
            9,
            14
          ],
          [
            9,
            14,
            7
          ],
          [
            9,
            7,
            14
          ],
          [
            14,
            7,
            10
          ],
          [
            14,
            10,
            7
          ],
          [
            7,
            14,
            10
          ],
          [
            7,
            10,
            14
          ],
          [
            10,
            14,
            7
          ],
          [
            10,
            7,
            14
          ],
          [
            14,
            17,
            9
          ],
          [
            14,
            9,
            17
          ],
          [
            17,
            14,
            9
          ],
          [
            17,
            9,
            14
          ],
          [
            9,
            14,
            17
          ],
          [
            9,
            17,
            14
          ],
          [
            14,
            17,
            10
          ],
          [
            14,
            10,
            17
          ],
          [
            17,
            14,
            10
          ],
          [
            17,
            10,
            14
          ],
          [
            10,
            14,
            17
          ],
          [
            10,
            17,
            14
          ],
          [
            14,
            9,
            10
          ],
          [
            14,
            10,
            9
          ],
          [
            9,
            14,
            10
          ],
          [
            9,
            10,
            14
          ],
          [
            10,
            14,
            9
          ],
          [
            10,
            9,
            14
          ]
        ],
        "horse_names": [
          "サクラファレル",
          "ジュタ",
          "ジュンブロッサム",
          "オクタヴィアヌス",
          "レガーロデルシエロ",
          "マテンロウレオ",
          "センツブラッド"
        ],
        "expected_value": 1.394,
        "model_score": 0.006,
        "recommended_bet": 200.0,
        "confidence": 0.165,
        "notes": "1頭軸マルチ 軸=14番 相手=[1, 5, 7, 17, 9, 10] 90点 Harville最大=0.0055"
      }
    ]
  },
  "manji_bets": {
    "race_id": "202605020511",
    "model_type": "卍",
    "bets": [
      {
        "bet_type": "単勝",
        "combinations": [
          [
            10
          ]
        ],
        "horse_names": [
          "センツブラッド"
        ],
        "expected_value": 2.119,
        "model_score": 2.119,
        "recommended_bet": 100.0,
        "confidence": 0.053,
        "notes": "確率1位(卍) EV=2.12 odds=39.8"
      },
      {
        "bet_type": "複勝",
        "combinations": [
          [
            10
          ],
          [
            7
          ],
          [
            8
          ]
        ],
        "horse_names": [
          "センツブラッド",
          "オクタヴィアヌス",
          "シルトホルン"
        ],
        "expected_value": 1.539,
        "model_score": 1.539,
        "recommended_bet": 100.0,
        "confidence": 0.6,
        "notes": "確率上位3頭を複勝"
      },
      {
        "bet_type": "馬連",
        "combinations": [
          [
            7,
            10
          ],
          [
            8,
            10
          ],
          [
            1,
            10
          ],
          [
            10,
            14
          ],
          [
            10,
            11
          ]
        ],
        "horse_names": [
          "オクタヴィアヌス",
          "センツブラッド",
          "シルトホルン",
          "センツブラッド",
          "ジュタ",
          "センツブラッド",
          "センツブラッド",
          "サクラファレル",
          "センツブラッド",
          "トロヴァトーレ"
        ],
        "expected_value": 4.0,
        "model_score": 0.062,
        "recommended_bet": 100.0,
        "confidence": 0.311,
        "notes": "軸10番×相手5頭フォーメーション Harville最大=0.062"
      },
      {
        "bet_type": "ワイド",
        "combinations": [
          [
            7,
            10
          ],
          [
            8,
            10
          ],
          [
            1,
            10
          ],
          [
            10,
            14
          ],
          [
            10,
            11
          ]
        ],
        "horse_names": [
          "オクタヴィアヌス",
          "センツブラッド",
          "シルトホルン",
          "センツブラッド",
          "ジュタ",
          "センツブラッド",
          "センツブラッド",
          "サクラファレル",
          "センツブラッド",
          "トロヴァトーレ"
        ],
        "expected_value": 3.0,
        "model_score": 0.062,
        "recommended_bet": 100.0,
        "confidence": 0.374,
        "notes": "軸10番×相手5頭ワイド Harville最大=0.062"
      },
      {
        "bet_type": "馬単",
        "combinations": [
          [
            10,
            7
          ],
          [
            10,
            8
          ],
          [
            10,
            1
          ]
        ],
        "horse_names": [
          "センツブラッド",
          "オクタヴィアヌス",
          "センツブラッド",
          "シルトホルン",
          "センツブラッド",
          "ジュタ"
        ],
        "expected_value": 5.0,
        "model_score": 0.032,
        "recommended_bet": 100.0,
        "confidence": 0.258,
        "notes": "軸10番→相手3頭フォーメーション Harville最大=0.032"
      },
      {
        "bet_type": "三連複",
        "combinations": [
          [
            7,
            8,
            10
          ]
        ],
        "horse_names": [
          "オクタヴィアヌス",
          "シルトホルン",
          "センツブラッド"
        ],
        "expected_value": 5.0,
        "model_score": 0.025,
        "recommended_bet": 100.0,
        "confidence": 0.375,
        "notes": "合成EV=5.00 Harville=0.0250 馬番=(7, 8, 10)"
      },
      {
        "bet_type": "三連複",
        "combinations": [
          [
            1,
            7,
            10
          ]
        ],
        "horse_names": [
          "ジュタ",
          "オクタヴィアヌス",
          "センツブラッド"
        ],
        "expected_value": 5.0,
        "model_score": 0.02,
        "recommended_bet": 100.0,
        "confidence": 0.298,
        "notes": "合成EV=5.00 Harville=0.0198 馬番=(1, 7, 10)"
      },
      {
        "bet_type": "三連複",
        "combinations": [
          [
            7,
            10,
            14
          ]
        ],
        "horse_names": [
          "オクタヴィアヌス",
          "センツブラッド",
          "サクラファレル"
        ],
        "expected_value": 5.0,
        "model_score": 0.02,
        "recommended_bet": 100.0,
        "confidence": 0.296,
        "notes": "合成EV=5.00 Harville=0.0197 馬番=(7, 10, 14)"
      }
    ]
  },
  "provisional": false
}
{
  "race_id": "202604010311",
  "generated_at": "2026-05-09T14:40:09.015834",
  "bias": {
    "today_inner_bias": -0.07954545454545454,
    "today_front_bias": 0.625,
    "today_race_count": 8
  },
  "horses": [
    {
      "horse_number": 1,
      "horse_name": "パラサイコロジー",
      "horse_id": "2022104862",
      "sex_age": "牝1",
      "weight_carried": 56.0,
      "horse_weight": null,
      "win_odds": 8.4,
      "popularity": 5,
      "honmei_score": 0.1443,
      "ev_score": 1.2125,
      "kelly_fraction": 0.0029,
      "manji_ev": 1.4276,
      "odds_vs_morning": 1.0,
      "odds_velocity": null
    },
    {
      "horse_number": 2,
      "horse_name": "ショウナンラスボス",
      "horse_id": "2018103926",
      "sex_age": "牡1",
      "weight_carried": 58.0,
      "horse_weight": null,
      "win_odds": 83.2,
      "popularity": 15,
      "honmei_score": 0.091,
      "ev_score": 7.5711,
      "kelly_fraction": 0.008,
      "manji_ev": 0.0,
      "odds_vs_morning": 1.0,
      "odds_velocity": null
    },
    {
      "horse_number": 3,
      "horse_name": "スコーピオン",
      "horse_id": "2021100792",
      "sex_age": "牡7",
      "weight_carried": 58.0,
      "horse_weight": null,
      "win_odds": 39.9,
      "popularity": 12,
      "honmei_score": 0.0428,
      "ev_score": 1.7075,
      "kelly_fraction": 0.0018,
      "manji_ev": 0.1463,
      "odds_vs_morning": 1.0,
      "odds_velocity": null
    },
    {
      "horse_number": 4,
      "horse_name": "シャカシャカシー",
      "horse_id": "2021101237",
      "sex_age": "牡2",
      "weight_carried": 58.0,
      "horse_weight": null,
      "win_odds": 49.2,
      "popularity": 13,
      "honmei_score": 0.1478,
      "ev_score": 7.2739,
      "kelly_fraction": 0.013,
      "manji_ev": 1.3954,
      "odds_vs_morning": 1.0,
      "odds_velocity": null
    },
    {
      "horse_number": 5,
      "horse_name": "カウンターセブン",
      "horse_id": "2022104197",
      "sex_age": "牡3",
      "weight_carried": 58.0,
      "horse_weight": null,
      "win_odds": 7.5,
      "popularity": 3,
      "honmei_score": 0.091,
      "ev_score": 0.6825,
      "kelly_fraction": 0.0,
      "manji_ev": 1.1076,
      "odds_vs_morning": 1.0,
      "odds_velocity": null
    },
    {
      "horse_number": 6,
      "horse_name": "タツダイヤモンド",
      "horse_id": "2020104613",
      "sex_age": "牡3",
      "weight_carried": 58.0,
      "horse_weight": null,
      "win_odds": 78.3,
      "popularity": 14,
      "honmei_score": 0.0782,
      "ev_score": 6.1236,
      "kelly_fraction": 0.0066,
      "manji_ev": 1.077,
      "odds_vs_morning": 1.0,
      "odds_velocity": null
    },
    {
      "horse_number": 7,
      "horse_name": "ハートホイップ",
      "horse_id": "2019106179",
      "sex_age": "牝7",
      "weight_carried": 56.0,
      "horse_weight": null,
      "win_odds": 39.1,
      "popularity": 11,
      "honmei_score": 0.0428,
      "ev_score": 1.6733,
      "kelly_fraction": 0.0018,
      "manji_ev": 0.1784,
      "odds_vs_morning": 1.0,
      "odds_velocity": null
    },
    {
      "horse_number": 8,
      "horse_name": "ジュンヴァンケット",
      "horse_id": "2021107180",
      "sex_age": "騸3",
      "weight_carried": 58.0,
      "horse_weight": null,
      "win_odds": 9.4,
      "popularity": 7,
      "honmei_score": 0.0724,
      "ev_score": 0.6802,
      "kelly_fraction": 0.0,
      "manji_ev": 0.7447,
      "odds_vs_morning": 1.0,
      "odds_velocity": null
    },
    {
      "horse_number": 9,
      "horse_name": "メイショウキルギス",
      "horse_id": "2021103155",
      "sex_age": "牡1",
      "weight_carried": 58.0,
      "horse_weight": null,
      "win_odds": 14.4,
      "popularity": 8,
      "honmei_score": 0.1028,
      "ev_score": 1.4807,
      "kelly_fraction": 0.0036,
      "manji_ev": 2.1151,
      "odds_vs_morning": 1.0,
      "odds_velocity": null
    },
    {
      "horse_number": 10,
      "horse_name": "トーアアイギス",
      "horse_id": "2021105334",
      "sex_age": "牝3",
      "weight_carried": 56.0,
      "horse_weight": null,
      "win_odds": 86.4,
      "popularity": 16,
      "honmei_score": 0.0549,
      "ev_score": 4.7399,
      "kelly_fraction": 0.0044,
      "manji_ev": 0.3585,
      "odds_vs_morning": 1.0,
      "odds_velocity": null
    },
    {
      "horse_number": 11,
      "horse_name": "トールキン",
      "horse_id": "2020103284",
      "sex_age": "牡3",
      "weight_carried": 58.0,
      "horse_weight": null,
      "win_odds": 33.7,
      "popularity": 10,
      "honmei_score": 0.0782,
      "ev_score": 2.6356,
      "kelly_fraction": 0.005,
      "manji_ev": 0.9246,
      "odds_vs_morning": 1.0,
      "odds_velocity": null
    },
    {
      "horse_number": 12,
      "horse_name": "ロードトレイル",
      "horse_id": "2021100157",
      "sex_age": "牡3",
      "weight_carried": 58.0,
      "horse_weight": null,
      "win_odds": 14.7,
      "popularity": 9,
      "honmei_score": 0.091,
      "ev_score": 1.3377,
      "kelly_fraction": 0.0025,
      "manji_ev": 0.1718,
      "odds_vs_morning": 1.0,
      "odds_velocity": null
    },
    {
      "horse_number": 13,
      "horse_name": "エコロジーク",
      "horse_id": "2022110108",
      "sex_age": "牡3",
      "weight_carried": 58.0,
      "horse_weight": null,
      "win_odds": 6.7,
      "popularity": 2,
      "honmei_score": 0.0432,
      "ev_score": 0.2893,
      "kelly_fraction": 0.0,
      "manji_ev": 0.5583,
      "odds_vs_morning": 1.0,
      "odds_velocity": null
    },
    {
      "horse_number": 14,
      "horse_name": "ベイビーキッス",
      "horse_id": "2022102514",
      "sex_age": "牝1",
      "weight_carried": 56.0,
      "horse_weight": null,
      "win_odds": 4.3,
      "popularity": 1,
      "honmei_score": 0.1443,
      "ev_score": 0.6207,
      "kelly_fraction": 0.0,
      "manji_ev": 2.5707,
      "odds_vs_morning": 1.0,
      "odds_velocity": null
    },
    {
      "horse_number": 15,
      "horse_name": "カウスリップ",
      "horse_id": "2022100627",
      "sex_age": "牝3",
      "weight_carried": 56.0,
      "horse_weight": null,
      "win_odds": 7.6,
      "popularity": 4,
      "honmei_score": 0.0658,
      "ev_score": 0.5004,
      "kelly_fraction": 0.0,
      "manji_ev": 0.3609,
      "odds_vs_morning": 1.0,
      "odds_velocity": null
    },
    {
      "horse_number": 16,
      "horse_name": "シュラフ",
      "horse_id": "2022103324",
      "sex_age": "牝4",
      "weight_carried": 56.0,
      "horse_weight": null,
      "win_odds": 9.1,
      "popularity": 6,
      "honmei_score": 0.0782,
      "ev_score": 0.7117,
      "kelly_fraction": 0.0,
      "manji_ev": 0.0,
      "odds_vs_morning": 1.0,
      "odds_velocity": null
    }
  ],
  "ev_recommend": [
    {
      "horse_number": 2,
      "horse_name": "ショウナンラスボス",
      "win_odds": 83.2,
      "ev_score": 7.5711,
      "kelly_fraction": 0.008
    },
    {
      "horse_number": 4,
      "horse_name": "シャカシャカシー",
      "win_odds": 49.2,
      "ev_score": 7.2739,
      "kelly_fraction": 0.013
    },
    {
      "horse_number": 6,
      "horse_name": "タツダイヤモンド",
      "win_odds": 78.3,
      "ev_score": 6.1236,
      "kelly_fraction": 0.0066
    },
    {
      "horse_number": 10,
      "horse_name": "トーアアイギス",
      "win_odds": 86.4,
      "ev_score": 4.7399,
      "kelly_fraction": 0.0044
    },
    {
      "horse_number": 11,
      "horse_name": "トールキン",
      "win_odds": 33.7,
      "ev_score": 2.6356,
      "kelly_fraction": 0.005
    },
    {
      "horse_number": 3,
      "horse_name": "スコーピオン",
      "win_odds": 39.9,
      "ev_score": 1.7075,
      "kelly_fraction": 0.0018
    },
    {
      "horse_number": 7,
      "horse_name": "ハートホイップ",
      "win_odds": 39.1,
      "ev_score": 1.6733,
      "kelly_fraction": 0.0018
    },
    {
      "horse_number": 9,
      "horse_name": "メイショウキルギス",
      "win_odds": 14.4,
      "ev_score": 1.4807,
      "kelly_fraction": 0.0036
    },
    {
      "horse_number": 12,
      "horse_name": "ロードトレイル",
      "win_odds": 14.7,
      "ev_score": 1.3377,
      "kelly_fraction": 0.0025
    },
    {
      "horse_number": 1,
      "horse_name": "パラサイコロジー",
      "win_odds": 8.4,
      "ev_score": 1.2125,
      "kelly_fraction": 0.0029
    }
  ],
  "honmei_bets": {
    "race_id": "202604010311",
    "model_type": "本命",
    "bets": [
      {
        "bet_type": "単勝",
        "combinations": [
          [
            4
          ]
        ],
        "horse_names": [
          "シャカシャカシー"
        ],
        "expected_value": 5.0,
        "model_score": 0.148,
        "recommended_bet": 100.0,
        "confidence": 0.148,
        "notes": "確率1位 P(win)=0.15 odds=49.2 EV=5.00"
      },
      {
        "bet_type": "複勝",
        "combinations": [
          [
            4
          ],
          [
            1
          ],
          [
            14
          ]
        ],
        "horse_names": [
          "シャカシャカシー",
          "パラサイコロジー",
          "ベイビーキッス"
        ],
        "expected_value": 0.437,
        "model_score": 0.146,
        "recommended_bet": 100.0,
        "confidence": 0.146,
        "notes": "上位3頭を複勝"
      },
      {
        "bet_type": "馬連",
        "combinations": [
          [
            1,
            4
          ],
          [
            4,
            14
          ],
          [
            4,
            9
          ],
          [
            2,
            4
          ],
          [
            4,
            12
          ]
        ],
        "horse_names": [
          "パラサイコロジー",
          "シャカシャカシー",
          "シャカシャカシー",
          "ベイビーキッス",
          "シャカシャカシー",
          "メイショウキルギス",
          "ショウナンラスボス",
          "シャカシャカシー",
          "シャカシャカシー",
          "ロードトレイル"
        ],
        "expected_value": 3.369,
        "model_score": 0.017,
        "recommended_bet": 100.0,
        "confidence": 0.017,
        "notes": "軸4番×相手5頭フォーメーション Harville最大=0.017"
      },
      {
        "bet_type": "ワイド",
        "combinations": [
          [
            1,
            4
          ],
          [
            4,
            14
          ],
          [
            4,
            9
          ],
          [
            2,
            4
          ],
          [
            4,
            12
          ]
        ],
        "horse_names": [
          "パラサイコロジー",
          "シャカシャカシー",
          "シャカシャカシー",
          "ベイビーキッス",
          "シャカシャカシー",
          "メイショウキルギス",
          "ショウナンラスボス",
          "シャカシャカシー",
          "シャカシャカシー",
          "ロードトレイル"
        ],
        "expected_value": 1.579,
        "model_score": 0.017,
        "recommended_bet": 100.0,
        "confidence": 0.022,
        "notes": "軸4番×相手5頭ワイド Harville最大=0.017"
      },
      {
        "bet_type": "馬単",
        "combinations": [
          [
            4,
            1
          ],
          [
            4,
            14
          ],
          [
            4,
            9
          ]
        ],
        "horse_names": [
          "シャカシャカシー",
          "パラサイコロジー",
          "シャカシャカシー",
          "ベイビーキッス",
          "シャカシャカシー",
          "メイショウキルギス"
        ],
        "expected_value": 3.054,
        "model_score": 0.008,
        "recommended_bet": 100.0,
        "confidence": 0.067,
        "notes": "軸4番→相手3頭フォーメーション Harville最大=0.008"
      },
      {
        "bet_type": "三連複",
        "combinations": [
          [
            1,
            9,
            14
          ],
          [
            1,
            4,
            14
          ]
        ],
        "horse_names": [
          "パラサイコロジー",
          "メイショウキルギス",
          "ベイビーキッス",
          "シャカシャカシー"
        ],
        "expected_value": 5.0,
        "model_score": 0.01,
        "recommended_bet": 100.0,
        "confidence": 0.12,
        "notes": "合成EV最大=5.00 2点 馬番=[(1, 9, 14), (1, 4, 14)]"
      },
      {
        "bet_type": "三連単",
        "combinations": [
          [
            4,
            1,
            14
          ],
          [
            4,
            14,
            1
          ],
          [
            1,
            4,
            14
          ],
          [
            1,
            14,
            4
          ],
          [
            14,
            4,
            1
          ],
          [
            14,
            1,
            4
          ],
          [
            4,
            1,
            9
          ],
          [
            4,
            9,
            1
          ],
          [
            1,
            4,
            9
          ],
          [
            1,
            9,
            4
          ],
          [
            9,
            4,
            1
          ],
          [
            9,
            1,
            4
          ],
          [
            4,
            1,
            2
          ],
          [
            4,
            2,
            1
          ],
          [
            1,
            4,
            2
          ],
          [
            1,
            2,
            4
          ],
          [
            2,
            4,
            1
          ],
          [
            2,
            1,
            4
          ],
          [
            4,
            1,
            12
          ],
          [
            4,
            12,
            1
          ],
          [
            1,
            4,
            12
          ],
          [
            1,
            12,
            4
          ],
          [
            12,
            4,
            1
          ],
          [
            12,
            1,
            4
          ],
          [
            4,
            1,
            5
          ],
          [
            4,
            5,
            1
          ],
          [
            1,
            4,
            5
          ],
          [
            1,
            5,
            4
          ],
          [
            5,
            4,
            1
          ],
          [
            5,
            1,
            4
          ],
          [
            4,
            14,
            9
          ],
          [
            4,
            9,
            14
          ],
          [
            14,
            4,
            9
          ],
          [
            14,
            9,
            4
          ],
          [
            9,
            4,
            14
          ],
          [
            9,
            14,
            4
          ],
          [
            4,
            14,
            2
          ],
          [
            4,
            2,
            14
          ],
          [
            14,
            4,
            2
          ],
          [
            14,
            2,
            4
          ],
          [
            2,
            4,
            14
          ],
          [
            2,
            14,
            4
          ],
          [
            4,
            14,
            12
          ],
          [
            4,
            12,
            14
          ],
          [
            14,
            4,
            12
          ],
          [
            14,
            12,
            4
          ],
          [
            12,
            4,
            14
          ],
          [
            12,
            14,
            4
          ],
          [
            4,
            14,
            5
          ],
          [
            4,
            5,
            14
          ],
          [
            14,
            4,
            5
          ],
          [
            14,
            5,
            4
          ],
          [
            5,
            4,
            14
          ],
          [
            5,
            14,
            4
          ],
          [
            4,
            9,
            2
          ],
          [
            4,
            2,
            9
          ],
          [
            9,
            4,
            2
          ],
          [
            9,
            2,
            4
          ],
          [
            2,
            4,
            9
          ],
          [
            2,
            9,
            4
          ],
          [
            4,
            9,
            12
          ],
          [
            4,
            12,
            9
          ],
          [
            9,
            4,
            12
          ],
          [
            9,
            12,
            4
          ],
          [
            12,
            4,
            9
          ],
          [
            12,
            9,
            4
          ],
          [
            4,
            9,
            5
          ],
          [
            4,
            5,
            9
          ],
          [
            9,
            4,
            5
          ],
          [
            9,
            5,
            4
          ],
          [
            5,
            4,
            9
          ],
          [
            5,
            9,
            4
          ],
          [
            4,
            2,
            12
          ],
          [
            4,
            12,
            2
          ],
          [
            2,
            4,
            12
          ],
          [
            2,
            12,
            4
          ],
          [
            12,
            4,
            2
          ],
          [
            12,
            2,
            4
          ],
          [
            4,
            2,
            5
          ],
          [
            4,
            5,
            2
          ],
          [
            2,
            4,
            5
          ],
          [
            2,
            5,
            4
          ],
          [
            5,
            4,
            2
          ],
          [
            5,
            2,
            4
          ],
          [
            4,
            12,
            5
          ],
          [
            4,
            5,
            12
          ],
          [
            12,
            4,
            5
          ],
          [
            12,
            5,
            4
          ],
          [
            5,
            4,
            12
          ],
          [
            5,
            12,
            4
          ]
        ],
        "horse_names": [
          "シャカシャカシー",
          "パラサイコロジー",
          "ベイビーキッス",
          "メイショウキルギス",
          "ショウナンラスボス",
          "ロードトレイル",
          "カウンターセブン"
        ],
        "expected_value": 6.0,
        "model_score": 0.008,
        "recommended_bet": 100.0,
        "confidence": 0.232,
        "notes": "1頭軸マルチ 軸=4番 相手=[1, 14, 9, 2, 12, 5] 90点 Harville最大=0.0077"
      }
    ]
  },
  "manji_bets": {
    "race_id": "202604010311",
    "model_type": "卍",
    "bets": [
      {
        "bet_type": "単勝",
        "combinations": [
          [
            14
          ]
        ],
        "horse_names": [
          "ベイビーキッス"
        ],
        "expected_value": 2.571,
        "model_score": 2.571,
        "recommended_bet": 100.0,
        "confidence": 0.598,
        "notes": "確率1位(卍) EV=2.57 odds=4.3"
      },
      {
        "bet_type": "複勝",
        "combinations": [
          [
            14
          ],
          [
            9
          ],
          [
            1
          ]
        ],
        "horse_names": [
          "ベイビーキッス",
          "メイショウキルギス",
          "パラサイコロジー"
        ],
        "expected_value": 2.038,
        "model_score": 2.038,
        "recommended_bet": 100.0,
        "confidence": 0.6,
        "notes": "確率上位3頭を複勝"
      },
      {
        "bet_type": "馬連",
        "combinations": [
          [
            9,
            14
          ],
          [
            1,
            14
          ],
          [
            4,
            14
          ],
          [
            5,
            14
          ],
          [
            6,
            14
          ]
        ],
        "horse_names": [
          "メイショウキルギス",
          "ベイビーキッス",
          "パラサイコロジー",
          "ベイビーキッス",
          "シャカシャカシー",
          "ベイビーキッス",
          "カウンターセブン",
          "ベイビーキッス",
          "タツダイヤモンド",
          "ベイビーキッス"
        ],
        "expected_value": 1.307,
        "model_score": 0.077,
        "recommended_bet": 100.0,
        "confidence": 0.384,
        "notes": "軸14番×相手5頭フォーメーション Harville最大=0.077"
      },
      {
        "bet_type": "ワイド",
        "combinations": [
          [
            9,
            14
          ],
          [
            1,
            14
          ],
          [
            4,
            14
          ],
          [
            5,
            14
          ],
          [
            6,
            14
          ]
        ],
        "horse_names": [
          "メイショウキルギス",
          "ベイビーキッス",
          "パラサイコロジー",
          "ベイビーキッス",
          "シャカシャカシー",
          "ベイビーキッス",
          "カウンターセブン",
          "ベイビーキッス",
          "タツダイヤモンド",
          "ベイビーキッス"
        ],
        "expected_value": 0.613,
        "model_score": 0.077,
        "recommended_bet": 100.0,
        "confidence": 0.46,
        "notes": "軸14番×相手5頭ワイド Harville最大=0.077"
      },
      {
        "bet_type": "馬単",
        "combinations": [
          [
            14,
            9
          ],
          [
            14,
            1
          ],
          [
            14,
            4
          ]
        ],
        "horse_names": [
          "ベイビーキッス",
          "メイショウキルギス",
          "ベイビーキッス",
          "パラサイコロジー",
          "ベイビーキッス",
          "シャカシャカシー"
        ],
        "expected_value": 1.245,
        "model_score": 0.039,
        "recommended_bet": 100.0,
        "confidence": 0.313,
        "notes": "軸14番→相手3頭フォーメーション Harville最大=0.039"
      },
      {
        "bet_type": "三連複",
        "combinations": [
          [
            1,
            9,
            14
          ]
        ],
        "horse_names": [
          "パラサイコロジー",
          "メイショウキルギス",
          "ベイビーキッス"
        ],
        "expected_value": 1.876,
        "model_score": 0.035,
        "recommended_bet": 100.0,
        "confidence": 0.532,
        "notes": "合成EV=1.88 Harville=0.0354 馬番=(1, 9, 14)"
      },
      {
        "bet_type": "三連複",
        "combinations": [
          [
            4,
            9,
            14
          ]
        ],
        "horse_names": [
          "シャカシャカシー",
          "メイショウキルギス",
          "ベイビーキッス"
        ],
        "expected_value": 1.828,
        "model_score": 0.035,
        "recommended_bet": 100.0,
        "confidence": 0.518,
        "notes": "合成EV=1.83 Harville=0.0345 馬番=(4, 9, 14)"
      },
      {
        "bet_type": "三連複",
        "combinations": [
          [
            5,
            9,
            14
          ]
        ],
        "horse_names": [
          "カウンターセブン",
          "メイショウキルギス",
          "ベイビーキッス"
        ],
        "expected_value": 1.413,
        "model_score": 0.027,
        "recommended_bet": 100.0,
        "confidence": 0.401,
        "notes": "合成EV=1.41 Harville=0.0267 馬番=(5, 9, 14)"
      }
    ]
  },
  "provisional": false
}
Exception in thread Thread-20 (_readerthread):
Traceback (most recent call last):
  File "C:\Users\sayaka\AppData\Local\Python\pythoncore-3.14-64\Lib\threading.py", line 1082, in _bootstrap_inner
    self._context.run(self.run)
    ~~~~~~~~~~~~~~~~~^^^^^^^^^^
  File "C:\Users\sayaka\AppData\Local\Python\pythoncore-3.14-64\Lib\threading.py", line 1024, in run
    self._target(*self._args, **self._kwargs)
    ~~~~~~~~~~~~^^^^^^^^^^^^^^^^^^^^^^^^^^^^^
  File "C:\Users\sayaka\AppData\Local\Python\pythoncore-3.14-64\Lib\subprocess.py", line 1613, in _readerthread
    buffer.append(fh.read())
                  ~~~~~~~^^
  File "<frozen codecs>", line 325, in decode
UnicodeDecodeError: 'utf-8' codec can't decode byte 0x92 in position 39: invalid start byte
14:40:10 INFO: [OK] R11 202605020511  [prerace] 完了
14:40:10 INFO: マイグレーション: v_race_mart ビューを再作成しました
Exception in thread Thread-19 (_readerthread):
Traceback (most recent call last):
  File "C:\Users\sayaka\AppData\Local\Python\pythoncore-3.14-64\Lib\threading.py", line 1082, in _bootstrap_inner
    self._context.run(self.run)
    ~~~~~~~~~~~~~~~~~^^^^^^^^^^
  File "C:\Users\sayaka\AppData\Local\Python\pythoncore-3.14-64\Lib\threading.py", line 1024, in run
    self._target(*self._args, **self._kwargs)
    ~~~~~~~~~~~~^^^^^^^^^^^^^^^^^^^^^^^^^^^^^
  File "C:\Users\sayaka\AppData\Local\Python\pythoncore-3.14-64\Lib\subprocess.py", line 1613, in _readerthread
    buffer.append(fh.read())
                  ~~~~~~~^^
  File "<frozen codecs>", line 325, in decode
UnicodeDecodeError: 'utf-8' codec can't decode byte 0x92 in position 39: invalid start byte
14:40:10 INFO: [OK] R11 202604010311  [prerace] 完了
14:40:11 INFO: マイグレーション: v_race_mart ビューを再作成しました
14:40:11 INFO: DB 初期化完了: C:\dev\horse-racing-ai\data\umalogi.db
14:40:11 INFO: [NOTE] 注目レース検知 → note 記事生成: 202605020511
14:40:11 INFO: [NOTE] 記事生成開始: 202605020511
2026-05-09 14:40:11,469 INFO: マイグレーション: v_race_mart ビューを再作成しました
14:40:11 INFO: DB 初期化完了: C:\dev\horse-racing-ai\data\umalogi.db
14:40:11 INFO: [NOTE] 注目レース検知 → note 記事生成: 202604010311
14:40:11 INFO: [NOTE] 記事生成開始: 202604010311
2026-05-09 14:40:11,797 INFO: マイグレーション: v_race_mart ビューを再作成しました
2026-05-09 14:40:11,815 INFO: DB 初期化完了: C:\dev\horse-racing-ai\data\umalogi.db
2026-05-09 14:40:11,815 INFO: 記事生成: 1 レース
2026-05-09 14:40:11,815 INFO: 生成中: 202605020511
2026-05-09 14:40:12,245 INFO: DB 初期化完了: C:\dev\horse-racing-ai\data\umalogi.db
2026-05-09 14:40:12,245 INFO: 記事生成: 1 レース
2026-05-09 14:40:12,246 INFO: 生成中: 202604010311
{
  "race_id": "202608030511",
  "generated_at": "2026-05-09T14:40:12.636084",
  "bias": {
    "today_inner_bias": -0.04478922716627635,
    "today_front_bias": 0.5555555555555556,
    "today_race_count": 9
  },
  "horses": [
    {
      "horse_number": 1,
      "horse_name": "アーレムアレス",
      "horse_id": "2023105223",
      "sex_age": "牡1",
      "weight_carried": 57.0,
      "horse_weight": null,
      "win_odds": 10.5,
      "popularity": 3,
      "honmei_score": 0.0724,
      "ev_score": 0.7598,
      "kelly_fraction": 0.0,
      "manji_ev": 0.4719,
      "odds_vs_morning": 1.0,
      "odds_velocity": null
    },
    {
      "horse_number": 2,
      "horse_name": "エムズビギン",
      "horse_id": "2023107127",
      "sex_age": "牡4",
      "weight_carried": 57.0,
      "horse_weight": null,
      "win_odds": 4.1,
      "popularity": 2,
      "honmei_score": 0.0782,
      "ev_score": 0.3206,
      "kelly_fraction": 0.0,
      "manji_ev": 0.5772,
      "odds_vs_morning": 1.0,
      "odds_velocity": null
    },
    {
      "horse_number": 3,
      "horse_name": "メイショウテンク",
      "horse_id": "2023105021",
      "sex_age": "牡3",
      "weight_carried": 57.0,
      "horse_weight": null,
      "win_odds": 101.9,
      "popularity": 12,
      "honmei_score": 0.0794,
      "ev_score": 8.0931,
      "kelly_fraction": 0.007,
      "manji_ev": 0.24,
      "odds_vs_morning": 1.0,
      "odds_velocity": null
    },
    {
      "horse_number": 4,
      "horse_name": "ティラーノ",
      "horse_id": "2023101855",
      "sex_age": "牡7",
      "weight_carried": 57.0,
      "horse_weight": null,
      "win_odds": 119.4,
      "popularity": 14,
      "honmei_score": 0.1056,
      "ev_score": 12.6067,
      "kelly_fraction": 0.0098,
      "manji_ev": 1.8706,
      "odds_vs_morning": 1.0,
      "odds_velocity": null
    },
    {
      "horse_number": 5,
      "horse_name": "コンジェスタス",
      "horse_id": "2023106963",
      "sex_age": "牡4",
      "weight_carried": 57.0,
      "horse_weight": null,
      "win_odds": 14.0,
      "popularity": 4,
      "honmei_score": 0.1028,
      "ev_score": 1.4396,
      "kelly_fraction": 0.0034,
      "manji_ev": 0.9309,
      "odds_vs_morning": 1.0,
      "odds_velocity": null
    },
    {
      "horse_number": 6,
      "horse_name": "ラディアントスター",
      "horse_id": "2023107250",
      "sex_age": "牡5",
      "weight_carried": 57.0,
      "horse_weight": null,
      "win_odds": 41.4,
      "popularity": 10,
      "honmei_score": 0.1028,
      "ev_score": 4.2571,
      "kelly_fraction": 0.0081,
      "manji_ev": 0.7812,
      "odds_vs_morning": 1.0,
      "odds_velocity": null
    },
    {
      "horse_number": 7,
      "horse_name": "カムアップローゼス",
      "horse_id": "2023104386",
      "sex_age": "牡5",
      "weight_carried": 57.0,
      "horse_weight": null,
      "win_odds": 58.6,
      "popularity": 11,
      "honmei_score": 0.1028,
      "ev_score": 6.0257,
      "kelly_fraction": 0.0087,
      "manji_ev": 0.7538,
      "odds_vs_morning": 1.0,
      "odds_velocity": null
    },
    {
      "horse_number": 8,
      "horse_name": "バドリナート",
      "horse_id": "2023107278",
      "sex_age": "牡5",
      "weight_carried": 57.0,
      "horse_weight": null,
      "win_odds": 15.1,
      "popularity": 6,
      "honmei_score": 0.1667,
      "ev_score": 2.5167,
      "kelly_fraction": 0.0108,
      "manji_ev": 1.0045,
      "odds_vs_morning": 1.0,
      "odds_velocity": null
    },
    {
      "horse_number": 9,
      "horse_name": "カフジエメンタール",
      "horse_id": "2023103899",
      "sex_age": "牡3",
      "weight_carried": 57.0,
      "horse_weight": null,
      "win_odds": 25.5,
      "popularity": 9,
      "honmei_score": 0.0617,
      "ev_score": 1.5731,
      "kelly_fraction": 0.0023,
      "manji_ev": 0.8281,
      "odds_vs_morning": 1.0,
      "odds_velocity": null
    },
    {
      "horse_number": 10,
      "horse_name": "サヴォアフェール",
      "horse_id": "2023105645",
      "sex_age": "牡6",
      "weight_carried": 57.0,
      "horse_weight": null,
      "win_odds": 17.1,
      "popularity": 7,
      "honmei_score": 0.0432,
      "ev_score": 0.7385,
      "kelly_fraction": 0.0,
      "manji_ev": 0.2211,
      "odds_vs_morning": 1.0,
      "odds_velocity": null
    },
    {
      "horse_number": 11,
      "horse_name": "ブリガンティン",
      "horse_id": "2023106490",
      "sex_age": "牡3",
      "weight_carried": 57.0,
      "horse_weight": null,
      "win_odds": 174.2,
      "popularity": 16,
      "honmei_score": 0.0782,
      "ev_score": 13.6235,
      "kelly_fraction": 0.0073,
      "manji_ev": 1.1668,
      "odds_vs_morning": 1.0,
      "odds_velocity": null
    },
    {
      "horse_number": 12,
      "horse_name": "キンググローリー",
      "horse_id": "2023100021",
      "sex_age": "牡3",
      "weight_carried": 57.0,
      "horse_weight": null,
      "win_odds": 23.1,
      "popularity": 8,
      "honmei_score": 0.1443,
      "ev_score": 3.3344,
      "kelly_fraction": 0.0106,
      "manji_ev": 1.35,
      "odds_vs_morning": 1.0,
      "odds_velocity": null
    },
    {
      "horse_number": 13,
      "horse_name": "ニホンピロロジャー",
      "horse_id": "2023102994",
      "sex_age": "牡3",
      "weight_carried": 57.0,
      "horse_weight": null,
      "win_odds": 107.5,
      "popularity": 13,
      "honmei_score": 0.0563,
      "ev_score": 6.0552,
      "kelly_fraction": 0.0047,
      "manji_ev": 0.4874,
      "odds_vs_morning": 1.0,
      "odds_velocity": null
    },
    {
      "horse_number": 14,
      "horse_name": "ステラスペース",
      "horse_id": "2023104346",
      "sex_age": "牡3",
      "weight_carried": 57.0,
      "horse_weight": null,
      "win_odds": 141.5,
      "popularity": 15,
      "honmei_score": 0.0782,
      "ev_score": 11.0662,
      "kelly_fraction": 0.0072,
      "manji_ev": 0.5554,
      "odds_vs_morning": 1.0,
      "odds_velocity": null
    },
    {
      "horse_number": 15,
      "horse_name": "ベレシート",
      "horse_id": "2023106983",
      "sex_age": "牡4",
      "weight_carried": 57.0,
      "horse_weight": null,
      "win_odds": 2.0,
      "popularity": 1,
      "honmei_score": 0.0549,
      "ev_score": 0.1097,
      "kelly_fraction": 0.0,
      "manji_ev": 0.2537,
      "odds_vs_morning": 1.0,
      "odds_velocity": null
    },
    {
      "horse_number": 16,
      "horse_name": "アクセス",
      "horse_id": "2023100947",
      "sex_age": "牡3",
      "weight_carried": 57.0,
      "horse_weight": null,
      "win_odds": 14.4,
      "popularity": 5,
      "honmei_score": 0.0563,
      "ev_score": 0.8111,
      "kelly_fraction": 0.0,
      "manji_ev": 0.1964,
      "odds_vs_morning": 1.0,
      "odds_velocity": null
    }
  ],
  "ev_recommend": [
    {
      "horse_number": 11,
      "horse_name": "ブリガンティン",
      "win_odds": 174.2,
      "ev_score": 13.6235,
      "kelly_fraction": 0.0073
    },
    {
      "horse_number": 4,
      "horse_name": "ティラーノ",
      "win_odds": 119.4,
      "ev_score": 12.6067,
      "kelly_fraction": 0.0098
    },
    {
      "horse_number": 14,
      "horse_name": "ステラスペース",
      "win_odds": 141.5,
      "ev_score": 11.0662,
      "kelly_fraction": 0.0072
    },
    {
      "horse_number": 3,
      "horse_name": "メイショウテンク",
      "win_odds": 101.9,
      "ev_score": 8.0931,
      "kelly_fraction": 0.007
    },
    {
      "horse_number": 13,
      "horse_name": "ニホンピロロジャー",
      "win_odds": 107.5,
      "ev_score": 6.0552,
      "kelly_fraction": 0.0047
    },
    {
      "horse_number": 7,
      "horse_name": "カムアップローゼス",
      "win_odds": 58.6,
      "ev_score": 6.0257,
      "kelly_fraction": 0.0087
    },
    {
      "horse_number": 6,
      "horse_name": "ラディアントスター",
      "win_odds": 41.4,
      "ev_score": 4.2571,
      "kelly_fraction": 0.0081
    },
    {
      "horse_number": 12,
      "horse_name": "キンググローリー",
      "win_odds": 23.1,
      "ev_score": 3.3344,
      "kelly_fraction": 0.0106
    },
    {
      "horse_number": 8,
      "horse_name": "バドリナート",
      "win_odds": 15.1,
      "ev_score": 2.5167,
      "kelly_fraction": 0.0108
    },
    {
      "horse_number": 9,
      "horse_name": "カフジエメンタール",
      "win_odds": 25.5,
      "ev_score": 1.5731,
      "kelly_fraction": 0.0023
    },
    {
      "horse_number": 5,
      "horse_name": "コンジェスタス",
      "win_odds": 14.0,
      "ev_score": 1.4396,
      "kelly_fraction": 0.0034
    }
  ],
  "honmei_bets": {
    "race_id": "202608030511",
    "model_type": "本命",
    "bets": [
      {
        "bet_type": "単勝",
        "combinations": [
          [
            8
          ]
        ],
        "horse_names": [
          "バドリナート"
        ],
        "expected_value": 2.517,
        "model_score": 0.167,
        "recommended_bet": 100.0,
        "confidence": 0.167,
        "notes": "確率1位 P(win)=0.17 odds=15.1 EV=2.52"
      },
      {
        "bet_type": "複勝",
        "combinations": [
          [
            8
          ],
          [
            12
          ],
          [
            4
          ]
        ],
        "horse_names": [
          "バドリナート",
          "キンググローリー",
          "ティラーノ"
        ],
        "expected_value": 0.417,
        "model_score": 0.139,
        "recommended_bet": 100.0,
        "confidence": 0.139,
        "notes": "上位3頭を複勝"
      },
      {
        "bet_type": "馬連",
        "combinations": [
          [
            8,
            12
          ],
          [
            4,
            8
          ],
          [
            5,
            8
          ],
          [
            7,
            8
          ],
          [
            6,
            8
          ]
        ],
        "horse_names": [
          "バドリナート",
          "キンググローリー",
          "ティラーノ",
          "バドリナート",
          "コンジェスタス",
          "バドリナート",
          "カムアップローゼス",
          "バドリナート",
          "ラディアントスター",
          "バドリナート"
        ],
        "expected_value": 2.736,
        "model_score": 0.046,
        "recommended_bet": 100.0,
        "confidence": 0.046,
        "notes": "軸8番×相手5頭フォーメーション Harville最大=0.046"
      },
      {
        "bet_type": "ワイド",
        "combinations": [
          [
            8,
            12
          ],
          [
            4,
            8
          ],
          [
            5,
            8
          ],
          [
            7,
            8
          ],
          [
            6,
            8
          ]
        ],
        "horse_names": [
          "バドリナート",
          "キンググローリー",
          "ティラーノ",
          "バドリナート",
          "コンジェスタス",
          "バドリナート",
          "カムアップローゼス",
          "バドリナート",
          "ラディアントスター",
          "バドリナート"
        ],
        "expected_value": 1.282,
        "model_score": 0.046,
        "recommended_bet": 100.0,
        "confidence": 0.059,
        "notes": "軸8番×相手5頭ワイド Harville最大=0.046"
      },
      {
        "bet_type": "馬単",
        "combinations": [
          [
            8,
            12
          ],
          [
            8,
            4
          ],
          [
            8,
            5
          ]
        ],
        "horse_names": [
          "バドリナート",
          "キンググローリー",
          "バドリナート",
          "ティラーノ",
          "バドリナート",
          "コンジェスタス"
        ],
        "expected_value": 2.582,
        "model_score": 0.023,
        "recommended_bet": 100.0,
        "confidence": 0.185,
        "notes": "軸8番→相手3頭フォーメーション Harville最大=0.023"
      },
      {
        "bet_type": "三連複",
        "combinations": [
          [
            5,
            8,
            12
          ],
          [
            7,
            8,
            12
          ]
        ],
        "horse_names": [
          "コンジェスタス",
          "バドリナート",
          "キンググローリー",
          "カムアップローゼス"
        ],
        "expected_value": 3.105,
        "model_score": 0.017,
        "recommended_bet": 100.0,
        "confidence": 0.201,
        "notes": "合成EV最大=3.10 2点 馬番=[(5, 8, 12), (7, 8, 12)]"
      },
      {
        "bet_type": "三連単",
        "combinations": [
          [
            8,
            12,
            4
          ],
          [
            8,
            4,
            12
          ],
          [
            12,
            8,
            4
          ],
          [
            12,
            4,
            8
          ],
          [
            4,
            8,
            12
          ],
          [
            4,
            12,
            8
          ],
          [
            8,
            12,
            5
          ],
          [
            8,
            5,
            12
          ],
          [
            12,
            8,
            5
          ],
          [
            12,
            5,
            8
          ],
          [
            5,
            8,
            12
          ],
          [
            5,
            12,
            8
          ],
          [
            8,
            12,
            7
          ],
          [
            8,
            7,
            12
          ],
          [
            12,
            8,
            7
          ],
          [
            12,
            7,
            8
          ],
          [
            7,
            8,
            12
          ],
          [
            7,
            12,
            8
          ],
          [
            8,
            12,
            6
          ],
          [
            8,
            6,
            12
          ],
          [
            12,
            8,
            6
          ],
          [
            12,
            6,
            8
          ],
          [
            6,
            8,
            12
          ],
          [
            6,
            12,
            8
          ],
          [
            8,
            12,
            3
          ],
          [
            8,
            3,
            12
          ],
          [
            12,
            8,
            3
          ],
          [
            12,
            3,
            8
          ],
          [
            3,
            8,
            12
          ],
          [
            3,
            12,
            8
          ],
          [
            8,
            4,
            5
          ],
          [
            8,
            5,
            4
          ],
          [
            4,
            8,
            5
          ],
          [
            4,
            5,
            8
          ],
          [
            5,
            8,
            4
          ],
          [
            5,
            4,
            8
          ],
          [
            8,
            4,
            7
          ],
          [
            8,
            7,
            4
          ],
          [
            4,
            8,
            7
          ],
          [
            4,
            7,
            8
          ],
          [
            7,
            8,
            4
          ],
          [
            7,
            4,
            8
          ],
          [
            8,
            4,
            6
          ],
          [
            8,
            6,
            4
          ],
          [
            4,
            8,
            6
          ],
          [
            4,
            6,
            8
          ],
          [
            6,
            8,
            4
          ],
          [
            6,
            4,
            8
          ],
          [
            8,
            4,
            3
          ],
          [
            8,
            3,
            4
          ],
          [
            4,
            8,
            3
          ],
          [
            4,
            3,
            8
          ],
          [
            3,
            8,
            4
          ],
          [
            3,
            4,
            8
          ],
          [
            8,
            5,
            7
          ],
          [
            8,
            7,
            5
          ],
          [
            5,
            8,
            7
          ],
          [
            5,
            7,
            8
          ],
          [
            7,
            8,
            5
          ],
          [
            7,
            5,
            8
          ],
          [
            8,
            5,
            6
          ],
          [
            8,
            6,
            5
          ],
          [
            5,
            8,
            6
          ],
          [
            5,
            6,
            8
          ],
          [
            6,
            8,
            5
          ],
          [
            6,
            5,
            8
          ],
          [
            8,
            5,
            3
          ],
          [
            8,
            3,
            5
          ],
          [
            5,
            8,
            3
          ],
          [
            5,
            3,
            8
          ],
          [
            3,
            8,
            5
          ],
          [
            3,
            5,
            8
          ],
          [
            8,
            7,
            6
          ],
          [
            8,
            6,
            7
          ],
          [
            7,
            8,
            6
          ],
          [
            7,
            6,
            8
          ],
          [
            6,
            8,
            7
          ],
          [
            6,
            7,
            8
          ],
          [
            8,
            7,
            3
          ],
          [
            8,
            3,
            7
          ],
          [
            7,
            8,
            3
          ],
          [
            7,
            3,
            8
          ],
          [
            3,
            8,
            7
          ],
          [
            3,
            7,
            8
          ],
          [
            8,
            6,
            3
          ],
          [
            8,
            3,
            6
          ],
          [
            6,
            8,
            3
          ],
          [
            6,
            3,
            8
          ],
          [
            3,
            8,
            6
          ],
          [
            3,
            6,
            8
          ]
        ],
        "horse_names": [
          "バドリナート",
          "キンググローリー",
          "ティラーノ",
          "コンジェスタス",
          "カムアップローゼス",
          "ラディアントスター",
          "メイショウテンク"
        ],
        "expected_value": 6.0,
        "model_score": 0.017,
        "recommended_bet": 100.0,
        "confidence": 0.501,
        "notes": "1頭軸マルチ 軸=8番 相手=[12, 4, 5, 7, 6, 3] 90点 Harville最大=0.0167"
      }
    ]
  },
  "manji_bets": {
    "race_id": "202608030511",
    "model_type": "卍",
    "bets": [
      {
        "bet_type": "単勝",
        "combinations": [
          [
            4
          ]
        ],
        "horse_names": [
          "ティラーノ"
        ],
        "expected_value": 1.871,
        "model_score": 1.871,
        "recommended_bet": 100.0,
        "confidence": 0.016,
        "notes": "確率1位(卍) EV=1.87 odds=119.4"
      },
      {
        "bet_type": "複勝",
        "combinations": [
          [
            4
          ],
          [
            12
          ],
          [
            11
          ]
        ],
        "horse_names": [
          "ティラーノ",
          "キンググローリー",
          "ブリガンティン"
        ],
        "expected_value": 1.462,
        "model_score": 1.462,
        "recommended_bet": 100.0,
        "confidence": 0.6,
        "notes": "確率上位3頭を複勝"
      },
      {
        "bet_type": "馬連",
        "combinations": [
          [
            4,
            12
          ],
          [
            4,
            11
          ],
          [
            4,
            8
          ],
          [
            4,
            5
          ],
          [
            4,
            9
          ]
        ],
        "horse_names": [
          "ティラーノ",
          "キンググローリー",
          "ティラーノ",
          "ブリガンティン",
          "ティラーノ",
          "バドリナート",
          "ティラーノ",
          "コンジェスタス",
          "ティラーノ",
          "カフジエメンタール"
        ],
        "expected_value": 4.0,
        "model_score": 0.043,
        "recommended_bet": 100.0,
        "confidence": 0.215,
        "notes": "軸4番×相手5頭フォーメーション Harville最大=0.043"
      },
      {
        "bet_type": "ワイド",
        "combinations": [
          [
            4,
            12
          ],
          [
            4,
            11
          ],
          [
            4,
            8
          ],
          [
            4,
            5
          ],
          [
            4,
            9
          ]
        ],
        "horse_names": [
          "ティラーノ",
          "キンググローリー",
          "ティラーノ",
          "ブリガンティン",
          "ティラーノ",
          "バドリナート",
          "ティラーノ",
          "コンジェスタス",
          "ティラーノ",
          "カフジエメンタール"
        ],
        "expected_value": 3.0,
        "model_score": 0.043,
        "recommended_bet": 100.0,
        "confidence": 0.257,
        "notes": "軸4番×相手5頭ワイド Harville最大=0.043"
      },
      {
        "bet_type": "馬単",
        "combinations": [
          [
            4,
            12
          ],
          [
            4,
            11
          ],
          [
            4,
            8
          ]
        ],
        "horse_names": [
          "ティラーノ",
          "キンググローリー",
          "ティラーノ",
          "ブリガンティン",
          "ティラーノ",
          "バドリナート"
        ],
        "expected_value": 5.0,
        "model_score": 0.022,
        "recommended_bet": 100.0,
        "confidence": 0.176,
        "notes": "軸4番→相手3頭フォーメーション Harville最大=0.022"
      },
      {
        "bet_type": "三連複",
        "combinations": [
          [
            4,
            11,
            12
          ]
        ],
        "horse_names": [
          "ティラーノ",
          "ブリガンティン",
          "キンググローリー"
        ],
        "expected_value": 5.0,
        "model_score": 0.017,
        "recommended_bet": 100.0,
        "confidence": 0.254,
        "notes": "合成EV=5.00 Harville=0.0169 馬番=(4, 11, 12)"
      },
      {
        "bet_type": "三連複",
        "combinations": [
          [
            4,
            8,
            12
          ]
        ],
        "horse_names": [
          "ティラーノ",
          "バドリナート",
          "キンググローリー"
        ],
        "expected_value": 5.0,
        "model_score": 0.014,
        "recommended_bet": 100.0,
        "confidence": 0.215,
        "notes": "合成EV=5.00 Harville=0.0143 馬番=(4, 8, 12)"
      },
      {
        "bet_type": "三連複",
        "combinations": [
          [
            4,
            5,
            12
          ]
        ],
        "horse_names": [
          "ティラーノ",
          "コンジェスタス",
          "キンググローリー"
        ],
        "expected_value": 5.0,
        "model_score": 0.013,
        "recommended_bet": 100.0,
        "confidence": 0.198,
        "notes": "合成EV=5.00 Harville=0.0132 馬番=(4, 5, 12)"
      }
    ]
  },
  "provisional": false
}
Exception in thread Thread-21 (_readerthread):
Traceback (most recent call last):
  File "C:\Users\sayaka\AppData\Local\Python\pythoncore-3.14-64\Lib\threading.py", line 1082, in _bootstrap_inner
    self._context.run(self.run)
    ~~~~~~~~~~~~~~~~~^^^^^^^^^^
  File "C:\Users\sayaka\AppData\Local\Python\pythoncore-3.14-64\Lib\threading.py", line 1024, in run
    self._target(*self._args, **self._kwargs)
    ~~~~~~~~~~~~^^^^^^^^^^^^^^^^^^^^^^^^^^^^^
  File "C:\Users\sayaka\AppData\Local\Python\pythoncore-3.14-64\Lib\subprocess.py", line 1613, in _readerthread
    buffer.append(fh.read())
                  ~~~~~~~^^
  File "<frozen codecs>", line 325, in decode
UnicodeDecodeError: 'utf-8' codec can't decode byte 0x92 in position 39: invalid start byte
14:40:14 INFO: [OK] R11 202608030511  [prerace] 完了
14:40:14 INFO: マイグレーション: v_race_mart ビューを再作成しました
14:40:14 INFO: DB 初期化完了: C:\dev\horse-racing-ai\data\umalogi.db
14:40:14 INFO: [NOTE] 注目レース検知 → note 記事生成: 202608030511
14:40:14 INFO: [NOTE] 記事生成開始: 202608030511
2026-05-09 14:40:15,240 INFO: マイグレーション: v_race_mart ビューを再作成しました
2026-05-09 14:40:15,500 INFO: DB 初期化完了: C:\dev\horse-racing-ai\data\umalogi.db
2026-05-09 14:40:15,500 INFO: 記事生成: 1 レース
2026-05-09 14:40:15,500 INFO: 生成中: 202608030511
2026-05-09 14:40:16,962 INFO: [SIMULATE] 特徴量生成 race_id=202605020511: 17 頭 × 52 特徴量 (リーク除外済み)
2026-05-09 14:40:17,093 INFO: 保存: C:\dev\horse-racing-ai\outputs\note\20260509_R11_エプソムカップ.md
[UMALOGI] note記事保存: 20260509_R11_エプソムカップ.md
14:40:17 INFO: [NOTE] 記事生成完了: 202605020511
14:40:17 INFO: [SNS] ポスト生成開始: 202605020511 (pattern=a)
2026-05-09 14:40:17,984 INFO: [SIMULATE] 特徴量生成 race_id=202604010311: 16 頭 × 52 特徴量 (リーク除外済み)
[SNS] 処理対象: 1 レース
[SNS] 保存: C:\dev\horse-racing-ai\outputs\sns\20260509_R11_エプソムカップ_prerace.txt
14:40:18 INFO: [SNS] ポスト生成完了: 202605020511
2026-05-09 14:40:18,201 INFO: 保存: C:\dev\horse-racing-ai\outputs\note\20260509_R11_駿風ステークス.md
[UMALOGI] note記事保存: 20260509_R11_駿風ステークス.md
14:40:18 INFO: [NOTE] 記事生成完了: 202604010311
14:40:18 INFO: [SNS] ポスト生成開始: 202604010311 (pattern=a)
[SNS] 処理対象: 1 レース
[SNS] 保存: C:\dev\horse-racing-ai\outputs\sns\20260509_R11_駿風ステークス_prerace.txt
14:40:19 INFO: [SNS] ポスト生成完了: 202604010311
2026-05-09 14:40:20,291 INFO: [SIMULATE] 特徴量生成 race_id=202608030511: 16 頭 × 52 特徴量 (リーク除外済み)
2026-05-09 14:40:20,394 INFO: 保存: C:\dev\horse-racing-ai\outputs\note\20260509_R11_京都新聞杯.md
[UMALOGI] note記事保存: 20260509_R11_京都新聞杯.md
14:40:20 INFO: [NOTE] 記事生成完了: 202608030511
14:40:20 INFO: [SNS] ポスト生成開始: 202608030511 (pattern=a)
[SNS] 処理対象: 1 レース
[SNS] 保存: C:\dev\horse-racing-ai\outputs\sns\20260509_R11_京都新聞杯_prerace.txt
14:40:21 INFO: [SNS] ポスト生成完了: 202608030511
14:45:00 INFO: [START] R10 202604010310  [postrace] 結果取得開始
14:45:00 INFO: [START] R10 202605020510  [postrace] 結果取得開始
14:45:00 INFO: [START] R10 202608030510  [postrace] 結果取得開始
14:45:00 INFO: マイグレーション: v_race_mart ビューを再作成しました
14:45:00 INFO: マイグレーション: v_race_mart ビューを再作成しました
14:45:00 INFO: マイグレーション: v_race_mart ビューを再作成しました
14:45:00 INFO: DB 初期化完了: C:\dev\horse-racing-ai\data\umalogi.db
14:45:00 INFO: JVLink RACE TODAY 同期開始: date=20260502
14:45:00 INFO: DB 初期化完了: C:\dev\horse-racing-ai\data\umalogi.db
14:45:00 INFO: JVLink RACE TODAY 同期開始: date=20260803
14:45:00 INFO: DB 初期化完了: C:\dev\horse-racing-ai\data\umalogi.db
14:45:00 INFO: JVLink RACE TODAY 同期開始: date=20260401
14:48:00 ERROR: JVLink ワーカー タイムアウト (180s): date=20260502
14:48:00 WARNING: JVLink 同期失敗 — netkeiba にフォールバック: race_id=202605020510
14:48:00 INFO: JVLink 結果なし → netkeiba フォールバック: race_id=202605020510
14:48:00 ERROR: JVLink ワーカー タイムアウト (180s): date=20260803
14:48:00 WARNING: JVLink 同期失敗 — netkeiba にフォールバック: race_id=202608030510
14:48:00 INFO: JVLink 結果なし → netkeiba フォールバック: race_id=202608030510
14:48:01 INFO: netkeiba から着順取得: race_id=202605020510
14:48:01 INFO: レース結果取得開始: race_id=202605020510
14:48:01 ERROR: JVLink ワーカー タイムアウト (180s): date=20260401
14:48:01 WARNING: JVLink 同期失敗 — netkeiba にフォールバック: race_id=202604010310
14:48:01 INFO: JVLink 結果なし → netkeiba フォールバック: race_id=202604010310
14:48:01 INFO: netkeiba から着順取得: race_id=202608030510
14:48:01 INFO: レース結果取得開始: race_id=202608030510
14:48:01 INFO: netkeiba から着順取得: race_id=202604010310
14:48:01 INFO: レース結果取得開始: race_id=202604010310
14:48:03 INFO: 取得完了: race_id=202605020510, 出走頭数=0
14:48:03 INFO: netkeiba: 結果テーブル空 (未確定?) race_id=202605020510
14:48:03 INFO: netkeiba: 未確定 (race_id=202605020510)
14:48:03 INFO: 取得完了: race_id=202608030510, 出走頭数=0
14:48:03 INFO: netkeiba: 結果テーブル空 (未確定?) race_id=202608030510
14:48:03 INFO: netkeiba: 未確定 (race_id=202608030510)
14:48:03 WARNING: [NG] 結果取得 rc=1 (試行 1/8): 202605020510 — 300 秒後に再試行
14:48:03 WARNING: [NG] 結果取得 rc=1 (試行 1/8): 202608030510 — 300 秒後に再試行
14:48:03 INFO: 取得完了: race_id=202604010310, 出走頭数=0
14:48:03 INFO: netkeiba: 結果テーブル空 (未確定?) race_id=202604010310
14:48:03 INFO: netkeiba: 未確定 (race_id=202604010310)
14:48:03 WARNING: [NG] 結果取得 rc=1 (試行 1/8): 202604010310 — 300 秒後に再試行
14:53:03 INFO: マイグレーション: v_race_mart ビューを再作成しました
14:53:03 INFO: マイグレーション: v_race_mart ビューを再作成しました
14:53:03 INFO: DB 初期化完了: C:\dev\horse-racing-ai\data\umalogi.db
14:53:03 INFO: JVLink RACE TODAY 同期開始: date=20260502
14:53:04 INFO: DB 初期化完了: C:\dev\horse-racing-ai\data\umalogi.db
14:53:04 INFO: JVLink RACE TODAY 同期開始: date=20260803
14:53:04 INFO: マイグレーション: v_race_mart ビューを再作成しました
14:53:04 INFO: DB 初期化完了: C:\dev\horse-racing-ai\data\umalogi.db
14:53:04 INFO: JVLink RACE TODAY 同期開始: date=20260401
14:56:03 ERROR: JVLink ワーカー タイムアウト (180s): date=20260502
14:56:03 WARNING: JVLink 同期失敗 — netkeiba にフォールバック: race_id=202605020510
14:56:03 INFO: JVLink 結果なし → netkeiba フォールバック: race_id=202605020510
14:56:04 ERROR: JVLink ワーカー タイムアウト (180s): date=20260803
14:56:04 WARNING: JVLink 同期失敗 — netkeiba にフォールバック: race_id=202608030510
14:56:04 INFO: JVLink 結果なし → netkeiba フォールバック: race_id=202608030510
14:56:04 INFO: netkeiba から着順取得: race_id=202605020510
14:56:04 INFO: レース結果取得開始: race_id=202605020510
14:56:04 INFO: netkeiba から着順取得: race_id=202608030510
14:56:04 INFO: レース結果取得開始: race_id=202608030510
14:56:05 ERROR: JVLink ワーカー タイムアウト (180s): date=20260401
14:56:05 WARNING: JVLink 同期失敗 — netkeiba にフォールバック: race_id=202604010310
14:56:05 INFO: JVLink 結果なし → netkeiba フォールバック: race_id=202604010310
14:56:05 INFO: netkeiba から着順取得: race_id=202604010310
14:56:05 INFO: レース結果取得開始: race_id=202604010310
14:56:06 INFO: 取得完了: race_id=202605020510, 出走頭数=0
14:56:06 INFO: netkeiba: 結果テーブル空 (未確定?) race_id=202605020510
14:56:06 INFO: netkeiba: 未確定 (race_id=202605020510)
14:56:06 INFO: 取得完了: race_id=202608030510, 出走頭数=0
14:56:06 INFO: netkeiba: 結果テーブル空 (未確定?) race_id=202608030510
14:56:06 INFO: netkeiba: 未確定 (race_id=202608030510)
14:56:07 INFO: 取得完了: race_id=202604010310, 出走頭数=5
14:56:07 INFO: netkeiba 着順保存: race_id=202604010310 5頭
14:56:08 INFO: 払戻取得完了: race_id=202604010310, 合計 12 件
14:56:09 INFO: 払戻保存: race_id=202604010310, 12 件
14:56:09 INFO: netkeiba 払戻保存: race_id=202604010310 12件
14:56:09 INFO: race_results 確認: race_id=202604010310 (5頭 rank有)
14:56:09 INFO: [評価] race=202604010310 粟島特別: 予想30件 的中4件 投資¥30900 払戻¥1450 ROI=4.7%
14:56:09 INFO: 評価完了: race_id=202604010310  的中=4件  投資¥30900  払戻¥1450  ROI=4.7%
