2026-04-24 06:17:02,293 [INFO] ================================================================
2026-04-24 06:17:02,294 [INFO]   UMALOGI 過去データ強制インポート (OPT_STORED 版)
2026-04-24 06:17:02,294 [INFO]   対象年: 2021〜2025
2026-04-24 06:17:02,294 [INFO]   dataspec: RACE + WOOD
2026-04-24 06:17:02,295 [INFO]   option:   4
2026-04-24 06:17:02,295 [INFO]   dry-run:  False
2026-04-24 06:17:02,295 [INFO] ================================================================
2026-04-24 06:17:02,550 [INFO] マイグレーション: v_race_mart ビューを再作成しました
2026-04-24 06:17:02,550 [INFO] DB 初期化完了: C:\dev\horse-racing-ai\data\umalogi.db
2026-04-24 06:17:02,675 [INFO] ─── DB 状態 [インポート前] ─────────────────────────────────────────
2026-04-24 06:17:02,676 [INFO]   races                   :     1650 件
2026-04-24 06:17:02,676 [INFO]   race_results            :    23085 件
2026-04-24 06:17:02,676 [INFO]   race_payouts            :    18513 件
2026-04-24 06:17:02,676 [INFO]   jockeys                 :      479 件
2026-04-24 06:17:02,677 [INFO]   trainers                :      369 件
2026-04-24 06:17:02,677 [INFO]   racehorses              :    35313 件
2026-04-24 06:17:02,677 [INFO]   training_times          :   159023 件
2026-04-24 06:17:02,677 [INFO]   training_hillwork       :        0 件
2026-04-24 06:17:02,677 [INFO] ────────────────────────────────────────────────────────────────
2026-04-24 06:17:02,678 [INFO] ━━━━ STEP: RACE 取得 (option=4) 2021〜2025年 ━━━━
2026-04-24 06:17:02,678 [INFO] ================================================================
2026-04-24 06:17:02,678 [INFO] [RACE-2021] 取得開始
2026-04-24 06:17:02,678 [INFO]   コマンド: py -3.14-32 scripts/_jvlink_force_worker.py --dataspec RACE --fromtime 20210101 --option 4 --batch-size 5000
2026-04-24 06:17:02,679 [INFO]   fromtime=20210101  dataspec=RACE  option=4
2026-04-24 06:17:02,679 [INFO] ================================================================
2026-04-24 06:17:02,679 [INFO] [RACE-2021] 試行 1/2 ...
2026-04-24 06:17:24,459 [WARNING] [RACE-2021] returncode=1 (試行 1, 経過 22 秒)
2026-04-24 06:17:24,461 [INFO] [RACE-2021]  → 30 秒後にリトライ...
2026-04-24 06:17:54,467 [INFO] [RACE-2021] 試行 2/2 ...
2026-04-24 06:18:17,045 [WARNING] [RACE-2021] returncode=1 (試行 2, 経過 23 秒)
2026-04-24 06:18:17,045 [ERROR] [RACE-2021] 最大リトライ (2 回) 超過 → スキップして次へ
2026-04-24 06:18:20,046 [INFO] ================================================================
2026-04-24 06:18:20,052 [INFO] [RACE-2022] 取得開始
2026-04-24 06:18:20,053 [INFO]   コマンド: py -3.14-32 scripts/_jvlink_force_worker.py --dataspec RACE --fromtime 20220101 --option 4 --batch-size 5000
2026-04-24 06:18:20,053 [INFO]   fromtime=20220101  dataspec=RACE  option=4
2026-04-24 06:18:20,053 [INFO] ================================================================
2026-04-24 06:18:20,054 [INFO] [RACE-2022] 試行 1/2 ...
2026-04-24 06:18:31,208 [WARNING] [RACE-2022] returncode=1 (試行 1, 経過 11 秒)
2026-04-24 06:18:31,209 [INFO] [RACE-2022]  → 30 秒後にリトライ...
2026-04-24 06:19:01,338 [INFO] [RACE-2022] 試行 2/2 ...
2026-04-24 06:19:10,108 [WARNING] [RACE-2022] returncode=1 (試行 2, 経過 9 秒)
2026-04-24 06:19:10,108 [ERROR] [RACE-2022] 最大リトライ (2 回) 超過 → スキップして次へ
2026-04-24 06:19:13,112 [INFO] ================================================================
2026-04-24 06:19:13,113 [INFO] [RACE-2023] 取得開始
2026-04-24 06:19:13,116 [INFO]   コマンド: py -3.14-32 scripts/_jvlink_force_worker.py --dataspec RACE --fromtime 20230101 --option 4 --batch-size 5000
2026-04-24 06:19:13,116 [INFO]   fromtime=20230101  dataspec=RACE  option=4
2026-04-24 06:19:13,116 [INFO] ================================================================
2026-04-24 06:19:13,117 [INFO] [RACE-2023] 試行 1/2 ...
2026-04-24 06:19:22,191 [WARNING] [RACE-2023] returncode=1 (試行 1, 経過 9 秒)
2026-04-24 06:19:22,192 [INFO] [RACE-2023]  → 30 秒後にリトライ...
2026-04-24 06:19:52,192 [INFO] [RACE-2023] 試行 2/2 ...
2026-04-24 06:20:00,339 [WARNING] [RACE-2023] returncode=1 (試行 2, 経過 8 秒)
2026-04-24 06:20:00,340 [ERROR] [RACE-2023] 最大リトライ (2 回) 超過 → スキップして次へ
2026-04-24 06:20:03,342 [INFO] ================================================================
2026-04-24 06:20:03,461 [INFO] [RACE-2024] 取得開始
2026-04-24 06:20:03,501 [INFO]   コマンド: py -3.14-32 scripts/_jvlink_force_worker.py --dataspec RACE --fromtime 20240101 --option 4 --batch-size 5000
2026-04-24 06:20:03,504 [INFO]   fromtime=20240101  dataspec=RACE  option=4
2026-04-24 06:20:03,511 [INFO] ================================================================
2026-04-24 06:20:03,511 [INFO] [RACE-2024] 試行 1/2 ...
2026-04-24 06:20:10,750 [WARNING] [RACE-2024] returncode=1 (試行 1, 経過 7 秒)
2026-04-24 06:20:10,751 [INFO] [RACE-2024]  → 30 秒後にリトライ...
2026-04-24 06:20:40,752 [INFO] [RACE-2024] 試行 2/2 ...
2026-04-24 06:20:50,113 [WARNING] [RACE-2024] returncode=1 (試行 2, 経過 9 秒)
2026-04-24 06:20:50,126 [ERROR] [RACE-2024] 最大リトライ (2 回) 超過 → スキップして次へ
2026-04-24 06:20:53,130 [INFO] ================================================================
2026-04-24 06:20:53,130 [INFO] [RACE-2025] 取得開始
2026-04-24 06:20:53,131 [INFO]   コマンド: py -3.14-32 scripts/_jvlink_force_worker.py --dataspec RACE --fromtime 20250101 --option 4 --batch-size 5000
2026-04-24 06:20:53,131 [INFO]   fromtime=20250101  dataspec=RACE  option=4
2026-04-24 06:20:53,131 [INFO] ================================================================
2026-04-24 06:20:53,132 [INFO] [RACE-2025] 試行 1/2 ...
2026-04-24 06:20:59,248 [WARNING] [RACE-2025] returncode=1 (試行 1, 経過 6 秒)
2026-04-24 06:20:59,249 [INFO] [RACE-2025]  → 30 秒後にリトライ...
2026-04-24 06:21:29,249 [INFO] [RACE-2025] 試行 2/2 ...
2026-04-24 06:21:36,422 [WARNING] [RACE-2025] returncode=1 (試行 2, 経過 7 秒)
2026-04-24 06:21:36,422 [ERROR] [RACE-2025] 最大リトライ (2 回) 超過 → スキップして次へ
2026-04-24 06:21:36,428 [INFO] ━━━━ STEP: WOOD 取得 (option=4) 2021〜2025年 ━━━━
2026-04-24 06:21:36,428 [INFO] ================================================================
2026-04-24 06:21:36,428 [INFO] [WOOD-2021] 取得開始
2026-04-24 06:21:36,428 [INFO]   コマンド: py -3.14-32 scripts/_jvlink_force_worker.py --dataspec WOOD --fromtime 20210101 --option 4 --batch-size 5000
2026-04-24 06:21:36,429 [INFO]   fromtime=20210101  dataspec=WOOD  option=4
2026-04-24 06:21:36,429 [INFO] ================================================================
2026-04-24 06:21:36,429 [INFO] [WOOD-2021] 試行 1/2 ...
2026-04-24 06:21:43,837 [WARNING] [WOOD-2021] returncode=1 (試行 1, 経過 7 秒)
2026-04-24 06:21:43,838 [INFO] [WOOD-2021]  → 30 秒後にリトライ...
2026-04-24 06:22:13,838 [INFO] [WOOD-2021] 試行 2/2 ...
2026-04-24 06:22:32,098 [INFO] [WOOD-2021] 完了 (試行 2, 経過 18 秒)
2026-04-24 06:22:32,147 [INFO] マイグレーション: v_race_mart ビューを再作成しました
2026-04-24 06:22:32,148 [INFO] DB 初期化完了: C:\dev\horse-racing-ai\data\umalogi.db
2026-04-24 06:22:32,271 [INFO] ─── DB 状態 [WOOD-2021 完了後] ─────────────────────────────────────────
2026-04-24 06:22:32,271 [INFO]   races                   :     1650 件
2026-04-24 06:22:32,271 [INFO]   race_results            :    23085 件
2026-04-24 06:22:32,272 [INFO]   race_payouts            :    18513 件
2026-04-24 06:22:32,272 [INFO]   jockeys                 :      479 件
2026-04-24 06:22:32,272 [INFO]   trainers                :      369 件
2026-04-24 06:22:32,272 [INFO]   racehorses              :    35313 件
2026-04-24 06:22:32,272 [INFO]   training_times          :   159840 件
2026-04-24 06:22:32,272 [INFO]   training_hillwork       :        0 件
2026-04-24 06:22:32,272 [INFO] ────────────────────────────────────────────────────────────────
2026-04-24 06:22:35,287 [INFO] ================================================================
2026-04-24 06:22:35,462 [INFO] [WOOD-2022] 取得開始
2026-04-24 06:22:35,465 [INFO]   コマンド: py -3.14-32 scripts/_jvlink_force_worker.py --dataspec WOOD --fromtime 20220101 --option 4 --batch-size 5000
2026-04-24 06:22:35,512 [INFO]   fromtime=20220101  dataspec=WOOD  option=4
2026-04-24 06:22:35,512 [INFO] ================================================================
2026-04-24 06:22:35,512 [INFO] [WOOD-2022] 試行 1/2 ...
2026-04-24 06:22:38,897 [WARNING] [WOOD-2022] returncode=1 (試行 1, 経過 3 秒)
2026-04-24 06:22:38,899 [INFO] [WOOD-2022]  → 30 秒後にリトライ...
2026-04-24 06:26:08,281 [INFO] ================================================================
2026-04-24 06:26:08,315 [INFO]   UMALOGI 過去データ強制インポート (OPT_STORED 版)
2026-04-24 06:26:08,315 [INFO]   対象年: 2021〜2025
2026-04-24 06:26:08,315 [INFO]   dataspec: RACE + WOOD
2026-04-24 06:26:08,315 [INFO]   option:   4
2026-04-24 06:26:08,315 [INFO]   dry-run:  True
2026-04-24 06:26:08,316 [INFO] ================================================================
2026-04-24 06:26:08,356 [INFO] マイグレーション: v_race_mart ビューを再作成しました
2026-04-24 06:26:08,356 [INFO] DB 初期化完了: C:\dev\horse-racing-ai\data\umalogi.db
2026-04-24 06:26:08,460 [INFO] ─── DB 状態 [インポート前] ─────────────────────────────────────────
2026-04-24 06:26:08,461 [INFO]   races                   :     1650 件
2026-04-24 06:26:08,461 [INFO]   race_results            :    23085 件
2026-04-24 06:26:08,461 [INFO]   race_payouts            :    18513 件
2026-04-24 06:26:08,461 [INFO]   jockeys                 :      479 件
2026-04-24 06:26:08,461 [INFO]   trainers                :      369 件
2026-04-24 06:26:08,461 [INFO]   racehorses              :    35313 件
2026-04-24 06:26:08,462 [INFO]   training_times          :   159840 件
2026-04-24 06:26:08,462 [INFO]   training_hillwork       :        0 件
2026-04-24 06:26:08,462 [INFO] ────────────────────────────────────────────────────────────────
2026-04-24 06:26:08,462 [INFO] ━━━━ STEP: RACE 取得 (option=4) 2021〜2025年 ━━━━
2026-04-24 06:26:08,462 [INFO] ================================================================
2026-04-24 06:26:08,462 [INFO] [RACE-2021] 取得開始
2026-04-24 06:26:08,462 [INFO]   コマンド: py -3.14-32 scripts/_jvlink_force_worker.py --dataspec RACE --fromtime 20210101 --option 4 --batch-size 5000
2026-04-24 06:26:08,462 [INFO]   fromtime=20210101  dataspec=RACE  option=4
2026-04-24 06:26:08,462 [INFO] ================================================================
2026-04-24 06:26:08,462 [INFO]   [DRY-RUN] 実行スキップ
2026-04-24 06:26:08,487 [INFO] マイグレーション: v_race_mart ビューを再作成しました
2026-04-24 06:26:08,487 [INFO] DB 初期化完了: C:\dev\horse-racing-ai\data\umalogi.db
2026-04-24 06:26:08,491 [INFO] ─── DB 状態 [RACE-2021 完了後] ─────────────────────────────────────────
2026-04-24 06:26:08,491 [INFO]   races                   :     1650 件
2026-04-24 06:26:08,491 [INFO]   race_results            :    23085 件
2026-04-24 06:26:08,491 [INFO]   race_payouts            :    18513 件
2026-04-24 06:26:08,491 [INFO]   jockeys                 :      479 件
2026-04-24 06:26:08,491 [INFO]   trainers                :      369 件
2026-04-24 06:26:08,491 [INFO]   racehorses              :    35313 件
2026-04-24 06:26:08,491 [INFO]   training_times          :   159840 件
2026-04-24 06:26:08,492 [INFO]   training_hillwork       :        0 件
2026-04-24 06:26:08,492 [INFO] ────────────────────────────────────────────────────────────────
2026-04-24 06:26:08,492 [INFO] ================================================================
2026-04-24 06:26:08,492 [INFO] [RACE-2022] 取得開始
2026-04-24 06:26:08,492 [INFO]   コマンド: py -3.14-32 scripts/_jvlink_force_worker.py --dataspec RACE --fromtime 20220101 --option 4 --batch-size 5000
2026-04-24 06:26:08,492 [INFO]   fromtime=20220101  dataspec=RACE  option=4
2026-04-24 06:26:08,492 [INFO] ================================================================
2026-04-24 06:26:08,492 [INFO]   [DRY-RUN] 実行スキップ
2026-04-24 06:26:08,517 [INFO] マイグレーション: v_race_mart ビューを再作成しました
2026-04-24 06:26:08,517 [INFO] DB 初期化完了: C:\dev\horse-racing-ai\data\umalogi.db
2026-04-24 06:26:08,523 [INFO] ─── DB 状態 [RACE-2022 完了後] ─────────────────────────────────────────
2026-04-24 06:26:08,524 [INFO]   races                   :     1650 件
2026-04-24 06:26:08,524 [INFO]   race_results            :    23085 件
2026-04-24 06:26:08,524 [INFO]   race_payouts            :    18513 件
2026-04-24 06:26:08,524 [INFO]   jockeys                 :      479 件
2026-04-24 06:26:08,524 [INFO]   trainers                :      369 件
2026-04-24 06:26:08,524 [INFO]   racehorses              :    35313 件
2026-04-24 06:26:08,524 [INFO]   training_times          :   159840 件
2026-04-24 06:26:08,524 [INFO]   training_hillwork       :        0 件
2026-04-24 06:26:08,524 [INFO] ────────────────────────────────────────────────────────────────
2026-04-24 06:26:08,524 [INFO] ================================================================
2026-04-24 06:26:08,524 [INFO] [RACE-2023] 取得開始
2026-04-24 06:26:08,524 [INFO]   コマンド: py -3.14-32 scripts/_jvlink_force_worker.py --dataspec RACE --fromtime 20230101 --option 4 --batch-size 5000
2026-04-24 06:26:08,525 [INFO]   fromtime=20230101  dataspec=RACE  option=4
2026-04-24 06:26:08,525 [INFO] ================================================================
2026-04-24 06:26:08,525 [INFO]   [DRY-RUN] 実行スキップ
2026-04-24 06:26:08,558 [INFO] マイグレーション: v_race_mart ビューを再作成しました
2026-04-24 06:26:08,559 [INFO] DB 初期化完了: C:\dev\horse-racing-ai\data\umalogi.db
2026-04-24 06:26:08,562 [INFO] ─── DB 状態 [RACE-2023 完了後] ─────────────────────────────────────────
2026-04-24 06:26:08,562 [INFO]   races                   :     1650 件
2026-04-24 06:26:08,562 [INFO]   race_results            :    23085 件
2026-04-24 06:26:08,563 [INFO]   race_payouts            :    18513 件
2026-04-24 06:26:08,563 [INFO]   jockeys                 :      479 件
2026-04-24 06:26:08,563 [INFO]   trainers                :      369 件
2026-04-24 06:26:08,563 [INFO]   racehorses              :    35313 件
2026-04-24 06:26:08,563 [INFO]   training_times          :   159840 件
2026-04-24 06:26:08,563 [INFO]   training_hillwork       :        0 件
2026-04-24 06:26:08,563 [INFO] ────────────────────────────────────────────────────────────────
2026-04-24 06:26:08,563 [INFO] ================================================================
2026-04-24 06:26:08,563 [INFO] [RACE-2024] 取得開始
2026-04-24 06:26:08,563 [INFO]   コマンド: py -3.14-32 scripts/_jvlink_force_worker.py --dataspec RACE --fromtime 20240101 --option 4 --batch-size 5000
2026-04-24 06:26:08,563 [INFO]   fromtime=20240101  dataspec=RACE  option=4
2026-04-24 06:26:08,563 [INFO] ================================================================
2026-04-24 06:26:08,564 [INFO]   [DRY-RUN] 実行スキップ
2026-04-24 06:26:08,592 [INFO] マイグレーション: v_race_mart ビューを再作成しました
2026-04-24 06:26:08,592 [INFO] DB 初期化完了: C:\dev\horse-racing-ai\data\umalogi.db
2026-04-24 06:26:08,596 [INFO] ─── DB 状態 [RACE-2024 完了後] ─────────────────────────────────────────
2026-04-24 06:26:08,596 [INFO]   races                   :     1650 件
2026-04-24 06:26:08,596 [INFO]   race_results            :    23085 件
2026-04-24 06:26:08,596 [INFO]   race_payouts            :    18513 件
2026-04-24 06:26:08,597 [INFO]   jockeys                 :      479 件
2026-04-24 06:26:08,597 [INFO]   trainers                :      369 件
2026-04-24 06:26:08,597 [INFO]   racehorses              :    35313 件
2026-04-24 06:26:08,597 [INFO]   training_times          :   159840 件
2026-04-24 06:26:08,597 [INFO]   training_hillwork       :        0 件
2026-04-24 06:26:08,597 [INFO] ────────────────────────────────────────────────────────────────
2026-04-24 06:26:08,597 [INFO] ================================================================
2026-04-24 06:26:08,597 [INFO] [RACE-2025] 取得開始
2026-04-24 06:26:08,597 [INFO]   コマンド: py -3.14-32 scripts/_jvlink_force_worker.py --dataspec RACE --fromtime 20250101 --option 4 --batch-size 5000
2026-04-24 06:26:08,597 [INFO]   fromtime=20250101  dataspec=RACE  option=4
2026-04-24 06:26:08,597 [INFO] ================================================================
2026-04-24 06:26:08,597 [INFO]   [DRY-RUN] 実行スキップ
2026-04-24 06:26:08,623 [INFO] マイグレーション: v_race_mart ビューを再作成しました
2026-04-24 06:26:08,623 [INFO] DB 初期化完了: C:\dev\horse-racing-ai\data\umalogi.db
2026-04-24 06:26:08,627 [INFO] ─── DB 状態 [RACE-2025 完了後] ─────────────────────────────────────────
2026-04-24 06:26:08,627 [INFO]   races                   :     1650 件
2026-04-24 06:26:08,627 [INFO]   race_results            :    23085 件
2026-04-24 06:26:08,627 [INFO]   race_payouts            :    18513 件
2026-04-24 06:26:08,627 [INFO]   jockeys                 :      479 件
2026-04-24 06:26:08,627 [INFO]   trainers                :      369 件
2026-04-24 06:26:08,627 [INFO]   racehorses              :    35313 件
2026-04-24 06:26:08,627 [INFO]   training_times          :   159840 件
2026-04-24 06:26:08,627 [INFO]   training_hillwork       :        0 件
2026-04-24 06:26:08,627 [INFO] ────────────────────────────────────────────────────────────────
2026-04-24 06:26:08,628 [INFO] ━━━━ STEP: WOOD 取得 (option=4) 2021〜2025年 ━━━━
2026-04-24 06:26:08,628 [INFO] ================================================================
2026-04-24 06:26:08,628 [INFO] [WOOD-2021] 取得開始
2026-04-24 06:26:08,628 [INFO]   コマンド: py -3.14-32 scripts/_jvlink_force_worker.py --dataspec WOOD --fromtime 20210101 --option 4 --batch-size 5000
2026-04-24 06:26:08,628 [INFO]   fromtime=20210101  dataspec=WOOD  option=4
2026-04-24 06:26:08,628 [INFO] ================================================================
2026-04-24 06:26:08,628 [INFO]   [DRY-RUN] 実行スキップ
2026-04-24 06:26:08,653 [INFO] マイグレーション: v_race_mart ビューを再作成しました
2026-04-24 06:26:08,653 [INFO] DB 初期化完了: C:\dev\horse-racing-ai\data\umalogi.db
2026-04-24 06:26:08,657 [INFO] ─── DB 状態 [WOOD-2021 完了後] ─────────────────────────────────────────
2026-04-24 06:26:08,657 [INFO]   races                   :     1650 件
2026-04-24 06:26:08,657 [INFO]   race_results            :    23085 件
2026-04-24 06:26:08,657 [INFO]   race_payouts            :    18513 件
2026-04-24 06:26:08,657 [INFO]   jockeys                 :      479 件
2026-04-24 06:26:08,657 [INFO]   trainers                :      369 件
2026-04-24 06:26:08,658 [INFO]   racehorses              :    35313 件
2026-04-24 06:26:08,658 [INFO]   training_times          :   159840 件
2026-04-24 06:26:08,658 [INFO]   training_hillwork       :        0 件
2026-04-24 06:26:08,658 [INFO] ────────────────────────────────────────────────────────────────
2026-04-24 06:26:08,658 [INFO] ================================================================
2026-04-24 06:26:08,658 [INFO] [WOOD-2022] 取得開始
2026-04-24 06:26:08,658 [INFO]   コマンド: py -3.14-32 scripts/_jvlink_force_worker.py --dataspec WOOD --fromtime 20220101 --option 4 --batch-size 5000
2026-04-24 06:26:08,658 [INFO]   fromtime=20220101  dataspec=WOOD  option=4
2026-04-24 06:26:08,658 [INFO] ================================================================
2026-04-24 06:26:08,658 [INFO]   [DRY-RUN] 実行スキップ
2026-04-24 06:26:08,682 [INFO] マイグレーション: v_race_mart ビューを再作成しました
2026-04-24 06:26:08,682 [INFO] DB 初期化完了: C:\dev\horse-racing-ai\data\umalogi.db
2026-04-24 06:26:08,686 [INFO] ─── DB 状態 [WOOD-2022 完了後] ─────────────────────────────────────────
2026-04-24 06:26:08,686 [INFO]   races                   :     1650 件
2026-04-24 06:26:08,686 [INFO]   race_results            :    23085 件
2026-04-24 06:26:08,686 [INFO]   race_payouts            :    18513 件
2026-04-24 06:26:08,686 [INFO]   jockeys                 :      479 件
2026-04-24 06:26:08,686 [INFO]   trainers                :      369 件
2026-04-24 06:26:08,686 [INFO]   racehorses              :    35313 件
2026-04-24 06:26:08,686 [INFO]   training_times          :   159840 件
2026-04-24 06:26:08,686 [INFO]   training_hillwork       :        0 件
2026-04-24 06:26:08,687 [INFO] ────────────────────────────────────────────────────────────────
2026-04-24 06:26:08,687 [INFO] ================================================================
2026-04-24 06:26:08,687 [INFO] [WOOD-2023] 取得開始
2026-04-24 06:26:08,687 [INFO]   コマンド: py -3.14-32 scripts/_jvlink_force_worker.py --dataspec WOOD --fromtime 20230101 --option 4 --batch-size 5000
2026-04-24 06:26:08,687 [INFO]   fromtime=20230101  dataspec=WOOD  option=4
2026-04-24 06:26:08,687 [INFO] ================================================================
2026-04-24 06:26:08,687 [INFO]   [DRY-RUN] 実行スキップ
2026-04-24 06:26:08,711 [INFO] マイグレーション: v_race_mart ビューを再作成しました
2026-04-24 06:26:08,711 [INFO] DB 初期化完了: C:\dev\horse-racing-ai\data\umalogi.db
2026-04-24 06:26:08,714 [INFO] ─── DB 状態 [WOOD-2023 完了後] ─────────────────────────────────────────
2026-04-24 06:26:08,715 [INFO]   races                   :     1650 件
2026-04-24 06:26:08,715 [INFO]   race_results            :    23085 件
2026-04-24 06:26:08,715 [INFO]   race_payouts            :    18513 件
2026-04-24 06:26:08,715 [INFO]   jockeys                 :      479 件
2026-04-24 06:26:08,715 [INFO]   trainers                :      369 件
2026-04-24 06:26:08,715 [INFO]   racehorses              :    35313 件
2026-04-24 06:26:08,715 [INFO]   training_times          :   159840 件
2026-04-24 06:26:08,715 [INFO]   training_hillwork       :        0 件
2026-04-24 06:26:08,715 [INFO] ────────────────────────────────────────────────────────────────
2026-04-24 06:26:08,715 [INFO] ================================================================
2026-04-24 06:26:08,715 [INFO] [WOOD-2024] 取得開始
2026-04-24 06:26:08,715 [INFO]   コマンド: py -3.14-32 scripts/_jvlink_force_worker.py --dataspec WOOD --fromtime 20240101 --option 4 --batch-size 5000
2026-04-24 06:26:08,716 [INFO]   fromtime=20240101  dataspec=WOOD  option=4
2026-04-24 06:26:08,716 [INFO] ================================================================
2026-04-24 06:26:08,716 [INFO]   [DRY-RUN] 実行スキップ
2026-04-24 06:26:08,740 [INFO] マイグレーション: v_race_mart ビューを再作成しました
2026-04-24 06:26:08,740 [INFO] DB 初期化完了: C:\dev\horse-racing-ai\data\umalogi.db
2026-04-24 06:26:08,743 [INFO] ─── DB 状態 [WOOD-2024 完了後] ─────────────────────────────────────────
2026-04-24 06:26:08,744 [INFO]   races                   :     1650 件
2026-04-24 06:26:08,744 [INFO]   race_results            :    23085 件
2026-04-24 06:26:08,744 [INFO]   race_payouts            :    18513 件
2026-04-24 06:26:08,744 [INFO]   jockeys                 :      479 件
2026-04-24 06:26:08,744 [INFO]   trainers                :      369 件
2026-04-24 06:26:08,744 [INFO]   racehorses              :    35313 件
2026-04-24 06:26:08,744 [INFO]   training_times          :   159840 件
2026-04-24 06:26:08,744 [INFO]   training_hillwork       :        0 件
2026-04-24 06:26:08,744 [INFO] ────────────────────────────────────────────────────────────────
2026-04-24 06:26:08,744 [INFO] ================================================================
2026-04-24 06:26:08,744 [INFO] [WOOD-2025] 取得開始
2026-04-24 06:26:08,744 [INFO]   コマンド: py -3.14-32 scripts/_jvlink_force_worker.py --dataspec WOOD --fromtime 20250101 --option 4 --batch-size 5000
2026-04-24 06:26:08,744 [INFO]   fromtime=20250101  dataspec=WOOD  option=4
2026-04-24 06:26:08,745 [INFO] ================================================================
2026-04-24 06:26:08,745 [INFO]   [DRY-RUN] 実行スキップ
2026-04-24 06:26:08,767 [INFO] マイグレーション: v_race_mart ビューを再作成しました
2026-04-24 06:26:08,767 [INFO] DB 初期化完了: C:\dev\horse-racing-ai\data\umalogi.db
2026-04-24 06:26:08,771 [INFO] ─── DB 状態 [WOOD-2025 完了後] ─────────────────────────────────────────
2026-04-24 06:26:08,771 [INFO]   races                   :     1650 件
2026-04-24 06:26:08,771 [INFO]   race_results            :    23085 件
2026-04-24 06:26:08,771 [INFO]   race_payouts            :    18513 件
2026-04-24 06:26:08,771 [INFO]   jockeys                 :      479 件
2026-04-24 06:26:08,771 [INFO]   trainers                :      369 件
2026-04-24 06:26:08,772 [INFO]   racehorses              :    35313 件
2026-04-24 06:26:08,772 [INFO]   training_times          :   159840 件
2026-04-24 06:26:08,772 [INFO]   training_hillwork       :        0 件
2026-04-24 06:26:08,772 [INFO] ────────────────────────────────────────────────────────────────
2026-04-24 06:26:08,772 [INFO] ================================================================
2026-04-24 06:26:08,772 [INFO]   インポート完了 (0 分)
2026-04-24 06:26:08,772 [INFO] ================================================================
2026-04-24 06:26:08,796 [INFO] マイグレーション: v_race_mart ビューを再作成しました
2026-04-24 06:26:08,796 [INFO] DB 初期化完了: C:\dev\horse-racing-ai\data\umalogi.db
2026-04-24 06:26:08,799 [INFO] ─── DB 状態 [インポート後] ─────────────────────────────────────────
2026-04-24 06:26:08,799 [INFO]   races                   :     1650 件
2026-04-24 06:26:08,799 [INFO]   race_results            :    23085 件
2026-04-24 06:26:08,800 [INFO]   race_payouts            :    18513 件
2026-04-24 06:26:08,800 [INFO]   jockeys                 :      479 件
2026-04-24 06:26:08,800 [INFO]   trainers                :      369 件
2026-04-24 06:26:08,800 [INFO]   racehorses              :    35313 件
2026-04-24 06:26:08,800 [INFO]   training_times          :   159840 件
2026-04-24 06:26:08,800 [INFO]   training_hillwork       :        0 件
2026-04-24 06:26:08,800 [INFO] ────────────────────────────────────────────────────────────────
2026-04-24 06:26:13,796 [INFO] ================================================================
2026-04-24 06:26:13,796 [INFO]   UMALOGI 過去データ強制インポート (OPT_STORED 版)
2026-04-24 06:26:13,796 [INFO]   対象年: 2021〜2021
2026-04-24 06:26:13,796 [INFO]   dataspec: RACE
2026-04-24 06:26:13,796 [INFO]   option:   4
2026-04-24 06:26:13,796 [INFO]   dry-run:  False
2026-04-24 06:26:13,796 [INFO] ================================================================
2026-04-24 06:26:13,827 [INFO] マイグレーション: v_race_mart ビューを再作成しました
2026-04-24 06:26:13,827 [INFO] DB 初期化完了: C:\dev\horse-racing-ai\data\umalogi.db
2026-04-24 06:26:13,831 [INFO] ─── DB 状態 [インポート前] ─────────────────────────────────────────
2026-04-24 06:26:13,831 [INFO]   races                   :     1650 件
2026-04-24 06:26:13,831 [INFO]   race_results            :    23085 件
2026-04-24 06:26:13,831 [INFO]   race_payouts            :    18513 件
2026-04-24 06:26:13,831 [INFO]   jockeys                 :      479 件
2026-04-24 06:26:13,831 [INFO]   trainers                :      369 件
2026-04-24 06:26:13,832 [INFO]   racehorses              :    35313 件
2026-04-24 06:26:13,832 [INFO]   training_times          :   159840 件
2026-04-24 06:26:13,832 [INFO]   training_hillwork       :        0 件
2026-04-24 06:26:13,832 [INFO] ────────────────────────────────────────────────────────────────
2026-04-24 06:26:13,832 [INFO] ━━━━ STEP: RACE 取得 (option=4) 2021〜2021年 ━━━━
2026-04-24 06:26:13,832 [INFO] ================================================================
2026-04-24 06:26:13,832 [INFO] [RACE-2021] 取得開始
2026-04-24 06:26:13,832 [INFO]   コマンド: py -3.14-32 scripts/_jvlink_force_worker.py --dataspec RACE --fromtime 20210101 --option 4 --batch-size 5000
2026-04-24 06:26:13,832 [INFO]   fromtime=20210101  dataspec=RACE  option=4
2026-04-24 06:26:13,832 [INFO] ================================================================
2026-04-24 06:26:13,832 [INFO] [RACE-2021] 試行 1/2 ...
2026-04-24 07:03:16,231 [INFO] ================================================================
2026-04-24 07:03:16,231 [INFO]   UMALOGI 過去データ強制インポート (OPT_STORED 版)
2026-04-24 07:03:16,231 [INFO]   対象年: 2021〜2025
2026-04-24 07:03:16,231 [INFO]   dataspec: RACE
2026-04-24 07:03:16,232 [INFO]   option:   4
2026-04-24 07:03:16,232 [INFO]   dry-run:  False
2026-04-24 07:03:16,232 [INFO] ================================================================
2026-04-24 07:03:19,059 [INFO] 腐敗レコード削除: 3490 件 (NAR地方競馬・不正ID・不正日付)
2026-04-24 07:03:20,943 [INFO] マイグレーション: v_race_mart ビューを再作成しました
2026-04-24 07:03:20,943 [INFO] DB 初期化完了: C:\dev\horse-racing-ai\data\umalogi.db
2026-04-24 07:03:20,968 [INFO] ─── DB 状態 [インポート前] ─────────────────────────────────────────
2026-04-24 07:03:20,968 [INFO]   races                   :    12036 件
2026-04-24 07:03:20,968 [INFO]   race_results            :    23085 件
2026-04-24 07:03:20,968 [INFO]   race_payouts            :    18513 件
2026-04-24 07:03:20,968 [INFO]   jockeys                 :      479 件
2026-04-24 07:03:20,968 [INFO]   trainers                :      369 件
2026-04-24 07:03:20,969 [INFO]   racehorses              :    35313 件
2026-04-24 07:03:20,969 [INFO]   training_times          :   159840 件
2026-04-24 07:03:20,969 [INFO]   training_hillwork       :        0 件
2026-04-24 07:03:20,969 [INFO] ────────────────────────────────────────────────────────────────
2026-04-24 07:03:20,969 [INFO] ━━━━ STEP: RACE 取得 (option=4) 2021〜2025年 ━━━━
2026-04-24 07:03:20,969 [INFO] ================================================================
2026-04-24 07:03:20,969 [INFO] [RACE-2021] 取得開始
2026-04-24 07:03:20,969 [INFO]   コマンド: py -3.14-32 scripts/_jvlink_force_worker.py --dataspec RACE --fromtime 20210101 --option 4 --batch-size 5000
2026-04-24 07:03:20,969 [INFO]   fromtime=20210101  dataspec=RACE  option=4
2026-04-24 07:03:20,969 [INFO] ================================================================
2026-04-24 07:03:20,969 [INFO] [RACE-2021] 試行 1/2 ...
2026-04-24 07:31:44,357 [WARNING] [RACE-2021] returncode=120 (試行 1, 経過 3931 秒)
2026-04-24 07:31:44,364 [INFO] [RACE-2021]  → 30 秒後にリトライ...
2026-04-24 07:32:14,432 [INFO] [RACE-2021] 試行 2/2 ...
2026-04-24 08:09:57,495 [INFO] [RACE-2021] 完了 (試行 1, 経過 3997 秒)
2026-04-24 08:10:03,220 [INFO] 腐敗レコード削除: 7264 件 (NAR地方競馬・不正ID・不正日付)
2026-04-24 08:10:05,735 [INFO] マイグレーション: v_race_mart ビューを再作成しました
2026-04-24 08:10:05,735 [INFO] DB 初期化完了: C:\dev\horse-racing-ai\data\umalogi.db
2026-04-24 08:10:05,858 [INFO] ─── DB 状態 [RACE-2021 完了後] ─────────────────────────────────────────
2026-04-24 08:10:05,858 [INFO]   races                   :    18408 件
2026-04-24 08:10:05,858 [INFO]   race_results            :    23085 件
2026-04-24 08:10:05,858 [INFO]   race_payouts            :    18513 件
2026-04-24 08:10:05,858 [INFO]   jockeys                 :      479 件
2026-04-24 08:10:05,859 [INFO]   trainers                :      369 件
2026-04-24 08:10:05,859 [INFO]   racehorses              :    35313 件
2026-04-24 08:10:05,859 [INFO]   training_times          :   159840 件
2026-04-24 08:10:05,859 [INFO]   training_hillwork       :        0 件
2026-04-24 08:10:05,859 [INFO] ────────────────────────────────────────────────────────────────
2026-04-24 08:10:08,860 [INFO] ================================================================
2026-04-24 08:10:08,860 [INFO] [RACE-2022] 取得開始
2026-04-24 08:10:08,860 [INFO]   コマンド: py -3.14-32 scripts/_jvlink_force_worker.py --dataspec RACE --fromtime 20220101 --option 4 --batch-size 5000
2026-04-24 08:10:08,860 [INFO]   fromtime=20220101  dataspec=RACE  option=4
2026-04-24 08:10:08,860 [INFO] ================================================================
2026-04-24 08:10:08,860 [INFO] [RACE-2022] 試行 1/2 ...
2026-04-24 09:02:48,804 [INFO] [RACE-2022] 完了 (試行 1, 経過 3160 秒)
2026-04-24 09:03:02,069 [INFO] 腐敗レコード削除: 7213 件 (NAR地方競馬・不正ID・不正日付)
2026-04-24 09:03:04,979 [INFO] マイグレーション: v_race_mart ビューを再作成しました
2026-04-24 09:03:04,979 [INFO] DB 初期化完了: C:\dev\horse-racing-ai\data\umalogi.db
2026-04-24 09:03:05,151 [INFO] ─── DB 状態 [RACE-2022 完了後] ─────────────────────────────────────────
2026-04-24 09:03:05,151 [INFO]   races                   :    18408 件
2026-04-24 09:03:05,151 [INFO]   race_results            :    23085 件
2026-04-24 09:03:05,152 [INFO]   race_payouts            :    18513 件
2026-04-24 09:03:05,152 [INFO]   jockeys                 :      479 件
2026-04-24 09:03:05,152 [INFO]   trainers                :      369 件
2026-04-24 09:03:05,152 [INFO]   racehorses              :    35313 件
2026-04-24 09:03:05,152 [INFO]   training_times          :   159840 件
2026-04-24 09:03:05,152 [INFO]   training_hillwork       :        0 件
2026-04-24 09:03:05,152 [INFO] ────────────────────────────────────────────────────────────────
2026-04-24 09:03:08,153 [INFO] ================================================================
2026-04-24 09:03:08,153 [INFO] [RACE-2023] 取得開始
2026-04-24 09:03:08,153 [INFO]   コマンド: py -3.14-32 scripts/_jvlink_force_worker.py --dataspec RACE --fromtime 20230101 --option 4 --batch-size 5000
2026-04-24 09:03:08,153 [INFO]   fromtime=20230101  dataspec=RACE  option=4
2026-04-24 09:03:08,153 [INFO] ================================================================
2026-04-24 09:03:08,153 [INFO] [RACE-2023] 試行 1/2 ...
2026-04-24 09:03:30,976 [WARNING] [RACE-2021] returncode=120 (試行 2, 経過 5477 秒)
2026-04-24 09:03:30,981 [ERROR] [RACE-2021] 最大リトライ (2 回) 超過 → スキップして次へ
2026-04-24 09:03:30,984 [INFO] ================================================================
2026-04-24 09:03:30,985 [INFO]   インポート完了 (157 分)
2026-04-24 09:03:31,001 [INFO] ================================================================
2026-04-24 09:03:31,064 [INFO] 腐敗レコード削除: 12 件 (NAR地方競馬・不正ID・不正日付)
2026-04-24 09:03:31,082 [INFO] マイグレーション: v_race_mart ビューを再作成しました
2026-04-24 09:03:31,082 [INFO] DB 初期化完了: C:\dev\horse-racing-ai\data\umalogi.db
2026-04-24 09:03:31,088 [INFO] ─── DB 状態 [インポート後] ─────────────────────────────────────────
2026-04-24 09:03:31,088 [INFO]   races                   :    18408 件
2026-04-24 09:03:31,088 [INFO]   race_results            :    23085 件
2026-04-24 09:03:31,089 [INFO]   race_payouts            :    18513 件
2026-04-24 09:03:31,089 [INFO]   jockeys                 :      479 件
2026-04-24 09:03:31,089 [INFO]   trainers                :      369 件
2026-04-24 09:03:31,089 [INFO]   racehorses              :    35313 件
2026-04-24 09:03:31,089 [INFO]   training_times          :   159840 件
2026-04-24 09:03:31,089 [INFO]   training_hillwork       :        0 件
2026-04-24 09:03:31,089 [INFO] ────────────────────────────────────────────────────────────────
2026-04-24 09:03:31,089 [INFO] 
2026-04-24 09:03:31,089 [INFO] 次のステップ:
2026-04-24 09:03:31,089 [INFO]   py -m src.ops.retrain_trigger
2026-04-24 09:03:31,089 [INFO]   py scripts/backtest_ev_threshold.py --bet-type 単勝
2026-04-24 09:35:56,409 [INFO] [RACE-2023] 完了 (試行 1, 経過 1968 秒)
2026-04-24 09:36:00,272 [INFO] 腐敗レコード削除: 5465 件 (NAR地方競馬・不正ID・不正日付)
2026-04-24 09:36:02,956 [INFO] マイグレーション: v_race_mart ビューを再作成しました
2026-04-24 09:36:02,956 [INFO] DB 初期化完了: C:\dev\horse-racing-ai\data\umalogi.db
2026-04-24 09:36:03,094 [INFO] ─── DB 状態 [RACE-2023 完了後] ─────────────────────────────────────────
2026-04-24 09:36:03,094 [INFO]   races                   :    18408 件
2026-04-24 09:36:03,094 [INFO]   race_results            :    23085 件
2026-04-24 09:36:03,094 [INFO]   race_payouts            :    18513 件
2026-04-24 09:36:03,094 [INFO]   jockeys                 :      479 件
2026-04-24 09:36:03,094 [INFO]   trainers                :      369 件
2026-04-24 09:36:03,094 [INFO]   racehorses              :    35313 件
2026-04-24 09:36:03,094 [INFO]   training_times          :   159840 件
2026-04-24 09:36:03,094 [INFO]   training_hillwork       :        0 件
2026-04-24 09:36:03,094 [INFO] ────────────────────────────────────────────────────────────────
2026-04-24 09:36:06,095 [INFO] ================================================================
2026-04-24 09:36:06,095 [INFO] [RACE-2024] 取得開始
2026-04-24 09:36:06,095 [INFO]   コマンド: py -3.14-32 scripts/_jvlink_force_worker.py --dataspec RACE --fromtime 20240101 --option 4 --batch-size 5000
2026-04-24 09:36:06,095 [INFO]   fromtime=20240101  dataspec=RACE  option=4
2026-04-24 09:36:06,095 [INFO] ================================================================
2026-04-24 09:36:06,095 [INFO] [RACE-2024] 試行 1/2 ...
2026-04-24 09:53:54,280 [INFO] [RACE-2024] 完了 (試行 1, 経過 1068 秒)
2026-04-24 09:53:58,466 [INFO] 腐敗レコード削除: 4099 件 (NAR地方競馬・不正ID・不正日付)
2026-04-24 09:54:00,907 [INFO] マイグレーション: v_race_mart ビューを再作成しました
2026-04-24 09:54:00,907 [INFO] DB 初期化完了: C:\dev\horse-racing-ai\data\umalogi.db
2026-04-24 09:54:01,030 [INFO] ─── DB 状態 [RACE-2024 完了後] ─────────────────────────────────────────
2026-04-24 09:54:01,030 [INFO]   races                   :    18408 件
2026-04-24 09:54:01,031 [INFO]   race_results            :    23085 件
2026-04-24 09:54:01,031 [INFO]   race_payouts            :    18513 件
2026-04-24 09:54:01,031 [INFO]   jockeys                 :      479 件
2026-04-24 09:54:01,031 [INFO]   trainers                :      369 件
2026-04-24 09:54:01,031 [INFO]   racehorses              :    35313 件
2026-04-24 09:54:01,031 [INFO]   training_times          :   159840 件
2026-04-24 09:54:01,031 [INFO]   training_hillwork       :        0 件
2026-04-24 09:54:01,031 [INFO] ────────────────────────────────────────────────────────────────
2026-04-24 09:54:04,032 [INFO] ================================================================
2026-04-24 09:54:04,032 [INFO] [RACE-2025] 取得開始
2026-04-24 09:54:04,032 [INFO]   コマンド: py -3.14-32 scripts/_jvlink_force_worker.py --dataspec RACE --fromtime 20250101 --option 4 --batch-size 5000
2026-04-24 09:54:04,032 [INFO]   fromtime=20250101  dataspec=RACE  option=4
2026-04-24 09:54:04,032 [INFO] ================================================================
2026-04-24 09:54:04,032 [INFO] [RACE-2025] 試行 1/2 ...
2026-04-24 10:56:05,363 [INFO] [RACE-2025] 完了 (試行 1, 経過 3721 秒)
2026-04-24 10:56:06,436 [INFO] 腐敗レコード削除: 2611 件 (NAR地方競馬・不正ID・不正日付)
2026-04-24 10:56:07,968 [INFO] マイグレーション: v_race_mart ビューを再作成しました
2026-04-24 10:56:07,968 [INFO] DB 初期化完了: C:\dev\horse-racing-ai\data\umalogi.db
2026-04-24 10:56:08,123 [INFO] ─── DB 状態 [RACE-2025 完了後] ─────────────────────────────────────────
2026-04-24 10:56:08,123 [INFO]   races                   :    18408 件
2026-04-24 10:56:08,123 [INFO]   race_results            :    23085 件
2026-04-24 10:56:08,123 [INFO]   race_payouts            :    18513 件
2026-04-24 10:56:08,123 [INFO]   jockeys                 :      479 件
2026-04-24 10:56:08,123 [INFO]   trainers                :      369 件
2026-04-24 10:56:08,123 [INFO]   racehorses              :    35313 件
2026-04-24 10:56:08,123 [INFO]   training_times          :   159840 件
2026-04-24 10:56:08,124 [INFO]   training_hillwork       :        0 件
2026-04-24 10:56:08,124 [INFO] ────────────────────────────────────────────────────────────────
2026-04-24 10:56:08,124 [INFO] ================================================================
2026-04-24 10:56:08,124 [INFO]   インポート完了 (233 分)
2026-04-24 10:56:08,131 [INFO] ================================================================
2026-04-24 10:56:08,165 [INFO] マイグレーション: v_race_mart ビューを再作成しました
2026-04-24 10:56:08,165 [INFO] DB 初期化完了: C:\dev\horse-racing-ai\data\umalogi.db
2026-04-24 10:56:08,171 [INFO] ─── DB 状態 [インポート後] ─────────────────────────────────────────
2026-04-24 10:56:08,171 [INFO]   races                   :    18408 件
2026-04-24 10:56:08,171 [INFO]   race_results            :    23085 件
2026-04-24 10:56:08,171 [INFO]   race_payouts            :    18513 件
2026-04-24 10:56:08,171 [INFO]   jockeys                 :      479 件
2026-04-24 10:56:08,171 [INFO]   trainers                :      369 件
2026-04-24 10:56:08,171 [INFO]   racehorses              :    35313 件
2026-04-24 10:56:08,171 [INFO]   training_times          :   159840 件
2026-04-24 10:56:08,172 [INFO]   training_hillwork       :        0 件
2026-04-24 10:56:08,172 [INFO] ────────────────────────────────────────────────────────────────
2026-04-24 10:56:08,172 [INFO] 
2026-04-24 10:56:08,172 [INFO] 次のステップ:
2026-04-24 10:56:08,172 [INFO]   py -m src.ops.retrain_trigger
2026-04-24 10:56:08,172 [INFO]   py scripts/backtest_ev_threshold.py --bet-type 単勝
2026-04-24 12:05:58,481 [INFO] ================================================================
2026-04-24 12:05:58,481 [INFO]   UMALOGI 過去データ強制インポート (OPT_STORED 版)
2026-04-24 12:05:58,483 [INFO]   対象年: 2021〜2025
2026-04-24 12:05:58,483 [INFO]   dataspec: RACE
2026-04-24 12:05:58,483 [INFO]   option:   1
2026-04-24 12:05:58,484 [INFO]   dry-run:  True
2026-04-24 12:05:58,484 [INFO] ================================================================
2026-04-24 12:05:58,904 [INFO] マイグレーション: v_race_mart ビューを再作成しました
2026-04-24 12:05:58,905 [INFO] DB 初期化完了: C:\dev\horse-racing-ai\data\umalogi.db
2026-04-24 12:05:59,043 [INFO] ─── DB 状態 [インポート前] ─────────────────────────────────────────
2026-04-24 12:05:59,044 [INFO]   races                   :    18408 件
2026-04-24 12:05:59,044 [INFO]   race_results            :    23085 件
2026-04-24 12:05:59,044 [INFO]   race_payouts            :    18513 件
2026-04-24 12:05:59,044 [INFO]   jockeys                 :      479 件
2026-04-24 12:05:59,044 [INFO]   trainers                :      369 件
2026-04-24 12:05:59,044 [INFO]   racehorses              :    35313 件
2026-04-24 12:05:59,044 [INFO]   training_times          :   159840 件
2026-04-24 12:05:59,044 [INFO]   training_hillwork       :        0 件
2026-04-24 12:05:59,044 [INFO] ────────────────────────────────────────────────────────────────
2026-04-24 12:05:59,045 [INFO] ━━━━ STEP: RACE 取得 (option=1) 2021〜2025年 ━━━━
2026-04-24 12:05:59,045 [INFO] ================================================================
2026-04-24 12:05:59,045 [INFO] [RACE-2021] 取得開始
2026-04-24 12:05:59,045 [INFO]   コマンド: py -3.14-32 scripts/_jvlink_force_worker.py --dataspec RACE --fromtime 20210101 --option 1 --batch-size 5000
2026-04-24 12:05:59,045 [INFO]   fromtime=20210101  dataspec=RACE  option=1
2026-04-24 12:05:59,045 [INFO] ================================================================
2026-04-24 12:05:59,045 [INFO]   [DRY-RUN] 実行スキップ
2026-04-24 12:05:59,079 [INFO] マイグレーション: v_race_mart ビューを再作成しました
2026-04-24 12:05:59,079 [INFO] DB 初期化完了: C:\dev\horse-racing-ai\data\umalogi.db
2026-04-24 12:05:59,085 [INFO] ─── DB 状態 [RACE-2021 完了後] ─────────────────────────────────────────
2026-04-24 12:05:59,086 [INFO]   races                   :    18408 件
2026-04-24 12:05:59,086 [INFO]   race_results            :    23085 件
2026-04-24 12:05:59,086 [INFO]   race_payouts            :    18513 件
2026-04-24 12:05:59,086 [INFO]   jockeys                 :      479 件
2026-04-24 12:05:59,086 [INFO]   trainers                :      369 件
2026-04-24 12:05:59,086 [INFO]   racehorses              :    35313 件
2026-04-24 12:05:59,086 [INFO]   training_times          :   159840 件
2026-04-24 12:05:59,086 [INFO]   training_hillwork       :        0 件
2026-04-24 12:05:59,086 [INFO] ────────────────────────────────────────────────────────────────
2026-04-24 12:05:59,086 [INFO] ================================================================
2026-04-24 12:05:59,086 [INFO] [RACE-2022] 取得開始
2026-04-24 12:05:59,086 [INFO]   コマンド: py -3.14-32 scripts/_jvlink_force_worker.py --dataspec RACE --fromtime 20220101 --option 1 --batch-size 5000
2026-04-24 12:05:59,087 [INFO]   fromtime=20220101  dataspec=RACE  option=1
2026-04-24 12:05:59,087 [INFO] ================================================================
2026-04-24 12:05:59,087 [INFO]   [DRY-RUN] 実行スキップ
2026-04-24 12:05:59,124 [INFO] マイグレーション: v_race_mart ビューを再作成しました
2026-04-24 12:05:59,125 [INFO] DB 初期化完了: C:\dev\horse-racing-ai\data\umalogi.db
2026-04-24 12:05:59,129 [INFO] ─── DB 状態 [RACE-2022 完了後] ─────────────────────────────────────────
2026-04-24 12:05:59,129 [INFO]   races                   :    18408 件
2026-04-24 12:05:59,129 [INFO]   race_results            :    23085 件
2026-04-24 12:05:59,130 [INFO]   race_payouts            :    18513 件
2026-04-24 12:05:59,130 [INFO]   jockeys                 :      479 件
2026-04-24 12:05:59,130 [INFO]   trainers                :      369 件
2026-04-24 12:05:59,130 [INFO]   racehorses              :    35313 件
2026-04-24 12:05:59,130 [INFO]   training_times          :   159840 件
2026-04-24 12:05:59,130 [INFO]   training_hillwork       :        0 件
2026-04-24 12:05:59,130 [INFO] ────────────────────────────────────────────────────────────────
2026-04-24 12:05:59,130 [INFO] ================================================================
2026-04-24 12:05:59,130 [INFO] [RACE-2023] 取得開始
2026-04-24 12:05:59,130 [INFO]   コマンド: py -3.14-32 scripts/_jvlink_force_worker.py --dataspec RACE --fromtime 20230101 --option 1 --batch-size 5000
2026-04-24 12:05:59,130 [INFO]   fromtime=20230101  dataspec=RACE  option=1
2026-04-24 12:05:59,130 [INFO] ================================================================
2026-04-24 12:05:59,130 [INFO]   [DRY-RUN] 実行スキップ
2026-04-24 12:05:59,162 [INFO] マイグレーション: v_race_mart ビューを再作成しました
2026-04-24 12:05:59,163 [INFO] DB 初期化完了: C:\dev\horse-racing-ai\data\umalogi.db
2026-04-24 12:05:59,167 [INFO] ─── DB 状態 [RACE-2023 完了後] ─────────────────────────────────────────
2026-04-24 12:05:59,167 [INFO]   races                   :    18408 件
2026-04-24 12:05:59,167 [INFO]   race_results            :    23085 件
2026-04-24 12:05:59,167 [INFO]   race_payouts            :    18513 件
2026-04-24 12:05:59,167 [INFO]   jockeys                 :      479 件
2026-04-24 12:05:59,167 [INFO]   trainers                :      369 件
2026-04-24 12:05:59,167 [INFO]   racehorses              :    35313 件
2026-04-24 12:05:59,167 [INFO]   training_times          :   159840 件
2026-04-24 12:05:59,167 [INFO]   training_hillwork       :        0 件
2026-04-24 12:05:59,167 [INFO] ────────────────────────────────────────────────────────────────
2026-04-24 12:05:59,168 [INFO] ================================================================
2026-04-24 12:05:59,168 [INFO] [RACE-2024] 取得開始
2026-04-24 12:05:59,168 [INFO]   コマンド: py -3.14-32 scripts/_jvlink_force_worker.py --dataspec RACE --fromtime 20240101 --option 1 --batch-size 5000
2026-04-24 12:05:59,168 [INFO]   fromtime=20240101  dataspec=RACE  option=1
2026-04-24 12:05:59,168 [INFO] ================================================================
2026-04-24 12:05:59,168 [INFO]   [DRY-RUN] 実行スキップ
2026-04-24 12:05:59,208 [INFO] マイグレーション: v_race_mart ビューを再作成しました
2026-04-24 12:05:59,208 [INFO] DB 初期化完了: C:\dev\horse-racing-ai\data\umalogi.db
2026-04-24 12:05:59,213 [INFO] ─── DB 状態 [RACE-2024 完了後] ─────────────────────────────────────────
2026-04-24 12:05:59,213 [INFO]   races                   :    18408 件
2026-04-24 12:05:59,214 [INFO]   race_results            :    23085 件
2026-04-24 12:05:59,214 [INFO]   race_payouts            :    18513 件
2026-04-24 12:05:59,214 [INFO]   jockeys                 :      479 件
2026-04-24 12:05:59,214 [INFO]   trainers                :      369 件
2026-04-24 12:05:59,214 [INFO]   racehorses              :    35313 件
2026-04-24 12:05:59,214 [INFO]   training_times          :   159840 件
2026-04-24 12:05:59,214 [INFO]   training_hillwork       :        0 件
2026-04-24 12:05:59,214 [INFO] ────────────────────────────────────────────────────────────────
2026-04-24 12:05:59,214 [INFO] ================================================================
2026-04-24 12:05:59,214 [INFO] [RACE-2025] 取得開始
2026-04-24 12:05:59,214 [INFO]   コマンド: py -3.14-32 scripts/_jvlink_force_worker.py --dataspec RACE --fromtime 20250101 --option 1 --batch-size 5000
2026-04-24 12:05:59,214 [INFO]   fromtime=20250101  dataspec=RACE  option=1
2026-04-24 12:05:59,214 [INFO] ================================================================
2026-04-24 12:05:59,214 [INFO]   [DRY-RUN] 実行スキップ
2026-04-24 12:05:59,247 [INFO] マイグレーション: v_race_mart ビューを再作成しました
2026-04-24 12:05:59,248 [INFO] DB 初期化完了: C:\dev\horse-racing-ai\data\umalogi.db
2026-04-24 12:05:59,252 [INFO] ─── DB 状態 [RACE-2025 完了後] ─────────────────────────────────────────
2026-04-24 12:05:59,252 [INFO]   races                   :    18408 件
2026-04-24 12:05:59,252 [INFO]   race_results            :    23085 件
2026-04-24 12:05:59,252 [INFO]   race_payouts            :    18513 件
2026-04-24 12:05:59,252 [INFO]   jockeys                 :      479 件
2026-04-24 12:05:59,252 [INFO]   trainers                :      369 件
2026-04-24 12:05:59,252 [INFO]   racehorses              :    35313 件
2026-04-24 12:05:59,253 [INFO]   training_times          :   159840 件
2026-04-24 12:05:59,253 [INFO]   training_hillwork       :        0 件
2026-04-24 12:05:59,253 [INFO] ────────────────────────────────────────────────────────────────
2026-04-24 12:05:59,253 [INFO] ================================================================
2026-04-24 12:05:59,253 [INFO]   インポート完了 (0 分)
2026-04-24 12:05:59,253 [INFO] ================================================================
2026-04-24 12:05:59,289 [INFO] マイグレーション: v_race_mart ビューを再作成しました
2026-04-24 12:05:59,290 [INFO] DB 初期化完了: C:\dev\horse-racing-ai\data\umalogi.db
2026-04-24 12:05:59,294 [INFO] ─── DB 状態 [インポート後] ─────────────────────────────────────────
2026-04-24 12:05:59,294 [INFO]   races                   :    18408 件
2026-04-24 12:05:59,294 [INFO]   race_results            :    23085 件
2026-04-24 12:05:59,294 [INFO]   race_payouts            :    18513 件
2026-04-24 12:05:59,295 [INFO]   jockeys                 :      479 件
2026-04-24 12:05:59,295 [INFO]   trainers                :      369 件
2026-04-24 12:05:59,295 [INFO]   racehorses              :    35313 件
2026-04-24 12:05:59,295 [INFO]   training_times          :   159840 件
2026-04-24 12:05:59,295 [INFO]   training_hillwork       :        0 件
2026-04-24 12:05:59,295 [INFO] ────────────────────────────────────────────────────────────────
2026-04-24 12:06:12,555 [INFO] ================================================================
2026-04-24 12:06:12,555 [INFO]   UMALOGI 過去データ強制インポート (OPT_STORED 版)
2026-04-24 12:06:12,555 [INFO]   対象年: 2021〜2025
2026-04-24 12:06:12,555 [INFO]   dataspec: RACE
2026-04-24 12:06:12,555 [INFO]   option:   1
2026-04-24 12:06:12,555 [INFO]   dry-run:  False
2026-04-24 12:06:12,556 [INFO] ================================================================
2026-04-24 12:06:12,601 [INFO] マイグレーション: v_race_mart ビューを再作成しました
2026-04-24 12:06:12,601 [INFO] DB 初期化完了: C:\dev\horse-racing-ai\data\umalogi.db
2026-04-24 12:06:12,606 [INFO] ─── DB 状態 [インポート前] ─────────────────────────────────────────
2026-04-24 12:06:12,606 [INFO]   races                   :    18408 件
2026-04-24 12:06:12,607 [INFO]   race_results            :    23085 件
2026-04-24 12:06:12,607 [INFO]   race_payouts            :    18513 件
2026-04-24 12:06:12,607 [INFO]   jockeys                 :      479 件
2026-04-24 12:06:12,607 [INFO]   trainers                :      369 件
2026-04-24 12:06:12,607 [INFO]   racehorses              :    35313 件
2026-04-24 12:06:12,607 [INFO]   training_times          :   159840 件
2026-04-24 12:06:12,607 [INFO]   training_hillwork       :        0 件
2026-04-24 12:06:12,607 [INFO] ────────────────────────────────────────────────────────────────
2026-04-24 12:06:12,607 [INFO] ━━━━ STEP: RACE 取得 (option=1) 2021〜2025年 ━━━━
2026-04-24 12:06:12,608 [INFO] ================================================================
2026-04-24 12:06:12,608 [INFO] [RACE-2021] 取得開始
2026-04-24 12:06:12,608 [INFO]   コマンド: py -3.14-32 scripts/_jvlink_force_worker.py --dataspec RACE --fromtime 20210101 --option 1 --batch-size 5000
2026-04-24 12:06:12,608 [INFO]   fromtime=20210101  dataspec=RACE  option=1
2026-04-24 12:06:12,608 [INFO] ================================================================
2026-04-24 12:06:12,608 [INFO] [RACE-2021] 試行 1/2 ...
2026-04-24 12:19:27,838 [INFO] [RACE-2021] 完了 (試行 1, 経過 795 秒)
2026-04-24 12:19:29,578 [INFO] 腐敗レコード削除: 299 件 (NAR地方競馬・不正ID・不正日付)
2026-04-24 12:19:30,539 [INFO] マイグレーション: v_race_mart ビューを再作成しました
2026-04-24 12:19:30,539 [INFO] DB 初期化完了: C:\dev\horse-racing-ai\data\umalogi.db
2026-04-24 12:19:30,666 [INFO] ─── DB 状態 [RACE-2021 完了後] ─────────────────────────────────────────
2026-04-24 12:19:30,666 [INFO]   races                   :    18408 件
2026-04-24 12:19:30,666 [INFO]   race_results            :    23085 件
2026-04-24 12:19:30,666 [INFO]   race_payouts            :    18513 件
2026-04-24 12:19:30,666 [INFO]   jockeys                 :      479 件
2026-04-24 12:19:30,666 [INFO]   trainers                :      369 件
2026-04-24 12:19:30,666 [INFO]   racehorses              :    35313 件
2026-04-24 12:19:30,666 [INFO]   training_times          :   159840 件
2026-04-24 12:19:30,666 [INFO]   training_hillwork       :        0 件
2026-04-24 12:19:30,666 [INFO] ────────────────────────────────────────────────────────────────
2026-04-24 12:19:33,667 [INFO] ================================================================
2026-04-24 12:19:33,667 [INFO] [RACE-2022] 取得開始
2026-04-24 12:19:33,667 [INFO]   コマンド: py -3.14-32 scripts/_jvlink_force_worker.py --dataspec RACE --fromtime 20220101 --option 1 --batch-size 5000
2026-04-24 12:19:33,667 [INFO]   fromtime=20220101  dataspec=RACE  option=1
2026-04-24 12:19:33,667 [INFO] ================================================================
2026-04-24 12:19:33,667 [INFO] [RACE-2022] 試行 1/2 ...
2026-04-24 12:32:55,225 [INFO] [RACE-2022] 完了 (試行 1, 経過 802 秒)
2026-04-24 12:32:55,698 [INFO] 腐敗レコード削除: 299 件 (NAR地方競馬・不正ID・不正日付)
2026-04-24 12:32:56,385 [INFO] マイグレーション: v_race_mart ビューを再作成しました
2026-04-24 12:32:56,385 [INFO] DB 初期化完了: C:\dev\horse-racing-ai\data\umalogi.db
2026-04-24 12:32:56,396 [INFO] ─── DB 状態 [RACE-2022 完了後] ─────────────────────────────────────────
2026-04-24 12:32:56,396 [INFO]   races                   :    18408 件
2026-04-24 12:32:56,396 [INFO]   race_results            :    23085 件
2026-04-24 12:32:56,396 [INFO]   race_payouts            :    18513 件
2026-04-24 12:32:56,396 [INFO]   jockeys                 :      479 件
2026-04-24 12:32:56,396 [INFO]   trainers                :      369 件
2026-04-24 12:32:56,396 [INFO]   racehorses              :    35313 件
2026-04-24 12:32:56,396 [INFO]   training_times          :   159840 件
2026-04-24 12:32:56,396 [INFO]   training_hillwork       :        0 件
2026-04-24 12:32:56,396 [INFO] ────────────────────────────────────────────────────────────────
2026-04-24 12:32:59,397 [INFO] ================================================================
2026-04-24 12:32:59,397 [INFO] [RACE-2023] 取得開始
2026-04-24 12:32:59,397 [INFO]   コマンド: py -3.14-32 scripts/_jvlink_force_worker.py --dataspec RACE --fromtime 20230101 --option 1 --batch-size 5000
2026-04-24 12:32:59,397 [INFO]   fromtime=20230101  dataspec=RACE  option=1
2026-04-24 12:32:59,397 [INFO] ================================================================
2026-04-24 12:32:59,397 [INFO] [RACE-2023] 試行 1/2 ...
2026-04-24 12:45:02,641 [INFO] [RACE-2023] 完了 (試行 1, 経過 723 秒)
2026-04-24 12:45:03,136 [INFO] 腐敗レコード削除: 299 件 (NAR地方競馬・不正ID・不正日付)
2026-04-24 12:45:03,801 [INFO] マイグレーション: v_race_mart ビューを再作成しました
2026-04-24 12:45:03,801 [INFO] DB 初期化完了: C:\dev\horse-racing-ai\data\umalogi.db
2026-04-24 12:45:03,812 [INFO] ─── DB 状態 [RACE-2023 完了後] ─────────────────────────────────────────
2026-04-24 12:45:03,812 [INFO]   races                   :    18408 件
2026-04-24 12:45:03,812 [INFO]   race_results            :    23085 件
2026-04-24 12:45:03,812 [INFO]   race_payouts            :    18513 件
2026-04-24 12:45:03,812 [INFO]   jockeys                 :      479 件
2026-04-24 12:45:03,812 [INFO]   trainers                :      369 件
2026-04-24 12:45:03,812 [INFO]   racehorses              :    35313 件
2026-04-24 12:45:03,813 [INFO]   training_times          :   159840 件
2026-04-24 12:45:03,813 [INFO]   training_hillwork       :        0 件
2026-04-24 12:45:03,813 [INFO] ────────────────────────────────────────────────────────────────
2026-04-24 12:45:06,813 [INFO] ================================================================
2026-04-24 12:45:06,813 [INFO] [RACE-2024] 取得開始
2026-04-24 12:45:06,814 [INFO]   コマンド: py -3.14-32 scripts/_jvlink_force_worker.py --dataspec RACE --fromtime 20240101 --option 1 --batch-size 5000
2026-04-24 12:45:06,814 [INFO]   fromtime=20240101  dataspec=RACE  option=1
2026-04-24 12:45:06,814 [INFO] ================================================================
2026-04-24 12:45:06,814 [INFO] [RACE-2024] 試行 1/2 ...
2026-04-24 12:56:57,936 [INFO] [RACE-2024] 完了 (試行 1, 経過 711 秒)
2026-04-24 12:56:58,436 [INFO] 腐敗レコード削除: 299 件 (NAR地方競馬・不正ID・不正日付)
2026-04-24 12:56:59,189 [INFO] マイグレーション: v_race_mart ビューを再作成しました
2026-04-24 12:56:59,189 [INFO] DB 初期化完了: C:\dev\horse-racing-ai\data\umalogi.db
2026-04-24 12:56:59,200 [INFO] ─── DB 状態 [RACE-2024 完了後] ─────────────────────────────────────────
2026-04-24 12:56:59,200 [INFO]   races                   :    18408 件
2026-04-24 12:56:59,200 [INFO]   race_results            :    23085 件
2026-04-24 12:56:59,200 [INFO]   race_payouts            :    18513 件
2026-04-24 12:56:59,201 [INFO]   jockeys                 :      479 件
2026-04-24 12:56:59,201 [INFO]   trainers                :      369 件
2026-04-24 12:56:59,201 [INFO]   racehorses              :    35313 件
2026-04-24 12:56:59,201 [INFO]   training_times          :   159840 件
2026-04-24 12:56:59,201 [INFO]   training_hillwork       :        0 件
2026-04-24 12:56:59,201 [INFO] ────────────────────────────────────────────────────────────────
2026-04-24 12:57:02,201 [INFO] ================================================================
2026-04-24 12:57:02,202 [INFO] [RACE-2025] 取得開始
2026-04-24 12:57:02,202 [INFO]   コマンド: py -3.14-32 scripts/_jvlink_force_worker.py --dataspec RACE --fromtime 20250101 --option 1 --batch-size 5000
2026-04-24 12:57:02,202 [INFO]   fromtime=20250101  dataspec=RACE  option=1
2026-04-24 12:57:02,202 [INFO] ================================================================
2026-04-24 12:57:02,202 [INFO] [RACE-2025] 試行 1/2 ...
2026-04-24 13:09:11,028 [INFO] [RACE-2025] 完了 (試行 1, 経過 729 秒)
2026-04-24 13:09:11,771 [INFO] 腐敗レコード削除: 299 件 (NAR地方競馬・不正ID・不正日付)
2026-04-24 13:09:12,824 [INFO] マイグレーション: v_race_mart ビューを再作成しました
2026-04-24 13:09:12,825 [INFO] DB 初期化完了: C:\dev\horse-racing-ai\data\umalogi.db
2026-04-24 13:09:12,968 [INFO] ─── DB 状態 [RACE-2025 完了後] ─────────────────────────────────────────
2026-04-24 13:09:12,968 [INFO]   races                   :    18408 件
2026-04-24 13:09:12,968 [INFO]   race_results            :    23085 件
2026-04-24 13:09:12,969 [INFO]   race_payouts            :    18513 件
2026-04-24 13:09:12,969 [INFO]   jockeys                 :      479 件
2026-04-24 13:09:12,969 [INFO]   trainers                :      369 件
2026-04-24 13:09:12,969 [INFO]   racehorses              :    35313 件
2026-04-24 13:09:12,969 [INFO]   training_times          :   159840 件
2026-04-24 13:09:12,969 [INFO]   training_hillwork       :        0 件
2026-04-24 13:09:12,969 [INFO] ────────────────────────────────────────────────────────────────
2026-04-24 13:09:12,969 [INFO] ================================================================
2026-04-24 13:09:12,969 [INFO]   インポート完了 (63 分)
2026-04-24 13:09:12,970 [INFO] ================================================================
2026-04-24 13:09:13,004 [INFO] マイグレーション: v_race_mart ビューを再作成しました
2026-04-24 13:09:13,004 [INFO] DB 初期化完了: C:\dev\horse-racing-ai\data\umalogi.db
2026-04-24 13:09:13,009 [INFO] ─── DB 状態 [インポート後] ─────────────────────────────────────────
2026-04-24 13:09:13,009 [INFO]   races                   :    18408 件
2026-04-24 13:09:13,009 [INFO]   race_results            :    23085 件
2026-04-24 13:09:13,009 [INFO]   race_payouts            :    18513 件
2026-04-24 13:09:13,009 [INFO]   jockeys                 :      479 件
2026-04-24 13:09:13,009 [INFO]   trainers                :      369 件
2026-04-24 13:09:13,009 [INFO]   racehorses              :    35313 件
2026-04-24 13:09:13,009 [INFO]   training_times          :   159840 件
2026-04-24 13:09:13,009 [INFO]   training_hillwork       :        0 件
2026-04-24 13:09:13,009 [INFO] ────────────────────────────────────────────────────────────────
2026-04-24 13:09:13,009 [INFO] 
2026-04-24 13:09:13,010 [INFO] 次のステップ:
2026-04-24 13:09:13,010 [INFO]   py -m src.ops.retrain_trigger
2026-04-24 13:09:13,010 [INFO]   py scripts/backtest_ev_threshold.py --bet-type 単勝
2026-04-24 13:25:23,442 [INFO] ================================================================
2026-04-24 13:25:23,442 [INFO]   UMALOGI 過去データ強制インポート (OPT_STORED 版)
2026-04-24 13:25:23,442 [INFO]   対象年: 2021〜2021
2026-04-24 13:25:23,442 [INFO]   dataspec: RACE
2026-04-24 13:25:23,442 [INFO]   option:   2
2026-04-24 13:25:23,442 [INFO]   dry-run:  False
2026-04-24 13:25:23,443 [INFO] ================================================================
2026-04-24 13:25:23,490 [INFO] マイグレーション: v_race_mart ビューを再作成しました
2026-04-24 13:25:23,490 [INFO] DB 初期化完了: C:\dev\horse-racing-ai\data\umalogi.db
2026-04-24 13:25:23,496 [INFO] ─── DB 状態 [インポート前] ─────────────────────────────────────────
2026-04-24 13:25:23,497 [INFO]   races                   :    18408 件
2026-04-24 13:25:23,497 [INFO]   race_results            :    23085 件
2026-04-24 13:25:23,497 [INFO]   race_payouts            :    18513 件
2026-04-24 13:25:23,497 [INFO]   jockeys                 :      479 件
2026-04-24 13:25:23,497 [INFO]   trainers                :      369 件
2026-04-24 13:25:23,497 [INFO]   racehorses              :    35313 件
2026-04-24 13:25:23,497 [INFO]   training_times          :   159840 件
2026-04-24 13:25:23,497 [INFO]   training_hillwork       :        0 件
2026-04-24 13:25:23,497 [INFO] ────────────────────────────────────────────────────────────────
2026-04-24 13:25:23,497 [INFO] ━━━━ STEP: RACE 取得 (option=2) 2021〜2021年 ━━━━
2026-04-24 13:25:23,497 [INFO] ================================================================
2026-04-24 13:25:23,497 [INFO] [RACE-2021] 取得開始
2026-04-24 13:25:23,498 [INFO]   コマンド: py -3.14-32 scripts/_jvlink_force_worker.py --dataspec RACE --fromtime 20210101 --option 2 --batch-size 5000
2026-04-24 13:25:23,498 [INFO]   fromtime=20210101  dataspec=RACE  option=2
2026-04-24 13:25:23,498 [INFO] ================================================================
2026-04-24 13:25:23,498 [INFO] [RACE-2021] 試行 1/2 ...
2026-04-24 13:25:29,783 [INFO] [RACE-2021] 完了 (試行 1, 経過 6 秒)
2026-04-24 13:25:29,813 [INFO] 腐敗レコード削除: 8 件 (NAR地方競馬・不正ID・不正日付)
2026-04-24 13:25:29,828 [INFO] マイグレーション: v_race_mart ビューを再作成しました
2026-04-24 13:25:29,828 [INFO] DB 初期化完了: C:\dev\horse-racing-ai\data\umalogi.db
2026-04-24 13:25:29,833 [INFO] ─── DB 状態 [RACE-2021 完了後] ─────────────────────────────────────────
2026-04-24 13:25:29,833 [INFO]   races                   :    18408 件
2026-04-24 13:25:29,833 [INFO]   race_results            :    23085 件
2026-04-24 13:25:29,834 [INFO]   race_payouts            :    18513 件
2026-04-24 13:25:29,834 [INFO]   jockeys                 :      479 件
2026-04-24 13:25:29,834 [INFO]   trainers                :      369 件
2026-04-24 13:25:29,834 [INFO]   racehorses              :    35313 件
2026-04-24 13:25:29,834 [INFO]   training_times          :   159840 件
2026-04-24 13:25:29,834 [INFO]   training_hillwork       :        0 件
2026-04-24 13:25:29,834 [INFO] ────────────────────────────────────────────────────────────────
2026-04-24 13:25:29,834 [INFO] ================================================================
2026-04-24 13:25:29,834 [INFO]   インポート完了 (0 分)
2026-04-24 13:25:29,834 [INFO] ================================================================
2026-04-24 13:25:29,869 [INFO] マイグレーション: v_race_mart ビューを再作成しました
2026-04-24 13:25:29,869 [INFO] DB 初期化完了: C:\dev\horse-racing-ai\data\umalogi.db
2026-04-24 13:25:29,875 [INFO] ─── DB 状態 [インポート後] ─────────────────────────────────────────
2026-04-24 13:25:29,875 [INFO]   races                   :    18408 件
2026-04-24 13:25:29,875 [INFO]   race_results            :    23085 件
2026-04-24 13:25:29,875 [INFO]   race_payouts            :    18513 件
2026-04-24 13:25:29,875 [INFO]   jockeys                 :      479 件
2026-04-24 13:25:29,875 [INFO]   trainers                :      369 件
2026-04-24 13:25:29,875 [INFO]   racehorses              :    35313 件
2026-04-24 13:25:29,875 [INFO]   training_times          :   159840 件
2026-04-24 13:25:29,875 [INFO]   training_hillwork       :        0 件
2026-04-24 13:25:29,875 [INFO] ────────────────────────────────────────────────────────────────
2026-04-24 13:25:29,875 [INFO] 
2026-04-24 13:25:29,876 [INFO] 次のステップ:
2026-04-24 13:25:29,876 [INFO]   py -m src.ops.retrain_trigger
2026-04-24 13:25:29,876 [INFO]   py scripts/backtest_ev_threshold.py --bet-type 単勝
2026-04-28 06:53:47,158 [INFO] ================================================================
2026-04-28 06:53:47,159 [INFO]   UMALOGI 過去データ強制インポート (OPT_STORED 版)
2026-04-28 06:53:47,161 [INFO]   対象年: 2025〜2025
2026-04-28 06:53:47,161 [INFO]   dataspec: RACE
2026-04-28 06:53:47,161 [INFO]   option:   1
2026-04-28 06:53:47,161 [INFO]   dry-run:  False
2026-04-28 06:53:47,161 [INFO] ================================================================
2026-04-28 06:53:47,631 [INFO] マイグレーション: v_race_mart ビューを再作成しました
2026-04-28 06:53:47,631 [INFO] DB 初期化完了: C:\dev\horse-racing-ai\data\umalogi.db
2026-04-28 06:53:47,917 [INFO] ─── DB 状態 [インポート前] ─────────────────────────────────────────
2026-04-28 06:53:47,918 [INFO]   races                   :    17352 件
2026-04-28 06:53:47,919 [INFO]   race_results            :    87022 件
2026-04-28 06:53:47,919 [INFO]   race_payouts            :    35846 件
2026-04-28 06:53:47,919 [INFO]   jockeys                 :      481 件
2026-04-28 06:53:47,919 [INFO]   trainers                :      372 件
2026-04-28 06:53:47,919 [INFO]   racehorses              :    35355 件
2026-04-28 06:53:47,919 [INFO]   training_times          :   162751 件
2026-04-28 06:53:47,919 [INFO]   training_hillwork       :        0 件
2026-04-28 06:53:47,919 [INFO] ────────────────────────────────────────────────────────────────
2026-04-28 06:53:47,919 [INFO] ━━━━ STEP: RACE 取得 (option=1) 2025〜2025年 ━━━━
2026-04-28 06:53:47,919 [INFO] ================================================================
2026-04-28 06:53:47,919 [INFO] [RACE-2025] 取得開始
2026-04-28 06:53:47,919 [INFO]   コマンド: py -3.14-32 scripts/_jvlink_force_worker.py --dataspec RACE --fromtime 20250101 --option 1 --batch-size 5000
2026-04-28 06:53:47,919 [INFO]   fromtime=20250101  dataspec=RACE  option=1
2026-04-28 06:53:47,920 [INFO] ================================================================
2026-04-28 06:53:47,920 [INFO] [RACE-2025] 試行 1/2 ...
2026-04-28 07:09:50,925 [INFO] [RACE-2025] 完了 (試行 1, 経過 963 秒)
2026-04-28 07:09:51,387 [INFO] マイグレーション: v_race_mart ビューを再作成しました
2026-04-28 07:09:51,387 [INFO] DB 初期化完了: C:\dev\horse-racing-ai\data\umalogi.db
2026-04-28 07:09:51,564 [INFO] ─── DB 状態 [RACE-2025 完了後] ─────────────────────────────────────────
2026-04-28 07:09:51,564 [INFO]   races                   :    17352 件
2026-04-28 07:09:51,564 [INFO]   race_results            :    87022 件
2026-04-28 07:09:51,564 [INFO]   race_payouts            :    69159 件
2026-04-28 07:09:51,564 [INFO]   jockeys                 :      481 件
2026-04-28 07:09:51,564 [INFO]   trainers                :      372 件
2026-04-28 07:09:51,565 [INFO]   racehorses              :    35355 件
2026-04-28 07:09:51,565 [INFO]   training_times          :   162751 件
2026-04-28 07:09:51,565 [INFO]   training_hillwork       :        0 件
2026-04-28 07:09:51,565 [INFO] ────────────────────────────────────────────────────────────────
2026-04-28 07:09:51,565 [INFO] ================================================================
2026-04-28 07:09:51,565 [INFO]   インポート完了 (16 分)
2026-04-28 07:09:51,565 [INFO] ================================================================
2026-04-28 07:09:51,602 [INFO] マイグレーション: v_race_mart ビューを再作成しました
2026-04-28 07:09:51,602 [INFO] DB 初期化完了: C:\dev\horse-racing-ai\data\umalogi.db
2026-04-28 07:09:51,609 [INFO] ─── DB 状態 [インポート後] ─────────────────────────────────────────
2026-04-28 07:09:51,609 [INFO]   races                   :    17352 件
2026-04-28 07:09:51,609 [INFO]   race_results            :    87022 件
2026-04-28 07:09:51,609 [INFO]   race_payouts            :    69159 件
2026-04-28 07:09:51,609 [INFO]   jockeys                 :      481 件
2026-04-28 07:09:51,609 [INFO]   trainers                :      372 件
2026-04-28 07:09:51,609 [INFO]   racehorses              :    35355 件
2026-04-28 07:09:51,609 [INFO]   training_times          :   162751 件
2026-04-28 07:09:51,609 [INFO]   training_hillwork       :        0 件
2026-04-28 07:09:51,610 [INFO] ────────────────────────────────────────────────────────────────
2026-04-28 07:09:51,610 [INFO] 
2026-04-28 07:09:51,610 [INFO] 次のステップ:
2026-04-28 07:09:51,610 [INFO]   py -m src.ops.retrain_trigger
2026-04-28 07:09:51,610 [INFO]   py scripts/backtest_ev_threshold.py --bet-type 単勝
2026-04-28 08:46:46,119 [INFO] ================================================================
2026-04-28 08:46:46,119 [INFO]   UMALOGI 過去データ強制インポート (OPT_STORED 版)
2026-04-28 08:46:46,121 [INFO]   対象年: 2025〜2025
2026-04-28 08:46:46,121 [INFO]   dataspec: RACE
2026-04-28 08:46:46,122 [INFO]   option:   4
2026-04-28 08:46:46,122 [INFO]   dry-run:  False
2026-04-28 08:46:46,122 [INFO] ================================================================
2026-04-28 08:46:46,710 [INFO] マイグレーション: v_race_mart ビューを再作成しました
2026-04-28 08:46:46,710 [INFO] DB 初期化完了: C:\dev\horse-racing-ai\data\umalogi.db
2026-04-28 08:46:46,923 [INFO] ─── DB 状態 [インポート前] ─────────────────────────────────────────
2026-04-28 08:46:46,923 [INFO]   races                   :    17352 件
2026-04-28 08:46:46,923 [INFO]   race_results            :    87022 件
2026-04-28 08:46:46,924 [INFO]   race_payouts            :    45315 件
2026-04-28 08:46:46,924 [INFO]   jockeys                 :      481 件
2026-04-28 08:46:46,924 [INFO]   trainers                :      372 件
2026-04-28 08:46:46,924 [INFO]   racehorses              :    35355 件
2026-04-28 08:46:46,924 [INFO]   training_times          :   162751 件
2026-04-28 08:46:46,924 [INFO]   training_hillwork       :        0 件
2026-04-28 08:46:46,924 [INFO] ────────────────────────────────────────────────────────────────
2026-04-28 08:46:46,924 [INFO] ━━━━ STEP: RACE 取得 (option=4) 2025〜2025年 ━━━━
2026-04-28 08:46:46,924 [INFO] ================================================================
2026-04-28 08:46:46,924 [INFO] [RACE-2025] 取得開始
2026-04-28 08:46:46,924 [INFO]   コマンド: py -3.14-32 scripts/_jvlink_force_worker.py --dataspec RACE --fromtime 20250101 --option 4 --batch-size 5000
2026-04-28 08:46:46,924 [INFO]   fromtime=20250101  dataspec=RACE  option=4
2026-04-28 08:46:46,925 [INFO] ================================================================
2026-04-28 08:46:46,925 [INFO] [RACE-2025] 試行 1/2 ...
2026-04-28 08:57:11,832 [INFO] ================================================================
2026-04-28 08:57:11,833 [INFO]   UMALOGI 過去データ強制インポート (OPT_STORED 版)
2026-04-28 08:57:11,833 [INFO]   対象年: 2025〜2025
2026-04-28 08:57:11,833 [INFO]   dataspec: RACE
2026-04-28 08:57:11,833 [INFO]   option:   4
2026-04-28 08:57:11,833 [INFO]   dry-run:  False
2026-04-28 08:57:11,833 [INFO] ================================================================
2026-04-28 08:57:11,878 [INFO] マイグレーション: v_race_mart ビューを再作成しました
2026-04-28 08:57:11,878 [INFO] DB 初期化完了: C:\dev\horse-racing-ai\data\umalogi.db
2026-04-28 08:57:11,887 [INFO] ─── DB 状態 [インポート前] ─────────────────────────────────────────
2026-04-28 08:57:11,888 [INFO]   races                   :    17352 件
2026-04-28 08:57:11,889 [INFO]   race_results            :    87022 件
2026-04-28 08:57:11,889 [INFO]   race_payouts            :    45315 件
2026-04-28 08:57:11,889 [INFO]   jockeys                 :      481 件
2026-04-28 08:57:11,889 [INFO]   trainers                :      372 件
2026-04-28 08:57:11,889 [INFO]   racehorses              :    35355 件
2026-04-28 08:57:11,889 [INFO]   training_times          :   162751 件
2026-04-28 08:57:11,889 [INFO]   training_hillwork       :        0 件
2026-04-28 08:57:11,889 [INFO] ────────────────────────────────────────────────────────────────
2026-04-28 08:57:11,889 [INFO] ━━━━ STEP: RACE 取得 (option=4) 2025〜2025年 ━━━━
2026-04-28 08:57:11,889 [INFO] ================================================================
2026-04-28 08:57:11,889 [INFO] [RACE-2025] 取得開始
2026-04-28 08:57:11,889 [INFO]   コマンド: py -3.14-32 scripts/_jvlink_force_worker.py --dataspec RACE --fromtime 20250101 --option 4 --batch-size 5000
2026-04-28 08:57:11,889 [INFO]   fromtime=20250101  dataspec=RACE  option=4
2026-04-28 08:57:11,889 [INFO] ================================================================
2026-04-28 08:57:11,890 [INFO] [RACE-2025] 試行 1/2 ...
2026-04-28 09:24:24,302 [INFO] [RACE-2025] 完了 (試行 1, 経過 1632 秒)
2026-04-28 09:24:24,303 [INFO] [RACE-2025] 完了 (試行 1, 経過 2257 秒)
2026-04-28 09:24:24,908 [INFO] 腐敗レコード削除: 3604 件 (NAR地方競馬・不正ID・不正日付)
2026-04-28 09:24:25,140 [INFO] 腐敗レコード削除: 3604 件 (NAR地方競馬・不正ID・不正日付)
2026-04-28 09:24:25,160 [INFO] マイグレーション: v_race_mart ビューを再作成しました
2026-04-28 09:24:25,161 [INFO] DB 初期化完了: C:\dev\horse-racing-ai\data\umalogi.db
2026-04-28 09:24:25,237 [INFO] マイグレーション: v_race_mart ビューを再作成しました
2026-04-28 09:24:25,237 [INFO] DB 初期化完了: C:\dev\horse-racing-ai\data\umalogi.db
2026-04-28 09:24:25,349 [INFO] ─── DB 状態 [RACE-2025 完了後] ─────────────────────────────────────────
2026-04-28 09:24:25,350 [INFO]   races                   :    18408 件
2026-04-28 09:24:25,350 [INFO]   race_results            :   102248 件
2026-04-28 09:24:25,350 [INFO]   race_payouts            :    60549 件
2026-04-28 09:24:25,350 [INFO]   jockeys                 :      481 件
2026-04-28 09:24:25,350 [INFO]   trainers                :      372 件
2026-04-28 09:24:25,350 [INFO]   racehorses              :    35355 件
2026-04-28 09:24:25,350 [INFO]   training_times          :   162751 件
2026-04-28 09:24:25,350 [INFO]   training_hillwork       :        0 件
2026-04-28 09:24:25,350 [INFO] ────────────────────────────────────────────────────────────────
2026-04-28 09:24:25,350 [INFO] ================================================================
2026-04-28 09:24:25,350 [INFO]   インポート完了 (27 分)
2026-04-28 09:24:25,351 [INFO] ================================================================
2026-04-28 09:24:25,355 [INFO] ─── DB 状態 [RACE-2025 完了後] ─────────────────────────────────────────
2026-04-28 09:24:25,355 [INFO]   races                   :    18408 件
2026-04-28 09:24:25,355 [INFO]   race_results            :   102248 件
2026-04-28 09:24:25,355 [INFO]   race_payouts            :    60549 件
2026-04-28 09:24:25,355 [INFO]   jockeys                 :      481 件
2026-04-28 09:24:25,355 [INFO]   trainers                :      372 件
2026-04-28 09:24:25,355 [INFO]   racehorses              :    35355 件
2026-04-28 09:24:25,355 [INFO]   training_times          :   162751 件
2026-04-28 09:24:25,355 [INFO]   training_hillwork       :        0 件
2026-04-28 09:24:25,355 [INFO] ────────────────────────────────────────────────────────────────
2026-04-28 09:24:25,356 [INFO] ================================================================
2026-04-28 09:24:25,356 [INFO]   インポート完了 (38 分)
2026-04-28 09:24:25,356 [INFO] ================================================================
2026-04-28 09:24:25,393 [INFO] マイグレーション: v_race_mart ビューを再作成しました
2026-04-28 09:24:25,393 [INFO] DB 初期化完了: C:\dev\horse-racing-ai\data\umalogi.db
2026-04-28 09:24:25,394 [INFO] マイグレーション: v_race_mart ビューを再作成しました
2026-04-28 09:24:25,398 [INFO] DB 初期化完了: C:\dev\horse-racing-ai\data\umalogi.db
2026-04-28 09:24:25,402 [INFO] ─── DB 状態 [インポート後] ─────────────────────────────────────────
2026-04-28 09:24:25,402 [INFO]   races                   :    18408 件
2026-04-28 09:24:25,403 [INFO]   race_results            :   102248 件
2026-04-28 09:24:25,403 [INFO]   race_payouts            :    60549 件
2026-04-28 09:24:25,403 [INFO]   jockeys                 :      481 件
2026-04-28 09:24:25,403 [INFO]   trainers                :      372 件
2026-04-28 09:24:25,403 [INFO]   racehorses              :    35355 件
2026-04-28 09:24:25,403 [INFO]   training_times          :   162751 件
2026-04-28 09:24:25,403 [INFO]   training_hillwork       :        0 件
2026-04-28 09:24:25,403 [INFO] ────────────────────────────────────────────────────────────────
2026-04-28 09:24:25,404 [INFO] 
2026-04-28 09:24:25,404 [INFO] 次のステップ:
2026-04-28 09:24:25,404 [INFO]   py -m src.ops.retrain_trigger
2026-04-28 09:24:25,404 [INFO]   py scripts/backtest_ev_threshold.py --bet-type 単勝
2026-04-28 09:24:25,407 [INFO] ─── DB 状態 [インポート後] ─────────────────────────────────────────
2026-04-28 09:24:25,407 [INFO]   races                   :    18408 件
2026-04-28 09:24:25,407 [INFO]   race_results            :   102248 件
2026-04-28 09:24:25,407 [INFO]   race_payouts            :    60549 件
2026-04-28 09:24:25,407 [INFO]   jockeys                 :      481 件
2026-04-28 09:24:25,407 [INFO]   trainers                :      372 件
2026-04-28 09:24:25,407 [INFO]   racehorses              :    35355 件
2026-04-28 09:24:25,407 [INFO]   training_times          :   162751 件
2026-04-28 09:24:25,407 [INFO]   training_hillwork       :        0 件
2026-04-28 09:24:25,407 [INFO] ────────────────────────────────────────────────────────────────
2026-04-28 09:24:25,407 [INFO] 
2026-04-28 09:24:25,408 [INFO] 次のステップ:
2026-04-28 09:24:25,408 [INFO]   py -m src.ops.retrain_trigger
2026-04-28 09:24:25,408 [INFO]   py scripts/backtest_ev_threshold.py --bet-type 単勝
2026-04-28 20:17:42,647 [INFO] ================================================================
2026-04-28 20:17:42,648 [INFO]   UMALOGI 過去データ強制インポート (OPT_STORED 版)
2026-04-28 20:17:42,650 [INFO]   対象年: 2025〜2025
2026-04-28 20:17:42,651 [INFO]   dataspec: RACE
2026-04-28 20:17:42,651 [INFO]   option:   4
2026-04-28 20:17:42,651 [INFO]   dry-run:  False
2026-04-28 20:17:42,651 [INFO] ================================================================
2026-04-28 20:17:43,496 [INFO] マイグレーション: v_race_mart ビューを再作成しました
2026-04-28 20:17:43,496 [INFO] DB 初期化完了: C:\dev\horse-racing-ai\data\umalogi.db
2026-04-28 20:17:43,855 [INFO] ─── DB 状態 [インポート前] ─────────────────────────────────────────
2026-04-28 20:17:43,866 [INFO]   races                   :    14952 件
2026-04-28 20:17:43,866 [INFO]   race_results            :    54348 件
2026-04-28 20:17:43,866 [INFO]   race_payouts            :    46659 件
2026-04-28 20:17:43,866 [INFO]   jockeys                 :      481 件
2026-04-28 20:17:43,867 [INFO]   trainers                :      372 件
2026-04-28 20:17:43,867 [INFO]   racehorses              :    35355 件
2026-04-28 20:17:43,867 [INFO]   training_times          :   162751 件
2026-04-28 20:17:43,867 [INFO]   training_hillwork       :        0 件
2026-04-28 20:17:43,868 [INFO] ────────────────────────────────────────────────────────────────
2026-04-28 20:17:43,868 [INFO] ━━━━ STEP: RACE 取得 (option=4) 2025〜2025年 ━━━━
2026-04-28 20:17:43,869 [INFO] ================================================================
2026-04-28 20:17:43,869 [INFO] [RACE-2025] 取得開始
2026-04-28 20:17:43,869 [INFO]   コマンド: py -3.14-32 scripts/_jvlink_force_worker.py --dataspec RACE --fromtime 20250101 --option 4 --batch-size 5000
2026-04-28 20:17:43,869 [INFO]   fromtime=20250101  dataspec=RACE  option=4
2026-04-28 20:17:43,869 [INFO] ================================================================
2026-04-28 20:17:43,869 [INFO] [RACE-2025] 試行 1/2 ...
2026-04-28 20:41:40,470 [INFO] [RACE-2025] 完了 (試行 1, 経過 1437 秒)
2026-04-28 20:41:41,149 [INFO] 腐敗レコード削除: 3604 件 (NAR地方競馬・不正ID・不正日付)
2026-04-28 20:41:42,346 [INFO] マイグレーション: v_race_mart ビューを再作成しました
2026-04-28 20:41:42,346 [INFO] DB 初期化完了: C:\dev\horse-racing-ai\data\umalogi.db
2026-04-28 20:41:42,477 [INFO] ─── DB 状態 [RACE-2025 完了後] ─────────────────────────────────────────
2026-04-28 20:41:42,478 [INFO]   races                   :    18408 件
2026-04-28 20:41:42,478 [INFO]   race_results            :   102248 件
2026-04-28 20:41:42,478 [INFO]   race_payouts            :    46659 件
2026-04-28 20:41:42,478 [INFO]   jockeys                 :      481 件
2026-04-28 20:41:42,478 [INFO]   trainers                :      372 件
2026-04-28 20:41:42,478 [INFO]   racehorses              :    35355 件
2026-04-28 20:41:42,478 [INFO]   training_times          :   162751 件
2026-04-28 20:41:42,478 [INFO]   training_hillwork       :        0 件
2026-04-28 20:41:42,478 [INFO] ────────────────────────────────────────────────────────────────
2026-04-28 20:41:42,478 [INFO] ================================================================
2026-04-28 20:41:42,478 [INFO]   インポート完了 (24 分)
2026-04-28 20:41:42,479 [INFO] ================================================================
2026-04-28 20:41:42,518 [INFO] マイグレーション: v_race_mart ビューを再作成しました
2026-04-28 20:41:42,518 [INFO] DB 初期化完了: C:\dev\horse-racing-ai\data\umalogi.db
2026-04-28 20:41:42,527 [INFO] ─── DB 状態 [インポート後] ─────────────────────────────────────────
2026-04-28 20:41:42,527 [INFO]   races                   :    18408 件
2026-04-28 20:41:42,527 [INFO]   race_results            :   102248 件
2026-04-28 20:41:42,527 [INFO]   race_payouts            :    46659 件
2026-04-28 20:41:42,527 [INFO]   jockeys                 :      481 件
2026-04-28 20:41:42,527 [INFO]   trainers                :      372 件
2026-04-28 20:41:42,527 [INFO]   racehorses              :    35355 件
2026-04-28 20:41:42,527 [INFO]   training_times          :   162751 件
2026-04-28 20:41:42,527 [INFO]   training_hillwork       :        0 件
2026-04-28 20:41:42,528 [INFO] ────────────────────────────────────────────────────────────────
2026-04-28 20:41:42,528 [INFO] 
2026-04-28 20:41:42,528 [INFO] 次のステップ:
2026-04-28 20:41:42,528 [INFO]   py -m src.ops.retrain_trigger
2026-04-28 20:41:42,528 [INFO]   py scripts/backtest_ev_threshold.py --bet-type 単勝
2026-04-28 21:35:47,063 [INFO] ================================================================
2026-04-28 21:35:47,065 [INFO]   UMALOGI 過去データ強制インポート (OPT_STORED 版)
2026-04-28 21:35:47,069 [INFO]   対象年: 2025〜2025
2026-04-28 21:35:47,070 [INFO]   dataspec: RACE
2026-04-28 21:35:47,070 [INFO]   option:   1
2026-04-28 21:35:47,070 [INFO]   dry-run:  False
2026-04-28 21:35:47,070 [INFO] ================================================================
2026-04-28 21:35:47,756 [INFO] マイグレーション: v_race_mart ビューを再作成しました
2026-04-28 21:35:47,756 [INFO] DB 初期化完了: C:\dev\horse-racing-ai\data\umalogi.db
2026-04-28 21:35:48,094 [INFO] ─── DB 状態 [インポート前] ─────────────────────────────────────────
2026-04-28 21:35:48,106 [INFO]   races                   :    18408 件
2026-04-28 21:35:48,106 [INFO]   race_results            :   102248 件
2026-04-28 21:35:48,106 [INFO]   race_payouts            :    46659 件
2026-04-28 21:35:48,109 [INFO]   jockeys                 :      481 件
2026-04-28 21:35:48,109 [INFO]   trainers                :      372 件
2026-04-28 21:35:48,109 [INFO]   racehorses              :    35355 件
2026-04-28 21:35:48,109 [INFO]   training_times          :   162751 件
2026-04-28 21:35:48,109 [INFO]   training_hillwork       :        0 件
2026-04-28 21:35:48,109 [INFO] ────────────────────────────────────────────────────────────────
2026-04-28 21:35:48,109 [INFO] ━━━━ STEP: RACE 取得 (option=1) 2025〜2025年 ━━━━
2026-04-28 21:35:48,109 [INFO] ================================================================
2026-04-28 21:35:48,109 [INFO] [RACE-2025] 取得開始
2026-04-28 21:35:48,109 [INFO]   コマンド: py -3.14-32 scripts/_jvlink_force_worker.py --dataspec RACE --fromtime 20250101 --option 1 --batch-size 5000
2026-04-28 21:35:48,110 [INFO]   fromtime=20250101  dataspec=RACE  option=1
2026-04-28 21:35:48,110 [INFO] ================================================================
2026-04-28 21:35:48,110 [INFO] [RACE-2025] 試行 1/2 ...
2026-04-28 21:49:07,623 [INFO] [RACE-2025] 完了 (試行 1, 経過 800 秒)
2026-04-28 21:49:08,170 [INFO] マイグレーション: v_race_mart ビューを再作成しました
2026-04-28 21:49:08,170 [INFO] DB 初期化完了: C:\dev\horse-racing-ai\data\umalogi.db
2026-04-28 21:49:08,333 [INFO] ─── DB 状態 [RACE-2025 完了後] ─────────────────────────────────────────
2026-04-28 21:49:08,333 [INFO]   races                   :    18408 件
2026-04-28 21:49:08,333 [INFO]   race_results            :   102248 件
2026-04-28 21:49:08,333 [INFO]   race_payouts            :    46659 件
2026-04-28 21:49:08,333 [INFO]   jockeys                 :      481 件
2026-04-28 21:49:08,333 [INFO]   trainers                :      372 件
2026-04-28 21:49:08,333 [INFO]   racehorses              :    35355 件
2026-04-28 21:49:08,333 [INFO]   training_times          :   162751 件
2026-04-28 21:49:08,333 [INFO]   training_hillwork       :        0 件
2026-04-28 21:49:08,334 [INFO] ────────────────────────────────────────────────────────────────
2026-04-28 21:49:08,334 [INFO] ================================================================
2026-04-28 21:49:08,334 [INFO]   インポート完了 (13 分)
2026-04-28 21:49:08,336 [INFO] ================================================================
2026-04-28 21:49:08,371 [INFO] マイグレーション: v_race_mart ビューを再作成しました
2026-04-28 21:49:08,371 [INFO] DB 初期化完了: C:\dev\horse-racing-ai\data\umalogi.db
2026-04-28 21:49:08,378 [INFO] ─── DB 状態 [インポート後] ─────────────────────────────────────────
2026-04-28 21:49:08,378 [INFO]   races                   :    18408 件
2026-04-28 21:49:08,379 [INFO]   race_results            :   102248 件
2026-04-28 21:49:08,379 [INFO]   race_payouts            :    46659 件
2026-04-28 21:49:08,379 [INFO]   jockeys                 :      481 件
2026-04-28 21:49:08,379 [INFO]   trainers                :      372 件
2026-04-28 21:49:08,379 [INFO]   racehorses              :    35355 件
2026-04-28 21:49:08,379 [INFO]   training_times          :   162751 件
2026-04-28 21:49:08,379 [INFO]   training_hillwork       :        0 件
2026-04-28 21:49:08,379 [INFO] ────────────────────────────────────────────────────────────────
2026-04-28 21:49:08,379 [INFO] 
2026-04-28 21:49:08,379 [INFO] 次のステップ:
2026-04-28 21:49:08,379 [INFO]   py -m src.ops.retrain_trigger
2026-04-28 21:49:08,379 [INFO]   py scripts/backtest_ev_threshold.py --bet-type 単勝
2026-04-29 13:33:55,895 [INFO] ================================================================
2026-04-29 13:33:55,896 [INFO]   UMALOGI 過去データ強制インポート (OPT_STORED 版)
2026-04-29 13:33:55,898 [INFO]   対象年: 2025〜2025
2026-04-29 13:33:55,899 [INFO]   dataspec: RACE
2026-04-29 13:33:55,899 [INFO]   option:   4
2026-04-29 13:33:55,899 [INFO]   dry-run:  False
2026-04-29 13:33:55,899 [INFO] ================================================================
2026-04-29 13:33:55,949 [INFO] マイグレーション: v_race_mart ビューを再作成しました
2026-04-29 13:33:55,949 [INFO] DB 初期化完了: C:\dev\horse-racing-ai\data\umalogi.db
2026-04-29 13:33:56,125 [INFO] ─── DB 状態 [インポート前] ─────────────────────────────────────────
2026-04-29 13:33:56,126 [INFO]   races                   :    14952 件
2026-04-29 13:33:56,126 [INFO]   race_results            :    54348 件
2026-04-29 13:33:56,126 [INFO]   race_payouts            :    46659 件
2026-04-29 13:33:56,126 [INFO]   jockeys                 :      481 件
2026-04-29 13:33:56,126 [INFO]   trainers                :      372 件
2026-04-29 13:33:56,126 [INFO]   racehorses              :    35355 件
2026-04-29 13:33:56,126 [INFO]   training_times          :   162751 件
2026-04-29 13:33:56,126 [INFO]   training_hillwork       :        0 件
2026-04-29 13:33:56,126 [INFO] ────────────────────────────────────────────────────────────────
2026-04-29 13:33:56,127 [INFO] ━━━━ STEP: RACE 取得 (option=4) 2025〜2025年 ━━━━
2026-04-29 13:33:56,127 [INFO] ================================================================
2026-04-29 13:33:56,127 [INFO] [RACE-2025] 取得開始
2026-04-29 13:33:56,127 [INFO]   コマンド: py -3.14-32 scripts/_jvlink_force_worker.py --dataspec RACE --fromtime 20250101 --option 4 --batch-size 5000
2026-04-29 13:33:56,127 [INFO]   fromtime=20250101  dataspec=RACE  option=4
2026-04-29 13:33:56,127 [INFO] ================================================================
2026-04-29 13:33:56,127 [INFO] [RACE-2025] 試行 1/2 ...
2026-04-29 14:33:29,595 [INFO] [RACE-2025] 完了 (試行 1, 経過 3573 秒)
2026-04-29 14:33:30,004 [INFO] 腐敗レコード削除: 2133 件 (NAR地方競馬・不正ID・不正日付)
2026-04-29 14:33:30,789 [INFO] マイグレーション: v_race_mart ビューを再作成しました
2026-04-29 14:33:30,789 [INFO] DB 初期化完了: C:\dev\horse-racing-ai\data\umalogi.db
2026-04-29 14:33:30,913 [INFO] ─── DB 状態 [RACE-2025 完了後] ─────────────────────────────────────────
2026-04-29 14:33:30,914 [INFO]   races                   :    18408 件
2026-04-29 14:33:30,914 [INFO]   race_results            :   102248 件
2026-04-29 14:33:30,914 [INFO]   race_payouts            :    46659 件
2026-04-29 14:33:30,914 [INFO]   jockeys                 :      481 件
2026-04-29 14:33:30,914 [INFO]   trainers                :      372 件
2026-04-29 14:33:30,914 [INFO]   racehorses              :    35355 件
2026-04-29 14:33:30,914 [INFO]   training_times          :   162751 件
2026-04-29 14:33:30,914 [INFO]   training_hillwork       :        0 件
2026-04-29 14:33:30,914 [INFO] ────────────────────────────────────────────────────────────────
2026-04-29 14:33:30,914 [INFO] ================================================================
2026-04-29 14:33:30,914 [INFO]   インポート完了 (60 分)
2026-04-29 14:33:30,915 [INFO] ================================================================
2026-04-29 14:33:30,952 [INFO] マイグレーション: v_race_mart ビューを再作成しました
2026-04-29 14:33:30,952 [INFO] DB 初期化完了: C:\dev\horse-racing-ai\data\umalogi.db
2026-04-29 14:33:30,961 [INFO] ─── DB 状態 [インポート後] ─────────────────────────────────────────
2026-04-29 14:33:30,961 [INFO]   races                   :    18408 件
2026-04-29 14:33:30,961 [INFO]   race_results            :   102248 件
2026-04-29 14:33:30,962 [INFO]   race_payouts            :    46659 件
2026-04-29 14:33:30,962 [INFO]   jockeys                 :      481 件
2026-04-29 14:33:30,962 [INFO]   trainers                :      372 件
2026-04-29 14:33:30,962 [INFO]   racehorses              :    35355 件
2026-04-29 14:33:30,962 [INFO]   training_times          :   162751 件
2026-04-29 14:33:30,962 [INFO]   training_hillwork       :        0 件
2026-04-29 14:33:30,963 [INFO] ────────────────────────────────────────────────────────────────
2026-04-29 14:33:30,963 [INFO] 
2026-04-29 14:33:30,963 [INFO] 次のステップ:
2026-04-29 14:33:30,963 [INFO]   py -m src.ops.retrain_trigger
2026-04-29 14:33:30,963 [INFO]   py scripts/backtest_ev_threshold.py --bet-type 単勝
2026-04-29 16:05:38,668 [INFO] ================================================================
2026-04-29 16:05:38,668 [INFO]   UMALOGI 過去データ強制インポート (OPT_STORED 版)
2026-04-29 16:05:38,670 [INFO]   対象年: 2025〜2025
2026-04-29 16:05:38,670 [INFO]   dataspec: RACE
2026-04-29 16:05:38,671 [INFO]   option:   2
2026-04-29 16:05:38,671 [INFO]   dry-run:  False
2026-04-29 16:05:38,671 [INFO] ================================================================
2026-04-29 16:05:39,310 [INFO] マイグレーション: v_race_mart ビューを再作成しました
2026-04-29 16:05:39,310 [INFO] DB 初期化完了: C:\dev\horse-racing-ai\data\umalogi.db
2026-04-29 16:05:39,621 [INFO] ─── DB 状態 [インポート前] ─────────────────────────────────────────
2026-04-29 16:05:39,622 [INFO]   races                   :    18408 件
2026-04-29 16:05:39,622 [INFO]   race_results            :   102248 件
2026-04-29 16:05:39,622 [INFO]   race_payouts            :    46659 件
2026-04-29 16:05:39,622 [INFO]   jockeys                 :      481 件
2026-04-29 16:05:39,622 [INFO]   trainers                :      372 件
2026-04-29 16:05:39,622 [INFO]   racehorses              :    35355 件
2026-04-29 16:05:39,622 [INFO]   training_times          :   162751 件
2026-04-29 16:05:39,622 [INFO]   training_hillwork       :        0 件
2026-04-29 16:05:39,622 [INFO] ────────────────────────────────────────────────────────────────
2026-04-29 16:05:39,622 [INFO] ━━━━ STEP: RACE 取得 (option=2) 2025〜2025年 ━━━━
2026-04-29 16:05:39,622 [INFO] ================================================================
2026-04-29 16:05:39,623 [INFO] [RACE-2025] 取得開始
2026-04-29 16:05:39,623 [INFO]   コマンド: py -3.14-32 scripts/_jvlink_force_worker.py --dataspec RACE --fromtime 20250101 --option 2 --batch-size 5000
2026-04-29 16:05:39,623 [INFO]   fromtime=20250101  dataspec=RACE  option=2
2026-04-29 16:05:39,623 [INFO] ================================================================
2026-04-29 16:05:39,623 [INFO] [RACE-2025] 試行 1/2 ...
2026-04-29 16:05:49,954 [INFO] [RACE-2025] 完了 (試行 1, 経過 10 秒)
2026-04-29 16:05:49,992 [INFO] マイグレーション: v_race_mart ビューを再作成しました
2026-04-29 16:05:49,993 [INFO] DB 初期化完了: C:\dev\horse-racing-ai\data\umalogi.db
2026-04-29 16:05:49,999 [INFO] ─── DB 状態 [RACE-2025 完了後] ─────────────────────────────────────────
2026-04-29 16:05:49,999 [INFO]   races                   :    18408 件
2026-04-29 16:05:49,999 [INFO]   race_results            :   102248 件
2026-04-29 16:05:49,999 [INFO]   race_payouts            :    46659 件
2026-04-29 16:05:50,000 [INFO]   jockeys                 :      481 件
2026-04-29 16:05:50,000 [INFO]   trainers                :      372 件
2026-04-29 16:05:50,000 [INFO]   racehorses              :    35355 件
2026-04-29 16:05:50,000 [INFO]   training_times          :   162751 件
2026-04-29 16:05:50,000 [INFO]   training_hillwork       :        0 件
2026-04-29 16:05:50,000 [INFO] ────────────────────────────────────────────────────────────────
2026-04-29 16:05:50,000 [INFO] ================================================================
2026-04-29 16:05:50,000 [INFO]   インポート完了 (0 分)
2026-04-29 16:05:50,000 [INFO] ================================================================
2026-04-29 16:05:50,041 [INFO] マイグレーション: v_race_mart ビューを再作成しました
2026-04-29 16:05:50,041 [INFO] DB 初期化完了: C:\dev\horse-racing-ai\data\umalogi.db
2026-04-29 16:05:50,048 [INFO] ─── DB 状態 [インポート後] ─────────────────────────────────────────
2026-04-29 16:05:50,048 [INFO]   races                   :    18408 件
2026-04-29 16:05:50,048 [INFO]   race_results            :   102248 件
2026-04-29 16:05:50,048 [INFO]   race_payouts            :    46659 件
2026-04-29 16:05:50,048 [INFO]   jockeys                 :      481 件
2026-04-29 16:05:50,048 [INFO]   trainers                :      372 件
2026-04-29 16:05:50,048 [INFO]   racehorses              :    35355 件
2026-04-29 16:05:50,048 [INFO]   training_times          :   162751 件
2026-04-29 16:05:50,048 [INFO]   training_hillwork       :        0 件
2026-04-29 16:05:50,048 [INFO] ────────────────────────────────────────────────────────────────
2026-04-29 16:05:50,049 [INFO] 
2026-04-29 16:05:50,049 [INFO] 次のステップ:
2026-04-29 16:05:50,049 [INFO]   py -m src.ops.retrain_trigger
2026-04-29 16:05:50,049 [INFO]   py scripts/backtest_ev_threshold.py --bet-type 単勝
2026-05-03 05:14:29,033 [INFO] ================================================================
2026-05-03 05:14:29,034 [INFO]   UMALOGI 過去データ強制インポート (OPT_STORED 版)
2026-05-03 05:14:29,034 [INFO]   対象年: 2024〜2025
2026-05-03 05:14:29,034 [INFO]   dataspec: RACE
2026-05-03 05:14:29,034 [INFO]   option:   1
2026-05-03 05:14:29,035 [INFO]   dry-run:  True
2026-05-03 05:14:29,035 [INFO] ================================================================
2026-05-03 05:14:29,116 [INFO] マイグレーション: v_race_mart ビューを再作成しました
2026-05-03 05:14:29,230 [INFO] DB 初期化完了: C:\dev\horse-racing-ai\data\umalogi.db
2026-05-03 05:14:33,219 [INFO] ─── DB 状態 [インポート前] ─────────────────────────────────────────
2026-05-03 05:14:33,223 [INFO]   races                   :    18480 件
2026-05-03 05:14:33,223 [INFO]   race_results            :    18560 件
2026-05-03 05:14:33,223 [INFO]   race_payouts            :    98961 件
2026-05-03 05:14:33,224 [INFO]   jockeys                 :      482 件
2026-05-03 05:14:33,224 [INFO]   trainers                :      376 件
2026-05-03 05:14:33,224 [INFO]   racehorses              :    35565 件
2026-05-03 05:14:33,224 [INFO]   training_times          :   165700 件
2026-05-03 05:14:33,224 [INFO]   training_hillwork       :        0 件
2026-05-03 05:14:33,224 [INFO] ────────────────────────────────────────────────────────────────
2026-05-03 05:14:33,224 [INFO] ━━━━ STEP: RACE 取得 (option=1) 2024〜2025年 ━━━━
2026-05-03 05:14:33,224 [INFO] ================================================================
2026-05-03 05:14:33,224 [INFO] [RACE-2024] 取得開始
2026-05-03 05:14:33,224 [INFO]   コマンド: py -3.14-32 scripts/_jvlink_force_worker.py --dataspec RACE --fromtime 20240101 --option 1 --batch-size 5000
2026-05-03 05:14:33,224 [INFO]   fromtime=20240101  dataspec=RACE  option=1
2026-05-03 05:14:33,225 [INFO] ================================================================
2026-05-03 05:14:33,225 [INFO]   [DRY-RUN] 実行スキップ
2026-05-03 05:14:33,282 [INFO] マイグレーション: v_race_mart ビューを再作成しました
2026-05-03 05:14:33,438 [INFO] DB 初期化完了: C:\dev\horse-racing-ai\data\umalogi.db
2026-05-03 05:14:33,449 [INFO] ─── DB 状態 [RACE-2024 完了後] ─────────────────────────────────────────
2026-05-03 05:14:33,450 [INFO]   races                   :    18480 件
2026-05-03 05:14:33,450 [INFO]   race_results            :    18560 件
2026-05-03 05:14:33,450 [INFO]   race_payouts            :    98961 件
2026-05-03 05:14:33,451 [INFO]   jockeys                 :      482 件
2026-05-03 05:14:33,451 [INFO]   trainers                :      376 件
2026-05-03 05:14:33,451 [INFO]   racehorses              :    35565 件
2026-05-03 05:14:33,452 [INFO]   training_times          :   165700 件
2026-05-03 05:14:33,452 [INFO]   training_hillwork       :        0 件
2026-05-03 05:14:33,452 [INFO] ────────────────────────────────────────────────────────────────
2026-05-03 05:14:33,453 [INFO] ================================================================
2026-05-03 05:14:33,453 [INFO] [RACE-2025] 取得開始
2026-05-03 05:14:33,453 [INFO]   コマンド: py -3.14-32 scripts/_jvlink_force_worker.py --dataspec RACE --fromtime 20250101 --option 1 --batch-size 5000
2026-05-03 05:14:33,453 [INFO]   fromtime=20250101  dataspec=RACE  option=1
2026-05-03 05:14:33,453 [INFO] ================================================================
2026-05-03 05:14:33,453 [INFO]   [DRY-RUN] 実行スキップ
2026-05-03 05:14:33,681 [INFO] マイグレーション: v_race_mart ビューを再作成しました
2026-05-03 05:14:33,849 [INFO] DB 初期化完了: C:\dev\horse-racing-ai\data\umalogi.db
2026-05-03 05:14:33,883 [INFO] ─── DB 状態 [RACE-2025 完了後] ─────────────────────────────────────────
2026-05-03 05:14:33,883 [INFO]   races                   :    18480 件
2026-05-03 05:14:33,883 [INFO]   race_results            :    18560 件
2026-05-03 05:14:33,883 [INFO]   race_payouts            :    98961 件
2026-05-03 05:14:33,883 [INFO]   jockeys                 :      482 件
2026-05-03 05:14:33,883 [INFO]   trainers                :      376 件
2026-05-03 05:14:33,883 [INFO]   racehorses              :    35565 件
2026-05-03 05:14:33,884 [INFO]   training_times          :   165700 件
2026-05-03 05:14:33,884 [INFO]   training_hillwork       :        0 件
2026-05-03 05:14:33,884 [INFO] ────────────────────────────────────────────────────────────────
2026-05-03 05:14:33,884 [INFO] ================================================================
2026-05-03 05:14:33,884 [INFO]   インポート完了 (0 分)
2026-05-03 05:14:33,884 [INFO] ================================================================
2026-05-03 05:14:33,933 [INFO] マイグレーション: v_race_mart ビューを再作成しました
2026-05-03 05:14:34,058 [INFO] DB 初期化完了: C:\dev\horse-racing-ai\data\umalogi.db
2026-05-03 05:14:34,073 [INFO] ─── DB 状態 [インポート後] ─────────────────────────────────────────
2026-05-03 05:14:34,074 [INFO]   races                   :    18480 件
2026-05-03 05:14:34,074 [INFO]   race_results            :    18560 件
2026-05-03 05:14:34,074 [INFO]   race_payouts            :    98961 件
2026-05-03 05:14:34,074 [INFO]   jockeys                 :      482 件
2026-05-03 05:14:34,074 [INFO]   trainers                :      376 件
2026-05-03 05:14:34,074 [INFO]   racehorses              :    35565 件
2026-05-03 05:14:34,074 [INFO]   training_times          :   165700 件
2026-05-03 05:14:34,074 [INFO]   training_hillwork       :        0 件
2026-05-03 05:14:34,074 [INFO] ────────────────────────────────────────────────────────────────
2026-05-03 05:14:59,718 [INFO] ================================================================
2026-05-03 05:14:59,720 [INFO]   UMALOGI 過去データ強制インポート (OPT_STORED 版)
2026-05-03 05:14:59,720 [INFO]   対象年: 2024〜2025
2026-05-03 05:14:59,721 [INFO]   dataspec: RACE
2026-05-03 05:14:59,721 [INFO]   option:   4
2026-05-03 05:14:59,721 [INFO]   dry-run:  False
2026-05-03 05:14:59,721 [INFO] ================================================================
2026-05-03 05:14:59,768 [INFO] マイグレーション: v_race_mart ビューを再作成しました
2026-05-03 05:14:59,844 [INFO] DB 初期化完了: C:\dev\horse-racing-ai\data\umalogi.db
2026-05-03 05:14:59,856 [INFO] ─── DB 状態 [インポート前] ─────────────────────────────────────────
2026-05-03 05:14:59,858 [INFO]   races                   :    18480 件
2026-05-03 05:14:59,858 [INFO]   race_results            :    18560 件
2026-05-03 05:14:59,858 [INFO]   race_payouts            :    98961 件
2026-05-03 05:14:59,858 [INFO]   jockeys                 :      482 件
2026-05-03 05:14:59,858 [INFO]   trainers                :      376 件
2026-05-03 05:14:59,858 [INFO]   racehorses              :    35565 件
2026-05-03 05:14:59,858 [INFO]   training_times          :   165700 件
2026-05-03 05:14:59,858 [INFO]   training_hillwork       :        0 件
2026-05-03 05:14:59,858 [INFO] ────────────────────────────────────────────────────────────────
2026-05-03 05:14:59,858 [INFO] ━━━━ STEP: RACE 取得 (option=4) 2024〜2025年 ━━━━
2026-05-03 05:14:59,858 [INFO] ================================================================
2026-05-03 05:14:59,859 [INFO] [RACE-2024] 取得開始
2026-05-03 05:14:59,859 [INFO]   コマンド: py -3.14-32 scripts/_jvlink_force_worker.py --dataspec RACE --fromtime 20240101 --option 4 --batch-size 5000
2026-05-03 05:14:59,859 [INFO]   fromtime=20240101  dataspec=RACE  option=4
2026-05-03 05:14:59,859 [INFO] ================================================================
2026-05-03 05:14:59,859 [INFO] [RACE-2024] 試行 1/2 ...
2026-05-03 05:43:34,286 [INFO] [RACE-2024] 完了 (試行 1, 経過 1714 秒)
2026-05-03 05:43:34,360 [INFO] マイグレーション: v_race_mart ビューを再作成しました
2026-05-03 05:43:34,794 [INFO] DB 初期化完了: C:\dev\horse-racing-ai\data\umalogi.db
2026-05-03 05:43:35,150 [INFO] ─── DB 状態 [RACE-2024 完了後] ─────────────────────────────────────────
2026-05-03 05:43:35,150 [INFO]   races                   :    18480 件
2026-05-03 05:43:35,150 [INFO]   race_results            :    39343 件
2026-05-03 05:43:35,151 [INFO]   race_payouts            :    99251 件
2026-05-03 05:43:35,151 [INFO]   jockeys                 :      482 件
2026-05-03 05:43:35,151 [INFO]   trainers                :      376 件
2026-05-03 05:43:35,151 [INFO]   racehorses              :    35565 件
2026-05-03 05:43:35,151 [INFO]   training_times          :   165700 件
2026-05-03 05:43:35,151 [INFO]   training_hillwork       :        0 件
2026-05-03 05:43:35,151 [INFO] ────────────────────────────────────────────────────────────────
2026-05-03 05:43:38,153 [INFO] ================================================================
2026-05-03 05:43:38,154 [INFO] [RACE-2025] 取得開始
2026-05-03 05:43:38,154 [INFO]   コマンド: py -3.14-32 scripts/_jvlink_force_worker.py --dataspec RACE --fromtime 20250101 --option 4 --batch-size 5000
2026-05-03 05:43:38,154 [INFO]   fromtime=20250101  dataspec=RACE  option=4
2026-05-03 05:43:38,154 [INFO] ================================================================
2026-05-03 05:43:38,154 [INFO] [RACE-2025] 試行 1/2 ...
2026-05-03 06:00:01,878 [INFO] [RACE-2025] 完了 (試行 1, 経過 984 秒)
2026-05-03 06:00:02,217 [INFO] 腐敗レコード削除: 642 件 (NAR地方競馬・不正ID・不正日付)
2026-05-03 06:00:02,956 [INFO] マイグレーション: v_race_mart ビューを再作成しました
2026-05-03 06:00:03,456 [INFO] DB 初期化完了: C:\dev\horse-racing-ai\data\umalogi.db
2026-05-03 06:00:03,729 [INFO] ─── DB 状態 [RACE-2025 完了後] ─────────────────────────────────────────
2026-05-03 06:00:03,730 [INFO]   races                   :    18480 件
2026-05-03 06:00:03,730 [INFO]   race_results            :    61824 件
2026-05-03 06:00:03,730 [INFO]   race_payouts            :    99255 件
2026-05-03 06:00:03,730 [INFO]   jockeys                 :      482 件
2026-05-03 06:00:03,730 [INFO]   trainers                :      376 件
2026-05-03 06:00:03,730 [INFO]   racehorses              :    35565 件
2026-05-03 06:00:03,730 [INFO]   training_times          :   165700 件
2026-05-03 06:00:03,730 [INFO]   training_hillwork       :        0 件
2026-05-03 06:00:03,730 [INFO] ────────────────────────────────────────────────────────────────
2026-05-03 06:00:03,730 [INFO] ================================================================
2026-05-03 06:00:03,730 [INFO]   インポート完了 (45 分)
2026-05-03 06:00:03,730 [INFO] ================================================================
2026-05-03 06:00:03,777 [INFO] マイグレーション: v_race_mart ビューを再作成しました
2026-05-03 06:00:04,071 [INFO] DB 初期化完了: C:\dev\horse-racing-ai\data\umalogi.db
2026-05-03 06:00:04,084 [INFO] ─── DB 状態 [インポート後] ─────────────────────────────────────────
2026-05-03 06:00:04,084 [INFO]   races                   :    18480 件
2026-05-03 06:00:04,084 [INFO]   race_results            :    61824 件
2026-05-03 06:00:04,084 [INFO]   race_payouts            :    99255 件
2026-05-03 06:00:04,084 [INFO]   jockeys                 :      482 件
2026-05-03 06:00:04,084 [INFO]   trainers                :      376 件
2026-05-03 06:00:04,084 [INFO]   racehorses              :    35565 件
2026-05-03 06:00:04,085 [INFO]   training_times          :   165700 件
2026-05-03 06:00:04,085 [INFO]   training_hillwork       :        0 件
2026-05-03 06:00:04,085 [INFO] ────────────────────────────────────────────────────────────────
2026-05-03 06:00:04,085 [INFO] 
2026-05-03 06:00:04,085 [INFO] 次のステップ:
2026-05-03 06:00:04,085 [INFO]   py -m src.ops.retrain_trigger
2026-05-03 06:00:04,085 [INFO]   py scripts/backtest_ev_threshold.py --bet-type 単勝
