
==============================================================
|             UMALOGI AI  --  Baseline Training              |
==============================================================

  DB  : C:\dev\horse-racing-ai\data\umalogi.db
18:33:53 INFO     [src.database.init_db] マイグレーション: v_race_mart ビューを再作成しました
18:33:53 INFO     [src.database.init_db] DB 初期化完了: C:\dev\horse-racing-ai\data\umalogi.db
  Data: races=3,855 / results=94,615 / payouts=42,022
  保存先: C:\dev\horse-racing-ai\data\models

- - - - - - - - - - - - - - - - - - - - - - - - - - - - - - - 
  学習フェーズ開始
- - - - - - - - - - - - - - - - - - - - - - - - - - - - - - - 

[1/2] 本命モデル (HonmeiModel) を学習中 ...
18:33:54 INFO     [src.ml.features] [SIMULATE] 特徴量生成 race_id=0250020617A6: 1 頭 × 46 特徴量 (リーク除外済み)
18:33:54 INFO     [src.ml.features] [SIMULATE] 特徴量生成 race_id=0231720031A8: 1 頭 × 46 特徴量 (リーク除外済み)
18:33:54 INFO     [src.ml.features] [SIMULATE] 特徴量生成 race_id=0240720316A8: 1 頭 × 46 特徴量 (リーク除外済み)
18:33:54 INFO     [src.ml.features] [SIMULATE] 特徴量生成 race_id=0250620914A8: 1 頭 × 46 特徴量 (リーク除外済み)
18:33:54 INFO     [src.ml.features] [SIMULATE] 特徴量生成 race_id=0230020419A6: 1 頭 × 46 特徴量 (リーク除外済み)
18:33:54 INFO     [src.ml.features] [SIMULATE] 特徴量生成 race_id=0230020804A6: 1 頭 × 46 特徴量 (リーク除外済み)
18:33:54 INFO     [src.ml.features] [SIMULATE] 特徴量生成 race_id=0240020501A6: 1 頭 × 46 特徴量 (リーク除外済み)
18:33:54 INFO     [src.ml.features] [SIMULATE] 特徴量生成 race_id=0250020430A6: 1 頭 × 46 特徴量 (リーク除外済み)
18:33:54 INFO     [src.ml.features] [SIMULATE] 特徴量生成 race_id=0250020607A6: 1 頭 × 46 特徴量 (リーク除外済み)
18:33:54 INFO     [src.ml.features] [SIMULATE] 特徴量生成 race_id=0240720414A8: 1 頭 × 46 特徴量 (リーク除外済み)
18:33:54 INFO     [src.ml.features] [SIMULATE] 特徴量生成 race_id=0250720621A6: 1 頭 × 46 特徴量 (リーク除外済み)
18:33:54 INFO     [src.ml.features] [SIMULATE] 特徴量生成 race_id=0250620907G0: 1 頭 × 46 特徴量 (リーク除外済み)
18:33:54 INFO     [src.ml.features] [SIMULATE] 特徴量生成 race_id=0250020924A8: 1 頭 × 46 特徴量 (リーク除外済み)
18:33:54 INFO     [src.ml.features] [SIMULATE] 特徴量生成 race_id=0250720606A6: 1 頭 × 46 特徴量 (リーク除外済み)
18:33:54 INFO     [src.ml.features] [SIMULATE] 特徴量生成 race_id=0260620214M8: 3 頭 × 46 特徴量 (リーク除外済み)
18:33:54 INFO     [src.ml.features] [SIMULATE] 特徴量生成 race_id=0220620911G0: 1 頭 × 46 特徴量 (リーク除外済み)
18:33:54 INFO     [src.ml.features] [SIMULATE] 特徴量生成 race_id=0250220817A8: 11 頭 × 46 特徴量 (リーク除外済み)
18:33:54 INFO     [src.ml.features] [SIMULATE] 特徴量生成 race_id=0250920820A6: 6 頭 × 46 特徴量 (リーク除外済み)
18:33:54 INFO     [src.ml.features] [SIMULATE] 特徴量生成 race_id=0250920907A8: 13 頭 × 46 特徴量 (リーク除外済み)
18:33:54 INFO     [src.ml.features] [SIMULATE] 特徴量生成 race_id=0220020805A6: 1 頭 × 46 特徴量 (リーク除外済み)
18:33:54 INFO     [src.ml.features] [SIMULATE] 特徴量生成 race_id=0230020330A6: 1 頭 × 46 特徴量 (リーク除外済み)
18:33:54 INFO     [src.ml.features] [SIMULATE] 特徴量生成 race_id=0240020523A8: 1 頭 × 46 特徴量 (リーク除外済み)
18:33:54 INFO     [src.ml.features] [SIMULATE] 特徴量生成 race_id=0250020730A6: 1 頭 × 46 特徴量 (リーク除外済み)
18:33:54 INFO     [src.ml.features] [SIMULATE] 特徴量生成 race_id=0230720812A8: 1 頭 × 46 特徴量 (リーク除外済み)
18:33:54 INFO     [src.ml.features] [SIMULATE] 特徴量生成 race_id=0250220816A8: 1 頭 × 46 特徴量 (リーク除外済み)
18:33:54 INFO     [src.ml.features] [SIMULATE] 特徴量生成 race_id=0251020005A8: 18 頭 × 46 特徴量 (リーク除外済み)
18:33:54 INFO     [src.ml.features] [SIMULATE] 特徴量生成 race_id=0230020622A6: 1 頭 × 46 特徴量 (リーク除外済み)
18:33:54 INFO     [src.ml.features] [SIMULATE] 特徴量生成 race_id=0251020018A6: 1 頭 × 46 特徴量 (リーク除外済み)
18:33:54 INFO     [src.ml.features] [SIMULATE] 特徴量生成 race_id=0241720019A6: 1 頭 × 46 特徴量 (リーク除外済み)
18:33:54 INFO     [src.ml.features] [SIMULATE] 特徴量生成 race_id=0251520108B6: 1 頭 × 46 特徴量 (リーク除外済み)
18:33:54 INFO     [src.ml.features] [SIMULATE] 特徴量生成 race_id=0221620120G0: 1 頭 × 46 特徴量 (リーク除外済み)
18:33:54 INFO     [src.ml.features] [SIMULATE] 特徴量生成 race_id=0231020021A6: 1 頭 × 46 特徴量 (リーク除外済み)
18:33:54 INFO     [src.ml.features] [SIMULATE] 特徴量生成 race_id=0240720523A8: 1 頭 × 46 特徴量 (リーク除外済み)
18:33:54 INFO     [src.ml.features] [SIMULATE] 特徴量生成 race_id=0240720621A6: 1 頭 × 46 特徴量 (リーク除外済み)
18:33:54 INFO     [src.ml.features] [SIMULATE] 特徴量生成 race_id=0250720726A6: 1 頭 × 46 特徴量 (リーク除外済み)
18:33:54 INFO     [src.ml.features] [SIMULATE] 特徴量生成 race_id=0251720018A6: 1 頭 × 46 特徴量 (リーク除外済み)
18:33:54 INFO     [src.ml.features] [SIMULATE] 特徴量生成 race_id=0220620209G0: 1 頭 × 46 特徴量 (リーク除外済み)
18:33:54 INFO     [src.ml.features] [SIMULATE] 特徴量生成 race_id=0230620319G0: 1 頭 × 46 特徴量 (リーク除外済み)
18:33:54 INFO     [src.ml.features] [SIMULATE] 特徴量生成 race_id=0231620119G0: 2 頭 × 46 特徴量 (リーク除外済み)
18:33:54 INFO     [src.ml.features] [SIMULATE] 特徴量生成 race_id=0240620310G0: 1 頭 × 46 特徴量 (リーク除外済み)
18:33:54 INFO     [src.ml.features] [SIMULATE] 特徴量生成 race_id=0240620407G0: 1 頭 × 46 特徴量 (リーク除外済み)
18:33:54 INFO     [src.ml.features] [SIMULATE] 特徴量生成 race_id=0250620913B2: 8 頭 × 46 特徴量 (リーク除外済み)
18:33:54 INFO     [src.ml.features] [SIMULATE] 特徴量生成 race_id=0230020512A6: 1 頭 × 46 特徴量 (リーク除外済み)
18:33:54 INFO     [src.ml.features] [SIMULATE] 特徴量生成 race_id=0250720629A8: 1 頭 × 46 特徴量 (リーク除外済み)
18:33:54 INFO     [src.ml.features] [SIMULATE] 特徴量生成 race_id=0251520104B6: 24 頭 × 46 特徴量 (リーク除外済み)
18:33:54 INFO     [src.ml.features] [SIMULATE] 特徴量生成 race_id=0260020207C7: 1 頭 × 46 特徴量 (リーク除外済み)
18:33:54 INFO     [src.ml.features] [SIMULATE] 特徴量生成 race_id=0250220405B6: 1 頭 × 46 特徴量 (リーク除外済み)
18:33:54 INFO     [src.ml.features] [SIMULATE] 特徴量生成 race_id=0250920412B6: 15 頭 × 46 特徴量 (リーク除外済み)
18:33:54 INFO     [src.ml.features] [SIMULATE] 特徴量生成 race_id=0250620427G0: 38 頭 × 46 特徴量 (リーク除外済み)
18:33:54 INFO     [src.ml.features] [SIMULATE] 特徴量生成 race_id=0220620323G0: 1 頭 × 46 特徴量 (リーク除外済み)
18:33:54 INFO     [src.ml.features] [SIMULATE] 特徴量生成 race_id=0221620023G0: 1 頭 × 46 特徴量 (リーク除外済み)
18:33:54 INFO     [src.ml.features] [SIMULATE] 特徴量生成 race_id=0230620101G0: 1 頭 × 46 特徴量 (リーク除外済み)
18:33:54 INFO     [src.ml.features] [SIMULATE] 特徴量生成 race_id=0230620205G0: 1 頭 × 46 特徴量 (リーク除外済み)
18:33:54 INFO     [src.ml.features] [SIMULATE] 特徴量生成 race_id=0230620409G0: 1 頭 × 46 特徴量 (リーク除外済み)
18:33:54 INFO     [src.ml.features] [SIMULATE] 特徴量生成 race_id=0250620531G0: 1 頭 × 46 特徴量 (リーク除外済み)
18:33:54 INFO     [src.ml.features] [SIMULATE] 特徴量生成 race_id=0250920907F0: 5 頭 × 46 特徴量 (リーク除外済み)
18:33:54 INFO     [src.ml.features] [SIMULATE] 特徴量生成 race_id=0241020109B6: 1 頭 × 46 特徴量 (リーク除外済み)
18:33:54 INFO     [src.ml.features] [SIMULATE] 特徴量生成 race_id=0251520031A4: 1 頭 × 46 特徴量 (リーク除外済み)
18:33:54 INFO     [src.ml.features] [SIMULATE] 特徴量生成 race_id=0251520101B6: 3 頭 × 46 特徴量 (リーク除外済み)
18:33:54 INFO     [src.ml.features] [SIMULATE] 特徴量生成 race_id=0251620214G0: 45 頭 × 46 特徴量 (リーク除外済み)
18:33:54 INFO     [src.ml.features] [SIMULATE] 特徴量生成 race_id=0250220405C7: 53 頭 × 46 特徴量 (リーク除外済み)
18:33:54 INFO     [src.ml.features] [SIMULATE] 特徴量生成 race_id=0220620302G0: 1 頭 × 46 特徴量 (リーク除外済み)
18:33:54 INFO     [src.ml.features] [SIMULATE] 特徴量生成 race_id=0220620511G0: 1 頭 × 46 特徴量 (リーク除外済み)
18:33:54 INFO     [src.ml.features] [SIMULATE] 特徴量生成 race_id=0220620622G0: 1 頭 × 46 特徴量 (リーク除外済み)
18:33:54 INFO     [src.ml.features] [SIMULATE] 特徴量生成 race_id=0251320018B6: 1 頭 × 46 特徴量 (リーク除外済み)
18:33:55 INFO     [src.ml.features] [SIMULATE] 特徴量生成 race_id=0260620214K6: 30 頭 × 46 特徴量 (リーク除外済み)
18:33:55 INFO     [src.ml.features] [SIMULATE] 特徴量生成 race_id=0220620605G0: 1 頭 × 46 特徴量 (リーク除外済み)
18:33:55 INFO     [src.ml.features] [SIMULATE] 特徴量生成 race_id=0220620716G0: 1 頭 × 46 特徴量 (リーク除外済み)
18:33:55 INFO     [src.ml.features] [SIMULATE] 特徴量生成 race_id=0251520101A4: 27 頭 × 46 特徴量 (リーク除外済み)
18:33:55 INFO     [src.ml.features] [SIMULATE] 特徴量生成 race_id=0250620503A4: 21 頭 × 46 特徴量 (リーク除外済み)
18:33:55 INFO     [src.ml.features] [SIMULATE] 特徴量生成 race_id=024072040654: 8 頭 × 46 特徴量 (リーク除外済み)
18:33:55 INFO     [src.ml.features] [SIMULATE] 特徴量生成 race_id=025022042142: 13 頭 × 46 特徴量 (リーク除外済み)
18:33:55 INFO     [src.ml.features] [SIMULATE] 特徴量生成 race_id=025072041630: 23 頭 × 46 特徴量 (リーク除外済み)
18:33:55 INFO     [src.ml.features] [SIMULATE] 特徴量生成 race_id=024022040147: 8 頭 × 46 特徴量 (リーク除外済み)
18:33:55 INFO     [src.ml.features] [SIMULATE] 特徴量生成 race_id=023002041930: 12 頭 × 46 特徴量 (リーク除外済み)
18:33:55 INFO     [src.ml.features] [SIMULATE] 特徴量生成 race_id=025022012151: 34 頭 × 46 特徴量 (リーク除外済み)
18:33:55 INFO     [src.ml.features] [SIMULATE] 特徴量生成 race_id=025062040554: 24 頭 × 46 特徴量 (リーク除外済み)
18:33:55 INFO     [src.ml.features] [SIMULATE] 特徴量生成 race_id=025022040150: 17 頭 × 46 特徴量 (リーク除外済み)
18:33:55 INFO     [src.ml.features] [SIMULATE] 特徴量生成 race_id=024072011651: 22 頭 × 46 特徴量 (リーク除外済み)
18:33:55 INFO     [src.ml.features] [SIMULATE] 特徴量生成 race_id=026032040247: 8 頭 × 46 特徴量 (リーク除外済み)
18:33:55 INFO     [src.ml.features] [SIMULATE] 特徴量生成 race_id=025042050335: 11 頭 × 46 特徴量 (リーク除外済み)
18:33:55 INFO     [src.ml.features] [SIMULATE] 特徴量生成 race_id=023012041043: 8 頭 × 46 特徴量 (リーク除外済み)
18:33:55 INFO     [src.ml.features] [SIMULATE] 特徴量生成 race_id=025082040745: 11 頭 × 46 特徴量 (リーク除外済み)
18:33:55 INFO     [src.ml.features] [SIMULATE] 特徴量生成 race_id=025052041444: 13 頭 × 46 特徴量 (リーク除外済み)
18:33:55 INFO     [src.ml.features] [SIMULATE] 特徴量生成 race_id=025022040147: 37 頭 × 46 特徴量 (リーク除外済み)
18:33:55 INFO     [src.ml.features] [SIMULATE] 特徴量生成 race_id=024022041143: 14 頭 × 46 特徴量 (リーク除外済み)
18:33:55 INFO     [src.ml.features] [SIMULATE] 特徴量生成 race_id=023092040854: 11 頭 × 46 特徴量 (リーク除外済み)
18:33:55 INFO     [src.ml.features] [SIMULATE] 特徴量生成 race_id=025072040636: 12 頭 × 46 特徴量 (リーク除外済み)
18:33:55 INFO     [src.ml.features] [SIMULATE] 特徴量生成 race_id=024062041542: 12 頭 × 46 特徴量 (リーク除外済み)
18:33:55 INFO     [src.ml.features] [SIMULATE] 特徴量生成 race_id=024022040145: 7 頭 × 46 特徴量 (リーク除外済み)
18:33:55 INFO     [src.ml.features] [SIMULATE] 特徴量生成 race_id=026022040150: 10 頭 × 46 特徴量 (リーク除外済み)
18:33:55 INFO     [src.ml.features] [SIMULATE] 特徴量生成 race_id=025042041203: 187 頭 × 46 特徴量 (リーク除外済み)
18:33:55 INFO     [src.ml.features] [SIMULATE] 特徴量生成 race_id=025062061402: 167 頭 × 46 特徴量 (リーク除外済み)
18:33:55 INFO     [src.ml.features] [SIMULATE] 特徴量生成 race_id=025082072601: 144 頭 × 46 特徴量 (リーク除外済み)
18:33:55 INFO     [src.ml.features] [SIMULATE] 特徴量生成 race_id=026062012410: 157 頭 × 46 特徴量 (リーク除外済み)
18:33:55 INFO     [src.ml.features] [SIMULATE] 特徴量生成 race_id=026022013105: 180 頭 × 46 特徴量 (リーク除外済み)
18:33:55 INFO     [src.ml.features] [SIMULATE] 特徴量生成 race_id=026032022109: 179 頭 × 46 特徴量 (リーク除外済み)
18:33:55 INFO     [src.ml.features] [SIMULATE] 特徴量生成 race_id=026062031407: 173 頭 × 46 特徴量 (リーク除外済み)
18:33:55 INFO     [src.ml.features] [SIMULATE] 特徴量生成 race_id=026062010406: 171 頭 × 46 特徴量 (リーク除外済み)
18:33:55 INFO     [src.ml.features] [SIMULATE] 特徴量生成 race_id=026062010408: 163 頭 × 46 特徴量 (リーク除外済み)
18:33:55 INFO     [src.ml.features] [SIMULATE] 特徴量生成 race_id=025052050304: 170 頭 × 46 特徴量 (リーク除外済み)
18:33:55 INFO     [src.ml.features] [SIMULATE] 特徴量生成 race_id=024032040250: 12 頭 × 46 特徴量 (リーク除外済み)
18:33:55 INFO     [src.ml.features] [SIMULATE] 特徴量生成 race_id=025022040143: 23 頭 × 46 特徴量 (リーク除外済み)
18:33:55 INFO     [src.ml.features] [SIMULATE] 特徴量生成 race_id=024042040350: 10 頭 × 46 特徴量 (リーク除外済み)
18:33:56 INFO     [src.ml.features] [SIMULATE] 特徴量生成 race_id=024012041048: 23 頭 × 46 特徴量 (リーク除外済み)
18:33:56 INFO     [src.ml.features] [SIMULATE] 特徴量生成 race_id=025072040654: 32 頭 × 46 特徴量 (リーク除外済み)
18:33:56 INFO     [src.ml.features] [SIMULATE] 特徴量生成 race_id=025092040846: 18 頭 × 46 特徴量 (リーク除外済み)
18:33:56 INFO     [src.ml.features] [SIMULATE] 特徴量生成 race_id=023002040954: 11 頭 × 46 特徴量 (リーク除外済み)
18:33:56 INFO     [src.ml.features] [SIMULATE] 特徴量生成 race_id=024082040754: 11 頭 × 46 特徴量 (リーク除外済み)
18:33:56 INFO     [src.ml.features] [SIMULATE] 特徴量生成 race_id=024082040755: 34 頭 × 46 特徴量 (リーク除外済み)
18:33:56 INFO     [src.ml.features] [SIMULATE] 特徴量生成 race_id=025072040655: 31 頭 × 46 特徴量 (リーク除外済み)
18:33:56 INFO     [src.ml.features] [SIMULATE] 特徴量生成 race_id=022032041243: 7 頭 × 46 特徴量 (リーク除外済み)
18:33:56 INFO     [src.ml.features] [SIMULATE] 特徴量生成 race_id=025002040948: 12 頭 × 46 特徴量 (リーク除外済み)
18:33:56 INFO     [src.ml.features] [SIMULATE] 特徴量生成 race_id=025082041730: 18 頭 × 46 特徴量 (リーク除外済み)
18:33:56 INFO     [src.ml.features] [SIMULATE] 特徴量生成 race_id=026032040243: 11 頭 × 46 特徴量 (リーク除外済み)
18:33:56 INFO     [src.ml.features] [SIMULATE] 特徴量生成 race_id=025032040243: 24 頭 × 46 特徴量 (リーク除外済み)
18:33:56 INFO     [src.ml.features] [SIMULATE] 特徴量生成 race_id=025032012251: 12 頭 × 46 特徴量 (リーク除外済み)
18:33:56 INFO     [src.ml.features] [SIMULATE] 特徴量生成 race_id=025032040250: 20 頭 × 46 特徴量 (リーク除外済み)
18:33:56 INFO     [src.ml.features] [SIMULATE] 特徴量生成 race_id=024042040347: 7 頭 × 46 特徴量 (リーク除外済み)
18:33:56 INFO     [src.ml.features] [SIMULATE] 特徴量生成 race_id=026022012151: 23 頭 × 46 特徴量 (リーク除外済み)
18:33:56 INFO     [src.ml.features] [SIMULATE] 特徴量生成 race_id=025082040736: 10 頭 × 46 特徴量 (リーク除外済み)
18:33:56 INFO     [src.ml.features] [SIMULATE] 特徴量生成 race_id=025032040247: 8 頭 × 46 特徴量 (リーク除外済み)
18:33:56 INFO     [src.ml.features] [SIMULATE] 特徴量生成 race_id=025052050435: 16 頭 × 46 特徴量 (リーク除外済み)
18:33:56 INFO     [src.ml.features] [SIMULATE] 特徴量生成 race_id=024002040944: 12 頭 × 46 特徴量 (リーク除外済み)
18:33:56 INFO     [src.ml.features] [SIMULATE] 特徴量生成 race_id=025092040845: 39 頭 × 46 特徴量 (リーク除外済み)
18:33:56 INFO     [src.ml.features] [SIMULATE] 特徴量生成 race_id=025032042242: 32 頭 × 46 特徴量 (リーク除外済み)
18:33:56 INFO     [src.ml.features] [SIMULATE] 特徴量生成 race_id=025042041303: 182 頭 × 46 特徴量 (リーク除外済み)
18:33:56 INFO     [src.ml.features] [SIMULATE] 特徴量生成 race_id=025062061502: 148 頭 × 46 特徴量 (リーク除外済み)
18:33:56 INFO     [src.ml.features] [SIMULATE] 特徴量生成 race_id=025082072701: 122 頭 × 46 特徴量 (リーク除外済み)
18:33:56 INFO     [src.ml.features] [SIMULATE] 特徴量生成 race_id=026062012510: 181 頭 × 46 特徴量 (リーク除外済み)
18:33:56 INFO     [src.ml.features] [SIMULATE] 特徴量生成 race_id=026022020105: 171 頭 × 46 特徴量 (リーク除外済み)
18:33:56 INFO     [src.ml.features] [SIMULATE] 特徴量生成 race_id=026032022209: 145 頭 × 46 特徴量 (リーク除外済み)
18:33:56 INFO     [src.ml.features] [SIMULATE] 特徴量生成 race_id=026062031507: 181 頭 × 46 特徴量 (リーク除外済み)
18:33:56 INFO     [src.ml.features] [SIMULATE] 特徴量生成 race_id=025052050404: 170 頭 × 46 特徴量 (リーク除外済み)
18:33:56 INFO     [src.ml.features] [SIMULATE] 特徴量生成 race_id=026062010506: 164 頭 × 46 特徴量 (リーク除外済み)
18:33:56 INFO     [src.ml.features] [SIMULATE] 特徴量生成 race_id=026062010508: 168 頭 × 46 特徴量 (リーク除外済み)
18:33:56 INFO     [src.ml.features] [SIMULATE] 特徴量生成 race_id=025062041544: 14 頭 × 46 特徴量 (リーク除外済み)
18:33:56 INFO     [src.ml.features] [SIMULATE] 特徴量生成 race_id=025042040347: 15 頭 × 46 特徴量 (リーク除外済み)
18:33:56 INFO     [src.ml.features] [SIMULATE] 特徴量生成 race_id=025042012351: 22 頭 × 46 特徴量 (リーク除外済み)
18:33:56 INFO     [src.ml.features] [SIMULATE] 特徴量生成 race_id=025032041254: 11 頭 × 46 特徴量 (リーク除外済み)
18:33:56 INFO     [src.ml.features] [SIMULATE] 特徴量生成 race_id=021052041444: 13 頭 × 46 特徴量 (リーク除外済み)
18:33:56 INFO     [src.ml.features] [SIMULATE] 特徴量生成 race_id=025042040350: 20 頭 × 46 特徴量 (リーク除外済み)
18:33:56 INFO     [src.ml.features] [SIMULATE] 特徴量生成 race_id=025002040945: 25 頭 × 46 特徴量 (リーク除外済み)
18:33:56 INFO     [src.ml.features] [SIMULATE] 特徴量生成 race_id=024092011851: 11 頭 × 46 特徴量 (リーク除外済み)
18:33:56 INFO     [src.ml.features] [SIMULATE] 特徴量生成 race_id=025012041048: 24 頭 × 46 特徴量 (リーク除外済み)
18:33:56 INFO     [src.ml.features] [SIMULATE] 特徴量生成 race_id=025062050535: 9 頭 × 46 特徴量 (リーク除外済み)
18:33:56 INFO     [src.ml.features] [SIMULATE] 特徴量生成 race_id=024042041354: 10 頭 × 46 特徴量 (リーク除外済み)
18:33:56 INFO     [src.ml.features] [SIMULATE] 特徴量生成 race_id=025042040343: 33 頭 × 46 特徴量 (リーク除外済み)
18:33:56 INFO     [src.ml.features] [SIMULATE] 特徴量生成 race_id=026032012251: 8 頭 × 46 特徴量 (リーク除外済み)
18:33:56 INFO     [src.ml.features] [SIMULATE] 特徴量生成 race_id=025072041644: 15 頭 × 46 特徴量 (リーク除外済み)
18:33:56 INFO     [src.ml.features] [SIMULATE] 特徴量生成 race_id=024082041742: 11 頭 × 46 特徴量 (リーク除外済み)
18:33:56 INFO     [src.ml.features] [SIMULATE] 特徴量生成 race_id=025042042342: 11 頭 × 46 特徴量 (リーク除外済み)
18:33:56 INFO     [src.ml.features] [SIMULATE] 特徴量生成 race_id=025012041903: 183 頭 × 46 特徴量 (リーク除外済み)
18:33:56 INFO     [src.ml.features] [SIMULATE] 特徴量生成 race_id=025022051004: 164 頭 × 46 特徴量 (リーク除外済み)
18:33:57 INFO     [src.ml.features] [SIMULATE] 特徴量生成 race_id=025032062102: 150 頭 × 46 特徴量 (リーク除外済み)
18:33:57 INFO     [src.ml.features] [SIMULATE] 特徴量生成 race_id=025042080201: 143 頭 × 46 特徴量 (リーク除外済み)
18:33:57 INFO     [src.ml.features] [SIMULATE] 特徴量生成 race_id=026032011006: 179 頭 × 46 特徴量 (リーク除外済み)
18:33:57 INFO     [src.ml.features] [SIMULATE] 特徴量生成 race_id=026032011008: 179 頭 × 46 特徴量 (リーク除外済み)
18:33:57 INFO     [src.ml.features] [SIMULATE] 特徴量生成 race_id=026022013110: 187 頭 × 46 特徴量 (リーク除外済み)
18:33:57 INFO     [src.ml.features] [SIMULATE] 特徴量生成 race_id=026012020705: 182 頭 × 46 特徴量 (リーク除外済み)
18:33:57 INFO     [src.ml.features] [SIMULATE] 特徴量生成 race_id=026022022809: 170 頭 × 46 特徴量 (リーク除外済み)
18:33:57 INFO     [src.ml.features] [SIMULATE] 特徴量生成 race_id=026032032107: 182 頭 × 46 特徴量 (リーク除外済み)
18:33:57 INFO     [src.ml.features] [SIMULATE] 特徴量生成 race_id=024012041044: 14 頭 × 46 特徴量 (リーク除外済み)
18:33:57 INFO     [src.ml.features] [SIMULATE] 特徴量生成 race_id=024002040946: 10 頭 × 46 特徴量 (リーク除外済み)
18:33:57 INFO     [src.ml.features] [SIMULATE] 特徴量生成 race_id=024022041144: 14 頭 × 46 特徴量 (リーク除外済み)
18:33:57 INFO     [src.ml.features] [SIMULATE] 特徴量生成 race_id=025052042430: 23 頭 × 46 特徴量 (リーク除外済み)
18:33:57 INFO     [src.ml.features] [SIMULATE] 特徴量生成 race_id=025042041354: 10 頭 × 46 特徴量 (リーク除外済み)
18:33:57 INFO     [src.ml.features] [SIMULATE] 特徴量生成 race_id=025032041148: 35 頭 × 46 特徴量 (リーク除外済み)
18:33:57 INFO     [src.ml.features] [SIMULATE] 特徴量生成 race_id=024042012351: 9 頭 × 46 特徴量 (リーク除外済み)
18:33:57 INFO     [src.ml.features] [SIMULATE] 特徴量生成 race_id=025012041045: 32 頭 × 46 特徴量 (リーク除外済み)
18:33:57 INFO     [src.ml.features] [SIMULATE] 特徴量生成 race_id=024082040547: 7 頭 × 46 特徴量 (リーク除外済み)
18:33:57 INFO     [src.ml.features] [SIMULATE] 特徴量生成 race_id=020092040850: 10 頭 × 46 特徴量 (リーク除外済み)
18:33:57 INFO     [src.ml.features] [SIMULATE] 特徴量生成 race_id=025082041744: 23 頭 × 46 特徴量 (リーク除外済み)
18:33:57 INFO     [src.ml.features] [SIMULATE] 特徴量生成 race_id=025052042442: 35 頭 × 46 特徴量 (リーク除外済み)
18:33:57 INFO     [src.ml.features] [SIMULATE] 特徴量生成 race_id=023072040645: 25 頭 × 46 特徴量 (リーク除外済み)
18:33:57 INFO     [src.ml.features] [SIMULATE] 特徴量生成 race_id=025052040447: 17 頭 × 46 特徴量 (リーク除外済み)
18:33:57 INFO     [src.ml.features] [SIMULATE] 特徴量生成 race_id=025092012851: 10 頭 × 46 特徴量 (リーク除外済み)
18:33:57 INFO     [src.ml.features] [SIMULATE] 特徴量生成 race_id=025092040850: 34 頭 × 46 特徴量 (リーク除外済み)
18:33:57 INFO     [src.ml.features] [SIMULATE] 特徴量生成 race_id=024032051235: 8 頭 × 46 特徴量 (リーク除外済み)
18:33:57 INFO     [src.ml.features] [SIMULATE] 特徴量生成 race_id=025012042003: 186 頭 × 46 特徴量 (リーク除外済み)
18:33:57 INFO     [src.ml.features] [SIMULATE] 特徴量生成 race_id=025022051104: 177 頭 × 46 特徴量 (リーク除外済み)
18:33:57 INFO     [src.ml.features] [SIMULATE] 特徴量生成 race_id=025032062202: 156 頭 × 46 特徴量 (リーク除外済み)
18:33:57 INFO     [src.ml.features] [SIMULATE] 特徴量生成 race_id=025042080301: 146 頭 × 46 特徴量 (リーク除外済み)
18:33:57 INFO     [src.ml.features] [SIMULATE] 特徴量生成 race_id=026032011106: 191 頭 × 46 特徴量 (リーク除外済み)
18:33:57 INFO     [src.ml.features] [SIMULATE] 特徴量生成 race_id=026032011108: 175 頭 × 46 特徴量 (リーク除外済み)
18:33:57 INFO     [src.ml.features] [SIMULATE] 特徴量生成 race_id=026022020110: 183 頭 × 46 特徴量 (リーク除外済み)
18:33:57 INFO     [src.ml.features] [SIMULATE] 特徴量生成 race_id=026022030109: 155 頭 × 46 特徴量 (リーク除外済み)
18:33:57 INFO     [src.ml.features] [SIMULATE] 特徴量生成 race_id=026032032207: 186 頭 × 46 特徴量 (リーク除外済み)
18:33:57 INFO     [src.ml.features] [SIMULATE] 特徴量生成 race_id=026012021005: 170 頭 × 46 特徴量 (リーク除外済み)
18:33:57 INFO     [src.ml.features] [SIMULATE] 特徴量生成 race_id=023012042044: 15 頭 × 46 特徴量 (リーク除外済み)
18:33:57 INFO     [src.ml.features] [SIMULATE] 特徴量生成 race_id=025052040443: 34 頭 × 46 特徴量 (リーク除外済み)
18:33:57 INFO     [src.ml.features] [SIMULATE] 特徴量生成 race_id=025082050735: 10 頭 × 46 特徴量 (リーク除外済み)
18:33:58 INFO     [src.ml.features] [SIMULATE] 特徴量生成 race_id=024012041050: 12 頭 × 46 特徴量 (リーク除外済み)
18:33:58 INFO     [src.ml.features] [SIMULATE] 特徴量生成 race_id=023032042254: 9 頭 × 46 特徴量 (リーク除外済み)
18:33:58 INFO     [src.ml.features] [SIMULATE] 特徴量生成 race_id=025092041844: 21 頭 × 46 特徴量 (リーク除外済み)
18:33:58 INFO     [src.ml.features] [SIMULATE] 特徴量生成 race_id=025052041436: 28 頭 × 46 特徴量 (リーク除外済み)
18:33:58 INFO     [src.ml.features] [SIMULATE] 特徴量生成 race_id=025002012951: 19 頭 × 46 特徴量 (リーク除外済み)
18:33:58 INFO     [src.ml.features] [SIMULATE] 特徴量生成 race_id=025002041955: 22 頭 × 46 特徴量 (リーク除外済み)
18:33:58 INFO     [src.ml.features] [SIMULATE] 特徴量生成 race_id=024052012451: 12 頭 × 46 特徴量 (リーク除外済み)
18:33:58 INFO     [src.ml.features] [SIMULATE] 特徴量生成 race_id=024032041244: 12 頭 × 46 特徴量 (リーク除外済み)
18:33:58 INFO     [src.ml.features] [SIMULATE] 特徴量生成 race_id=025062042542: 22 頭 × 46 特徴量 (リーク除外済み)
18:33:58 INFO     [src.ml.features] [SIMULATE] 特徴量生成 race_id=023052041443: 12 頭 × 46 特徴量 (リーク除外済み)
18:33:58 INFO     [src.ml.features] [SIMULATE] 特徴量生成 race_id=025002041954: 10 頭 × 46 特徴量 (リーク除外済み)
18:33:58 INFO     [src.ml.features] [SIMULATE] 特徴量生成 race_id=024062040545: 9 頭 × 46 特徴量 (リーク除外済み)
18:33:58 INFO     [src.ml.features] [SIMULATE] 特徴量生成 race_id=024002041942: 24 頭 × 46 特徴量 (リーク除外済み)
18:33:58 INFO     [src.ml.features] [SIMULATE] 特徴量生成 race_id=025082042603: 179 頭 × 46 特徴量 (リーク除外済み)
18:33:58 INFO     [src.ml.features] [SIMULATE] 特徴量生成 race_id=025092051704: 167 頭 × 46 特徴量 (リーク除外済み)
18:33:58 INFO     [src.ml.features] [SIMULATE] 特徴量生成 race_id=025002062802: 164 頭 × 46 特徴量 (リーク除外済み)
18:33:58 INFO     [src.ml.features] [SIMULATE] 特徴量生成 race_id=025012080901: 152 頭 × 46 特徴量 (リーク除外済み)
18:33:58 INFO     [src.ml.features] [SIMULATE] 特徴量生成 race_id=026012020710: 183 頭 × 46 特徴量 (リーク除外済み)
18:33:58 INFO     [src.ml.features] [SIMULATE] 特徴量生成 race_id=026062021405: 184 頭 × 46 特徴量 (リーク除外済み)
18:33:58 INFO     [src.ml.features] [SIMULATE] 特徴量生成 race_id=026092030709: 162 頭 × 46 特徴量 (リーク除外済み)
18:33:58 INFO     [src.ml.features] [SIMULATE] 特徴量生成 race_id=026002032807: 174 頭 × 46 特徴量 (リーク除外済み)
18:33:58 INFO     [src.ml.features] [SIMULATE] 特徴量生成 race_id=026032011206: 186 頭 × 46 特徴量 (リーク除外済み)
18:33:58 INFO     [src.ml.features] [SIMULATE] 特徴量生成 race_id=026032011208: 184 頭 × 46 特徴量 (リーク除外済み)
18:33:58 INFO     [src.ml.features] [SIMULATE] 特徴量生成 race_id=025002040950: 22 頭 × 46 特徴量 (リーク除外済み)
18:33:58 INFO     [src.ml.features] [SIMULATE] 特徴量生成 race_id=026092012851: 30 頭 × 46 特徴量 (リーク除外済み)
18:33:58 INFO     [src.ml.features] [SIMULATE] 特徴量生成 race_id=025012041050: 65 頭 × 46 特徴量 (リーク除外済み)
18:33:58 INFO     [src.ml.features] [SIMULATE] 特徴量生成 race_id=025012042055: 21 頭 × 46 特徴量 (リーク除外済み)
18:33:58 INFO     [src.ml.features] [SIMULATE] 特徴量生成 race_id=025012042054: 28 頭 × 46 特徴量 (リーク除外済み)
18:33:58 INFO     [src.ml.features] [SIMULATE] 特徴量生成 race_id=025062041536: 12 頭 × 46 特徴量 (リーク除外済み)
18:33:58 INFO     [src.ml.features] [SIMULATE] 特徴量生成 race_id=026092011706: 178 頭 × 46 特徴量 (リーク除外済み)
18:33:58 INFO     [src.ml.features] [SIMULATE] 特徴量生成 race_id=026092011708: 158 頭 × 46 特徴量 (リーク除外済み)
18:33:58 INFO     [src.ml.features] [SIMULATE] 特徴量生成 race_id=025082042703: 175 頭 × 46 特徴量 (リーク除外済み)
18:33:58 INFO     [src.ml.features] [SIMULATE] 特徴量生成 race_id=025092051804: 167 頭 × 46 特徴量 (リーク除外済み)
18:33:58 INFO     [src.ml.features] [SIMULATE] 特徴量生成 race_id=025002062902: 144 頭 × 46 特徴量 (リーク除外済み)
18:33:58 INFO     [src.ml.features] [SIMULATE] 特徴量生成 race_id=025012081001: 159 頭 × 46 特徴量 (リーク除外済み)
18:33:58 INFO     [src.ml.features] [SIMULATE] 特徴量生成 race_id=026012020810: 177 頭 × 46 特徴量 (リーク除外済み)
18:33:59 INFO     [src.ml.features] [SIMULATE] 特徴量生成 race_id=026062021505: 175 頭 × 46 特徴量 (リーク除外済み)
18:33:59 INFO     [src.ml.features] [SIMULATE] 特徴量生成 race_id=026092030809: 148 頭 × 46 特徴量 (リーク除外済み)
18:33:59 INFO     [src.ml.features] [SIMULATE] 特徴量生成 race_id=026002032907: 177 頭 × 46 特徴量 (リーク除外済み)
18:33:59 INFO     [src.ml.features] [SIMULATE] 特徴量生成 race_id=025012013051: 12 頭 × 46 特徴量 (リーク除外済み)
18:33:59 INFO     [src.ml.features] [SIMULATE] 特徴量生成 race_id=025062052404: 181 頭 × 46 特徴量 (リーク除外済み)
18:33:59 INFO     [src.ml.features] [SIMULATE] 特徴量生成 race_id=025072070502: 131 頭 × 46 特徴量 (リーク除外済み)
18:33:59 INFO     [src.ml.features] [SIMULATE] 特徴量生成 race_id=025082081601: 142 頭 × 46 特徴量 (リーク除外済み)
18:33:59 INFO     [src.ml.features] [SIMULATE] 特徴量生成 race_id=026062021410: 182 頭 × 46 特徴量 (リーク除外済み)
18:33:59 INFO     [src.ml.features] [SIMULATE] 特徴量生成 race_id=026032022105: 176 頭 × 46 特徴量 (リーク除外済み)
18:33:59 INFO     [src.ml.features] [SIMULATE] 特徴量生成 race_id=026062031409: 164 頭 × 46 特徴量 (リーク除外済み)
18:33:59 INFO     [src.ml.features] [SIMULATE] 特徴量生成 race_id=026092011806: 183 頭 × 46 特徴量 (リーク除外済み)
18:33:59 INFO     [src.ml.features] [SIMULATE] 特徴量生成 race_id=026092011808: 168 頭 × 46 特徴量 (リーク除外済み)
18:33:59 INFO     [src.ml.features] [SIMULATE] 特徴量生成 race_id=026062012406: 171 頭 × 46 特徴量 (リーク除外済み)
18:33:59 INFO     [src.ml.features] [SIMULATE] 特徴量生成 race_id=026062012408: 172 頭 × 46 特徴量 (リーク除外済み)
18:33:59 INFO     [src.ml.features] [SIMULATE] 特徴量生成 race_id=025062052504: 185 頭 × 46 特徴量 (リーク除外済み)
18:33:59 INFO     [src.ml.features] [SIMULATE] 特徴量生成 race_id=025072070602: 134 頭 × 46 特徴量 (リーク除外済み)
18:33:59 INFO     [src.ml.features] [SIMULATE] 特徴量生成 race_id=025082081701: 153 頭 × 46 特徴量 (リーク除外済み)
18:33:59 INFO     [src.ml.features] [SIMULATE] 特徴量生成 race_id=026062021510: 177 頭 × 46 特徴量 (リーク除外済み)
18:33:59 INFO     [src.ml.features] [SIMULATE] 特徴量生成 race_id=026032022205: 177 頭 × 46 特徴量 (リーク除外済み)
18:34:00 INFO     [src.ml.features] [SIMULATE] 特徴量生成 race_id=026062031509: 161 頭 × 46 特徴量 (リーク除外済み)
18:34:00 INFO     [src.ml.features] [SIMULATE] 特徴量生成 race_id=025042071202: 145 頭 × 46 特徴量 (リーク除外済み)
18:34:00 INFO     [src.ml.features] [SIMULATE] 特徴量生成 race_id=026032022110: 175 頭 × 46 特徴量 (リーク除外済み)
18:34:00 INFO     [src.ml.features] [SIMULATE] 特徴量生成 race_id=026032032109: 156 頭 × 46 特徴量 (リーク除外済み)
18:34:00 INFO     [src.ml.features] [SIMULATE] 特徴量生成 race_id=026062012506: 180 頭 × 46 特徴量 (リーク除外済み)
18:34:00 INFO     [src.ml.features] [SIMULATE] 特徴量生成 race_id=026062012508: 155 頭 × 46 特徴量 (リーク除外済み)
18:34:00 INFO     [src.ml.features] [SIMULATE] 特徴量生成 race_id=025042071302: 147 頭 × 46 特徴量 (リーク除外済み)
18:34:00 INFO     [src.ml.features] [SIMULATE] 特徴量生成 race_id=026032022210: 175 頭 × 46 特徴量 (リーク除外済み)
18:34:00 INFO     [src.ml.features] [SIMULATE] 特徴量生成 race_id=026032032209: 149 頭 × 46 特徴量 (リーク除外済み)
18:34:00 INFO     [src.ml.features] [SIMULATE] 特徴量生成 race_id=025012071902: 164 頭 × 46 特徴量 (リーク除外済み)
18:34:00 INFO     [src.ml.features] [SIMULATE] 特徴量生成 race_id=026022022810: 179 頭 × 46 特徴量 (リーク除外済み)
18:34:00 INFO     [src.ml.features] [SIMULATE] 特徴量生成 race_id=025012072002: 153 頭 × 46 特徴量 (リーク除外済み)
18:34:00 INFO     [src.ml.features] [SIMULATE] 特徴量生成 race_id=026022030110: 194 頭 × 46 特徴量 (リーク除外済み)
18:34:00 INFO     [src.ml.features] [SIMULATE] 特徴量生成 race_id=025072042654: 35 頭 × 46 特徴量 (リーク除外済み)
18:34:00 INFO     [src.ml.features] [SIMULATE] 特徴量生成 race_id=024072041650: 13 頭 × 46 特徴量 (リーク除外済み)
18:34:00 INFO     [src.ml.features] [SIMULATE] 特徴量生成 race_id=025062042555: 23 頭 × 46 特徴量 (リーク除外済み)
18:34:00 INFO     [src.ml.features] [SIMULATE] 特徴量生成 race_id=025012043030: 16 頭 × 46 特徴量 (リーク除外済み)
18:34:00 INFO     [src.ml.features] [SIMULATE] 特徴量生成 race_id=021052052445: 12 頭 × 46 特徴量 (リーク除外済み)
18:34:00 INFO     [src.ml.features] [SIMULATE] 特徴量生成 race_id=025022042148: 21 頭 × 46 特徴量 (リーク除外済み)
18:34:00 INFO     [src.ml.features] [SIMULATE] 特徴量生成 race_id=021072042644: 14 頭 × 46 特徴量 (リーク除外済み)
18:34:00 INFO     [src.ml.features] [SIMULATE] 特徴量生成 race_id=025062050543: 22 頭 × 46 特徴量 (リーク除外済み)
18:34:00 INFO     [src.ml.features] [SIMULATE] 特徴量生成 race_id=023092050844: 9 頭 × 46 特徴量 (リーク除外済み)
18:34:00 INFO     [src.ml.features] [SIMULATE] 特徴量生成 race_id=025052041447: 32 頭 × 46 特徴量 (リーク除外済み)
18:34:00 INFO     [src.ml.features] [SIMULATE] 特徴量生成 race_id=024072042655: 10 頭 × 46 特徴量 (リーク除外済み)
18:34:00 INFO     [src.ml.features] [SIMULATE] 特徴量生成 race_id=024092042854: 11 頭 × 46 特徴量 (リーク除外済み)
18:34:00 INFO     [src.ml.features] [SIMULATE] 特徴量生成 race_id=025012042046: 30 頭 × 46 特徴量 (リーク除外済み)
18:34:00 INFO     [src.ml.features] [SIMULATE] 特徴量生成 race_id=025062020551: 12 頭 × 46 特徴量 (リーク除外済み)
18:34:00 INFO     [src.ml.features] [SIMULATE] 特徴量生成 race_id=025022051135: 8 頭 × 46 特徴量 (リーク除外済み)
18:34:00 INFO     [src.ml.features] [SIMULATE] 特徴量生成 race_id=023022050143: 6 頭 × 46 特徴量 (リーク除外済み)
18:34:00 INFO     [src.ml.features] [SIMULATE] 特徴量生成 race_id=024012052042: 12 頭 × 46 特徴量 (リーク除外済み)
18:34:00 INFO     [src.ml.features] [SIMULATE] 特徴量生成 race_id=025062041550: 29 頭 × 46 特徴量 (リーク除外済み)
18:34:00 INFO     [src.ml.features] [SIMULATE] 特徴量生成 race_id=025082042605: 180 頭 × 46 特徴量 (リーク除外済み)
18:34:00 INFO     [src.ml.features] [SIMULATE] 特徴量生成 race_id=025082042608: 159 頭 × 46 特徴量 (リーク除外済み)
18:34:00 INFO     [src.ml.features] [SIMULATE] 特徴量生成 race_id=025002062803: 152 頭 × 46 特徴量 (リーク除外済み)
18:34:00 INFO     [src.ml.features] [SIMULATE] 特徴量生成 race_id=025002062810: 153 頭 × 46 特徴量 (リーク除外済み)
18:34:01 INFO     [src.ml.features] [SIMULATE] 特徴量生成 race_id=025082072604: 169 頭 × 46 特徴量 (リーク除外済み)
18:34:01 INFO     [src.ml.features] [SIMULATE] 特徴量生成 race_id=025052082301: 140 頭 × 46 特徴量 (リーク除外済み)
18:34:01 INFO     [src.ml.features] [SIMULATE] 特徴量生成 race_id=026022013108: 152 頭 × 46 特徴量 (リーク除外済み)
18:34:01 INFO     [src.ml.features] [SIMULATE] 特徴量生成 race_id=026022022806: 171 頭 × 46 特徴量 (リーク除外済み)
18:34:01 INFO     [src.ml.features] [SIMULATE] 特徴量生成 race_id=026002032809: 147 頭 × 46 特徴量 (リーク除外済み)
18:34:01 INFO     [src.ml.features] [SIMULATE] 特徴量生成 race_id=024032042244: 11 頭 × 46 特徴量 (リーク除外済み)
18:34:01 INFO     [src.ml.features] [SIMULATE] 特徴量生成 race_id=025092042844: 11 頭 × 46 特徴量 (リーク除外済み)
18:34:01 INFO     [src.ml.features] [SIMULATE] 特徴量生成 race_id=025072041647: 24 頭 × 46 特徴量 (リーク除外済み)
18:34:01 INFO     [src.ml.features] [SIMULATE] 特徴量生成 race_id=025082042754: 11 頭 × 46 特徴量 (リーク除外済み)
18:34:01 INFO     [src.ml.features] [SIMULATE] 特徴量生成 race_id=025042051345: 50 頭 × 46 特徴量 (リーク除外済み)
18:34:01 INFO     [src.ml.features] [SIMULATE] 特徴量生成 race_id=025072042655: 34 頭 × 46 特徴量 (リーク除外済み)
18:34:01 INFO     [src.ml.features] [SIMULATE] 特徴量生成 race_id=025032051235: 7 頭 × 46 特徴量 (リーク除外済み)
18:34:01 INFO     [src.ml.features] [SIMULATE] 特徴量生成 race_id=025032042248: 10 頭 × 46 特徴量 (リーク除外済み)
18:34:01 INFO     [src.ml.features] [SIMULATE] 特徴量生成 race_id=024042042348: 9 頭 × 46 特徴量 (リーク除外済み)
18:34:01 INFO     [src.ml.features] [SIMULATE] 特徴量生成 race_id=024082041750: 9 頭 × 46 特徴量 (リーク除外済み)
18:34:01 INFO     [src.ml.features] [SIMULATE] 特徴量生成 race_id=025032042246: 9 頭 × 46 特徴量 (リーク除外済み)
18:34:01 INFO     [src.ml.features] [SIMULATE] 特徴量生成 race_id=025072050643: 12 頭 × 46 特徴量 (リーク除外済み)
18:34:01 INFO     [src.ml.features] [SIMULATE] 特徴量生成 race_id=003062050541: 12 頭 × 46 特徴量 (リーク除外済み)
18:34:01 INFO     [src.ml.features] [SIMULATE] 特徴量生成 race_id=025082052742: 12 頭 × 46 特徴量 (リーク除外済み)
18:34:01 INFO     [src.ml.features] [SIMULATE] 特徴量生成 race_id=004072050541: 12 頭 × 46 特徴量 (リーク除外済み)
18:34:01 INFO     [src.ml.features] [SIMULATE] 特徴量生成 race_id=023072051645: 12 頭 × 46 特徴量 (リーク除外済み)
18:34:01 INFO     [src.ml.features] [SIMULATE] 特徴量生成 race_id=025002042944: 15 頭 × 46 特徴量 (リーク除外済み)
18:34:01 INFO     [src.ml.features] [SIMULATE] 特徴量生成 race_id=024042042344: 11 頭 × 46 特徴量 (リーク除外済み)
18:34:01 INFO     [src.ml.features] [SIMULATE] 特徴量生成 race_id=024092041847: 18 頭 × 46 特徴量 (リーク除外済み)
18:34:01 INFO     [src.ml.features] [SIMULATE] 特徴量生成 race_id=025082042705: 170 頭 × 46 特徴量 (リーク除外済み)
18:34:01 INFO     [src.ml.features] [SIMULATE] 特徴量生成 race_id=025082042708: 154 頭 × 46 特徴量 (リーク除外済み)
18:34:01 INFO     [src.ml.features] [SIMULATE] 特徴量生成 race_id=025002062903: 160 頭 × 46 特徴量 (リーク除外済み)
18:34:01 INFO     [src.ml.features] [SIMULATE] 特徴量生成 race_id=025002062910: 172 頭 × 46 特徴量 (リーク除外済み)
18:34:01 INFO     [src.ml.features] [SIMULATE] 特徴量生成 race_id=025082072704: 155 頭 × 46 特徴量 (リーク除外済み)
18:34:01 INFO     [src.ml.features] [SIMULATE] 特徴量生成 race_id=025052082401: 160 頭 × 46 特徴量 (リーク除外済み)
18:34:01 INFO     [src.ml.features] [SIMULATE] 特徴量生成 race_id=026022020108: 147 頭 × 46 特徴量 (リーク除外済み)
18:34:01 INFO     [src.ml.features] [SIMULATE] 特徴量生成 race_id=026022030106: 170 頭 × 46 特徴量 (リーク除外済み)
18:34:01 INFO     [src.ml.features] [SIMULATE] 特徴量生成 race_id=026002032909: 151 頭 × 46 特徴量 (リーク除外済み)
18:34:01 INFO     [src.ml.features] [SIMULATE] 特徴量生成 race_id=025022042136: 11 頭 × 46 特徴量 (リーク除外済み)
18:34:01 INFO     [src.ml.features] [SIMULATE] 特徴量生成 race_id=024012043043: 13 頭 × 46 特徴量 (リーク除外済み)
18:34:01 INFO     [src.ml.features] [SIMULATE] 特徴量生成 race_id=025022050130: 32 頭 × 46 特徴量 (リーク除外済み)
18:34:01 INFO     [src.ml.features] [SIMULATE] 特徴量生成 race_id=025072020651: 46 頭 × 46 特徴量 (リーク除外済み)
18:34:01 INFO     [src.ml.features] [SIMULATE] 特徴量生成 race_id=025082041750: 12 頭 × 46 特徴量 (リーク除外済み)
18:34:01 INFO     [src.ml.features] [SIMULATE] 特徴量生成 race_id=025032042236: 9 頭 × 46 特徴量 (リーク除外済み)
18:34:01 INFO     [src.ml.features] [SIMULATE] 特徴量生成 race_id=023072050654: 10 頭 × 46 特徴量 (リーク除外済み)
18:34:01 INFO     [src.ml.features] [SIMULATE] 特徴量生成 race_id=023012051044: 14 頭 × 46 特徴量 (リーク除外済み)
18:34:01 INFO     [src.ml.features] [SIMULATE] 特徴量生成 race_id=025082050743: 26 頭 × 46 特徴量 (リーク除外済み)
18:34:01 INFO     [src.ml.features] [SIMULATE] 特徴量生成 race_id=025052051445: 22 頭 × 46 特徴量 (リーク除外済み)
18:34:01 INFO     [src.ml.features] [SIMULATE] 特徴量生成 race_id=001022050541: 12 頭 × 46 特徴量 (リーク除外済み)
18:34:01 INFO     [src.ml.features] [SIMULATE] 特徴量生成 race_id=023052042455: 11 頭 × 46 特徴量 (リーク除外済み)
18:34:01 INFO     [src.ml.features] [SIMULATE] 特徴量生成 race_id=025092052842: 35 頭 × 46 特徴量 (リーク除外済み)
18:34:01 INFO     [src.ml.features] [SIMULATE] 特徴量生成 race_id=024092042855: 10 頭 × 46 特徴量 (リーク除外済み)
18:34:02 INFO     [src.ml.features] [SIMULATE] 特徴量生成 race_id=025012043044: 16 頭 × 46 特徴量 (リーク除外済み)
18:34:02 INFO     [src.ml.features] [SIMULATE] 特徴量生成 race_id=025072043044: 16 頭 × 46 特徴量 (リーク除外済み)
18:34:02 INFO     [src.ml.features] [SIMULATE] 特徴量生成 race_id=025072040509: 167 頭 × 46 特徴量 (リーク除外済み)
18:34:02 INFO     [src.ml.features] [SIMULATE] 特徴量生成 race_id=025072070503: 152 頭 × 46 特徴量 (リーク除外済み)
18:34:02 INFO     [src.ml.features] [SIMULATE] 特徴量生成 race_id=025072070510: 142 頭 × 46 特徴量 (リーク除外済み)
18:34:02 INFO     [src.ml.features] [SIMULATE] 特徴量生成 race_id=025042080204: 162 頭 × 46 特徴量 (リーク除外済み)
18:34:02 INFO     [src.ml.features] [SIMULATE] 特徴量生成 race_id=025012083001: 152 頭 × 46 特徴量 (リーク除外済み)
18:34:02 INFO     [src.ml.features] [SIMULATE] 特徴量生成 race_id=026012020708: 148 頭 × 46 特徴量 (リーク除外済み)
18:34:02 INFO     [src.ml.features] [SIMULATE] 特徴量生成 race_id=026092030706: 186 頭 × 46 特徴量 (リーク除外済み)
18:34:02 INFO     [src.ml.features] [SIMULATE] 特徴量生成 race_id=026062040409: 170 頭 × 46 特徴量 (リーク除外済み)
18:34:02 INFO     [src.ml.features] [SIMULATE] 特徴量生成 race_id=025052050305: 151 頭 × 46 特徴量 (リーク除外済み)
18:34:02 INFO     [src.ml.features] [SIMULATE] 特徴量生成 race_id=025052050308: 152 頭 × 46 特徴量 (リーク除外済み)
18:34:02 INFO     [src.ml.features] [SIMULATE] 特徴量生成 race_id=025092020751: 16 頭 × 46 特徴量 (リーク除外済み)
18:34:02 INFO     [src.ml.features] [SIMULATE] 特徴量生成 race_id=023082050754: 10 頭 × 46 特徴量 (リーク除外済み)
18:34:02 INFO     [src.ml.features] [SIMULATE] 特徴量生成 race_id=025032042250: 24 頭 × 46 特徴量 (リーク除外済み)
18:34:02 INFO     [src.ml.features] [SIMULATE] 特徴量生成 race_id=025062051545: 12 頭 × 46 特徴量 (リーク除外済み)
18:34:02 INFO     [src.ml.features] [SIMULATE] 特徴量生成 race_id=023012051047: 9 頭 × 46 特徴量 (リーク除外済み)
18:34:02 INFO     [src.ml.features] [SIMULATE] 特徴量生成 race_id=024042042350: 9 頭 × 46 特徴量 (リーク除外済み)
18:34:02 INFO     [src.ml.features] [SIMULATE] 特徴量生成 race_id=025022050144: 13 頭 × 46 特徴量 (リーク除外済み)
18:34:02 INFO     [src.ml.features] [SIMULATE] 特徴量生成 race_id=025052042448: 31 頭 × 46 特徴量 (リーク除外済み)
18:34:02 INFO     [src.ml.features] [SIMULATE] 特徴量生成 race_id=025092050830: 26 頭 × 46 特徴量 (リーク除外済み)
18:34:02 INFO     [src.ml.features] [SIMULATE] 特徴量生成 race_id=025022021151: 22 頭 × 46 特徴量 (リーク除外済み)
18:34:02 INFO     [src.ml.features] [SIMULATE] 特徴量生成 race_id=021072050643: 10 頭 × 46 特徴量 (リーク除外済み)
18:34:02 INFO     [src.ml.features] [SIMULATE] 特徴量生成 race_id=025092041847: 18 頭 × 46 特徴量 (リーク除外済み)
18:34:02 INFO     [src.ml.features] [SIMULATE] 特徴量生成 race_id=022002051945: 10 頭 × 46 特徴量 (リーク除外済み)
18:34:02 INFO     [src.ml.features] [SIMULATE] 特徴量生成 race_id=025002052942: 12 頭 × 46 特徴量 (リーク除外済み)
18:34:02 INFO     [src.ml.features] [SIMULATE] 特徴量生成 race_id=024072042647: 16 頭 × 46 特徴量 (リーク除外済み)
18:34:02 INFO     [src.ml.features] [SIMULATE] 特徴量生成 race_id=025092051835: 22 頭 × 46 特徴量 (リーク除外済み)
18:34:02 INFO     [src.ml.features] [SIMULATE] 特徴量生成 race_id=025092050843: 42 頭 × 46 特徴量 (リーク除外済み)
18:34:02 INFO     [src.ml.features] [SIMULATE] 特徴量生成 race_id=025072040609: 162 頭 × 46 特徴量 (リーク除外済み)
18:34:02 INFO     [src.ml.features] [SIMULATE] 特徴量生成 race_id=025052050454: 23 頭 × 46 特徴量 (リーク除外済み)
18:34:02 INFO     [src.ml.features] [SIMULATE] 特徴量生成 race_id=025072070603: 172 頭 × 46 特徴量 (リーク除外済み)
18:34:02 INFO     [src.ml.features] [SIMULATE] 特徴量生成 race_id=025072070610: 154 頭 × 46 特徴量 (リーク除外済み)
18:34:02 INFO     [src.ml.features] [SIMULATE] 特徴量生成 race_id=025042080304: 153 頭 × 46 特徴量 (リーク除外済み)
18:34:02 INFO     [src.ml.features] [SIMULATE] 特徴量生成 race_id=025012083101: 155 頭 × 46 特徴量 (リーク除外済み)
18:34:02 INFO     [src.ml.features] [SIMULATE] 特徴量生成 race_id=026092030806: 173 頭 × 46 特徴量 (リーク除外済み)
18:34:02 INFO     [src.ml.features] [SIMULATE] 特徴量生成 race_id=026062040509: 168 頭 × 46 特徴量 (リーク除外済み)
18:34:02 INFO     [src.ml.features] [SIMULATE] 特徴量生成 race_id=025052050405: 172 頭 × 46 特徴量 (リーク除外済み)
18:34:02 INFO     [src.ml.features] [SIMULATE] 特徴量生成 race_id=025052050408: 153 頭 × 46 特徴量 (リーク除外済み)
18:34:02 INFO     [src.ml.features] [SIMULATE] 特徴量生成 race_id=026012021008: 155 頭 × 46 特徴量 (リーク除外済み)
18:34:02 INFO     [src.ml.features] [SIMULATE] 特徴量生成 race_id=025052050455: 10 頭 × 46 特徴量 (リーク除外済み)
18:34:02 INFO     [src.ml.features] [SIMULATE] 特徴量生成 race_id=025012051054: 10 頭 × 46 特徴量 (リーク除外済み)
18:34:03 INFO     [src.ml.features] [SIMULATE] 特徴量生成 race_id=024022020151: 8 頭 × 46 特徴量 (リーク除外済み)
18:34:03 INFO     [src.ml.features] [SIMULATE] 特徴量生成 race_id=025002050943: 37 頭 × 46 特徴量 (リーク除外済み)
18:34:03 INFO     [src.ml.features] [SIMULATE] 特徴量生成 race_id=022032042244: 13 頭 × 46 特徴量 (リーク除外済み)
18:34:03 INFO     [src.ml.features] [SIMULATE] 特徴量生成 race_id=025062042548: 21 頭 × 46 特徴量 (リーク除外済み)
18:34:03 INFO     [src.ml.features] [SIMULATE] 特徴量生成 race_id=025042042350: 56 頭 × 46 特徴量 (リーク除外済み)
18:34:03 INFO     [src.ml.features] [SIMULATE] 特徴量生成 race_id=025012053042: 24 頭 × 46 特徴量 (リーク除外済み)
18:34:03 INFO     [src.ml.features] [SIMULATE] 特徴量生成 race_id=024022051154: 10 頭 × 46 特徴量 (リーク除外済み)
18:34:03 INFO     [src.ml.features] [SIMULATE] 特徴量生成 race_id=002032050541: 12 頭 × 46 特徴量 (リーク除外済み)
18:34:03 INFO     [src.ml.features] [SIMULATE] 特徴量生成 race_id=023062050543: 13 頭 × 46 特徴量 (リーク除外済み)
18:34:03 INFO     [src.ml.features] [SIMULATE] 特徴量生成 race_id=024002042947: 15 頭 × 46 特徴量 (リーク除外済み)
18:34:03 INFO     [src.ml.features] [SIMULATE] 特徴量生成 race_id=025032021251: 20 頭 × 46 特徴量 (リーク除外済み)
18:34:03 INFO     [src.ml.features] [SIMULATE] 特徴量生成 race_id=024072042644: 16 頭 × 46 特徴量 (リーク除外済み)
18:34:03 INFO     [src.ml.features] [SIMULATE] 特徴量生成 race_id=022072050643: 23 頭 × 46 特徴量 (リーク除外済み)
18:34:03 INFO     [src.ml.features] [SIMULATE] 特徴量生成 race_id=024042050343: 8 頭 × 46 特徴量 (リーク除外済み)
18:34:03 INFO     [src.ml.features] [SIMULATE] 特徴量生成 race_id=025072051645: 38 頭 × 46 特徴量 (リーク除外済み)
18:34:03 INFO     [src.ml.features] [SIMULATE] 特徴量生成 race_id=025082042736: 12 頭 × 46 特徴量 (リーク除外済み)
18:34:03 INFO     [src.ml.features] [SIMULATE] 特徴量生成 race_id=024052052442: 12 頭 × 46 特徴量 (リーク除外済み)
18:34:03 INFO     [src.ml.features] [SIMULATE] 特徴量生成 race_id=024012051045: 14 頭 × 46 特徴量 (リーク除外済み)
18:34:03 INFO     [src.ml.features] [SIMULATE] 特徴量生成 race_id=025042041209: 168 頭 × 46 特徴量 (リーク除外済み)
18:34:03 INFO     [src.ml.features] [SIMULATE] 特徴量生成 race_id=025022051005: 166 頭 × 46 特徴量 (リーク除外済み)
18:34:03 INFO     [src.ml.features] [SIMULATE] 特徴量生成 race_id=025022051008: 148 頭 × 46 特徴量 (リーク除外済み)
18:34:03 INFO     [src.ml.features] [SIMULATE] 特徴量生成 race_id=025042071203: 162 頭 × 46 特徴量 (リーク除外済み)
18:34:03 INFO     [src.ml.features] [SIMULATE] 特徴量生成 race_id=025042071210: 162 頭 × 46 特徴量 (リーク除外済み)
18:34:03 INFO     [src.ml.features] [SIMULATE] 特徴量生成 race_id=025012080904: 175 頭 × 46 特徴量 (リーク除外済み)
18:34:03 INFO     [src.ml.features] [SIMULATE] 特徴量生成 race_id=025082090601: 159 頭 × 46 特徴量 (リーク除外済み)
18:34:03 INFO     [src.ml.features] [SIMULATE] 特徴量生成 race_id=026062021408: 173 頭 × 46 特徴量 (リーク除外済み)
18:34:03 INFO     [src.ml.features] [SIMULATE] 特徴量生成 race_id=026062031406: 180 頭 × 46 特徴量 (リーク除外済み)
18:34:03 INFO     [src.ml.features] [SIMULATE] 特徴量生成 race_id=025042021351: 24 頭 × 46 特徴量 (リーク除外済み)
18:34:03 INFO     [src.ml.features] [SIMULATE] 特徴量生成 race_id=025092042836: 26 頭 × 46 特徴量 (リーク除外済み)
18:34:03 INFO     [src.ml.features] [SIMULATE] 特徴量生成 race_id=025022051154: 10 頭 × 46 特徴量 (リーク除外済み)
18:34:03 INFO     [src.ml.features] [SIMULATE] 特徴量生成 race_id=020042042350: 10 頭 × 46 特徴量 (リーク除外済み)
18:34:03 INFO     [src.ml.features] [SIMULATE] 特徴量生成 race_id=025052042450: 22 頭 × 46 特徴量 (リーク除外済み)
18:34:03 INFO     [src.ml.features] [SIMULATE] 特徴量生成 race_id=025042041309: 160 頭 × 46 特徴量 (リーク除外済み)
18:34:03 INFO     [src.ml.features] [SIMULATE] 特徴量生成 race_id=025022051105: 163 頭 × 46 特徴量 (リーク除外済み)
18:34:03 INFO     [src.ml.features] [SIMULATE] 特徴量生成 race_id=025022051108: 168 頭 × 46 特徴量 (リーク除外済み)
18:34:03 INFO     [src.ml.features] [SIMULATE] 特徴量生成 race_id=025042071303: 168 頭 × 46 特徴量 (リーク除外済み)
18:34:03 INFO     [src.ml.features] [SIMULATE] 特徴量生成 race_id=025042071310: 165 頭 × 46 特徴量 (リーク除外済み)
18:34:03 INFO     [src.ml.features] [SIMULATE] 特徴量生成 race_id=025012081004: 185 頭 × 46 特徴量 (リーク除外済み)
18:34:03 INFO     [src.ml.features] [SIMULATE] 特徴量生成 race_id=025082090701: 157 頭 × 46 特徴量 (リーク除外済み)
18:34:03 INFO     [src.ml.features] [SIMULATE] 特徴量生成 race_id=026062021508: 154 頭 × 46 特徴量 (リーク除外済み)
18:34:03 INFO     [src.ml.features] [SIMULATE] 特徴量生成 race_id=026062031506: 182 頭 × 46 特徴量 (リーク除外済み)
18:34:03 INFO     [src.ml.features] [SIMULATE] 特徴量生成 race_id=024062042550: 17 頭 × 46 特徴量 (リーク除外済み)
18:34:04 INFO     [src.ml.features] [SIMULATE] 特徴量生成 race_id=026032021251: 12 頭 × 46 特徴量 (リーク除外済み)
18:34:04 INFO     [src.ml.features] [SIMULATE] 特徴量生成 race_id=025012041909: 162 頭 × 46 特徴量 (リーク除外済み)
18:34:04 INFO     [src.ml.features] [SIMULATE] 特徴量生成 race_id=025092051705: 163 頭 × 46 特徴量 (リーク除外済み)
18:34:04 INFO     [src.ml.features] [SIMULATE] 特徴量生成 race_id=025092051708: 153 頭 × 46 特徴量 (リーク除外済み)
18:34:04 INFO     [src.ml.features] [SIMULATE] 特徴量生成 race_id=025012071903: 157 頭 × 46 特徴量 (リーク除外済み)
18:34:04 INFO     [src.ml.features] [SIMULATE] 特徴量生成 race_id=025012071910: 169 頭 × 46 特徴量 (リーク除外済み)
18:34:04 INFO     [src.ml.features] [SIMULATE] 特徴量生成 race_id=025082081604: 177 頭 × 46 特徴量 (リーク除外済み)
18:34:04 INFO     [src.ml.features] [SIMULATE] 特徴量生成 race_id=026032032106: 170 頭 × 46 特徴量 (リーク除外済み)
18:34:04 INFO     [src.ml.features] [SIMULATE] 特徴量生成 race_id=025012042009: 171 頭 × 46 特徴量 (リーク除外済み)
18:34:04 INFO     [src.ml.features] [SIMULATE] 特徴量生成 race_id=025092051805: 167 頭 × 46 特徴量 (リーク除外済み)
18:34:04 INFO     [src.ml.features] [SIMULATE] 特徴量生成 race_id=025092051808: 159 頭 × 46 特徴量 (リーク除外済み)
18:34:04 INFO     [src.ml.features] [SIMULATE] 特徴量生成 race_id=025012072003: 148 頭 × 46 特徴量 (リーク除外済み)
18:34:04 INFO     [src.ml.features] [SIMULATE] 特徴量生成 race_id=025012072010: 162 頭 × 46 特徴量 (リーク除外済み)
18:34:04 INFO     [src.ml.features] [SIMULATE] 特徴量生成 race_id=025082081704: 154 頭 × 46 特徴量 (リーク除外済み)
18:34:04 INFO     [src.ml.features] [SIMULATE] 特徴量生成 race_id=026032032206: 174 頭 × 46 特徴量 (リーク除外済み)
18:34:04 INFO     [src.ml.features] [SIMULATE] 特徴量生成 race_id=025062052405: 177 頭 × 46 特徴量 (リーク除外済み)
18:34:04 INFO     [src.ml.features] [SIMULATE] 特徴量生成 race_id=025062052408: 171 頭 × 46 特徴量 (リーク除外済み)
18:34:04 INFO     [src.ml.features] [SIMULATE] 特徴量生成 race_id=025062052505: 168 頭 × 46 特徴量 (リーク除外済み)
18:34:04 INFO     [src.ml.features] [SIMULATE] 特徴量生成 race_id=025062052508: 174 頭 × 46 特徴量 (リーク除外済み)
18:34:04 INFO     [src.ml.features] [SIMULATE] 特徴量生成 race_id=025022053105: 180 頭 × 46 特徴量 (リーク除外済み)
18:34:04 INFO     [src.ml.features] [SIMULATE] 特徴量生成 race_id=025022053108: 177 頭 × 46 特徴量 (リーク除外済み)
18:34:04 INFO     [src.ml.features] [SIMULATE] 特徴量生成 race_id=025022060105: 192 頭 × 46 特徴量 (リーク除外済み)
18:34:04 INFO     [src.ml.features] [SIMULATE] 特徴量生成 race_id=025022060108: 170 頭 × 46 特徴量 (リーク除外済み)
18:34:04 INFO     [src.ml.features] [SIMULATE] 特徴量生成 race_id=024052051430: 9 頭 × 46 特徴量 (リーク除外済み)
18:34:04 INFO     [src.ml.features] [SIMULATE] 特徴量生成 race_id=025052051430: 7 頭 × 46 特徴量 (リーク除外済み)
18:34:04 INFO     [src.ml.features] [SIMULATE] 特徴量生成 race_id=023012052054: 11 頭 × 46 特徴量 (リーク除外済み)
18:34:04 INFO     [src.ml.features] [SIMULATE] 特徴量生成 race_id=025062052535: 8 頭 × 46 特徴量 (リーク除外済み)
18:34:04 INFO     [src.ml.features] [SIMULATE] 特徴量生成 race_id=024042051344: 13 頭 × 46 特徴量 (リーク除外済み)
18:34:04 INFO     [src.ml.features] [SIMULATE] 特徴量生成 race_id=026082021751: 12 頭 × 46 特徴量 (リーク除外済み)
18:34:05 INFO     [src.ml.features] [SIMULATE] 特徴量生成 race_id=024092050847: 7 頭 × 46 特徴量 (リーク除外済み)
18:34:05 INFO     [src.ml.features] [SIMULATE] 特徴量生成 race_id=025012051055: 12 頭 × 46 特徴量 (リーク除外済み)
18:34:05 INFO     [src.ml.features] [SIMULATE] 特徴量生成 race_id=025002042950: 8 頭 × 46 特徴量 (リーク除外済み)
18:34:05 INFO     [src.ml.features] [SIMULATE] 特徴量生成 race_id=024072020651: 23 頭 × 46 特徴量 (リーク除外済み)
18:34:05 INFO     [src.ml.features] [SIMULATE] 特徴量生成 race_id=025092060836: 11 頭 × 46 特徴量 (リーク除外済み)
18:34:05 INFO     [src.ml.features] [SIMULATE] 特徴量生成 race_id=024082052743: 22 頭 × 46 特徴量 (リーク除外済み)
18:34:05 INFO     [src.ml.features] [SIMULATE] 特徴量生成 race_id=025042062342: 7 頭 × 46 特徴量 (リーク除外済み)
18:34:05 INFO     [src.ml.features] [SIMULATE] 特徴量生成 race_id=022012062043: 10 頭 × 46 特徴量 (リーク除外済み)
18:34:05 INFO     [src.ml.features] [SIMULATE] 特徴量生成 race_id=025032060243: 12 頭 × 46 特徴量 (リーク除外済み)
18:34:05 INFO     [src.ml.features] [SIMULATE] 特徴量生成 race_id=025002042947: 8 頭 × 46 特徴量 (リーク除外済み)
18:34:05 INFO     [src.ml.features] [SIMULATE] 特徴量生成 race_id=025062050546: 10 頭 × 46 特徴量 (リーク除外済み)
18:34:05 INFO     [src.ml.features] [SIMULATE] 特徴量生成 race_id=025092060705: 178 頭 × 46 特徴量 (リーク除外済み)
18:34:05 INFO     [src.ml.features] [SIMULATE] 特徴量生成 race_id=025092060709: 153 頭 × 46 特徴量 (リーク除外済み)
18:34:05 INFO     [src.ml.features] [SIMULATE] 特徴量生成 race_id=025082072607: 139 頭 × 46 特徴量 (リーク除外済み)
18:34:05 INFO     [src.ml.features] [SIMULATE] 特徴量生成 race_id=025052082304: 160 頭 × 46 特徴量 (リーク除外済み)
18:34:05 INFO     [src.ml.features] [SIMULATE] 特徴量生成 race_id=025162000408: 167 頭 × 46 特徴量 (リーク除外済み)
18:34:05 INFO     [src.ml.features] [SIMULATE] 特徴量生成 race_id=025102010803: 188 頭 × 46 特徴量 (リーク除外済み)
18:34:05 INFO     [src.ml.features] [SIMULATE] 特徴量生成 race_id=026002032806: 173 頭 × 46 特徴量 (リーク除外済み)
18:34:05 INFO     [src.ml.features] [SIMULATE] 特徴量生成 race_id=024012043050: 10 頭 × 46 特徴量 (リーク除外済み)
18:34:05 INFO     [src.ml.features] [SIMULATE] 特徴量生成 race_id=025062051530: 9 頭 × 46 特徴量 (リーク除外済み)
18:34:05 INFO     [src.ml.features] [SIMULATE] 特徴量生成 race_id=024082020751: 12 頭 × 46 特徴量 (リーク除外済み)
18:34:05 INFO     [src.ml.features] [SIMULATE] 特徴量生成 race_id=025092051854: 22 頭 × 46 特徴量 (リーク除外済み)
18:34:05 INFO     [src.ml.features] [SIMULATE] 特徴量生成 race_id=024012043046: 9 頭 × 46 特徴量 (リーク除外済み)
18:34:05 INFO     [src.ml.features] [SIMULATE] 特徴量生成 race_id=023062052547: 9 頭 × 46 特徴量 (リーク除外済み)
18:34:05 INFO     [src.ml.features] [SIMULATE] 特徴量生成 race_id=024002051954: 12 頭 × 46 特徴量 (リーク除外済み)
18:34:05 INFO     [src.ml.features] [SIMULATE] 特徴量生成 race_id=025052062442: 10 頭 × 46 特徴量 (リーク除外済み)
18:34:05 INFO     [src.ml.features] [SIMULATE] 特徴量生成 race_id=025002021951: 28 頭 × 46 特徴量 (リーク除外済み)
18:34:05 INFO     [src.ml.features] [SIMULATE] 特徴量生成 race_id=025072052635: 17 頭 × 46 特徴量 (リーク除外済み)
18:34:05 INFO     [src.ml.features] [SIMULATE] 特徴量生成 race_id=024032051255: 11 頭 × 46 特徴量 (リーク除外済み)
18:34:05 INFO     [src.ml.features] [SIMULATE] 特徴量生成 race_id=024022061145: 13 頭 × 46 特徴量 (リーク除外済み)
18:34:05 INFO     [src.ml.features] [SIMULATE] 特徴量生成 race_id=026092021851: 12 頭 × 46 特徴量 (リーク除外済み)
18:34:05 INFO     [src.ml.features] [SIMULATE] 特徴量生成 race_id=025002060936: 10 頭 × 46 特徴量 (リーク除外済み)
18:34:05 INFO     [src.ml.features] [SIMULATE] 特徴量生成 race_id=024052051444: 15 頭 × 46 特徴量 (リーク除外済み)
18:34:05 INFO     [src.ml.features] [SIMULATE] 特徴量生成 race_id=025042060343: 33 頭 × 46 特徴量 (リーク除外済み)
18:34:05 INFO     [src.ml.features] [SIMULATE] 特徴量生成 race_id=003062043050: 12 頭 × 46 特徴量 (リーク除外済み)
18:34:05 INFO     [src.ml.features] [SIMULATE] 特徴量生成 race_id=025092060805: 188 頭 × 46 特徴量 (リーク除外済み)
18:34:05 INFO     [src.ml.features] [SIMULATE] 特徴量生成 race_id=025092060809: 172 頭 × 46 特徴量 (リーク除外済み)
18:34:06 INFO     [src.ml.features] [SIMULATE] 特徴量生成 race_id=025082072707: 144 頭 × 46 特徴量 (リーク除外済み)
18:34:06 INFO     [src.ml.features] [SIMULATE] 特徴量生成 race_id=025052082404: 166 頭 × 46 特徴量 (リーク除外済み)
18:34:06 INFO     [src.ml.features] [SIMULATE] 特徴量生成 race_id=025162000508: 165 頭 × 46 特徴量 (リーク除外済み)
18:34:06 INFO     [src.ml.features] [SIMULATE] 特徴量生成 race_id=025102010903: 176 頭 × 46 特徴量 (リーク除外済み)
18:34:06 INFO     [src.ml.features] [SIMULATE] 特徴量生成 race_id=026002032906: 169 頭 × 46 特徴量 (リーク除外済み)
18:34:06 INFO     [src.ml.features] [SIMULATE] 特徴量生成 race_id=025082061745: 37 頭 × 46 特徴量 (リーク除外済み)
18:34:06 INFO     [src.ml.features] [SIMULATE] 特徴量生成 race_id=025012052044: 16 頭 × 46 特徴量 (リーク除外済み)
18:34:06 INFO     [src.ml.features] [SIMULATE] 特徴量生成 race_id=025072050648: 34 頭 × 46 特徴量 (リーク除外済み)
18:34:06 INFO     [src.ml.features] [SIMULATE] 特徴量生成 race_id=025012043050: 32 頭 × 46 特徴量 (リーク除外済み)
18:34:06 INFO     [src.ml.features] [SIMULATE] 特徴量生成 race_id=023092052854: 8 頭 × 46 特徴量 (リーク除外済み)
18:34:06 INFO     [src.ml.features] [SIMULATE] 特徴量生成 race_id=025092061845: 26 頭 × 46 特徴量 (リーク除外済み)
18:34:06 INFO     [src.ml.features] [SIMULATE] 特徴量生成 race_id=025012061036: 9 頭 × 46 特徴量 (リーク除外済み)
18:34:06 INFO     [src.ml.features] [SIMULATE] 特徴量生成 race_id=025022052130: 36 頭 × 46 特徴量 (リーク除外済み)
18:34:06 INFO     [src.ml.features] [SIMULATE] 特徴量生成 race_id=025022050150: 23 頭 × 46 特徴量 (リーク除外済み)
18:34:06 INFO     [src.ml.features] [SIMULATE] 特徴量生成 race_id=025052052454: 9 頭 × 46 特徴量 (リーク除外済み)
18:34:06 INFO     [src.ml.features] [SIMULATE] 特徴量生成 race_id=025082050748: 10 頭 × 46 特徴量 (リーク除外済み)
18:34:06 INFO     [src.ml.features] [SIMULATE] 特徴量生成 race_id=024062052554: 12 頭 × 46 特徴量 (リーク除外済み)
18:34:06 INFO     [src.ml.features] [SIMULATE] 特徴量生成 race_id=024032051047: 8 頭 × 46 特徴量 (リーク除外済み)
18:34:06 INFO     [src.ml.features] [SIMULATE] 特徴量生成 race_id=025022051146: 10 頭 × 46 特徴量 (リーク除外済み)
18:34:06 INFO     [src.ml.features] [SIMULATE] 特徴量生成 race_id=023052061445: 12 頭 × 46 特徴量 (リーク除外済み)
18:34:06 INFO     [src.ml.features] [SIMULATE] 特徴量生成 race_id=025022052144: 15 頭 × 46 特徴量 (リーク除外済み)
18:34:06 INFO     [src.ml.features] [SIMULATE] 特徴量生成 race_id=025022050147: 9 頭 × 46 特徴量 (リーク除外済み)
18:34:06 INFO     [src.ml.features] [SIMULATE] 特徴量生成 race_id=025012022051: 19 頭 × 46 特徴量 (リーク除外済み)
18:34:06 INFO     [src.ml.features] [SIMULATE] 特徴量生成 race_id=023092050855: 10 頭 × 46 特徴量 (リーク除外済み)
18:34:06 INFO     [src.ml.features] [SIMULATE] 特徴量生成 race_id=025082052735: 11 頭 × 46 特徴量 (リーク除外済み)
18:34:06 INFO     [src.ml.features] [SIMULATE] 特徴量生成 race_id=002032050150: 10 頭 × 46 特徴量 (リーク除外済み)
18:34:06 INFO     [src.ml.features] [SIMULATE] 特徴量生成 race_id=025052060443: 47 頭 × 46 特徴量 (リーク除外済み)
18:34:06 INFO     [src.ml.features] [SIMULATE] 特徴量生成 race_id=025142001108: 145 頭 × 46 特徴量 (リーク除外済み)
18:34:06 INFO     [src.ml.features] [SIMULATE] 特徴量生成 race_id=024042051355: 10 頭 × 46 特徴量 (リーク除外済み)
18:34:06 INFO     [src.ml.features] [SIMULATE] 特徴量生成 race_id=025062062542: 12 頭 × 46 特徴量 (リーク除外済み)
18:34:06 INFO     [src.ml.features] [SIMULATE] 特徴量生成 race_id=025072040506: 168 頭 × 46 特徴量 (リーク除外済み)
18:34:06 INFO     [src.ml.features] [SIMULATE] 特徴量生成 race_id=025062061405: 173 頭 × 46 特徴量 (リーク除外済み)
18:34:06 INFO     [src.ml.features] [SIMULATE] 特徴量生成 race_id=025062061409: 172 頭 × 46 特徴量 (リーク除外済み)
18:34:06 INFO     [src.ml.features] [SIMULATE] 特徴量生成 race_id=025042080207: 149 頭 × 46 特徴量 (リーク除外済み)
18:34:06 INFO     [src.ml.features] [SIMULATE] 特徴量生成 race_id=025012083004: 180 頭 × 46 特徴量 (リーク除外済み)
18:34:06 INFO     [src.ml.features] [SIMULATE] 特徴量生成 race_id=025172011503: 190 頭 × 46 特徴量 (リーク除外済み)
18:34:06 INFO     [src.ml.features] [SIMULATE] 特徴量生成 race_id=026062040406: 172 頭 × 46 特徴量 (リーク除外済み)
18:34:06 INFO     [src.ml.features] [SIMULATE] 特徴量生成 race_id=023052052444: 28 頭 × 46 特徴量 (リーク除外済み)
18:34:06 INFO     [src.ml.features] [SIMULATE] 特徴量生成 race_id=024062051544: 15 頭 × 46 特徴量 (リーク除外済み)
18:34:06 INFO     [src.ml.features] [SIMULATE] 特徴量生成 race_id=024092051855: 7 頭 × 46 特徴量 (リーク除外済み)
18:34:06 INFO     [src.ml.features] [SIMULATE] 特徴量生成 race_id=025032052230: 12 頭 × 46 特徴量 (リーク除外済み)
18:34:06 INFO     [src.ml.features] [SIMULATE] 特徴量生成 race_id=025032052244: 27 頭 × 46 特徴量 (リーク除外済み)
18:34:06 INFO     [src.ml.features] [SIMULATE] 特徴量生成 race_id=024072050250: 11 頭 × 46 特徴量 (リーク除外済み)
18:34:06 INFO     [src.ml.features] [SIMULATE] 特徴量生成 race_id=025032050247: 10 頭 × 46 特徴量 (リーク除外済み)
18:34:07 INFO     [src.ml.features] [SIMULATE] 特徴量生成 race_id=025082051755: 11 頭 × 46 特徴量 (リーク除外済み)
18:34:07 INFO     [src.ml.features] [SIMULATE] 特徴量生成 race_id=025092050848: 10 頭 × 46 特徴量 (リーク除外済み)
18:34:07 INFO     [src.ml.features] [SIMULATE] 特徴量生成 race_id=025062060543: 22 頭 × 46 特徴量 (リーク除外済み)
18:34:07 INFO     [src.ml.features] [SIMULATE] 特徴量生成 race_id=023032062243: 14 頭 × 46 特徴量 (リーク除外済み)
18:34:07 INFO     [src.ml.features] [SIMULATE] 特徴量生成 race_id=025002061945: 22 頭 × 46 特徴量 (リーク除外済み)
18:34:07 INFO     [src.ml.features] [SIMULATE] 特徴量生成 race_id=004072050450: 12 頭 × 46 特徴量 (リーク除外済み)
18:34:07 INFO     [src.ml.features] [SIMULATE] 特徴量生成 race_id=024012062042: 8 頭 × 46 特徴量 (リーク除外済み)
18:34:07 INFO     [src.ml.features] [SIMULATE] 特徴量生成 race_id=025072062642: 11 頭 × 46 特徴量 (リーク除外済み)
18:34:07 INFO     [src.ml.features] [SIMULATE] 特徴量生成 race_id=025022060135: 12 頭 × 46 特徴量 (リーク除外済み)
18:34:07 INFO     [src.ml.features] [SIMULATE] 特徴量生成 race_id=025052022451: 30 頭 × 46 特徴量 (リーク除外済み)
18:34:07 INFO     [src.ml.features] [SIMULATE] 特徴量生成 race_id=025072040606: 165 頭 × 46 特徴量 (リーク除外済み)
18:34:07 INFO     [src.ml.features] [SIMULATE] 特徴量生成 race_id=025062061505: 177 頭 × 46 特徴量 (リーク除外済み)
18:34:07 INFO     [src.ml.features] [SIMULATE] 特徴量生成 race_id=025062061509: 179 頭 × 46 特徴量 (リーク除外済み)
18:34:07 INFO     [src.ml.features] [SIMULATE] 特徴量生成 race_id=025042080307: 155 頭 × 46 特徴量 (リーク除外済み)
18:34:07 INFO     [src.ml.features] [SIMULATE] 特徴量生成 race_id=025012083104: 168 頭 × 46 特徴量 (リーク除外済み)
18:34:07 INFO     [src.ml.features] [SIMULATE] 特徴量生成 race_id=025142001208: 150 頭 × 46 特徴量 (リーク除外済み)
18:34:07 INFO     [src.ml.features] [SIMULATE] 特徴量生成 race_id=025172011603: 177 頭 × 46 特徴量 (リーク除外済み)
18:34:07 INFO     [src.ml.features] [SIMULATE] 特徴量生成 race_id=026062040506: 176 頭 × 46 特徴量 (リーク除外済み)
18:34:07 INFO     [src.ml.features] [SIMULATE] 特徴量生成 race_id=026062022551: 12 頭 × 46 特徴量 (リーク除外済み)
18:34:07 INFO     [src.ml.features] [SIMULATE] 特徴量生成 race_id=023062061545: 12 頭 × 46 特徴量 (リーク除外済み)
18:34:07 INFO     [src.ml.features] [SIMULATE] 特徴量生成 race_id=025072060643: 16 頭 × 46 特徴量 (リーク除外済み)
18:34:07 INFO     [src.ml.features] [SIMULATE] 特徴量生成 race_id=025082062742: 18 頭 × 46 特徴量 (リーク除外済み)
18:34:07 INFO     [src.ml.features] [SIMULATE] 特徴量生成 race_id=025092051855: 21 頭 × 46 特徴量 (リーク除外済み)
18:34:07 INFO     [src.ml.features] [SIMULATE] 特徴量生成 race_id=025012053154: 12 頭 × 46 特徴量 (リーク除外済み)
18:34:07 INFO     [src.ml.features] [SIMULATE] 特徴量生成 race_id=024092070835: 11 頭 × 46 特徴量 (リーク除外済み)
18:34:07 INFO     [src.ml.features] [SIMULATE] 特徴量生成 race_id=025002050948: 10 頭 × 46 特徴量 (リーク除外済み)
18:34:07 INFO     [src.ml.features] [SIMULATE] 特徴量生成 race_id=025042052344: 12 頭 × 46 特徴量 (リーク除外済み)
18:34:07 INFO     [src.ml.features] [SIMULATE] 特徴量生成 race_id=025062022551: 9 頭 × 46 特徴量 (リーク除外済み)
18:34:07 INFO     [src.ml.features] [SIMULATE] 特徴量生成 race_id=001022050250: 11 頭 × 46 特徴量 (リーク除外済み)
18:34:07 INFO     [src.ml.features] [SIMULATE] 特徴量生成 race_id=025012062045: 16 頭 × 46 特徴量 (リーク除外済み)
18:34:07 INFO     [src.ml.features] [SIMULATE] 特徴量生成 race_id=024052061445: 12 頭 × 46 特徴量 (リーク除外済み)
18:34:07 INFO     [src.ml.features] [SIMULATE] 特徴量生成 race_id=025042041206: 164 頭 × 46 特徴量 (リーク除外済み)
18:34:07 INFO     [src.ml.features] [SIMULATE] 特徴量生成 race_id=025032062105: 174 頭 × 46 特徴量 (リーク除外済み)
18:34:07 INFO     [src.ml.features] [SIMULATE] 特徴量生成 race_id=025032062109: 165 頭 × 46 特徴量 (リーク除外済み)
18:34:07 INFO     [src.ml.features] [SIMULATE] 特徴量生成 race_id=025012080907: 151 頭 × 46 特徴量 (リーク除外済み)
18:34:07 INFO     [src.ml.features] [SIMULATE] 特徴量生成 race_id=025152012203: 184 頭 × 46 特徴量 (リーク除外済み)
18:34:07 INFO     [src.ml.features] [SIMULATE] 特徴量生成 race_id=025142001308: 157 頭 × 46 特徴量 (リーク除外済み)
18:34:07 INFO     [src.ml.features] [SIMULATE] 特徴量生成 race_id=024032060254: 22 頭 × 46 特徴量 (リーク除外済み)
18:34:07 INFO     [src.ml.features] [SIMULATE] 特徴量生成 race_id=025022060154: 9 頭 × 46 特徴量 (リーク除外済み)
18:34:07 INFO     [src.ml.features] [SIMULATE] 特徴量生成 race_id=024052052447: 8 頭 × 46 特徴量 (リーク除外済み)
18:34:07 INFO     [src.ml.features] [SIMULATE] 特徴量生成 race_id=019072071535: 14 頭 × 46 特徴量 (リーク除外済み)
18:34:07 INFO     [src.ml.features] [SIMULATE] 特徴量生成 race_id=023022061154: 8 頭 × 46 特徴量 (リーク除外済み)
18:34:07 INFO     [src.ml.features] [SIMULATE] 特徴量生成 race_id=025102001808: 135 頭 × 46 特徴量 (リーク除外済み)
18:34:07 INFO     [src.ml.features] [SIMULATE] 特徴量生成 race_id=025042041306: 171 頭 × 46 特徴量 (リーク除外済み)
18:34:07 INFO     [src.ml.features] [SIMULATE] 特徴量生成 race_id=025032062205: 185 頭 × 46 特徴量 (リーク除外済み)
18:34:07 INFO     [src.ml.features] [SIMULATE] 特徴量生成 race_id=025032062209: 168 頭 × 46 特徴量 (リーク除外済み)
18:34:08 INFO     [src.ml.features] [SIMULATE] 特徴量生成 race_id=025012081007: 164 頭 × 46 特徴量 (リーク除外済み)
18:34:08 INFO     [src.ml.features] [SIMULATE] 特徴量生成 race_id=025152012403: 187 頭 × 46 特徴量 (リーク除外済み)
18:34:08 INFO     [src.ml.features] [SIMULATE] 特徴量生成 race_id=025012041906: 163 頭 × 46 特徴量 (リーク除外済み)
18:34:08 INFO     [src.ml.features] [SIMULATE] 特徴量生成 race_id=025082081607: 150 頭 × 46 特徴量 (リーク除外済み)
18:34:08 INFO     [src.ml.features] [SIMULATE] 特徴量生成 race_id=025102001908: 147 頭 × 46 特徴量 (リーク除外済み)
18:34:08 INFO     [src.ml.features] [SIMULATE] 特徴量生成 race_id=025172002508: 147 頭 × 46 特徴量 (リーク除外済み)
18:34:08 INFO     [src.ml.features] [SIMULATE] 特徴量生成 race_id=025012042006: 175 頭 × 46 特徴量 (リーク除外済み)
18:34:08 INFO     [src.ml.features] [SIMULATE] 特徴量生成 race_id=025082081707: 160 頭 × 46 特徴量 (リーク除外済み)
18:34:08 INFO     [src.ml.features] [SIMULATE] 特徴量生成 race_id=025172002608: 148 頭 × 46 特徴量 (リーク除外済み)
18:34:08 INFO     [src.ml.features] [SIMULATE] 特徴量生成 race_id=025132010108: 153 頭 × 46 特徴量 (リーク除外済み)
18:34:08 INFO     [src.ml.features] [SIMULATE] 特徴量生成 race_id=025132010208: 166 頭 × 46 特徴量 (リーク除外済み)
18:34:08 INFO     [src.ml.features] [SIMULATE] 特徴量生成 race_id=025042051347: 16 頭 × 46 特徴量 (リーク除外済み)
18:34:08 INFO     [src.ml.features] [SIMULATE] 特徴量生成 race_id=025022072142: 9 頭 × 46 特徴量 (リーク除外済み)
18:34:08 INFO     [src.ml.features] [SIMULATE] 特徴量生成 race_id=025012063043: 5 頭 × 46 特徴量 (リーク除外済み)
18:34:08 INFO     [src.ml.features] [SIMULATE] 特徴量生成 race_id=025062050550: 31 頭 × 46 特徴量 (リーク除外済み)
18:34:08 INFO     [src.ml.features] [SIMULATE] 特徴量生成 race_id=025082052730: 9 頭 × 46 特徴量 (リーク除外済み)
18:34:08 INFO     [src.ml.features] [SIMULATE] 特徴量生成 race_id=025052052455: 11 頭 × 46 特徴量 (リーク除外済み)
18:34:08 INFO     [src.ml.features] [SIMULATE] 特徴量生成 race_id=025072022651: 7 頭 × 46 特徴量 (リーク除外済み)
18:34:08 INFO     [src.ml.features] [SIMULATE] 特徴量生成 race_id=024022070145: 9 頭 × 46 特徴量 (リーク除外済み)
18:34:08 INFO     [src.ml.features] [SIMULATE] 特徴量生成 race_id=024062052555: 12 頭 × 46 特徴量 (リーク除外済み)
18:34:08 INFO     [src.ml.features] [SIMULATE] 特徴量生成 race_id=025082070745: 24 頭 × 46 特徴量 (リーク除外済み)
18:34:08 INFO     [src.ml.features] [SIMULATE] 特徴量生成 race_id=024062051548: 10 頭 × 46 特徴量 (リーク除外済み)
18:34:08 INFO     [src.ml.features] [SIMULATE] 特徴量生成 race_id=025032062236: 31 頭 × 46 特徴量 (リーク除外済み)
18:34:08 INFO     [src.ml.features] [SIMULATE] 特徴量生成 race_id=023042070345: 9 頭 × 46 特徴量 (リーク除外済み)
18:34:08 INFO     [src.ml.features] [SIMULATE] 特徴量生成 race_id=023012062047: 10 頭 × 46 特徴量 (リーク除外済み)
18:34:08 INFO     [src.ml.features] [SIMULATE] 特徴量生成 race_id=020042051350: 12 頭 × 46 特徴量 (リーク除外済み)
18:34:08 INFO     [src.ml.features] [SIMULATE] 特徴量生成 race_id=022052070445: 10 頭 × 46 特徴量 (リーク除外済み)
18:34:08 INFO     [src.ml.features] [SIMULATE] 特徴量生成 race_id=023082071742: 10 頭 × 46 特徴量 (リーク除外済み)
18:34:08 INFO     [src.ml.features] [SIMULATE] 特徴量生成 race_id=025012052048: 35 頭 × 46 特徴量 (リーク除外済み)
18:34:08 INFO     [src.ml.features] [SIMULATE] 特徴量生成 race_id=022032072243: 9 頭 × 46 特徴量 (リーク除外済み)
18:34:08 INFO     [src.ml.features] [SIMULATE] 特徴量生成 race_id=025052082307: 137 頭 × 46 特徴量 (リーク除外済み)
18:34:08 INFO     [src.ml.features] [SIMULATE] 特徴量生成 race_id=025082090606: 155 頭 × 46 特徴量 (リーク除外済み)
18:34:08 INFO     [src.ml.features] [SIMULATE] 特徴量生成 race_id=025082090609: 142 頭 × 46 特徴量 (リーク除外済み)
18:34:08 INFO     [src.ml.features] [SIMULATE] 特徴量生成 race_id=025162000405: 172 頭 × 46 特徴量 (リーク除外済み)
18:34:08 INFO     [src.ml.features] [SIMULATE] 特徴量生成 race_id=025102001804: 188 頭 × 46 特徴量 (リーク除外済み)
18:34:08 INFO     [src.ml.features] [SIMULATE] 特徴量生成 race_id=025102010808: 153 頭 × 46 特徴量 (リーク除外済み)
18:34:08 INFO     [src.ml.features] [SIMULATE] 特徴量生成 race_id=025072070635: 12 頭 × 46 特徴量 (リーク除外済み)
18:34:08 INFO     [src.ml.features] [SIMULATE] 特徴量生成 race_id=024012022051: 9 頭 × 46 特徴量 (リーク除外済み)
18:34:08 INFO     [src.ml.features] [SIMULATE] 特徴量生成 race_id=024002060954: 11 頭 × 46 特徴量 (リーク除外済み)
18:34:08 INFO     [src.ml.features] [SIMULATE] 特徴量生成 race_id=025092060854: 19 頭 × 46 特徴量 (リーク除外済み)
18:34:08 INFO     [src.ml.features] [SIMULATE] 特徴量生成 race_id=025042070343: 35 頭 × 46 特徴量 (リーク除外済み)
18:34:08 INFO     [src.ml.features] [SIMULATE] 特徴量生成 race_id=025092052830: 51 頭 × 46 特徴量 (リーク除外済み)
18:34:08 INFO     [src.ml.features] [SIMULATE] 特徴量生成 race_id=025042062336: 8 頭 × 46 特徴量 (リーク除外済み)
18:34:08 INFO     [src.ml.features] [SIMULATE] 特徴量生成 race_id=021072052630: 8 頭 × 46 特徴量 (リーク除外済み)
18:34:08 INFO     [src.ml.features] [SIMULATE] 特徴量生成 race_id=025082070735: 6 頭 × 46 特徴量 (リーク除外済み)
18:34:08 INFO     [src.ml.features] [SIMULATE] 特徴量生成 race_id=023072060644: 10 頭 × 46 特徴量 (リーク除外済み)
18:34:08 INFO     [src.ml.features] [SIMULATE] 特徴量生成 race_id=025012052046: 9 頭 × 46 特徴量 (リーク除外済み)
18:34:08 INFO     [src.ml.features] [SIMULATE] 特徴量生成 race_id=025062052555: 11 頭 × 46 特徴量 (リーク除外済み)
18:34:08 INFO     [src.ml.features] [SIMULATE] 特徴量生成 race_id=025072050650: 29 頭 × 46 特徴量 (リーク除外済み)
18:34:09 INFO     [src.ml.features] [SIMULATE] 特徴量生成 race_id=025032072242: 20 頭 × 46 特徴量 (リーク除外済み)
18:34:09 INFO     [src.ml.features] [SIMULATE] 特徴量生成 race_id=025052051447: 18 頭 × 46 特徴量 (リーク除外済み)
18:34:09 INFO     [src.ml.features] [SIMULATE] 特徴量生成 race_id=024052060444: 14 頭 × 46 特徴量 (リーク除外済み)
18:34:09 INFO     [src.ml.features] [SIMULATE] 特徴量生成 race_id=025092070845: 43 頭 × 46 特徴量 (リーク除外済み)
18:34:09 INFO     [src.ml.features] [SIMULATE] 特徴量生成 race_id=024062060547: 20 頭 × 46 特徴量 (リーク除外済み)
18:34:09 INFO     [src.ml.features] [SIMULATE] 特徴量生成 race_id=024002050950: 20 頭 × 46 特徴量 (リーク除外済み)
18:34:09 INFO     [src.ml.features] [SIMULATE] 特徴量生成 race_id=025052082407: 148 頭 × 46 特徴量 (リーク除外済み)
18:34:09 INFO     [src.ml.features] [SIMULATE] 特徴量生成 race_id=025082090706: 171 頭 × 46 特徴量 (リーク除外済み)
18:34:09 INFO     [src.ml.features] [SIMULATE] 特徴量生成 race_id=025082090709: 134 頭 × 46 特徴量 (リーク除外済み)
18:34:09 INFO     [src.ml.features] [SIMULATE] 特徴量生成 race_id=025162000505: 182 頭 × 46 特徴量 (リーク除外済み)
18:34:09 INFO     [src.ml.features] [SIMULATE] 特徴量生成 race_id=025102001904: 185 頭 × 46 特徴量 (リーク除外済み)
18:34:09 INFO     [src.ml.features] [SIMULATE] 特徴量生成 race_id=025102010908: 147 頭 × 46 特徴量 (リーク除外済み)
18:34:09 INFO     [src.ml.features] [SIMULATE] 特徴量生成 race_id=025012061044: 14 頭 × 46 特徴量 (リーク除外済み)
18:34:09 INFO     [src.ml.features] [SIMULATE] 特徴量生成 race_id=025022052148: 24 頭 × 46 特徴量 (リーク除外済み)
18:34:09 INFO     [src.ml.features] [SIMULATE] 特徴量生成 race_id=026052030451: 12 頭 × 46 特徴量 (リーク除外済み)
18:34:09 INFO     [src.ml.features] [SIMULATE] 特徴量生成 race_id=024092062843: 13 頭 × 46 特徴量 (リーク除外済み)
18:34:09 INFO     [src.ml.features] [SIMULATE] 特徴量生成 race_id=025072070443: 6 頭 × 46 特徴量 (リーク除外済み)
18:34:09 INFO     [src.ml.features] [SIMULATE] 特徴量生成 race_id=025082050750: 21 頭 × 46 特徴量 (リーク除外済み)
18:34:09 INFO     [src.ml.features] [SIMULATE] 特徴量生成 race_id=025002052930: 16 頭 × 46 特徴量 (リーク除外済み)
18:34:09 INFO     [src.ml.features] [SIMULATE] 特徴量生成 race_id=025032052248: 36 頭 × 46 特徴量 (リーク除外済み)
18:34:09 INFO     [src.ml.features] [SIMULATE] 特徴量生成 race_id=025062051547: 39 頭 × 46 特徴量 (リーク除外済み)
18:34:09 INFO     [src.ml.features] [SIMULATE] 特徴量生成 race_id=025092070835: 12 頭 × 46 特徴量 (リーク除外済み)
18:34:09 INFO     [src.ml.features] [SIMULATE] 特徴量生成 race_id=025052062436: 10 頭 × 46 特徴量 (リーク除外済み)
18:34:09 INFO     [src.ml.features] [SIMULATE] 特徴量生成 race_id=024062060544: 28 頭 × 46 特徴量 (リーク除外済み)
18:34:09 INFO     [src.ml.features] [SIMULATE] 特徴量生成 race_id=024072060647: 10 頭 × 46 特徴量 (リーク除外済み)
18:34:09 INFO     [src.ml.features] [SIMULATE] 特徴量生成 race_id=025022061144: 16 頭 × 46 特徴量 (リーク除外済み)
18:34:09 INFO     [src.ml.features] [SIMULATE] 特徴量生成 race_id=025002070945: 10 頭 × 46 特徴量 (リーク除外済み)
18:34:09 INFO     [src.ml.features] [SIMULATE] 特徴量生成 race_id=025012083007: 156 頭 × 46 特徴量 (リーク除外済み)
18:34:09 INFO     [src.ml.features] [SIMULATE] 特徴量生成 race_id=025062091306: 156 頭 × 46 特徴量 (リーク除外済み)
18:34:09 INFO     [src.ml.features] [SIMULATE] 特徴量生成 race_id=025062091309: 141 頭 × 46 特徴量 (リーク除外済み)
18:34:09 INFO     [src.ml.features] [SIMULATE] 特徴量生成 race_id=025142001105: 158 頭 × 46 特徴量 (リーク除外済み)
18:34:09 INFO     [src.ml.features] [SIMULATE] 特徴量生成 race_id=025172002504: 183 頭 × 46 特徴量 (リーク除外済み)
18:34:09 INFO     [src.ml.features] [SIMULATE] 特徴量生成 race_id=025172011508: 158 頭 × 46 特徴量 (リーク除外済み)
18:34:09 INFO     [src.ml.features] [SIMULATE] 特徴量生成 race_id=024082052755: 8 頭 × 46 特徴量 (リーク除外済み)
18:34:09 INFO     [src.ml.features] [SIMULATE] 特徴量生成 race_id=025072052646: 10 頭 × 46 特徴量 (リーク除外済み)
18:34:09 INFO     [src.ml.features] [SIMULATE] 特徴量生成 race_id=025052030451: 38 頭 × 46 特徴量 (リーク除外済み)
18:34:09 INFO     [src.ml.features] [SIMULATE] 特徴量生成 race_id=024082051748: 11 頭 × 46 特徴量 (リーク除外済み)
18:34:09 INFO     [src.ml.features] [SIMULATE] 特徴量生成 race_id=025072070543: 7 頭 × 46 特徴量 (リーク除外済み)
18:34:09 INFO     [src.ml.features] [SIMULATE] 特徴量生成 race_id=025012053155: 22 頭 × 46 特徴量 (リーク除外済み)
18:34:09 INFO     [src.ml.features] [SIMULATE] 特徴量生成 race_id=024072061654: 10 頭 × 46 特徴量 (リーク除外済み)
18:34:09 INFO     [src.ml.features] [SIMULATE] 特徴量生成 race_id=024062051550: 21 頭 × 46 特徴量 (リーク除外済み)
18:34:09 INFO     [src.ml.features] [SIMULATE] 特徴量生成 race_id=024062022351: 15 頭 × 46 特徴量 (リーク除外済み)
18:34:09 INFO     [src.ml.features] [SIMULATE] 特徴量生成 race_id=025012071045: 33 頭 × 46 特徴量 (リーク除外済み)
18:34:09 INFO     [src.ml.features] [SIMULATE] 特徴量生成 race_id=025042052348: 24 頭 × 46 特徴量 (リーク除外済み)
18:34:09 INFO     [src.ml.features] [SIMULATE] 特徴量生成 race_id=023062062554: 11 頭 × 46 特徴量 (リーク除外済み)
18:34:09 INFO     [src.ml.features] [SIMULATE] 特徴量生成 race_id=025062030551: 21 頭 × 46 特徴量 (リーク除外済み)
18:34:09 INFO     [src.ml.features] [SIMULATE] 特徴量生成 race_id=025092050850: 60 頭 × 46 特徴量 (リーク除外済み)
18:34:09 INFO     [src.ml.features] [SIMULATE] 特徴量生成 race_id=024072060644: 15 頭 × 46 特徴量 (リーク除外済み)
18:34:09 INFO     [src.ml.features] [SIMULATE] 特徴量生成 race_id=025052072442: 21 頭 × 46 特徴量 (リーク除外済み)
18:34:10 INFO     [src.ml.features] [SIMULATE] 特徴量生成 race_id=024002062943: 13 頭 × 46 特徴量 (リーク除外済み)
18:34:10 INFO     [src.ml.features] [SIMULATE] 特徴量生成 race_id=025062061554: 12 頭 × 46 特徴量 (リーク除外済み)
18:34:10 INFO     [src.ml.features] [SIMULATE] 特徴量生成 race_id=025012083107: 164 頭 × 46 特徴量 (リーク除外済み)
18:34:10 INFO     [src.ml.features] [SIMULATE] 特徴量生成 race_id=025062091406: 165 頭 × 46 特徴量 (リーク除外済み)
18:34:10 INFO     [src.ml.features] [SIMULATE] 特徴量生成 race_id=025062091409: 155 頭 × 46 特徴量 (リーク除外済み)
18:34:10 INFO     [src.ml.features] [SIMULATE] 特徴量生成 race_id=025142001205: 170 頭 × 46 特徴量 (リーク除外済み)
18:34:10 INFO     [src.ml.features] [SIMULATE] 特徴量生成 race_id=025172002604: 169 頭 × 46 特徴量 (リーク除外済み)
18:34:10 INFO     [src.ml.features] [SIMULATE] 特徴量生成 race_id=025172011608: 161 頭 × 46 特徴量 (リーク除外済み)
18:34:10 INFO     [src.ml.features] [SIMULATE] 特徴量生成 race_id=024052070445: 12 頭 × 46 特徴量 (リーク除外済み)
18:34:10 INFO     [src.ml.features] [SIMULATE] 特徴量生成 race_id=024082060747: 7 頭 × 46 特徴量 (リーク除外済み)
18:34:10 INFO     [src.ml.features] [SIMULATE] 特徴量生成 race_id=023022070154: 10 頭 × 46 特徴量 (リーク除外済み)
18:34:10 INFO     [src.ml.features] [SIMULATE] 特徴量生成 race_id=025062060530: 35 頭 × 46 特徴量 (リーク除外済み)
18:34:10 INFO     [src.ml.features] [SIMULATE] 特徴量生成 race_id=022082052744: 10 頭 × 46 特徴量 (リーク除外済み)
18:34:10 INFO     [src.ml.features] [SIMULATE] 特徴量生成 race_id=025062072542: 12 頭 × 46 特徴量 (リーク除外済み)
18:34:10 INFO     [src.ml.features] [SIMULATE] 特徴量生成 race_id=024012063043: 19 頭 × 46 特徴量 (リーク除外済み)
18:34:10 INFO     [src.ml.features] [SIMULATE] 特徴量生成 race_id=023002060944: 20 頭 × 46 特徴量 (リーク除外済み)
18:34:10 INFO     [src.ml.features] [SIMULATE] 特徴量生成 race_id=025022071145: 7 頭 × 46 特徴量 (リーク除外済み)
18:34:10 INFO     [src.ml.features] [SIMULATE] 特徴量生成 race_id=023082070745: 5 頭 × 46 特徴量 (リーク除外済み)
18:34:10 INFO     [src.ml.features] [SIMULATE] 特徴量生成 race_id=025072030651: 10 頭 × 46 特徴量 (リーク除外済み)
18:34:10 INFO     [src.ml.features] [SIMULATE] 特徴量生成 race_id=025072070643: 20 頭 × 46 特徴量 (リーク除外済み)
18:34:10 INFO     [src.ml.features] [SIMULATE] 特徴量生成 race_id=024082022751: 8 頭 × 46 特徴量 (リーク除外済み)
18:34:10 INFO     [src.ml.features] [SIMULATE] 特徴量生成 race_id=023062072543: 12 頭 × 46 特徴量 (リーク除外済み)
18:34:10 INFO     [src.ml.features] [SIMULATE] 特徴量生成 race_id=024072060630: 20 頭 × 46 特徴量 (リーク除外済み)
18:34:10 INFO     [src.ml.features] [SIMULATE] 特徴量生成 race_id=021002070945: 13 頭 × 46 特徴量 (リーク除外済み)
18:34:10 INFO     [src.ml.features] [SIMULATE] 特徴量生成 race_id=024062070545: 7 頭 × 46 特徴量 (リーク除外済み)
18:34:10 INFO     [src.ml.features] [SIMULATE] 特徴量生成 race_id=025042061344: 27 頭 × 46 特徴量 (リーク除外済み)
18:34:10 INFO     [src.ml.features] [SIMULATE] 特徴量生成 race_id=025152012208: 179 頭 × 46 特徴量 (リーク除外済み)
18:34:10 INFO     [src.ml.features] [SIMULATE] 特徴量生成 race_id=025062091506: 160 頭 × 46 特徴量 (リーク除外済み)
18:34:10 INFO     [src.ml.features] [SIMULATE] 特徴量生成 race_id=025062091509: 136 頭 × 46 特徴量 (リーク除外済み)
18:34:10 INFO     [src.ml.features] [SIMULATE] 特徴量生成 race_id=025142001305: 167 頭 × 46 特徴量 (リーク除外済み)
18:34:10 INFO     [src.ml.features] [SIMULATE] 特徴量生成 race_id=025052071435: 12 頭 × 46 特徴量 (リーク除外済み)
18:34:10 INFO     [src.ml.features] [SIMULATE] 特徴量生成 race_id=025062071535: 23 頭 × 46 特徴量 (リーク除外済み)
18:34:10 INFO     [src.ml.features] [SIMULATE] 特徴量生成 race_id=024042062354: 10 頭 × 46 特徴量 (リーク除外済み)
18:34:10 INFO     [src.ml.features] [SIMULATE] 特徴量生成 race_id=025032062254: 23 頭 × 46 特徴量 (リーク除外済み)
18:34:10 INFO     [src.ml.features] [SIMULATE] 特徴量生成 race_id=022042070354: 12 頭 × 46 特徴量 (リーク除外済み)
18:34:10 INFO     [src.ml.features] [SIMULATE] 特徴量生成 race_id=024002051750: 9 頭 × 46 特徴量 (リーク除外済み)
18:34:10 INFO     [src.ml.features] [SIMULATE] 特徴量生成 race_id=017052071735: 14 頭 × 46 特徴量 (リーク除外済み)
18:34:10 INFO     [src.ml.features] [SIMULATE] 特徴量生成 race_id=018062071635: 14 頭 × 46 特徴量 (リーク除外済み)
18:34:10 INFO     [src.ml.features] [SIMULATE] 特徴量生成 race_id=025022092006: 168 頭 × 46 特徴量 (リーク除外済み)
18:34:10 INFO     [src.ml.features] [SIMULATE] 特徴量生成 race_id=025022092009: 140 頭 × 46 特徴量 (リーク除外済み)
18:34:10 INFO     [src.ml.features] [SIMULATE] 特徴量生成 race_id=025102001805: 153 頭 × 46 特徴量 (リーク除外済み)
18:34:10 INFO     [src.ml.features] [SIMULATE] 特徴量生成 race_id=025152012308: 170 頭 × 46 特徴量 (リーク除外済み)
18:34:10 INFO     [src.ml.features] [SIMULATE] 特徴量生成 race_id=025112012908: 159 頭 × 46 特徴量 (リーク除外済み)
18:34:11 INFO     [src.ml.features] [SIMULATE] 特徴量生成 race_id=025022092106: 168 頭 × 46 特徴量 (リーク除外済み)
18:34:11 INFO     [src.ml.features] [SIMULATE] 特徴量生成 race_id=025022092109: 134 頭 × 46 特徴量 (リーク除外済み)
18:34:11 INFO     [src.ml.features] [SIMULATE] 特徴量生成 race_id=025102001905: 158 頭 × 46 特徴量 (リーク除外済み)
18:34:11 INFO     [src.ml.features] [SIMULATE] 特徴量生成 race_id=025092092706: 180 頭 × 46 特徴量 (リーク除外済み)
18:34:11 INFO     [src.ml.features] [SIMULATE] 特徴量生成 race_id=025092092709: 162 頭 × 46 特徴量 (リーク除外済み)
18:34:11 INFO     [src.ml.features] [SIMULATE] 特徴量生成 race_id=025172002505: 150 頭 × 46 特徴量 (リーク除外済み)
18:34:11 INFO     [src.ml.features] [SIMULATE] 特徴量生成 race_id=025112013008: 161 頭 × 46 特徴量 (リーク除外済み)
18:34:11 INFO     [src.ml.features] [SIMULATE] 特徴量生成 race_id=025092092806: 178 頭 × 46 特徴量 (リーク除外済み)
18:34:11 INFO     [src.ml.features] [SIMULATE] 特徴量生成 race_id=025092092809: 168 頭 × 46 特徴量 (リーク除外済み)
18:34:11 INFO     [src.ml.features] [SIMULATE] 特徴量生成 race_id=025172002605: 167 頭 × 46 特徴量 (リーク除外済み)
18:34:11 INFO     [src.ml.features] [SIMULATE] 特徴量生成 race_id=025132010105: 164 頭 × 46 特徴量 (リーク除外済み)
18:34:11 INFO     [src.ml.features] [SIMULATE] 特徴量生成 race_id=025132010205: 147 頭 × 46 特徴量 (リーク除外済み)
18:34:11 INFO     [src.ml.features] [SIMULATE] 特徴量生成 race_id=025002052947: 40 頭 × 46 特徴量 (リーク除外済み)
18:34:11 INFO     [src.ml.features] [SIMULATE] 特徴量生成 race_id=025092072843: 13 頭 × 46 特徴量 (リーク除外済み)
18:34:11 INFO     [src.ml.features] [SIMULATE] 特徴量生成 race_id=025062081542: 9 頭 × 46 特徴量 (リーク除外済み)
18:34:11 INFO     [src.ml.features] [SIMULATE] 特徴量生成 race_id=025052051450: 17 頭 × 46 特徴量 (リーク除外済み)
18:34:11 INFO     [src.ml.features] [SIMULATE] 特徴量生成 race_id=025012061030: 9 頭 × 46 特徴量 (リーク除外済み)
18:34:11 INFO     [src.ml.features] [SIMULATE] 特徴量生成 race_id=024052062444: 17 頭 × 46 特徴量 (リーク除外済み)
18:34:11 INFO     [src.ml.features] [SIMULATE] 特徴量生成 race_id=025052080445: 23 頭 × 46 特徴量 (リーク除外済み)
18:34:11 INFO     [src.ml.features] [SIMULATE] 特徴量生成 race_id=023072062644: 9 頭 × 46 特徴量 (リーク除外済み)
18:34:11 INFO     [src.ml.features] [SIMULATE] 特徴量生成 race_id=024032052250: 21 頭 × 46 特徴量 (リーク除外済み)
18:34:11 INFO     [src.ml.features] [SIMULATE] 特徴量生成 race_id=024042072345: 10 頭 × 46 特徴量 (リーク除外済み)
18:34:11 INFO     [src.ml.features] [SIMULATE] 特徴量生成 race_id=023042061330: 7 頭 × 46 特徴量 (リーク除外済み)
18:34:11 INFO     [src.ml.features] [SIMULATE] 特徴量生成 race_id=025042060348: 12 頭 × 46 特徴量 (リーク除外済み)
18:34:11 INFO     [src.ml.features] [SIMULATE] 特徴量生成 race_id=024092071843: 14 頭 × 46 特徴量 (リーク除外済み)
18:34:11 INFO     [src.ml.features] [SIMULATE] 特徴量生成 race_id=025102010805: 163 頭 × 46 特徴量 (リーク除外済み)
18:34:11 INFO     [src.ml.features] [SIMULATE] 特徴量生成 race_id=025182020606: 174 頭 × 46 特徴量 (リーク除外済み)
18:34:11 INFO     [src.ml.features] [SIMULATE] 特徴量生成 race_id=025182020607: 175 頭 × 46 特徴量 (リーク除外済み)
18:34:11 INFO     [src.ml.features] [SIMULATE] 特徴量生成 race_id=025182020609: 161 頭 × 46 特徴量 (リーク除外済み)
18:34:11 INFO     [src.ml.features] [SIMULATE] 特徴量生成 race_id=024082052746: 10 頭 × 46 特徴量 (リーク除外済み)
18:34:11 INFO     [src.ml.features] [SIMULATE] 特徴量生成 race_id=025002062954: 10 頭 × 46 特徴量 (リーク除外済み)
18:34:11 INFO     [src.ml.features] [SIMULATE] 特徴量生成 race_id=024012063054: 11 頭 × 46 特徴量 (リーク除外済み)
18:34:11 INFO     [src.ml.features] [SIMULATE] 特徴量生成 race_id=024002090936: 11 頭 × 46 特徴量 (リーク除外済み)
18:34:11 INFO     [src.ml.features] [SIMULATE] 特徴量生成 race_id=024002071943: 20 頭 × 46 特徴量 (リーク除外済み)
18:34:11 INFO     [src.ml.features] [SIMULATE] 特徴量生成 race_id=025062080545: 8 頭 × 46 特徴量 (リーク除外済み)
18:34:11 INFO     [src.ml.features] [SIMULATE] 特徴量生成 race_id=025002072943: 6 頭 × 46 特徴量 (リーク除外済み)
18:34:11 INFO     [src.ml.features] [SIMULATE] 特徴量生成 race_id=025012053047: 20 頭 × 46 特徴量 (リーク除外済み)
18:34:11 INFO     [src.ml.features] [SIMULATE] 特徴量生成 race_id=023002070954: 8 頭 × 46 特徴量 (リーク除外済み)
18:34:11 INFO     [src.ml.features] [SIMULATE] 特徴量生成 race_id=025022072135: 43 頭 × 46 特徴量 (リーク除外済み)
18:34:12 INFO     [src.ml.features] [SIMULATE] 特徴量生成 race_id=025052060448: 59 頭 × 46 特徴量 (リーク除外済み)
18:34:12 INFO     [src.ml.features] [SIMULATE] 特徴量生成 race_id=025042060346: 8 頭 × 46 特徴量 (リーク除外済み)
18:34:12 INFO     [src.ml.features] [SIMULATE] 特徴量生成 race_id=025022070144: 14 頭 × 46 特徴量 (リーク除外済み)
18:34:12 INFO     [src.ml.features] [SIMULATE] 特徴量生成 race_id=024002052948: 11 頭 × 46 特徴量 (リーク除外済み)
18:34:12 INFO     [src.ml.features] [SIMULATE] 特徴量生成 race_id=024002061947: 10 頭 × 46 特徴量 (リーク除外済み)
18:34:12 INFO     [src.ml.features] [SIMULATE] 特徴量生成 race_id=025092060855: 22 頭 × 46 特徴量 (リーク除外済み)
18:34:12 INFO     [src.ml.features] [SIMULATE] 特徴量生成 race_id=025062051550: 12 頭 × 46 特徴量 (リーク除外済み)
18:34:12 INFO     [src.ml.features] [SIMULATE] 特徴量生成 race_id=025092081842: 11 頭 × 46 特徴量 (リーク除外済み)
18:34:12 INFO     [src.ml.features] [SIMULATE] 特徴量生成 race_id=024032061230: 17 頭 × 46 特徴量 (リーク除外済み)
18:34:12 INFO     [src.ml.features] [SIMULATE] 特徴量生成 race_id=025022061130: 9 頭 × 46 特徴量 (リーク除外済み)
18:34:12 INFO     [src.ml.features] [SIMULATE] 特徴量生成 race_id=023022081142: 9 頭 × 46 特徴量 (リーク除外済み)
18:34:12 INFO     [src.ml.features] [SIMULATE] 特徴量生成 race_id=025102010905: 181 頭 × 46 特徴量 (リーク除外済み)
18:34:12 INFO     [src.ml.features] [SIMULATE] 特徴量生成 race_id=025182020706: 165 頭 × 46 特徴量 (リーク除外済み)
18:34:12 INFO     [src.ml.features] [SIMULATE] 特徴量生成 race_id=025182020707: 177 頭 × 46 特徴量 (リーク除外済み)
18:34:12 INFO     [src.ml.features] [SIMULATE] 特徴量生成 race_id=025182020709: 162 頭 × 46 特徴量 (リーク除外済み)
18:34:12 INFO     [src.ml.features] [SIMULATE] 特徴量生成 race_id=025032061230: 29 頭 × 46 特徴量 (リーク除外済み)
18:34:12 INFO     [src.ml.features] [SIMULATE] 特徴量生成 race_id=024042061330: 11 頭 × 46 特徴量 (リーク除外済み)
18:34:12 INFO     [src.ml.features] [SIMULATE] 特徴量生成 race_id=024032060246: 5 頭 × 46 特徴量 (リーク除外済み)
18:34:12 INFO     [src.ml.features] [SIMULATE] 特徴量生成 race_id=025072070554: 18 頭 × 46 特徴量 (リーク除外済み)
18:34:12 INFO     [src.ml.features] [SIMULATE] 特徴量生成 race_id=022082071754: 10 頭 × 46 特徴量 (リーク除外済み)
18:34:12 INFO     [src.ml.features] [SIMULATE] 特徴量生成 race_id=024012091036: 11 頭 × 46 特徴量 (リーク除外済み)
18:34:12 INFO     [src.ml.features] [SIMULATE] 特徴量生成 race_id=025072091636: 11 頭 × 46 特徴量 (リーク除外済み)
18:34:12 INFO     [src.ml.features] [SIMULATE] 特徴量生成 race_id=025012073043: 11 頭 × 46 特徴量 (リーク除外済み)
18:34:12 INFO     [src.ml.features] [SIMULATE] 特徴量生成 race_id=024012073135: 7 頭 × 46 特徴量 (リーク除外済み)
18:34:12 INFO     [src.ml.features] [SIMULATE] 特徴量生成 race_id=025032060247: 24 頭 × 46 特徴量 (リーク除外済み)
18:34:12 INFO     [src.ml.features] [SIMULATE] 特徴量生成 race_id=024022061155: 11 頭 × 46 特徴量 (リーク除外済み)
18:34:12 INFO     [src.ml.features] [SIMULATE] 特徴量生成 race_id=025002081942: 23 頭 × 46 特徴量 (リーク除外済み)
18:34:12 INFO     [src.ml.features] [SIMULATE] 特徴量生成 race_id=021022081143: 13 頭 × 46 特徴量 (リーク除外済み)
18:34:12 INFO     [src.ml.features] [SIMULATE] 特徴量生成 race_id=025062060548: 12 頭 × 46 特徴量 (リーク除外済み)
18:34:12 INFO     [src.ml.features] [SIMULATE] 特徴量生成 race_id=001022081634: 10 頭 × 46 特徴量 (リーク除外済み)
18:34:12 INFO     [src.ml.features] [SIMULATE] 特徴量生成 race_id=022032082243: 8 頭 × 46 特徴量 (リーク除外済み)
18:34:12 INFO     [src.ml.features] [SIMULATE] 特徴量生成 race_id=024062072545: 11 頭 × 46 特徴量 (リーク除外済み)
18:34:12 INFO     [src.ml.features] [SIMULATE] 特徴量生成 race_id=025172011505: 173 頭 × 46 特徴量 (リーク除外済み)
18:34:12 INFO     [src.ml.features] [SIMULATE] 特徴量生成 race_id=025152021306: 178 頭 × 46 特徴量 (リーク除外済み)
18:34:12 INFO     [src.ml.features] [SIMULATE] 特徴量生成 race_id=025152021307: 180 頭 × 46 特徴量 (リーク除外済み)
18:34:12 INFO     [src.ml.features] [SIMULATE] 特徴量生成 race_id=025152021309: 141 頭 × 46 特徴量 (リーク除外済み)
18:34:12 INFO     [src.ml.features] [SIMULATE] 特徴量生成 race_id=025032072235: 24 頭 × 46 特徴量 (リーク除外済み)
18:34:12 INFO     [src.ml.features] [SIMULATE] 特徴量生成 race_id=025072080645: 38 頭 × 46 特徴量 (リーク除外済み)
18:34:12 INFO     [src.ml.features] [SIMULATE] 特徴量生成 race_id=025032070244: 24 頭 × 46 特徴量 (リーク除外済み)
18:34:12 INFO     [src.ml.features] [SIMULATE] 特徴量生成 race_id=025052061455: 10 頭 × 46 特徴量 (リーク除外済み)
18:34:12 INFO     [src.ml.features] [SIMULATE] 特徴量生成 race_id=024032053148: 12 頭 × 46 特徴量 (リーク除外済み)
18:34:12 INFO     [src.ml.features] [SIMULATE] 特徴量生成 race_id=024002052950: 17 頭 × 46 特徴量 (リーク除外済み)
18:34:12 INFO     [src.ml.features] [SIMULATE] 特徴量生成 race_id=024072072645: 11 頭 × 46 特徴量 (リーク除外済み)
18:34:12 INFO     [src.ml.features] [SIMULATE] 特徴量生成 race_id=024072030651: 12 頭 × 46 特徴量 (リーク除外済み)
18:34:12 INFO     [src.ml.features] [SIMULATE] 特徴量生成 race_id=025072060648: 24 頭 × 46 特徴量 (リーク除外済み)
18:34:12 INFO     [src.ml.features] [SIMULATE] 特徴量生成 race_id=022002060944: 12 頭 × 46 特徴量 (リーク除外済み)
18:34:12 INFO     [src.ml.features] [SIMULATE] 特徴量生成 race_id=025022052150: 18 頭 × 46 特徴量 (リーク除外済み)
18:34:12 INFO     [src.ml.features] [SIMULATE] 特徴量生成 race_id=023002072945: 10 頭 × 46 特徴量 (リーク除外済み)
18:34:12 INFO     [src.ml.features] [SIMULATE] 特徴量生成 race_id=025012061047: 30 頭 × 46 特徴量 (リーク除外済み)
18:34:12 INFO     [src.ml.features] [SIMULATE] 特徴量生成 race_id=025092061830: 22 頭 × 46 特徴量 (リーク除外済み)
18:34:12 INFO     [src.ml.features] [SIMULATE] 特徴量生成 race_id=024022062147: 9 頭 × 46 特徴量 (リーク除外済み)
18:34:12 INFO     [src.ml.features] [SIMULATE] 特徴量生成 race_id=025022092136: 10 頭 × 46 特徴量 (リーク除外済み)
18:34:12 INFO     [src.ml.features] [SIMULATE] 特徴量生成 race_id=025012082042: 9 頭 × 46 特徴量 (リーク除外済み)
18:34:12 INFO     [src.ml.features] [SIMULATE] 特徴量生成 race_id=025082080745: 23 頭 × 46 特徴量 (リーク除外済み)
18:34:12 INFO     [src.ml.features] [SIMULATE] 特徴量生成 race_id=025172011605: 181 頭 × 46 特徴量 (リーク除外済み)
18:34:12 INFO     [src.ml.features] [SIMULATE] 特徴量生成 race_id=025152021406: 186 頭 × 46 特徴量 (リーク除外済み)
18:34:12 INFO     [src.ml.features] [SIMULATE] 特徴量生成 race_id=025152021407: 166 頭 × 46 特徴量 (リーク除外済み)
18:34:12 INFO     [src.ml.features] [SIMULATE] 特徴量生成 race_id=025152021409: 144 頭 × 46 特徴量 (リーク除外済み)
18:34:12 INFO     [src.ml.features] [SIMULATE] 特徴量生成 race_id=024032082242: 12 頭 × 46 特徴量 (リーク除外済み)
18:34:12 INFO     [src.ml.features] [SIMULATE] 特徴量生成 race_id=025032071254: 11 頭 × 46 特徴量 (リーク除外済み)
18:34:12 INFO     [src.ml.features] [SIMULATE] 特徴量生成 race_id=025022080143: 9 頭 × 46 特徴量 (リーク除外済み)
18:34:12 INFO     [src.ml.features] [SIMULATE] 特徴量生成 race_id=025062061555: 8 頭 × 46 特徴量 (リーク除外済み)
18:34:12 INFO     [src.ml.features] [SIMULATE] 特徴量生成 race_id=025032052250: 43 頭 × 46 特徴量 (リーク除外済み)
18:34:12 INFO     [src.ml.features] [SIMULATE] 特徴量生成 race_id=025032092236: 10 頭 × 46 特徴量 (リーク除外済み)
18:34:12 INFO     [src.ml.features] [SIMULATE] 特徴量生成 race_id=024072061655: 11 頭 × 46 特徴量 (リーク除外済み)
18:34:13 INFO     [src.ml.features] [SIMULATE] 特徴量生成 race_id=022012061044: 13 頭 × 46 特徴量 (リーク除外済み)
18:34:13 INFO     [src.ml.features] [SIMULATE] 特徴量生成 race_id=025002061930: 37 頭 × 46 特徴量 (リーク除外済み)
18:34:13 INFO     [src.ml.features] [SIMULATE] 特徴量生成 race_id=020052060450: 12 頭 × 46 特徴量 (リーク除外済み)
18:34:13 INFO     [src.ml.features] [SIMULATE] 特徴量生成 race_id=025022061147: 20 頭 × 46 特徴量 (リーク除外済み)
18:34:13 INFO     [src.ml.features] [SIMULATE] 特徴量生成 race_id=024002061930: 18 頭 × 46 特徴量 (リーク除外済み)
18:34:13 INFO     [src.ml.features] [SIMULATE] 特徴量生成 race_id=022062080545: 7 頭 × 46 特徴量 (リーク除外済み)
18:34:13 INFO     [src.ml.features] [SIMULATE] 特徴量生成 race_id=024092062844: 26 頭 × 46 特徴量 (リーク除外済み)
18:34:13 INFO     [src.ml.features] [SIMULATE] 特徴量生成 race_id=025122022006: 186 頭 × 46 特徴量 (リーク除外済み)
18:34:13 INFO     [src.ml.features] [SIMULATE] 特徴量生成 race_id=025122022007: 184 頭 × 46 特徴量 (リーク除外済み)
18:34:13 INFO     [src.ml.features] [SIMULATE] 特徴量生成 race_id=025122022009: 177 頭 × 46 特徴量 (リーク除外済み)
18:34:13 INFO     [src.ml.features] [SIMULATE] 特徴量生成 race_id=025152012305: 185 頭 × 46 特徴量 (リーク除外済み)
18:34:13 INFO     [src.ml.features] [SIMULATE] 特徴量生成 race_id=023002080943: 15 頭 × 46 特徴量 (リーク除外済み)
18:34:13 INFO     [src.ml.features] [SIMULATE] 特徴量生成 race_id=023042072354: 14 頭 × 46 特徴量 (リーク除外済み)
18:34:13 INFO     [src.ml.features] [SIMULATE] 特徴量生成 race_id=025002072935: 10 頭 × 46 特徴量 (リーク除外済み)
18:34:13 INFO     [src.ml.features] [SIMULATE] 特徴量生成 race_id=024062071554: 22 頭 × 46 特徴量 (リーク除外済み)
18:34:13 INFO     [src.ml.features] [SIMULATE] 特徴量生成 race_id=025042052350: 33 頭 × 46 特徴量 (リーク除外済み)
18:34:13 INFO     [src.ml.features] [SIMULATE] 特徴量生成 race_id=024032053150: 12 頭 × 46 特徴量 (リーク除外済み)
18:34:13 INFO     [src.ml.features] [SIMULATE] 特徴量生成 race_id=025032061247: 12 頭 × 46 特徴量 (リーク除外済み)
18:34:13 INFO     [src.ml.features] [SIMULATE] 特徴量生成 race_id=025042071354: 12 頭 × 46 特徴量 (リーク除外済み)
18:34:13 INFO     [src.ml.features] [SIMULATE] 特徴量生成 race_id=025122022106: 183 頭 × 46 特徴量 (リーク除外済み)
18:34:13 INFO     [src.ml.features] [SIMULATE] 特徴量生成 race_id=025122022107: 189 頭 × 46 特徴量 (リーク除外済み)
18:34:13 INFO     [src.ml.features] [SIMULATE] 特徴量生成 race_id=025122022109: 174 頭 × 46 特徴量 (リーク除外済み)
18:34:13 INFO     [src.ml.features] [SIMULATE] 特徴量生成 race_id=025152012405: 180 頭 × 46 特徴量 (リーク除外済み)
18:34:13 INFO     [src.ml.features] [SIMULATE] 特徴量生成 race_id=025112012905: 175 頭 × 46 特徴量 (リーク除外済み)
18:34:13 INFO     [src.ml.features] [SIMULATE] 特徴量生成 race_id=025192022706: 185 頭 × 46 特徴量 (リーク除外済み)
18:34:13 INFO     [src.ml.features] [SIMULATE] 特徴量生成 race_id=025192022709: 164 頭 × 46 特徴量 (リーク除外済み)
18:34:13 INFO     [src.ml.features] [SIMULATE] 特徴量生成 race_id=025112013005: 169 頭 × 46 特徴量 (リーク除外済み)
18:34:13 INFO     [src.ml.features] [SIMULATE] 特徴量生成 race_id=025192022806: 184 頭 × 46 特徴量 (リーク除外済み)
18:34:13 INFO     [src.ml.features] [SIMULATE] 特徴量生成 race_id=025192022809: 172 頭 × 46 特徴量 (リーク除外済み)
18:34:13 INFO     [src.ml.features] [SIMULATE] 特徴量生成 race_id=023002072954: 9 頭 × 46 特徴量 (リーク除外済み)
18:34:13 INFO     [src.ml.features] [SIMULATE] 特徴量生成 race_id=025022081147: 17 頭 × 46 特徴量 (リーク除外済み)
18:34:13 INFO     [src.ml.features] [SIMULATE] 特徴量生成 race_id=024062060550: 11 頭 × 46 特徴量 (リーク除外済み)
18:34:13 INFO     [src.ml.features] [SIMULATE] 特徴量生成 race_id=025042061348: 23 頭 × 46 特徴量 (リーク除外済み)
18:34:13 INFO     [src.ml.features] [SIMULATE] 特徴量生成 race_id=024012072054: 22 頭 × 46 特徴量 (リーク除外済み)
18:34:13 INFO     [src.ml.features] [SIMULATE] 特徴量生成 race_id=025002071954: 21 頭 × 46 特徴量 (リーク除外済み)
18:34:14 INFO     [src.ml.features] [SIMULATE] 特徴量生成 race_id=025042080335: 22 頭 × 46 特徴量 (リーク除外済み)
18:34:14 INFO     [src.ml.features] [SIMULATE] 特徴量生成 race_id=024072082643: 7 頭 × 46 特徴量 (リーク除外済み)
18:34:14 INFO     [src.ml.features] [SIMULATE] 特徴量生成 race_id=025062061546: 11 頭 × 46 特徴量 (リーク除外済み)
18:34:14 INFO     [src.ml.features] [SIMULATE] 特徴量生成 race_id=022092062830: 7 頭 × 46 特徴量 (リーク除外済み)
18:34:14 INFO     [src.ml.features] [SIMULATE] 特徴量生成 race_id=025022062155: 23 頭 × 46 特徴量 (リーク除外済み)
18:34:14 INFO     [src.ml.features] [SIMULATE] 特徴量生成 race_id=024002060946: 11 頭 × 46 特徴量 (リーク除外済み)
18:34:14 INFO     [src.ml.features] [SIMULATE] 特徴量生成 race_id=025052071444: 14 頭 × 46 特徴量 (リーク除外済み)
18:34:14 INFO     [src.ml.features] [SIMULATE] 特徴量生成 race_id=024062080545: 7 頭 × 46 特徴量 (リーク除外済み)
18:34:14 INFO     [src.ml.features] [SIMULATE] 特徴量生成 race_id=025092052850: 34 頭 × 46 特徴量 (リーク除外済み)
18:34:14 INFO     [src.ml.features] [SIMULATE] 特徴量生成 race_id=023062092543: 21 頭 × 46 特徴量 (リーク除外済み)
18:34:14 INFO     [src.ml.features] [SIMULATE] 特徴量生成 race_id=021082082745: 11 頭 × 46 特徴量 (リーク除外済み)
18:34:14 INFO     [src.ml.features] [SIMULATE] 特徴量生成 race_id=023072080635: 12 頭 × 46 特徴量 (リーク除外済み)
18:34:14 INFO     [src.ml.features] [SIMULATE] 特徴量生成 race_id=024082091742: 12 頭 × 46 特徴量 (リーク除外済み)
18:34:14 INFO     [src.ml.features] [SIMULATE] 特徴量生成 race_id=025082082743: 40 頭 × 46 特徴量 (リーク除外済み)
18:34:14 INFO     [src.ml.features] [SIMULATE] 特徴量生成 race_id=023042090336: 9 頭 × 46 特徴量 (リーク除外済み)
18:34:14 INFO     [src.ml.features] [SIMULATE] 特徴量生成 race_id=025092092836: 12 頭 × 46 特徴量 (リーク除外済み)
18:34:14 INFO     [src.ml.features] [SIMULATE] 特徴量生成 race_id=024072062630: 7 頭 × 46 特徴量 (リーク除外済み)
18:34:14 INFO     [src.ml.features] [SIMULATE] 特徴量生成 race_id=024092091842: 12 頭 × 46 特徴量 (リーク除外済み)
18:34:14 INFO     [src.ml.features] [SIMULATE] 特徴量生成 race_id=022012073154: 9 頭 × 46 特徴量 (リーク除外済み)
18:34:14 INFO     [src.ml.features] [SIMULATE] 特徴量生成 race_id=025042092342: 24 頭 × 46 特徴量 (リーク除外済み)
18:34:14 INFO     [src.ml.features] [SIMULATE] 特徴量生成 race_id=025032062255: 10 頭 × 46 特徴量 (リーク除外済み)
18:34:14 INFO     [src.ml.features] [SIMULATE] 特徴量生成 race_id=025002052950: 46 頭 × 46 特徴量 (リーク除外済み)
18:34:14 INFO     [src.ml.features] [SIMULATE] 特徴量生成 race_id=025042081347: 16 頭 × 46 特徴量 (リーク除外済み)
18:34:14 INFO     [src.ml.features] [SIMULATE] 特徴量生成 race_id=024072060650: 10 頭 × 46 特徴量 (リーク除外済み)
18:34:14 INFO     [src.ml.features] [SIMULATE] 特徴量生成 race_id=025062062530: 25 頭 × 46 特徴量 (リーク除外済み)
18:34:14 INFO     [src.ml.features] [SIMULATE] 特徴量生成 race_id=025072061648: 32 頭 × 46 特徴量 (リーク除外済み)
18:34:14 INFO     [src.ml.features] [SIMULATE] 特徴量生成 race_id=025032082245: 23 頭 × 46 特徴量 (リーク除外済み)
18:34:14 INFO     [src.ml.features] [SIMULATE] 特徴量生成 race_id=025012072054: 12 頭 × 46 特徴量 (リーク除外済み)
18:34:14 INFO     [src.ml.features] [SIMULATE] 特徴量生成 race_id=025052080435: 12 頭 × 46 特徴量 (リーク除外済み)
18:34:14 INFO     [src.ml.features] [SIMULATE] 特徴量生成 race_id=024072080645: 14 頭 × 46 特徴量 (リーク除外済み)
18:34:14 INFO     [src.ml.features] [SIMULATE] 特徴量生成 race_id=024082082743: 7 頭 × 46 特徴量 (リーク除外済み)
18:34:14 INFO     [src.ml.features] [SIMULATE] 特徴量生成 race_id=025062071544: 10 頭 × 46 特徴量 (リーク除外済み)
18:34:14 INFO     [src.ml.features] [SIMULATE] 特徴量生成 race_id=025092082843: 18 頭 × 46 特徴量 (リーク除外済み)
18:34:14 INFO     [src.ml.features] [SIMULATE] 特徴量生成 race_id=023032081254: 8 頭 × 46 特徴量 (リーク除外済み)
18:34:14 INFO     [src.ml.features] [SIMULATE] 特徴量生成 race_id=025012093036: 11 頭 × 46 特徴量 (リーク除外済み)
18:34:14 INFO     [src.ml.features] [SIMULATE] 特徴量生成 race_id=023032071244: 10 頭 × 46 特徴量 (リーク除外済み)
18:34:14 INFO     [src.ml.features] [SIMULATE] 特徴量生成 race_id=025072072654: 12 頭 × 46 特徴量 (リーク除外済み)
18:34:14 INFO     [src.ml.features] [SIMULATE] 特徴量生成 race_id=024082080745: 7 頭 × 46 特徴量 (リーク除外済み)
18:34:14 INFO     [src.ml.features] [SIMULATE] 特徴量生成 race_id=025062080535: 35 頭 × 46 特徴量 (リーク除外済み)
18:34:14 INFO     [src.ml.features] [SIMULATE] 特徴量生成 race_id=025072062630: 11 頭 × 46 特徴量 (リーク除外済み)
18:34:14 INFO     [src.ml.features] [SIMULATE] 特徴量生成 race_id=024052070447: 19 頭 × 46 特徴量 (リーク除外済み)
18:34:14 INFO     [src.ml.features] [SIMULATE] 特徴量生成 race_id=024052062455: 10 頭 × 46 特徴量 (リーク除外済み)
18:34:14 INFO     [src.ml.features] [SIMULATE] 特徴量生成 race_id=025052081447: 9 頭 × 46 特徴量 (リーク除外済み)
18:34:14 INFO     [src.ml.features] [SIMULATE] 特徴量生成 race_id=022092082845: 4 頭 × 46 特徴量 (リーク除外済み)
18:34:14 INFO     [src.ml.features] [SIMULATE] 特徴量生成 race_id=025062082545: 27 頭 × 46 特徴量 (リーク除外済み)
18:34:14 INFO     [src.ml.features] [SIMULATE] 特徴量生成 race_id=025082061748: 12 頭 × 46 特徴量 (リーク除外済み)
18:34:14 INFO     [src.ml.features] [SIMULATE] 特徴量生成 race_id=024052092436: 20 頭 × 46 特徴量 (リーク除外済み)
18:34:14 INFO     [src.ml.features] [SIMULATE] 特徴量生成 race_id=023082071244: 10 頭 × 46 特徴量 (リーク除外済み)
18:34:14 INFO     [src.ml.features] [SIMULATE] 特徴量生成 race_id=023012083042: 11 頭 × 46 特徴量 (リーク除外済み)
18:34:14 INFO     [src.ml.features] [SIMULATE] 特徴量生成 race_id=024092082843: 13 頭 × 46 特徴量 (リーク除外済み)
18:34:14 INFO     [src.ml.features] [SIMULATE] 特徴量生成 race_id=025022053050: 10 頭 × 46 特徴量 (リーク除外済み)
18:34:14 INFO     [src.ml.features] [SIMULATE] 特徴量生成 race_id=025072062655: 43 頭 × 46 特徴量 (リーク除外済み)
18:34:14 INFO     [src.ml.features] [SIMULATE] 特徴量生成 race_id=025012083043: 11 頭 × 46 特徴量 (リーク除外済み)
18:34:14 INFO     [src.ml.features] [SIMULATE] 特徴量生成 race_id=024082061748: 8 頭 × 46 特徴量 (リーク除外済み)
18:34:14 INFO     [src.ml.features] [SIMULATE] 特徴量生成 race_id=024032070230: 11 頭 × 46 特徴量 (リーク除外済み)
18:34:14 INFO     [src.ml.features] [SIMULATE] 特徴量生成 race_id=025062081547: 18 頭 × 46 特徴量 (リーク除外済み)
18:34:14 INFO     [src.ml.features] [SIMULATE] 特徴量生成 race_id=025162000536: 20 頭 × 46 特徴量 (リーク除外済み)
18:34:14 INFO     [src.ml.features] [SIMULATE] 特徴量生成 race_id=024002082943: 13 頭 × 46 特徴量 (リーク除外済み)
18:34:14 INFO     [src.ml.features] [SIMULATE] 特徴量生成 race_id=024092072854: 9 頭 × 46 特徴量 (リーク除外済み)
18:34:14 INFO     [src.ml.features] [SIMULATE] 特徴量生成 race_id=024032092042: 12 頭 × 46 特徴量 (リーク除外済み)
18:34:14 INFO     [src.ml.features] [SIMULATE] 特徴量生成 race_id=025092062855: 11 頭 × 46 特徴量 (リーク除外済み)
18:34:14 INFO     [src.ml.features] [SIMULATE] 特徴量生成 race_id=025012081035: 12 頭 × 46 特徴量 (リーク除外済み)
18:34:14 INFO     [src.ml.features] [SIMULATE] 特徴量生成 race_id=023042081354: 11 頭 × 46 特徴量 (リーク除外済み)
18:34:14 INFO     [src.ml.features] [SIMULATE] 特徴量生成 race_id=025022070130: 29 頭 × 46 特徴量 (リーク除外済み)
18:34:14 INFO     [src.ml.features] [SIMULATE] 特徴量生成 race_id=024032061250: 12 頭 × 46 特徴量 (リーク除外済み)
18:34:14 INFO     [src.ml.features] [SIMULATE] 特徴量生成 race_id=025062092542: 23 頭 × 46 特徴量 (リーク除外済み)
18:34:14 INFO     [src.ml.features] [SIMULATE] 特徴量生成 race_id=022002082945: 5 頭 × 46 特徴量 (リーク除外済み)
18:34:14 INFO     [src.ml.features] [SIMULATE] 特徴量生成 race_id=025052060450: 9 頭 × 46 特徴量 (リーク除外済み)
18:34:14 INFO     [src.ml.features] [SIMULATE] 特徴量生成 race_id=025082071744: 14 頭 × 46 特徴量 (リーク除外済み)
18:34:14 INFO     [src.ml.features] [SIMULATE] 特徴量生成 race_id=025082072754: 9 頭 × 46 特徴量 (リーク除外済み)
18:34:14 INFO     [src.ml.features] [SIMULATE] 特徴量生成 race_id=023062082445: 10 頭 × 46 特徴量 (リーク除外済み)
18:34:14 INFO     [src.ml.features] [SIMULATE] 特徴量生成 race_id=025092061848: 23 頭 × 46 特徴量 (リーク除外済み)
18:34:15 INFO     [src.ml.features] [SIMULATE] 特徴量生成 race_id=025002062955: 7 頭 × 46 特徴量 (リーク除外済み)
18:34:15 INFO     [src.ml.features] [SIMULATE] 特徴量生成 race_id=024042061350: 9 頭 × 46 特徴量 (リーク除外済み)
18:34:15 INFO     [src.ml.features] [SIMULATE] 特徴量生成 race_id=023002092943: 7 頭 × 46 特徴量 (リーク除外済み)
18:34:15 INFO     [src.ml.features] [SIMULATE] 特徴量生成 race_id=025032080254: 12 頭 × 46 特徴量 (リーク除外済み)
18:34:15 INFO     [src.ml.features] [SIMULATE] 特徴量生成 race_id=023062070530: 10 頭 × 46 特徴量 (リーク除外済み)
18:34:15 INFO     [src.ml.features] [SIMULATE] 特徴量生成 race_id=022022070144: 13 頭 × 46 特徴量 (リーク除外済み)
18:34:15 INFO     [src.ml.features] [SIMULATE] 特徴量生成 race_id=025032070230: 20 頭 × 46 特徴量 (リーク除外済み)
18:34:15 INFO     [src.ml.features] [SIMULATE] 特徴量生成 race_id=025072092642: 35 頭 × 46 特徴量 (リーク除外済み)
18:34:15 INFO     [src.ml.features] [SIMULATE] 特徴量生成 race_id=024042070330: 48 頭 × 46 特徴量 (リーク除外済み)
18:34:15 INFO     [src.ml.features] [SIMULATE] 特徴量生成 race_id=999051061648: 12 頭 × 46 特徴量 (リーク除外済み)
18:34:15 INFO     [src.ml.features] [SIMULATE] 特徴量生成 race_id=025022081135: 14 頭 × 46 特徴量 (リーク除外済み)
18:34:15 INFO     [src.ml.features] [SIMULATE] 特徴量生成 race_id=023042080347: 10 頭 × 46 特徴量 (リーク除外済み)
18:34:15 INFO     [src.ml.features] [SIMULATE] 特徴量生成 race_id=024002080945: 13 頭 × 46 特徴量 (リーク除外済み)
18:34:15 INFO     [src.ml.features] [SIMULATE] 特徴量生成 race_id=024042080354: 23 頭 × 46 特徴量 (リーク除外済み)
18:34:15 INFO     [src.ml.features] [SIMULATE] 特徴量生成 race_id=023002081954: 12 頭 × 46 特徴量 (リーク除外済み)
18:34:15 INFO     [src.ml.features] [SIMULATE] 特徴量生成 race_id=025062060550: 23 頭 × 46 特徴量 (リーク除外済み)
18:34:15 INFO     [src.ml.features] [SIMULATE] 特徴量生成 race_id=024012083043: 12 頭 × 46 特徴量 (リーク除外済み)
18:34:15 INFO     [src.ml.features] [SIMULATE] 特徴量生成 race_id=022082070730: 12 頭 × 46 特徴量 (リーク除外済み)
18:34:15 INFO     [src.ml.features] [SIMULATE] 特徴量生成 race_id=024122000136: 10 頭 × 46 特徴量 (リーク除外済み)
18:34:15 INFO     [src.ml.features] [SIMULATE] 特徴量生成 race_id=025032081235: 11 頭 × 46 特徴量 (リーク除外済み)
18:34:15 INFO     [src.ml.features] [SIMULATE] 特徴量生成 race_id=024052061450: 8 頭 × 46 特徴量 (リーク除外済み)
18:34:15 INFO     [src.ml.features] [SIMULATE] 特徴量生成 race_id=022022082154: 12 頭 × 46 特徴量 (リーク除外済み)
18:34:15 INFO     [src.ml.features] [SIMULATE] 特徴量生成 race_id=025072060650: 38 頭 × 46 特徴量 (リーク除外済み)
18:34:15 INFO     [src.ml.features] [SIMULATE] 特徴量生成 race_id=025072070555: 11 頭 × 46 特徴量 (リーク除外済み)
18:34:15 INFO     [src.ml.features] [SIMULATE] 特徴量生成 race_id=025182000736: 20 頭 × 46 特徴量 (リーク除外済み)
18:34:15 INFO     [src.ml.features] [SIMULATE] 特徴量生成 race_id=025042070330: 50 頭 × 46 特徴量 (リーク除外済み)
18:34:15 INFO     [src.ml.features] [SIMULATE] 特徴量生成 race_id=020022061950: 12 頭 × 46 特徴量 (リーク除外済み)
18:34:15 INFO     [src.ml.features] [SIMULATE] 特徴量生成 race_id=025002092943: 17 頭 × 46 特徴量 (リーク除外済み)
18:34:15 INFO     [src.ml.features] [SIMULATE] 特徴量生成 race_id=025152012436: 11 頭 × 46 特徴量 (リーク除外済み)
18:34:15 INFO     [src.ml.features] [SIMULATE] 特徴量生成 race_id=025182002742: 17 頭 × 46 特徴量 (リーク除外済み)
18:34:15 INFO     [src.ml.features] [SIMULATE] 特徴量生成 race_id=025012081044: 12 頭 × 46 特徴量 (リーク除外済み)
18:34:15 INFO     [src.ml.features] [SIMULATE] 特徴量生成 race_id=024042062346: 8 頭 × 46 特徴量 (リーク除外済み)
18:34:15 INFO     [src.ml.features] [SIMULATE] 特徴量生成 race_id=025092070830: 6 頭 × 46 特徴量 (リーク除外済み)
18:34:15 INFO     [src.ml.features] [SIMULATE] 特徴量生成 race_id=022022071144: 10 頭 × 46 特徴量 (リーク除外済み)
18:34:15 INFO     [src.ml.features] [SIMULATE] 特徴量生成 race_id=024062062548: 24 頭 × 46 特徴量 (リーク除外済み)
18:34:15 INFO     [src.ml.features] [SIMULATE] 特徴量生成 race_id=024002061950: 8 頭 × 46 特徴量 (リーク除外済み)
18:34:15 INFO     [src.ml.features] [SIMULATE] 特徴量生成 race_id=025082081735: 10 頭 × 46 特徴量 (リーク除外済み)
18:34:15 INFO     [src.ml.features] [SIMULATE] 特徴量生成 race_id=023022091145: 9 頭 × 46 特徴量 (リーク除外済み)
18:34:15 INFO     [src.ml.features] [SIMULATE] 特徴量生成 race_id=025092090845: 24 頭 × 46 特徴量 (リーク除外済み)
18:34:15 INFO     [src.ml.features] [SIMULATE] 特徴量生成 race_id=022032071230: 11 頭 × 46 特徴量 (リーク除外済み)
18:34:15 INFO     [src.ml.features] [SIMULATE] 特徴量生成 race_id=025052062448: 24 頭 × 46 特徴量 (リーク除外済み)
18:34:15 INFO     [src.ml.features] [SIMULATE] 特徴量生成 race_id=024032090245: 14 頭 × 46 特徴量 (リーク除外済み)
18:34:15 INFO     [src.ml.features] [SIMULATE] 特徴量生成 race_id=024122002142: 11 頭 × 46 特徴量 (リーク除外済み)
18:34:15 INFO     [src.ml.features] [SIMULATE] 特徴量生成 race_id=025072082647: 10 頭 × 46 特徴量 (リーク除外済み)
18:34:15 INFO     [src.ml.features] [SIMULATE] 特徴量生成 race_id=024082090754: 11 頭 × 46 特徴量 (リーク除外済み)
18:34:15 INFO     [src.ml.features] [SIMULATE] 特徴量生成 race_id=025022061150: 51 頭 × 46 特徴量 (リーク除外済み)
18:34:15 INFO     [src.ml.features] [SIMULATE] 特徴量生成 race_id=025002081835: 10 頭 × 46 特徴量 (リーク除外済み)
18:34:15 INFO     [src.ml.features] [SIMULATE] 特徴量生成 race_id=024132002242: 10 頭 × 46 特徴量 (リーク除外済み)
18:34:15 INFO     [src.ml.features] [SIMULATE] 特徴量生成 race_id=024052092443: 19 頭 × 46 特徴量 (リーク除外済み)
18:34:15 INFO     [src.ml.features] [SIMULATE] 特徴量生成 race_id=023152002443: 10 頭 × 46 特徴量 (リーク除外済み)
18:34:15 INFO     [src.ml.features] [SIMULATE] 特徴量生成 race_id=025162012536: 19 頭 × 46 特徴量 (リーク除外済み)
18:34:15 INFO     [src.ml.features] [SIMULATE] 特徴量生成 race_id=024012071030: 10 頭 × 46 特徴量 (リーク除外済み)
18:34:15 INFO     [src.ml.features] [SIMULATE] 特徴量生成 race_id=024042090345: 11 頭 × 46 特徴量 (リーク除外済み)
18:34:15 INFO     [src.ml.features] [SIMULATE] 特徴量生成 race_id=022092082854: 12 頭 × 46 特徴量 (リーク除外済み)
18:34:15 INFO     [src.ml.features] [SIMULATE] 特徴量生成 race_id=025082090754: 20 頭 × 46 特徴量 (リーク除外済み)
18:34:15 INFO     [src.ml.features] [SIMULATE] 特徴量生成 race_id=025042071355: 23 頭 × 46 特徴量 (リーク除外済み)
18:34:15 INFO     [src.ml.features] [SIMULATE] 特徴量生成 race_id=025022070146: 10 頭 × 46 特徴量 (リーク除外済み)
18:34:15 INFO     [src.ml.features] [SIMULATE] 特徴量生成 race_id=025032061250: 10 頭 × 46 特徴量 (リーク除外済み)
18:34:15 INFO     [src.ml.features] [SIMULATE] 特徴量生成 race_id=024192011836: 19 頭 × 46 特徴量 (リーク除外済み)
18:34:15 INFO     [src.ml.features] [SIMULATE] 特徴量生成 race_id=025012093043: 10 頭 × 46 特徴量 (リーク除外済み)
18:34:15 INFO     [src.ml.features] [SIMULATE] 特徴量生成 race_id=022162002543: 14 頭 × 46 特徴量 (リーク除外済み)
18:34:15 INFO     [src.ml.features] [SIMULATE] 特徴量生成 race_id=025082082747: 10 頭 × 46 特徴量 (リーク除外済み)
18:34:15 INFO     [src.ml.features] [SIMULATE] 特徴量生成 race_id=025002070930: 26 頭 × 46 特徴量 (リーク除外済み)
18:34:15 INFO     [src.ml.features] [SIMULATE] 特徴量生成 race_id=024082070755: 9 頭 × 46 特徴量 (リーク除外済み)
18:34:15 INFO     [src.ml.features] [SIMULATE] 特徴量生成 race_id=022032071244: 26 頭 × 46 特徴量 (リーク除外済み)
18:34:15 INFO     [src.ml.features] [SIMULATE] 特徴量生成 race_id=025192002842: 10 頭 × 46 特徴量 (リーク除外済み)
18:34:15 INFO     [src.ml.features] [SIMULATE] 特徴量生成 race_id=025092081835: 10 頭 × 46 特徴量 (リーク除外済み)
18:34:15 INFO     [src.ml.features] [SIMULATE] 特徴量生成 race_id=025002090945: 38 頭 × 46 特徴量 (リーク除外済み)
18:34:15 INFO     [src.ml.features] [SIMULATE] 特徴量生成 race_id=025062062548: 12 頭 × 46 特徴量 (リーク除外済み)
18:34:15 INFO     [src.ml.features] [SIMULATE] 特徴量生成 race_id=024062092543: 12 頭 × 46 特徴量 (リーク除外済み)
18:34:15 INFO     [src.ml.features] [SIMULATE] 特徴量生成 race_id=025002071955: 10 頭 × 46 特徴量 (リーク除外済み)
18:34:15 INFO     [src.ml.features] [SIMULATE] 特徴量生成 race_id=020012093043: 5 頭 × 46 特徴量 (リーク除外済み)
18:34:15 INFO     [src.ml.features] [SIMULATE] 特徴量生成 race_id=025122000143: 22 頭 × 46 特徴量 (リーク除外済み)
18:34:15 INFO     [src.ml.features] [SIMULATE] 特徴量生成 race_id=025102002942: 12 頭 × 46 特徴量 (リーク除外済み)
18:34:15 INFO     [src.ml.features] [SIMULATE] 特徴量生成 race_id=025042061350: 32 頭 × 46 特徴量 (リーク除外済み)
18:34:15 INFO     [src.ml.features] [SIMULATE] 特徴量生成 race_id=025082070746: 6 頭 × 46 特徴量 (リーク除外済み)
18:34:15 INFO     [src.ml.features] [SIMULATE] 特徴量生成 race_id=024052090445: 23 頭 × 46 特徴量 (リーク除外済み)
18:34:15 INFO     [src.ml.features] [SIMULATE] 特徴量生成 race_id=025172012636: 21 頭 × 46 特徴量 (リーク除外済み)
18:34:15 INFO     [src.ml.features] [SIMULATE] 特徴量生成 race_id=024042062150: 12 頭 × 46 特徴量 (リーク除外済み)
18:34:15 INFO     [src.ml.features] [SIMULATE] 特徴量生成 race_id=024002070955: 11 頭 × 46 特徴量 (リーク除外済み)
18:34:15 INFO     [src.ml.features] [SIMULATE] 特徴量生成 race_id=025072062648: 11 頭 × 46 特徴量 (リーク除外済み)
18:34:15 INFO     [src.ml.features] [SIMULATE] 特徴量生成 race_id=024062091554: 12 頭 × 46 特徴量 (リーク除外済み)
18:34:15 INFO     [src.ml.features] [SIMULATE] 特徴量生成 race_id=025002081935: 25 頭 × 46 特徴量 (リーク除外済み)
18:34:15 INFO     [src.ml.features] [SIMULATE] 特徴量生成 race_id=025012091045: 11 頭 × 46 特徴量 (リーク除外済み)
18:34:15 INFO     [src.ml.features] [SIMULATE] 特徴量生成 race_id=024082062748: 12 頭 × 46 特徴量 (リーク除外済み)
18:34:15 INFO     [src.ml.features] [SIMULATE] 特徴量生成 race_id=023162002543: 10 頭 × 46 特徴量 (リーク除外済み)
18:34:15 INFO     [src.ml.features] [SIMULATE] 特徴量生成 race_id=024012073144: 14 頭 × 46 特徴量 (リーク除外済み)
18:34:15 INFO     [src.ml.features] [SIMULATE] 特徴量生成 race_id=022032092242: 8 頭 × 46 特徴量 (リーク除外済み)
18:34:15 INFO     [src.ml.features] [SIMULATE] 特徴量生成 race_id=025012071030: 11 頭 × 46 特徴量 (リーク除外済み)
18:34:15 INFO     [src.ml.features] [SIMULATE] 特徴量生成 race_id=025092082847: 9 頭 × 46 特徴量 (リーク除外済み)
18:34:15 INFO     [src.ml.features] [SIMULATE] 特徴量生成 race_id=024002071947: 10 頭 × 46 特徴量 (リーク除外済み)
18:34:15 INFO     [src.ml.features] [SIMULATE] 特徴量生成 race_id=024082082735: 10 頭 × 46 特徴量 (リーク除外済み)
18:34:15 INFO     [src.ml.features] [SIMULATE] 特徴量生成 race_id=023032080244: 13 頭 × 46 特徴量 (リーク除外済み)
18:34:15 INFO     [src.ml.features] [SIMULATE] 特徴量生成 race_id=025022091145: 12 頭 × 46 特徴量 (リーク除外済み)
18:34:15 INFO     [src.ml.features] [SIMULATE] 特徴量生成 race_id=024072062650: 18 頭 × 46 特徴量 (リーク除外済み)
18:34:15 INFO     [src.ml.features] [SIMULATE] 特徴量生成 race_id=023042080344: 16 頭 × 46 特徴量 (リーク除外済み)
18:34:16 INFO     [src.ml.features] [SIMULATE] 特徴量生成 race_id=024032070246: 6 頭 × 46 特徴量 (リーク除外済み)
18:34:16 INFO     [src.ml.features] [SIMULATE] 特徴量生成 race_id=024072071630: 8 頭 × 46 特徴量 (リーク除外済み)
18:34:16 INFO     [src.ml.features] [SIMULATE] 特徴量生成 race_id=025052091454: 12 頭 × 46 特徴量 (リーク除外済み)
18:34:16 INFO     [src.ml.features] [SIMULATE] 特徴量生成 race_id=025022072155: 11 頭 × 46 特徴量 (リーク除外済み)
18:34:16 INFO     [src.ml.features] [SIMULATE] 特徴量生成 race_id=024072092643: 23 頭 × 46 特徴量 (リーク除外済み)
18:34:16 INFO     [src.ml.features] [SIMULATE] 特徴量生成 race_id=025062071530: 18 頭 × 46 特徴量 (リーク除外済み)
18:34:16 INFO     [src.ml.features] [SIMULATE] 特徴量生成 race_id=023052091445: 8 頭 × 46 特徴量 (リーク除外済み)
18:34:16 INFO     [src.ml.features] [SIMULATE] 特徴量生成 race_id=025052082435: 12 頭 × 46 特徴量 (リーク除外済み)
18:34:16 INFO     [src.ml.features] [SIMULATE] 特徴量生成 race_id=025112003042: 12 頭 × 46 特徴量 (リーク除外済み)
18:34:16 INFO     [src.ml.features] [SIMULATE] 特徴量生成 race_id=025082062748: 24 頭 × 46 特徴量 (リーク除外済み)
18:34:16 INFO     [src.ml.features] [SIMULATE] 特徴量生成 race_id=023042090354: 12 頭 × 46 特徴量 (リーク除外済み)
18:34:16 INFO     [src.ml.features] [SIMULATE] 特徴量生成 race_id=025042081344: 24 頭 × 46 特徴量 (リーク除外済み)
18:34:16 INFO     [src.ml.features] [SIMULATE] 特徴量生成 race_id=025132000243: 10 頭 × 46 特徴量 (リーク除外済み)
18:34:16 INFO     [src.ml.features] [SIMULATE] 特徴量生成 race_id=024072091654: 22 頭 × 46 特徴量 (リーク除外済み)
18:34:16 INFO     [src.ml.features] [SIMULATE] 特徴量生成 race_id=025092061850: 21 頭 × 46 特徴量 (リーク除外済み)
18:34:16 INFO     [src.ml.features] [SIMULATE] 特徴量生成 race_id=024022080144: 12 頭 × 46 特徴量 (リーク除外済み)
18:34:16 INFO     [src.ml.features] [SIMULATE] 特徴量生成 race_id=024152002442: 11 頭 × 46 特徴量 (リーク除外済み)
18:34:16 INFO     [src.ml.features] [SIMULATE] 特徴量生成 race_id=022012091054: 12 頭 × 46 特徴量 (リーク除外済み)
18:34:16 INFO     [src.ml.features] [SIMULATE] 特徴量生成 race_id=025022092154: 9 頭 × 46 特徴量 (リーク除外済み)
18:34:16 INFO     [src.ml.features] [SIMULATE] 特徴量生成 race_id=023002090954: 11 頭 × 46 特徴量 (リーク除外済み)
18:34:16 INFO     [src.ml.features] [SIMULATE] 特徴量生成 race_id=024032090235: 11 頭 × 46 特徴量 (リーク除外済み)
18:34:16 INFO     [src.ml.features] [SIMULATE] 特徴量生成 race_id=025062082535: 12 頭 × 46 特徴量 (リーク除外済み)
18:34:16 INFO     [src.ml.features] [SIMULATE] 特徴量生成 race_id=025002061950: 18 頭 × 46 特徴量 (リーク除外済み)
18:34:16 INFO     [src.ml.features] [SIMULATE] 特徴量生成 race_id=025032072255: 45 頭 × 46 特徴量 (リーク除外済み)
18:34:16 INFO     [src.ml.features] [SIMULATE] 特徴量生成 race_id=022012072030: 8 頭 × 46 特徴量 (リーク除外済み)
18:34:16 INFO     [src.ml.features] [SIMULATE] 特徴量生成 race_id=024082071730: 11 頭 × 46 特徴量 (リーク除外済み)
18:34:16 INFO     [src.ml.features] [SIMULATE] 特徴量生成 race_id=025072071630: 17 頭 × 46 特徴量 (リーク除外済み)
18:34:16 INFO     [src.ml.features] [SIMULATE] 特徴量生成 race_id=021082091745: 5 頭 × 46 特徴量 (リーク除外済み)
18:34:16 INFO     [src.ml.features] [SIMULATE] 特徴量生成 race_id=025122020136: 41 頭 × 46 特徴量 (リーク除外済み)
18:34:16 INFO     [src.ml.features] [SIMULATE] 特徴量生成 race_id=023002071930: 12 頭 × 46 特徴量 (リーク除外済み)
18:34:16 INFO     [src.ml.features] [SIMULATE] 特徴量生成 race_id=024022080147: 20 頭 × 46 特徴量 (リーク除外済み)
18:34:16 INFO     [src.ml.features] [SIMULATE] 特徴量生成 race_id=024072090645: 14 頭 × 46 特徴量 (リーク除外済み)
18:34:16 INFO     [src.ml.features] [SIMULATE] 特徴量生成 race_id=024162002542: 12 頭 × 46 特徴量 (リーク除外済み)
18:34:16 INFO     [src.ml.features] [SIMULATE] 特徴量生成 race_id=024082062750: 33 頭 × 46 特徴量 (リーク除外済み)
18:34:16 INFO     [src.ml.features] [SIMULATE] 特徴量生成 race_id=023102002743: 12 頭 × 46 特徴量 (リーク除外済み)
18:34:16 INFO     [src.ml.features] [SIMULATE] 特徴量生成 race_id=024082092743: 20 頭 × 46 特徴量 (リーク除外済み)
18:34:16 INFO     [src.ml.features] [SIMULATE] 特徴量生成 race_id=025142000343: 34 頭 × 46 特徴量 (リーク除外済み)
18:34:16 INFO     [src.ml.features] [SIMULATE] 特徴量生成 race_id=025042092354: 19 頭 × 46 特徴量 (リーク除外済み)
18:34:16 INFO     [src.ml.features] [SIMULATE] 特徴量生成 race_id=024032080247: 9 頭 × 46 特徴量 (リーク除外済み)
18:34:16 INFO     [src.ml.features] [SIMULATE] 特徴量生成 race_id=020062070350: 10 頭 × 46 特徴量 (リーク除外済み)
18:34:16 INFO     [src.ml.features] [SIMULATE] 特徴量生成 race_id=025022062050: 21 頭 × 46 特徴量 (リーク除外済み)
18:34:16 INFO     [src.ml.features] [SIMULATE] 特徴量生成 race_id=025082071730: 32 頭 × 46 特徴量 (リーク除外済み)
18:34:16 INFO     [src.ml.features] [SIMULATE] 特徴量生成 race_id=025062081544: 14 頭 × 46 特徴量 (リーク除外済み)
18:34:16 INFO     [src.ml.features] [SIMULATE] 特徴量生成 race_id=025072082635: 10 頭 × 46 特徴量 (リーク除外済み)
18:34:16 INFO     [src.ml.features] [SIMULATE] 特徴量生成 race_id=025132020236: 19 頭 × 46 特徴量 (リーク除外済み)
18:34:16 INFO     [src.ml.features] [SIMULATE] 特徴量生成 race_id=024092071830: 10 頭 × 46 特徴量 (リーク除外済み)
18:34:16 INFO     [src.ml.features] [SIMULATE] 特徴量生成 race_id=025142010343: 80 頭 × 46 特徴量 (リーク除外済み)
18:34:16 INFO     [src.ml.features] [SIMULATE] 特徴量生成 race_id=025002090947: 22 頭 × 46 特徴量 (リーク除外済み)
18:34:16 INFO     [src.ml.features] [SIMULATE] 特徴量生成 race_id=023082091754: 9 頭 × 46 特徴量 (リーク除外済み)
18:34:16 INFO     [src.ml.features] [SIMULATE] 特徴量生成 race_id=023182012743: 19 頭 × 46 特徴量 (リーク除外済み)
18:34:16 INFO     [src.ml.features] [SIMULATE] 特徴量生成 race_id=024042072330: 10 頭 × 46 特徴量 (リーク除外済み)
18:34:16 INFO     [src.ml.features] [SIMULATE] 特徴量生成 race_id=024042070350: 10 頭 × 46 特徴量 (リーク除外済み)
18:34:16 INFO     [src.ml.features] [SIMULATE] 特徴量生成 race_id=025082092754: 12 頭 × 46 特徴量 (リーク除外済み)
18:34:16 INFO     [src.ml.features] [SIMULATE] 特徴量生成 race_id=025162012542: 5 頭 × 46 特徴量 (リーク除外済み)
18:34:16 INFO     [src.ml.features] [SIMULATE] 特徴量生成 race_id=025142001345: 21 頭 × 46 特徴量 (リーク除外済み)
18:34:16 INFO     [src.ml.features] [SIMULATE] 特徴量生成 race_id=024192011842: 12 頭 × 46 特徴量 (リーク除外済み)
18:34:16 INFO     [src.ml.features] [SIMULATE] 特徴量生成 race_id=025192020836: 10 頭 × 46 特徴量 (リーク除外済み)
18:34:16 INFO     [src.ml.features] [SIMULATE] 特徴量生成 race_id=025032072230: 8 頭 × 46 特徴量 (リーク除外済み)
18:34:16 INFO     [src.ml.features] [SIMULATE] 特徴量生成 race_id=024012071048: 12 頭 × 46 特徴量 (リーク除外済み)
18:34:16 INFO     [src.ml.features] [SIMULATE] 特徴量生成 race_id=025112010343: 14 頭 × 46 特徴量 (リーク除外済み)
18:34:16 INFO     [src.ml.features] [SIMULATE] 特徴量生成 race_id=025012083135: 20 頭 × 46 特徴量 (リーク除外済み)
18:34:16 INFO     [src.ml.features] [SIMULATE] 特徴量生成 race_id=021122001145: 14 頭 × 46 特徴量 (リーク除外済み)
18:34:16 INFO     [src.ml.features] [SIMULATE] 特徴量生成 race_id=022192012843: 13 頭 × 46 特徴量 (リーク除外済み)
18:34:16 INFO     [src.ml.features] [SIMULATE] 特徴量生成 race_id=024132020236: 12 頭 × 46 特徴量 (リーク除外済み)
18:34:16 INFO     [src.ml.features] [SIMULATE] 特徴量生成 race_id=024192002843: 10 頭 × 46 特徴量 (リーク除外済み)
18:34:16 INFO     [src.ml.features] [SIMULATE] 特徴量生成 race_id=025082070748: 24 頭 × 46 特徴量 (リーク除外済み)
18:34:16 INFO     [src.ml.features] [SIMULATE] 特徴量生成 race_id=025042071346: 12 頭 × 46 特徴量 (リーク除外済み)
18:34:16 INFO     [src.ml.features] [SIMULATE] 特徴量生成 race_id=025062062550: 23 頭 × 46 特徴量 (リーク除外済み)
18:34:16 INFO     [src.ml.features] [SIMULATE] 特徴量生成 race_id=024042092354: 9 頭 × 46 特徴量 (リーク除外済み)
18:34:16 INFO     [src.ml.features] [SIMULATE] 特徴量生成 race_id=024142020336: 11 頭 × 46 特徴量 (リーク除外済み)
18:34:16 INFO     [src.ml.features] [SIMULATE] 特徴量生成 race_id=024102002943: 11 頭 × 46 特徴量 (リーク除外済み)
18:34:16 INFO     [src.ml.features] [SIMULATE] 特徴量生成 race_id=024022072155: 8 頭 × 46 特徴量 (リーク除外済み)
18:34:16 INFO     [src.ml.features] [SIMULATE] 特徴量生成 race_id=025092070848: 24 頭 × 46 特徴量 (リーク除外済み)
18:34:16 INFO     [src.ml.features] [SIMULATE] 特徴量生成 race_id=025072081655: 8 頭 × 46 特徴量 (リーク除外済み)
18:34:16 INFO     [src.ml.features] [SIMULATE] 特徴量生成 race_id=025062071546: 8 頭 × 46 特徴量 (リーク除外済み)
18:34:16 INFO     [src.ml.features] [SIMULATE] 特徴量生成 race_id=025152001445: 14 頭 × 46 特徴量 (リーク除外済み)
18:34:16 INFO     [src.ml.features] [SIMULATE] 特徴量生成 race_id=025102020936: 9 頭 × 46 特徴量 (リーク除外済み)
18:34:16 INFO     [src.ml.features] [SIMULATE] 特徴量生成 race_id=025152010443: 12 頭 × 46 特徴量 (リーク除外済み)
18:34:16 INFO     [src.ml.features] [SIMULATE] 特徴量生成 race_id=025012091047: 10 頭 × 46 特徴量 (リーク除外済み)
18:34:16 INFO     [src.ml.features] [SIMULATE] 特徴量生成 race_id=025022091047: 10 頭 × 46 特徴量 (リーク除外済み)
18:34:16 INFO     [src.ml.features] [SIMULATE] 特徴量生成 race_id=025072062650: 24 頭 × 46 特徴量 (リーク除外済み)
18:34:16 INFO     [src.ml.features] [SIMULATE] 特徴量生成 race_id=024192000845: 8 頭 × 46 特徴量 (リーク除外済み)
18:34:16 INFO     [src.ml.features] [SIMULATE] 特徴量生成 race_id=023112001045: 12 頭 × 46 特徴量 (リーク除外済み)
18:34:16 INFO     [src.ml.features] [SIMULATE] 特徴量生成 race_id=025172012642: 12 頭 × 46 特徴量 (リーク除外済み)
18:34:16 INFO     [src.ml.features] [SIMULATE] 特徴量生成 race_id=025092092854: 12 頭 × 46 特徴量 (リーク除外済み)
18:34:16 INFO     [src.ml.features] [SIMULATE] 特徴量生成 race_id=025042072330: 18 頭 × 46 特徴量 (リーク除外済み)
18:34:16 INFO     [src.ml.features] [SIMULATE] 特徴量生成 race_id=024052070450: 11 頭 × 46 特徴量 (リーク除外済み)
18:34:16 INFO     [src.ml.features] [SIMULATE] 特徴量生成 race_id=025042090344: 29 頭 × 46 特徴量 (リーク除外済み)
18:34:16 INFO     [src.ml.features] [SIMULATE] 特徴量生成 race_id=025112021036: 20 頭 × 46 特徴量 (リーク除外済み)
18:34:16 INFO     [src.ml.features] [SIMULATE] 特徴量生成 race_id=024062081547: 13 頭 × 46 特徴量 (リーク除外済み)
18:34:16 INFO     [src.ml.features] [SIMULATE] 特徴量生成 race_id=024062072530: 21 頭 × 46 特徴量 (リーク除外済み)
18:34:16 INFO     [src.ml.features] [SIMULATE] 特徴量生成 race_id=024152020436: 20 頭 × 46 特徴量 (リーク除外済み)
18:34:16 INFO     [src.ml.features] [SIMULATE] 特徴量生成 race_id=025052072430: 19 頭 × 46 特徴量 (リーク除外済み)
18:34:17 INFO     [src.ml.features] [SIMULATE] 特徴量生成 race_id=025022091147: 25 頭 × 46 特徴量 (リーク除外済み)
18:34:17 INFO     [src.ml.features] [SIMULATE] 特徴量生成 race_id=025082081755: 33 頭 × 46 特徴量 (リーク除外済み)
18:34:17 INFO     [src.ml.features] [SIMULATE] 特徴量生成 race_id=024092092854: 11 頭 × 46 特徴量 (リーク除外済み)
18:34:17 INFO     [src.ml.features] [SIMULATE] 特徴量生成 race_id=024112003043: 21 頭 × 46 特徴量 (リーク除外済み)
18:34:17 INFO     [src.ml.features] [SIMULATE] 特徴量生成 race_id=023122001145: 11 頭 × 46 特徴量 (リーク除外済み)
18:34:17 INFO     [src.ml.features] [SIMULATE] 特徴量生成 race_id=025182012742: 13 頭 × 46 特徴量 (リーク除外済み)
18:34:17 INFO     [src.ml.features] [SIMULATE] 特徴量生成 race_id=025152000454: 20 頭 × 46 特徴量 (リーク除外済み)
18:34:17 INFO     [src.ml.features] [SIMULATE] 特徴量生成 race_id=025032090235: 24 頭 × 46 特徴量 (リーク除外済み)
18:34:17 INFO     [src.ml.features] [SIMULATE] 特徴量生成 race_id=025002070948: 23 頭 × 46 特徴量 (リーク除外済み)
18:34:17 INFO     [src.ml.features] [SIMULATE] 特徴量生成 race_id=025092062750: 11 頭 × 46 特徴量 (リーク除外済み)
18:34:17 INFO     [src.ml.features] [SIMULATE] 特徴量生成 race_id=024082070550: 12 頭 × 46 特徴量 (リーク除外済み)
18:34:17 INFO     [src.ml.features] [SIMULATE] 特徴量生成 race_id=023062081544: 11 頭 × 46 特徴量 (リーク除外済み)
18:34:17 INFO     [src.ml.features] [SIMULATE] 特徴量生成 race_id=024102000945: 7 頭 × 46 特徴量 (リーク除外済み)
18:34:17 INFO     [src.ml.features] [SIMULATE] 特徴量生成 race_id=025162010543: 9 頭 × 46 特徴量 (リーク除外済み)
18:34:17 INFO     [src.ml.features] [SIMULATE] 特徴量生成 race_id=025162001545: 48 頭 × 46 特徴量 (リーク除外済み)
18:34:17 INFO     [src.ml.features] [SIMULATE] 特徴量生成 race_id=021082072730: 10 頭 × 46 特徴量 (リーク除外済み)
18:34:17 INFO     [src.ml.features] [SIMULATE] 特徴量生成 race_id=025192012842: 12 頭 × 46 特徴量 (リーク除外済み)
18:34:17 INFO     [src.ml.features] [SIMULATE] 特徴量生成 race_id=023122000154: 7 頭 × 46 特徴量 (リーク除外済み)
18:34:17 INFO     [src.ml.features] [SIMULATE] 特徴量生成 race_id=025012071048: 23 頭 × 46 特徴量 (リーク除外済み)
18:34:17 INFO     [src.ml.features] [SIMULATE] 特徴量生成 race_id=025172010643: 44 頭 × 46 特徴量 (リーク除外済み)
18:34:17 INFO     [src.ml.features] [SIMULATE] 特徴量生成 race_id=025042082355: 11 頭 × 46 特徴量 (リーク除外済み)
18:34:17 INFO     [src.ml.features] [SIMULATE] 特徴量生成 race_id=025172001645: 13 頭 × 46 特徴量 (リーク除外済み)
18:34:17 INFO     [src.ml.features] [SIMULATE] 特徴量生成 race_id=024072081647: 8 頭 × 46 特徴量 (リーク除外済み)
18:34:17 INFO     [src.ml.features] [SIMULATE] 特徴量生成 race_id=025022072146: 5 頭 × 46 特徴量 (リーク除外済み)
18:34:17 INFO     [src.ml.features] [SIMULATE] 特徴量生成 race_id=025032070250: 22 頭 × 46 特徴量 (リーク除外済み)
18:34:17 INFO     [src.ml.features] [SIMULATE] 特徴量生成 race_id=020102002943: 6 頭 × 46 特徴量 (リーク除外済み)
18:34:17 INFO     [src.ml.features] [SIMULATE] 特徴量生成 race_id=024112001045: 36 頭 × 46 特徴量 (リーク除外済み)
18:34:17 INFO     [src.ml.features] [SIMULATE] 特徴量生成 race_id=024112003143: 14 頭 × 46 特徴量 (リーク除外済み)
18:34:17 INFO     [src.ml.features] [SIMULATE] 特徴量生成 race_id=025002072930: 32 頭 × 46 特徴量 (リーク除外済み)
18:34:17 INFO     [src.ml.features] [SIMULATE] 特徴量生成 race_id=024142001335: 24 頭 × 46 特徴量 (リーク除外済み)
18:34:17 INFO     [src.ml.features] [SIMULATE] 特徴量生成 race_id=023132001245: 12 頭 × 46 特徴量 (リーク除外済み)
18:34:17 INFO     [src.ml.features] [SIMULATE] 特徴量生成 race_id=024122012142: 10 頭 × 46 特徴量 (リーク除外済み)
18:34:17 INFO     [src.ml.features] [SIMULATE] 特徴量生成 race_id=025032091247: 25 頭 × 46 特徴量 (リーク除外済み)
18:34:17 INFO     [src.ml.features] [SIMULATE] 特徴量生成 race_id=025162021536: 10 頭 × 46 特徴量 (リーク除外済み)
18:34:17 INFO     [src.ml.features] [SIMULATE] 特徴量生成 race_id=024162000554: 11 頭 × 46 特徴量 (リーク除外済み)
18:34:17 INFO     [src.ml.features] [SIMULATE] 特徴量生成 race_id=025122001154: 19 頭 × 46 特徴量 (リーク除外済み)
18:34:17 INFO     [src.ml.features] [SIMULATE] 特徴量生成 race_id=023082081744: 8 頭 × 46 特徴量 (リーク除外済み)
18:34:17 INFO     [src.ml.features] [SIMULATE] 特徴量生成 race_id=022002072944: 13 頭 × 46 特徴量 (リーク除外済み)
18:34:17 INFO     [src.ml.features] [SIMULATE] 特徴量生成 race_id=023122020143: 25 頭 × 46 特徴量 (リーク除外済み)
18:34:17 INFO     [src.ml.features] [SIMULATE] 特徴量生成 race_id=025062090544: 12 頭 × 46 特徴量 (リーク除外済み)
18:34:17 INFO     [src.ml.features] [SIMULATE] 特徴量生成 race_id=024122010143: 26 頭 × 46 特徴量 (リーク除外済み)
18:34:17 INFO     [src.ml.features] [SIMULATE] 特徴量生成 race_id=025002090935: 20 頭 × 46 特徴量 (リーク除外済み)
18:34:17 INFO     [src.ml.features] [SIMULATE] 特徴量生成 race_id=025172021636: 35 頭 × 46 特徴量 (リーク除外済み)
18:34:17 INFO     [src.ml.features] [SIMULATE] 特徴量生成 race_id=024172000654: 8 頭 × 46 特徴量 (リーク除外済み)
18:34:17 INFO     [src.ml.features] [SIMULATE] 特徴量生成 race_id=024062071250: 24 頭 × 46 特徴量 (リーク除外済み)
18:34:17 INFO     [src.ml.features] [SIMULATE] 特徴量生成 race_id=025012073130: 34 頭 × 46 特徴量 (リーク除外済み)
18:34:17 INFO     [src.ml.features] [SIMULATE] 特徴量生成 race_id=024022080130: 15 頭 × 46 特徴量 (リーク除外済み)
18:34:17 INFO     [src.ml.features] [SIMULATE] 特徴量生成 race_id=025072070450: 44 頭 × 46 特徴量 (リーク除外済み)
18:34:17 INFO     [src.ml.features] [SIMULATE] 特徴量生成 race_id=024122021136: 11 頭 × 46 特徴量 (リーク除外済み)
18:34:17 INFO     [src.ml.features] [SIMULATE] 特徴量生成 race_id=025132001254: 21 頭 × 46 特徴量 (リーク除外済み)
18:34:17 INFO     [src.ml.features] [SIMULATE] 特徴量生成 race_id=024162001535: 11 頭 × 46 特徴量 (リーク除外済み)
18:34:17 INFO     [src.ml.features] [SIMULATE] 特徴量生成 race_id=023192000854: 12 頭 × 46 特徴量 (リーク除外済み)
18:34:17 INFO     [src.ml.features] [SIMULATE] 特徴量生成 race_id=025132001235: 9 頭 × 46 特徴量 (リーク除外済み)
18:34:17 INFO     [src.ml.features] [SIMULATE] 特徴量生成 race_id=025182011745: 22 頭 × 46 特徴量 (リーク除外済み)
18:34:17 INFO     [src.ml.features] [SIMULATE] 特徴量生成 race_id=025012083055: 9 頭 × 46 特徴量 (リーク除外済み)
18:34:17 INFO     [src.ml.features] [SIMULATE] 特徴量生成 race_id=024112002035: 23 頭 × 46 特徴量 (リーク除外済み)
18:34:17 INFO     [src.ml.features] [SIMULATE] 特徴量生成 race_id=024092082847: 18 頭 × 46 特徴量 (リーク除外済み)
18:34:17 INFO     [src.ml.features] [SIMULATE] 特徴量生成 race_id=025192020843: 25 頭 × 46 特徴量 (リーク除外済み)
18:34:17 INFO     [src.ml.features] [SIMULATE] 特徴量生成 race_id=023032081255: 9 頭 × 46 特徴量 (リーク除外済み)
18:34:17 INFO     [src.ml.features] [SIMULATE] 特徴量生成 race_id=024142001354: 10 頭 × 46 特徴量 (リーク除外済み)
18:34:17 INFO     [src.ml.features] [SIMULATE] 特徴量生成 race_id=025082072746: 9 頭 × 46 特徴量 (リーク除外済み)
18:34:17 INFO     [src.ml.features] [SIMULATE] 特徴量生成 race_id=024122011145: 14 頭 × 46 特徴量 (リーク除外済み)
18:34:17 INFO     [src.ml.features] [SIMULATE] 特徴量生成 race_id=025042092347: 7 頭 × 46 特徴量 (リーク除外済み)
18:34:17 INFO     [src.ml.features] [SIMULATE] 特徴量生成 race_id=024162012543: 12 頭 × 46 特徴量 (リーク除外済み)
18:34:17 INFO     [src.ml.features] [SIMULATE] 特徴量生成 race_id=023162022536: 10 頭 × 46 特徴量 (リーク除外済み)
18:34:17 INFO     [src.ml.features] [SIMULATE] 特徴量生成 race_id=025002072946: 19 頭 × 46 特徴量 (リーク除外済み)
18:34:17 INFO     [src.ml.features] [SIMULATE] 特徴量生成 race_id=024092071850: 9 頭 × 46 特徴量 (リーク除外済み)
18:34:17 INFO     [src.ml.features] [SIMULATE] 特徴量生成 race_id=024182021736: 21 頭 × 46 特徴量 (リーク除外済み)
18:34:17 INFO     [src.ml.features] [SIMULATE] 特徴量生成 race_id=025022072148: 23 頭 × 46 特徴量 (リーク除外済み)
18:34:17 INFO     [src.ml.features] [SIMULATE] 特徴量生成 race_id=024082080730: 20 頭 × 46 特徴量 (リーク除外済み)
18:34:17 INFO     [src.ml.features] [SIMULATE] 特徴量生成 race_id=025052092447: 26 頭 × 46 特徴量 (リーク除外済み)
18:34:17 INFO     [src.ml.features] [SIMULATE] 特徴量生成 race_id=024052072448: 12 頭 × 46 特徴量 (リーク除外済み)
18:34:17 INFO     [src.ml.features] [SIMULATE] 特徴量生成 race_id=020072072350: 10 頭 × 46 特徴量 (リーク除外済み)
18:34:18 INFO     [src.ml.features] [SIMULATE] 特徴量生成 race_id=023162001554: 9 頭 × 46 特徴量 (リーク除外済み)
18:34:18 INFO     [src.ml.features] [SIMULATE] 特徴量生成 race_id=024012081055: 9 頭 × 46 特徴量 (リーク除外済み)
18:34:18 INFO     [src.ml.features] [SIMULATE] 特徴量生成 race_id=025012083155: 10 頭 × 46 特徴量 (リーク除外済み)
18:34:18 INFO     [src.ml.features] [SIMULATE] 特徴量生成 race_id=024152001454: 9 頭 × 46 特徴量 (リーク除外済み)
18:34:18 INFO     [src.ml.features] [SIMULATE] 特徴量生成 race_id=025142001335: 28 頭 × 46 特徴量 (リーク除外済み)
18:34:18 INFO     [src.ml.features] [SIMULATE] 特徴量生成 race_id=024132011245: 14 頭 × 46 特徴量 (リーク除外済み)
18:34:18 INFO     [src.ml.features] [SIMULATE] 特徴量生成 race_id=024172012643: 18 頭 × 46 特徴量 (リーク除外済み)
18:34:18 INFO     [src.ml.features] [SIMULATE] 特徴量生成 race_id=025142022342: 13 頭 × 46 特徴量 (リーク除外済み)
18:34:18 INFO     [src.ml.features] [SIMULATE] 特徴量生成 race_id=025072091644: 14 頭 × 46 特徴量 (リーク除外済み)
18:34:18 INFO     [src.ml.features] [SIMULATE] 特徴量生成 race_id=025192011845: 25 頭 × 46 特徴量 (リーク除外済み)
18:34:18 INFO     [src.ml.features] [SIMULATE] 特徴量生成 race_id=025012071050: 21 頭 × 46 特徴量 (リーク除外済み)
18:34:18 INFO     [src.ml.features] [SIMULATE] 特徴量生成 race_id=024102001954: 18 頭 × 46 特徴量 (リーク除外済み)
18:34:18 INFO     [src.ml.features] [SIMULATE] 特徴量生成 race_id=025162002554: 31 頭 × 46 特徴量 (リーク除外済み)
18:34:18 INFO     [src.ml.features] [SIMULATE] 特徴量生成 race_id=025152022442: 22 頭 × 46 特徴量 (リーク除外済み)
18:34:18 INFO     [src.ml.features] [SIMULATE] 特徴量生成 race_id=024192021836: 12 頭 × 46 特徴量 (リーク除外済み)
18:34:18 INFO     [src.ml.features] [SIMULATE] 特徴量生成 race_id=025142022336: 12 頭 × 46 特徴量 (リーク除外済み)
18:34:18 INFO     [src.ml.features] [SIMULATE] 特徴量生成 race_id=025052090455: 22 頭 × 46 特徴量 (リーク除外済み)
18:34:18 INFO     [src.ml.features] [SIMULATE] 特徴量生成 race_id=025112021043: 24 頭 × 46 特徴量 (リーク除外済み)
18:34:18 INFO     [src.ml.features] [SIMULATE] 特徴量生成 race_id=023182001735: 8 頭 × 46 特徴量 (リーク除外済み)
18:34:18 INFO     [src.ml.features] [SIMULATE] 特徴量生成 race_id=023192010845: 22 頭 × 46 特徴量 (リーク除外済み)
18:34:18 INFO     [src.ml.features] [SIMULATE] 特徴量生成 race_id=025062092547: 33 頭 × 46 特徴量 (リーク除外済み)
18:34:18 INFO     [src.ml.features] [SIMULATE] 特徴量生成 race_id=024182012743: 12 頭 × 46 特徴量 (リーク除外済み)
18:34:18 INFO     [src.ml.features] [SIMULATE] 特徴量生成 race_id=025082091744: 15 頭 × 46 特徴量 (リーク除外済み)
18:34:18 INFO     [src.ml.features] [SIMULATE] 特徴量生成 race_id=025092091744: 15 頭 × 46 特徴量 (リーク除外済み)
18:34:18 INFO     [src.ml.features] [SIMULATE] 特徴量生成 race_id=025102011945: 49 頭 × 46 特徴量 (リーク除外済み)
18:34:18 INFO     [src.ml.features] [SIMULATE] 特徴量生成 race_id=023192021843: 7 頭 × 46 特徴量 (リーク除外済み)
18:34:18 INFO     [src.ml.features] [SIMULATE] 特徴量生成 race_id=024022071950: 12 頭 × 46 特徴量 (リーク除外済み)
18:34:18 INFO     [src.ml.features] [SIMULATE] 特徴量生成 race_id=022132002254: 12 頭 × 46 特徴量 (リーク除外済み)
18:34:18 INFO     [src.ml.features] [SIMULATE] 特徴量生成 race_id=024142011345: 14 頭 × 46 特徴量 (リーク除外済み)
18:34:18 INFO     [src.ml.features] [SIMULATE] 特徴量生成 race_id=025042072348: 36 頭 × 46 特徴量 (リーク除外済み)
18:34:18 INFO     [src.ml.features] [SIMULATE] 特徴量生成 race_id=023022081030: 8 頭 × 46 特徴量 (リーク除外済み)
18:34:18 INFO     [src.ml.features] [SIMULATE] 特徴量生成 race_id=021012081030: 11 頭 × 46 特徴量 (リーク除外済み)
18:34:18 INFO     [src.ml.features] [SIMULATE] 特徴量生成 race_id=023132002254: 10 頭 × 46 特徴量 (リーク除外済み)
18:34:18 INFO     [src.ml.features] [SIMULATE] 特徴量生成 race_id=024112002054: 12 頭 × 46 特徴量 (リーク除外済み)
18:34:18 INFO     [src.ml.features] [SIMULATE] 特徴量生成 race_id=023142023036: 12 頭 × 46 特徴量 (リーク除外済み)
18:34:18 INFO     [src.ml.features] [SIMULATE] 特徴量生成 race_id=025102001935: 33 頭 × 46 特徴量 (リーク除外済み)
18:34:18 INFO     [src.ml.features] [SIMULATE] 特徴量生成 race_id=022112022043: 5 頭 × 46 特徴量 (リーク除外済み)
18:34:18 INFO     [src.ml.features] [SIMULATE] 特徴量生成 race_id=025052072448: 12 頭 × 46 特徴量 (リーク除外済み)
18:34:18 INFO     [src.ml.features] [SIMULATE] 特徴量生成 race_id=025172002654: 11 頭 × 46 特徴量 (リーク除外済み)
18:34:18 INFO     [src.ml.features] [SIMULATE] 特徴量生成 race_id=024042081330: 9 頭 × 46 特徴量 (リーク除外済み)
18:34:18 INFO     [src.ml.features] [SIMULATE] 特徴量生成 race_id=025072092647: 10 頭 × 46 特徴量 (リーク除外済み)
18:34:18 INFO     [src.ml.features] [SIMULATE] 特徴量生成 race_id=024192012843: 14 頭 × 46 特徴量 (リーク除外済み)
18:34:18 INFO     [src.ml.features] [SIMULATE] 特徴量生成 race_id=025162022542: 12 頭 × 46 特徴量 (リーク除外済み)
18:34:18 INFO     [src.ml.features] [SIMULATE] 特徴量生成 race_id=024132022236: 11 頭 × 46 特徴量 (リーク除外済み)
18:34:18 INFO     [src.ml.features] [SIMULATE] 特徴量生成 race_id=025032081230: 30 頭 × 46 特徴量 (リーク除外済み)
18:34:18 INFO     [src.ml.features] [SIMULATE] 特徴量生成 race_id=021122011145: 13 頭 × 46 特徴量 (リーク除外済み)
18:34:18 INFO     [src.ml.features] [SIMULATE] 特徴量生成 race_id=021162012542: 11 頭 × 46 特徴量 (リーク除外済み)
18:34:18 INFO     [src.ml.features] [SIMULATE] 特徴量生成 race_id=023102010945: 14 頭 × 46 特徴量 (リーク除外済み)
18:34:18 INFO     [src.ml.features] [SIMULATE] 特徴量生成 race_id=025112012045: 13 頭 × 46 特徴量 (リーク除外済み)
18:34:18 INFO     [src.ml.features] [SIMULATE] 特徴量生成 race_id=025092091844: 25 頭 × 46 特徴量 (リーク除外済み)
18:34:18 INFO     [src.ml.features] [SIMULATE] 特徴量生成 race_id=023082090744: 10 頭 × 46 特徴量 (リーク除外済み)
18:34:18 INFO     [src.ml.features] [SIMULATE] 特徴量生成 race_id=023102021943: 10 頭 × 46 特徴量 (リーク除外済み)
18:34:18 INFO     [src.ml.features] [SIMULATE] 特徴量生成 race_id=025072071650: 19 頭 × 46 特徴量 (リーク除外済み)
18:34:18 INFO     [src.ml.features] [SIMULATE] 特徴量生成 race_id=025122021143: 28 頭 × 46 特徴量 (リーク除外済み)
18:34:18 INFO     [src.ml.features] [SIMULATE] 特徴量生成 race_id=025122010154: 12 頭 × 46 特徴量 (リーク除外済み)
18:34:18 INFO     [src.ml.features] [SIMULATE] 特徴量生成 race_id=025042081330: 17 頭 × 46 特徴量 (リーク除外済み)
18:34:18 INFO     [src.ml.features] [SIMULATE] 特徴量生成 race_id=023012072050: 9 頭 × 46 特徴量 (リーク除外済み)
18:34:18 INFO     [src.ml.features] [SIMULATE] 特徴量生成 race_id=024032091247: 28 頭 × 46 特徴量 (リーク除外済み)
18:34:18 INFO     [src.ml.features] [SIMULATE] 特徴量生成 race_id=025062072548: 11 頭 × 46 特徴量 (リーク除外済み)
18:34:18 INFO     [src.ml.features] [SIMULATE] 特徴量生成 race_id=025082090755: 21 頭 × 46 特徴量 (リーク除外済み)
18:34:18 INFO     [src.ml.features] [SIMULATE] 特徴量生成 race_id=025112002035: 21 頭 × 46 特徴量 (リーク除外済み)
18:34:18 INFO     [src.ml.features] [SIMULATE] 特徴量生成 race_id=024102012943: 20 頭 × 46 特徴量 (リーク除外済み)
18:34:18 INFO     [src.ml.features] [SIMULATE] 特徴量生成 race_id=024062072550: 10 頭 × 46 特徴量 (リーク除外済み)
18:34:18 INFO     [src.ml.features] [SIMULATE] 特徴量生成 race_id=025082071750: 22 頭 × 46 特徴量 (リーク除外済み)
18:34:18 INFO     [src.ml.features] [SIMULATE] 特徴量生成 race_id=023112011045: 12 頭 × 46 特徴量 (リーク除外済み)
18:34:18 INFO     [src.ml.features] [SIMULATE] 特徴量生成 race_id=025132021243: 14 頭 × 46 特徴量 (リーク除外済み)
18:34:18 INFO     [src.ml.features] [SIMULATE] 特徴量生成 race_id=024162011545: 12 頭 × 46 特徴量 (リーク除外済み)
18:34:18 INFO     [src.ml.features] [SIMULATE] 特徴量生成 race_id=023112022043: 10 頭 × 46 特徴量 (リーク除外済み)
18:34:18 INFO     [src.ml.features] [SIMULATE] 特徴量生成 race_id=024052081430: 19 頭 × 46 特徴量 (リーク除外済み)
18:34:18 INFO     [src.ml.features] [SIMULATE] 特徴量生成 race_id=024062081530: 11 頭 × 46 特徴量 (リーク除外済み)
18:34:18 INFO     [src.ml.features] [SIMULATE] 特徴量生成 race_id=025112023136: 12 頭 × 46 特徴量 (リーク除外済み)
18:34:18 INFO     [src.ml.features] [SIMULATE] 特徴量生成 race_id=024042091344: 21 頭 × 46 特徴量 (リーク除外済み)
18:34:19 INFO     [src.ml.features] [SIMULATE] 特徴量生成 race_id=025132010254: 12 頭 × 46 特徴量 (リーク除外済み)
18:34:19 INFO     [src.ml.features] [SIMULATE] 特徴量生成 race_id=023102002954: 22 頭 × 46 特徴量 (リーク除外済み)
18:34:19 INFO     [src.ml.features] [SIMULATE] 特徴量生成 race_id=025052081430: 15 頭 × 46 特徴量 (リーク除外済み)
18:34:19 INFO     [src.ml.features] [SIMULATE] 特徴量生成 race_id=025122002135: 35 頭 × 46 特徴量 (リーク除外済み)
18:34:19 INFO     [src.ml.features] [SIMULATE] 特徴量生成 race_id=025092071850: 9 頭 × 46 特徴量 (リーク除外済み)
18:34:19 INFO     [src.ml.features] [SIMULATE] 特徴量生成 race_id=022002081944: 12 頭 × 46 特徴量 (リーク除外済み)
18:34:19 INFO     [src.ml.features] [SIMULATE] 特徴量生成 race_id=024142010254: 10 頭 × 46 特徴量 (リーク除外済み)
18:34:19 INFO     [src.ml.features] [SIMULATE] 特徴量生成 race_id=025042072350: 45 頭 × 46 特徴量 (リーク除外済み)
18:34:19 INFO     [src.ml.features] [SIMULATE] 特徴量生成 race_id=026072010642: 11 頭 × 46 特徴量 (リーク除外済み)
18:34:19 INFO     [src.ml.features] [SIMULATE] 特徴量生成 race_id=022032080248: 10 頭 × 46 特徴量 (リーク除外済み)
18:34:19 INFO     [src.ml.features] [SIMULATE] 特徴量生成 race_id=025092081848: 12 頭 × 46 特徴量 (リーク除外済み)
18:34:19 INFO     [src.ml.features] [SIMULATE] 特徴量生成 race_id=024152010335: 26 頭 × 46 特徴量 (リーク除外済み)
18:34:19 INFO     [src.ml.features] [SIMULATE] 特徴量生成 race_id=024172021643: 9 頭 × 46 特徴量 (リーク除外済み)
18:34:19 INFO     [src.ml.features] [SIMULATE] 特徴量生成 race_id=025182000747: 9 頭 × 46 特徴量 (リーク除外済み)
18:34:19 INFO     [src.ml.features] [SIMULATE] 特徴量生成 race_id=025162021545: 12 頭 × 46 特徴量 (リーク除外済み)
18:34:19 INFO     [src.ml.features] [SIMULATE] 特徴量生成 race_id=025102010854: 9 頭 × 46 特徴量 (リーク除外済み)
18:34:19 INFO     [src.ml.features] [SIMULATE] 特徴量生成 race_id=024012073150: 6 頭 × 46 特徴量 (リーク除外済み)
18:34:19 INFO     [src.ml.features] [SIMULATE] 特徴量生成 race_id=024102020945: 24 頭 × 46 特徴量 (リーク除外済み)
18:34:19 INFO     [src.ml.features] [SIMULATE] 特徴量生成 race_id=025002081930: 12 頭 × 46 特徴量 (リーク除外済み)
18:34:19 INFO     [src.ml.features] [SIMULATE] 特徴量生成 race_id=024072080648: 11 頭 × 46 特徴量 (リーク除外済み)
18:34:19 INFO     [src.ml.features] [SIMULATE] 特徴量生成 race_id=025162002635: 12 頭 × 46 特徴量 (リーク除外済み)
18:34:19 INFO     [src.ml.features] [SIMULATE] 特徴量生成 race_id=024042092347: 10 頭 × 46 特徴量 (リーク除外済み)
18:34:19 INFO     [src.ml.features] [SIMULATE] 特徴量生成 race_id=016052091944: 14 頭 × 46 特徴量 (リーク除外済み)
18:34:19 INFO     [src.ml.features] [SIMULATE] 特徴量生成 race_id=025182002735: 9 頭 × 46 特徴量 (リーク除外済み)
18:34:19 INFO     [src.ml.features] [SIMULATE] 特徴量生成 race_id=025192000847: 36 頭 × 46 特徴量 (リーク除外済み)
18:34:19 INFO     [src.ml.features] [SIMULATE] 特徴量生成 race_id=024062082555: 8 頭 × 46 特徴量 (リーク除外済み)
18:34:19 INFO     [src.ml.features] [SIMULATE] 特徴量生成 race_id=024152010354: 11 頭 × 46 特徴量 (リーク除外済み)
18:34:19 INFO     [src.ml.features] [SIMULATE] 特徴量生成 race_id=024142010354: 8 頭 × 46 特徴量 (リーク除外済み)
18:34:19 INFO     [src.ml.features] [SIMULATE] 特徴量生成 race_id=025102010954: 10 頭 × 46 特徴量 (リーク除外済み)
18:34:19 INFO     [src.ml.features] [SIMULATE] 特徴量生成 race_id=026012012043: 28 頭 × 46 特徴量 (リーク除外済み)
18:34:19 INFO     [src.ml.features] [SIMULATE] 特徴量生成 race_id=024182021743: 10 頭 × 46 特徴量 (リーク除外済み)
18:34:19 INFO     [src.ml.features] [SIMULATE] 特徴量生成 race_id=025052072450: 12 頭 × 46 特徴量 (リーク除外済み)
18:34:19 INFO     [src.ml.features] [SIMULATE] 特徴量生成 race_id=025052091455: 20 頭 × 46 特徴量 (リーク除外済み)
18:34:19 INFO     [src.ml.features] [SIMULATE] 特徴量生成 race_id=025002081948: 24 頭 × 46 特徴量 (リーク除外済み)
18:34:19 INFO     [src.ml.features] [SIMULATE] 特徴量生成 race_id=025092010842: 12 頭 × 46 特徴量 (リーク除外済み)
18:34:19 INFO     [src.ml.features] [SIMULATE] 特徴量生成 race_id=026082010742: 12 頭 × 46 特徴量 (リーク除外済み)
18:34:19 INFO     [src.ml.features] [SIMULATE] 特徴量生成 race_id=024022082130: 10 頭 × 46 特徴量 (リーク除外済み)
18:34:19 INFO     [src.ml.features] [SIMULATE] 特徴量生成 race_id=025012082030: 24 頭 × 46 特徴量 (リーク除外済み)
18:34:19 INFO     [src.ml.features] [SIMULATE] 特徴量生成 race_id=023132022242: 11 頭 × 46 特徴量 (リーク除外済み)
18:34:19 INFO     [src.ml.features] [SIMULATE] 特徴量生成 race_id=024102010954: 16 頭 × 46 特徴量 (リーク除外済み)
18:34:19 INFO     [src.ml.features] [SIMULATE] 特徴量生成 race_id=024072092647: 21 頭 × 46 特徴量 (リーク除外済み)
18:34:19 INFO     [src.ml.features] [SIMULATE] 特徴量生成 race_id=022132011254: 9 頭 × 46 特徴量 (リーク除外済み)
18:34:19 INFO     [src.ml.features] [SIMULATE] 特徴量生成 race_id=024082011743: 12 頭 × 46 特徴量 (リーク除外済み)
18:34:19 INFO     [src.ml.features] [SIMULATE] 特徴量生成 race_id=025102000947: 25 頭 × 46 特徴量 (リーク除外済み)
18:34:19 INFO     [src.ml.features] [SIMULATE] 特徴量生成 race_id=025062091555: 22 頭 × 46 特徴量 (リーク除外済み)
18:34:19 INFO     [src.ml.features] [SIMULATE] 特徴量生成 race_id=025182021745: 21 頭 × 46 特徴量 (リーク除外済み)
18:34:19 INFO     [src.ml.features] [SIMULATE] 特徴量生成 race_id=024032082230: 22 頭 × 46 特徴量 (リーク除外済み)
18:34:19 INFO     [src.ml.features] [SIMULATE] 特徴量生成 race_id=026092010842: 12 頭 × 46 特徴量 (リーク除外済み)
18:34:19 INFO     [src.ml.features] [SIMULATE] 特徴量生成 race_id=024052080250: 10 頭 × 46 特徴量 (リーク除外済み)
18:34:19 INFO     [src.ml.features] [SIMULATE] 特徴量生成 race_id=025192002835: 12 頭 × 46 特徴量 (リーク除外済み)
18:34:19 INFO     [src.ml.features] [SIMULATE] 特徴量生成 race_id=021162021545: 13 頭 × 46 特徴量 (リーク除外済み)
18:34:19 INFO     [src.ml.features] [SIMULATE] 特徴量生成 race_id=024192021843: 12 頭 × 46 特徴量 (リーク除外済み)
18:34:19 INFO     [src.ml.features] [SIMULATE] 特徴量生成 race_id=023142021345: 14 頭 × 46 特徴量 (リーク除外済み)
18:34:19 INFO     [src.ml.features] [SIMULATE] 特徴量生成 race_id=025012082048: 12 頭 × 46 特徴量 (リーク除外済み)
18:34:19 INFO     [src.ml.features] [SIMULATE] 特徴量生成 race_id=025182000744: 12 頭 × 46 特徴量 (リーク除外済み)
18:34:19 INFO     [src.ml.features] [SIMULATE] 特徴量生成 race_id=024102000144: 7 頭 × 46 特徴量 (リーク除外済み)
18:34:19 INFO     [src.ml.features] [SIMULATE] 特徴量生成 race_id=025112000744: 12 頭 × 46 特徴量 (リーク除外済み)
18:34:19 INFO     [src.ml.features] [SIMULATE] 特徴量生成 race_id=026022012143: 13 頭 × 46 特徴量 (リーク除外済み)
18:34:19 INFO     [src.ml.features] [SIMULATE] 特徴量生成 race_id=024172010635: 22 頭 × 46 特徴量 (リーク除外済み)
18:34:19 INFO     [src.ml.features] [SIMULATE] 特徴量生成 race_id=025022082148: 21 頭 × 46 特徴量 (リーク除外済み)
18:34:19 INFO     [src.ml.features] [SIMULATE] 特徴量生成 race_id=024112023136: 23 頭 × 46 特徴量 (リーク除外済み)
18:34:19 INFO     [src.ml.features] [SIMULATE] 特徴量生成 race_id=024132021245: 10 頭 × 46 特徴量 (リーク除外済み)
18:34:19 INFO     [src.ml.features] [SIMULATE] 特徴量生成 race_id=023022092144: 17 頭 × 46 特徴量 (リーク除外済み)
18:34:19 INFO     [src.ml.features] [SIMULATE] 特徴量生成 race_id=025192021845: 24 頭 × 46 特徴量 (リーク除外済み)
18:34:19 INFO     [src.ml.features] [SIMULATE] 特徴量生成 race_id=024102021943: 43 頭 × 46 特徴量 (リーク除外済み)
18:34:19 INFO     [src.ml.features] [SIMULATE] 特徴量生成 race_id=024082082730: 11 頭 × 46 特徴量 (リーク除外済み)
18:34:19 INFO     [src.ml.features] [SIMULATE] 特徴量生成 race_id=025012092055: 12 頭 × 46 特徴量 (リーク除外済み)
18:34:19 INFO     [src.ml.features] [SIMULATE] 特徴量生成 race_id=024112011035: 10 頭 × 46 特徴量 (リーク除外済み)
18:34:19 INFO     [src.ml.features] [SIMULATE] 特徴量生成 race_id=026032012243: 13 頭 × 46 特徴量 (リーク除外済み)
18:34:19 INFO     [src.ml.features] [SIMULATE] 特徴量生成 race_id=025112001047: 10 頭 × 46 特徴量 (リーク除外済み)
18:34:19 INFO     [src.ml.features] [SIMULATE] 特徴量生成 race_id=021052082430: 9 頭 × 46 特徴量 (リーク除外済み)
18:34:19 INFO     [src.ml.features] [SIMULATE] 特徴量生成 race_id=025192000844: 26 頭 × 46 特徴量 (リーク除外済み)
18:34:19 INFO     [src.ml.features] [SIMULATE] 特徴量生成 race_id=024012083155: 7 頭 × 46 特徴量 (リーク除外済み)
18:34:19 INFO     [src.ml.features] [SIMULATE] 特徴量生成 race_id=025072082630: 35 頭 × 46 特徴量 (リーク除外済み)
18:34:19 INFO     [src.ml.features] [SIMULATE] 特徴量生成 race_id=025172011654: 17 頭 × 46 特徴量 (リーク除外済み)
18:34:19 INFO     [src.ml.features] [SIMULATE] 特徴量生成 race_id=024002082730: 12 頭 × 46 特徴量 (リーク除外済み)
18:34:20 INFO     [src.ml.features] [SIMULATE] 特徴量生成 race_id=024082092747: 9 頭 × 46 特徴量 (リーク除外済み)
18:34:20 INFO     [src.ml.features] [SIMULATE] 特徴量生成 race_id=024092011843: 13 頭 × 46 特徴量 (リーク除外済み)
18:34:20 INFO     [src.ml.features] [SIMULATE] 特徴量生成 race_id=026002010942: 12 頭 × 46 特徴量 (リーク除外済み)
18:34:20 INFO     [src.ml.features] [SIMULATE] 特徴量生成 race_id=024172011654: 12 頭 × 46 特徴量 (リーク除外済み)
18:34:20 INFO     [src.ml.features] [SIMULATE] 特徴量生成 race_id=025032082248: 23 頭 × 46 特徴量 (リーク除外済み)
18:34:20 INFO     [src.ml.features] [SIMULATE] 特徴量生成 race_id=025022092155: 12 頭 × 46 特徴量 (リーク除外済み)
18:34:20 INFO     [src.ml.features] [SIMULATE] 特徴量生成 race_id=025082082730: 30 頭 × 46 特徴量 (リーク除外済み)
18:34:20 INFO     [src.ml.features] [SIMULATE] 特徴量生成 race_id=025012073150: 27 頭 × 46 特徴量 (リーク除外済み)
18:34:20 INFO     [src.ml.features] [SIMULATE] 特徴量生成 race_id=023032092244: 22 頭 × 46 特徴量 (リーク除外済み)
18:34:20 INFO     [src.ml.features] [SIMULATE] 特徴量生成 race_id=025132010235: 42 頭 × 46 特徴量 (リーク除外済み)
18:34:20 INFO     [src.ml.features] [SIMULATE] 特徴量生成 race_id=025102000944: 16 頭 × 46 特徴量 (リーク除外済み)
18:34:20 INFO     [src.ml.features] [SIMULATE] 特徴量生成 race_id=022022090944: 6 頭 × 46 特徴量 (リーク除外済み)
18:34:20 INFO     [src.ml.features] [SIMULATE] 特徴量生成 race_id=024002011943: 14 頭 × 46 特徴量 (リーク除外済み)
18:34:20 INFO     [src.ml.features] [SIMULATE] 特徴量生成 race_id=024182011754: 21 頭 × 46 特徴量 (リーク除外済み)
18:34:20 INFO     [src.ml.features] [SIMULATE] 特徴量生成 race_id=024002082930: 21 頭 × 46 特徴量 (リーク除外済み)
18:34:20 INFO     [src.ml.features] [SIMULATE] 特徴量生成 race_id=023102011954: 10 頭 × 46 特徴量 (リーク除外済み)
18:34:20 INFO     [src.ml.features] [SIMULATE] 特徴量生成 race_id=025092082830: 42 頭 × 46 特徴量 (リーク除外済み)
18:34:20 INFO     [src.ml.features] [SIMULATE] 特徴量生成 race_id=024152000444: 10 頭 × 46 特徴量 (リーク除外済み)
18:34:20 INFO     [src.ml.features] [SIMULATE] 特徴量生成 race_id=025152012454: 9 頭 × 46 特徴量 (リーク除外済み)
18:34:20 INFO     [src.ml.features] [SIMULATE] 特徴量生成 race_id=024032080950: 10 頭 × 46 特徴量 (リーク除外済み)
18:34:20 INFO     [src.ml.features] [SIMULATE] 特徴量生成 race_id=025152010435: 21 頭 × 46 特徴量 (リーク除外済み)
18:34:20 INFO     [src.ml.features] [SIMULATE] 特徴量生成 race_id=025112001044: 23 頭 × 46 特徴量 (リーク除外済み)
18:34:20 INFO     [src.ml.features] [SIMULATE] 特徴量生成 race_id=023182010735: 11 頭 × 46 特徴量 (リーク除外済み)
18:34:20 INFO     [src.ml.features] [SIMULATE] 特徴量生成 race_id=025012082830: 9 頭 × 46 特徴量 (リーク除外済み)
18:34:20 INFO     [src.ml.features] [SIMULATE] 特徴量生成 race_id=024142012354: 19 頭 × 46 特徴量 (リーク除外済み)
18:34:20 INFO     [src.ml.features] [SIMULATE] 特徴量生成 race_id=024152001444: 12 頭 × 46 特徴量 (リーク除外済み)
18:34:20 INFO     [src.ml.features] [SIMULATE] 特徴量生成 race_id=025012012043: 26 頭 × 46 特徴量 (リーク除外済み)
18:34:20 INFO     [src.ml.features] [SIMULATE] 特徴量生成 race_id=023162012554: 10 頭 × 46 特徴量 (リーク除外済み)
18:34:20 INFO     [src.ml.features] [SIMULATE] 特徴量生成 race_id=024012021043: 9 頭 × 46 特徴量 (リーク除外済み)
18:34:20 INFO     [src.ml.features] [SIMULATE] 特徴量生成 race_id=024052081450: 10 頭 × 46 特徴量 (リーク除外済み)
18:34:20 INFO     [src.ml.features] [SIMULATE] 特徴量生成 race_id=024192000847: 25 頭 × 46 特徴量 (リーク除外済み)
18:34:20 INFO     [src.ml.features] [SIMULATE] 特徴量生成 race_id=023002080950: 10 頭 × 46 特徴量 (リーク除外済み)
18:34:20 INFO     [src.ml.features] [SIMULATE] 特徴量生成 race_id=024082090755: 8 頭 × 46 特徴量 (リーク除外済み)
18:34:20 INFO     [src.ml.features] [SIMULATE] 特徴量生成 race_id=025032090248: 12 頭 × 46 特徴量 (リーク除外済み)
18:34:20 INFO     [src.ml.features] [SIMULATE] 特徴量生成 race_id=023072091655: 12 頭 × 46 特徴量 (リーク除外済み)
18:34:20 INFO     [src.ml.features] [SIMULATE] 特徴量生成 race_id=026002020943: 14 頭 × 46 特徴量 (リーク除外済み)
18:34:20 INFO     [src.ml.features] [SIMULATE] 特徴量生成 race_id=024012082048: 23 頭 × 46 特徴量 (リーク除外済み)
18:34:20 INFO     [src.ml.features] [SIMULATE] 特徴量生成 race_id=025002030936: 9 頭 × 46 特徴量 (リーク除外済み)
18:34:20 INFO     [src.ml.features] [SIMULATE] 特徴量生成 race_id=025122002147: 29 頭 × 46 特徴量 (リーク除外済み)
18:34:20 INFO     [src.ml.features] [SIMULATE] 特徴量生成 race_id=023032082248: 7 頭 × 46 特徴量 (リーク除外済み)
18:34:20 INFO     [src.ml.features] [SIMULATE] 特徴量生成 race_id=025022010145: 13 頭 × 46 特徴量 (リーク除外済み)
18:34:20 INFO     [src.ml.features] [SIMULATE] 特徴量生成 race_id=025072080650: 12 頭 × 46 特徴量 (リーク除外済み)
18:34:20 INFO     [src.ml.features] [SIMULATE] 特徴量生成 race_id=026022010145: 12 頭 × 46 特徴量 (リーク除外済み)
18:34:20 INFO     [src.ml.features] [SIMULATE] 特徴量生成 race_id=025132002247: 46 頭 × 46 特徴量 (リーク除外済み)
18:34:20 INFO     [src.ml.features] [SIMULATE] 特徴量生成 race_id=026032010245: 12 頭 × 46 特徴量 (リーク除外済み)
18:34:20 INFO     [src.ml.features] [SIMULATE] 特徴量生成 race_id=023032010245: 11 頭 × 46 特徴量 (リーク除外済み)
18:34:20 INFO     [src.ml.features] [SIMULATE] 特徴量生成 race_id=025122011135: 21 頭 × 46 特徴量 (リーク除外済み)
18:34:20 INFO     [src.ml.features] [SIMULATE] 特徴量生成 race_id=025092092855: 19 頭 × 46 特徴量 (リーク除外済み)
18:34:20 INFO     [src.ml.features] [SIMULATE] 特徴量生成 race_id=025032010245: 12 頭 × 46 特徴量 (リーク除外済み)
18:34:20 INFO     [src.ml.features] [SIMULATE] 特徴量生成 race_id=023172012654: 10 頭 × 46 特徴量 (リーク除外済み)
18:34:20 INFO     [src.ml.features] [SIMULATE] 特徴量生成 race_id=025022012143: 33 頭 × 46 特徴量 (リーク除外済み)
18:34:20 INFO     [src.ml.features] [SIMULATE] 特徴量生成 race_id=025042090330: 8 頭 × 46 特徴量 (リーク除外済み)
18:34:20 INFO     [src.ml.features] [SIMULATE] 特徴量生成 race_id=024072020643: 7 頭 × 46 特徴量 (リーク除外済み)
18:34:20 INFO     [src.ml.features] [SIMULATE] 特徴量生成 race_id=025062022542: 33 頭 × 46 特徴量 (リーク除外済み)
18:34:20 INFO     [src.ml.features] [SIMULATE] 特徴量生成 race_id=025122002144: 12 頭 × 46 特徴量 (リーク除外済み)
18:34:20 INFO     [src.ml.features] [SIMULATE] 特徴量生成 race_id=024012011042: 12 頭 × 46 特徴量 (リーク除外済み)
18:34:20 INFO     [src.ml.features] [SIMULATE] 特徴量生成 race_id=024152012454: 12 頭 × 46 特徴量 (リーク除外済み)
18:34:20 INFO     [src.ml.features] [SIMULATE] 特徴量生成 race_id=025112013054: 20 頭 × 46 特徴量 (リーク除外済み)
18:34:20 INFO     [src.ml.features] [SIMULATE] 特徴量生成 race_id=024062081550: 9 頭 × 46 特徴量 (リーク除外済み)
18:34:20 INFO     [src.ml.features] [SIMULATE] 特徴量生成 race_id=025082080750: 16 頭 × 46 特徴量 (リーク除外済み)
18:34:20 INFO     [src.ml.features] [SIMULATE] 特徴量生成 race_id=025012031036: 11 頭 × 46 特徴量 (リーク除外済み)
18:34:20 INFO     [src.ml.features] [SIMULATE] 特徴量生成 race_id=025042090348: 36 頭 × 46 特徴量 (リーク除外済み)
18:34:21 INFO     [src.ml.features] [SIMULATE] 特徴量生成 race_id=022142020354: 8 頭 × 46 特徴量 (リーク除外済み)
18:34:21 INFO     [src.ml.features] [SIMULATE] 特徴量生成 race_id=025012093055: 11 頭 × 46 特徴量 (リーク除外済み)
18:34:21 INFO     [src.ml.features] [SIMULATE] 特徴量生成 race_id=025142002347: 9 頭 × 46 特徴量 (リーク除外済み)
18:34:21 INFO     [src.ml.features] [SIMULATE] 特徴量生成 race_id=025032012243: 30 頭 × 46 特徴量 (リーク除外済み)
18:34:21 INFO     [src.ml.features] [SIMULATE] 特徴量生成 race_id=025022031136: 21 頭 × 46 特徴量 (リーク除外済み)
18:34:21 INFO     [src.ml.features] [SIMULATE] 特徴量生成 race_id=024082020743: 12 頭 × 46 特徴量 (リーク除外済み)
18:34:21 INFO     [src.ml.features] [SIMULATE] 特徴量生成 race_id=025132011235: 22 頭 × 46 特徴量 (リーク除外済み)
18:34:21 INFO     [src.ml.features] [SIMULATE] 特徴量生成 race_id=023022081150: 8 頭 × 46 特徴量 (リーク除外済み)
18:34:21 INFO     [src.ml.features] [SIMULATE] 特徴量生成 race_id=024052091455: 11 頭 × 46 特徴量 (リーク除外済み)
18:34:21 INFO     [src.ml.features] [SIMULATE] 特徴量生成 race_id=025132002244: 11 頭 × 46 特徴量 (リーク除外済み)
18:34:21 INFO     [src.ml.features] [SIMULATE] 特徴量生成 race_id=025042010345: 14 頭 × 46 特徴量 (リーク除外済み)
18:34:21 INFO     [src.ml.features] [SIMULATE] 特徴量生成 race_id=026072022642: 26 頭 × 46 特徴量 (リーク除外済み)
18:34:21 INFO     [src.ml.features] [SIMULATE] 特徴量生成 race_id=025052090430: 20 頭 × 46 特徴量 (リーク除外済み)
18:34:21 INFO     [src.ml.features] [SIMULATE] 特徴量生成 race_id=024062090530: 15 頭 × 46 特徴量 (リーク除外済み)
18:34:21 INFO     [src.ml.features] [SIMULATE] 特徴量生成 race_id=024042010345: 10 頭 × 46 特徴量 (リーク除外済み)
18:34:21 INFO     [src.ml.features] [SIMULATE] 特徴量生成 race_id=000102021345: 13 頭 × 46 特徴量 (リーク除外済み)
18:34:21 INFO     [src.ml.features] [SIMULATE] 特徴量生成 race_id=025002080850: 21 頭 × 46 特徴量 (リーク除外済み)
18:34:21 INFO     [src.ml.features] [SIMULATE] 特徴量生成 race_id=024172001644: 16 頭 × 46 特徴量 (リーク除外済み)
18:34:21 INFO     [src.ml.features] [SIMULATE] 特徴量生成 race_id=026022021143: 13 頭 × 46 特徴量 (リーク除外済み)
18:34:21 INFO     [src.ml.features] [SIMULATE] 特徴量生成 race_id=024032082248: 12 頭 × 46 特徴量 (リーク除外済み)
18:34:21 INFO     [src.ml.features] [SIMULATE] 特徴量生成 race_id=026052010445: 8 頭 × 46 特徴量 (リーク除外済み)
18:34:21 INFO     [src.ml.features] [SIMULATE] 特徴量生成 race_id=025042012343: 12 頭 × 46 特徴量 (リーク除外済み)
18:34:21 INFO     [src.ml.features] [SIMULATE] 特徴量生成 race_id=025072031636: 8 頭 × 46 特徴量 (リーク除外済み)
18:34:21 INFO     [src.ml.features] [SIMULATE] 特徴量生成 race_id=024062091555: 9 頭 × 46 特徴量 (リーク除外済み)
18:34:21 INFO     [src.ml.features] [SIMULATE] 特徴量生成 race_id=024122001147: 16 頭 × 46 特徴量 (リーク除外済み)
18:34:21 INFO     [src.ml.features] [SIMULATE] 特徴量生成 race_id=025152002447: 33 頭 × 46 特徴量 (リーク除外済み)
18:34:21 INFO     [src.ml.features] [SIMULATE] 特徴量生成 race_id=025182020754: 12 頭 × 46 特徴量 (リーク除外済み)
18:34:21 INFO     [src.ml.features] [SIMULATE] 特徴量生成 race_id=024042082348: 5 頭 × 46 特徴量 (リーク除外済み)
18:34:21 INFO     [src.ml.features] [SIMULATE] 特徴量生成 race_id=025052010445: 26 頭 × 46 特徴量 (リーク除外済み)
18:34:21 INFO     [src.ml.features] [SIMULATE] 特徴量生成 race_id=023142020354: 7 頭 × 46 特徴量 (リーク除外済み)
18:34:21 INFO     [src.ml.features] [SIMULATE] 特徴量生成 race_id=025152000455: 10 頭 × 46 特徴量 (リーク除外済み)
18:34:21 INFO     [src.ml.features] [SIMULATE] 特徴量生成 race_id=024182001744: 12 頭 × 46 特徴量 (リーク除外済み)
18:34:21 INFO     [src.ml.features] [SIMULATE] 特徴量生成 race_id=023162000544: 7 頭 × 46 特徴量 (リーク除外済み)
18:34:21 INFO     [src.ml.features] [SIMULATE] 特徴量生成 race_id=025172011635: 21 頭 × 46 特徴量 (リーク除外済み)
18:34:21 INFO     [src.ml.features] [SIMULATE] 特徴量生成 race_id=025002090930: 22 頭 × 46 特徴量 (リーク除外済み)
18:34:21 INFO     [src.ml.features] [SIMULATE] 特徴量生成 race_id=026032021243: 27 頭 × 46 特徴量 (リーク除外済み)
18:34:21 INFO     [src.ml.features] [SIMULATE] 特徴量生成 race_id=024022082150: 19 頭 × 46 特徴量 (リーク除外済み)
18:34:21 INFO     [src.ml.features] [SIMULATE] 特徴量生成 race_id=014182000244: 10 頭 × 46 特徴量 (リーク除外済み)
18:34:21 INFO     [src.ml.features] [SIMULATE] 特徴量生成 race_id=015192000144: 14 頭 × 46 特徴量 (リーク除外済み)
18:34:21 INFO     [src.ml.features] [SIMULATE] 特徴量生成 race_id=019172000344: 12 頭 × 46 特徴量 (リーク除外済み)
18:34:21 INFO     [src.ml.features] [SIMULATE] 特徴量生成 race_id=020142000844: 16 頭 × 46 特徴量 (リーク除外済み)
18:34:21 INFO     [src.ml.features] [SIMULATE] 特徴量生成 race_id=021162000744: 10 頭 × 46 特徴量 (リーク除外済み)
18:34:21 INFO     [src.ml.features] [SIMULATE] 特徴量生成 race_id=023182002747: 10 頭 × 46 特徴量 (リーク除外済み)
18:34:21 INFO     [src.ml.features] [SIMULATE] 特徴量生成 race_id=024122020154: 33 頭 × 46 特徴量 (リーク除外済み)
18:34:21 INFO     [src.ml.features] [SIMULATE] 特徴量生成 race_id=024012091030: 8 頭 × 46 特徴量 (リーク除外済み)
18:34:21 INFO     [src.ml.features] [SIMULATE] 特徴量生成 race_id=025042081350: 12 頭 × 46 特徴量 (リーク除外済み)
18:34:21 INFO     [src.ml.features] [SIMULATE] 特徴量生成 race_id=023052010445: 8 頭 × 46 特徴量 (リーク除外済み)
18:34:21 INFO     [src.ml.features] [SIMULATE] 特徴量生成 race_id=025082031736: 10 頭 × 46 特徴量 (リーク除外済み)
18:34:21 INFO     [src.ml.features] [SIMULATE] 特徴量生成 race_id=025012022842: 10 頭 × 46 特徴量 (リーク除外済み)
18:34:21 INFO     [src.ml.features] [SIMULATE] 特徴量生成 race_id=024182020754: 23 頭 × 46 特徴量 (リーク除外済み)
18:34:21 INFO     [src.ml.features] [SIMULATE] 特徴量生成 race_id=024022091130: 27 頭 × 46 特徴量 (リーク除外済み)
18:34:21 INFO     [src.ml.features] [SIMULATE] 特徴量生成 race_id=025012091030: 8 頭 × 46 特徴量 (リーク除外済み)
18:34:21 INFO     [src.ml.features] [SIMULATE] 特徴量生成 race_id=025152002444: 32 頭 × 46 特徴量 (リーク除外済み)
18:34:21 INFO     [src.ml.features] [SIMULATE] 特徴量生成 race_id=024062010545: 8 頭 × 46 特徴量 (リーク除外済み)
18:34:21 INFO     [src.ml.features] [SIMULATE] 特徴量生成 race_id=025052081450: 20 頭 × 46 特徴量 (リーク除外済み)
18:34:21 INFO     [src.ml.features] [SIMULATE] 特徴量生成 race_id=022112021054: 10 頭 × 46 特徴量 (リーク除外済み)
18:34:21 INFO     [src.ml.features] [SIMULATE] 特徴量生成 race_id=012172000444: 14 頭 × 46 特徴量 (リーク除外済み)
18:34:21 INFO     [src.ml.features] [SIMULATE] 特徴量生成 race_id=013182000344: 13 頭 × 46 特徴量 (リーク除外済み)
18:34:21 INFO     [src.ml.features] [SIMULATE] 特徴量生成 race_id=024002020943: 14 頭 × 46 特徴量 (リーク除外済み)
18:34:21 INFO     [src.ml.features] [SIMULATE] 特徴量生成 race_id=023102000644: 11 頭 × 46 特徴量 (リーク除外済み)
18:34:21 INFO     [src.ml.features] [SIMULATE] 特徴量生成 race_id=025052012443: 38 頭 × 46 特徴量 (リーク除外済み)
18:34:21 INFO     [src.ml.features] [SIMULATE] 特徴量生成 race_id=023172000644: 12 頭 × 46 特徴量 (リーク除外済み)
18:34:21 INFO     [src.ml.features] [SIMULATE] 特徴量生成 race_id=023112021054: 23 頭 × 46 特徴量 (リーク除外済み)
18:34:21 INFO     [src.ml.features] [SIMULATE] 特徴量生成 race_id=022062091530: 12 頭 × 46 特徴量 (リーク除外済み)
18:34:21 INFO     [src.ml.features] [SIMULATE] 特徴量生成 race_id=021002090930: 9 頭 × 46 特徴量 (リーク除外済み)
18:34:21 INFO     [src.ml.features] [SIMULATE] 特徴量生成 race_id=025062081550: 11 頭 × 46 特徴量 (リーク除外済み)
18:34:21 INFO     [src.ml.features] [SIMULATE] 特徴量生成 race_id=025022091130: 19 頭 × 46 特徴量 (リーク除外済み)
18:34:21 INFO     [src.ml.features] [SIMULATE] 特徴量生成 race_id=025152021454: 21 頭 × 46 特徴量 (リーク除外済み)
18:34:21 INFO     [src.ml.features] [SIMULATE] 特徴量生成 race_id=025092031836: 11 頭 × 46 特徴量 (リーク除外済み)
18:34:21 INFO     [src.ml.features] [SIMULATE] 特徴量生成 race_id=025192011835: 23 頭 × 46 特徴量 (リーク除外済み)
18:34:22 INFO     [src.ml.features] [SIMULATE] 特徴量生成 race_id=024142002347: 10 頭 × 46 特徴量 (リーク除外済み)
18:34:22 INFO     [src.ml.features] [SIMULATE] 特徴量生成 race_id=024002021942: 12 頭 × 46 特徴量 (リーク除外済み)
18:34:22 INFO     [src.ml.features] [SIMULATE] 特徴量生成 race_id=023012013045: 8 頭 × 46 特徴量 (リーク除外済み)
18:34:22 INFO     [src.ml.features] [SIMULATE] 特徴量生成 race_id=025012021043: 10 頭 × 46 特徴量 (リーク除外済み)
18:34:22 INFO     [src.ml.features] [SIMULATE] 特徴量生成 race_id=020032090250: 10 頭 × 46 特徴量 (リーク除外済み)
18:34:22 INFO     [src.ml.features] [SIMULATE] 特徴量生成 race_id=024152021454: 23 頭 × 46 特徴量 (リーク除外済み)
18:34:22 INFO     [src.ml.features] [SIMULATE] 特徴量生成 race_id=024092082850: 17 頭 × 46 特徴量 (リーク除外済み)
18:34:22 INFO     [src.ml.features] [SIMULATE] 特徴量生成 race_id=022182021754: 10 頭 × 46 特徴量 (リーク除外済み)
18:34:22 INFO     [src.ml.features] [SIMULATE] 特徴量生成 race_id=021112003144: 12 頭 × 46 特徴量 (リーク除外済み)
18:34:22 INFO     [src.ml.features] [SIMULATE] 特徴量生成 race_id=025012082050: 5 頭 × 46 特徴量 (リーク除外済み)
18:34:22 INFO     [src.ml.features] [SIMULATE] 特徴量生成 race_id=024022092155: 12 頭 × 46 特徴量 (リーク除外済み)
18:34:22 INFO     [src.ml.features] [SIMULATE] 特徴量生成 race_id=025082031742: 24 頭 × 46 特徴量 (リーク除外済み)
18:34:22 INFO     [src.ml.features] [SIMULATE] 特徴量生成 race_id=026002030943: 10 頭 × 46 特徴量 (リーク除外済み)
18:34:22 INFO     [src.ml.features] [SIMULATE] 特徴量生成 race_id=025082090746: 11 頭 × 46 特徴量 (リーク除外済み)
18:34:22 INFO     [src.ml.features] [SIMULATE] 特徴量生成 race_id=026032020245: 14 頭 × 46 特徴量 (リーク除外済み)
18:34:22 INFO     [src.ml.features] [SIMULATE] 特徴量生成 race_id=023182010747: 7 頭 × 46 特徴量 (リーク除外済み)
18:34:22 INFO     [src.ml.features] [SIMULATE] 特徴量生成 race_id=023102002944: 9 頭 × 46 特徴量 (リーク除外済み)
18:34:22 INFO     [src.ml.features] [SIMULATE] 特徴量生成 race_id=025042032336: 23 頭 × 46 特徴量 (リーク除外済み)
18:34:22 INFO     [src.ml.features] [SIMULATE] 特徴量生成 race_id=024002012945: 12 頭 × 46 特徴量 (リーク除外済み)
18:34:22 INFO     [src.ml.features] [SIMULATE] 特徴量生成 race_id=025152010447: 34 頭 × 46 特徴量 (リーク除外済み)
18:34:22 INFO     [src.ml.features] [SIMULATE] 特徴量生成 race_id=023112003044: 8 頭 × 46 特徴量 (リーク除外済み)
18:34:22 INFO     [src.ml.features] [SIMULATE] 特徴量生成 race_id=025092090846: 32 頭 × 46 特徴量 (リーク除外済み)
18:34:22 INFO     [src.ml.features] [SIMULATE] 特徴量生成 race_id=024092091830: 10 頭 × 46 特徴量 (リーク除外済み)
18:34:22 INFO     [src.ml.features] [SIMULATE] 特徴量生成 race_id=023182021754: 10 頭 × 46 特徴量 (リーク除外済み)
18:34:22 INFO     [src.ml.features] [SIMULATE] 特徴量生成 race_id=024032092255: 9 頭 × 46 特徴量 (リーク除外済み)
18:34:22 INFO     [src.ml.features] [SIMULATE] 特徴量生成 race_id=024162010544: 12 頭 × 46 特徴量 (リーク除外済み)
18:34:22 INFO     [src.ml.features] [SIMULATE] 特徴量生成 race_id=026042020345: 13 頭 × 46 特徴量 (リーク除外済み)
18:34:22 INFO     [src.ml.features] [SIMULATE] 特徴量生成 race_id=024152002447: 9 頭 × 46 特徴量 (リーク除外済み)
18:34:22 INFO     [src.ml.features] [SIMULATE] 特徴量生成 race_id=025022021143: 32 頭 × 46 特徴量 (リーク除外済み)
18:34:22 INFO     [src.ml.features] [SIMULATE] 特徴量生成 race_id=025092091748: 24 頭 × 46 特徴量 (リーク除外済み)
18:34:22 INFO     [src.ml.features] [SIMULATE] 特徴量生成 race_id=025082091730: 31 頭 × 46 特徴量 (リーク除外済み)
18:34:22 INFO     [src.ml.features] [SIMULATE] 特徴量生成 race_id=024162021554: 17 頭 × 46 特徴量 (リーク除外済み)
18:34:22 INFO     [src.ml.features] [SIMULATE] 特徴量生成 race_id=025162010547: 22 頭 × 46 特徴量 (リーク除外済み)
18:34:22 INFO     [src.ml.features] [SIMULATE] 特徴量生成 race_id=025022082150: 11 頭 × 46 特徴量 (リーク除外済み)
18:34:22 INFO     [src.ml.features] [SIMULATE] 特徴量生成 race_id=024002082950: 10 頭 × 46 特徴量 (リーク除外済み)
18:34:22 INFO     [src.ml.features] [SIMULATE] 特徴量生成 race_id=023052013145: 12 頭 × 46 特徴量 (リーク除外済み)
18:34:22 INFO     [src.ml.features] [SIMULATE] 特徴量生成 race_id=026082031742: 12 頭 × 46 特徴量 (リーク除外済み)
18:34:22 INFO     [src.ml.features] [SIMULATE] 特徴量生成 race_id=024052090448: 8 頭 × 46 特徴量 (リーク除外済み)
18:34:22 INFO     [src.ml.features] [SIMULATE] 特徴量生成 race_id=021072031643: 13 頭 × 46 特徴量 (リーク除外済み)
18:34:22 INFO     [src.ml.features] [SIMULATE] 特徴量生成 race_id=023012092030: 12 頭 × 46 特徴量 (リーク除外済み)
18:34:22 INFO     [src.ml.features] [SIMULATE] 特徴量生成 race_id=025082091748: 12 頭 × 46 特徴量 (リーク除外済み)
18:34:22 INFO     [src.ml.features] [SIMULATE] 特徴量生成 race_id=024062030543: 15 頭 × 46 特徴量 (リーク除外済み)
18:34:22 INFO     [src.ml.features] [SIMULATE] 特徴量生成 race_id=024052013045: 13 頭 × 46 特徴量 (リーク除外済み)
18:34:22 INFO     [src.ml.features] [SIMULATE] 特徴量生成 race_id=025122011144: 27 頭 × 46 特徴量 (リーク除外済み)
18:34:22 INFO     [src.ml.features] [SIMULATE] 特徴量生成 race_id=024122022154: 29 頭 × 46 特徴量 (リーク除外済み)
18:34:22 INFO     [src.ml.features] [SIMULATE] 特徴量生成 race_id=023192000855: 10 頭 × 46 特徴量 (リーク除外済み)
18:34:22 INFO     [src.ml.features] [SIMULATE] 特徴量生成 race_id=025092091848: 24 頭 × 46 特徴量 (リーク除外済み)
18:34:22 INFO     [src.ml.features] [SIMULATE] 特徴量生成 race_id=024002091930: 6 頭 × 46 特徴量 (リーク除外済み)
18:34:22 INFO     [src.ml.features] [SIMULATE] 特徴量生成 race_id=025032021243: 12 頭 × 46 特徴量 (リーク除外済み)
18:34:22 INFO     [src.ml.features] [SIMULATE] 特徴量生成 race_id=025072020645: 40 頭 × 46 特徴量 (リーク除外済み)
18:34:22 INFO     [src.ml.features] [SIMULATE] 特徴量生成 race_id=025132011244: 11 頭 × 46 特徴量 (リーク除外済み)
18:34:22 INFO     [src.ml.features] [SIMULATE] 特徴量生成 race_id=025172010647: 30 頭 × 46 特徴量 (リーク除外済み)
18:34:22 INFO     [src.ml.features] [SIMULATE] 特徴量生成 race_id=025032082250: 9 頭 × 46 特徴量 (リーク除外済み)
18:34:22 INFO     [src.ml.features] [SIMULATE] 特徴量生成 race_id=025142001355: 21 頭 × 46 特徴量 (リーク除外済み)
18:34:22 INFO     [src.ml.features] [SIMULATE] 特徴量生成 race_id=026052020445: 26 頭 × 46 特徴量 (リーク除外済み)
18:34:22 INFO     [src.ml.features] [SIMULATE] 特徴量生成 race_id=024172010644: 28 頭 × 46 特徴量 (リーク除外済み)
18:34:22 INFO     [src.ml.features] [SIMULATE] 特徴量生成 race_id=026022031143: 12 頭 × 46 特徴量 (リーク除外済み)
18:34:22 INFO     [src.ml.features] [SIMULATE] 特徴量生成 race_id=024162002547: 20 頭 × 46 特徴量 (リーク除外済み)
18:34:22 INFO     [src.ml.features] [SIMULATE] 特徴量生成 race_id=023112003144: 27 頭 × 46 特徴量 (リーク除外済み)
18:34:22 INFO     [src.ml.features] [SIMULATE] 特徴量生成 race_id=024072092655: 12 頭 × 46 特徴量 (リーク除外済み)
18:34:22 INFO     [src.ml.features] [SIMULATE] 特徴量生成 race_id=024052092430: 10 頭 × 46 特徴量 (リーク除外済み)
18:34:22 INFO     [src.ml.features] [SIMULATE] 特徴量生成 race_id=022102022954: 10 頭 × 46 特徴量 (リーク除外済み)
18:34:22 INFO     [src.ml.features] [SIMULATE] 特徴量生成 race_id=025002091948: 12 頭 × 46 特徴量 (リーク除外済み)
18:34:22 INFO     [src.ml.features] [SIMULATE] 特徴量生成 race_id=025192001855: 11 頭 × 46 特徴量 (リーク除外済み)
18:34:22 INFO     [src.ml.features] [SIMULATE] 特徴量生成 race_id=025002032936: 11 頭 × 46 特徴量 (リーク除外済み)
18:34:22 INFO     [src.ml.features] [SIMULATE] 特徴量生成 race_id=025042092330: 32 頭 × 46 特徴量 (リーク除外済み)
18:34:22 INFO     [src.ml.features] [SIMULATE] 特徴量生成 race_id=024052090450: 22 頭 × 46 特徴量 (リーク除外済み)
18:34:22 INFO     [src.ml.features] [SIMULATE] 特徴量生成 race_id=022172000644: 10 頭 × 46 特徴量 (リーク除外済み)
18:34:22 INFO     [src.ml.features] [SIMULATE] 特徴量生成 race_id=025022091948: 24 頭 × 46 特徴量 (リーク除外済み)
18:34:22 INFO     [src.ml.features] [SIMULATE] 特徴量生成 race_id=025152011447: 9 頭 × 46 特徴量 (リーク除外済み)
18:34:23 INFO     [src.ml.features] [SIMULATE] 特徴量生成 race_id=025052091446: 7 頭 × 46 特徴量 (リーク除外済み)
18:34:23 INFO     [src.ml.features] [SIMULATE] 特徴量生成 race_id=025102022954: 10 頭 × 46 特徴量 (リーク除外済み)
18:34:23 INFO     [src.ml.features] [SIMULATE] 特徴量生成 race_id=026032031243: 9 頭 × 46 特徴量 (リーク除外済み)
18:34:23 INFO     [src.ml.features] [SIMULATE] 特徴量生成 race_id=025042021343: 35 頭 × 46 特徴量 (リーク除外済み)
18:34:23 INFO     [src.ml.features] [SIMULATE] 特徴量生成 race_id=024092092855: 10 頭 × 46 特徴量 (リーク除外済み)
18:34:23 INFO     [src.ml.features] [SIMULATE] 特徴量生成 race_id=025082082750: 10 頭 × 46 特徴量 (リーク除外済み)
18:34:23 INFO     [src.ml.features] [SIMULATE] 特徴量生成 race_id=026002031942: 11 頭 × 46 特徴量 (リーク除外済み)
18:34:23 INFO     [src.ml.features] [SIMULATE] 特徴量生成 race_id=024172010647: 20 頭 × 46 特徴量 (リーク除外済み)
18:34:23 INFO     [src.ml.features] [SIMULATE] 特徴量生成 race_id=024182010744: 29 頭 × 46 特徴量 (リーク除外済み)
18:34:23 INFO     [src.ml.features] [SIMULATE] 特徴量生成 race_id=999151022345: 12 頭 × 46 特徴量 (リーク除外済み)
18:34:23 INFO     [src.ml.features] [SIMULATE] 特徴量生成 race_id=025012032042: 11 頭 × 46 特徴量 (リーク除外済み)
18:34:23 INFO     [src.ml.features] [SIMULATE] 特徴量生成 race_id=017152000544: 16 頭 × 46 特徴量 (リーク除外済み)
18:34:23 INFO     [src.ml.features] [SIMULATE] 特徴量生成 race_id=018162001144: 14 頭 × 46 特徴量 (リーク除外済み)
18:34:23 INFO     [src.ml.features] [SIMULATE] 特徴量生成 race_id=022192000644: 12 頭 × 46 特徴量 (リーク除外済み)
18:34:23 INFO     [src.ml.features] [SIMULATE] 特徴量生成 race_id=023072031643: 11 頭 × 46 特徴量 (リーク除外済み)
18:34:23 INFO     [src.ml.features] [SIMULATE] 特徴量生成 race_id=025142011344: 26 頭 × 46 特徴量 (リーク除外済み)
18:34:23 INFO     [src.ml.features] [SIMULATE] 特徴量生成 race_id=025082020745: 38 頭 × 46 特徴量 (リーク除外済み)
18:34:23 INFO     [src.ml.features] [SIMULATE] 特徴量生成 race_id=025012033036: 18 頭 × 46 特徴量 (リーク除外済み)
18:34:23 INFO     [src.ml.features] [SIMULATE] 特徴量生成 race_id=024062092530: 21 頭 × 46 特徴量 (リーク除外済み)
18:34:23 INFO     [src.ml.features] [SIMULATE] 特徴量生成 race_id=025102001955: 9 頭 × 46 特徴量 (リーク除外済み)
18:34:23 INFO     [src.ml.features] [SIMULATE] 特徴量生成 race_id=025192011847: 29 頭 × 46 特徴量 (リーク除外済み)
18:34:23 INFO     [src.ml.features] [SIMULATE] 特徴量生成 race_id=021032092230: 10 頭 × 46 特徴量 (リーク除外済み)
18:34:23 INFO     [src.ml.features] [SIMULATE] 特徴量生成 race_id=024192010844: 29 頭 × 46 特徴量 (リーク除外済み)
18:34:23 INFO     [src.ml.features] [SIMULATE] 特徴量生成 race_id=025092020845: 24 頭 × 46 特徴量 (リーク除外済み)
18:34:23 INFO     [src.ml.features] [SIMULATE] 特徴量生成 race_id=025052092430: 48 頭 × 46 特徴量 (リーク除外済み)
18:34:23 INFO     [src.ml.features] [SIMULATE] 特徴量生成 race_id=024182010747: 10 頭 × 46 特徴量 (リーク除外済み)
18:34:23 INFO     [src.ml.features] [SIMULATE] 特徴量生成 race_id=025152011444: 12 頭 × 46 特徴量 (リーク除外済み)
18:34:23 INFO     [src.ml.features] [SIMULATE] 特徴量生成 race_id=022182000744: 14 頭 × 46 特徴量 (リーク除外済み)
18:34:23 INFO     [src.ml.features] [SIMULATE] 特徴量生成 race_id=025052021443: 44 頭 × 46 特徴量 (リーク除外済み)
18:34:23 INFO     [src.ml.features] [SIMULATE] 特徴量生成 race_id=023012083150: 11 頭 × 46 特徴量 (リーク除外済み)
18:34:23 INFO     [src.ml.features] [SIMULATE] 特徴量生成 race_id=025092082850: 30 頭 × 46 特徴量 (リーク除外済み)
18:34:23 INFO     [src.ml.features] [SIMULATE] 特徴量生成 race_id=025022032142: 46 頭 × 46 特徴量 (リーク除外済み)
18:34:23 INFO     [src.ml.features] [SIMULATE] 特徴量生成 race_id=024002092955: 11 頭 × 46 特徴量 (リーク除外済み)
18:34:23 INFO     [src.ml.features] [SIMULATE] 特徴量生成 race_id=011072092944: 16 頭 × 46 特徴量 (リーク除外済み)
18:34:23 INFO     [src.ml.features] [SIMULATE] 特徴量生成 race_id=023082031743: 10 頭 × 46 特徴量 (リーク除外済み)
18:34:23 INFO     [src.ml.features] [SIMULATE] 特徴量生成 race_id=022002092930: 8 頭 × 46 特徴量 (リーク除外済み)
18:34:23 INFO     [src.ml.features] [SIMULATE] 特徴量生成 race_id=025062092530: 12 頭 × 46 特徴量 (リーク除外済み)
18:34:23 INFO     [src.ml.features] [SIMULATE] 特徴量生成 race_id=025102011947: 40 頭 × 46 特徴量 (リーク除外済み)
18:34:23 INFO     [src.ml.features] [SIMULATE] 特徴量生成 race_id=025012033136: 23 頭 × 46 特徴量 (リーク除外済み)
18:34:23 INFO     [src.ml.features] [SIMULATE] 特徴量生成 race_id=025002082950: 20 頭 × 46 特徴量 (リーク除外済み)
18:34:23 INFO     [src.ml.features] [SIMULATE] 特徴量生成 race_id=024072092630: 12 頭 × 46 特徴量 (リーク除外済み)
18:34:23 INFO     [src.ml.features] [SIMULATE] 特徴量生成 race_id=025142011947: 10 頭 × 46 特徴量 (リーク除外済み)
18:34:23 INFO     [src.ml.features] [SIMULATE] 特徴量生成 race_id=024072090650: 12 頭 × 46 特徴量 (リーク除外済み)
18:34:23 INFO     [src.ml.features] [SIMULATE] 特徴量生成 race_id=024062091546: 10 頭 × 46 特徴量 (リーク除外済み)
18:34:23 INFO     [src.ml.features] [SIMULATE] 特徴量生成 race_id=023142011344: 9 頭 × 46 特徴量 (リーク除外済み)
18:34:23 INFO     [src.ml.features] [SIMULATE] 特徴量生成 race_id=025012031043: 30 頭 × 46 特徴量 (リーク除外済み)
18:34:23 INFO     [src.ml.features] [SIMULATE] 特徴量生成 race_id=025042090350: 10 頭 × 46 特徴量 (リーク除外済み)
18:34:23 INFO     [src.ml.features] [SIMULATE] 特徴量生成 race_id=024192022854: 20 頭 × 46 特徴量 (リーク除外済み)
18:34:23 INFO     [src.ml.features] [SIMULATE] 特徴量生成 race_id=025012092046: 19 頭 × 46 特徴量 (リーク除外済み)
18:34:23 INFO     [src.ml.features] [SIMULATE] 特徴量生成 race_id=025012093048: 24 頭 × 46 特徴量 (リーク除外済み)
18:34:23 INFO     [src.ml.features] [SIMULATE] 特徴量生成 race_id=021162011544: 14 頭 × 46 特徴量 (リーク除外済み)
18:34:23 INFO     [src.ml.features] [SIMULATE] 特徴量生成 race_id=024122020144: 14 頭 × 46 特徴量 (リーク除外済み)
18:34:23 INFO     [src.ml.features] [SIMULATE] 特徴量生成 race_id=024022091150: 9 頭 × 46 特徴量 (リーク除外済み)
18:34:23 INFO     [src.ml.features] [SIMULATE] 特徴量生成 race_id=025182012747: 10 頭 × 46 特徴量 (リーク除外済み)
18:34:23 INFO     [src.ml.features] [SIMULATE] 特徴量生成 race_id=024182011547: 9 頭 × 46 特徴量 (リーク除外済み)
18:34:23 INFO     [src.ml.features] [SIMULATE] 特徴量生成 race_id=023082022745: 26 頭 × 46 特徴量 (リーク除外済み)
18:34:23 INFO     [src.ml.features] [SIMULATE] 特徴量生成 race_id=025012093030: 12 頭 × 46 特徴量 (リーク除外済み)
18:34:23 INFO     [src.ml.features] [SIMULATE] 特徴量生成 race_id=024062032542: 23 頭 × 46 特徴量 (リーク除外済み)
18:34:23 INFO     [src.ml.features] [SIMULATE] 特徴量生成 race_id=023142000330: 9 頭 × 46 特徴量 (リーク除外済み)
18:34:23 INFO     [src.ml.features] [SIMULATE] 特徴量生成 race_id=024032091748: 11 頭 × 46 特徴量 (リーク除外済み)
18:34:23 INFO     [src.ml.features] [SIMULATE] 特徴量生成 race_id=023122012147: 8 頭 × 46 特徴量 (リーク除外済み)
18:34:23 INFO     [src.ml.features] [SIMULATE] 特徴量生成 race_id=024022010154: 10 頭 × 46 特徴量 (リーク除外済み)
18:34:23 INFO     [src.ml.features] [SIMULATE] 特徴量生成 race_id=025122020144: 16 頭 × 46 特徴量 (リーク除外済み)
18:34:23 INFO     [src.ml.features] [SIMULATE] 特徴量生成 race_id=021172011644: 11 頭 × 46 特徴量 (リーク除外済み)
18:34:23 INFO     [src.ml.features] [SIMULATE] 特徴量生成 race_id=025042092346: 20 頭 × 46 特徴量 (リーク除外済み)
18:34:23 INFO     [src.ml.features] [SIMULATE] 特徴量生成 race_id=025022031143: 30 頭 × 46 特徴量 (リーク除外済み)
18:34:23 INFO     [src.ml.features] [SIMULATE] 特徴量生成 race_id=026042030345: 23 頭 × 46 特徴量 (リーク除外済み)
18:34:23 INFO     [src.ml.features] [SIMULATE] 特徴量生成 race_id=024132001255: 21 頭 × 46 特徴量 (リーク除外済み)
18:34:23 INFO     [src.ml.features] [SIMULATE] 特徴量生成 race_id=024192011847: 7 頭 × 46 特徴量 (リーク除外済み)
18:34:23 INFO     [src.ml.features] [SIMULATE] 特徴量生成 race_id=024132000230: 20 頭 × 46 特徴量 (リーク除外済み)
18:34:23 INFO     [src.ml.features] [SIMULATE] 特徴量生成 race_id=020082091750: 10 頭 × 46 特徴量 (リーク除外済み)
18:34:23 INFO     [src.ml.features] [SIMULATE] 特徴量生成 race_id=024032091250: 20 頭 × 46 特徴量 (リーク除外済み)
18:34:23 INFO     [src.ml.features] [SIMULATE] 特徴量生成 race_id=023152011444: 31 頭 × 46 特徴量 (リーク除外済み)
18:34:23 INFO     [src.ml.features] [SIMULATE] 特徴量生成 race_id=023092010854: 11 頭 × 46 特徴量 (リーク除外済み)
18:34:23 INFO     [src.ml.features] [SIMULATE] 特徴量生成 race_id=025122000130: 25 頭 × 46 特徴量 (リーク除外済み)
18:34:23 INFO     [src.ml.features] [SIMULATE] 特徴量生成 race_id=026012033143: 12 頭 × 46 特徴量 (リーク除外済み)
18:34:23 INFO     [src.ml.features] [SIMULATE] 特徴量生成 race_id=025172002655: 11 頭 × 46 特徴量 (リーク除外済み)
18:34:23 INFO     [src.ml.features] [SIMULATE] 特徴量生成 race_id=025052030445: 12 頭 × 46 特徴量 (リーク除外済み)
18:34:23 INFO     [src.ml.features] [SIMULATE] 特徴量生成 race_id=024072032642: 12 頭 × 46 特徴量 (リーク除外済み)
18:34:23 INFO     [src.ml.features] [SIMULATE] 特徴量生成 race_id=025122000148: 12 頭 × 46 特徴量 (リーク除外済み)
18:34:24 INFO     [src.ml.features] [SIMULATE] 特徴量生成 race_id=025192012847: 24 頭 × 46 特徴量 (リーク除外済み)
18:34:24 INFO     [src.ml.features] [SIMULATE] 特徴量生成 race_id=024102022954: 12 頭 × 46 特徴量 (リーク除外済み)
18:34:24 INFO     [src.ml.features] [SIMULATE] 特徴量生成 race_id=022062031542: 10 頭 × 46 特徴量 (リーク除外済み)
18:34:24 INFO     [src.ml.features] [SIMULATE] 特徴量生成 race_id=025132020244: 12 頭 × 46 特徴量 (リーク除外済み)
18:34:24 INFO     [src.ml.features] [SIMULATE] 特徴量生成 race_id=025052090450: 30 頭 × 46 特徴量 (リーク除外済み)
18:34:24 INFO     [src.ml.features] [SIMULATE] 特徴量生成 race_id=024142001355: 12 頭 × 46 特徴量 (リーク除外済み)
18:34:24 INFO     [src.ml.features] [SIMULATE] 特徴量生成 race_id=023142002355: 11 頭 × 46 特徴量 (リーク除外済み)
18:34:24 INFO     [src.ml.features] [SIMULATE] 特徴量生成 race_id=022132010244: 26 頭 × 46 特徴量 (リーク除外済み)
18:34:24 INFO     [src.ml.features] [SIMULATE] 特徴量生成 race_id=024142020344: 30 頭 × 46 特徴量 (リーク除外済み)
18:34:24 INFO     [src.ml.features] [SIMULATE] 特徴量生成 race_id=024102011947: 20 頭 × 46 特徴量 (リーク除外済み)
18:34:24 INFO     [src.ml.features] [SIMULATE] 特徴量生成 race_id=026052030445: 23 頭 × 46 特徴量 (リーク除外済み)
18:34:24 INFO     [src.ml.features] [SIMULATE] 特徴量生成 race_id=024142000330: 10 頭 × 46 特徴量 (リーク除外済み)
18:34:24 INFO     [src.ml.features] [SIMULATE] 特徴量生成 race_id=025082090550: 10 頭 × 46 特徴量 (リーク除外済み)
18:34:24 INFO     [src.ml.features] [SIMULATE] 特徴量生成 race_id=024032092146: 7 頭 × 46 特徴量 (リーク除外済み)
18:34:24 INFO     [src.ml.features] [SIMULATE] 特徴量生成 race_id=024042031345: 26 頭 × 46 特徴量 (リーク除外済み)
18:34:24 INFO     [src.ml.features] [SIMULATE] 特徴量生成 race_id=025132000248: 12 頭 × 46 特徴量 (リーク除外済み)
18:34:24 INFO     [src.ml.features] [SIMULATE] 特徴量生成 race_id=024032032742: 12 頭 × 46 特徴量 (リーク除外済み)
18:34:24 INFO     [src.ml.features] [SIMULATE] 特徴量生成 race_id=025062030545: 50 頭 × 46 特徴量 (リーク除外済み)
18:34:24 INFO     [src.ml.features] [SIMULATE] 特徴量生成 race_id=025132000230: 49 頭 × 46 特徴量 (リーク除外済み)
18:34:24 INFO     [src.ml.features] [SIMULATE] 特徴量生成 race_id=025032031243: 44 頭 × 46 特徴量 (リーク除外済み)
18:34:24 INFO     [src.ml.features] [SIMULATE] 特徴量生成 race_id=024002010954: 10 頭 × 46 特徴量 (リーク除外済み)
18:34:24 INFO     [src.ml.features] [SIMULATE] 特徴量生成 race_id=021162000530: 7 頭 × 46 特徴量 (リーク除外済み)
18:34:24 INFO     [src.ml.features] [SIMULATE] 特徴量生成 race_id=023012011054: 11 頭 × 46 特徴量 (リーク除外済み)
18:34:24 INFO     [src.ml.features] [SIMULATE] 特徴量生成 race_id=025072030645: 21 頭 × 46 特徴量 (リーク除外済み)
18:34:24 INFO     [src.ml.features] [SIMULATE] 特徴量生成 race_id=024152020444: 26 頭 × 46 特徴量 (リーク除外済み)
18:34:24 INFO     [src.ml.features] [SIMULATE] 特徴量生成 race_id=024032092048: 12 頭 × 46 特徴量 (リーク除外済み)
18:34:24 INFO     [src.ml.features] [SIMULATE] 特徴量生成 race_id=024192000830: 21 頭 × 46 特徴量 (リーク除外済み)
18:34:24 INFO     [src.ml.features] [SIMULATE] 特徴量生成 race_id=025012091050: 24 頭 × 46 特徴量 (リーク除外済み)
18:34:24 INFO     [src.ml.features] [SIMULATE] 特徴量生成 race_id=024182012747: 10 頭 × 46 特徴量 (リーク除外済み)
18:34:24 INFO     [src.ml.features] [SIMULATE] 特徴量生成 race_id=024102001955: 11 頭 × 46 特徴量 (リーク除外済み)
18:34:24 INFO     [src.ml.features] [SIMULATE] 特徴量生成 race_id=026032011254: 8 頭 × 46 特徴量 (リーク除外済み)
18:34:24 INFO     [src.ml.features] [SIMULATE] 特徴量生成 race_id=025182000730: 7 頭 × 46 特徴量 (リーク除外済み)
18:34:24 INFO     [src.ml.features] [SIMULATE] 特徴量生成 race_id=025122010155: 12 頭 × 46 特徴量 (リーク除外済み)
18:34:24 INFO     [src.ml.features] [SIMULATE] 特徴量生成 race_id=025012093046: 12 頭 × 46 特徴量 (リーク除外済み)
18:34:24 INFO     [src.ml.features] [SIMULATE] 特徴量生成 race_id=025142020347: 43 頭 × 46 特徴量 (リーク除外済み)
18:34:24 INFO     [src.ml.features] [SIMULATE] 特徴量生成 race_id=025042031343: 28 頭 × 46 特徴量 (リーク除外済み)
18:34:24 INFO     [src.ml.features] [SIMULATE] 特徴量生成 race_id=024162020544: 12 頭 × 46 特徴量 (リーク除外済み)
18:34:24 INFO     [src.ml.features] [SIMULATE] 特徴量生成 race_id=024002091950: 9 頭 × 46 特徴量 (リーク除外済み)
18:34:24 INFO     [src.ml.features] [SIMULATE] 特徴量生成 race_id=024012011054: 6 頭 × 46 特徴量 (リーク除外済み)
18:34:24 INFO     [src.ml.features] [SIMULATE] 特徴量生成 race_id=024102000930: 11 頭 × 46 特徴量 (リーク除外済み)
18:34:24 INFO     [src.ml.features] [SIMULATE] 特徴量生成 race_id=024192012847: 20 頭 × 46 特徴量 (リーク除外済み)
18:34:24 INFO     [src.ml.features] [SIMULATE] 特徴量生成 race_id=022152010444: 26 頭 × 46 特徴量 (リーク除外済み)
18:34:24 INFO     [src.ml.features] [SIMULATE] 特徴量生成 race_id=025162020544: 14 頭 × 46 特徴量 (リーク除外済み)
18:34:24 INFO     [src.ml.features] [SIMULATE] 特徴量生成 race_id=025192000830: 33 頭 × 46 特徴量 (リーク除外済み)
18:34:24 INFO     [src.ml.features] [SIMULATE] 特徴量生成 race_id=025052031443: 21 頭 × 46 特徴量 (リーク除外済み)
18:34:24 INFO     [src.ml.features] [SIMULATE] 特徴量生成 race_id=025082030745: 25 頭 × 46 特徴量 (リーク除外済み)
18:34:24 INFO     [src.ml.features] [SIMULATE] 特徴量生成 race_id=021182000730: 7 頭 × 46 特徴量 (リーク除外済み)
18:34:24 INFO     [src.ml.features] [SIMULATE] 特徴量生成 race_id=024172020644: 14 頭 × 46 特徴量 (リーク除外済み)
18:34:24 INFO     [src.ml.features] [SIMULATE] 特徴量生成 race_id=025102000930: 44 頭 × 46 特徴量 (リーク除外済み)
18:34:24 INFO     [src.ml.features] [SIMULATE] 特徴量生成 race_id=024102012947: 17 頭 × 46 特徴量 (リーク除外済み)
18:34:24 INFO     [src.ml.features] [SIMULATE] 特徴量生成 race_id=025032091250: 10 頭 × 46 特徴量 (リーク除外済み)
18:34:24 INFO     [src.ml.features] [SIMULATE] 特徴量生成 race_id=024112021047: 8 頭 × 46 特徴量 (リーク除外済み)
18:34:24 INFO     [src.ml.features] [SIMULATE] 特徴量生成 race_id=025182010755: 11 頭 × 46 特徴量 (リーク除外済み)
18:34:24 INFO     [src.ml.features] [SIMULATE] 特徴量生成 race_id=025012033143: 18 頭 × 46 特徴量 (リーク除外済み)
18:34:24 INFO     [src.ml.features] [SIMULATE] 特徴量生成 race_id=025122021147: 9 頭 × 46 特徴量 (リーク除外済み)
18:34:24 INFO     [src.ml.features] [SIMULATE] 特徴量生成 race_id=023062011554: 11 頭 × 46 特徴量 (リーク除外済み)
18:34:24 INFO     [src.ml.features] [SIMULATE] 特徴量生成 race_id=025172000646: 24 頭 × 46 特徴量 (リーク除外済み)
18:34:24 INFO     [src.ml.features] [SIMULATE] 特徴量生成 race_id=025062010554: 20 頭 × 46 特徴量 (リーク除外済み)
18:34:24 INFO     [src.ml.features] [SIMULATE] 特徴量生成 race_id=024062092550: 20 頭 × 46 特徴量 (リーク除外済み)
18:34:24 INFO     [src.ml.features] [SIMULATE] 特徴量生成 race_id=024162022544: 13 頭 × 46 特徴量 (リーク除外済み)
18:34:24 INFO     [src.ml.features] [SIMULATE] 特徴量生成 race_id=025092091750: 37 頭 × 46 特徴量 (リーク除外済み)
18:34:24 INFO     [src.ml.features] [SIMULATE] 特徴量生成 race_id=024122000148: 24 頭 × 46 特徴量 (リーク除外済み)
18:34:24 INFO     [src.ml.features] [SIMULATE] 特徴量生成 race_id=025082091750: 8 頭 × 46 特徴量 (リーク除外済み)
18:34:24 INFO     [src.ml.features] [SIMULATE] 特徴量生成 race_id=023172020647: 10 頭 × 46 特徴量 (リーク除外済み)
18:34:24 INFO     [src.ml.features] [SIMULATE] 特徴量生成 race_id=025152001430: 47 頭 × 46 特徴量 (リーク除外済み)
18:34:24 INFO     [src.ml.features] [SIMULATE] 特徴量生成 race_id=025182000746: 15 頭 × 46 特徴量 (リーク除外済み)
18:34:24 INFO     [src.ml.features] [SIMULATE] 特徴量生成 race_id=025102010855: 10 頭 × 46 特徴量 (リーク除外済み)
18:34:24 INFO     [src.ml.features] [SIMULATE] 特徴量生成 race_id=023112020944: 15 頭 × 46 特徴量 (リーク除外済み)
18:34:24 INFO     [src.ml.features] [SIMULATE] 特徴量生成 race_id=024142010255: 10 頭 × 46 特徴量 (リーク除外済み)
18:34:24 INFO     [src.ml.features] [SIMULATE] 特徴量生成 race_id=025072010654: 18 頭 × 46 特徴量 (リーク除外済み)
18:34:24 INFO     [src.ml.features] [SIMULATE] 特徴量生成 race_id=025132021247: 20 頭 × 46 特徴量 (リーク除外済み)
18:34:24 INFO     [src.ml.features] [SIMULATE] 特徴量生成 race_id=024132000248: 12 頭 × 46 特徴量 (リーク除外済み)
18:34:24 INFO     [src.ml.features] [SIMULATE] 特徴量生成 race_id=024072092650: 19 頭 × 46 特徴量 (リーク除外済み)
18:34:24 INFO     [src.ml.features] [SIMULATE] 特徴量生成 race_id=025162001548: 45 頭 × 46 特徴量 (リーク除外済み)
18:34:25 INFO     [src.ml.features] [SIMULATE] 特徴量生成 race_id=024122021147: 27 頭 × 46 特徴量 (リーク除外済み)
18:34:25 INFO     [src.ml.features] [SIMULATE] 特徴量生成 race_id=024172022644: 15 頭 × 46 特徴量 (リーク除外済み)
18:34:25 INFO     [src.ml.features] [SIMULATE] 特徴量生成 race_id=025162001530: 10 頭 × 46 特徴量 (リーク除外済み)
18:34:25 INFO     [src.ml.features] [SIMULATE] 特徴量生成 race_id=025102010955: 11 頭 × 46 特徴量 (リーク除外済み)
18:34:25 INFO     [src.ml.features] [SIMULATE] 特徴量生成 race_id=025172021647: 37 頭 × 46 特徴量 (リーク除外済み)
18:34:25 INFO     [src.ml.features] [SIMULATE] 特徴量生成 race_id=024082011754: 8 頭 × 46 特徴量 (リーク除外済み)
18:34:25 INFO     [src.ml.features] [SIMULATE] 特徴量生成 race_id=025172001648: 48 頭 × 46 特徴量 (リーク除外済み)
18:34:25 INFO     [src.ml.features] [SIMULATE] 特徴量生成 race_id=024182022744: 13 頭 × 46 特徴量 (リーク除外済み)
18:34:25 INFO     [src.ml.features] [SIMULATE] 特徴量生成 race_id=023172010655: 12 頭 × 46 特徴量 (リーク除外済み)
18:34:25 INFO     [src.ml.features] [SIMULATE] 特徴量生成 race_id=025172001630: 9 頭 × 46 特徴量 (リーク除外済み)
18:34:25 INFO     [src.ml.features] [SIMULATE] 特徴量生成 race_id=024132021247: 24 頭 × 46 特徴量 (リーク除外済み)
18:34:25 INFO     [src.ml.features] [SIMULATE] 特徴量生成 race_id=024182001730: 11 頭 × 46 特徴量 (リーク除外済み)
18:34:25 INFO     [src.ml.features] [SIMULATE] 特徴量生成 race_id=025172022644: 12 頭 × 46 特徴量 (リーク除外済み)
18:34:25 INFO     [src.ml.features] [SIMULATE] 特徴量生成 race_id=023162000548: 12 頭 × 46 特徴量 (リーク除外済み)
18:34:25 INFO     [src.ml.features] [SIMULATE] 特徴量生成 race_id=024102022944: 11 頭 × 46 特徴量 (リーク除外済み)
18:34:25 INFO     [src.ml.features] [SIMULATE] 特徴量生成 race_id=024132000250: 27 頭 × 46 特徴量 (リーク除外済み)
18:34:25 INFO     [src.ml.features] [SIMULATE] 特徴量生成 race_id=021102001930: 12 頭 × 46 特徴量 (リーク除外済み)
18:34:25 INFO     [src.ml.features] [SIMULATE] 特徴量生成 race_id=023082092750: 12 頭 × 46 特徴量 (リーク除外済み)
18:34:25 INFO     [src.ml.features] [SIMULATE] 特徴量生成 race_id=025032011254: 10 頭 × 46 特徴量 (リーク除外済み)
18:34:25 INFO     [src.ml.features] [SIMULATE] 特徴量生成 race_id=025182001748: 24 頭 × 46 特徴量 (リーク除外済み)
18:34:25 INFO     [src.ml.features] [SIMULATE] 特徴量生成 race_id=025122002130: 12 頭 × 46 特徴量 (リーク除外済み)
18:34:25 INFO     [src.ml.features] [SIMULATE] 特徴量生成 race_id=025182021747: 27 頭 × 46 特徴量 (リーク除外済み)
18:34:25 INFO     [src.ml.features] [SIMULATE] 特徴量生成 race_id=025162011555: 11 頭 × 46 特徴量 (リーク除外済み)
18:34:25 INFO     [src.ml.features] [SIMULATE] 特徴量生成 race_id=024102010955: 12 頭 × 46 特徴量 (リーク除外済み)
18:34:25 INFO     [src.ml.features] [SIMULATE] 特徴量生成 race_id=025102022944: 16 頭 × 46 特徴量 (リーク除外済み)
18:34:25 INFO     [src.ml.features] [SIMULATE] 特徴量生成 race_id=025152022944: 16 頭 × 46 特徴量 (リーク除外済み)
18:34:25 INFO     [src.ml.features] [SIMULATE] 特徴量生成 race_id=024132002230: 34 頭 × 46 特徴量 (リーク除外済み)
18:34:25 INFO     [src.ml.features] [SIMULATE] 特徴量生成 race_id=025052092450: 22 頭 × 46 特徴量 (リーク除外済み)
18:34:25 INFO     [src.ml.features] [SIMULATE] 特徴量生成 race_id=024152000448: 8 頭 × 46 特徴量 (リーク除外済み)
18:34:25 INFO     [src.ml.features] [SIMULATE] 特徴量生成 race_id=022182011744: 36 頭 × 46 特徴量 (リーク除外済み)
18:34:25 INFO     [src.ml.features] [SIMULATE] 特徴量生成 race_id=023182020744: 15 頭 × 46 特徴量 (リーク除外済み)
18:34:25 INFO     [src.ml.features] [SIMULATE] 特徴量生成 race_id=024162021347: 10 頭 × 46 特徴量 (リーク除外済み)
18:34:25 INFO     [src.ml.features] [SIMULATE] 特徴量生成 race_id=022192011844: 22 頭 × 46 特徴量 (リーク除外済み)
18:34:25 INFO     [src.ml.features] [SIMULATE] 特徴量生成 race_id=024142002330: 23 頭 × 46 特徴量 (リーク除外済み)
18:34:25 INFO     [src.ml.features] [SIMULATE] 特徴量生成 race_id=025132002230: 12 頭 × 46 特徴量 (リーク除外済み)
18:34:25 INFO     [src.ml.features] [SIMULATE] 特徴量生成 race_id=020192000850: 10 頭 × 46 特徴量 (リーク除外済み)
18:34:25 INFO     [src.ml.features] [SIMULATE] 特徴量生成 race_id=023192020844: 14 頭 × 46 特徴量 (リーク除外済み)
18:34:25 INFO     [src.ml.features] [SIMULATE] 特徴量生成 race_id=025042011354: 8 頭 × 46 特徴量 (リーク除外済み)
18:34:25 INFO     [src.ml.features] [SIMULATE] 特徴量生成 race_id=025172011655: 11 頭 × 46 特徴量 (リーク除外済み)
18:34:25 INFO     [src.ml.features] [SIMULATE] 特徴量生成 race_id=024142000350: 12 頭 × 46 特徴量 (リーク除外済み)
18:34:25 INFO     [src.ml.features] [SIMULATE] 特徴量生成 race_id=024112023044: 25 頭 × 46 特徴量 (リーク除外済み)
18:34:25 INFO     [src.ml.features] [SIMULATE] 特徴量生成 race_id=025062092550: 32 頭 × 46 特徴量 (リーク除外済み)
18:34:25 INFO     [src.ml.features] [SIMULATE] 特徴量生成 race_id=026082012754: 12 頭 × 46 特徴量 (リーク除外済み)
18:34:25 INFO     [src.ml.features] [SIMULATE] 特徴量生成 race_id=024152002430: 9 頭 × 46 特徴量 (リーク除外済み)
18:34:25 INFO     [src.ml.features] [SIMULATE] 特徴量生成 race_id=025142002330: 11 頭 × 46 特徴量 (リーク除外済み)
18:34:25 INFO     [src.ml.features] [SIMULATE] 特徴量生成 race_id=023062012554: 10 頭 × 46 特徴量 (リーク除外済み)
18:34:25 INFO     [src.ml.features] [SIMULATE] 特徴量生成 race_id=024052012454: 8 頭 × 46 特徴量 (リーク除外済み)
18:34:25 INFO     [src.ml.features] [SIMULATE] 特徴量生成 race_id=024112023144: 23 頭 × 46 特徴量 (リーク除外済み)
18:34:25 INFO     [src.ml.features] [SIMULATE] 特徴量生成 race_id=025112023144: 14 頭 × 46 特徴量 (リーク除外済み)
18:34:25 INFO     [src.ml.features] [SIMULATE] 特徴量生成 race_id=024152000450: 12 頭 × 46 特徴量 (リーク除外済み)
18:34:25 INFO     [src.ml.features] [SIMULATE] 特徴量生成 race_id=025002011954: 8 頭 × 46 特徴量 (リーク除外済み)
18:34:25 INFO     [src.ml.features] [SIMULATE] 特徴量生成 race_id=024172001648: 36 頭 × 46 特徴量 (リーク除外済み)
18:34:25 INFO     [src.ml.features] [SIMULATE] 特徴量生成 race_id=025042011344: 13 頭 × 46 特徴量 (リーク除外済み)
18:34:25 INFO     [src.ml.features] [SIMULATE] 特徴量生成 race_id=025172022647: 8 頭 × 46 特徴量 (リーク除外済み)
18:34:25 INFO     [src.ml.features] [SIMULATE] 特徴量生成 race_id=024172011655: 12 頭 × 46 特徴量 (リーク除外済み)
18:34:25 INFO     [src.ml.features] [SIMULATE] 特徴量生成 race_id=026022020154: 9 頭 × 46 特徴量 (リーク除外済み)
18:34:25 INFO     [src.ml.features] [SIMULATE] 特徴量生成 race_id=025102001946: 16 頭 × 46 特徴量 (リーク除外済み)
18:34:25 INFO     [src.ml.features] [SIMULATE] 特徴量生成 race_id=023182022747: 10 頭 × 46 特徴量 (リーク除外済み)
18:34:25 INFO     [src.ml.features] [SIMULATE] 特徴量生成 race_id=025192002830: 48 頭 × 46 特徴量 (リーク除外済み)
18:34:25 INFO     [src.ml.features] [SIMULATE] 特徴量生成 race_id=025192002848: 12 頭 × 46 特徴量 (リーク除外済み)
18:34:25 INFO     [src.ml.features] [SIMULATE] 特徴量生成 race_id=023012013154: 12 頭 × 46 特徴量 (リーク除外済み)
18:34:25 INFO     [src.ml.features] [SIMULATE] 特徴量生成 race_id=025022012154: 33 頭 × 46 特徴量 (リーク除外済み)
18:34:25 INFO     [src.ml.features] [SIMULATE] 特徴量生成 race_id=025142012355: 12 頭 × 46 特徴量 (リーク除外済み)
18:34:25 INFO     [src.ml.features] [SIMULATE] 特徴量生成 race_id=025132000250: 22 頭 × 46 特徴量 (リーク除外済み)
18:34:25 INFO     [src.ml.features] [SIMULATE] 特徴量生成 race_id=024112022947: 17 頭 × 46 特徴量 (リーク除外済み)
18:34:25 INFO     [src.ml.features] [SIMULATE] 特徴量生成 race_id=022172020644: 13 頭 × 46 特徴量 (リーク除外済み)
18:34:25 INFO     [src.ml.features] [SIMULATE] 特徴量生成 race_id=024112003030: 6 頭 × 46 特徴量 (リーク除外済み)
18:34:25 INFO     [src.ml.features] [SIMULATE] 特徴量生成 race_id=025122002146: 37 頭 × 46 特徴量 (リーク除外済み)
18:34:25 INFO     [src.ml.features] [SIMULATE] 特徴量生成 race_id=024112001050: 10 頭 × 46 特徴量 (リーク除外済み)
18:34:25 INFO     [src.ml.features] [SIMULATE] 特徴量生成 race_id=024102022947: 17 頭 × 46 特徴量 (リーク除外済み)
18:34:25 INFO     [src.ml.features] [SIMULATE] 特徴量生成 race_id=025102022947: 9 頭 × 46 特徴量 (リーク除外済み)
18:34:25 INFO     [src.ml.features] [SIMULATE] 特徴量生成 race_id=025102002930: 24 頭 × 46 特徴量 (リーク除外済み)
18:34:25 INFO     [src.ml.features] [SIMULATE] 特徴量生成 race_id=024182001748: 12 頭 × 46 特徴量 (リーク除外済み)
18:34:25 INFO     [src.ml.features] [SIMULATE] 特徴量生成 race_id=023182022744: 40 頭 × 46 特徴量 (リーク除外済み)
18:34:25 INFO     [src.ml.features] [SIMULATE] 特徴量生成 race_id=025032012254: 20 頭 × 46 特徴量 (リーク除外済み)
18:34:25 INFO     [src.ml.features] [SIMULATE] 特徴量生成 race_id=025162002546: 8 頭 × 46 特徴量 (リーク除外済み)
18:34:25 INFO     [src.ml.features] [SIMULATE] 特徴量生成 race_id=024012013154: 8 頭 × 46 特徴量 (リーク除外済み)
18:34:25 INFO     [src.ml.features] [SIMULATE] 特徴量生成 race_id=025152000350: 22 頭 × 46 特徴量 (リーク除外済み)
18:34:26 INFO     [src.ml.features] [SIMULATE] 特徴量生成 race_id=024112023047: 18 頭 × 46 特徴量 (リーク除外済み)
18:34:26 INFO     [src.ml.features] [SIMULATE] 特徴量生成 race_id=025112023047: 9 頭 × 46 特徴量 (リーク除外済み)
18:34:26 INFO     [src.ml.features] [SIMULATE] 特徴量生成 race_id=025112003030: 54 頭 × 46 特徴量 (リーク除外済み)
18:34:26 INFO     [src.ml.features] [SIMULATE] 特徴量生成 race_id=024142001150: 10 頭 × 46 特徴量 (リーク除外済み)
18:34:26 INFO     [src.ml.features] [SIMULATE] 特徴量生成 race_id=024192001848: 12 頭 × 46 特徴量 (リーク除外済み)
18:34:26 INFO     [src.ml.features] [SIMULATE] 特徴量生成 race_id=025062011544: 24 頭 × 46 特徴量 (リーク除外済み)
18:34:26 INFO     [src.ml.features] [SIMULATE] 特徴量生成 race_id=025112003048: 24 頭 × 46 特徴量 (リーク除外済み)
18:34:26 INFO     [src.ml.features] [SIMULATE] 特徴量生成 race_id=025182002746: 8 頭 × 46 特徴量 (リーク除外済み)
18:34:26 INFO     [src.ml.features] [SIMULATE] 特徴量生成 race_id=021132010230: 12 頭 × 46 特徴量 (リーク除外済み)
18:34:26 INFO     [src.ml.features] [SIMULATE] 特徴量生成 race_id=025142010330: 35 頭 × 46 特徴量 (リーク除外済み)
18:34:26 INFO     [src.ml.features] [SIMULATE] 特徴量生成 race_id=025192000850: 34 頭 × 46 特徴量 (リーク除外済み)
18:34:26 INFO     [src.ml.features] [SIMULATE] 特徴量生成 race_id=025122003148: 12 頭 × 46 特徴量 (リーク除外済み)
18:34:26 INFO     [src.ml.features] [SIMULATE] 特徴量生成 race_id=025112013055: 12 頭 × 46 特徴量 (リーク除外済み)
18:34:26 INFO     [src.ml.features] [SIMULATE] 特徴量生成 race_id=025112023147: 24 頭 × 46 特徴量 (リーク除外済み)
18:34:26 INFO     [src.ml.features] [SIMULATE] 特徴量生成 race_id=025072011644: 13 頭 × 46 特徴量 (リーク除外済み)
18:34:26 INFO     [src.ml.features] [SIMULATE] 特徴量生成 race_id=024142012355: 12 頭 × 46 特徴量 (リーク除外済み)
18:34:26 INFO     [src.ml.features] [SIMULATE] 特徴量生成 race_id=025072012654: 21 頭 × 46 特徴量 (リーク除外済み)
18:34:26 INFO     [src.ml.features] [SIMULATE] 特徴量生成 race_id=024112023147: 20 頭 × 46 特徴量 (リーク除外済み)
18:34:26 INFO     [src.ml.features] [SIMULATE] 特徴量生成 race_id=025112003148: 12 頭 × 46 特徴量 (リーク除外済み)
18:34:26 INFO     [src.ml.features] [SIMULATE] 特徴量生成 race_id=023122001150: 11 頭 × 46 特徴量 (リーク除外済み)
18:34:26 INFO     [src.ml.features] [SIMULATE] 特徴量生成 race_id=026012021054: 12 頭 × 46 特徴量 (リーク除外済み)
18:34:26 INFO     [src.ml.features] [SIMULATE] 特徴量生成 race_id=025082011744: 10 頭 × 46 特徴量 (リーク除外済み)
18:34:26 INFO     [src.ml.features] [SIMULATE] 特徴量生成 race_id=023172012655: 11 頭 × 46 特徴量 (リーク除外済み)
18:34:26 INFO     [src.ml.features] [SIMULATE] 特徴量生成 race_id=024182001750: 31 頭 × 46 特徴量 (リーク除外済み)
18:34:26 INFO     [src.ml.features] [SIMULATE] 特徴量生成 race_id=024132002246: 8 頭 × 46 特徴量 (リーク除外済み)
18:34:26 INFO     [src.ml.features] [SIMULATE] 特徴量生成 race_id=024172010630: 12 頭 × 46 特徴量 (リーク除外済み)
18:34:26 INFO     [src.ml.features] [SIMULATE] 特徴量生成 race_id=023082020754: 9 頭 × 46 特徴量 (リーク除外済み)
18:34:26 INFO     [src.ml.features] [SIMULATE] 特徴量生成 race_id=025192002846: 16 頭 × 46 特徴量 (リーク除外済み)
18:34:26 INFO     [src.ml.features] [SIMULATE] 特徴量生成 race_id=025102000950: 12 頭 × 46 特徴量 (リーク除外済み)
18:34:26 INFO     [src.ml.features] [SIMULATE] 特徴量生成 race_id=025092012854: 9 頭 × 46 特徴量 (リーク除外済み)
18:34:26 INFO     [src.ml.features] [SIMULATE] 特徴量生成 race_id=021112023044: 24 頭 × 46 特徴量 (リーク除外済み)
18:34:26 INFO     [src.ml.features] [SIMULATE] 特徴量生成 race_id=025172020655: 11 頭 × 46 特徴量 (リーク除外済み)
18:34:26 INFO     [src.ml.features] [SIMULATE] 特徴量生成 race_id=022102020944: 29 頭 × 46 特徴量 (リーク除外済み)
18:34:26 INFO     [src.ml.features] [SIMULATE] 特徴量生成 race_id=025162010530: 10 頭 × 46 特徴量 (リーク除外済み)
18:34:26 INFO     [src.ml.features] [SIMULATE] 特徴量生成 race_id=025002012954: 10 頭 × 46 特徴量 (リーク除外済み)
18:34:26 INFO     [src.ml.features] [SIMULATE] 特徴量生成 race_id=024182010730: 36 頭 × 46 特徴量 (リーク除外済み)
18:34:26 INFO     [src.ml.features] [SIMULATE] 特徴量生成 race_id=025112001050: 41 頭 × 46 特徴量 (リーク除外済み)
18:34:26 INFO     [src.ml.features] [SIMULATE] 特徴量生成 race_id=023112023144: 27 頭 × 46 特徴量 (リーク除外済み)
18:34:26 INFO     [src.ml.features] [SIMULATE] 特徴量生成 race_id=023092020854: 11 頭 × 46 特徴量 (リーク除外済み)
18:34:26 INFO     [src.ml.features] [SIMULATE] 特徴量生成 race_id=024082020754: 10 頭 × 46 特徴量 (リーク除外済み)
18:34:26 INFO     [src.ml.features] [SIMULATE] 特徴量生成 race_id=023102010930: 8 頭 × 46 特徴量 (リーク除外済み)
18:34:26 INFO     [src.ml.features] [SIMULATE] 特徴量生成 race_id=024102001850: 11 頭 × 46 特徴量 (リーク除外済み)
18:34:26 INFO     [src.ml.features] [SIMULATE] 特徴量生成 race_id=025032020254: 18 頭 × 46 特徴量 (リーク除外済み)
18:34:26 INFO     [src.ml.features] [SIMULATE] 特徴量生成 race_id=024002010947: 8 頭 × 46 特徴量 (リーク除外済み)
18:34:26 INFO     [src.ml.features] [SIMULATE] 特徴量生成 race_id=024142002350: 12 頭 × 46 特徴量 (リーク除外済み)
18:34:26 INFO     [src.ml.features] [SIMULATE] 特徴量生成 race_id=025102010748: 23 頭 × 46 特徴量 (リーク除外済み)
18:34:26 INFO     [src.ml.features] [SIMULATE] 特徴量生成 race_id=025162001550: 43 頭 × 46 特徴量 (リーク除外済み)
18:34:26 INFO     [src.ml.features] [SIMULATE] 特徴量生成 race_id=026062021554: 9 頭 × 46 特徴量 (リーク除外済み)
18:34:26 INFO     [src.ml.features] [SIMULATE] 特徴量生成 race_id=025152010446: 24 頭 × 46 特徴量 (リーク除外済み)
18:34:26 INFO     [src.ml.features] [SIMULATE] 特徴量生成 race_id=025082012744: 14 頭 × 46 特徴量 (リーク除外済み)
18:34:26 INFO     [src.ml.features] [SIMULATE] 特徴量生成 race_id=025122011130: 27 頭 × 46 特徴量 (リーク除外済み)
18:34:26 INFO     [src.ml.features] [SIMULATE] 特徴量生成 race_id=024102002948: 36 頭 × 46 特徴量 (リーク除外済み)
18:34:26 INFO     [src.ml.features] [SIMULATE] 特徴量生成 race_id=025082010747: 9 頭 × 46 特徴量 (リーク除外済み)
18:34:26 INFO     [src.ml.features] [SIMULATE] 特徴量生成 race_id=025182010748: 8 頭 × 46 特徴量 (リーク除外済み)
18:34:26 INFO     [src.ml.features] [SIMULATE] 特徴量生成 race_id=024112002948: 12 頭 × 46 特徴量 (リーク除外済み)
18:34:26 INFO     [src.ml.features] [SIMULATE] 特徴量生成 race_id=020102002950: 10 頭 × 46 特徴量 (リーク除外済み)
18:34:26 INFO     [src.ml.features] [SIMULATE] 特徴量生成 race_id=025052020454: 8 頭 × 46 特徴量 (リーク除外済み)
18:34:26 INFO     [src.ml.features] [SIMULATE] 特徴量生成 race_id=024152002450: 12 頭 × 46 特徴量 (リーク除外済み)
18:34:26 INFO     [src.ml.features] [SIMULATE] 特徴量生成 race_id=024032012244: 30 頭 × 46 特徴量 (リーク除外済み)
18:34:26 INFO     [src.ml.features] [SIMULATE] 特徴量生成 race_id=025092012844: 25 頭 × 46 特徴量 (リーク除外済み)
18:34:26 INFO     [src.ml.features] [SIMULATE] 特徴量生成 race_id=026082010747: 8 頭 × 46 特徴量 (リーク除外済み)
18:34:26 INFO     [src.ml.features] [SIMULATE] 特徴量生成 race_id=025092010847: 26 頭 × 46 特徴量 (リーク除外済み)
18:34:26 INFO     [src.ml.features] [SIMULATE] 特徴量生成 race_id=024112003048: 24 頭 × 46 特徴量 (リーク除外済み)
18:34:26 INFO     [src.ml.features] [SIMULATE] 特徴量生成 race_id=025112011048: 10 頭 × 46 特徴量 (リーク除外済み)
18:34:26 INFO     [src.ml.features] [SIMULATE] 特徴量生成 race_id=025172001650: 22 頭 × 46 特徴量 (リーク除外済み)
18:34:26 INFO     [src.ml.features] [SIMULATE] 特徴量生成 race_id=024112003148: 22 頭 × 46 特徴量 (リーク除外済み)
18:34:26 INFO     [src.ml.features] [SIMULATE] 特徴量生成 race_id=024052021454: 10 頭 × 46 特徴量 (リーク除外済み)
18:34:26 INFO     [src.ml.features] [SIMULATE] 特徴量生成 race_id=025002010947: 8 頭 × 46 特徴量 (リーク除外済み)
18:34:26 INFO     [src.ml.features] [SIMULATE] 特徴量生成 race_id=026092010847: 8 頭 × 46 特徴量 (リーク除外済み)
18:34:26 INFO     [src.ml.features] [SIMULATE] 特徴量生成 race_id=023052021454: 11 頭 × 46 特徴量 (リーク除外済み)
18:34:26 INFO     [src.ml.features] [SIMULATE] 特徴量生成 race_id=025062020554: 26 頭 × 46 特徴量 (リーク除外済み)
18:34:26 INFO     [src.ml.features] [SIMULATE] 特徴量生成 race_id=025002012944: 24 頭 × 46 特徴量 (リーク除外済み)
18:34:26 INFO     [src.ml.features] [SIMULATE] 特徴量生成 race_id=025182001750: 21 頭 × 46 特徴量 (リーク除外済み)
18:34:26 INFO     [src.ml.features] [SIMULATE] 特徴量生成 race_id=024162002550: 9 頭 × 46 特徴量 (リーク除外済み)
18:34:26 INFO     [src.ml.features] [SIMULATE] 特徴量生成 race_id=025142011330: 22 頭 × 46 特徴量 (リーク除外済み)
18:34:26 INFO     [src.ml.features] [SIMULATE] 特徴量生成 race_id=025122011148: 11 頭 × 46 特徴量 (リーク除外済み)
18:34:26 INFO     [src.ml.features] [SIMULATE] 特徴量生成 race_id=023132002050: 20 頭 × 46 特徴量 (リーク除外済み)
18:34:26 INFO     [src.ml.features] [SIMULATE] 特徴量生成 race_id=024042012344: 26 頭 × 46 特徴量 (リーク除外済み)
18:34:26 INFO     [src.ml.features] [SIMULATE] 特徴量生成 race_id=022072012644: 14 頭 × 46 特徴量 (リーク除外済み)
18:34:26 INFO     [src.ml.features] [SIMULATE] 特徴量生成 race_id=025132011248: 44 頭 × 46 特徴量 (リーク除外済み)
18:34:26 INFO     [src.ml.features] [SIMULATE] 特徴量生成 race_id=024102002950: 15 頭 × 46 特徴量 (リーク除外済み)
18:34:26 INFO     [src.ml.features] [SIMULATE] 特徴量生成 race_id=021022012144: 14 頭 × 46 特徴量 (リーク除外済み)
18:34:26 INFO     [src.ml.features] [SIMULATE] 特徴量生成 race_id=023112020955: 10 頭 × 46 特徴量 (リーク除外済み)
18:34:26 INFO     [src.ml.features] [SIMULATE] 特徴量生成 race_id=026022010947: 8 頭 × 46 特徴量 (リーク除外済み)
18:34:26 INFO     [src.ml.features] [SIMULATE] 特徴量生成 race_id=024182020755: 22 頭 × 46 特徴量 (リーク除外済み)
18:34:26 INFO     [src.ml.features] [SIMULATE] 特徴量生成 race_id=024142010346: 6 頭 × 46 特徴量 (リーク除外済み)
18:34:26 INFO     [src.ml.features] [SIMULATE] 特徴量生成 race_id=025012011047: 8 頭 × 46 特徴量 (リーク除外済み)
18:34:26 INFO     [src.ml.features] [SIMULATE] 特徴量生成 race_id=023002021954: 12 頭 × 46 特徴量 (リーク除外済み)
18:34:26 INFO     [src.ml.features] [SIMULATE] 特徴量生成 race_id=025112011046: 18 頭 × 46 特徴量 (リーク除外済み)
18:34:27 INFO     [src.ml.features] [SIMULATE] 特徴量生成 race_id=025132002250: 22 頭 × 46 特徴量 (リーク除外済み)
18:34:27 INFO     [src.ml.features] [SIMULATE] 特徴量生成 race_id=024162010546: 8 頭 × 46 特徴量 (リーク除外済み)
18:34:27 INFO     [src.ml.features] [SIMULATE] 特徴量生成 race_id=025012013144: 23 頭 × 46 特徴量 (リーク除外済み)
18:34:27 INFO     [src.ml.features] [SIMULATE] 特徴量生成 race_id=024112003050: 20 頭 × 46 特徴量 (リーク除外済み)
18:34:27 INFO     [src.ml.features] [SIMULATE] 特徴量生成 race_id=022112023044: 13 頭 × 46 特徴量 (リーク除外済み)
18:34:27 INFO     [src.ml.features] [SIMULATE] 特徴量生成 race_id=024012022054: 10 頭 × 46 特徴量 (リーク除外済み)
18:34:27 INFO     [src.ml.features] [SIMULATE] 特徴量生成 race_id=025142011348: 11 頭 × 46 特徴量 (リーク除外済み)
18:34:27 INFO     [src.ml.features] [SIMULATE] 特徴量生成 race_id=025022021154: 18 頭 × 46 特徴量 (リーク除外済み)
18:34:27 INFO     [src.ml.features] [SIMULATE] 特徴量生成 race_id=025142002350: 12 頭 × 46 特徴量 (リーク除外済み)
18:34:27 INFO     [src.ml.features] [SIMULATE] 特徴量生成 race_id=025182022755: 20 頭 × 46 特徴量 (リーク除外済み)
18:34:27 INFO     [src.ml.features] [SIMULATE] 特徴量生成 race_id=025122011146: 9 頭 × 46 特徴量 (リーク除外済み)
18:34:27 INFO     [src.ml.features] [SIMULATE] 特徴量生成 race_id=025032021254: 9 頭 × 46 特徴量 (リーク除外済み)
18:34:27 INFO     [src.ml.features] [SIMULATE] 特徴量生成 race_id=026062022554: 10 頭 × 46 特徴量 (リーク除外済み)
18:34:27 INFO     [src.ml.features] [SIMULATE] 特徴量生成 race_id=024022022154: 9 頭 × 46 特徴量 (リーク除外済み)
18:34:27 INFO     [src.ml.features] [SIMULATE] 特徴量生成 race_id=024112003150: 20 頭 × 46 特徴量 (リーク除外済み)
18:34:27 INFO     [src.ml.features] [SIMULATE] 特徴量生成 race_id=022112023144: 14 頭 × 46 特徴量 (リーク除外済み)
18:34:27 INFO     [src.ml.features] [SIMULATE] 特徴量生成 race_id=024072012644: 19 頭 × 46 特徴量 (リーク除外済み)
18:34:27 INFO     [src.ml.features] [SIMULATE] 特徴量生成 race_id=023102002750: 10 頭 × 46 特徴量 (リーク除外済み)
18:34:27 INFO     [src.ml.features] [SIMULATE] 特徴量生成 race_id=025152002450: 12 頭 × 46 特徴量 (リーク除外済み)
18:34:27 INFO     [src.ml.features] [SIMULATE] 特徴量生成 race_id=025112012048: 24 頭 × 46 特徴量 (リーク除外済み)
18:34:27 INFO     [src.ml.features] [SIMULATE] 特徴量生成 race_id=025072021654: 11 頭 × 46 特徴量 (リーク除外済み)
18:34:27 INFO     [src.ml.features] [SIMULATE] 特徴量生成 race_id=025172011646: 15 頭 × 46 特徴量 (リーク除外済み)
18:34:27 INFO     [src.ml.features] [SIMULATE] 特徴量生成 race_id=025082021744: 25 頭 × 46 特徴量 (リーク除外済み)
18:34:27 INFO     [src.ml.features] [SIMULATE] 特徴量生成 race_id=025022012147: 25 頭 × 46 特徴量 (リーク除外済み)
18:34:27 INFO     [src.ml.features] [SIMULATE] 特徴量生成 race_id=024122011148: 24 頭 × 46 特徴量 (リーク除外済み)
18:34:27 INFO     [src.ml.features] [SIMULATE] 特徴量生成 race_id=025192002850: 21 頭 × 46 特徴量 (リーク除外済み)
18:34:27 INFO     [src.ml.features] [SIMULATE] 特徴量生成 race_id=025092021854: 23 頭 × 46 特徴量 (リーク除外済み)
18:34:27 INFO     [src.ml.features] [SIMULATE] 特徴量生成 race_id=025032012247: 8 頭 × 46 特徴量 (リーク除外済み)
18:34:27 INFO     [src.ml.features] [SIMULATE] 特徴量生成 race_id=023182021755: 8 頭 × 46 特徴量 (リーク除外済み)
18:34:27 INFO     [src.ml.features] [SIMULATE] 特徴量生成 race_id=025182011746: 7 頭 × 46 特徴量 (リーク除外済み)
18:34:27 INFO     [src.ml.features] [SIMULATE] 特徴量生成 race_id=021072021644: 12 頭 × 46 特徴量 (リーク除外済み)
18:34:27 INFO     [src.ml.features] [SIMULATE] 特徴量生成 race_id=026022012147: 8 頭 × 46 特徴量 (リーク除外済み)
18:34:27 INFO     [src.ml.features] [SIMULATE] 特徴量生成 race_id=025122012148: 10 頭 × 46 特徴量 (リーク除外済み)
18:34:27 INFO     [src.ml.features] [SIMULATE] 特徴量生成 race_id=024032021244: 13 頭 × 46 特徴量 (リーク除外済み)
18:34:27 INFO     [src.ml.features] [SIMULATE] 特徴量生成 race_id=024132011248: 12 頭 × 46 特徴量 (リーク除外済み)
18:34:27 INFO     [src.ml.features] [SIMULATE] 特徴量生成 race_id=024162010550: 32 頭 × 46 特徴量 (リーク除外済み)
18:34:27 INFO     [src.ml.features] [SIMULATE] 特徴量生成 race_id=025102002950: 40 頭 × 46 特徴量 (リーク除外済み)
18:34:27 INFO     [src.ml.features] [SIMULATE] 特徴量生成 race_id=024182011746: 9 頭 × 46 特徴量 (リーク除外済み)
18:34:27 INFO     [src.ml.features] [SIMULATE] 特徴量生成 race_id=024042021344: 14 頭 × 46 特徴量 (リーク除外済み)
18:34:27 INFO     [src.ml.features] [SIMULATE] 特徴量生成 race_id=026032012247: 9 頭 × 46 特徴量 (リーク除外済み)
18:34:27 INFO     [src.ml.features] [SIMULATE] 特徴量生成 race_id=023062012544: 14 頭 × 46 特徴量 (リーク除外済み)
18:34:27 INFO     [src.ml.features] [SIMULATE] 特徴量生成 race_id=025002021954: 8 頭 × 46 特徴量 (リーク除外済み)
18:34:27 INFO     [src.ml.features] [SIMULATE] 特徴量生成 race_id=025142012346: 14 頭 × 46 特徴量 (リーク除外済み)
18:34:27 INFO     [src.ml.features] [SIMULATE] 特徴量生成 race_id=024142011348: 12 頭 × 46 特徴量 (リーク除外済み)
18:34:27 INFO     [src.ml.features] [SIMULATE] 特徴量生成 race_id=025042012347: 9 頭 × 46 特徴量 (リーク除外済み)
18:34:27 INFO     [src.ml.features] [SIMULATE] 特徴量生成 race_id=025162012548: 9 頭 × 46 特徴量 (リーク除外済み)
18:34:27 INFO     [src.ml.features] [SIMULATE] 特徴量生成 race_id=023022030154: 8 頭 × 46 特徴量 (リーク除外済み)
18:34:27 INFO     [src.ml.features] [SIMULATE] 特徴量生成 race_id=024172010650: 20 頭 × 46 特徴量 (リーク除外済み)
18:34:27 INFO     [src.ml.features] [SIMULATE] 特徴量生成 race_id=026092021844: 16 頭 × 46 特徴量 (リーク除外済み)
18:34:27 INFO     [src.ml.features] [SIMULATE] 特徴量生成 race_id=025002021944: 31 頭 × 46 特徴量 (リーク除外済み)
18:34:27 INFO     [src.ml.features] [SIMULATE] 特徴量生成 race_id=025112003050: 21 頭 × 46 特徴量 (リーク除外済み)
18:34:27 INFO     [src.ml.features] [SIMULATE] 特徴量生成 race_id=026022011155: 21 頭 × 46 特徴量 (リーク除外済み)
18:34:27 INFO     [src.ml.features] [SIMULATE] 特徴量生成 race_id=025152012446: 8 頭 × 46 特徴量 (リーク除外済み)
18:34:27 INFO     [src.ml.features] [SIMULATE] 特徴量生成 race_id=025142010350: 6 頭 × 46 特徴量 (リーク除外済み)
18:34:27 INFO     [src.ml.features] [SIMULATE] 特徴量生成 race_id=024122022155: 11 頭 × 46 特徴量 (リーク除外済み)
18:34:27 INFO     [src.ml.features] [SIMULATE] 特徴量生成 race_id=024052021444: 25 頭 × 46 特徴量 (リーク除外済み)
18:34:27 INFO     [src.ml.features] [SIMULATE] 特徴量生成 race_id=025172012648: 48 頭 × 46 特徴量 (リーク除外済み)
18:34:27 INFO     [src.ml.features] [SIMULATE] 特徴量生成 race_id=024182010750: 22 頭 × 46 特徴量 (リーク除外済み)
18:34:27 INFO     [src.ml.features] [SIMULATE] 特徴量生成 race_id=023142022355: 11 頭 × 46 特徴量 (リーク除外済み)
18:34:27 INFO     [src.ml.features] [SIMULATE] 特徴量生成 race_id=025012022044: 24 頭 × 46 特徴量 (リーク除外済み)
18:34:27 INFO     [src.ml.features] [SIMULATE] 特徴量生成 race_id=026042012347: 10 頭 × 46 特徴量 (リーク除外済み)
18:34:27 INFO     [src.ml.features] [SIMULATE] 特徴量生成 race_id=025052012447: 18 頭 × 46 特徴量 (リーク除外済み)
18:34:27 INFO     [src.ml.features] [SIMULATE] 特徴量生成 race_id=024152011448: 12 頭 × 46 特徴量 (リーク除外済み)
18:34:27 INFO     [src.ml.features] [SIMULATE] 特徴量生成 race_id=024062030554: 10 頭 × 46 特徴量 (リーク除外済み)
18:34:27 INFO     [src.ml.features] [SIMULATE] 特徴量生成 race_id=025052022454: 20 頭 × 46 特徴量 (リーク除外済み)
18:34:27 INFO     [src.ml.features] [SIMULATE] 特徴量生成 race_id=023072030654: 9 頭 × 46 特徴量 (リーク除外済み)
18:34:27 INFO     [src.ml.features] [SIMULATE] 特徴量生成 race_id=025152010450: 43 頭 × 46 特徴量 (リーク除外済み)
18:34:27 INFO     [src.ml.features] [SIMULATE] 特徴量生成 race_id=025162012546: 9 頭 × 46 特徴量 (リーク除外済み)
18:34:27 INFO     [src.ml.features] [SIMULATE] 特徴量生成 race_id=022022021144: 10 頭 × 46 特徴量 (リーク除外済み)
18:34:27 INFO     [src.ml.features] [SIMULATE] 特徴量生成 race_id=024102011946: 12 頭 × 46 特徴量 (リーク除外済み)
18:34:27 INFO     [src.ml.features] [SIMULATE] 特徴量生成 race_id=026022031154: 12 頭 × 46 特徴量 (リーク除外済み)
18:34:27 INFO     [src.ml.features] [SIMULATE] 特徴量生成 race_id=025062022554: 22 頭 × 46 特徴量 (リーク除外済み)
18:34:27 INFO     [src.ml.features] [SIMULATE] 特徴量生成 race_id=025032030254: 21 頭 × 46 特徴量 (リーク除外済み)
18:34:27 INFO     [src.ml.features] [SIMULATE] 特徴量生成 race_id=023072020647: 8 頭 × 46 特徴量 (リーク除外済み)
18:34:27 INFO     [src.ml.features] [SIMULATE] 特徴量生成 race_id=025052020447: 19 頭 × 46 特徴量 (リーク除外済み)
18:34:27 INFO     [src.ml.features] [SIMULATE] 特徴量生成 race_id=024112012048: 10 頭 × 46 特徴量 (リーク除外済み)
18:34:27 INFO     [src.ml.features] [SIMULATE] 特徴量生成 race_id=025122020146: 16 頭 × 46 特徴量 (リーク除外済み)
18:34:27 INFO     [src.ml.features] [SIMULATE] 特徴量生成 race_id=023102010950: 8 頭 × 46 特徴量 (リーク除外済み)
18:34:27 INFO     [src.ml.features] [SIMULATE] 特徴量生成 race_id=023032031254: 11 頭 × 46 特徴量 (リーク除外済み)
18:34:27 INFO     [src.ml.features] [SIMULATE] 特徴量生成 race_id=024062010555: 10 頭 × 46 特徴量 (リーク除外済み)
18:34:27 INFO     [src.ml.features] [SIMULATE] 特徴量生成 race_id=025012031044: 10 頭 × 46 特徴量 (リーク除外済み)
18:34:27 INFO     [src.ml.features] [SIMULATE] 特徴量生成 race_id=025162010550: 9 頭 × 46 特徴量 (リーク除外済み)
18:34:27 INFO     [src.ml.features] [SIMULATE] 特徴量生成 race_id=025152020448: 12 頭 × 46 特徴量 (リーク除外済み)
18:34:27 INFO     [src.ml.features] [SIMULATE] 特徴量生成 race_id=024132011250: 34 頭 × 46 特徴量 (リーク除外済み)
18:34:27 INFO     [src.ml.features] [SIMULATE] 特徴量生成 race_id=025132020246: 8 頭 × 46 特徴量 (リーク除外済み)
18:34:27 INFO     [src.ml.features] [SIMULATE] 特徴量生成 race_id=025062010555: 11 頭 × 46 特徴量 (リーク除外済み)
18:34:27 INFO     [src.ml.features] [SIMULATE] 特徴量生成 race_id=024072020647: 10 頭 × 46 特徴量 (リーク除外済み)
18:34:27 INFO     [src.ml.features] [SIMULATE] 特徴量生成 race_id=024142011350: 22 頭 × 46 特徴量 (リーク除外済み)
18:34:27 INFO     [src.ml.features] [SIMULATE] 特徴量生成 race_id=025062020547: 28 頭 × 46 特徴量 (リーク除外済み)
18:34:27 INFO     [src.ml.features] [SIMULATE] 特徴量生成 race_id=025172010650: 12 頭 × 46 特徴量 (リーク除外済み)
18:34:28 INFO     [src.ml.features] [SIMULATE] 特徴量生成 race_id=025052030454: 12 頭 × 46 特徴量 (リーク除外済み)
18:34:28 INFO     [src.ml.features] [SIMULATE] 特徴量生成 race_id=026062012555: 11 頭 × 46 特徴量 (リーク除外済み)
18:34:28 INFO     [src.ml.features] [SIMULATE] 特徴量生成 race_id=024022031154: 8 頭 × 46 特徴量 (リーク除外済み)
18:34:28 INFO     [src.ml.features] [SIMULATE] 特徴量生成 race_id=024082022744: 28 頭 × 46 特徴量 (リーク除外済み)
18:34:28 INFO     [src.ml.features] [SIMULATE] 特徴量生成 race_id=023152011450: 8 頭 × 46 特徴量 (リーク除外済み)
18:34:28 INFO     [src.ml.features] [SIMULATE] 特徴量生成 race_id=024122012148: 36 頭 × 46 特徴量 (リーク除外済み)
18:34:28 INFO     [src.ml.features] [SIMULATE] 特徴量生成 race_id=025162020548: 12 頭 × 46 特徴量 (リーク除外済み)
18:34:28 INFO     [src.ml.features] [SIMULATE] 特徴量生成 race_id=024152011450: 12 頭 × 46 特徴量 (リーク除外済み)
18:34:28 INFO     [src.ml.features] [SIMULATE] 特徴量生成 race_id=025122011150: 22 頭 × 46 特徴量 (リーク除外済み)
18:34:28 INFO     [src.ml.features] [SIMULATE] 特徴量生成 race_id=021012031044: 10 頭 × 46 特徴量 (リーク除外済み)
18:34:28 INFO     [src.ml.features] [SIMULATE] 特徴量生成 race_id=025062030554: 10 頭 × 46 特徴量 (リーク除外済み)
18:34:28 INFO     [src.ml.features] [SIMULATE] 特徴量生成 race_id=026002012955: 20 頭 × 46 特徴量 (リーク除外済み)
18:34:28 INFO     [src.ml.features] [SIMULATE] 特徴量生成 race_id=024132012248: 24 頭 × 46 特徴量 (リーク除外済み)
18:34:28 INFO     [src.ml.features] [SIMULATE] 特徴量生成 race_id=026062020547: 10 頭 × 46 特徴量 (リーク除外済み)
18:34:28 INFO     [src.ml.features] [SIMULATE] 特徴量生成 race_id=025072020647: 17 頭 × 46 特徴量 (リーク除外済み)
18:34:28 INFO     [src.ml.features] [SIMULATE] 特徴量生成 race_id=025182020746: 8 頭 × 46 特徴量 (リーク除外済み)
18:34:28 INFO     [src.ml.features] [SIMULATE] 特徴量生成 race_id=023062031554: 10 頭 × 46 特徴量 (リーク除外済み)
18:34:28 INFO     [src.ml.features] [SIMULATE] 特徴量生成 race_id=025072010655: 12 頭 × 46 特徴量 (リーク除外済み)
18:34:28 INFO     [src.ml.features] [SIMULATE] 特徴量生成 race_id=025032031244: 12 頭 × 46 特徴量 (リーク除外済み)
18:34:28 INFO     [src.ml.features] [SIMULATE] 特徴量生成 race_id=024012022944: 27 頭 × 46 特徴量 (リーク除外済み)
18:34:28 INFO     [src.ml.features] [SIMULATE] 特徴量生成 race_id=025002030954: 10 頭 × 46 特徴量 (リーク除外済み)
18:34:28 INFO     [src.ml.features] [SIMULATE] 特徴量生成 race_id=024102011950: 12 頭 × 46 特徴量 (リーク除外済み)
18:34:28 INFO     [src.ml.features] [SIMULATE] 特徴量生成 race_id=025112021048: 12 頭 × 46 特徴量 (リーク除外済み)
18:34:28 INFO     [src.ml.features] [SIMULATE] 特徴量生成 race_id=024082031754: 9 頭 × 46 特徴量 (リーク除外済み)
18:34:28 INFO     [src.ml.features] [SIMULATE] 特徴量生成 race_id=025192020846: 17 頭 × 46 特徴量 (リーク除外済み)
18:34:28 INFO     [src.ml.features] [SIMULATE] 特徴量生成 race_id=023042022344: 14 頭 × 46 特徴量 (リーク除外済み)
18:34:28 INFO     [src.ml.features] [SIMULATE] 特徴量生成 race_id=025092020747: 16 頭 × 46 特徴量 (リーク除外済み)
18:34:28 INFO     [src.ml.features] [SIMULATE] 特徴量生成 race_id=024162012548: 11 頭 × 46 特徴量 (リーク除外済み)
18:34:28 INFO     [src.ml.features] [SIMULATE] 特徴量生成 race_id=024132020246: 10 頭 × 46 特徴量 (リーク除外済み)
18:34:28 INFO     [src.ml.features] [SIMULATE] 特徴量生成 race_id=024092020847: 9 頭 × 46 特徴量 (リーク除外済み)
18:34:28 INFO     [src.ml.features] [SIMULATE] 特徴量生成 race_id=025132011250: 8 頭 × 46 特徴量 (リーク除外済み)
18:34:28 INFO     [src.ml.features] [SIMULATE] 特徴量生成 race_id=025042031344: 16 頭 × 46 特徴量 (リーク除外済み)
18:34:28 INFO     [src.ml.features] [SIMULATE] 特徴量生成 race_id=025022031154: 17 頭 × 46 特徴量 (リーク除外済み)
18:34:28 INFO     [src.ml.features] [SIMULATE] 特徴量生成 race_id=026022020155: 10 頭 × 46 特徴量 (リーク除外済み)
18:34:28 INFO     [src.ml.features] [SIMULATE] 特徴量生成 race_id=024142020346: 8 頭 × 46 特徴量 (リーク除外済み)
18:34:28 INFO     [src.ml.features] [SIMULATE] 特徴量生成 race_id=025052031444: 14 頭 × 46 特徴量 (リーク除外済み)
18:34:28 INFO     [src.ml.features] [SIMULATE] 特徴量生成 race_id=025142011350: 10 頭 × 46 特徴量 (リーク除外済み)
18:34:28 INFO     [src.ml.features] [SIMULATE] 特徴量生成 race_id=024042011355: 12 頭 × 46 特徴量 (リーク除外済み)
18:34:28 INFO     [src.ml.features] [SIMULATE] 特徴量生成 race_id=024022030144: 16 頭 × 46 特徴量 (リーク除外済み)
18:34:28 INFO     [src.ml.features] [SIMULATE] 特徴量生成 race_id=025032031254: 11 頭 × 46 特徴量 (リーク除外済み)
18:34:28 INFO     [src.ml.features] [SIMULATE] 特徴量生成 race_id=023032032254: 7 頭 × 46 特徴量 (リーク除外済み)
18:34:28 INFO     [src.ml.features] [SIMULATE] 特徴量生成 race_id=024122012150: 22 頭 × 46 特徴量 (リーク除外済み)
18:34:28 INFO     [src.ml.features] [SIMULATE] 特徴量生成 race_id=025092011855: 10 頭 × 46 特徴量 (リーク除外済み)
18:34:28 INFO     [src.ml.features] [SIMULATE] 特徴量生成 race_id=024192020846: 10 頭 × 46 特徴量 (リーク除外済み)
18:34:28 INFO     [src.ml.features] [SIMULATE] 特徴量生成 race_id=023072032654: 10 頭 × 46 特徴量 (リーク除外済み)
18:34:28 INFO     [src.ml.features] [SIMULATE] 特徴量生成 race_id=025192011850: 33 頭 × 46 特徴量 (リーク除外済み)
18:34:28 INFO     [src.ml.features] [SIMULATE] 特徴量生成 race_id=025072031654: 8 頭 × 46 特徴量 (リーク除外済み)
18:34:28 INFO     [src.ml.features] [SIMULATE] 特徴量生成 race_id=025152021446: 8 頭 × 46 特徴量 (リーク除外済み)
18:34:28 INFO     [src.ml.features] [SIMULATE] 特徴量生成 race_id=025092021847: 18 頭 × 46 特徴量 (リーク除外済み)
18:34:28 INFO     [src.ml.features] [SIMULATE] 特徴量生成 race_id=024172012650: 22 頭 × 46 特徴量 (リーク除外済み)
18:34:28 INFO     [src.ml.features] [SIMULATE] 特徴量生成 race_id=024142020348: 36 頭 × 46 特徴量 (リーク除外済み)
18:34:28 INFO     [src.ml.features] [SIMULATE] 特徴量生成 race_id=025192021848: 12 頭 × 46 特徴量 (リーク除外済み)
18:34:28 INFO     [src.ml.features] [SIMULATE] 特徴量生成 race_id=022092032844: 16 頭 × 46 特徴量 (リーク除外済み)
18:34:28 INFO     [src.ml.features] [SIMULATE] 特徴量生成 race_id=023142012350: 21 頭 × 46 特徴量 (リーク除外済み)
18:34:28 INFO     [src.ml.features] [SIMULATE] 特徴量生成 race_id=025162021546: 11 頭 × 46 特徴量 (リーク除外済み)
18:34:28 INFO     [src.ml.features] [SIMULATE] 特徴量生成 race_id=024012022047: 10 頭 × 46 特徴量 (リーク除外済み)
18:34:28 INFO     [src.ml.features] [SIMULATE] 特徴量生成 race_id=025002021947: 9 頭 × 46 特徴量 (リーク除外済み)
18:34:28 INFO     [src.ml.features] [SIMULATE] 特徴量生成 race_id=024072032654: 20 頭 × 46 特徴量 (リーク除外済み)
18:34:28 INFO     [src.ml.features] [SIMULATE] 特徴量生成 race_id=025092031854: 31 頭 × 46 特徴量 (リーク除外済み)
18:34:28 INFO     [src.ml.features] [SIMULATE] 特徴量生成 race_id=024152020448: 36 頭 × 46 特徴量 (リーク除外済み)
18:34:28 INFO     [src.ml.features] [SIMULATE] 特徴量生成 race_id=025102021948: 12 頭 × 46 特徴量 (リーク除外済み)
18:34:28 INFO     [src.ml.features] [SIMULATE] 特徴量生成 race_id=024182012750: 19 頭 × 46 特徴量 (リーク除外済み)
18:34:28 INFO     [src.ml.features] [SIMULATE] 特徴量生成 race_id=026092021847: 9 頭 × 46 特徴量 (リーク除外済み)
18:34:28 INFO     [src.ml.features] [SIMULATE] 特徴量生成 race_id=024022012155: 9 頭 × 46 特徴量 (リーク除外済み)
18:34:28 INFO     [src.ml.features] [SIMULATE] 特徴量生成 race_id=023082030744: 15 頭 × 46 特徴量 (リーク除外済み)
18:34:28 INFO     [src.ml.features] [SIMULATE] 特徴量生成 race_id=025072032644: 16 頭 × 46 特徴量 (リーク除外済み)
18:34:28 INFO     [src.ml.features] [SIMULATE] 特徴量生成 race_id=024012032044: 16 頭 × 46 特徴量 (リーク除外済み)
18:34:28 INFO     [src.ml.features] [SIMULATE] 特徴量生成 race_id=026052032454: 24 頭 × 46 特徴量 (リーク除外済み)
18:34:28 INFO     [src.ml.features] [SIMULATE] 特徴量生成 race_id=021052032444: 12 頭 × 46 特徴量 (リーク除外済み)
18:34:28 INFO     [src.ml.features] [SIMULATE] 特徴量生成 race_id=025002031954: 21 頭 × 46 特徴量 (リーク除外済み)
18:34:28 INFO     [src.ml.features] [SIMULATE] 特徴量生成 race_id=024192012850: 43 頭 × 46 特徴量 (リーク除外済み)
18:34:28 INFO     [src.ml.features] [SIMULATE] 特徴量生成 race_id=025112012050: 39 頭 × 46 特徴量 (リーク除外済み)
18:34:28 INFO     [src.ml.features] [SIMULATE] 特徴量生成 race_id=025012022047: 23 頭 × 46 特徴量 (リーク除外済み)
18:34:28 INFO     [src.ml.features] [SIMULATE] 特徴量生成 race_id=025052022047: 10 頭 × 46 特徴量 (リーク除外済み)
18:34:28 INFO     [src.ml.features] [SIMULATE] 特徴量生成 race_id=026032021255: 12 頭 × 46 特徴量 (リーク除外済み)
18:34:28 INFO     [src.ml.features] [SIMULATE] 特徴量生成 race_id=024162020548: 12 頭 × 46 特徴量 (リーク除外済み)
18:34:28 INFO     [src.ml.features] [SIMULATE] 特徴量生成 race_id=026062032544: 7 頭 × 46 特徴量 (リーク除外済み)
18:34:29 INFO     [src.ml.features] [SIMULATE] 特徴量生成 race_id=024082032754: 12 頭 × 46 特徴量 (リーク除外済み)
18:34:29 INFO     [src.ml.features] [SIMULATE] 特徴量生成 race_id=025042032354: 11 頭 × 46 特徴量 (リーク除外済み)
18:34:29 INFO     [src.ml.features] [SIMULATE] 特徴量生成 race_id=026012022047: 8 頭 × 46 特徴量 (リーク除外済み)
18:34:29 INFO     [src.ml.features] [SIMULATE] 特徴量生成 race_id=024032022247: 8 頭 × 46 特徴量 (リーク除外済み)
18:34:29 INFO     [src.ml.features] [SIMULATE] 特徴量生成 race_id=024182020648: 24 頭 × 46 特徴量 (リーク除外済み)
18:34:29 INFO     [src.ml.features] [SIMULATE] 特徴量生成 race_id=025142022348: 10 頭 × 46 特徴量 (リーク除外済み)
18:34:29 INFO     [src.ml.features] [SIMULATE] 特徴量生成 race_id=024022032144: 8 頭 × 46 特徴量 (リーク除外済み)
18:34:29 INFO     [src.ml.features] [SIMULATE] 特徴量生成 race_id=025102021946: 26 頭 × 46 特徴量 (リーク除外済み)
18:34:29 INFO     [src.ml.features] [SIMULATE] 特徴量生成 race_id=025022022147: 20 頭 × 46 特徴量 (リーク除外済み)
18:34:29 INFO     [src.ml.features] [SIMULATE] 特徴量生成 race_id=024142020350: 34 頭 × 46 特徴量 (リーク除外済み)
18:34:29 INFO     [src.ml.features] [SIMULATE] 特徴量生成 race_id=024172020648: 12 頭 × 46 特徴量 (リーク除外済み)
18:34:29 INFO     [src.ml.features] [SIMULATE] 特徴量生成 race_id=025072012655: 12 頭 × 46 特徴量 (リーク除外済み)
18:34:29 INFO     [src.ml.features] [SIMULATE] 特徴量生成 race_id=024032032244: 8 頭 × 46 特徴量 (リーク除外済み)
18:34:29 INFO     [src.ml.features] [SIMULATE] 特徴量生成 race_id=023012031044: 14 頭 × 46 特徴量 (リーク除外済み)
18:34:29 INFO     [src.ml.features] [SIMULATE] 特徴量生成 race_id=025092032844: 9 頭 × 46 特徴量 (リーク除外済み)
18:34:29 INFO     [src.ml.features] [SIMULATE] 特徴量生成 race_id=025172012650: 33 頭 × 46 特徴量 (リーク除外済み)
18:34:29 INFO     [src.ml.features] [SIMULATE] 特徴量生成 race_id=025062032554: 9 頭 × 46 特徴量 (リーク除外済み)
18:34:29 INFO     [src.ml.features] [SIMULATE] 特徴量生成 race_id=024152020450: 12 頭 × 46 特徴量 (リーク除外済み)
18:34:29 INFO     [src.ml.features] [SIMULATE] 特徴量生成 race_id=025152022448: 31 頭 × 46 特徴量 (リーク除外済み)
18:34:29 INFO     [src.ml.features] [SIMULATE] 特徴量生成 race_id=024092012855: 11 頭 × 46 特徴量 (リーク除外済み)
18:34:29 INFO     [src.ml.features] [SIMULATE] 特徴量生成 race_id=026062021555: 12 頭 × 46 特徴量 (リーク除外済み)
18:34:29 INFO     [src.ml.features] [SIMULATE] 特徴量生成 race_id=024162020550: 36 頭 × 46 特徴量 (リーク除外済み)
18:34:29 INFO     [src.ml.features] [SIMULATE] 特徴量生成 race_id=025072032654: 35 頭 × 46 特徴量 (リーク除外済み)
18:34:29 INFO     [src.ml.features] [SIMULATE] 特徴量生成 race_id=025182012750: 24 頭 × 46 特徴量 (リーク除外済み)
18:34:29 INFO     [src.ml.features] [SIMULATE] 特徴量生成 race_id=025022020155: 21 頭 × 46 特徴量 (リーク除外済み)
18:34:29 INFO     [src.ml.features] [SIMULATE] 特徴量生成 race_id=024192021848: 21 頭 × 46 特徴量 (リーク除外済み)
18:34:29 INFO     [src.ml.features] [SIMULATE] 特徴量生成 race_id=023162020550: 20 頭 × 46 特徴量 (リーク除外済み)
18:34:29 INFO     [src.ml.features] [SIMULATE] 特徴量生成 race_id=026022010148: 24 頭 × 46 特徴量 (リーク除外済み)
18:34:29 INFO     [src.ml.features] [SIMULATE] 特徴量生成 race_id=024052030447: 16 頭 × 46 特徴量 (リーク除外済み)
18:34:29 INFO     [src.ml.features] [SIMULATE] 特徴量生成 race_id=025132020250: 16 頭 × 46 特徴量 (リーク除外済み)
18:34:29 INFO     [src.ml.features] [SIMULATE] 特徴量生成 race_id=025052030447: 18 頭 × 46 特徴量 (リーク除外済み)
18:34:29 INFO     [src.ml.features] [SIMULATE] 特徴量生成 race_id=024112021050: 44 頭 × 46 特徴量 (リーク除外済み)
18:34:29 INFO     [src.ml.features] [SIMULATE] 特徴量生成 race_id=024152022446: 8 頭 × 46 特徴量 (リーク除外済み)
18:34:29 INFO     [src.ml.features] [SIMULATE] 特徴量生成 race_id=024102021948: 9 頭 × 46 特徴量 (リーク除外済み)
18:34:29 INFO     [src.ml.features] [SIMULATE] 特徴量生成 race_id=024062030547: 9 頭 × 46 特徴量 (リーク除外済み)
18:34:29 INFO     [src.ml.features] [SIMULATE] 特徴量生成 race_id=024122021150: 34 頭 × 46 特徴量 (リーク除外済み)
18:34:29 INFO     [src.ml.features] [SIMULATE] 特徴量生成 race_id=025062030547: 8 頭 × 46 特徴量 (リーク除外済み)
18:34:29 INFO     [src.ml.features] [SIMULATE] 特徴量生成 race_id=026052030447: 10 頭 × 46 特徴量 (リーク除外済み)
18:34:29 INFO     [src.ml.features] [SIMULATE] 特徴量生成 race_id=025142020350: 12 頭 × 46 特徴量 (リーク除外済み)
18:34:29 INFO     [src.ml.features] [SIMULATE] 特徴量生成 race_id=024132021250: 12 頭 × 46 特徴量 (リーク除外済み)
18:34:29 INFO     [src.ml.features] [SIMULATE] 特徴量生成 race_id=026062022555: 24 頭 × 46 特徴量 (リーク除外済み)
18:34:29 INFO     [src.ml.features] [SIMULATE] 特徴量生成 race_id=023002032944: 14 頭 × 46 特徴量 (リーク除外済み)
18:34:29 INFO     [src.ml.features] [SIMULATE] 特徴量生成 race_id=025152020450: 19 頭 × 46 特徴量 (リーク除外済み)
18:34:29 INFO     [src.ml.features] [SIMULATE] 特徴量生成 race_id=025072030647: 19 頭 × 46 特徴量 (リーク除外済み)
18:34:29 INFO     [src.ml.features] [SIMULATE] 特徴量生成 race_id=026062030547: 11 頭 × 46 特徴量 (リーク除外済み)
18:34:29 INFO     [src.ml.features] [SIMULATE] 特徴量生成 race_id=024192022746: 11 頭 × 46 特徴量 (リーク除外済み)
18:34:29 INFO     [src.ml.features] [SIMULATE] 特徴量生成 race_id=026052010448: 22 頭 × 46 特徴量 (リーク除外済み)
18:34:29 INFO     [src.ml.features] [SIMULATE] 特徴量生成 race_id=025092020855: 11 頭 × 46 特徴量 (リーク除外済み)
18:34:29 INFO     [src.ml.features] [SIMULATE] 特徴量生成 race_id=024182021750: 22 頭 × 46 特徴量 (リーク除外済み)
18:34:29 INFO     [src.ml.features] [SIMULATE] 特徴量生成 race_id=025082030747: 25 頭 × 46 特徴量 (リーク除外済み)
18:34:29 INFO     [src.ml.features] [SIMULATE] 特徴量生成 race_id=025102020950: 32 頭 × 46 特徴量 (リーク除外済み)
18:34:29 INFO     [src.ml.features] [SIMULATE] 特徴量生成 race_id=025002020955: 12 頭 × 46 特徴量 (リーク除外済み)
18:34:29 INFO     [src.ml.features] [SIMULATE] 特徴量生成 race_id=026062010548: 23 頭 × 46 特徴量 (リーク除外済み)
18:34:29 INFO     [src.ml.features] [SIMULATE] 特徴量生成 race_id=024192021850: 10 頭 × 46 特徴量 (リーク除外済み)
18:34:29 INFO     [src.ml.features] [SIMULATE] 特徴量生成 race_id=024152022448: 28 頭 × 46 特徴量 (リーク除外済み)
18:34:29 INFO     [src.ml.features] [SIMULATE] 特徴量生成 race_id=023012033144: 14 頭 × 46 特徴量 (リーク除外済み)
18:34:29 INFO     [src.ml.features] [SIMULATE] 特徴量生成 race_id=025122021150: 32 頭 × 46 特徴量 (リーク除外済み)
18:34:29 INFO     [src.ml.features] [SIMULATE] 特徴量生成 race_id=024102021950: 30 頭 × 46 特徴量 (リーク除外済み)
18:34:29 INFO     [src.ml.features] [SIMULATE] 特徴量生成 race_id=202145012711: 10 頭 × 46 特徴量 (リーク除外済み)
18:34:29 INFO     [src.ml.features] [SIMULATE] 特徴量生成 race_id=202105010811: 16 頭 × 46 特徴量 (リーク除外済み)
18:34:29 INFO     [src.ml.features] [SIMULATE] 特徴量生成 race_id=202107020611: 18 頭 × 46 特徴量 (リーク除外済み)
18:34:29 INFO     [src.ml.features] [SIMULATE] 特徴量生成 race_id=202109020411: 13 頭 × 46 特徴量 (リーク除外済み)
18:34:29 INFO     [src.ml.features] [SIMULATE] 特徴量生成 race_id=202109020611: 18 頭 × 46 特徴量 (リーク除外済み)
18:34:29 INFO     [src.ml.features] [SIMULATE] 特徴量生成 race_id=202106030711: 8 頭 × 46 特徴量 (リーク除外済み)
18:34:29 INFO     [src.ml.features] [SIMULATE] 特徴量生成 race_id=202106030811: 16 頭 × 46 特徴量 (リーク除外済み)
18:34:29 INFO     [src.ml.features] [SIMULATE] 特徴量生成 race_id=202109021211: 17 頭 × 46 特徴量 (リーク除外済み)
18:34:29 INFO     [src.ml.features] [SIMULATE] 特徴量生成 race_id=202143050511: 12 頭 × 46 特徴量 (リーク除外済み)
18:34:29 INFO     [src.ml.features] [SIMULATE] 特徴量生成 race_id=202105020611: 18 頭 × 46 特徴量 (リーク除外済み)
18:34:29 INFO     [src.ml.features] [SIMULATE] 特徴量生成 race_id=202105020811: 18 頭 × 46 特徴量 (リーク除外済み)
18:34:30 INFO     [src.ml.features] [SIMULATE] 特徴量生成 race_id=202105021011: 18 頭 × 46 特徴量 (リーク除外済み)
18:34:30 INFO     [src.ml.features] [SIMULATE] 特徴量生成 race_id=202105021211: 17 頭 × 46 特徴量 (リーク除外済み)
18:34:30 INFO     [src.ml.features] [SIMULATE] 特徴量生成 race_id=202105030211: 14 頭 × 46 特徴量 (リーク除外済み)
18:34:30 INFO     [src.ml.features] [SIMULATE] 特徴量生成 race_id=202109030411: 13 頭 × 46 特徴量 (リーク除外済み)
18:34:30 INFO     [src.ml.features] [SIMULATE] 特徴量生成 race_id=202144063011: 13 頭 × 46 特徴量 (リーク除外済み)
18:34:30 INFO     [src.ml.features] [SIMULATE] 特徴量生成 race_id=202144071411: 13 頭 × 46 特徴量 (リーク除外済み)
18:34:30 INFO     [src.ml.features] [SIMULATE] 特徴量生成 race_id=202106040911: 16 頭 × 46 特徴量 (リーク除外済み)
18:34:30 INFO     [src.ml.features] [SIMULATE] 特徴量生成 race_id=202135101111: 16 頭 × 46 特徴量 (リーク除外済み)
18:34:30 INFO     [src.ml.features] [SIMULATE] 特徴量生成 race_id=202109040411: 16 頭 × 46 特徴量 (リーク除外済み)
18:34:30 INFO     [src.ml.features] [SIMULATE] 特徴量生成 race_id=202109040611: 18 頭 × 46 特徴量 (リーク除外済み)
18:34:30 INFO     [src.ml.features] [SIMULATE] 特徴量生成 race_id=202105040811: 16 頭 × 46 特徴量 (リーク除外済み)
18:34:30 INFO     [src.ml.features] [SIMULATE] 特徴量生成 race_id=202146110308: 12 頭 × 46 特徴量 (リーク除外済み)
18:34:30 INFO     [src.ml.features] [SIMULATE] 特徴量生成 race_id=202146110309: 12 頭 × 46 特徴量 (リーク除外済み)
18:34:30 INFO     [src.ml.features] [SIMULATE] 特徴量生成 race_id=202146110310: 12 頭 × 46 特徴量 (リーク除外済み)
18:34:30 INFO     [src.ml.features] [SIMULATE] 特徴量生成 race_id=202109050411: 17 頭 × 46 特徴量 (リーク除外済み)
18:34:30 INFO     [src.ml.features] [SIMULATE] 特徴量生成 race_id=202109050611: 16 頭 × 46 特徴量 (リーク除外済み)
18:34:30 INFO     [src.ml.features] [SIMULATE] 特徴量生成 race_id=202105050812: 18 頭 × 46 特徴量 (リーク除外済み)
18:34:30 INFO     [src.ml.features] [SIMULATE] 特徴量生成 race_id=202107060211: 16 頭 × 46 特徴量 (リーク除外済み)
18:34:30 INFO     [src.ml.features] [SIMULATE] 特徴量生成 race_id=202109060411: 18 頭 × 46 特徴量 (リーク除外済み)
18:34:30 INFO     [src.ml.features] [SIMULATE] 特徴量生成 race_id=202145121511: 14 頭 × 46 特徴量 (リーク除外済み)
18:34:30 INFO     [src.ml.features] [SIMULATE] 特徴量生成 race_id=202109060611: 15 頭 × 46 特徴量 (リーク除外済み)
18:34:30 INFO     [src.ml.features] [SIMULATE] 特徴量生成 race_id=202106050710: 14 頭 × 46 特徴量 (リーク除外済み)
18:34:30 INFO     [src.ml.features] [SIMULATE] 特徴量生成 race_id=202106050811: 16 頭 × 46 特徴量 (リーク除外済み)
18:34:30 INFO     [src.ml.features] [SIMULATE] 特徴量生成 race_id=202106050911: 15 頭 × 46 特徴量 (リーク除外済み)
18:34:30 INFO     [src.ml.features] [SIMULATE] 特徴量生成 race_id=202144122909: 15 頭 × 46 特徴量 (リーク除外済み)
18:34:30 INFO     [src.ml.features] [SIMULATE] 特徴量生成 race_id=202245020211: 13 頭 × 46 特徴量 (リーク除外済み)
18:34:30 INFO     [src.ml.features] [SIMULATE] 特徴量生成 race_id=202205010811: 16 頭 × 46 特徴量 (リーク除外済み)
18:34:30 INFO     [src.ml.features] [SIMULATE] 特徴量生成 race_id=202207020611: 18 頭 × 46 特徴量 (リーク除外済み)
18:34:30 INFO     [src.ml.features] [SIMULATE] 特徴量生成 race_id=202209020411: 16 頭 × 46 特徴量 (リーク除外済み)
18:34:30 INFO     [src.ml.features] [SIMULATE] 特徴量生成 race_id=202209020611: 18 頭 × 46 特徴量 (リーク除外済み)
18:34:30 INFO     [src.ml.features] [SIMULATE] 特徴量生成 race_id=202206030711: 9 頭 × 46 特徴量 (リーク除外済み)
18:34:30 INFO     [src.ml.features] [SIMULATE] 特徴量生成 race_id=202206030811: 18 頭 × 46 特徴量 (リーク除外済み)
18:34:30 INFO     [src.ml.features] [SIMULATE] 特徴量生成 race_id=202209021211: 18 頭 × 46 特徴量 (リーク除外済み)
18:34:30 INFO     [src.ml.features] [SIMULATE] 特徴量生成 race_id=202243050511: 14 頭 × 46 特徴量 (リーク除外済み)
18:34:30 INFO     [src.ml.features] [SIMULATE] 特徴量生成 race_id=202205020611: 18 頭 × 46 特徴量 (リーク除外済み)
18:34:30 INFO     [src.ml.features] [SIMULATE] 特徴量生成 race_id=202205020811: 18 頭 × 46 特徴量 (リーク除外済み)
18:34:30 INFO     [src.ml.features] [SIMULATE] 特徴量生成 race_id=202205021011: 18 頭 × 46 特徴量 (リーク除外済み)
18:34:30 INFO     [src.ml.features] [SIMULATE] 特徴量生成 race_id=202205021211: 18 頭 × 46 特徴量 (リーク除外済み)
18:34:30 INFO     [src.ml.features] [SIMULATE] 特徴量生成 race_id=202205030211: 18 頭 × 46 特徴量 (リーク除外済み)
18:34:30 INFO     [src.ml.features] [SIMULATE] 特徴量生成 race_id=202209030411: 18 頭 × 46 特徴量 (リーク除外済み)
18:34:30 INFO     [src.ml.features] [SIMULATE] 特徴量生成 race_id=202244062911: 9 頭 × 46 特徴量 (リーク除外済み)
18:34:30 INFO     [src.ml.features] [SIMULATE] 特徴量生成 race_id=202244071311: 14 頭 × 46 特徴量 (リーク除外済み)
18:34:30 INFO     [src.ml.features] [SIMULATE] 特徴量生成 race_id=202206040911: 16 頭 × 46 特徴量 (リーク除外済み)
18:34:30 INFO     [src.ml.features] [SIMULATE] 特徴量生成 race_id=202235101012: 16 頭 × 46 特徴量 (リーク除外済み)
18:34:30 INFO     [src.ml.features] [SIMULATE] 特徴量生成 race_id=202209040511: 16 頭 × 46 特徴量 (リーク除外済み)
18:34:30 INFO     [src.ml.features] [SIMULATE] 特徴量生成 race_id=202209040711: 18 頭 × 46 特徴量 (リーク除外済み)
18:34:30 INFO     [src.ml.features] [SIMULATE] 特徴量生成 race_id=202205040911: 15 頭 × 46 特徴量 (リーク除外済み)
18:34:30 INFO     [src.ml.features] [SIMULATE] 特徴量生成 race_id=202235110310: 12 頭 × 46 特徴量 (リーク除外済み)
18:34:30 INFO     [src.ml.features] [SIMULATE] 特徴量生成 race_id=202235110311: 14 頭 × 46 特徴量 (リーク除外済み)
18:34:30 INFO     [src.ml.features] [SIMULATE] 特徴量生成 race_id=202235110312: 15 頭 × 46 特徴量 (リーク除外済み)
18:34:30 INFO     [src.ml.features] [SIMULATE] 特徴量生成 race_id=202209050411: 18 頭 × 46 特徴量 (リーク除外済み)
18:34:30 INFO     [src.ml.features] [SIMULATE] 特徴量生成 race_id=202209050611: 17 頭 × 46 特徴量 (リーク除外済み)
18:34:30 INFO     [src.ml.features] [SIMULATE] 特徴量生成 race_id=202205050812: 18 頭 × 46 特徴量 (リーク除外済み)
18:34:30 INFO     [src.ml.features] [SIMULATE] 特徴量生成 race_id=202207060211: 16 頭 × 46 特徴量 (リーク除外済み)
18:34:30 INFO     [src.ml.features] [SIMULATE] 特徴量生成 race_id=202209060411: 18 頭 × 46 特徴量 (リーク除外済み)
18:34:30 INFO     [src.ml.features] [SIMULATE] 特徴量生成 race_id=202245121411: 14 頭 × 46 特徴量 (リーク除外済み)
18:34:30 INFO     [src.ml.features] [SIMULATE] 特徴量生成 race_id=202209060611: 17 頭 × 46 特徴量 (リーク除外済み)
18:34:30 INFO     [src.ml.features] [SIMULATE] 特徴量生成 race_id=202206050710: 11 頭 × 46 特徴量 (リーク除外済み)
18:34:30 INFO     [src.ml.features] [SIMULATE] 特徴量生成 race_id=202206050811: 16 頭 × 46 特徴量 (リーク除外済み)
18:34:30 INFO     [src.ml.features] [SIMULATE] 特徴量生成 race_id=202206050911: 18 頭 × 46 特徴量 (リーク除外済み)
18:34:30 INFO     [src.ml.features] [SIMULATE] 特徴量生成 race_id=202244122909: 14 頭 × 46 特徴量 (リーク除外済み)
18:34:30 INFO     [src.ml.features] [SIMULATE] 特徴量生成 race_id=202345020111: 10 頭 × 46 特徴量 (リーク除外済み)
18:34:30 INFO     [src.ml.features] [SIMULATE] 特徴量生成 race_id=202305010811: 16 頭 × 46 特徴量 (リーク除外済み)
18:34:30 INFO     [src.ml.features] [SIMULATE] 特徴量生成 race_id=202307020611: 18 頭 × 46 特徴量 (リーク除外済み)
18:34:30 INFO     [src.ml.features] [SIMULATE] 特徴量生成 race_id=202309020411: 16 頭 × 46 特徴量 (リーク除外済み)
18:34:30 INFO     [src.ml.features] [SIMULATE] 特徴量生成 race_id=202309020611: 18 頭 × 46 特徴量 (リーク除外済み)
18:34:30 INFO     [src.ml.features] [SIMULATE] 特徴量生成 race_id=202306030711: 10 頭 × 46 特徴量 (リーク除外済み)
18:34:30 INFO     [src.ml.features] [SIMULATE] 特徴量生成 race_id=202306030811: 18 頭 × 46 特徴量 (リーク除外済み)
18:34:30 INFO     [src.ml.features] [SIMULATE] 特徴量生成 race_id=202308010411: 17 頭 × 46 特徴量 (リーク除外済み)
18:34:30 INFO     [src.ml.features] [SIMULATE] 特徴量生成 race_id=202343050411: 14 頭 × 46 特徴量 (リーク除外済み)
18:34:30 INFO     [src.ml.features] [SIMULATE] 特徴量生成 race_id=202305020611: 18 頭 × 46 特徴量 (リーク除外済み)
18:34:30 INFO     [src.ml.features] [SIMULATE] 特徴量生成 race_id=202305020811: 16 頭 × 46 特徴量 (リーク除外済み)
18:34:30 INFO     [src.ml.features] [SIMULATE] 特徴量生成 race_id=202305021011: 18 頭 × 46 特徴量 (リーク除外済み)
18:34:30 INFO     [src.ml.features] [SIMULATE] 特徴量生成 race_id=202305021211: 18 頭 × 46 特徴量 (リーク除外済み)
18:34:30 INFO     [src.ml.features] [SIMULATE] 特徴量生成 race_id=202305030211: 18 頭 × 46 特徴量 (リーク除外済み)
18:34:30 INFO     [src.ml.features] [SIMULATE] 特徴量生成 race_id=202309030811: 17 頭 × 46 特徴量 (リーク除外済み)
18:34:30 INFO     [src.ml.features] [SIMULATE] 特徴量生成 race_id=202344062811: 12 頭 × 46 特徴量 (リーク除外済み)
18:34:31 INFO     [src.ml.features] [SIMULATE] 特徴量生成 race_id=202344071211: 11 頭 × 46 特徴量 (リーク除外済み)
18:34:31 INFO     [src.ml.features] [SIMULATE] 特徴量生成 race_id=202306040911: 16 頭 × 46 特徴量 (リーク除外済み)
18:34:31 INFO     [src.ml.features] [SIMULATE] 特徴量生成 race_id=202335100912: 14 頭 × 46 特徴量 (リーク除外済み)
18:34:31 INFO     [src.ml.features] [SIMULATE] 特徴量生成 race_id=202308020511: 18 頭 × 46 特徴量 (リーク除外済み)
18:34:31 INFO     [src.ml.features] [SIMULATE] 特徴量生成 race_id=202308020711: 17 頭 × 46 特徴量 (リーク除外済み)
18:34:31 INFO     [src.ml.features] [SIMULATE] 特徴量生成 race_id=202305040911: 11 頭 × 46 特徴量 (リーク除外済み)
18:34:31 INFO     [src.ml.features] [SIMULATE] 特徴量生成 race_id=202344110309: 12 頭 × 46 特徴量 (リーク除外済み)
18:34:31 INFO     [src.ml.features] [SIMULATE] 特徴量生成 race_id=202344110310: 15 頭 × 46 特徴量 (リーク除外済み)
18:34:31 INFO     [src.ml.features] [SIMULATE] 特徴量生成 race_id=202344110311: 10 頭 × 46 特徴量 (リーク除外済み)
18:34:31 INFO     [src.ml.features] [SIMULATE] 特徴量生成 race_id=202308030411: 15 頭 × 46 特徴量 (リーク除外済み)
18:34:31 INFO     [src.ml.features] [SIMULATE] 特徴量生成 race_id=202308030611: 16 頭 × 46 特徴量 (リーク除外済み)
18:34:31 INFO     [src.ml.features] [SIMULATE] 特徴量生成 race_id=202305050812: 18 頭 × 46 特徴量 (リーク除外済み)
18:34:31 INFO     [src.ml.features] [SIMULATE] 特徴量生成 race_id=202307040211: 15 頭 × 46 特徴量 (リーク除外済み)
18:34:31 INFO     [src.ml.features] [SIMULATE] 特徴量生成 race_id=202309050411: 18 頭 × 46 特徴量 (リーク除外済み)
18:34:31 INFO     [src.ml.features] [SIMULATE] 特徴量生成 race_id=202345121311: 12 頭 × 46 特徴量 (リーク除外済み)
18:34:31 INFO     [src.ml.features] [SIMULATE] 特徴量生成 race_id=202309050611: 17 頭 × 46 特徴量 (リーク除外済み)
18:34:31 INFO     [src.ml.features] [SIMULATE] 特徴量生成 race_id=202306050710: 12 頭 × 46 特徴量 (リーク除外済み)
18:34:31 INFO     [src.ml.features] [SIMULATE] 特徴量生成 race_id=202306050811: 16 頭 × 46 特徴量 (リーク除外済み)
18:34:31 INFO     [src.ml.features] [SIMULATE] 特徴量生成 race_id=202306050911: 18 頭 × 46 特徴量 (リーク除外済み)
18:34:31 INFO     [src.ml.features] [SIMULATE] 特徴量生成 race_id=202344122909: 9 頭 × 46 特徴量 (リーク除外済み)
18:34:31 INFO     [src.ml.features] [SIMULATE] 特徴量生成 race_id=202406010104: 16 頭 × 46 特徴量 (リーク除外済み)
18:34:31 INFO     [src.ml.features] [SIMULATE] 特徴量生成 race_id=202406010101: 16 頭 × 46 特徴量 (リーク除外済み)
18:34:31 INFO     [src.ml.features] [SIMULATE] 特徴量生成 race_id=202406010103: 16 頭 × 46 特徴量 (リーク除外済み)
18:34:31 INFO     [src.ml.features] [SIMULATE] 特徴量生成 race_id=202406010102: 16 頭 × 46 特徴量 (リーク除外済み)
18:34:31 INFO     [src.ml.features] [SIMULATE] 特徴量生成 race_id=202406010107: 13 頭 × 46 特徴量 (リーク除外済み)
18:34:31 INFO     [src.ml.features] [SIMULATE] 特徴量生成 race_id=202406010105: 17 頭 × 46 特徴量 (リーク除外済み)
18:34:31 INFO     [src.ml.features] [SIMULATE] 特徴量生成 race_id=202406010106: 16 頭 × 46 特徴量 (リーク除外済み)
18:34:31 INFO     [src.ml.features] [SIMULATE] 特徴量生成 race_id=202406010108: 16 頭 × 46 特徴量 (リーク除外済み)
18:34:31 INFO     [src.ml.features] [SIMULATE] 特徴量生成 race_id=202406010109: 8 頭 × 46 特徴量 (リーク除外済み)
18:34:31 INFO     [src.ml.features] [SIMULATE] 特徴量生成 race_id=202406010110: 10 頭 × 46 特徴量 (リーク除外済み)
18:34:31 INFO     [src.ml.features] [SIMULATE] 特徴量生成 race_id=202406010112: 16 頭 × 46 特徴量 (リーク除外済み)
18:34:31 INFO     [src.ml.features] [SIMULATE] 特徴量生成 race_id=202406010111: 17 頭 × 46 特徴量 (リーク除外済み)
18:34:31 INFO     [src.ml.features] [SIMULATE] 特徴量生成 race_id=202408010101: 16 頭 × 46 特徴量 (リーク除外済み)
18:34:31 INFO     [src.ml.features] [SIMULATE] 特徴量生成 race_id=202408010102: 16 頭 × 46 特徴量 (リーク除外済み)
18:34:31 INFO     [src.ml.features] [SIMULATE] 特徴量生成 race_id=202408010104: 16 頭 × 46 特徴量 (リーク除外済み)
18:34:31 INFO     [src.ml.features] [SIMULATE] 特徴量生成 race_id=202408010103: 16 頭 × 46 特徴量 (リーク除外済み)
18:34:31 INFO     [src.ml.features] [SIMULATE] 特徴量生成 race_id=202408010106: 10 頭 × 46 特徴量 (リーク除外済み)
18:34:31 INFO     [src.ml.features] [SIMULATE] 特徴量生成 race_id=202408010105: 18 頭 × 46 特徴量 (リーク除外済み)
18:34:31 INFO     [src.ml.features] [SIMULATE] 特徴量生成 race_id=202408010107: 11 頭 × 46 特徴量 (リーク除外済み)
18:34:31 INFO     [src.ml.features] [SIMULATE] 特徴量生成 race_id=202408010109: 12 頭 × 46 特徴量 (リーク除外済み)
18:34:31 INFO     [src.ml.features] [SIMULATE] 特徴量生成 race_id=202408010108: 16 頭 × 46 特徴量 (リーク除外済み)
18:34:31 INFO     [src.ml.features] [SIMULATE] 特徴量生成 race_id=202408010110: 13 頭 × 46 特徴量 (リーク除外済み)
18:34:31 INFO     [src.ml.features] [SIMULATE] 特徴量生成 race_id=202408010111: 18 頭 × 46 特徴量 (リーク除外済み)
18:34:31 INFO     [src.ml.features] [SIMULATE] 特徴量生成 race_id=202408010112: 17 頭 × 46 特徴量 (リーク除外済み)
18:34:31 INFO     [src.ml.features] [SIMULATE] 特徴量生成 race_id=202406010201: 16 頭 × 46 特徴量 (リーク除外済み)
18:34:31 INFO     [src.ml.features] [SIMULATE] 特徴量生成 race_id=202406010202: 16 頭 × 46 特徴量 (リーク除外済み)
18:34:31 INFO     [src.ml.features] [SIMULATE] 特徴量生成 race_id=202406010203: 16 頭 × 46 特徴量 (リーク除外済み)
18:34:31 INFO     [src.ml.features] [SIMULATE] 特徴量生成 race_id=202406010204: 14 頭 × 46 特徴量 (リーク除外済み)
18:34:31 INFO     [src.ml.features] [SIMULATE] 特徴量生成 race_id=202406010205: 16 頭 × 46 特徴量 (リーク除外済み)
18:34:31 INFO     [src.ml.features] [SIMULATE] 特徴量生成 race_id=202406010206: 17 頭 × 46 特徴量 (リーク除外済み)
18:34:31 INFO     [src.ml.features] [SIMULATE] 特徴量生成 race_id=202406010207: 13 頭 × 46 特徴量 (リーク除外済み)
18:34:31 INFO     [src.ml.features] [SIMULATE] 特徴量生成 race_id=202406010208: 16 頭 × 46 特徴量 (リーク除外済み)
18:34:31 INFO     [src.ml.features] [SIMULATE] 特徴量生成 race_id=202406010209: 17 頭 × 46 特徴量 (リーク除外済み)
18:34:31 INFO     [src.ml.features] [SIMULATE] 特徴量生成 race_id=202406010210: 16 頭 × 46 特徴量 (リーク除外済み)
18:34:31 INFO     [src.ml.features] [SIMULATE] 特徴量生成 race_id=202406010211: 14 頭 × 46 特徴量 (リーク除外済み)
18:34:31 INFO     [src.ml.features] [SIMULATE] 特徴量生成 race_id=202406010212: 16 頭 × 46 特徴量 (リーク除外済み)
18:34:31 INFO     [src.ml.features] [SIMULATE] 特徴量生成 race_id=202408010201: 16 頭 × 46 特徴量 (リーク除外済み)
18:34:31 INFO     [src.ml.features] [SIMULATE] 特徴量生成 race_id=202408010202: 15 頭 × 46 特徴量 (リーク除外済み)
18:34:31 INFO     [src.ml.features] [SIMULATE] 特徴量生成 race_id=202408010203: 16 頭 × 46 特徴量 (リーク除外済み)
18:34:31 INFO     [src.ml.features] [SIMULATE] 特徴量生成 race_id=202408010204: 16 頭 × 46 特徴量 (リーク除外済み)
18:34:31 INFO     [src.ml.features] [SIMULATE] 特徴量生成 race_id=202408010206: 9 頭 × 46 特徴量 (リーク除外済み)
18:34:31 INFO     [src.ml.features] [SIMULATE] 特徴量生成 race_id=202408010205: 18 頭 × 46 特徴量 (リーク除外済み)
18:34:31 INFO     [src.ml.features] [SIMULATE] 特徴量生成 race_id=202408010207: 13 頭 × 46 特徴量 (リーク除外済み)
18:34:31 INFO     [src.ml.features] [SIMULATE] 特徴量生成 race_id=202408010209: 12 頭 × 46 特徴量 (リーク除外済み)
18:34:31 INFO     [src.ml.features] [SIMULATE] 特徴量生成 race_id=202408010208: 16 頭 × 46 特徴量 (リーク除外済み)
18:34:31 INFO     [src.ml.features] [SIMULATE] 特徴量生成 race_id=202408010210: 13 頭 × 46 特徴量 (リーク除外済み)
18:34:31 INFO     [src.ml.features] [SIMULATE] 特徴量生成 race_id=202408010211: 15 頭 × 46 特徴量 (リーク除外済み)
18:34:31 INFO     [src.ml.features] [SIMULATE] 特徴量生成 race_id=202408010212: 12 頭 × 46 特徴量 (リーク除外済み)
18:34:31 INFO     [src.ml.features] [SIMULATE] 特徴量生成 race_id=202406010401: 16 頭 × 46 特徴量 (リーク除外済み)
18:34:31 INFO     [src.ml.features] [SIMULATE] 特徴量生成 race_id=202406010402: 16 頭 × 46 特徴量 (リーク除外済み)
18:34:31 INFO     [src.ml.features] [SIMULATE] 特徴量生成 race_id=202406010403: 16 頭 × 46 特徴量 (リーク除外済み)
18:34:31 INFO     [src.ml.features] [SIMULATE] 特徴量生成 race_id=202406010404: 16 頭 × 46 特徴量 (リーク除外済み)
18:34:31 INFO     [src.ml.features] [SIMULATE] 特徴量生成 race_id=202406010405: 16 頭 × 46 特徴量 (リーク除外済み)
18:34:32 INFO     [src.ml.features] [SIMULATE] 特徴量生成 race_id=202406010406: 17 頭 × 46 特徴量 (リーク除外済み)
18:34:32 INFO     [src.ml.features] [SIMULATE] 特徴量生成 race_id=202406010408: 12 頭 × 46 特徴量 (リーク除外済み)
18:34:32 INFO     [src.ml.features] [SIMULATE] 特徴量生成 race_id=202406010407: 16 頭 × 46 特徴量 (リーク除外済み)
18:34:32 INFO     [src.ml.features] [SIMULATE] 特徴量生成 race_id=202406010409: 12 頭 × 46 特徴量 (リーク除外済み)
18:34:32 INFO     [src.ml.features] [SIMULATE] 特徴量生成 race_id=202406010412: 15 頭 × 46 特徴量 (リーク除外済み)
18:34:32 INFO     [src.ml.features] [SIMULATE] 特徴量生成 race_id=202406010410: 16 頭 × 46 特徴量 (リーク除外済み)
18:34:32 INFO     [src.ml.features] [SIMULATE] 特徴量生成 race_id=202406010411: 16 頭 × 46 特徴量 (リーク除外済み)
18:34:32 INFO     [src.ml.features] [SIMULATE] 特徴量生成 race_id=202408010401: 16 頭 × 46 特徴量 (リーク除外済み)
18:34:32 INFO     [src.ml.features] [SIMULATE] 特徴量生成 race_id=202408010402: 14 頭 × 46 特徴量 (リーク除外済み)
18:34:32 INFO     [src.ml.features] [SIMULATE] 特徴量生成 race_id=202408010403: 14 頭 × 46 特徴量 (リーク除外済み)
18:34:32 INFO     [src.ml.features] [SIMULATE] 特徴量生成 race_id=202408010404: 16 頭 × 46 特徴量 (リーク除外済み)
18:34:32 INFO     [src.ml.features] [SIMULATE] 特徴量生成 race_id=202408010405: 18 頭 × 46 特徴量 (リーク除外済み)
18:34:32 INFO     [src.ml.features] [SIMULATE] 特徴量生成 race_id=202408010407: 15 頭 × 46 特徴量 (リーク除外済み)
18:34:32 INFO     [src.ml.features] [SIMULATE] 特徴量生成 race_id=202408010406: 13 頭 × 46 特徴量 (リーク除外済み)
18:34:32 INFO     [src.ml.features] [SIMULATE] 特徴量生成 race_id=202408010408: 16 頭 × 46 特徴量 (リーク除外済み)
18:34:32 INFO     [src.ml.features] [SIMULATE] 特徴量生成 race_id=202408010410: 9 頭 × 46 特徴量 (リーク除外済み)
18:34:32 INFO     [src.ml.features] [SIMULATE] 特徴量生成 race_id=202408010409: 10 頭 × 46 特徴量 (リーク除外済み)
18:34:32 INFO     [src.ml.features] [SIMULATE] 特徴量生成 race_id=202408010411: 17 頭 × 46 特徴量 (リーク除外済み)
18:34:32 INFO     [src.ml.features] [SIMULATE] 特徴量生成 race_id=202410010102: 12 頭 × 46 特徴量 (リーク除外済み)
18:34:32 INFO     [src.ml.features] [SIMULATE] 特徴量生成 race_id=202410010101: 14 頭 × 46 特徴量 (リーク除外済み)
18:34:32 INFO     [src.ml.features] [SIMULATE] 特徴量生成 race_id=202408010412: 18 頭 × 46 特徴量 (リーク除外済み)
18:34:32 INFO     [src.ml.features] [SIMULATE] 特徴量生成 race_id=202410010103: 12 頭 × 46 特徴量 (リーク除外済み)
18:34:32 INFO     [src.ml.features] [SIMULATE] 特徴量生成 race_id=202410010104: 12 頭 × 46 特徴量 (リーク除外済み)
18:34:32 INFO     [src.ml.features] [SIMULATE] 特徴量生成 race_id=202410010105: 12 頭 × 46 特徴量 (リーク除外済み)
18:34:32 INFO     [src.ml.features] [SIMULATE] 特徴量生成 race_id=202410010106: 16 頭 × 46 特徴量 (リーク除外済み)
18:34:32 INFO     [src.ml.features] [SIMULATE] 特徴量生成 race_id=202410010107: 16 頭 × 46 特徴量 (リーク除外済み)
18:34:32 INFO     [src.ml.features] [SIMULATE] 特徴量生成 race_id=202410010108: 16 頭 × 46 特徴量 (リーク除外済み)
18:34:32 INFO     [src.ml.features] [SIMULATE] 特徴量生成 race_id=202410010109: 16 頭 × 46 特徴量 (リーク除外済み)
18:34:32 INFO     [src.ml.features] [SIMULATE] 特徴量生成 race_id=202410010110: 11 頭 × 46 特徴量 (リーク除外済み)
18:34:32 INFO     [src.ml.features] [SIMULATE] 特徴量生成 race_id=202410010111: 14 頭 × 46 特徴量 (リーク除外済み)
18:34:32 INFO     [src.ml.features] [SIMULATE] 特徴量生成 race_id=202410010112: 18 頭 × 46 特徴量 (リーク除外済み)
18:34:32 INFO     [src.ml.features] [SIMULATE] 特徴量生成 race_id=202406010501: 16 頭 × 46 特徴量 (リーク除外済み)
18:34:32 INFO     [src.ml.features] [SIMULATE] 特徴量生成 race_id=202406010502: 16 頭 × 46 特徴量 (リーク除外済み)
18:34:32 INFO     [src.ml.features] [SIMULATE] 特徴量生成 race_id=202406010503: 16 頭 × 46 特徴量 (リーク除外済み)
18:34:32 INFO     [src.ml.features] [SIMULATE] 特徴量生成 race_id=202406010505: 16 頭 × 46 特徴量 (リーク除外済み)
18:34:32 INFO     [src.ml.features] [SIMULATE] 特徴量生成 race_id=202406010504: 16 頭 × 46 特徴量 (リーク除外済み)
18:34:32 INFO     [src.ml.features] [SIMULATE] 特徴量生成 race_id=202406010506: 16 頭 × 46 特徴量 (リーク除外済み)
18:34:32 INFO     [src.ml.features] [SIMULATE] 特徴量生成 race_id=202406010507: 15 頭 × 46 特徴量 (リーク除外済み)
18:34:32 INFO     [src.ml.features] [SIMULATE] 特徴量生成 race_id=202406010509: 14 頭 × 46 特徴量 (リーク除外済み)
18:34:32 INFO     [src.ml.features] [SIMULATE] 特徴量生成 race_id=202406010508: 16 頭 × 46 特徴量 (リーク除外済み)
18:34:32 INFO     [src.ml.features] [SIMULATE] 特徴量生成 race_id=202406010510: 14 頭 × 46 特徴量 (リーク除外済み)
18:34:32 INFO     [src.ml.features] [SIMULATE] 特徴量生成 race_id=202406010511: 15 頭 × 46 特徴量 (リーク除外済み)
18:34:32 INFO     [src.ml.features] [SIMULATE] 特徴量生成 race_id=202408010501: 12 頭 × 46 特徴量 (リーク除外済み)
18:34:32 INFO     [src.ml.features] [SIMULATE] 特徴量生成 race_id=202406010512: 16 頭 × 46 特徴量 (リーク除外済み)
18:34:32 INFO     [src.ml.features] [SIMULATE] 特徴量生成 race_id=202408010502: 13 頭 × 46 特徴量 (リーク除外済み)
18:34:32 INFO     [src.ml.features] [SIMULATE] 特徴量生成 race_id=202408010503: 16 頭 × 46 特徴量 (リーク除外済み)
18:34:32 INFO     [src.ml.features] [SIMULATE] 特徴量生成 race_id=202408010504: 11 頭 × 46 特徴量 (リーク除外済み)
18:34:32 INFO     [src.ml.features] [SIMULATE] 特徴量生成 race_id=202408010506: 18 頭 × 46 特徴量 (リーク除外済み)
18:34:32 INFO     [src.ml.features] [SIMULATE] 特徴量生成 race_id=202408010505: 18 頭 × 46 特徴量 (リーク除外済み)
18:34:32 INFO     [src.ml.features] [SIMULATE] 特徴量生成 race_id=202408010508: 13 頭 × 46 特徴量 (リーク除外済み)
18:34:32 INFO     [src.ml.features] [SIMULATE] 特徴量生成 race_id=202408010507: 15 頭 × 46 特徴量 (リーク除外済み)
18:34:32 INFO     [src.ml.features] [SIMULATE] 特徴量生成 race_id=202408010509: 11 頭 × 46 特徴量 (リーク除外済み)
18:34:32 INFO     [src.ml.features] [SIMULATE] 特徴量生成 race_id=202408010510: 13 頭 × 46 特徴量 (リーク除外済み)
18:34:32 INFO     [src.ml.features] [SIMULATE] 特徴量生成 race_id=202408010512: 10 頭 × 46 特徴量 (リーク除外済み)
18:34:32 INFO     [src.ml.features] [SIMULATE] 特徴量生成 race_id=202408010511: 14 頭 × 46 特徴量 (リーク除外済み)
18:34:32 INFO     [src.ml.features] [SIMULATE] 特徴量生成 race_id=202410010201: 12 頭 × 46 特徴量 (リーク除外済み)
18:34:32 INFO     [src.ml.features] [SIMULATE] 特徴量生成 race_id=202410010204: 12 頭 × 46 特徴量 (リーク除外済み)
18:34:32 INFO     [src.ml.features] [SIMULATE] 特徴量生成 race_id=202410010203: 14 頭 × 46 特徴量 (リーク除外済み)
18:34:32 INFO     [src.ml.features] [SIMULATE] 特徴量生成 race_id=202410010202: 18 頭 × 46 特徴量 (リーク除外済み)
18:34:32 INFO     [src.ml.features] [SIMULATE] 特徴量生成 race_id=202410010205: 14 頭 × 46 特徴量 (リーク除外済み)
18:34:32 INFO     [src.ml.features] [SIMULATE] 特徴量生成 race_id=202410010208: 12 頭 × 46 特徴量 (リーク除外済み)
18:34:32 INFO     [src.ml.features] [SIMULATE] 特徴量生成 race_id=202410010207: 16 頭 × 46 特徴量 (リーク除外済み)
18:34:32 INFO     [src.ml.features] [SIMULATE] 特徴量生成 race_id=202410010206: 18 頭 × 46 特徴量 (リーク除外済み)
18:34:32 INFO     [src.ml.features] [SIMULATE] 特徴量生成 race_id=202410010209: 13 頭 × 46 特徴量 (リーク除外済み)
18:34:32 INFO     [src.ml.features] [SIMULATE] 特徴量生成 race_id=202410010210: 14 頭 × 46 特徴量 (リーク除外済み)
18:34:32 INFO     [src.ml.features] [SIMULATE] 特徴量生成 race_id=202410010211: 16 頭 × 46 特徴量 (リーク除外済み)
18:34:32 INFO     [src.ml.features] [SIMULATE] 特徴量生成 race_id=202410010212: 17 頭 × 46 特徴量 (リーク除外済み)
18:34:32 INFO     [src.ml.features] [SIMULATE] 特徴量生成 race_id=202406010601: 16 頭 × 46 特徴量 (リーク除外済み)
18:34:32 INFO     [src.ml.features] [SIMULATE] 特徴量生成 race_id=202406010602: 16 頭 × 46 特徴量 (リーク除外済み)
18:34:32 INFO     [src.ml.features] [SIMULATE] 特徴量生成 race_id=202406010603: 16 頭 × 46 特徴量 (リーク除外済み)
18:34:32 INFO     [src.ml.features] [SIMULATE] 特徴量生成 race_id=202406010604: 16 頭 × 46 特徴量 (リーク除外済み)
18:34:32 INFO     [src.ml.features] [SIMULATE] 特徴量生成 race_id=202406010605: 16 頭 × 46 特徴量 (リーク除外済み)
18:34:32 INFO     [src.ml.features] [SIMULATE] 特徴量生成 race_id=202406010607: 10 頭 × 46 特徴量 (リーク除外済み)
18:34:32 INFO     [src.ml.features] [SIMULATE] 特徴量生成 race_id=202406010606: 17 頭 × 46 特徴量 (リーク除外済み)
18:34:33 INFO     [src.ml.features] [SIMULATE] 特徴量生成 race_id=202406010608: 15 頭 × 46 特徴量 (リーク除外済み)
18:34:33 INFO     [src.ml.features] [SIMULATE] 特徴量生成 race_id=202406010610: 10 頭 × 46 特徴量 (リーク除外済み)
18:34:33 INFO     [src.ml.features] [SIMULATE] 特徴量生成 race_id=202406010609: 16 頭 × 46 特徴量 (リーク除外済み)
18:34:33 INFO     [src.ml.features] [SIMULATE] 特徴量生成 race_id=202406010611: 11 頭 × 46 特徴量 (リーク除外済み)
18:34:33 INFO     [src.ml.features] [SIMULATE] 特徴量生成 race_id=202408010602: 12 頭 × 46 特徴量 (リーク除外済み)
18:34:33 INFO     [src.ml.features] [SIMULATE] 特徴量生成 race_id=202406010612: 17 頭 × 46 特徴量 (リーク除外済み)
18:34:33 INFO     [src.ml.features] [SIMULATE] 特徴量生成 race_id=202408010601: 14 頭 × 46 特徴量 (リーク除外済み)
18:34:33 INFO     [src.ml.features] [SIMULATE] 特徴量生成 race_id=202408010604: 7 頭 × 46 特徴量 (リーク除外済み)
18:34:33 INFO     [src.ml.features] [SIMULATE] 特徴量生成 race_id=202408010603: 16 頭 × 46 特徴量 (リーク除外済み)
18:34:33 INFO     [src.ml.features] [SIMULATE] 特徴量生成 race_id=202408010606: 10 頭 × 46 特徴量 (リーク除外済み)
18:34:33 INFO     [src.ml.features] [SIMULATE] 特徴量生成 race_id=202408010605: 13 頭 × 46 特徴量 (リーク除外済み)
18:34:33 INFO     [src.ml.features] [SIMULATE] 特徴量生成 race_id=202408010607: 10 頭 × 46 特徴量 (リーク除外済み)
18:34:33 INFO     [src.ml.features] [SIMULATE] 特徴量生成 race_id=202408010609: 8 頭 × 46 特徴量 (リーク除外済み)
18:34:33 INFO     [src.ml.features] [SIMULATE] 特徴量生成 race_id=202408010608: 13 頭 × 46 特徴量 (リーク除外済み)
18:34:33 INFO     [src.ml.features] [SIMULATE] 特徴量生成 race_id=202408010610: 11 頭 × 46 特徴量 (リーク除外済み)
18:34:33 INFO     [src.ml.features] [SIMULATE] 特徴量生成 race_id=202408010612: 12 頭 × 46 特徴量 (リーク除外済み)
18:34:33 INFO     [src.ml.features] [SIMULATE] 特徴量生成 race_id=202410010301: 13 頭 × 46 特徴量 (リーク除外済み)
18:34:33 INFO     [src.ml.features] [SIMULATE] 特徴量生成 race_id=202408010611: 16 頭 × 46 特徴量 (リーク除外済み)
18:34:33 INFO     [src.ml.features] [SIMULATE] 特徴量生成 race_id=202410010302: 16 頭 × 46 特徴量 (リーク除外済み)
18:34:33 INFO     [src.ml.features] [SIMULATE] 特徴量生成 race_id=202410010304: 12 頭 × 46 特徴量 (リーク除外済み)
18:34:33 INFO     [src.ml.features] [SIMULATE] 特徴量生成 race_id=202410010303: 13 頭 × 46 特徴量 (リーク除外済み)
18:34:33 INFO     [src.ml.features] [SIMULATE] 特徴量生成 race_id=202410010305: 12 頭 × 46 特徴量 (リーク除外済み)
18:34:33 INFO     [src.ml.features] [SIMULATE] 特徴量生成 race_id=202410010306: 11 頭 × 46 特徴量 (リーク除外済み)
18:34:33 INFO     [src.ml.features] [SIMULATE] 特徴量生成 race_id=202410010309: 7 頭 × 46 特徴量 (リーク除外済み)
18:34:33 INFO     [src.ml.features] [SIMULATE] 特徴量生成 race_id=202410010308: 13 頭 × 46 特徴量 (リーク除外済み)
18:34:33 INFO     [src.ml.features] [SIMULATE] 特徴量生成 race_id=202410010307: 15 頭 × 46 特徴量 (リーク除外済み)
18:34:33 INFO     [src.ml.features] [SIMULATE] 特徴量生成 race_id=202410010311: 13 頭 × 46 特徴量 (リーク除外済み)
18:34:33 INFO     [src.ml.features] [SIMULATE] 特徴量生成 race_id=202410010310: 17 頭 × 46 特徴量 (リーク除外済み)
18:34:33 INFO     [src.ml.features] [SIMULATE] 特徴量生成 race_id=202410010312: 17 頭 × 46 特徴量 (リーク除外済み)
18:34:33 INFO     [src.ml.features] [SIMULATE] 特徴量生成 race_id=202406010701: 16 頭 × 46 特徴量 (リーク除外済み)
18:34:33 INFO     [src.ml.features] [SIMULATE] 特徴量生成 race_id=202406010702: 15 頭 × 46 特徴量 (リーク除外済み)
18:34:33 INFO     [src.ml.features] [SIMULATE] 特徴量生成 race_id=202406010703: 16 頭 × 46 特徴量 (リーク除外済み)
18:34:33 INFO     [src.ml.features] [SIMULATE] 特徴量生成 race_id=202406010704: 16 頭 × 46 特徴量 (リーク除外済み)
18:34:33 INFO     [src.ml.features] [SIMULATE] 特徴量生成 race_id=202406010705: 17 頭 × 46 特徴量 (リーク除外済み)
18:34:33 INFO     [src.ml.features] [SIMULATE] 特徴量生成 race_id=202406010706: 17 頭 × 46 特徴量 (リーク除外済み)
18:34:33 INFO     [src.ml.features] [SIMULATE] 特徴量生成 race_id=202406010707: 14 頭 × 46 特徴量 (リーク除外済み)
18:34:33 INFO     [src.ml.features] [SIMULATE] 特徴量生成 race_id=202406010709: 11 頭 × 46 特徴量 (リーク除外済み)
18:34:33 INFO     [src.ml.features] [SIMULATE] 特徴量生成 race_id=202406010708: 15 頭 × 46 特徴量 (リーク除外済み)
18:34:33 INFO     [src.ml.features] [SIMULATE] 特徴量生成 race_id=202406010711: 12 頭 × 46 特徴量 (リーク除外済み)
18:34:33 INFO     [src.ml.features] [SIMULATE] 特徴量生成 race_id=202406010710: 16 頭 × 46 特徴量 (リーク除外済み)
18:34:33 INFO     [src.ml.features] [SIMULATE] 特徴量生成 race_id=202408010701: 10 頭 × 46 特徴量 (リーク除外済み)
18:34:33 INFO     [src.ml.features] [SIMULATE] 特徴量生成 race_id=202406010712: 12 頭 × 46 特徴量 (リーク除外済み)
18:34:33 INFO     [src.ml.features] [SIMULATE] 特徴量生成 race_id=202408010704: 8 頭 × 46 特徴量 (リーク除外済み)
18:34:33 INFO     [src.ml.features] [SIMULATE] 特徴量生成 race_id=202408010702: 16 頭 × 46 特徴量 (リーク除外済み)
18:34:33 INFO     [src.ml.features] [SIMULATE] 特徴量生成 race_id=202408010703: 12 頭 × 46 特徴量 (リーク除外済み)
18:34:33 INFO     [src.ml.features] [SIMULATE] 特徴量生成 race_id=202408010706: 6 頭 × 46 特徴量 (リーク除外済み)
18:34:33 INFO     [src.ml.features] [SIMULATE] 特徴量生成 race_id=202408010705: 17 頭 × 46 特徴量 (リーク除外済み)
18:34:33 INFO     [src.ml.features] [SIMULATE] 特徴量生成 race_id=202408010709: 10 頭 × 46 特徴量 (リーク除外済み)
18:34:33 INFO     [src.ml.features] [SIMULATE] 特徴量生成 race_id=202408010708: 16 頭 × 46 特徴量 (リーク除外済み)
18:34:33 INFO     [src.ml.features] [SIMULATE] 特徴量生成 race_id=202408010707: 17 頭 × 46 特徴量 (リーク除外済み)
18:34:33 INFO     [src.ml.features] [SIMULATE] 特徴量生成 race_id=202408010710: 16 頭 × 46 特徴量 (リーク除外済み)
18:34:33 INFO     [src.ml.features] [SIMULATE] 特徴量生成 race_id=202408010712: 11 頭 × 46 特徴量 (リーク除外済み)
18:34:33 INFO     [src.ml.features] [SIMULATE] 特徴量生成 race_id=202408010711: 16 頭 × 46 特徴量 (リーク除外済み)
18:34:33 INFO     [src.ml.features] [SIMULATE] 特徴量生成 race_id=202410010401: 16 頭 × 46 特徴量 (リーク除外済み)
18:34:33 INFO     [src.ml.features] [SIMULATE] 特徴量生成 race_id=202410010402: 14 頭 × 46 特徴量 (リーク除外済み)
18:34:33 INFO     [src.ml.features] [SIMULATE] 特徴量生成 race_id=202410010403: 14 頭 × 46 特徴量 (リーク除外済み)
18:34:33 INFO     [src.ml.features] [SIMULATE] 特徴量生成 race_id=202410010404: 12 頭 × 46 特徴量 (リーク除外済み)
18:34:33 INFO     [src.ml.features] [SIMULATE] 特徴量生成 race_id=202410010406: 11 頭 × 46 特徴量 (リーク除外済み)
18:34:33 INFO     [src.ml.features] [SIMULATE] 特徴量生成 race_id=202410010405: 18 頭 × 46 特徴量 (リーク除外済み)
18:34:33 INFO     [src.ml.features] [SIMULATE] 特徴量生成 race_id=202410010408: 16 頭 × 46 特徴量 (リーク除外済み)
18:34:33 INFO     [src.ml.features] [SIMULATE] 特徴量生成 race_id=202410010407: 18 頭 × 46 特徴量 (リーク除外済み)
18:34:33 INFO     [src.ml.features] [SIMULATE] 特徴量生成 race_id=202410010410: 12 頭 × 46 特徴量 (リーク除外済み)
18:34:33 INFO     [src.ml.features] [SIMULATE] 特徴量生成 race_id=202410010409: 15 頭 × 46 特徴量 (リーク除外済み)
18:34:33 INFO     [src.ml.features] [SIMULATE] 特徴量生成 race_id=202410010412: 15 頭 × 46 特徴量 (リーク除外済み)
18:34:33 INFO     [src.ml.features] [SIMULATE] 特徴量生成 race_id=202410010411: 16 頭 × 46 特徴量 (リーク除外済み)
18:34:33 INFO     [src.ml.features] [SIMULATE] 特徴量生成 race_id=202405010101: 16 頭 × 46 特徴量 (リーク除外済み)
18:34:33 INFO     [src.ml.features] [SIMULATE] 特徴量生成 race_id=202405010102: 15 頭 × 46 特徴量 (リーク除外済み)
18:34:33 INFO     [src.ml.features] [SIMULATE] 特徴量生成 race_id=202405010103: 14 頭 × 46 特徴量 (リーク除外済み)
18:34:33 INFO     [src.ml.features] [SIMULATE] 特徴量生成 race_id=202405010104: 14 頭 × 46 特徴量 (リーク除外済み)
18:34:33 INFO     [src.ml.features] [SIMULATE] 特徴量生成 race_id=202405010106: 12 頭 × 46 特徴量 (リーク除外済み)
18:34:33 INFO     [src.ml.features] [SIMULATE] 特徴量生成 race_id=202405010105: 16 頭 × 46 特徴量 (リーク除外済み)
18:34:33 INFO     [src.ml.features] [SIMULATE] 特徴量生成 race_id=202405010107: 16 頭 × 46 特徴量 (リーク除外済み)
18:34:33 INFO     [src.ml.features] [SIMULATE] 特徴量生成 race_id=202405010110: 10 頭 × 46 特徴量 (リーク除外済み)
18:34:34 INFO     [src.ml.features] [SIMULATE] 特徴量生成 race_id=202405010108: 16 頭 × 46 特徴量 (リーク除外済み)
18:34:34 INFO     [src.ml.features] [SIMULATE] 特徴量生成 race_id=202405010109: 16 頭 × 46 特徴量 (リーク除外済み)
18:34:34 INFO     [src.ml.features] [SIMULATE] 特徴量生成 race_id=202408020101: 9 頭 × 46 特徴量 (リーク除外済み)
18:34:34 INFO     [src.ml.features] [SIMULATE] 特徴量生成 race_id=202405010111: 12 頭 × 46 特徴量 (リーク除外済み)
18:34:34 INFO     [src.ml.features] [SIMULATE] 特徴量生成 race_id=202408020102: 9 頭 × 46 特徴量 (リーク除外済み)
18:34:34 INFO     [src.ml.features] [SIMULATE] 特徴量生成 race_id=202405010112: 16 頭 × 46 特徴量 (リーク除外済み)
18:34:34 INFO     [src.ml.features] [SIMULATE] 特徴量生成 race_id=202408020105: 9 頭 × 46 特徴量 (リーク除外済み)
18:34:34 INFO     [src.ml.features] [SIMULATE] 特徴量生成 race_id=202408020106: 7 頭 × 46 特徴量 (リーク除外済み)
18:34:34 INFO     [src.ml.features] [SIMULATE] 特徴量生成 race_id=202408020103: 15 頭 × 46 特徴量 (リーク除外済み)
18:34:34 INFO     [src.ml.features] [SIMULATE] 特徴量生成 race_id=202408020104: 16 頭 × 46 特徴量 (リーク除外済み)
18:34:34 INFO     [src.ml.features] [SIMULATE] 特徴量生成 race_id=202408020107: 9 頭 × 46 特徴量 (リーク除外済み)
18:34:34 INFO     [src.ml.features] [SIMULATE] 特徴量生成 race_id=202408020108: 7 頭 × 46 特徴量 (リーク除外済み)
18:34:34 INFO     [src.ml.features] [SIMULATE] 特徴量生成 race_id=202408020110: 9 頭 × 46 特徴量 (リーク除外済み)
18:34:34 INFO     [src.ml.features] [SIMULATE] 特徴量生成 race_id=202408020109: 16 頭 × 46 特徴量 (リーク除外済み)
18:34:34 INFO     [src.ml.features] [SIMULATE] 特徴量生成 race_id=202408020111: 14 頭 × 46 特徴量 (リーク除外済み)
18:34:34 INFO     [src.ml.features] [SIMULATE] 特徴量生成 race_id=202408020112: 18 頭 × 46 特徴量 (リーク除外済み)
18:34:34 INFO     [src.ml.features] [SIMULATE] 特徴量生成 race_id=202410010501: 12 頭 × 46 特徴量 (リーク除外済み)
18:34:34 INFO     [src.ml.features] [SIMULATE] 特徴量生成 race_id=202410010502: 14 頭 × 46 特徴量 (リーク除外済み)
18:34:34 INFO     [src.ml.features] [SIMULATE] 特徴量生成 race_id=202410010503: 11 頭 × 46 特徴量 (リーク除外済み)
18:34:34 INFO     [src.ml.features] [SIMULATE] 特徴量生成 race_id=202410010504: 12 頭 × 46 特徴量 (リーク除外済み)
18:34:34 INFO     [src.ml.features] [SIMULATE] 特徴量生成 race_id=202410010505: 13 頭 × 46 特徴量 (リーク除外済み)
18:34:34 INFO     [src.ml.features] [SIMULATE] 特徴量生成 race_id=202410010506: 14 頭 × 46 特徴量 (リーク除外済み)
18:34:34 INFO     [src.ml.features] [SIMULATE] 特徴量生成 race_id=202410010507: 16 頭 × 46 特徴量 (リーク除外済み)
18:34:34 INFO     [src.ml.features] [SIMULATE] 特徴量生成 race_id=202410010508: 14 頭 × 46 特徴量 (リーク除外済み)
18:34:34 INFO     [src.ml.features] [SIMULATE] 特徴量生成 race_id=202410010509: 14 頭 × 46 特徴量 (リーク除外済み)
18:34:34 INFO     [src.ml.features] [SIMULATE] 特徴量生成 race_id=202410010511: 10 頭 × 46 特徴量 (リーク除外済み)
18:34:34 INFO     [src.ml.features] [SIMULATE] 特徴量生成 race_id=202410010510: 16 頭 × 46 特徴量 (リーク除外済み)
18:34:34 INFO     [src.ml.features] [SIMULATE] 特徴量生成 race_id=202410010512: 18 頭 × 46 特徴量 (リーク除外済み)
18:34:34 INFO     [src.ml.features] [SIMULATE] 特徴量生成 race_id=202405010201: 16 頭 × 46 特徴量 (リーク除外済み)
18:34:34 INFO     [src.ml.features] [SIMULATE] 特徴量生成 race_id=202405010202: 16 頭 × 46 特徴量 (リーク除外済み)
18:34:34 INFO     [src.ml.features] [SIMULATE] 特徴量生成 race_id=202405010203: 16 頭 × 46 特徴量 (リーク除外済み)
18:34:34 INFO     [src.ml.features] [SIMULATE] 特徴量生成 race_id=202405010204: 14 頭 × 46 特徴量 (リーク除外済み)
18:34:34 INFO     [src.ml.features] [SIMULATE] 特徴量生成 race_id=202405010205: 16 頭 × 46 特徴量 (リーク除外済み)
18:34:34 INFO     [src.ml.features] [SIMULATE] 特徴量生成 race_id=202405010206: 16 頭 × 46 特徴量 (リーク除外済み)
18:34:34 INFO     [src.ml.features] [SIMULATE] 特徴量生成 race_id=202405010207: 14 頭 × 46 特徴量 (リーク除外済み)
18:34:34 INFO     [src.ml.features] [SIMULATE] 特徴量生成 race_id=202405010209: 9 頭 × 46 特徴量 (リーク除外済み)
18:34:34 INFO     [src.ml.features] [SIMULATE] 特徴量生成 race_id=202405010208: 16 頭 × 46 特徴量 (リーク除外済み)
18:34:34 INFO     [src.ml.features] [SIMULATE] 特徴量生成 race_id=202405010210: 14 頭 × 46 特徴量 (リーク除外済み)
18:34:34 INFO     [src.ml.features] [SIMULATE] 特徴量生成 race_id=202405010212: 11 頭 × 46 特徴量 (リーク除外済み)
18:34:34 INFO     [src.ml.features] [SIMULATE] 特徴量生成 race_id=202405010211: 16 頭 × 46 特徴量 (リーク除外済み)
18:34:34 INFO     [src.ml.features] [SIMULATE] 特徴量生成 race_id=202408020201: 15 頭 × 46 特徴量 (リーク除外済み)
18:34:34 INFO     [src.ml.features] [SIMULATE] 特徴量生成 race_id=202408020202: 11 頭 × 46 特徴量 (リーク除外済み)
18:34:34 INFO     [src.ml.features] [SIMULATE] 特徴量生成 race_id=202408020204: 13 頭 × 46 特徴量 (リーク除外済み)
18:34:34 INFO     [src.ml.features] [SIMULATE] 特徴量生成 race_id=202408020203: 16 頭 × 46 特徴量 (リーク除外済み)
18:34:34 INFO     [src.ml.features] [SIMULATE] 特徴量生成 race_id=202408020206: 10 頭 × 46 特徴量 (リーク除外済み)
18:34:34 INFO     [src.ml.features] [SIMULATE] 特徴量生成 race_id=202408020205: 13 頭 × 46 特徴量 (リーク除外済み)
18:34:34 INFO     [src.ml.features] [SIMULATE] 特徴量生成 race_id=202408020207: 10 頭 × 46 特徴量 (リーク除外済み)
18:34:34 INFO     [src.ml.features] [SIMULATE] 特徴量生成 race_id=202408020209: 11 頭 × 46 特徴量 (リーク除外済み)
18:34:34 INFO     [src.ml.features] [SIMULATE] 特徴量生成 race_id=202408020208: 16 頭 × 46 特徴量 (リーク除外済み)
18:34:34 INFO     [src.ml.features] [SIMULATE] 特徴量生成 race_id=202408020210: 12 頭 × 46 特徴量 (リーク除外済み)
18:34:34 INFO     [src.ml.features] [SIMULATE] 特徴量生成 race_id=202408020212: 9 頭 × 46 特徴量 (リーク除外済み)
18:34:34 INFO     [src.ml.features] [SIMULATE] 特徴量生成 race_id=202408020211: 18 頭 × 46 特徴量 (リーク除外済み)
18:34:34 INFO     [src.ml.features] [SIMULATE] 特徴量生成 race_id=202410010601: 11 頭 × 46 特徴量 (リーク除外済み)
18:34:34 INFO     [src.ml.features] [SIMULATE] 特徴量生成 race_id=202410010602: 16 頭 × 46 特徴量 (リーク除外済み)
18:34:34 INFO     [src.ml.features] [SIMULATE] 特徴量生成 race_id=202410010603: 14 頭 × 46 特徴量 (リーク除外済み)
18:34:34 INFO     [src.ml.features] [SIMULATE] 特徴量生成 race_id=202410010604: 12 頭 × 46 特徴量 (リーク除外済み)
18:34:34 INFO     [src.ml.features] [SIMULATE] 特徴量生成 race_id=202410010605: 14 頭 × 46 特徴量 (リーク除外済み)
18:34:34 INFO     [src.ml.features] [SIMULATE] 特徴量生成 race_id=202410010606: 15 頭 × 46 特徴量 (リーク除外済み)
18:34:34 INFO     [src.ml.features] [SIMULATE] 特徴量生成 race_id=202410010607: 14 頭 × 46 特徴量 (リーク除外済み)
18:34:34 INFO     [src.ml.features] [SIMULATE] 特徴量生成 race_id=202410010609: 10 頭 × 46 特徴量 (リーク除外済み)
18:34:34 INFO     [src.ml.features] [SIMULATE] 特徴量生成 race_id=202410010608: 14 頭 × 46 特徴量 (リーク除外済み)
18:34:34 INFO     [src.ml.features] [SIMULATE] 特徴量生成 race_id=202410010610: 16 頭 × 46 特徴量 (リーク除外済み)
18:34:34 INFO     [src.ml.features] [SIMULATE] 特徴量生成 race_id=202410010612: 13 頭 × 46 特徴量 (リーク除外済み)
18:34:34 INFO     [src.ml.features] [SIMULATE] 特徴量生成 race_id=202410010611: 18 頭 × 46 特徴量 (リーク除外済み)
18:34:34 INFO     [src.ml.features] [SIMULATE] 特徴量生成 race_id=202405010301: 16 頭 × 46 特徴量 (リーク除外済み)
18:34:34 INFO     [src.ml.features] [SIMULATE] 特徴量生成 race_id=202405010304: 8 頭 × 46 特徴量 (リーク除外済み)
18:34:34 INFO     [src.ml.features] [SIMULATE] 特徴量生成 race_id=202405010302: 16 頭 × 46 特徴量 (リーク除外済み)
18:34:35 INFO     [src.ml.features] [SIMULATE] 特徴量生成 race_id=202405010303: 16 頭 × 46 特徴量 (リーク除外済み)
18:34:35 INFO     [src.ml.features] [SIMULATE] 特徴量生成 race_id=202405010305: 16 頭 × 46 特徴量 (リーク除外済み)
18:34:35 INFO     [src.ml.features] [SIMULATE] 特徴量生成 race_id=202405010306: 13 頭 × 46 特徴量 (リーク除外済み)
18:34:35 INFO     [src.ml.features] [SIMULATE] 特徴量生成 race_id=202405010309: 8 頭 × 46 特徴量 (リーク除外済み)
18:34:35 INFO     [src.ml.features] [SIMULATE] 特徴量生成 race_id=202405010307: 13 頭 × 46 特徴量 (リーク除外済み)
18:34:35 INFO     [src.ml.features] [SIMULATE] 特徴量生成 race_id=202405010308: 16 頭 × 46 特徴量 (リーク除外済み)
18:34:35 INFO     [src.ml.features] [SIMULATE] 特徴量生成 race_id=202405010311: 12 頭 × 46 特徴量 (リーク除外済み)
18:34:35 INFO     [src.ml.features] [SIMULATE] 特徴量生成 race_id=202405010310: 15 頭 × 46 特徴量 (リーク除外済み)
18:34:35 INFO     [src.ml.features] [SIMULATE] 特徴量生成 race_id=202408020301: 12 頭 × 46 特徴量 (リーク除外済み)
18:34:35 INFO     [src.ml.features] [SIMULATE] 特徴量生成 race_id=202405010312: 16 頭 × 46 特徴量 (リーク除外済み)
18:34:35 INFO     [src.ml.features] [SIMULATE] 特徴量生成 race_id=202408020302: 9 頭 × 46 特徴量 (リーク除外済み)
18:34:35 INFO     [src.ml.features] [SIMULATE] 特徴量生成 race_id=202408020303: 14 頭 × 46 特徴量 (リーク除外済み)
18:34:35 INFO     [src.ml.features] [SIMULATE] 特徴量生成 race_id=202408020306: 9 頭 × 46 特徴量 (リーク除外済み)
18:34:35 INFO     [src.ml.features] [SIMULATE] 特徴量生成 race_id=202408020304: 16 頭 × 46 特徴量 (リーク除外済み)
18:34:35 INFO     [src.ml.features] [SIMULATE] 特徴量生成 race_id=202408020305: 16 頭 × 46 特徴量 (リーク除外済み)
18:34:35 INFO     [src.ml.features] [SIMULATE] 特徴量生成 race_id=202408020307: 11 頭 × 46 特徴量 (リーク除外済み)
18:34:35 INFO     [src.ml.features] [SIMULATE] 特徴量生成 race_id=202408020308: 12 頭 × 46 特徴量 (リーク除外済み)
18:34:35 INFO     [src.ml.features] [SIMULATE] 特徴量生成 race_id=202408020310: 11 頭 × 46 特徴量 (リーク除外済み)
18:34:35 INFO     [src.ml.features] [SIMULATE] 特徴量生成 race_id=202408020309: 16 頭 × 46 特徴量 (リーク除外済み)
18:34:35 INFO     [src.ml.features] [SIMULATE] 特徴量生成 race_id=202408020311: 12 頭 × 46 特徴量 (リーク除外済み)
18:34:35 INFO     [src.ml.features] [SIMULATE] 特徴量生成 race_id=202408020312: 16 頭 × 46 特徴量 (リーク除外済み)
18:34:35 INFO     [src.ml.features] [SIMULATE] 特徴量生成 race_id=202410010701: 16 頭 × 46 特徴量 (リーク除外済み)
18:34:35 INFO     [src.ml.features] [SIMULATE] 特徴量生成 race_id=202410010702: 14 頭 × 46 特徴量 (リーク除外済み)
18:34:35 INFO     [src.ml.features] [SIMULATE] 特徴量生成 race_id=202410010703: 14 頭 × 46 特徴量 (リーク除外済み)
18:34:35 INFO     [src.ml.features] [SIMULATE] 特徴量生成 race_id=202410010704: 14 頭 × 46 特徴量 (リーク除外済み)
18:34:35 INFO     [src.ml.features] [SIMULATE] 特徴量生成 race_id=202410010705: 12 頭 × 46 特徴量 (リーク除外済み)
18:34:35 INFO     [src.ml.features] [SIMULATE] 特徴量生成 race_id=202410010706: 12 頭 × 46 特徴量 (リーク除外済み)
18:34:35 INFO     [src.ml.features] [SIMULATE] 特徴量生成 race_id=202410010707: 15 頭 × 46 特徴量 (リーク除外済み)
18:34:35 INFO     [src.ml.features] [SIMULATE] 特徴量生成 race_id=202410010709: 12 頭 × 46 特徴量 (リーク除外済み)
18:34:35 INFO     [src.ml.features] [SIMULATE] 特徴量生成 race_id=202410010710: 14 頭 × 46 特徴量 (リーク除外済み)
18:34:35 INFO     [src.ml.features] [SIMULATE] 特徴量生成 race_id=202410010708: 16 頭 × 46 特徴量 (リーク除外済み)
18:34:35 INFO     [src.ml.features] [SIMULATE] 特徴量生成 race_id=202410010711: 11 頭 × 46 特徴量 (リーク除外済み)
18:34:35 INFO     [src.ml.features] [SIMULATE] 特徴量生成 race_id=202410010712: 11 頭 × 46 特徴量 (リーク除外済み)
18:34:35 INFO     [src.ml.features] [SIMULATE] 特徴量生成 race_id=202405010401: 16 頭 × 46 特徴量 (リーク除外済み)
18:34:35 INFO     [src.ml.features] [SIMULATE] 特徴量生成 race_id=202405010402: 16 頭 × 46 特徴量 (リーク除外済み)
18:34:35 INFO     [src.ml.features] [SIMULATE] 特徴量生成 race_id=202405010403: 16 頭 × 46 特徴量 (リーク除外済み)
18:34:35 INFO     [src.ml.features] [SIMULATE] 特徴量生成 race_id=202405010404: 15 頭 × 46 特徴量 (リーク除外済み)
18:34:35 INFO     [src.ml.features] [SIMULATE] 特徴量生成 race_id=202405010407: 7 頭 × 46 特徴量 (リーク除外済み)
18:34:35 INFO     [src.ml.features] [SIMULATE] 特徴量生成 race_id=202405010406: 15 頭 × 46 特徴量 (リーク除外済み)
18:34:35 INFO     [src.ml.features] [SIMULATE] 特徴量生成 race_id=202405010405: 16 頭 × 46 特徴量 (リーク除外済み)
18:34:35 INFO     [src.ml.features] [SIMULATE] 特徴量生成 race_id=202405010409: 9 頭 × 46 特徴量 (リーク除外済み)
18:34:35 INFO     [src.ml.features] [SIMULATE] 特徴量生成 race_id=202405010408: 16 頭 × 46 特徴量 (リーク除外済み)
18:34:35 INFO     [src.ml.features] [SIMULATE] 特徴量生成 race_id=202408020401: 7 頭 × 46 特徴量 (リーク除外済み)
18:34:35 INFO     [src.ml.features] [SIMULATE] 特徴量生成 race_id=202405010410: 16 頭 × 46 特徴量 (リーク除外済み)
18:34:35 INFO     [src.ml.features] [SIMULATE] 特徴量生成 race_id=202405010411: 16 頭 × 46 特徴量 (リーク除外済み)
18:34:35 INFO     [src.ml.features] [SIMULATE] 特徴量生成 race_id=202405010412: 16 頭 × 46 特徴量 (リーク除外済み)
18:34:35 INFO     [src.ml.features] [SIMULATE] 特徴量生成 race_id=202408020403: 8 頭 × 46 特徴量 (リーク除外済み)
18:34:35 INFO     [src.ml.features] [SIMULATE] 特徴量生成 race_id=202408020404: 9 頭 × 46 特徴量 (リーク除外済み)
18:34:35 INFO     [src.ml.features] [SIMULATE] 特徴量生成 race_id=202408020402: 11 頭 × 46 特徴量 (リーク除外済み)
18:34:35 INFO     [src.ml.features] [SIMULATE] 特徴量生成 race_id=202408020408: 8 頭 × 46 特徴量 (リーク除外済み)
18:34:35 INFO     [src.ml.features] [SIMULATE] 特徴量生成 race_id=202408020406: 11 頭 × 46 特徴量 (リーク除外済み)
18:34:35 INFO     [src.ml.features] [SIMULATE] 特徴量生成 race_id=202408020407: 10 頭 × 46 特徴量 (リーク除外済み)
18:34:35 INFO     [src.ml.features] [SIMULATE] 特徴量生成 race_id=202408020405: 17 頭 × 46 特徴量 (リーク除外済み)
18:34:35 INFO     [src.ml.features] [SIMULATE] 特徴量生成 race_id=202408020411: 12 頭 × 46 特徴量 (リーク除外済み)
18:34:35 INFO     [src.ml.features] [SIMULATE] 特徴量生成 race_id=202408020409: 14 頭 × 46 特徴量 (リーク除外済み)
18:34:35 INFO     [src.ml.features] [SIMULATE] 特徴量生成 race_id=202408020410: 16 頭 × 46 特徴量 (リーク除外済み)
18:34:35 INFO     [src.ml.features] [SIMULATE] 特徴量生成 race_id=202408020412: 14 頭 × 46 特徴量 (リーク除外済み)
18:34:35 INFO     [src.ml.features] [SIMULATE] 特徴量生成 race_id=202410010802: 12 頭 × 46 特徴量 (リーク除外済み)
18:34:35 INFO     [src.ml.features] [SIMULATE] 特徴量生成 race_id=202410010801: 15 頭 × 46 特徴量 (リーク除外済み)
18:34:35 INFO     [src.ml.features] [SIMULATE] 特徴量生成 race_id=202410010804: 12 頭 × 46 特徴量 (リーク除外済み)
18:34:35 INFO     [src.ml.features] [SIMULATE] 特徴量生成 race_id=202410010803: 14 頭 × 46 特徴量 (リーク除外済み)
18:34:35 INFO     [src.ml.features] [SIMULATE] 特徴量生成 race_id=202410010805: 12 頭 × 46 特徴量 (リーク除外済み)
18:34:35 INFO     [src.ml.features] [SIMULATE] 特徴量生成 race_id=202410010807: 10 頭 × 46 特徴量 (リーク除外済み)
18:34:35 INFO     [src.ml.features] [SIMULATE] 特徴量生成 race_id=202410010808: 12 頭 × 46 特徴量 (リーク除外済み)
18:34:35 INFO     [src.ml.features] [SIMULATE] 特徴量生成 race_id=202410010806: 18 頭 × 46 特徴量 (リーク除外済み)
18:34:35 INFO     [src.ml.features] [SIMULATE] 特徴量生成 race_id=202410010809: 11 頭 × 46 特徴量 (リーク除外済み)
18:34:35 INFO     [src.ml.features] [SIMULATE] 特徴量生成 race_id=202410010811: 9 頭 × 46 特徴量 (リーク除外済み)
18:34:35 INFO     [src.ml.features] [SIMULATE] 特徴量生成 race_id=202410010810: 16 頭 × 46 特徴量 (リーク除外済み)
18:34:35 INFO     [src.ml.features] [SIMULATE] 特徴量生成 race_id=202410010812: 14 頭 × 46 特徴量 (リーク除外済み)
18:34:35 INFO     [src.ml.features] [SIMULATE] 特徴量生成 race_id=202405010501: 16 頭 × 46 特徴量 (リーク除外済み)
18:34:35 INFO     [src.ml.features] [SIMULATE] 特徴量生成 race_id=202405010502: 16 頭 × 46 特徴量 (リーク除外済み)
18:34:35 INFO     [src.ml.features] [SIMULATE] 特徴量生成 race_id=202405010504: 12 頭 × 46 特徴量 (リーク除外済み)
18:34:36 INFO     [src.ml.features] [SIMULATE] 特徴量生成 race_id=202405010503: 16 頭 × 46 特徴量 (リーク除外済み)
18:34:36 INFO     [src.ml.features] [SIMULATE] 特徴量生成 race_id=202405010505: 16 頭 × 46 特徴量 (リーク除外済み)
18:34:36 INFO     [src.ml.features] [SIMULATE] 特徴量生成 race_id=202405010507: 13 頭 × 46 特徴量 (リーク除外済み)
18:34:36 INFO     [src.ml.features] [SIMULATE] 特徴量生成 race_id=202405010506: 16 頭 × 46 特徴量 (リーク除外済み)
18:34:36 INFO     [src.ml.features] [SIMULATE] 特徴量生成 race_id=202405010508: 16 頭 × 46 特徴量 (リーク除外済み)
18:34:36 INFO     [src.ml.features] [SIMULATE] 特徴量生成 race_id=202405010509: 12 頭 × 46 特徴量 (リーク除外済み)
18:34:36 INFO     [src.ml.features] [SIMULATE] 特徴量生成 race_id=202405010510: 16 頭 × 46 特徴量 (リーク除外済み)
18:34:36 INFO     [src.ml.features] [SIMULATE] 特徴量生成 race_id=202405010511: 13 頭 × 46 特徴量 (リーク除外済み)
18:34:36 INFO     [src.ml.features] [SIMULATE] 特徴量生成 race_id=202405010512: 15 頭 × 46 特徴量 (リーク除外済み)
18:34:36 INFO     [src.ml.features] [SIMULATE] 特徴量生成 race_id=202408020501: 14 頭 × 46 特徴量 (リーク除外済み)
18:34:36 INFO     [src.ml.features] [SIMULATE] 特徴量生成 race_id=202408020502: 11 頭 × 46 特徴量 (リーク除外済み)
18:34:36 INFO     [src.ml.features] [SIMULATE] 特徴量生成 race_id=202408020503: 16 頭 × 46 特徴量 (リーク除外済み)
18:34:36 INFO     [src.ml.features] [SIMULATE] 特徴量生成 race_id=202408020504: 16 頭 × 46 特徴量 (リーク除外済み)
18:34:36 INFO     [src.ml.features] [SIMULATE] 特徴量生成 race_id=202408020505: 12 頭 × 46 特徴量 (リーク除外済み)
18:34:36 INFO     [src.ml.features] [SIMULATE] 特徴量生成 race_id=202408020507: 7 頭 × 46 特徴量 (リーク除外済み)
18:34:36 INFO     [src.ml.features] [SIMULATE] 特徴量生成 race_id=202408020506: 13 頭 × 46 特徴量 (リーク除外済み)
18:34:36 INFO     [src.ml.features] [SIMULATE] 特徴量生成 race_id=202408020509: 9 頭 × 46 特徴量 (リーク除外済み)
18:34:36 INFO     [src.ml.features] [SIMULATE] 特徴量生成 race_id=202408020508: 16 頭 × 46 特徴量 (リーク除外済み)
18:34:36 INFO     [src.ml.features] [SIMULATE] 特徴量生成 race_id=202408020510: 12 頭 × 46 特徴量 (リーク除外済み)
18:34:36 INFO     [src.ml.features] [SIMULATE] 特徴量生成 race_id=202408020512: 14 頭 × 46 特徴量 (リーク除外済み)
18:34:36 INFO     [src.ml.features] [SIMULATE] 特徴量生成 race_id=202408020511: 18 頭 × 46 特徴量 (リーク除外済み)
18:34:36 INFO     [src.ml.features] [SIMULATE] 特徴量生成 race_id=202410020101: 14 頭 × 46 特徴量 (リーク除外済み)
18:34:36 INFO     [src.ml.features] [SIMULATE] 特徴量生成 race_id=202410020102: 14 頭 × 46 特徴量 (リーク除外済み)
18:34:36 INFO     [src.ml.features] [SIMULATE] 特徴量生成 race_id=202410020103: 14 頭 × 46 特徴量 (リーク除外済み)
18:34:36 INFO     [src.ml.features] [SIMULATE] 特徴量生成 race_id=202410020104: 12 頭 × 46 特徴量 (リーク除外済み)
18:34:36 INFO     [src.ml.features] [SIMULATE] 特徴量生成 race_id=202410020105: 12 頭 × 46 特徴量 (リーク除外済み)
18:34:36 INFO     [src.ml.features] [SIMULATE] 特徴量生成 race_id=202410020106: 12 頭 × 46 特徴量 (リーク除外済み)
18:34:36 INFO     [src.ml.features] [SIMULATE] 特徴量生成 race_id=202410020107: 11 頭 × 46 特徴量 (リーク除外済み)
18:34:36 INFO     [src.ml.features] [SIMULATE] 特徴量生成 race_id=202410020109: 8 頭 × 46 特徴量 (リーク除外済み)
18:34:36 INFO     [src.ml.features] [SIMULATE] 特徴量生成 race_id=202410020108: 11 頭 × 46 特徴量 (リーク除外済み)
18:34:36 INFO     [src.ml.features] [SIMULATE] 特徴量生成 race_id=202410020110: 14 頭 × 46 特徴量 (リーク除外済み)
18:34:36 INFO     [src.ml.features] [SIMULATE] 特徴量生成 race_id=202410020111: 16 頭 × 46 特徴量 (リーク除外済み)
18:34:36 INFO     [src.ml.features] [SIMULATE] 特徴量生成 race_id=202410020112: 18 頭 × 46 特徴量 (リーク除外済み)
18:34:36 INFO     [src.ml.features] [SIMULATE] 特徴量生成 race_id=202405010601: 16 頭 × 46 特徴量 (リーク除外済み)
18:34:36 INFO     [src.ml.features] [SIMULATE] 特徴量生成 race_id=202405010602: 16 頭 × 46 特徴量 (リーク除外済み)
18:34:36 INFO     [src.ml.features] [SIMULATE] 特徴量生成 race_id=202405010603: 16 頭 × 46 特徴量 (リーク除外済み)
18:34:36 INFO     [src.ml.features] [SIMULATE] 特徴量生成 race_id=202405010605: 16 頭 × 46 特徴量 (リーク除外済み)
18:34:36 INFO     [src.ml.features] [SIMULATE] 特徴量生成 race_id=202405010604: 16 頭 × 46 特徴量 (リーク除外済み)
18:34:36 INFO     [src.ml.features] [SIMULATE] 特徴量生成 race_id=202405010606: 10 頭 × 46 特徴量 (リーク除外済み)
18:34:36 INFO     [src.ml.features] [SIMULATE] 特徴量生成 race_id=202405010608: 8 頭 × 46 特徴量 (リーク除外済み)
18:34:36 INFO     [src.ml.features] [SIMULATE] 特徴量生成 race_id=202405010609: 13 頭 × 46 特徴量 (リーク除外済み)
18:34:36 INFO     [src.ml.features] [SIMULATE] 特徴量生成 race_id=202405010607: 15 頭 × 46 特徴量 (リーク除外済み)
18:34:36 INFO     [src.ml.features] [SIMULATE] 特徴量生成 race_id=202405010610: 16 頭 × 46 特徴量 (リーク除外済み)
18:34:36 INFO     [src.ml.features] [SIMULATE] 特徴量生成 race_id=202405010611: 10 頭 × 46 特徴量 (リーク除外済み)
18:34:36 INFO     [src.ml.features] [SIMULATE] 特徴量生成 race_id=202408020601: 12 頭 × 46 特徴量 (リーク除外済み)
18:34:36 INFO     [src.ml.features] [SIMULATE] 特徴量生成 race_id=202405010612: 15 頭 × 46 特徴量 (リーク除外済み)
18:34:36 INFO     [src.ml.features] [SIMULATE] 特徴量生成 race_id=202408020602: 16 頭 × 46 特徴量 (リーク除外済み)
18:34:36 INFO     [src.ml.features] [SIMULATE] 特徴量生成 race_id=202408020603: 15 頭 × 46 特徴量 (リーク除外済み)
18:34:36 INFO     [src.ml.features] [SIMULATE] 特徴量生成 race_id=202408020604: 9 頭 × 46 特徴量 (リーク除外済み)
18:34:36 INFO     [src.ml.features] [SIMULATE] 特徴量生成 race_id=202408020605: 14 頭 × 46 特徴量 (リーク除外済み)
18:34:36 INFO     [src.ml.features] [SIMULATE] 特徴量生成 race_id=202408020606: 10 頭 × 46 特徴量 (リーク除外済み)
18:34:36 INFO     [src.ml.features] [SIMULATE] 特徴量生成 race_id=202408020607: 11 頭 × 46 特徴量 (リーク除外済み)
18:34:36 INFO     [src.ml.features] [SIMULATE] 特徴量生成 race_id=202408020608: 11 頭 × 46 特徴量 (リーク除外済み)
18:34:36 INFO     [src.ml.features] [SIMULATE] 特徴量生成 race_id=202408020609: 9 頭 × 46 特徴量 (リーク除外済み)
18:34:36 INFO     [src.ml.features] [SIMULATE] 特徴量生成 race_id=202408020611: 12 頭 × 46 特徴量 (リーク除外済み)
18:34:36 INFO     [src.ml.features] [SIMULATE] 特徴量生成 race_id=202408020610: 15 頭 × 46 特徴量 (リーク除外済み)
18:34:36 INFO     [src.ml.features] [SIMULATE] 特徴量生成 race_id=202408020612: 16 頭 × 46 特徴量 (リーク除外済み)
18:34:36 INFO     [src.ml.features] [SIMULATE] 特徴量生成 race_id=202410020201: 15 頭 × 46 特徴量 (リーク除外済み)
18:34:36 INFO     [src.ml.features] [SIMULATE] 特徴量生成 race_id=202410020203: 14 頭 × 46 特徴量 (リーク除外済み)
18:34:36 INFO     [src.ml.features] [SIMULATE] 特徴量生成 race_id=202410020202: 18 頭 × 46 特徴量 (リーク除外済み)
18:34:36 INFO     [src.ml.features] [SIMULATE] 特徴量生成 race_id=202410020204: 12 頭 × 46 特徴量 (リーク除外済み)
18:34:36 INFO     [src.ml.features] [SIMULATE] 特徴量生成 race_id=202410020205: 10 頭 × 46 特徴量 (リーク除外済み)
18:34:36 INFO     [src.ml.features] [SIMULATE] 特徴量生成 race_id=202410020208: 11 頭 × 46 特徴量 (リーク除外済み)
18:34:36 INFO     [src.ml.features] [SIMULATE] 特徴量生成 race_id=202410020209: 10 頭 × 46 特徴量 (リーク除外済み)
18:34:36 INFO     [src.ml.features] [SIMULATE] 特徴量生成 race_id=202410020207: 13 頭 × 46 特徴量 (リーク除外済み)
18:34:36 INFO     [src.ml.features] [SIMULATE] 特徴量生成 race_id=202410020206: 18 頭 × 46 特徴量 (リーク除外済み)
18:34:36 INFO     [src.ml.features] [SIMULATE] 特徴量生成 race_id=202410020210: 13 頭 × 46 特徴量 (リーク除外済み)
18:34:36 INFO     [src.ml.features] [SIMULATE] 特徴量生成 race_id=202410020212: 13 頭 × 46 特徴量 (リーク除外済み)
18:34:36 INFO     [src.ml.features] [SIMULATE] 特徴量生成 race_id=202410020211: 18 頭 × 46 特徴量 (リーク除外済み)
18:34:36 INFO     [src.ml.features] [SIMULATE] 特徴量生成 race_id=202405010701: 16 頭 × 46 特徴量 (リーク除外済み)
18:34:36 INFO     [src.ml.features] [SIMULATE] 特徴量生成 race_id=202405010702: 16 頭 × 46 特徴量 (リーク除外済み)
18:34:36 INFO     [src.ml.features] [SIMULATE] 特徴量生成 race_id=202405010703: 16 頭 × 46 特徴量 (リーク除外済み)
18:34:36 INFO     [src.ml.features] [SIMULATE] 特徴量生成 race_id=202405010704: 16 頭 × 46 特徴量 (リーク除外済み)
18:34:36 INFO     [src.ml.features] [SIMULATE] 特徴量生成 race_id=202405010705: 18 頭 × 46 特徴量 (リーク除外済み)
18:34:36 INFO     [src.ml.features] [SIMULATE] 特徴量生成 race_id=202405010708: 11 頭 × 46 特徴量 (リーク除外済み)
18:34:36 INFO     [src.ml.features] [SIMULATE] 特徴量生成 race_id=202405010706: 16 頭 × 46 特徴量 (リーク除外済み)
18:34:36 INFO     [src.ml.features] [SIMULATE] 特徴量生成 race_id=202405010709: 10 頭 × 46 特徴量 (リーク除外済み)
18:34:36 INFO     [src.ml.features] [SIMULATE] 特徴量生成 race_id=202405010707: 16 頭 × 46 特徴量 (リーク除外済み)
18:34:36 INFO     [src.ml.features] [SIMULATE] 特徴量生成 race_id=202405010711: 10 頭 × 46 特徴量 (リーク除外済み)
18:34:36 INFO     [src.ml.features] [SIMULATE] 特徴量生成 race_id=202405010710: 13 頭 × 46 特徴量 (リーク除外済み)
18:34:37 INFO     [src.ml.features] [SIMULATE] 特徴量生成 race_id=202405010712: 16 頭 × 46 特徴量 (リーク除外済み)
18:34:37 INFO     [src.ml.features] [SIMULATE] 特徴量生成 race_id=202408020701: 15 頭 × 46 特徴量 (リーク除外済み)
18:34:37 INFO     [src.ml.features] [SIMULATE] 特徴量生成 race_id=202408020702: 15 頭 × 46 特徴量 (リーク除外済み)
18:34:37 INFO     [src.ml.features] [SIMULATE] 特徴量生成 race_id=202408020703: 16 頭 × 46 特徴量 (リーク除外済み)
18:34:37 INFO     [src.ml.features] [SIMULATE] 特徴量生成 race_id=202408020705: 14 頭 × 46 特徴量 (リーク除外済み)
18:34:37 INFO     [src.ml.features] [SIMULATE] 特徴量生成 race_id=202408020704: 16 頭 × 46 特徴量 (リーク除外済み)
18:34:37 INFO     [src.ml.features] [SIMULATE] 特徴量生成 race_id=202408020706: 11 頭 × 46 特徴量 (リーク除外済み)
18:34:37 INFO     [src.ml.features] [SIMULATE] 特徴量生成 race_id=202408020707: 11 頭 × 46 特徴量 (リーク除外済み)
18:34:37 INFO     [src.ml.features] [SIMULATE] 特徴量生成 race_id=202408020709: 9 頭 × 46 特徴量 (リーク除外済み)
18:34:37 INFO     [src.ml.features] [SIMULATE] 特徴量生成 race_id=202408020708: 16 頭 × 46 特徴量 (リーク除外済み)
18:34:37 INFO     [src.ml.features] [SIMULATE] 特徴量生成 race_id=202408020710: 16 頭 × 46 特徴量 (リーク除外済み)
18:34:37 INFO     [src.ml.features] [SIMULATE] 特徴量生成 race_id=202408020711: 18 頭 × 46 特徴量 (リーク除外済み)
18:34:37 INFO     [src.ml.features] [SIMULATE] 特徴量生成 race_id=202408020712: 16 頭 × 46 特徴量 (リーク除外済み)
18:34:37 INFO     [src.ml.features] [SIMULATE] 特徴量生成 race_id=202410020301: 16 頭 × 46 特徴量 (リーク除外済み)
18:34:37 INFO     [src.ml.features] [SIMULATE] 特徴量生成 race_id=202410020302: 18 頭 × 46 特徴量 (リーク除外済み)
18:34:37 INFO     [src.ml.features] [SIMULATE] 特徴量生成 race_id=202410020303: 14 頭 × 46 特徴量 (リーク除外済み)
18:34:37 INFO     [src.ml.features] [SIMULATE] 特徴量生成 race_id=202410020304: 13 頭 × 46 特徴量 (リーク除外済み)
18:34:37 INFO     [src.ml.features] [SIMULATE] 特徴量生成 race_id=202410020305: 12 頭 × 46 特徴量 (リーク除外済み)
18:34:37 INFO     [src.ml.features] [SIMULATE] 特徴量生成 race_id=202410020307: 13 頭 × 46 特徴量 (リーク除外済み)
18:34:37 INFO     [src.ml.features] [SIMULATE] 特徴量生成 race_id=202410020309: 9 頭 × 46 特徴量 (リーク除外済み)
18:34:37 INFO     [src.ml.features] [SIMULATE] 特徴量生成 race_id=202410020306: 17 頭 × 46 特徴量 (リーク除外済み)
18:34:37 INFO     [src.ml.features] [SIMULATE] 特徴量生成 race_id=202410020308: 12 頭 × 46 特徴量 (リーク除外済み)
18:34:37 INFO     [src.ml.features] [SIMULATE] 特徴量生成 race_id=202410020310: 16 頭 × 46 特徴量 (リーク除外済み)
18:34:37 INFO     [src.ml.features] [SIMULATE] 特徴量生成 race_id=202410020311: 16 頭 × 46 特徴量 (リーク除外済み)
18:34:37 INFO     [src.ml.features] [SIMULATE] 特徴量生成 race_id=202410020312: 18 頭 × 46 特徴量 (リーク除外済み)
18:34:37 INFO     [src.ml.features] [SIMULATE] 特徴量生成 race_id=202405010807: 16 頭 × 46 特徴量 (リーク除外済み)
18:34:37 INFO     [src.ml.features] [SIMULATE] 特徴量生成 race_id=202408020812: 9 頭 × 46 特徴量 (リーク除外済み)
18:34:37 INFO     [src.ml.features] [SIMULATE] 特徴量生成 race_id=202410020401: 16 頭 × 46 特徴量 (リーク除外済み)
18:34:37 INFO     [src.ml.features] [SIMULATE] 特徴量生成 race_id=202410020402: 18 頭 × 46 特徴量 (リーク除外済み)
18:34:37 INFO     [src.ml.features] [SIMULATE] 特徴量生成 race_id=202410020403: 14 頭 × 46 特徴量 (リーク除外済み)
18:34:37 INFO     [src.ml.features] [SIMULATE] 特徴量生成 race_id=202410020404: 12 頭 × 46 特徴量 (リーク除外済み)
18:34:37 INFO     [src.ml.features] [SIMULATE] 特徴量生成 race_id=202410020405: 18 頭 × 46 特徴量 (リーク除外済み)
18:34:37 INFO     [src.ml.features] [SIMULATE] 特徴量生成 race_id=202410020406: 13 頭 × 46 特徴量 (リーク除外済み)
18:34:37 INFO     [src.ml.features] [SIMULATE] 特徴量生成 race_id=202410020407: 16 頭 × 46 特徴量 (リーク除外済み)
18:34:37 INFO     [src.ml.features] [SIMULATE] 特徴量生成 race_id=202410020408: 9 頭 × 46 特徴量 (リーク除外済み)
18:34:37 INFO     [src.ml.features] [SIMULATE] 特徴量生成 race_id=202410020409: 14 頭 × 46 特徴量 (リーク除外済み)
18:34:37 INFO     [src.ml.features] [SIMULATE] 特徴量生成 race_id=202410020410: 18 頭 × 46 特徴量 (リーク除外済み)
18:34:37 INFO     [src.ml.features] [SIMULATE] 特徴量生成 race_id=202410020411: 16 頭 × 46 特徴量 (リーク除外済み)
18:34:37 INFO     [src.ml.features] [SIMULATE] 特徴量生成 race_id=202410020412: 18 頭 × 46 特徴量 (リーク除外済み)
18:34:37 INFO     [src.ml.features] [SIMULATE] 特徴量生成 race_id=202405010801: 16 頭 × 46 特徴量 (リーク除外済み)
18:34:37 INFO     [src.ml.features] [SIMULATE] 特徴量生成 race_id=202405010802: 16 頭 × 46 特徴量 (リーク除外済み)
18:34:37 INFO     [src.ml.features] [SIMULATE] 特徴量生成 race_id=202405010805: 12 頭 × 46 特徴量 (リーク除外済み)
18:34:37 INFO     [src.ml.features] [SIMULATE] 特徴量生成 race_id=202405010804: 16 頭 × 46 特徴量 (リーク除外済み)
18:34:37 INFO     [src.ml.features] [SIMULATE] 特徴量生成 race_id=202405010803: 16 頭 × 46 特徴量 (リーク除外済み)
18:34:37 INFO     [src.ml.features] [SIMULATE] 特徴量生成 race_id=202405010810: 9 頭 × 46 特徴量 (リーク除外済み)
18:34:37 INFO     [src.ml.features] [SIMULATE] 特徴量生成 race_id=202405010809: 11 頭 × 46 特徴量 (リーク除外済み)
18:34:37 INFO     [src.ml.features] [SIMULATE] 特徴量生成 race_id=202405010808: 12 頭 × 46 特徴量 (リーク除外済み)
18:34:37 INFO     [src.ml.features] [SIMULATE] 特徴量生成 race_id=202405010806: 16 頭 × 46 特徴量 (リーク除外済み)
18:34:37 INFO     [src.ml.features] [SIMULATE] 特徴量生成 race_id=202408020801: 12 頭 × 46 特徴量 (リーク除外済み)
18:34:37 INFO     [src.ml.features] [SIMULATE] 特徴量生成 race_id=202405010811: 16 頭 × 46 特徴量 (リーク除外済み)
18:34:37 INFO     [src.ml.features] [SIMULATE] 特徴量生成 race_id=202408020802: 15 頭 × 46 特徴量 (リーク除外済み)
18:34:37 INFO     [src.ml.features] [SIMULATE] 特徴量生成 race_id=202405010812: 16 頭 × 46 特徴量 (リーク除外済み)
18:34:37 INFO     [src.ml.features] [SIMULATE] 特徴量生成 race_id=202408020803: 15 頭 × 46 特徴量 (リーク除外済み)
18:34:37 INFO     [src.ml.features] [SIMULATE] 特徴量生成 race_id=202408020806: 11 頭 × 46 特徴量 (リーク除外済み)
18:34:37 INFO     [src.ml.features] [SIMULATE] 特徴量生成 race_id=202408020804: 16 頭 × 46 特徴量 (リーク除外済み)
18:34:37 INFO     [src.ml.features] [SIMULATE] 特徴量生成 race_id=202408020805: 13 頭 × 46 特徴量 (リーク除外済み)
18:34:37 INFO     [src.ml.features] [SIMULATE] 特徴量生成 race_id=202408020807: 8 頭 × 46 特徴量 (リーク除外済み)
18:34:37 INFO     [src.ml.features] [SIMULATE] 特徴量生成 race_id=202408020809: 13 頭 × 46 特徴量 (リーク除外済み)
18:34:37 INFO     [src.ml.features] [SIMULATE] 特徴量生成 race_id=202408020810: 12 頭 × 46 特徴量 (リーク除外済み)
18:34:37 INFO     [src.ml.features] [SIMULATE] 特徴量生成 race_id=202408020808: 16 頭 × 46 特徴量 (リーク除外済み)
18:34:37 INFO     [src.ml.features] [SIMULATE] 特徴量生成 race_id=202408020811: 13 頭 × 46 特徴量 (リーク除外済み)
18:34:37 INFO     [src.ml.features] [SIMULATE] 特徴量生成 race_id=202406020101: 16 頭 × 46 特徴量 (リーク除外済み)
18:34:37 INFO     [src.ml.features] [SIMULATE] 特徴量生成 race_id=202406020102: 16 頭 × 46 特徴量 (リーク除外済み)
18:34:37 INFO     [src.ml.features] [SIMULATE] 特徴量生成 race_id=202406020103: 16 頭 × 46 特徴量 (リーク除外済み)
18:34:37 INFO     [src.ml.features] [SIMULATE] 特徴量生成 race_id=202406020104: 16 頭 × 46 特徴量 (リーク除外済み)
18:34:37 INFO     [src.ml.features] [SIMULATE] 特徴量生成 race_id=202406020105: 16 頭 × 46 特徴量 (リーク除外済み)
18:34:37 INFO     [src.ml.features] [SIMULATE] 特徴量生成 race_id=202406020106: 16 頭 × 46 特徴量 (リーク除外済み)
18:34:37 INFO     [src.ml.features] [SIMULATE] 特徴量生成 race_id=202406020107: 11 頭 × 46 特徴量 (リーク除外済み)
18:34:37 INFO     [src.ml.features] [SIMULATE] 特徴量生成 race_id=202406020108: 12 頭 × 46 特徴量 (リーク除外済み)
18:34:37 INFO     [src.ml.features] [SIMULATE] 特徴量生成 race_id=202406020109: 7 頭 × 46 特徴量 (リーク除外済み)
18:34:37 INFO     [src.ml.features] [SIMULATE] 特徴量生成 race_id=202406020110: 12 頭 × 46 特徴量 (リーク除外済み)
18:34:37 INFO     [src.ml.features] [SIMULATE] 特徴量生成 race_id=202406020111: 11 頭 × 46 特徴量 (リーク除外済み)
18:34:37 INFO     [src.ml.features] [SIMULATE] 特徴量生成 race_id=202406020112: 16 頭 × 46 特徴量 (リーク除外済み)
18:34:37 INFO     [src.ml.features] [SIMULATE] 特徴量生成 race_id=202409010101: 16 頭 × 46 特徴量 (リーク除外済み)
18:34:37 INFO     [src.ml.features] [SIMULATE] 特徴量生成 race_id=202409010102: 11 頭 × 46 特徴量 (リーク除外済み)
18:34:37 INFO     [src.ml.features] [SIMULATE] 特徴量生成 race_id=202409010103: 15 頭 × 46 特徴量 (リーク除外済み)
18:34:37 INFO     [src.ml.features] [SIMULATE] 特徴量生成 race_id=202409010104: 12 頭 × 46 特徴量 (リーク除外済み)
18:34:37 INFO     [src.ml.features] [SIMULATE] 特徴量生成 race_id=202409010105: 13 頭 × 46 特徴量 (リーク除外済み)
18:34:38 INFO     [src.ml.features] [SIMULATE] 特徴量生成 race_id=202409010106: 11 頭 × 46 特徴量 (リーク除外済み)
18:34:38 INFO     [src.ml.features] [SIMULATE] 特徴量生成 race_id=202409010107: 17 頭 × 46 特徴量 (リーク除外済み)
18:34:38 INFO     [src.ml.features] [SIMULATE] 特徴量生成 race_id=202409010108: 16 頭 × 46 特徴量 (リーク除外済み)
18:34:38 INFO     [src.ml.features] [SIMULATE] 特徴量生成 race_id=202409010109: 10 頭 × 46 特徴量 (リーク除外済み)
18:34:38 INFO     [src.ml.features] [SIMULATE] 特徴量生成 race_id=202409010110: 13 頭 × 46 特徴量 (リーク除外済み)
18:34:38 INFO     [src.ml.features] [SIMULATE] 特徴量生成 race_id=202409010111: 16 頭 × 46 特徴量 (リーク除外済み)
18:34:38 INFO     [src.ml.features] [SIMULATE] 特徴量生成 race_id=202409010112: 10 頭 × 46 特徴量 (リーク除外済み)
18:34:38 INFO     [src.ml.features] [SIMULATE] 特徴量生成 race_id=202410020501: 16 頭 × 46 特徴量 (リーク除外済み)
18:34:38 INFO     [src.ml.features] [SIMULATE] 特徴量生成 race_id=202410020502: 18 頭 × 46 特徴量 (リーク除外済み)
18:34:38 INFO     [src.ml.features] [SIMULATE] 特徴量生成 race_id=202410020503: 14 頭 × 46 特徴量 (リーク除外済み)
18:34:38 INFO     [src.ml.features] [SIMULATE] 特徴量生成 race_id=202410020504: 10 頭 × 46 特徴量 (リーク除外済み)
18:34:38 INFO     [src.ml.features] [SIMULATE] 特徴量生成 race_id=202410020505: 18 頭 × 46 特徴量 (リーク除外済み)
18:34:38 INFO     [src.ml.features] [SIMULATE] 特徴量生成 race_id=202410020506: 13 頭 × 46 特徴量 (リーク除外済み)
18:34:38 INFO     [src.ml.features] [SIMULATE] 特徴量生成 race_id=202410020507: 14 頭 × 46 特徴量 (リーク除外済み)
18:34:38 INFO     [src.ml.features] [SIMULATE] 特徴量生成 race_id=202410020508: 10 頭 × 46 特徴量 (リーク除外済み)
18:34:38 INFO     [src.ml.features] [SIMULATE] 特徴量生成 race_id=202410020509: 14 頭 × 46 特徴量 (リーク除外済み)
18:34:38 INFO     [src.ml.features] [SIMULATE] 特徴量生成 race_id=202410020510: 16 頭 × 46 特徴量 (リーク除外済み)
18:34:38 INFO     [src.ml.features] [SIMULATE] 特徴量生成 race_id=202410020511: 15 頭 × 46 特徴量 (リーク除外済み)
18:34:38 INFO     [src.ml.features] [SIMULATE] 特徴量生成 race_id=202410020512: 18 頭 × 46 特徴量 (リーク除外済み)
18:34:38 INFO     [src.ml.features] [SIMULATE] 特徴量生成 race_id=202406020201: 16 頭 × 46 特徴量 (リーク除外済み)
18:34:38 INFO     [src.ml.features] [SIMULATE] 特徴量生成 race_id=202406020202: 16 頭 × 46 特徴量 (リーク除外済み)
18:34:38 INFO     [src.ml.features] [SIMULATE] 特徴量生成 race_id=202406020203: 16 頭 × 46 特徴量 (リーク除外済み)
18:34:38 INFO     [src.ml.features] [SIMULATE] 特徴量生成 race_id=202406020204: 12 頭 × 46 特徴量 (リーク除外済み)
18:34:38 INFO     [src.ml.features] [SIMULATE] 特徴量生成 race_id=202406020205: 16 頭 × 46 特徴量 (リーク除外済み)
18:34:38 INFO     [src.ml.features] [SIMULATE] 特徴量生成 race_id=202406020206: 16 頭 × 46 特徴量 (リーク除外済み)
18:34:38 INFO     [src.ml.features] [SIMULATE] 特徴量生成 race_id=202406020207: 10 頭 × 46 特徴量 (リーク除外済み)
18:34:38 INFO     [src.ml.features] [SIMULATE] 特徴量生成 race_id=202406020208: 16 頭 × 46 特徴量 (リーク除外済み)
18:34:38 INFO     [src.ml.features] [SIMULATE] 特徴量生成 race_id=202406020209: 13 頭 × 46 特徴量 (リーク除外済み)
18:34:38 INFO     [src.ml.features] [SIMULATE] 特徴量生成 race_id=202406020210: 16 頭 × 46 特徴量 (リーク除外済み)
18:34:38 INFO     [src.ml.features] [SIMULATE] 特徴量生成 race_id=202406020211: 16 頭 × 46 特徴量 (リーク除外済み)
18:34:38 INFO     [src.ml.features] [SIMULATE] 特徴量生成 race_id=202406020212: 12 頭 × 46 特徴量 (リーク除外済み)
18:34:38 INFO     [src.ml.features] [SIMULATE] 特徴量生成 race_id=202409010201: 13 頭 × 46 特徴量 (リーク除外済み)
18:34:38 INFO     [src.ml.features] [SIMULATE] 特徴量生成 race_id=202409010202: 14 頭 × 46 特徴量 (リーク除外済み)
18:34:38 INFO     [src.ml.features] [SIMULATE] 特徴量生成 race_id=202409010203: 11 頭 × 46 特徴量 (リーク除外済み)
18:34:38 INFO     [src.ml.features] [SIMULATE] 特徴量生成 race_id=202409010204: 18 頭 × 46 特徴量 (リーク除外済み)
18:34:38 INFO     [src.ml.features] [SIMULATE] 特徴量生成 race_id=202409010205: 10 頭 × 46 特徴量 (リーク除外済み)
18:34:38 INFO     [src.ml.features] [SIMULATE] 特徴量生成 race_id=202409010206: 10 頭 × 46 特徴量 (リーク除外済み)
18:34:38 INFO     [src.ml.features] [SIMULATE] 特徴量生成 race_id=202409010207: 7 頭 × 46 特徴量 (リーク除外済み)
18:34:38 INFO     [src.ml.features] [SIMULATE] 特徴量生成 race_id=202409010208: 10 頭 × 46 特徴量 (リーク除外済み)
18:34:38 INFO     [src.ml.features] [SIMULATE] 特徴量生成 race_id=202409010209: 12 頭 × 46 特徴量 (リーク除外済み)
18:34:38 INFO     [src.ml.features] [SIMULATE] 特徴量生成 race_id=202409010210: 11 頭 × 46 特徴量 (リーク除外済み)
18:34:38 INFO     [src.ml.features] [SIMULATE] 特徴量生成 race_id=202409010211: 18 頭 × 46 特徴量 (リーク除外済み)
18:34:38 INFO     [src.ml.features] [SIMULATE] 特徴量生成 race_id=202409010212: 15 頭 × 46 特徴量 (リーク除外済み)
18:34:38 INFO     [src.ml.features] [SIMULATE] 特徴量生成 race_id=202410020601: 16 頭 × 46 特徴量 (リーク除外済み)
18:34:38 INFO     [src.ml.features] [SIMULATE] 特徴量生成 race_id=202410020602: 16 頭 × 46 特徴量 (リーク除外済み)
18:34:38 INFO     [src.ml.features] [SIMULATE] 特徴量生成 race_id=202410020603: 14 頭 × 46 特徴量 (リーク除外済み)
18:34:38 INFO     [src.ml.features] [SIMULATE] 特徴量生成 race_id=202410020604: 10 頭 × 46 特徴量 (リーク除外済み)
18:34:38 INFO     [src.ml.features] [SIMULATE] 特徴量生成 race_id=202410020605: 16 頭 × 46 特徴量 (リーク除外済み)
18:34:38 INFO     [src.ml.features] [SIMULATE] 特徴量生成 race_id=202410020606: 18 頭 × 46 特徴量 (リーク除外済み)
18:34:38 INFO     [src.ml.features] [SIMULATE] 特徴量生成 race_id=202410020607: 13 頭 × 46 特徴量 (リーク除外済み)
18:34:38 INFO     [src.ml.features] [SIMULATE] 特徴量生成 race_id=202410020608: 11 頭 × 46 特徴量 (リーク除外済み)
18:34:38 INFO     [src.ml.features] [SIMULATE] 特徴量生成 race_id=202410020609: 12 頭 × 46 特徴量 (リーク除外済み)
18:34:38 INFO     [src.ml.features] [SIMULATE] 特徴量生成 race_id=202410020610: 9 頭 × 46 特徴量 (リーク除外済み)
18:34:38 INFO     [src.ml.features] [SIMULATE] 特徴量生成 race_id=202410020611: 17 頭 × 46 特徴量 (リーク除外済み)
18:34:38 INFO     [src.ml.features] [SIMULATE] 特徴量生成 race_id=202410020612: 10 頭 × 46 特徴量 (リーク除外済み)
18:34:38 INFO     [src.ml.features] [SIMULATE] 特徴量生成 race_id=202406020301: 16 頭 × 46 特徴量 (リーク除外済み)
18:34:38 INFO     [src.ml.features] [SIMULATE] 特徴量生成 race_id=202406020302: 16 頭 × 46 特徴量 (リーク除外済み)
18:34:38 INFO     [src.ml.features] [SIMULATE] 特徴量生成 race_id=202406020303: 16 頭 × 46 特徴量 (リーク除外済み)
18:34:38 INFO     [src.ml.features] [SIMULATE] 特徴量生成 race_id=202406020304: 16 頭 × 46 特徴量 (リーク除外済み)
18:34:38 INFO     [src.ml.features] [SIMULATE] 特徴量生成 race_id=202406020305: 18 頭 × 46 特徴量 (リーク除外済み)
18:34:38 INFO     [src.ml.features] [SIMULATE] 特徴量生成 race_id=202406020306: 12 頭 × 46 特徴量 (リーク除外済み)
18:34:38 INFO     [src.ml.features] [SIMULATE] 特徴量生成 race_id=202406020307: 16 頭 × 46 特徴量 (リーク除外済み)
18:34:38 INFO     [src.ml.features] [SIMULATE] 特徴量生成 race_id=202406020308: 16 頭 × 46 特徴量 (リーク除外済み)
18:34:38 INFO     [src.ml.features] [SIMULATE] 特徴量生成 race_id=202406020309: 11 頭 × 46 特徴量 (リーク除外済み)
18:34:38 INFO     [src.ml.features] [SIMULATE] 特徴量生成 race_id=202406020310: 14 頭 × 46 特徴量 (リーク除外済み)
18:34:38 INFO     [src.ml.features] [SIMULATE] 特徴量生成 race_id=202406020311: 16 頭 × 46 特徴量 (リーク除外済み)
18:34:38 INFO     [src.ml.features] [SIMULATE] 特徴量生成 race_id=202406020312: 13 頭 × 46 特徴量 (リーク除外済み)
18:34:38 INFO     [src.ml.features] [SIMULATE] 特徴量生成 race_id=202409010301: 12 頭 × 46 特徴量 (リーク除外済み)
18:34:38 INFO     [src.ml.features] [SIMULATE] 特徴量生成 race_id=202409010302: 15 頭 × 46 特徴量 (リーク除外済み)
18:34:38 INFO     [src.ml.features] [SIMULATE] 特徴量生成 race_id=202409010303: 14 頭 × 46 特徴量 (リーク除外済み)
18:34:38 INFO     [src.ml.features] [SIMULATE] 特徴量生成 race_id=202409010304: 18 頭 × 46 特徴量 (リーク除外済み)
18:34:38 INFO     [src.ml.features] [SIMULATE] 特徴量生成 race_id=202409010305: 12 頭 × 46 特徴量 (リーク除外済み)
18:34:38 INFO     [src.ml.features] [SIMULATE] 特徴量生成 race_id=202409010306: 6 頭 × 46 特徴量 (リーク除外済み)
18:34:38 INFO     [src.ml.features] [SIMULATE] 特徴量生成 race_id=202409010307: 8 頭 × 46 特徴量 (リーク除外済み)
18:34:38 INFO     [src.ml.features] [SIMULATE] 特徴量生成 race_id=202409010308: 14 頭 × 46 特徴量 (リーク除外済み)
18:34:39 INFO     [src.ml.features] [SIMULATE] 特徴量生成 race_id=202409010309: 8 頭 × 46 特徴量 (リーク除外済み)
18:34:39 INFO     [src.ml.features] [SIMULATE] 特徴量生成 race_id=202409010310: 16 頭 × 46 特徴量 (リーク除外済み)
18:34:39 INFO     [src.ml.features] [SIMULATE] 特徴量生成 race_id=202409010311: 16 頭 × 46 特徴量 (リーク除外済み)
18:34:39 INFO     [src.ml.features] [SIMULATE] 特徴量生成 race_id=202409010312: 13 頭 × 46 特徴量 (リーク除外済み)
18:34:39 INFO     [src.ml.features] [SIMULATE] 特徴量生成 race_id=202410020701: 16 頭 × 46 特徴量 (リーク除外済み)
18:34:39 INFO     [src.ml.features] [SIMULATE] 特徴量生成 race_id=202410020702: 18 頭 × 46 特徴量 (リーク除外済み)
18:34:39 INFO     [src.ml.features] [SIMULATE] 特徴量生成 race_id=202410020703: 14 頭 × 46 特徴量 (リーク除外済み)
18:34:39 INFO     [src.ml.features] [SIMULATE] 特徴量生成 race_id=202410020704: 12 頭 × 46 特徴量 (リーク除外済み)
18:34:39 INFO     [src.ml.features] [SIMULATE] 特徴量生成 race_id=202410020705: 11 頭 × 46 特徴量 (リーク除外済み)
18:34:39 INFO     [src.ml.features] [SIMULATE] 特徴量生成 race_id=202410020706: 15 頭 × 46 特徴量 (リーク除外済み)
18:34:39 INFO     [src.ml.features] [SIMULATE] 特徴量生成 race_id=202410020707: 16 頭 × 46 特徴量 (リーク除外済み)
18:34:39 INFO     [src.ml.features] [SIMULATE] 特徴量生成 race_id=202410020708: 13 頭 × 46 特徴量 (リーク除外済み)
18:34:39 INFO     [src.ml.features] [SIMULATE] 特徴量生成 race_id=202410020709: 13 頭 × 46 特徴量 (リーク除外済み)
18:34:39 INFO     [src.ml.features] [SIMULATE] 特徴量生成 race_id=202410020710: 13 頭 × 46 特徴量 (リーク除外済み)
18:34:39 INFO     [src.ml.features] [SIMULATE] 特徴量生成 race_id=202410020711: 16 頭 × 46 特徴量 (リーク除外済み)
18:34:39 INFO     [src.ml.features] [SIMULATE] 特徴量生成 race_id=202410020712: 18 頭 × 46 特徴量 (リーク除外済み)
18:34:39 INFO     [src.ml.features] [SIMULATE] 特徴量生成 race_id=202406020401: 16 頭 × 46 特徴量 (リーク除外済み)
18:34:39 INFO     [src.ml.features] [SIMULATE] 特徴量生成 race_id=202406020402: 16 頭 × 46 特徴量 (リーク除外済み)
18:34:39 INFO     [src.ml.features] [SIMULATE] 特徴量生成 race_id=202406020403: 16 頭 × 46 特徴量 (リーク除外済み)
18:34:39 INFO     [src.ml.features] [SIMULATE] 特徴量生成 race_id=202406020404: 16 頭 × 46 特徴量 (リーク除外済み)
18:34:39 INFO     [src.ml.features] [SIMULATE] 特徴量生成 race_id=202406020405: 16 頭 × 46 特徴量 (リーク除外済み)
18:34:39 INFO     [src.ml.features] [SIMULATE] 特徴量生成 race_id=202406020406: 18 頭 × 46 特徴量 (リーク除外済み)
18:34:39 INFO     [src.ml.features] [SIMULATE] 特徴量生成 race_id=202406020407: 11 頭 × 46 特徴量 (リーク除外済み)
18:34:39 INFO     [src.ml.features] [SIMULATE] 特徴量生成 race_id=202406020408: 11 頭 × 46 特徴量 (リーク除外済み)
18:34:39 INFO     [src.ml.features] [SIMULATE] 特徴量生成 race_id=202406020409: 14 頭 × 46 特徴量 (リーク除外済み)
18:34:39 INFO     [src.ml.features] [SIMULATE] 特徴量生成 race_id=202406020410: 15 頭 × 46 特徴量 (リーク除外済み)
18:34:39 INFO     [src.ml.features] [SIMULATE] 特徴量生成 race_id=202406020411: 11 頭 × 46 特徴量 (リーク除外済み)
18:34:39 INFO     [src.ml.features] [SIMULATE] 特徴量生成 race_id=202406020412: 16 頭 × 46 特徴量 (リーク除外済み)
18:34:39 INFO     [src.ml.features] [SIMULATE] 特徴量生成 race_id=202409010401: 16 頭 × 46 特徴量 (リーク除外済み)
18:34:39 INFO     [src.ml.features] [SIMULATE] 特徴量生成 race_id=202409010402: 15 頭 × 46 特徴量 (リーク除外済み)
18:34:39 INFO     [src.ml.features] [SIMULATE] 特徴量生成 race_id=202409010403: 16 頭 × 46 特徴量 (リーク除外済み)
18:34:39 INFO     [src.ml.features] [SIMULATE] 特徴量生成 race_id=202409010404: 15 頭 × 46 特徴量 (リーク除外済み)
18:34:39 INFO     [src.ml.features] [SIMULATE] 特徴量生成 race_id=202409010405: 11 頭 × 46 特徴量 (リーク除外済み)
18:34:39 INFO     [src.ml.features] [SIMULATE] 特徴量生成 race_id=202409010406: 8 頭 × 46 特徴量 (リーク除外済み)
18:34:39 INFO     [src.ml.features] [SIMULATE] 特徴量生成 race_id=202409010407: 6 頭 × 46 特徴量 (リーク除外済み)
18:34:39 INFO     [src.ml.features] [SIMULATE] 特徴量生成 race_id=202409010408: 7 頭 × 46 特徴量 (リーク除外済み)
18:34:39 INFO     [src.ml.features] [SIMULATE] 特徴量生成 race_id=202409010409: 12 頭 × 46 特徴量 (リーク除外済み)
18:34:39 INFO     [src.ml.features] [SIMULATE] 特徴量生成 race_id=202409010410: 14 頭 × 46 特徴量 (リーク除外済み)
18:34:39 INFO     [src.ml.features] [SIMULATE] 特徴量生成 race_id=202409010411: 15 頭 × 46 特徴量 (リーク除外済み)
18:34:39 INFO     [src.ml.features] [SIMULATE] 特徴量生成 race_id=202409010412: 15 頭 × 46 特徴量 (リーク除外済み)
18:34:39 INFO     [src.ml.features] [SIMULATE] 特徴量生成 race_id=202410020801: 18 頭 × 46 特徴量 (リーク除外済み)
18:34:39 INFO     [src.ml.features] [SIMULATE] 特徴量生成 race_id=202410020802: 14 頭 × 46 特徴量 (リーク除外済み)
18:34:39 INFO     [src.ml.features] [SIMULATE] 特徴量生成 race_id=202410020803: 14 頭 × 46 特徴量 (リーク除外済み)
18:34:39 INFO     [src.ml.features] [SIMULATE] 特徴量生成 race_id=202410020804: 12 頭 × 46 特徴量 (リーク除外済み)
18:34:39 INFO     [src.ml.features] [SIMULATE] 特徴量生成 race_id=202410020805: 12 頭 × 46 特徴量 (リーク除外済み)
18:34:39 INFO     [src.ml.features] [SIMULATE] 特徴量生成 race_id=202410020806: 14 頭 × 46 特徴量 (リーク除外済み)
18:34:39 INFO     [src.ml.features] [SIMULATE] 特徴量生成 race_id=202410020807: 16 頭 × 46 特徴量 (リーク除外済み)
18:34:39 INFO     [src.ml.features] [SIMULATE] 特徴量生成 race_id=202410020808: 11 頭 × 46 特徴量 (リーク除外済み)
18:34:39 INFO     [src.ml.features] [SIMULATE] 特徴量生成 race_id=202410020809: 11 頭 × 46 特徴量 (リーク除外済み)
18:34:39 INFO     [src.ml.features] [SIMULATE] 特徴量生成 race_id=202410020810: 18 頭 × 46 特徴量 (リーク除外済み)
18:34:39 INFO     [src.ml.features] [SIMULATE] 特徴量生成 race_id=202410020811: 14 頭 × 46 特徴量 (リーク除外済み)
18:34:39 INFO     [src.ml.features] [SIMULATE] 特徴量生成 race_id=202410020812: 15 頭 × 46 特徴量 (リーク除外済み)
18:34:39 INFO     [src.ml.features] [SIMULATE] 特徴量生成 race_id=202406020501: 14 頭 × 46 特徴量 (リーク除外済み)
18:34:39 INFO     [src.ml.features] [SIMULATE] 特徴量生成 race_id=202406020502: 16 頭 × 46 特徴量 (リーク除外済み)
18:34:39 INFO     [src.ml.features] [SIMULATE] 特徴量生成 race_id=202406020503: 13 頭 × 46 特徴量 (リーク除外済み)
18:34:39 INFO     [src.ml.features] [SIMULATE] 特徴量生成 race_id=202406020504: 16 頭 × 46 特徴量 (リーク除外済み)
18:34:39 INFO     [src.ml.features] [SIMULATE] 特徴量生成 race_id=202406020505: 16 頭 × 46 特徴量 (リーク除外済み)
18:34:39 INFO     [src.ml.features] [SIMULATE] 特徴量生成 race_id=202406020506: 12 頭 × 46 特徴量 (リーク除外済み)
18:34:39 INFO     [src.ml.features] [SIMULATE] 特徴量生成 race_id=202406020507: 11 頭 × 46 特徴量 (リーク除外済み)
18:34:39 INFO     [src.ml.features] [SIMULATE] 特徴量生成 race_id=202406020508: 16 頭 × 46 特徴量 (リーク除外済み)
18:34:39 INFO     [src.ml.features] [SIMULATE] 特徴量生成 race_id=202406020509: 16 頭 × 46 特徴量 (リーク除外済み)
18:34:39 INFO     [src.ml.features] [SIMULATE] 特徴量生成 race_id=202406020510: 16 頭 × 46 特徴量 (リーク除外済み)
18:34:39 INFO     [src.ml.features] [SIMULATE] 特徴量生成 race_id=202406020511: 16 頭 × 46 特徴量 (リーク除外済み)
18:34:39 INFO     [src.ml.features] [SIMULATE] 特徴量生成 race_id=202406020512: 13 頭 × 46 特徴量 (リーク除外済み)
18:34:39 INFO     [src.ml.features] [SIMULATE] 特徴量生成 race_id=202409010501: 16 頭 × 46 特徴量 (リーク除外済み)
18:34:39 INFO     [src.ml.features] [SIMULATE] 特徴量生成 race_id=202409010502: 12 頭 × 46 特徴量 (リーク除外済み)
18:34:39 INFO     [src.ml.features] [SIMULATE] 特徴量生成 race_id=202409010503: 16 頭 × 46 特徴量 (リーク除外済み)
18:34:39 INFO     [src.ml.features] [SIMULATE] 特徴量生成 race_id=202409010504: 13 頭 × 46 特徴量 (リーク除外済み)
18:34:39 INFO     [src.ml.features] [SIMULATE] 特徴量生成 race_id=202409010505: 15 頭 × 46 特徴量 (リーク除外済み)
18:34:39 INFO     [src.ml.features] [SIMULATE] 特徴量生成 race_id=202409010506: 10 頭 × 46 特徴量 (リーク除外済み)
18:34:39 INFO     [src.ml.features] [SIMULATE] 特徴量生成 race_id=202409010507: 12 頭 × 46 特徴量 (リーク除外済み)
18:34:39 INFO     [src.ml.features] [SIMULATE] 特徴量生成 race_id=202409010508: 10 頭 × 46 特徴量 (リーク除外済み)
18:34:39 INFO     [src.ml.features] [SIMULATE] 特徴量生成 race_id=202409010509: 7 頭 × 46 特徴量 (リーク除外済み)
18:34:39 INFO     [src.ml.features] [SIMULATE] 特徴量生成 race_id=202409010510: 10 頭 × 46 特徴量 (リーク除外済み)
18:34:40 INFO     [src.ml.features] [SIMULATE] 特徴量生成 race_id=202409010511: 16 頭 × 46 特徴量 (リーク除外済み)
18:34:40 INFO     [src.ml.features] [SIMULATE] 特徴量生成 race_id=202409010512: 14 頭 × 46 特徴量 (リーク除外済み)
18:34:40 INFO     [src.ml.features] [SIMULATE] 特徴量生成 race_id=202407010101: 16 頭 × 46 特徴量 (リーク除外済み)
18:34:40 INFO     [src.ml.features] [SIMULATE] 特徴量生成 race_id=202407010102: 18 頭 × 46 特徴量 (リーク除外済み)
18:34:40 INFO     [src.ml.features] [SIMULATE] 特徴量生成 race_id=202407010103: 12 頭 × 46 特徴量 (リーク除外済み)
18:34:40 INFO     [src.ml.features] [SIMULATE] 特徴量生成 race_id=202407010104: 11 頭 × 46 特徴量 (リーク除外済み)
18:34:40 INFO     [src.ml.features] [SIMULATE] 特徴量生成 race_id=202407010105: 15 頭 × 46 特徴量 (リーク除外済み)
18:34:40 INFO     [src.ml.features] [SIMULATE] 特徴量生成 race_id=202407010106: 14 頭 × 46 特徴量 (リーク除外済み)
18:34:40 INFO     [src.ml.features] [SIMULATE] 特徴量生成 race_id=202407010107: 9 頭 × 46 特徴量 (リーク除外済み)
18:34:40 INFO     [src.ml.features] [SIMULATE] 特徴量生成 race_id=202407010108: 8 頭 × 46 特徴量 (リーク除外済み)
18:34:40 INFO     [src.ml.features] [SIMULATE] 特徴量生成 race_id=202407010109: 16 頭 × 46 特徴量 (リーク除外済み)
18:34:40 INFO     [src.ml.features] [SIMULATE] 特徴量生成 race_id=202407010110: 10 頭 × 46 特徴量 (リーク除外済み)
18:34:40 INFO     [src.ml.features] [SIMULATE] 特徴量生成 race_id=202407010111: 12 頭 × 46 特徴量 (リーク除外済み)
18:34:40 INFO     [src.ml.features] [SIMULATE] 特徴量生成 race_id=202407010112: 18 頭 × 46 特徴量 (リーク除外済み)
18:34:40 INFO     [src.ml.features] [SIMULATE] 特徴量生成 race_id=202406020601: 16 頭 × 46 特徴量 (リーク除外済み)
18:34:40 INFO     [src.ml.features] [SIMULATE] 特徴量生成 race_id=202406020602: 16 頭 × 46 特徴量 (リーク除外済み)
18:34:40 INFO     [src.ml.features] [SIMULATE] 特徴量生成 race_id=202406020603: 16 頭 × 46 特徴量 (リーク除外済み)
18:34:40 INFO     [src.ml.features] [SIMULATE] 特徴量生成 race_id=202406020604: 9 頭 × 46 特徴量 (リーク除外済み)
18:34:40 INFO     [src.ml.features] [SIMULATE] 特徴量生成 race_id=202406020605: 18 頭 × 46 特徴量 (リーク除外済み)
18:34:40 INFO     [src.ml.features] [SIMULATE] 特徴量生成 race_id=202406020606: 16 頭 × 46 特徴量 (リーク除外済み)
18:34:40 INFO     [src.ml.features] [SIMULATE] 特徴量生成 race_id=202406020607: 11 頭 × 46 特徴量 (リーク除外済み)
18:34:40 INFO     [src.ml.features] [SIMULATE] 特徴量生成 race_id=202406020608: 15 頭 × 46 特徴量 (リーク除外済み)
18:34:40 INFO     [src.ml.features] [SIMULATE] 特徴量生成 race_id=202406020609: 16 頭 × 46 特徴量 (リーク除外済み)
18:34:40 INFO     [src.ml.features] [SIMULATE] 特徴量生成 race_id=202406020610: 14 頭 × 46 特徴量 (リーク除外済み)
18:34:40 INFO     [src.ml.features] [SIMULATE] 特徴量生成 race_id=202406020611: 12 頭 × 46 特徴量 (リーク除外済み)
18:34:40 INFO     [src.ml.features] [SIMULATE] 特徴量生成 race_id=202406020612: 16 頭 × 46 特徴量 (リーク除外済み)
18:34:40 INFO     [src.ml.features] [SIMULATE] 特徴量生成 race_id=202409010601: 11 頭 × 46 特徴量 (リーク除外済み)
18:34:40 INFO     [src.ml.features] [SIMULATE] 特徴量生成 race_id=202409010602: 16 頭 × 46 特徴量 (リーク除外済み)
18:34:40 INFO     [src.ml.features] [SIMULATE] 特徴量生成 race_id=202409010603: 13 頭 × 46 特徴量 (リーク除外済み)
18:34:40 INFO     [src.ml.features] [SIMULATE] 特徴量生成 race_id=202409010604: 10 頭 × 46 特徴量 (リーク除外済み)
18:34:40 INFO     [src.ml.features] [SIMULATE] 特徴量生成 race_id=202409010605: 11 頭 × 46 特徴量 (リーク除外済み)
18:34:40 INFO     [src.ml.features] [SIMULATE] 特徴量生成 race_id=202409010606: 14 頭 × 46 特徴量 (リーク除外済み)
18:34:40 INFO     [src.ml.features] [SIMULATE] 特徴量生成 race_id=202409010607: 10 頭 × 46 特徴量 (リーク除外済み)
18:34:40 INFO     [src.ml.features] [SIMULATE] 特徴量生成 race_id=202409010608: 16 頭 × 46 特徴量 (リーク除外済み)
18:34:40 INFO     [src.ml.features] [SIMULATE] 特徴量生成 race_id=202409010609: 10 頭 × 46 特徴量 (リーク除外済み)
18:34:40 INFO     [src.ml.features] [SIMULATE] 特徴量生成 race_id=202409010610: 16 頭 × 46 特徴量 (リーク除外済み)
18:34:40 INFO     [src.ml.features] [SIMULATE] 特徴量生成 race_id=202409010611: 15 頭 × 46 特徴量 (リーク除外済み)
18:34:40 INFO     [src.ml.features] [SIMULATE] 特徴量生成 race_id=202409010612: 13 頭 × 46 特徴量 (リーク除外済み)
18:34:40 INFO     [src.ml.features] [SIMULATE] 特徴量生成 race_id=202407010201: 13 頭 × 46 特徴量 (リーク除外済み)
18:34:40 INFO     [src.ml.features] [SIMULATE] 特徴量生成 race_id=202407010202: 16 頭 × 46 特徴量 (リーク除外済み)
18:34:40 INFO     [src.ml.features] [SIMULATE] 特徴量生成 race_id=202407010203: 18 頭 × 46 特徴量 (リーク除外済み)
18:34:40 INFO     [src.ml.features] [SIMULATE] 特徴量生成 race_id=202407010204: 11 頭 × 46 特徴量 (リーク除外済み)
18:34:40 INFO     [src.ml.features] [SIMULATE] 特徴量生成 race_id=202407010205: 11 頭 × 46 特徴量 (リーク除外済み)
18:34:40 INFO     [src.ml.features] [SIMULATE] 特徴量生成 race_id=202407010206: 10 頭 × 46 特徴量 (リーク除外済み)
18:34:40 INFO     [src.ml.features] [SIMULATE] 特徴量生成 race_id=202407010207: 10 頭 × 46 特徴量 (リーク除外済み)
18:34:40 INFO     [src.ml.features] [SIMULATE] 特徴量生成 race_id=202407010208: 8 頭 × 46 特徴量 (リーク除外済み)
18:34:40 INFO     [src.ml.features] [SIMULATE] 特徴量生成 race_id=202407010209: 11 頭 × 46 特徴量 (リーク除外済み)
18:34:40 INFO     [src.ml.features] [SIMULATE] 特徴量生成 race_id=202407010210: 9 頭 × 46 特徴量 (リーク除外済み)
18:34:40 INFO     [src.ml.features] [SIMULATE] 特徴量生成 race_id=202407010211: 13 頭 × 46 特徴量 (リーク除外済み)
18:34:40 INFO     [src.ml.features] [SIMULATE] 特徴量生成 race_id=202407010212: 16 頭 × 46 特徴量 (リーク除外済み)
18:34:40 INFO     [src.ml.features] [SIMULATE] 特徴量生成 race_id=202406020701: 16 頭 × 46 特徴量 (リーク除外済み)
18:34:40 INFO     [src.ml.features] [SIMULATE] 特徴量生成 race_id=202406020702: 16 頭 × 46 特徴量 (リーク除外済み)
18:34:40 INFO     [src.ml.features] [SIMULATE] 特徴量生成 race_id=202406020703: 16 頭 × 46 特徴量 (リーク除外済み)
18:34:40 INFO     [src.ml.features] [SIMULATE] 特徴量生成 race_id=202406020704: 16 頭 × 46 特徴量 (リーク除外済み)
18:34:40 INFO     [src.ml.features] [SIMULATE] 特徴量生成 race_id=202406020705: 17 頭 × 46 特徴量 (リーク除外済み)
18:34:40 INFO     [src.ml.features] [SIMULATE] 特徴量生成 race_id=202406020706: 9 頭 × 46 特徴量 (リーク除外済み)
18:34:40 INFO     [src.ml.features] [SIMULATE] 特徴量生成 race_id=202406020707: 15 頭 × 46 特徴量 (リーク除外済み)
18:34:40 INFO     [src.ml.features] [SIMULATE] 特徴量生成 race_id=202406020708: 12 頭 × 46 特徴量 (リーク除外済み)
18:34:40 INFO     [src.ml.features] [SIMULATE] 特徴量生成 race_id=202406020709: 11 頭 × 46 特徴量 (リーク除外済み)
18:34:40 INFO     [src.ml.features] [SIMULATE] 特徴量生成 race_id=202406020710: 14 頭 × 46 特徴量 (リーク除外済み)
18:34:40 INFO     [src.ml.features] [SIMULATE] 特徴量生成 race_id=202406020711: 12 頭 × 46 特徴量 (リーク除外済み)
18:34:40 INFO     [src.ml.features] [SIMULATE] 特徴量生成 race_id=202406020712: 16 頭 × 46 特徴量 (リーク除外済み)
18:34:40 INFO     [src.ml.features] [SIMULATE] 特徴量生成 race_id=202409010701: 16 頭 × 46 特徴量 (リーク除外済み)
18:34:40 INFO     [src.ml.features] [SIMULATE] 特徴量生成 race_id=202409010702: 14 頭 × 46 特徴量 (リーク除外済み)
18:34:41 INFO     [src.ml.features] [SIMULATE] 特徴量生成 race_id=202409010703: 16 頭 × 46 特徴量 (リーク除外済み)
18:34:41 INFO     [src.ml.features] [SIMULATE] 特徴量生成 race_id=202409010704: 11 頭 × 46 特徴量 (リーク除外済み)
18:34:41 INFO     [src.ml.features] [SIMULATE] 特徴量生成 race_id=202409010705: 10 頭 × 46 特徴量 (リーク除外済み)
18:34:41 INFO     [src.ml.features] [SIMULATE] 特徴量生成 race_id=202409010706: 10 頭 × 46 特徴量 (リーク除外済み)
18:34:41 INFO     [src.ml.features] [SIMULATE] 特徴量生成 race_id=202409010707: 9 頭 × 46 特徴量 (リーク除外済み)
18:34:41 INFO     [src.ml.features] [SIMULATE] 特徴量生成 race_id=202409010708: 15 頭 × 46 特徴量 (リーク除外済み)
18:34:41 INFO     [src.ml.features] [SIMULATE] 特徴量生成 race_id=202409010709: 9 頭 × 46 特徴量 (リーク除外済み)
18:34:41 INFO     [src.ml.features] [SIMULATE] 特徴量生成 race_id=202409010710: 16 頭 × 46 特徴量 (リーク除外済み)
18:34:41 INFO     [src.ml.features] [SIMULATE] 特徴量生成 race_id=202409010711: 10 頭 × 46 特徴量 (リーク除外済み)
18:34:41 INFO     [src.ml.features] [SIMULATE] 特徴量生成 race_id=202409010712: 14 頭 × 46 特徴量 (リーク除外済み)
18:34:41 INFO     [src.ml.features] [SIMULATE] 特徴量生成 race_id=202407010301: 16 頭 × 46 特徴量 (リーク除外済み)
18:34:41 INFO     [src.ml.features] [SIMULATE] 特徴量生成 race_id=202407010302: 13 頭 × 46 特徴量 (リーク除外済み)
18:34:41 INFO     [src.ml.features] [SIMULATE] 特徴量生成 race_id=202407010303: 18 頭 × 46 特徴量 (リーク除外済み)
18:34:41 INFO     [src.ml.features] [SIMULATE] 特徴量生成 race_id=202407010304: 12 頭 × 46 特徴量 (リーク除外済み)
18:34:41 INFO     [src.ml.features] [SIMULATE] 特徴量生成 race_id=202407010305: 15 頭 × 46 特徴量 (リーク除外済み)
18:34:41 INFO     [src.ml.features] [SIMULATE] 特徴量生成 race_id=202407010306: 8 頭 × 46 特徴量 (リーク除外済み)
18:34:41 INFO     [src.ml.features] [SIMULATE] 特徴量生成 race_id=202407010307: 6 頭 × 46 特徴量 (リーク除外済み)
18:34:41 INFO     [src.ml.features] [SIMULATE] 特徴量生成 race_id=202407010308: 13 頭 × 46 特徴量 (リーク除外済み)
18:34:41 INFO     [src.ml.features] [SIMULATE] 特徴量生成 race_id=202407010309: 16 頭 × 46 特徴量 (リーク除外済み)
18:34:41 INFO     [src.ml.features] [SIMULATE] 特徴量生成 race_id=202407010310: 16 頭 × 46 特徴量 (リーク除外済み)
18:34:41 INFO     [src.ml.features] [SIMULATE] 特徴量生成 race_id=202407010311: 17 頭 × 46 特徴量 (リーク除外済み)
18:34:41 INFO     [src.ml.features] [SIMULATE] 特徴量生成 race_id=202407010312: 16 頭 × 46 特徴量 (リーク除外済み)
18:34:41 INFO     [src.ml.features] [SIMULATE] 特徴量生成 race_id=202406020801: 16 頭 × 46 特徴量 (リーク除外済み)
18:34:41 INFO     [src.ml.features] [SIMULATE] 特徴量生成 race_id=202406020802: 16 頭 × 46 特徴量 (リーク除外済み)
18:34:41 INFO     [src.ml.features] [SIMULATE] 特徴量生成 race_id=202406020803: 16 頭 × 46 特徴量 (リーク除外済み)
18:34:41 INFO     [src.ml.features] [SIMULATE] 特徴量生成 race_id=202406020804: 16 頭 × 46 特徴量 (リーク除外済み)
18:34:41 INFO     [src.ml.features] [SIMULATE] 特徴量生成 race_id=202406020805: 16 頭 × 46 特徴量 (リーク除外済み)
18:34:41 INFO     [src.ml.features] [SIMULATE] 特徴量生成 race_id=202406020806: 13 頭 × 46 特徴量 (リーク除外済み)
18:34:41 INFO     [src.ml.features] [SIMULATE] 特徴量生成 race_id=202406020807: 16 頭 × 46 特徴量 (リーク除外済み)
18:34:41 INFO     [src.ml.features] [SIMULATE] 特徴量生成 race_id=202406020808: 8 頭 × 46 特徴量 (リーク除外済み)
18:34:41 INFO     [src.ml.features] [SIMULATE] 特徴量生成 race_id=202406020809: 16 頭 × 46 特徴量 (リーク除外済み)
18:34:41 INFO     [src.ml.features] [SIMULATE] 特徴量生成 race_id=202406020810: 16 頭 × 46 特徴量 (リーク除外済み)
18:34:41 INFO     [src.ml.features] [SIMULATE] 特徴量生成 race_id=202406020811: 10 頭 × 46 特徴量 (リーク除外済み)
18:34:41 INFO     [src.ml.features] [SIMULATE] 特徴量生成 race_id=202406020812: 16 頭 × 46 特徴量 (リーク除外済み)
18:34:41 INFO     [src.ml.features] [SIMULATE] 特徴量生成 race_id=202409010801: 10 頭 × 46 特徴量 (リーク除外済み)
18:34:41 INFO     [src.ml.features] [SIMULATE] 特徴量生成 race_id=202409010802: 16 頭 × 46 特徴量 (リーク除外済み)
18:34:41 INFO     [src.ml.features] [SIMULATE] 特徴量生成 race_id=202409010803: 11 頭 × 46 特徴量 (リーク除外済み)
18:34:41 INFO     [src.ml.features] [SIMULATE] 特徴量生成 race_id=202409010804: 8 頭 × 46 特徴量 (リーク除外済み)
18:34:41 INFO     [src.ml.features] [SIMULATE] 特徴量生成 race_id=202409010805: 13 頭 × 46 特徴量 (リーク除外済み)
18:34:41 INFO     [src.ml.features] [SIMULATE] 特徴量生成 race_id=202409010806: 15 頭 × 46 特徴量 (リーク除外済み)
18:34:41 INFO     [src.ml.features] [SIMULATE] 特徴量生成 race_id=202409010807: 8 頭 × 46 特徴量 (リーク除外済み)
18:34:41 INFO     [src.ml.features] [SIMULATE] 特徴量生成 race_id=202409010808: 7 頭 × 46 特徴量 (リーク除外済み)
18:34:41 INFO     [src.ml.features] [SIMULATE] 特徴量生成 race_id=202409010809: 11 頭 × 46 特徴量 (リーク除外済み)
18:34:41 INFO     [src.ml.features] [SIMULATE] 特徴量生成 race_id=202409010810: 11 頭 × 46 特徴量 (リーク除外済み)
18:34:41 INFO     [src.ml.features] [SIMULATE] 特徴量生成 race_id=202409010811: 15 頭 × 46 特徴量 (リーク除外済み)
18:34:41 INFO     [src.ml.features] [SIMULATE] 特徴量生成 race_id=202409010812: 14 頭 × 46 特徴量 (リーク除外済み)
18:34:41 INFO     [src.ml.features] [SIMULATE] 特徴量生成 race_id=202407010401: 15 頭 × 46 特徴量 (リーク除外済み)
18:34:41 INFO     [src.ml.features] [SIMULATE] 特徴量生成 race_id=202407010402: 16 頭 × 46 特徴量 (リーク除外済み)
18:34:41 INFO     [src.ml.features] [SIMULATE] 特徴量生成 race_id=202407010403: 18 頭 × 46 特徴量 (リーク除外済み)
18:34:41 INFO     [src.ml.features] [SIMULATE] 特徴量生成 race_id=202407010404: 16 頭 × 46 特徴量 (リーク除外済み)
18:34:41 INFO     [src.ml.features] [SIMULATE] 特徴量生成 race_id=202407010405: 16 頭 × 46 特徴量 (リーク除外済み)
18:34:41 INFO     [src.ml.features] [SIMULATE] 特徴量生成 race_id=202407010406: 11 頭 × 46 特徴量 (リーク除外済み)
18:34:41 INFO     [src.ml.features] [SIMULATE] 特徴量生成 race_id=202407010407: 16 頭 × 46 特徴量 (リーク除外済み)
18:34:41 INFO     [src.ml.features] [SIMULATE] 特徴量生成 race_id=202407010408: 10 頭 × 46 特徴量 (リーク除外済み)
18:34:41 INFO     [src.ml.features] [SIMULATE] 特徴量生成 race_id=202407010409: 10 頭 × 46 特徴量 (リーク除外済み)
18:34:41 INFO     [src.ml.features] [SIMULATE] 特徴量生成 race_id=202407010410: 12 頭 × 46 特徴量 (リーク除外済み)
18:34:41 INFO     [src.ml.features] [SIMULATE] 特徴量生成 race_id=202407010411: 13 頭 × 46 特徴量 (リーク除外済み)
18:34:41 INFO     [src.ml.features] [SIMULATE] 特徴量生成 race_id=202407010412: 16 頭 × 46 特徴量 (リーク除外済み)
18:34:41 INFO     [src.ml.features] [SIMULATE] 特徴量生成 race_id=202406030101: 16 頭 × 46 特徴量 (リーク除外済み)
18:34:41 INFO     [src.ml.features] [SIMULATE] 特徴量生成 race_id=202406030102: 16 頭 × 46 特徴量 (リーク除外済み)
18:34:41 INFO     [src.ml.features] [SIMULATE] 特徴量生成 race_id=202406030103: 16 頭 × 46 特徴量 (リーク除外済み)
18:34:41 INFO     [src.ml.features] [SIMULATE] 特徴量生成 race_id=202406030104: 16 頭 × 46 特徴量 (リーク除外済み)
18:34:41 INFO     [src.ml.features] [SIMULATE] 特徴量生成 race_id=202406030105: 10 頭 × 46 特徴量 (リーク除外済み)
18:34:41 INFO     [src.ml.features] [SIMULATE] 特徴量生成 race_id=202406030106: 11 頭 × 46 特徴量 (リーク除外済み)
18:34:41 INFO     [src.ml.features] [SIMULATE] 特徴量生成 race_id=202406030107: 16 頭 × 46 特徴量 (リーク除外済み)
18:34:42 INFO     [src.ml.features] [SIMULATE] 特徴量生成 race_id=202406030108: 11 頭 × 46 特徴量 (リーク除外済み)
18:34:42 INFO     [src.ml.features] [SIMULATE] 特徴量生成 race_id=202406030109: 16 頭 × 46 特徴量 (リーク除外済み)
18:34:42 INFO     [src.ml.features] [SIMULATE] 特徴量生成 race_id=202406030110: 11 頭 × 46 特徴量 (リーク除外済み)
18:34:42 INFO     [src.ml.features] [SIMULATE] 特徴量生成 race_id=202406030111: 10 頭 × 46 特徴量 (リーク除外済み)
18:34:42 INFO     [src.ml.features] [SIMULATE] 特徴量生成 race_id=202406030112: 16 頭 × 46 特徴量 (リーク除外済み)
18:34:42 INFO     [src.ml.features] [SIMULATE] 特徴量生成 race_id=202409020101: 16 頭 × 46 特徴量 (リーク除外済み)
18:34:42 INFO     [src.ml.features] [SIMULATE] 特徴量生成 race_id=202409020102: 13 頭 × 46 特徴量 (リーク除外済み)
18:34:42 INFO     [src.ml.features] [SIMULATE] 特徴量生成 race_id=202409020103: 16 頭 × 46 特徴量 (リーク除外済み)
18:34:42 INFO     [src.ml.features] [SIMULATE] 特徴量生成 race_id=202409020104: 8 頭 × 46 特徴量 (リーク除外済み)
18:34:42 INFO     [src.ml.features] [SIMULATE] 特徴量生成 race_id=202409020105: 13 頭 × 46 特徴量 (リーク除外済み)
18:34:42 INFO     [src.ml.features] [SIMULATE] 特徴量生成 race_id=202409020106: 12 頭 × 46 特徴量 (リーク除外済み)
18:34:42 INFO     [src.ml.features] [SIMULATE] 特徴量生成 race_id=202409020107: 10 頭 × 46 特徴量 (リーク除外済み)
18:34:42 INFO     [src.ml.features] [SIMULATE] 特徴量生成 race_id=202409020108: 13 頭 × 46 特徴量 (リーク除外済み)
18:34:42 INFO     [src.ml.features] [SIMULATE] 特徴量生成 race_id=202409020109: 8 頭 × 46 特徴量 (リーク除外済み)
18:34:42 INFO     [src.ml.features] [SIMULATE] 特徴量生成 race_id=202409020110: 8 頭 × 46 特徴量 (リーク除外済み)
18:34:42 INFO     [src.ml.features] [SIMULATE] 特徴量生成 race_id=202409020111: 10 頭 × 46 特徴量 (リーク除外済み)
18:34:42 INFO     [src.ml.features] [SIMULATE] 特徴量生成 race_id=202409020112: 12 頭 × 46 特徴量 (リーク除外済み)
18:34:42 INFO     [src.ml.features] [SIMULATE] 特徴量生成 race_id=202407010501: 16 頭 × 46 特徴量 (リーク除外済み)
18:34:42 INFO     [src.ml.features] [SIMULATE] 特徴量生成 race_id=202407010502: 18 頭 × 46 特徴量 (リーク除外済み)
18:34:42 INFO     [src.ml.features] [SIMULATE] 特徴量生成 race_id=202407010503: 16 頭 × 46 特徴量 (リーク除外済み)
18:34:42 INFO     [src.ml.features] [SIMULATE] 特徴量生成 race_id=202407010504: 16 頭 × 46 特徴量 (リーク除外済み)
18:34:42 INFO     [src.ml.features] [SIMULATE] 特徴量生成 race_id=202407010505: 14 頭 × 46 特徴量 (リーク除外済み)
18:34:42 INFO     [src.ml.features] [SIMULATE] 特徴量生成 race_id=202407010506: 16 頭 × 46 特徴量 (リーク除外済み)
18:34:42 INFO     [src.ml.features] [SIMULATE] 特徴量生成 race_id=202407010507: 14 頭 × 46 特徴量 (リーク除外済み)
18:34:42 INFO     [src.ml.features] [SIMULATE] 特徴量生成 race_id=202407010508: 16 頭 × 46 特徴量 (リーク除外済み)
18:34:42 INFO     [src.ml.features] [SIMULATE] 特徴量生成 race_id=202407010509: 8 頭 × 46 特徴量 (リーク除外済み)
18:34:42 INFO     [src.ml.features] [SIMULATE] 特徴量生成 race_id=202407010510: 10 頭 × 46 特徴量 (リーク除外済み)
18:34:42 INFO     [src.ml.features] [SIMULATE] 特徴量生成 race_id=202407010511: 16 頭 × 46 特徴量 (リーク除外済み)
18:34:42 INFO     [src.ml.features] [SIMULATE] 特徴量生成 race_id=202407010512: 16 頭 × 46 特徴量 (リーク除外済み)
18:34:42 INFO     [src.ml.features] [SIMULATE] 特徴量生成 race_id=202406030201: 16 頭 × 46 特徴量 (リーク除外済み)
18:34:42 INFO     [src.ml.features] [SIMULATE] 特徴量生成 race_id=202406030202: 16 頭 × 46 特徴量 (リーク除外済み)
18:34:42 INFO     [src.ml.features] [SIMULATE] 特徴量生成 race_id=202406030203: 16 頭 × 46 特徴量 (リーク除外済み)
18:34:42 INFO     [src.ml.features] [SIMULATE] 特徴量生成 race_id=202406030204: 12 頭 × 46 特徴量 (リーク除外済み)
18:34:42 INFO     [src.ml.features] [SIMULATE] 特徴量生成 race_id=202406030205: 16 頭 × 46 特徴量 (リーク除外済み)
18:34:42 INFO     [src.ml.features] [SIMULATE] 特徴量生成 race_id=202406030206: 15 頭 × 46 特徴量 (リーク除外済み)
18:34:42 INFO     [src.ml.features] [SIMULATE] 特徴量生成 race_id=202406030207: 15 頭 × 46 特徴量 (リーク除外済み)
18:34:42 INFO     [src.ml.features] [SIMULATE] 特徴量生成 race_id=202406030208: 7 頭 × 46 特徴量 (リーク除外済み)
18:34:42 INFO     [src.ml.features] [SIMULATE] 特徴量生成 race_id=202406030209: 15 頭 × 46 特徴量 (リーク除外済み)
18:34:42 INFO     [src.ml.features] [SIMULATE] 特徴量生成 race_id=202406030210: 13 頭 × 46 特徴量 (リーク除外済み)
18:34:42 INFO     [src.ml.features] [SIMULATE] 特徴量生成 race_id=202406030211: 14 頭 × 46 特徴量 (リーク除外済み)
18:34:42 INFO     [src.ml.features] [SIMULATE] 特徴量生成 race_id=202406030212: 13 頭 × 46 特徴量 (リーク除外済み)
18:34:42 INFO     [src.ml.features] [SIMULATE] 特徴量生成 race_id=202409020201: 16 頭 × 46 特徴量 (リーク除外済み)
18:34:42 INFO     [src.ml.features] [SIMULATE] 特徴量生成 race_id=202409020202: 16 頭 × 46 特徴量 (リーク除外済み)
18:34:42 INFO     [src.ml.features] [SIMULATE] 特徴量生成 race_id=202409020203: 15 頭 × 46 特徴量 (リーク除外済み)
18:34:42 INFO     [src.ml.features] [SIMULATE] 特徴量生成 race_id=202409020204: 16 頭 × 46 特徴量 (リーク除外済み)
18:34:42 INFO     [src.ml.features] [SIMULATE] 特徴量生成 race_id=202409020205: 18 頭 × 46 特徴量 (リーク除外済み)
18:34:42 INFO     [src.ml.features] [SIMULATE] 特徴量生成 race_id=202409020206: 12 頭 × 46 特徴量 (リーク除外済み)
18:34:42 INFO     [src.ml.features] [SIMULATE] 特徴量生成 race_id=202409020207: 14 頭 × 46 特徴量 (リーク除外済み)
18:34:42 INFO     [src.ml.features] [SIMULATE] 特徴量生成 race_id=202409020208: 14 頭 × 46 特徴量 (リーク除外済み)
18:34:42 INFO     [src.ml.features] [SIMULATE] 特徴量生成 race_id=202409020209: 10 頭 × 46 特徴量 (リーク除外済み)
18:34:42 INFO     [src.ml.features] [SIMULATE] 特徴量生成 race_id=202409020210: 8 頭 × 46 特徴量 (リーク除外済み)
18:34:42 INFO     [src.ml.features] [SIMULATE] 特徴量生成 race_id=202409020211: 15 頭 × 46 特徴量 (リーク除外済み)
18:34:42 INFO     [src.ml.features] [SIMULATE] 特徴量生成 race_id=202409020212: 16 頭 × 46 特徴量 (リーク除外済み)
18:34:42 INFO     [src.ml.features] [SIMULATE] 特徴量生成 race_id=202407010601: 16 頭 × 46 特徴量 (リーク除外済み)
18:34:42 INFO     [src.ml.features] [SIMULATE] 特徴量生成 race_id=202407010602: 18 頭 × 46 特徴量 (リーク除外済み)
18:34:42 INFO     [src.ml.features] [SIMULATE] 特徴量生成 race_id=202407010603: 14 頭 × 46 特徴量 (リーク除外済み)
18:34:42 INFO     [src.ml.features] [SIMULATE] 特徴量生成 race_id=202407010604: 16 頭 × 46 特徴量 (リーク除外済み)
18:34:42 INFO     [src.ml.features] [SIMULATE] 特徴量生成 race_id=202407010605: 13 頭 × 46 特徴量 (リーク除外済み)
18:34:42 INFO     [src.ml.features] [SIMULATE] 特徴量生成 race_id=202407010606: 11 頭 × 46 特徴量 (リーク除外済み)
18:34:42 INFO     [src.ml.features] [SIMULATE] 特徴量生成 race_id=202407010607: 9 頭 × 46 特徴量 (リーク除外済み)
18:34:42 INFO     [src.ml.features] [SIMULATE] 特徴量生成 race_id=202407010608: 16 頭 × 46 特徴量 (リーク除外済み)
18:34:42 INFO     [src.ml.features] [SIMULATE] 特徴量生成 race_id=202407010609: 10 頭 × 46 特徴量 (リーク除外済み)
18:34:42 INFO     [src.ml.features] [SIMULATE] 特徴量生成 race_id=202407010610: 16 頭 × 46 特徴量 (リーク除外済み)
18:34:42 INFO     [src.ml.features] [SIMULATE] 特徴量生成 race_id=202407010611: 18 頭 × 46 特徴量 (リーク除外済み)
18:34:42 INFO     [src.ml.features] [SIMULATE] 特徴量生成 race_id=202407010612: 16 頭 × 46 特徴量 (リーク除外済み)
18:34:42 INFO     [src.ml.features] [SIMULATE] 特徴量生成 race_id=202406030301: 16 頭 × 46 特徴量 (リーク除外済み)
18:34:42 INFO     [src.ml.features] [SIMULATE] 特徴量生成 race_id=202406030302: 16 頭 × 46 特徴量 (リーク除外済み)
18:34:42 INFO     [src.ml.features] [SIMULATE] 特徴量生成 race_id=202406030303: 14 頭 × 46 特徴量 (リーク除外済み)
18:34:42 INFO     [src.ml.features] [SIMULATE] 特徴量生成 race_id=202406030304: 16 頭 × 46 特徴量 (リーク除外済み)
18:34:42 INFO     [src.ml.features] [SIMULATE] 特徴量生成 race_id=202406030305: 18 頭 × 46 特徴量 (リーク除外済み)
18:34:42 INFO     [src.ml.features] [SIMULATE] 特徴量生成 race_id=202406030306: 13 頭 × 46 特徴量 (リーク除外済み)
18:34:42 INFO     [src.ml.features] [SIMULATE] 特徴量生成 race_id=202406030307: 16 頭 × 46 特徴量 (リーク除外済み)
18:34:42 INFO     [src.ml.features] [SIMULATE] 特徴量生成 race_id=202406030308: 13 頭 × 46 特徴量 (リーク除外済み)
18:34:42 INFO     [src.ml.features] [SIMULATE] 特徴量生成 race_id=202406030309: 14 頭 × 46 特徴量 (リーク除外済み)
18:34:42 INFO     [src.ml.features] [SIMULATE] 特徴量生成 race_id=202406030310: 15 頭 × 46 特徴量 (リーク除外済み)
18:34:42 INFO     [src.ml.features] [SIMULATE] 特徴量生成 race_id=202406030311: 16 頭 × 46 特徴量 (リーク除外済み)
18:34:42 INFO     [src.ml.features] [SIMULATE] 特徴量生成 race_id=202406030312: 16 頭 × 46 特徴量 (リーク除外済み)
18:34:42 INFO     [src.ml.features] [SIMULATE] 特徴量生成 race_id=202409020301: 13 頭 × 46 特徴量 (リーク除外済み)
18:34:42 INFO     [src.ml.features] [SIMULATE] 特徴量生成 race_id=202409020302: 16 頭 × 46 特徴量 (リーク除外済み)
18:34:42 INFO     [src.ml.features] [SIMULATE] 特徴量生成 race_id=202409020303: 18 頭 × 46 特徴量 (リーク除外済み)
18:34:42 INFO     [src.ml.features] [SIMULATE] 特徴量生成 race_id=202409020304: 18 頭 × 46 特徴量 (リーク除外済み)
18:34:42 INFO     [src.ml.features] [SIMULATE] 特徴量生成 race_id=202409020305: 11 頭 × 46 特徴量 (リーク除外済み)
18:34:43 INFO     [src.ml.features] [SIMULATE] 特徴量生成 race_id=202409020306: 11 頭 × 46 特徴量 (リーク除外済み)
18:34:43 INFO     [src.ml.features] [SIMULATE] 特徴量生成 race_id=202409020307: 16 頭 × 46 特徴量 (リーク除外済み)
18:34:43 INFO     [src.ml.features] [SIMULATE] 特徴量生成 race_id=202409020308: 11 頭 × 46 特徴量 (リーク除外済み)
18:34:43 INFO     [src.ml.features] [SIMULATE] 特徴量生成 race_id=202409020309: 7 頭 × 46 特徴量 (リーク除外済み)
18:34:43 INFO     [src.ml.features] [SIMULATE] 特徴量生成 race_id=202409020310: 15 頭 × 46 特徴量 (リーク除外済み)
18:34:43 INFO     [src.ml.features] [SIMULATE] 特徴量生成 race_id=202409020311: 15 頭 × 46 特徴量 (リーク除外済み)
18:34:43 INFO     [src.ml.features] [SIMULATE] 特徴量生成 race_id=202409020312: 15 頭 × 46 特徴量 (リーク除外済み)
18:34:43 INFO     [src.ml.features] [SIMULATE] 特徴量生成 race_id=202406030401: 13 頭 × 46 特徴量 (リーク除外済み)
18:34:43 INFO     [src.ml.features] [SIMULATE] 特徴量生成 race_id=202406030402: 16 頭 × 46 特徴量 (リーク除外済み)
18:34:43 INFO     [src.ml.features] [SIMULATE] 特徴量生成 race_id=202406030403: 14 頭 × 46 特徴量 (リーク除外済み)
18:34:43 INFO     [src.ml.features] [SIMULATE] 特徴量生成 race_id=202406030404: 11 頭 × 46 特徴量 (リーク除外済み)
18:34:43 INFO     [src.ml.features] [SIMULATE] 特徴量生成 race_id=202406030405: 16 頭 × 46 特徴量 (リーク除外済み)
18:34:43 INFO     [src.ml.features] [SIMULATE] 特徴量生成 race_id=202406030406: 11 頭 × 46 特徴量 (リーク除外済み)
18:34:43 INFO     [src.ml.features] [SIMULATE] 特徴量生成 race_id=202406030407: 16 頭 × 46 特徴量 (リーク除外済み)
18:34:43 INFO     [src.ml.features] [SIMULATE] 特徴量生成 race_id=202406030408: 13 頭 × 46 特徴量 (リーク除外済み)
18:34:43 INFO     [src.ml.features] [SIMULATE] 特徴量生成 race_id=202406030409: 8 頭 × 46 特徴量 (リーク除外済み)
18:34:43 INFO     [src.ml.features] [SIMULATE] 特徴量生成 race_id=202406030410: 16 頭 × 46 特徴量 (リーク除外済み)
18:34:43 INFO     [src.ml.features] [SIMULATE] 特徴量生成 race_id=202406030411: 15 頭 × 46 特徴量 (リーク除外済み)
18:34:43 INFO     [src.ml.features] [SIMULATE] 特徴量生成 race_id=202406030412: 16 頭 × 46 特徴量 (リーク除外済み)
18:34:43 INFO     [src.ml.features] [SIMULATE] 特徴量生成 race_id=202409020401: 13 頭 × 46 特徴量 (リーク除外済み)
18:34:43 INFO     [src.ml.features] [SIMULATE] 特徴量生成 race_id=202409020402: 16 頭 × 46 特徴量 (リーク除外済み)
18:34:43 INFO     [src.ml.features] [SIMULATE] 特徴量生成 race_id=202409020403: 9 頭 × 46 特徴量 (リーク除外済み)
18:34:43 INFO     [src.ml.features] [SIMULATE] 特徴量生成 race_id=202409020404: 10 頭 × 46 特徴量 (リーク除外済み)
18:34:43 INFO     [src.ml.features] [SIMULATE] 特徴量生成 race_id=202409020405: 9 頭 × 46 特徴量 (リーク除外済み)
18:34:43 INFO     [src.ml.features] [SIMULATE] 特徴量生成 race_id=202409020406: 11 頭 × 46 特徴量 (リーク除外済み)
18:34:43 INFO     [src.ml.features] [SIMULATE] 特徴量生成 race_id=202409020407: 16 頭 × 46 特徴量 (リーク除外済み)
18:34:43 INFO     [src.ml.features] [SIMULATE] 特徴量生成 race_id=202409020408: 15 頭 × 46 特徴量 (リーク除外済み)
18:34:43 INFO     [src.ml.features] [SIMULATE] 特徴量生成 race_id=202409020409: 11 頭 × 46 特徴量 (リーク除外済み)
18:34:43 INFO     [src.ml.features] [SIMULATE] 特徴量生成 race_id=202409020410: 17 頭 × 46 特徴量 (リーク除外済み)
18:34:43 INFO     [src.ml.features] [SIMULATE] 特徴量生成 race_id=202409020411: 16 頭 × 46 特徴量 (リーク除外済み)
18:34:43 INFO     [src.ml.features] [SIMULATE] 特徴量生成 race_id=202409020412: 16 頭 × 46 特徴量 (リーク除外済み)
18:34:43 INFO     [src.ml.features] [SIMULATE] 特徴量生成 race_id=202445040311: 11 頭 × 46 特徴量 (リーク除外済み)
18:34:43 INFO     [src.ml.features] [SIMULATE] 特徴量生成 race_id=202406030501: 14 頭 × 46 特徴量 (リーク除外済み)
18:34:43 INFO     [src.ml.features] [SIMULATE] 特徴量生成 race_id=202406030502: 16 頭 × 46 特徴量 (リーク除外済み)
18:34:43 INFO     [src.ml.features] [SIMULATE] 特徴量生成 race_id=202406030503: 12 頭 × 46 特徴量 (リーク除外済み)
18:34:43 INFO     [src.ml.features] [SIMULATE] 特徴量生成 race_id=202406030504: 16 頭 × 46 特徴量 (リーク除外済み)
18:34:43 INFO     [src.ml.features] [SIMULATE] 特徴量生成 race_id=202406030505: 18 頭 × 46 特徴量 (リーク除外済み)
18:34:43 INFO     [src.ml.features] [SIMULATE] 特徴量生成 race_id=202406030506: 15 頭 × 46 特徴量 (リーク除外済み)
18:34:43 INFO     [src.ml.features] [SIMULATE] 特徴量生成 race_id=202406030507: 8 頭 × 46 特徴量 (リーク除外済み)
18:34:43 INFO     [src.ml.features] [SIMULATE] 特徴量生成 race_id=202406030508: 16 頭 × 46 特徴量 (リーク除外済み)
18:34:43 INFO     [src.ml.features] [SIMULATE] 特徴量生成 race_id=202406030509: 16 頭 × 46 特徴量 (リーク除外済み)
18:34:43 INFO     [src.ml.features] [SIMULATE] 特徴量生成 race_id=202406030510: 15 頭 × 46 特徴量 (リーク除外済み)
18:34:43 INFO     [src.ml.features] [SIMULATE] 特徴量生成 race_id=202406030511: 16 頭 × 46 特徴量 (リーク除外済み)
18:34:43 INFO     [src.ml.features] [SIMULATE] 特徴量生成 race_id=202406030512: 16 頭 × 46 特徴量 (リーク除外済み)
18:34:43 INFO     [src.ml.features] [SIMULATE] 特徴量生成 race_id=202409020501: 16 頭 × 46 特徴量 (リーク除外済み)
18:34:43 INFO     [src.ml.features] [SIMULATE] 特徴量生成 race_id=202409020502: 16 頭 × 46 特徴量 (リーク除外済み)
18:34:43 INFO     [src.ml.features] [SIMULATE] 特徴量生成 race_id=202409020503: 10 頭 × 46 特徴量 (リーク除外済み)
18:34:43 INFO     [src.ml.features] [SIMULATE] 特徴量生成 race_id=202409020504: 16 頭 × 46 特徴量 (リーク除外済み)
18:34:43 INFO     [src.ml.features] [SIMULATE] 特徴量生成 race_id=202409020505: 12 頭 × 46 特徴量 (リーク除外済み)
18:34:43 INFO     [src.ml.features] [SIMULATE] 特徴量生成 race_id=202409020506: 10 頭 × 46 特徴量 (リーク除外済み)
18:34:43 INFO     [src.ml.features] [SIMULATE] 特徴量生成 race_id=202409020507: 12 頭 × 46 特徴量 (リーク除外済み)
18:34:43 INFO     [src.ml.features] [SIMULATE] 特徴量生成 race_id=202409020508: 16 頭 × 46 特徴量 (リーク除外済み)
18:34:43 INFO     [src.ml.features] [SIMULATE] 特徴量生成 race_id=202409020509: 10 頭 × 46 特徴量 (リーク除外済み)
18:34:43 INFO     [src.ml.features] [SIMULATE] 特徴量生成 race_id=202409020510: 14 頭 × 46 特徴量 (リーク除外済み)
18:34:43 INFO     [src.ml.features] [SIMULATE] 特徴量生成 race_id=202409020511: 11 頭 × 46 特徴量 (リーク除外済み)
18:34:43 INFO     [src.ml.features] [SIMULATE] 特徴量生成 race_id=202409020512: 13 頭 × 46 特徴量 (リーク除外済み)
18:34:43 INFO     [src.ml.features] [SIMULATE] 特徴量生成 race_id=202403010101: 15 頭 × 46 特徴量 (リーク除外済み)
18:34:43 INFO     [src.ml.features] [SIMULATE] 特徴量生成 race_id=202403010102: 16 頭 × 46 特徴量 (リーク除外済み)
18:34:43 INFO     [src.ml.features] [SIMULATE] 特徴量生成 race_id=202403010103: 15 頭 × 46 特徴量 (リーク除外済み)
18:34:43 INFO     [src.ml.features] [SIMULATE] 特徴量生成 race_id=202403010104: 14 頭 × 46 特徴量 (リーク除外済み)
18:34:43 INFO     [src.ml.features] [SIMULATE] 特徴量生成 race_id=202403010105: 14 頭 × 46 特徴量 (リーク除外済み)
18:34:43 INFO     [src.ml.features] [SIMULATE] 特徴量生成 race_id=202403010106: 15 頭 × 46 特徴量 (リーク除外済み)
18:34:43 INFO     [src.ml.features] [SIMULATE] 特徴量生成 race_id=202403010107: 16 頭 × 46 特徴量 (リーク除外済み)
18:34:43 INFO     [src.ml.features] [SIMULATE] 特徴量生成 race_id=202403010108: 16 頭 × 46 特徴量 (リーク除外済み)
18:34:43 INFO     [src.ml.features] [SIMULATE] 特徴量生成 race_id=202403010109: 13 頭 × 46 特徴量 (リーク除外済み)
18:34:43 INFO     [src.ml.features] [SIMULATE] 特徴量生成 race_id=202403010110: 16 頭 × 46 特徴量 (リーク除外済み)
18:34:43 INFO     [src.ml.features] [SIMULATE] 特徴量生成 race_id=202403010111: 15 頭 × 46 特徴量 (リーク除外済み)
18:34:43 INFO     [src.ml.features] [SIMULATE] 特徴量生成 race_id=202403010112: 16 頭 × 46 特徴量 (リーク除外済み)
18:34:43 INFO     [src.ml.features] [SIMULATE] 特徴量生成 race_id=202406030601: 16 頭 × 46 特徴量 (リーク除外済み)
18:34:43 INFO     [src.ml.features] [SIMULATE] 特徴量生成 race_id=202406030602: 14 頭 × 46 特徴量 (リーク除外済み)
18:34:43 INFO     [src.ml.features] [SIMULATE] 特徴量生成 race_id=202406030603: 16 頭 × 46 特徴量 (リーク除外済み)
18:34:43 INFO     [src.ml.features] [SIMULATE] 特徴量生成 race_id=202406030604: 16 頭 × 46 特徴量 (リーク除外済み)
18:34:43 INFO     [src.ml.features] [SIMULATE] 特徴量生成 race_id=202406030605: 18 頭 × 46 特徴量 (リーク除外済み)
18:34:43 INFO     [src.ml.features] [SIMULATE] 特徴量生成 race_id=202406030606: 16 頭 × 46 特徴量 (リーク除外済み)
18:34:43 INFO     [src.ml.features] [SIMULATE] 特徴量生成 race_id=202406030607: 13 頭 × 46 特徴量 (リーク除外済み)
18:34:43 INFO     [src.ml.features] [SIMULATE] 特徴量生成 race_id=202406030608: 8 頭 × 46 特徴量 (リーク除外済み)
18:34:43 INFO     [src.ml.features] [SIMULATE] 特徴量生成 race_id=202406030609: 13 頭 × 46 特徴量 (リーク除外済み)
18:34:43 INFO     [src.ml.features] [SIMULATE] 特徴量生成 race_id=202406030610: 15 頭 × 46 特徴量 (リーク除外済み)
18:34:43 INFO     [src.ml.features] [SIMULATE] 特徴量生成 race_id=202406030611: 14 頭 × 46 特徴量 (リーク除外済み)
18:34:43 INFO     [src.ml.features] [SIMULATE] 特徴量生成 race_id=202406030612: 13 頭 × 46 特徴量 (リーク除外済み)
18:34:43 INFO     [src.ml.features] [SIMULATE] 特徴量生成 race_id=202409020601: 16 頭 × 46 特徴量 (リーク除外済み)
18:34:43 INFO     [src.ml.features] [SIMULATE] 特徴量生成 race_id=202409020602: 16 頭 × 46 特徴量 (リーク除外済み)
18:34:44 INFO     [src.ml.features] [SIMULATE] 特徴量生成 race_id=202409020603: 16 頭 × 46 特徴量 (リーク除外済み)
18:34:44 INFO     [src.ml.features] [SIMULATE] 特徴量生成 race_id=202409020604: 14 頭 × 46 特徴量 (リーク除外済み)
18:34:44 INFO     [src.ml.features] [SIMULATE] 特徴量生成 race_id=202409020605: 16 頭 × 46 特徴量 (リーク除外済み)
18:34:44 INFO     [src.ml.features] [SIMULATE] 特徴量生成 race_id=202409020606: 10 頭 × 46 特徴量 (リーク除外済み)
18:34:44 INFO     [src.ml.features] [SIMULATE] 特徴量生成 race_id=202409020607: 9 頭 × 46 特徴量 (リーク除外済み)
18:34:44 INFO     [src.ml.features] [SIMULATE] 特徴量生成 race_id=202409020608: 11 頭 × 46 特徴量 (リーク除外済み)
18:34:44 INFO     [src.ml.features] [SIMULATE] 特徴量生成 race_id=202409020609: 8 頭 × 46 特徴量 (リーク除外済み)
18:34:44 INFO     [src.ml.features] [SIMULATE] 特徴量生成 race_id=202409020610: 16 頭 × 46 特徴量 (リーク除外済み)
18:34:44 INFO     [src.ml.features] [SIMULATE] 特徴量生成 race_id=202409020611: 18 頭 × 46 特徴量 (リーク除外済み)
18:34:44 INFO     [src.ml.features] [SIMULATE] 特徴量生成 race_id=202409020612: 13 頭 × 46 特徴量 (リーク除外済み)
18:34:44 INFO     [src.ml.features] [SIMULATE] 特徴量生成 race_id=202403010201: 15 頭 × 46 特徴量 (リーク除外済み)
18:34:44 INFO     [src.ml.features] [SIMULATE] 特徴量生成 race_id=202403010202: 16 頭 × 46 特徴量 (リーク除外済み)
18:34:44 INFO     [src.ml.features] [SIMULATE] 特徴量生成 race_id=202403010203: 15 頭 × 46 特徴量 (リーク除外済み)
18:34:44 INFO     [src.ml.features] [SIMULATE] 特徴量生成 race_id=202403010204: 14 頭 × 46 特徴量 (リーク除外済み)
18:34:44 INFO     [src.ml.features] [SIMULATE] 特徴量生成 race_id=202403010205: 16 頭 × 46 特徴量 (リーク除外済み)
18:34:44 INFO     [src.ml.features] [SIMULATE] 特徴量生成 race_id=202403010206: 16 頭 × 46 特徴量 (リーク除外済み)
18:34:44 INFO     [src.ml.features] [SIMULATE] 特徴量生成 race_id=202403010207: 16 頭 × 46 特徴量 (リーク除外済み)
18:34:44 INFO     [src.ml.features] [SIMULATE] 特徴量生成 race_id=202403010208: 16 頭 × 46 特徴量 (リーク除外済み)
18:34:44 INFO     [src.ml.features] [SIMULATE] 特徴量生成 race_id=202403010209: 13 頭 × 46 特徴量 (リーク除外済み)
18:34:44 INFO     [src.ml.features] [SIMULATE] 特徴量生成 race_id=202403010210: 16 頭 × 46 特徴量 (リーク除外済み)
18:34:44 INFO     [src.ml.features] [SIMULATE] 特徴量生成 race_id=202403010211: 16 頭 × 46 特徴量 (リーク除外済み)
18:34:44 INFO     [src.ml.features] [SIMULATE] 特徴量生成 race_id=202403010212: 14 頭 × 46 特徴量 (リーク除外済み)
18:34:44 INFO     [src.ml.features] [SIMULATE] 特徴量生成 race_id=202406030701: 16 頭 × 46 特徴量 (リーク除外済み)
18:34:44 INFO     [src.ml.features] [SIMULATE] 特徴量生成 race_id=202406030702: 13 頭 × 46 特徴量 (リーク除外済み)
18:34:44 INFO     [src.ml.features] [SIMULATE] 特徴量生成 race_id=202406030703: 15 頭 × 46 特徴量 (リーク除外済み)
18:34:44 INFO     [src.ml.features] [SIMULATE] 特徴量生成 race_id=202406030704: 12 頭 × 46 特徴量 (リーク除外済み)
18:34:44 INFO     [src.ml.features] [SIMULATE] 特徴量生成 race_id=202406030705: 16 頭 × 46 特徴量 (リーク除外済み)
18:34:44 INFO     [src.ml.features] [SIMULATE] 特徴量生成 race_id=202406030706: 9 頭 × 46 特徴量 (リーク除外済み)
18:34:44 INFO     [src.ml.features] [SIMULATE] 特徴量生成 race_id=202406030707: 9 頭 × 46 特徴量 (リーク除外済み)
18:34:44 INFO     [src.ml.features] [SIMULATE] 特徴量生成 race_id=202406030708: 12 頭 × 46 特徴量 (リーク除外済み)
18:34:44 INFO     [src.ml.features] [SIMULATE] 特徴量生成 race_id=202406030709: 6 頭 × 46 特徴量 (リーク除外済み)
18:34:44 INFO     [src.ml.features] [SIMULATE] 特徴量生成 race_id=202406030710: 14 頭 × 46 特徴量 (リーク除外済み)
18:34:44 INFO     [src.ml.features] [SIMULATE] 特徴量生成 race_id=202406030711: 12 頭 × 46 特徴量 (リーク除外済み)
18:34:44 INFO     [src.ml.features] [SIMULATE] 特徴量生成 race_id=202406030712: 15 頭 × 46 特徴量 (リーク除外済み)
18:34:44 INFO     [src.ml.features] [SIMULATE] 特徴量生成 race_id=202409020701: 16 頭 × 46 特徴量 (リーク除外済み)
18:34:44 INFO     [src.ml.features] [SIMULATE] 特徴量生成 race_id=202409020702: 16 頭 × 46 特徴量 (リーク除外済み)
18:34:44 INFO     [src.ml.features] [SIMULATE] 特徴量生成 race_id=202409020703: 16 頭 × 46 特徴量 (リーク除外済み)
18:34:44 INFO     [src.ml.features] [SIMULATE] 特徴量生成 race_id=202409020704: 18 頭 × 46 特徴量 (リーク除外済み)
18:34:44 INFO     [src.ml.features] [SIMULATE] 特徴量生成 race_id=202409020705: 16 頭 × 46 特徴量 (リーク除外済み)
18:34:44 INFO     [src.ml.features] [SIMULATE] 特徴量生成 race_id=202409020706: 15 頭 × 46 特徴量 (リーク除外済み)
18:34:44 INFO     [src.ml.features] [SIMULATE] 特徴量生成 race_id=202409020707: 12 頭 × 46 特徴量 (リーク除外済み)
18:34:44 INFO     [src.ml.features] [SIMULATE] 特徴量生成 race_id=202409020708: 12 頭 × 46 特徴量 (リーク除外済み)
18:34:44 INFO     [src.ml.features] [SIMULATE] 特徴量生成 race_id=202409020709: 11 頭 × 46 特徴量 (リーク除外済み)
18:34:44 INFO     [src.ml.features] [SIMULATE] 特徴量生成 race_id=202409020710: 15 頭 × 46 特徴量 (リーク除外済み)
18:34:44 INFO     [src.ml.features] [SIMULATE] 特徴量生成 race_id=202409020711: 16 頭 × 46 特徴量 (リーク除外済み)
18:34:44 INFO     [src.ml.features] [SIMULATE] 特徴量生成 race_id=202409020712: 10 頭 × 46 特徴量 (リーク除外済み)
18:34:44 INFO     [src.ml.features] [SIMULATE] 特徴量生成 race_id=202403010301: 16 頭 × 46 特徴量 (リーク除外済み)
18:34:44 INFO     [src.ml.features] [SIMULATE] 特徴量生成 race_id=202403010302: 16 頭 × 46 特徴量 (リーク除外済み)
18:34:44 INFO     [src.ml.features] [SIMULATE] 特徴量生成 race_id=202403010303: 15 頭 × 46 特徴量 (リーク除外済み)
18:34:44 INFO     [src.ml.features] [SIMULATE] 特徴量生成 race_id=202403010304: 16 頭 × 46 特徴量 (リーク除外済み)
18:34:44 INFO     [src.ml.features] [SIMULATE] 特徴量生成 race_id=202403010305: 16 頭 × 46 特徴量 (リーク除外済み)
18:34:44 INFO     [src.ml.features] [SIMULATE] 特徴量生成 race_id=202403010306: 16 頭 × 46 特徴量 (リーク除外済み)
18:34:44 INFO     [src.ml.features] [SIMULATE] 特徴量生成 race_id=202403010307: 16 頭 × 46 特徴量 (リーク除外済み)
18:34:44 INFO     [src.ml.features] [SIMULATE] 特徴量生成 race_id=202403010308: 15 頭 × 46 特徴量 (リーク除外済み)
18:34:44 INFO     [src.ml.features] [SIMULATE] 特徴量生成 race_id=202403010309: 16 頭 × 46 特徴量 (リーク除外済み)
18:34:44 INFO     [src.ml.features] [SIMULATE] 特徴量生成 race_id=202403010310: 15 頭 × 46 特徴量 (リーク除外済み)
18:34:44 INFO     [src.ml.features] [SIMULATE] 特徴量生成 race_id=202403010311: 16 頭 × 46 特徴量 (リーク除外済み)
18:34:44 INFO     [src.ml.features] [SIMULATE] 特徴量生成 race_id=202403010312: 15 頭 × 46 特徴量 (リーク除外済み)
18:34:44 INFO     [src.ml.features] [SIMULATE] 特徴量生成 race_id=202406030801: 16 頭 × 46 特徴量 (リーク除外済み)
18:34:44 INFO     [src.ml.features] [SIMULATE] 特徴量生成 race_id=202406030802: 16 頭 × 46 特徴量 (リーク除外済み)
18:34:44 INFO     [src.ml.features] [SIMULATE] 特徴量生成 race_id=202406030803: 15 頭 × 46 特徴量 (リーク除外済み)
18:34:44 INFO     [src.ml.features] [SIMULATE] 特徴量生成 race_id=202406030804: 18 頭 × 46 特徴量 (リーク除外済み)
18:34:44 INFO     [src.ml.features] [SIMULATE] 特徴量生成 race_id=202406030805: 16 頭 × 46 特徴量 (リーク除外済み)
18:34:44 INFO     [src.ml.features] [SIMULATE] 特徴量生成 race_id=202406030806: 15 頭 × 46 特徴量 (リーク除外済み)
18:34:44 INFO     [src.ml.features] [SIMULATE] 特徴量生成 race_id=202406030807: 16 頭 × 46 特徴量 (リーク除外済み)
18:34:44 INFO     [src.ml.features] [SIMULATE] 特徴量生成 race_id=202406030808: 9 頭 × 46 特徴量 (リーク除外済み)
18:34:44 INFO     [src.ml.features] [SIMULATE] 特徴量生成 race_id=202406030809: 14 頭 × 46 特徴量 (リーク除外済み)
18:34:44 INFO     [src.ml.features] [SIMULATE] 特徴量生成 race_id=202406030810: 14 頭 × 46 特徴量 (リーク除外済み)
18:34:44 INFO     [src.ml.features] [SIMULATE] 特徴量生成 race_id=202406030811: 18 頭 × 46 特徴量 (リーク除外済み)
18:34:44 INFO     [src.ml.features] [SIMULATE] 特徴量生成 race_id=202406030812: 16 頭 × 46 特徴量 (リーク除外済み)
18:34:44 INFO     [src.ml.features] [SIMULATE] 特徴量生成 race_id=202409020801: 16 頭 × 46 特徴量 (リーク除外済み)
18:34:44 INFO     [src.ml.features] [SIMULATE] 特徴量生成 race_id=202409020802: 15 頭 × 46 特徴量 (リーク除外済み)
18:34:44 INFO     [src.ml.features] [SIMULATE] 特徴量生成 race_id=202409020803: 16 頭 × 46 特徴量 (リーク除外済み)
18:34:44 INFO     [src.ml.features] [SIMULATE] 特徴量生成 race_id=202409020804: 15 頭 × 46 特徴量 (リーク除外済み)
18:34:44 INFO     [src.ml.features] [SIMULATE] 特徴量生成 race_id=202409020805: 15 頭 × 46 特徴量 (リーク除外済み)
18:34:44 INFO     [src.ml.features] [SIMULATE] 特徴量生成 race_id=202409020806: 7 頭 × 46 特徴量 (リーク除外済み)
18:34:44 INFO     [src.ml.features] [SIMULATE] 特徴量生成 race_id=202409020807: 17 頭 × 46 特徴量 (リーク除外済み)
18:34:44 INFO     [src.ml.features] [SIMULATE] 特徴量生成 race_id=202409020808: 12 頭 × 46 特徴量 (リーク除外済み)
18:34:44 INFO     [src.ml.features] [SIMULATE] 特徴量生成 race_id=202409020809: 17 頭 × 46 特徴量 (リーク除外済み)
18:34:44 INFO     [src.ml.features] [SIMULATE] 特徴量生成 race_id=202409020810: 11 頭 × 46 特徴量 (リーク除外済み)
18:34:44 INFO     [src.ml.features] [SIMULATE] 特徴量生成 race_id=202409020811: 16 頭 × 46 特徴量 (リーク除外済み)
18:34:44 INFO     [src.ml.features] [SIMULATE] 特徴量生成 race_id=202409020812: 15 頭 × 46 特徴量 (リーク除外済み)
18:34:44 INFO     [src.ml.features] [SIMULATE] 特徴量生成 race_id=202403010401: 16 頭 × 46 特徴量 (リーク除外済み)
18:34:44 INFO     [src.ml.features] [SIMULATE] 特徴量生成 race_id=202403010402: 16 頭 × 46 特徴量 (リーク除外済み)
18:34:44 INFO     [src.ml.features] [SIMULATE] 特徴量生成 race_id=202403010403: 15 頭 × 46 特徴量 (リーク除外済み)
18:34:45 INFO     [src.ml.features] [SIMULATE] 特徴量生成 race_id=202403010404: 11 頭 × 46 特徴量 (リーク除外済み)
18:34:45 INFO     [src.ml.features] [SIMULATE] 特徴量生成 race_id=202403010405: 11 頭 × 46 特徴量 (リーク除外済み)
18:34:45 INFO     [src.ml.features] [SIMULATE] 特徴量生成 race_id=202403010406: 15 頭 × 46 特徴量 (リーク除外済み)
18:34:45 INFO     [src.ml.features] [SIMULATE] 特徴量生成 race_id=202403010407: 16 頭 × 46 特徴量 (リーク除外済み)
18:34:45 INFO     [src.ml.features] [SIMULATE] 特徴量生成 race_id=202403010408: 10 頭 × 46 特徴量 (リーク除外済み)
18:34:45 INFO     [src.ml.features] [SIMULATE] 特徴量生成 race_id=202403010409: 14 頭 × 46 特徴量 (リーク除外済み)
18:34:45 INFO     [src.ml.features] [SIMULATE] 特徴量生成 race_id=202403010410: 16 頭 × 46 特徴量 (リーク除外済み)
18:34:45 INFO     [src.ml.features] [SIMULATE] 特徴量生成 race_id=202403010411: 16 頭 × 46 特徴量 (リーク除外済み)
18:34:45 INFO     [src.ml.features] [SIMULATE] 特徴量生成 race_id=202403010412: 16 頭 × 46 特徴量 (リーク除外済み)
18:34:45 INFO     [src.ml.features] [SIMULATE] 特徴量生成 race_id=202405020101: 16 頭 × 46 特徴量 (リーク除外済み)
18:34:45 INFO     [src.ml.features] [SIMULATE] 特徴量生成 race_id=202405020102: 16 頭 × 46 特徴量 (リーク除外済み)
18:34:45 INFO     [src.ml.features] [SIMULATE] 特徴量生成 race_id=202405020103: 16 頭 × 46 特徴量 (リーク除外済み)
18:34:45 INFO     [src.ml.features] [SIMULATE] 特徴量生成 race_id=202405020104: 18 頭 × 46 特徴量 (リーク除外済み)
18:34:45 INFO     [src.ml.features] [SIMULATE] 特徴量生成 race_id=202405020105: 18 頭 × 46 特徴量 (リーク除外済み)
18:34:45 INFO     [src.ml.features] [SIMULATE] 特徴量生成 race_id=202405020106: 16 頭 × 46 特徴量 (リーク除外済み)
18:34:45 INFO     [src.ml.features] [SIMULATE] 特徴量生成 race_id=202405020107: 16 頭 × 46 特徴量 (リーク除外済み)
18:34:45 INFO     [src.ml.features] [SIMULATE] 特徴量生成 race_id=202405020108: 10 頭 × 46 特徴量 (リーク除外済み)
18:34:45 INFO     [src.ml.features] [SIMULATE] 特徴量生成 race_id=202405020109: 11 頭 × 46 特徴量 (リーク除外済み)
18:34:45 INFO     [src.ml.features] [SIMULATE] 特徴量生成 race_id=202405020110: 18 頭 × 46 特徴量 (リーク除外済み)
18:34:45 INFO     [src.ml.features] [SIMULATE] 特徴量生成 race_id=202405020111: 16 頭 × 46 特徴量 (リーク除外済み)
18:34:45 INFO     [src.ml.features] [SIMULATE] 特徴量生成 race_id=202405020112: 16 頭 × 46 特徴量 (リーク除外済み)
18:34:45 INFO     [src.ml.features] [SIMULATE] 特徴量生成 race_id=202408030101: 16 頭 × 46 特徴量 (リーク除外済み)
18:34:45 INFO     [src.ml.features] [SIMULATE] 特徴量生成 race_id=202408030102: 16 頭 × 46 特徴量 (リーク除外済み)
18:34:45 INFO     [src.ml.features] [SIMULATE] 特徴量生成 race_id=202408030103: 18 頭 × 46 特徴量 (リーク除外済み)
18:34:45 INFO     [src.ml.features] [SIMULATE] 特徴量生成 race_id=202408030104: 11 頭 × 46 特徴量 (リーク除外済み)
18:34:45 INFO     [src.ml.features] [SIMULATE] 特徴量生成 race_id=202408030105: 10 頭 × 46 特徴量 (リーク除外済み)
18:34:45 INFO     [src.ml.features] [SIMULATE] 特徴量生成 race_id=202408030106: 13 頭 × 46 特徴量 (リーク除外済み)
18:34:45 INFO     [src.ml.features] [SIMULATE] 特徴量生成 race_id=202408030107: 14 頭 × 46 特徴量 (リーク除外済み)
18:34:45 INFO     [src.ml.features] [SIMULATE] 特徴量生成 race_id=202408030108: 11 頭 × 46 特徴量 (リーク除外済み)
18:34:45 INFO     [src.ml.features] [SIMULATE] 特徴量生成 race_id=202408030109: 7 頭 × 46 特徴量 (リーク除外済み)
18:34:45 INFO     [src.ml.features] [SIMULATE] 特徴量生成 race_id=202408030110: 12 頭 × 46 特徴量 (リーク除外済み)
18:34:45 INFO     [src.ml.features] [SIMULATE] 特徴量生成 race_id=202408030111: 13 頭 × 46 特徴量 (リーク除外済み)
18:34:45 INFO     [src.ml.features] [SIMULATE] 特徴量生成 race_id=202408030112: 10 頭 × 46 特徴量 (リーク除外済み)
18:34:45 INFO     [src.ml.features] [SIMULATE] 特徴量生成 race_id=202403010501: 16 頭 × 46 特徴量 (リーク除外済み)
18:34:45 INFO     [src.ml.features] [SIMULATE] 特徴量生成 race_id=202403010502: 16 頭 × 46 特徴量 (リーク除外済み)
18:34:45 INFO     [src.ml.features] [SIMULATE] 特徴量生成 race_id=202403010503: 15 頭 × 46 特徴量 (リーク除外済み)
18:34:45 INFO     [src.ml.features] [SIMULATE] 特徴量生成 race_id=202403010504: 14 頭 × 46 特徴量 (リーク除外済み)
18:34:45 INFO     [src.ml.features] [SIMULATE] 特徴量生成 race_id=202403010505: 11 頭 × 46 特徴量 (リーク除外済み)
18:34:45 INFO     [src.ml.features] [SIMULATE] 特徴量生成 race_id=202403010506: 9 頭 × 46 特徴量 (リーク除外済み)
18:34:45 INFO     [src.ml.features] [SIMULATE] 特徴量生成 race_id=202403010507: 16 頭 × 46 特徴量 (リーク除外済み)
18:34:45 INFO     [src.ml.features] [SIMULATE] 特徴量生成 race_id=202403010508: 12 頭 × 46 特徴量 (リーク除外済み)
18:34:45 INFO     [src.ml.features] [SIMULATE] 特徴量生成 race_id=202403010509: 14 頭 × 46 特徴量 (リーク除外済み)
18:34:45 INFO     [src.ml.features] [SIMULATE] 特徴量生成 race_id=202403010510: 15 頭 × 46 特徴量 (リーク除外済み)
18:34:45 INFO     [src.ml.features] [SIMULATE] 特徴量生成 race_id=202403010511: 16 頭 × 46 特徴量 (リーク除外済み)
18:34:45 INFO     [src.ml.features] [SIMULATE] 特徴量生成 race_id=202403010512: 15 頭 × 46 特徴量 (リーク除外済み)
18:34:45 INFO     [src.ml.features] [SIMULATE] 特徴量生成 race_id=202405020201: 16 頭 × 46 特徴量 (リーク除外済み)
18:34:45 INFO     [src.ml.features] [SIMULATE] 特徴量生成 race_id=202405020202: 16 頭 × 46 特徴量 (リーク除外済み)
18:34:45 INFO     [src.ml.features] [SIMULATE] 特徴量生成 race_id=202405020203: 18 頭 × 46 特徴量 (リーク除外済み)
18:34:45 INFO     [src.ml.features] [SIMULATE] 特徴量生成 race_id=202405020204: 11 頭 × 46 特徴量 (リーク除外済み)
18:34:45 INFO     [src.ml.features] [SIMULATE] 特徴量生成 race_id=202405020205: 16 頭 × 46 特徴量 (リーク除外済み)
18:34:45 INFO     [src.ml.features] [SIMULATE] 特徴量生成 race_id=202405020206: 16 頭 × 46 特徴量 (リーク除外済み)
18:34:45 INFO     [src.ml.features] [SIMULATE] 特徴量生成 race_id=202405020207: 12 頭 × 46 特徴量 (リーク除外済み)
18:34:45 INFO     [src.ml.features] [SIMULATE] 特徴量生成 race_id=202405020208: 10 頭 × 46 特徴量 (リーク除外済み)
18:34:45 INFO     [src.ml.features] [SIMULATE] 特徴量生成 race_id=202405020209: 10 頭 × 46 特徴量 (リーク除外済み)
18:34:45 INFO     [src.ml.features] [SIMULATE] 特徴量生成 race_id=202405020210: 15 頭 × 46 特徴量 (リーク除外済み)
18:34:45 INFO     [src.ml.features] [SIMULATE] 特徴量生成 race_id=202405020211: 14 頭 × 46 特徴量 (リーク除外済み)
18:34:45 INFO     [src.ml.features] [SIMULATE] 特徴量生成 race_id=202405020212: 13 頭 × 46 特徴量 (リーク除外済み)
18:34:45 INFO     [src.ml.features] [SIMULATE] 特徴量生成 race_id=202408030201: 14 頭 × 46 特徴量 (リーク除外済み)
18:34:45 INFO     [src.ml.features] [SIMULATE] 特徴量生成 race_id=202408030202: 16 頭 × 46 特徴量 (リーク除外済み)
18:34:45 INFO     [src.ml.features] [SIMULATE] 特徴量生成 race_id=202408030203: 16 頭 × 46 特徴量 (リーク除外済み)
18:34:45 INFO     [src.ml.features] [SIMULATE] 特徴量生成 race_id=202408030204: 18 頭 × 46 特徴量 (リーク除外済み)
18:34:45 INFO     [src.ml.features] [SIMULATE] 特徴量生成 race_id=202408030205: 15 頭 × 46 特徴量 (リーク除外済み)
18:34:45 INFO     [src.ml.features] [SIMULATE] 特徴量生成 race_id=202408030206: 12 頭 × 46 特徴量 (リーク除外済み)
18:34:45 INFO     [src.ml.features] [SIMULATE] 特徴量生成 race_id=202408030207: 13 頭 × 46 特徴量 (リーク除外済み)
18:34:45 INFO     [src.ml.features] [SIMULATE] 特徴量生成 race_id=202408030208: 9 頭 × 46 特徴量 (リーク除外済み)
18:34:45 INFO     [src.ml.features] [SIMULATE] 特徴量生成 race_id=202408030209: 9 頭 × 46 特徴量 (リーク除外済み)
18:34:45 INFO     [src.ml.features] [SIMULATE] 特徴量生成 race_id=202408030210: 9 頭 × 46 特徴量 (リーク除外済み)
18:34:45 INFO     [src.ml.features] [SIMULATE] 特徴量生成 race_id=202408030211: 17 頭 × 46 特徴量 (リーク除外済み)
18:34:45 INFO     [src.ml.features] [SIMULATE] 特徴量生成 race_id=202408030212: 16 頭 × 46 特徴量 (リーク除外済み)
18:34:45 INFO     [src.ml.features] [SIMULATE] 特徴量生成 race_id=202403010601: 16 頭 × 46 特徴量 (リーク除外済み)
18:34:45 INFO     [src.ml.features] [SIMULATE] 特徴量生成 race_id=202403010602: 16 頭 × 46 特徴量 (リーク除外済み)
18:34:45 INFO     [src.ml.features] [SIMULATE] 特徴量生成 race_id=202403010603: 15 頭 × 46 特徴量 (リーク除外済み)
18:34:45 INFO     [src.ml.features] [SIMULATE] 特徴量生成 race_id=202403010604: 14 頭 × 46 特徴量 (リーク除外済み)
18:34:45 INFO     [src.ml.features] [SIMULATE] 特徴量生成 race_id=202403010605: 16 頭 × 46 特徴量 (リーク除外済み)
18:34:45 INFO     [src.ml.features] [SIMULATE] 特徴量生成 race_id=202403010606: 15 頭 × 46 特徴量 (リーク除外済み)
18:34:45 INFO     [src.ml.features] [SIMULATE] 特徴量生成 race_id=202403010607: 15 頭 × 46 特徴量 (リーク除外済み)
18:34:45 INFO     [src.ml.features] [SIMULATE] 特徴量生成 race_id=202403010608: 12 頭 × 46 特徴量 (リーク除外済み)
18:34:45 INFO     [src.ml.features] [SIMULATE] 特徴量生成 race_id=202403010609: 9 頭 × 46 特徴量 (リーク除外済み)
18:34:45 INFO     [src.ml.features] [SIMULATE] 特徴量生成 race_id=202403010610: 10 頭 × 46 特徴量 (リーク除外済み)
18:34:45 INFO     [src.ml.features] [SIMULATE] 特徴量生成 race_id=202403010611: 16 頭 × 46 特徴量 (リーク除外済み)
18:34:45 INFO     [src.ml.features] [SIMULATE] 特徴量生成 race_id=202403010612: 9 頭 × 46 特徴量 (リーク除外済み)
18:34:46 INFO     [src.ml.features] [SIMULATE] 特徴量生成 race_id=202444042411: 8 頭 × 46 特徴量 (リーク除外済み)
18:34:46 INFO     [src.ml.features] [SIMULATE] 特徴量生成 race_id=202405020301: 16 頭 × 46 特徴量 (リーク除外済み)
18:34:46 INFO     [src.ml.features] [SIMULATE] 特徴量生成 race_id=202405020302: 15 頭 × 46 特徴量 (リーク除外済み)
18:34:46 INFO     [src.ml.features] [SIMULATE] 特徴量生成 race_id=202405020303: 12 頭 × 46 特徴量 (リーク除外済み)
18:34:46 INFO     [src.ml.features] [SIMULATE] 特徴量生成 race_id=202405020304: 17 頭 × 46 特徴量 (リーク除外済み)
18:34:46 INFO     [src.ml.features] [SIMULATE] 特徴量生成 race_id=202405020305: 15 頭 × 46 特徴量 (リーク除外済み)
18:34:46 INFO     [src.ml.features] [SIMULATE] 特徴量生成 race_id=202405020306: 9 頭 × 46 特徴量 (リーク除外済み)
18:34:46 INFO     [src.ml.features] [SIMULATE] 特徴量生成 race_id=202405020307: 12 頭 × 46 特徴量 (リーク除外済み)
18:34:46 INFO     [src.ml.features] [SIMULATE] 特徴量生成 race_id=202405020308: 15 頭 × 46 特徴量 (リーク除外済み)
18:34:46 INFO     [src.ml.features] [SIMULATE] 特徴量生成 race_id=202405020309: 16 頭 × 46 特徴量 (リーク除外済み)
18:34:46 INFO     [src.ml.features] [SIMULATE] 特徴量生成 race_id=202405020310: 13 頭 × 46 特徴量 (リーク除外済み)
18:34:46 INFO     [src.ml.features] [SIMULATE] 特徴量生成 race_id=202405020311: 17 頭 × 46 特徴量 (リーク除外済み)
18:34:46 INFO     [src.ml.features] [SIMULATE] 特徴量生成 race_id=202405020312: 11 頭 × 46 特徴量 (リーク除外済み)
18:34:46 INFO     [src.ml.features] [SIMULATE] 特徴量生成 race_id=202408030301: 15 頭 × 46 特徴量 (リーク除外済み)
18:34:46 INFO     [src.ml.features] [SIMULATE] 特徴量生成 race_id=202408030302: 16 頭 × 46 特徴量 (リーク除外済み)
18:34:46 INFO     [src.ml.features] [SIMULATE] 特徴量生成 race_id=202408030303: 11 頭 × 46 特徴量 (リーク除外済み)
18:34:46 INFO     [src.ml.features] [SIMULATE] 特徴量生成 race_id=202408030304: 17 頭 × 46 特徴量 (リーク除外済み)
18:34:46 INFO     [src.ml.features] [SIMULATE] 特徴量生成 race_id=202408030305: 17 頭 × 46 特徴量 (リーク除外済み)
18:34:46 INFO     [src.ml.features] [SIMULATE] 特徴量生成 race_id=202408030306: 10 頭 × 46 特徴量 (リーク除外済み)
18:34:46 INFO     [src.ml.features] [SIMULATE] 特徴量生成 race_id=202408030307: 8 頭 × 46 特徴量 (リーク除外済み)
18:34:46 INFO     [src.ml.features] [SIMULATE] 特徴量生成 race_id=202408030308: 14 頭 × 46 特徴量 (リーク除外済み)
18:34:46 INFO     [src.ml.features] [SIMULATE] 特徴量生成 race_id=202408030309: 12 頭 × 46 特徴量 (リーク除外済み)
18:34:46 INFO     [src.ml.features] [SIMULATE] 特徴量生成 race_id=202408030310: 13 頭 × 46 特徴量 (リーク除外済み)
18:34:46 INFO     [src.ml.features] [SIMULATE] 特徴量生成 race_id=202408030311: 16 頭 × 46 特徴量 (リーク除外済み)
18:34:46 INFO     [src.ml.features] [SIMULATE] 特徴量生成 race_id=202408030312: 16 頭 × 46 特徴量 (リーク除外済み)
18:34:46 INFO     [src.ml.features] [SIMULATE] 特徴量生成 race_id=202404010101: 14 頭 × 46 特徴量 (リーク除外済み)
18:34:46 INFO     [src.ml.features] [SIMULATE] 特徴量生成 race_id=202404010102: 14 頭 × 46 特徴量 (リーク除外済み)
18:34:46 INFO     [src.ml.features] [SIMULATE] 特徴量生成 race_id=202404010103: 15 頭 × 46 特徴量 (リーク除外済み)
18:34:46 INFO     [src.ml.features] [SIMULATE] 特徴量生成 race_id=202404010104: 11 頭 × 46 特徴量 (リーク除外済み)
18:34:46 INFO     [src.ml.features] [SIMULATE] 特徴量生成 race_id=202404010105: 15 頭 × 46 特徴量 (リーク除外済み)
18:34:46 INFO     [src.ml.features] [SIMULATE] 特徴量生成 race_id=202404010106: 16 頭 × 46 特徴量 (リーク除外済み)
18:34:46 INFO     [src.ml.features] [SIMULATE] 特徴量生成 race_id=202404010107: 8 頭 × 46 特徴量 (リーク除外済み)
18:34:46 INFO     [src.ml.features] [SIMULATE] 特徴量生成 race_id=202404010108: 10 頭 × 46 特徴量 (リーク除外済み)
18:34:46 INFO     [src.ml.features] [SIMULATE] 特徴量生成 race_id=202404010109: 14 頭 × 46 特徴量 (リーク除外済み)
18:34:46 INFO     [src.ml.features] [SIMULATE] 特徴量生成 race_id=202404010110: 10 頭 × 46 特徴量 (リーク除外済み)
18:34:46 INFO     [src.ml.features] [SIMULATE] 特徴量生成 race_id=202404010111: 13 頭 × 46 特徴量 (リーク除外済み)
18:34:46 INFO     [src.ml.features] [SIMULATE] 特徴量生成 race_id=202404010112: 10 頭 × 46 特徴量 (リーク除外済み)
18:34:46 INFO     [src.ml.features] [SIMULATE] 特徴量生成 race_id=202408030411: 18 頭 × 46 特徴量 (リーク除外済み)
18:34:46 INFO     [src.ml.features] [SIMULATE] 特徴量生成 race_id=202405020401: 16 頭 × 46 特徴量 (リーク除外済み)
18:34:46 INFO     [src.ml.features] [SIMULATE] 特徴量生成 race_id=202405020402: 16 頭 × 46 特徴量 (リーク除外済み)
18:34:46 INFO     [src.ml.features] [SIMULATE] 特徴量生成 race_id=202405020403: 16 頭 × 46 特徴量 (リーク除外済み)
18:34:46 INFO     [src.ml.features] [SIMULATE] 特徴量生成 race_id=202405020404: 18 頭 × 46 特徴量 (リーク除外済み)
18:34:46 INFO     [src.ml.features] [SIMULATE] 特徴量生成 race_id=202405020405: 12 頭 × 46 特徴量 (リーク除外済み)
18:34:46 INFO     [src.ml.features] [SIMULATE] 特徴量生成 race_id=202405020406: 14 頭 × 46 特徴量 (リーク除外済み)
18:34:46 INFO     [src.ml.features] [SIMULATE] 特徴量生成 race_id=202405020407: 9 頭 × 46 特徴量 (リーク除外済み)
18:34:46 INFO     [src.ml.features] [SIMULATE] 特徴量生成 race_id=202405020408: 11 頭 × 46 特徴量 (リーク除外済み)
18:34:46 INFO     [src.ml.features] [SIMULATE] 特徴量生成 race_id=202405020409: 8 頭 × 46 特徴量 (リーク除外済み)
18:34:46 INFO     [src.ml.features] [SIMULATE] 特徴量生成 race_id=202405020410: 16 頭 × 46 特徴量 (リーク除外済み)
18:34:46 INFO     [src.ml.features] [SIMULATE] 特徴量生成 race_id=202405020411: 13 頭 × 46 特徴量 (リーク除外済み)
18:34:46 INFO     [src.ml.features] [SIMULATE] 特徴量生成 race_id=202405020412: 16 頭 × 46 特徴量 (リーク除外済み)
18:34:46 INFO     [src.ml.features] [SIMULATE] 特徴量生成 race_id=202408030401: 16 頭 × 46 特徴量 (リーク除外済み)
18:34:46 INFO     [src.ml.features] [SIMULATE] 特徴量生成 race_id=202408030402: 12 頭 × 46 特徴量 (リーク除外済み)
18:34:46 INFO     [src.ml.features] [SIMULATE] 特徴量生成 race_id=202408030403: 18 頭 × 46 特徴量 (リーク除外済み)
18:34:46 INFO     [src.ml.features] [SIMULATE] 特徴量生成 race_id=202408030404: 10 頭 × 46 特徴量 (リーク除外済み)
18:34:46 INFO     [src.ml.features] [SIMULATE] 特徴量生成 race_id=202408030405: 12 頭 × 46 特徴量 (リーク除外済み)
18:34:46 INFO     [src.ml.features] [SIMULATE] 特徴量生成 race_id=202408030406: 11 頭 × 46 特徴量 (リーク除外済み)
18:34:46 INFO     [src.ml.features] [SIMULATE] 特徴量生成 race_id=202408030407: 10 頭 × 46 特徴量 (リーク除外済み)
18:34:46 INFO     [src.ml.features] [SIMULATE] 特徴量生成 race_id=202408030408: 12 頭 × 46 特徴量 (リーク除外済み)
18:34:46 INFO     [src.ml.features] [SIMULATE] 特徴量生成 race_id=202408030409: 11 頭 × 46 特徴量 (リーク除外済み)
18:34:46 INFO     [src.ml.features] [SIMULATE] 特徴量生成 race_id=202408030410: 18 頭 × 46 特徴量 (リーク除外済み)
18:34:46 INFO     [src.ml.features] [SIMULATE] 特徴量生成 race_id=202408030412: 16 頭 × 46 特徴量 (リーク除外済み)
18:34:46 INFO     [src.ml.features] [SIMULATE] 特徴量生成 race_id=202404010201: 15 頭 × 46 特徴量 (リーク除外済み)
18:34:46 INFO     [src.ml.features] [SIMULATE] 特徴量生成 race_id=202404010202: 16 頭 × 46 特徴量 (リーク除外済み)
18:34:46 INFO     [src.ml.features] [SIMULATE] 特徴量生成 race_id=202404010203: 15 頭 × 46 特徴量 (リーク除外済み)
18:34:46 INFO     [src.ml.features] [SIMULATE] 特徴量生成 race_id=202404010204: 10 頭 × 46 特徴量 (リーク除外済み)
18:34:46 INFO     [src.ml.features] [SIMULATE] 特徴量生成 race_id=202404010205: 15 頭 × 46 特徴量 (リーク除外済み)
18:34:46 INFO     [src.ml.features] [SIMULATE] 特徴量生成 race_id=202404010206: 10 頭 × 46 特徴量 (リーク除外済み)
18:34:46 INFO     [src.ml.features] [SIMULATE] 特徴量生成 race_id=202404010207: 11 頭 × 46 特徴量 (リーク除外済み)
18:34:46 INFO     [src.ml.features] [SIMULATE] 特徴量生成 race_id=202404010208: 9 頭 × 46 特徴量 (リーク除外済み)
18:34:46 INFO     [src.ml.features] [SIMULATE] 特徴量生成 race_id=202404010209: 14 頭 × 46 特徴量 (リーク除外済み)
18:34:46 INFO     [src.ml.features] [SIMULATE] 特徴量生成 race_id=202404010210: 16 頭 × 46 特徴量 (リーク除外済み)
18:34:46 INFO     [src.ml.features] [SIMULATE] 特徴量生成 race_id=202404010211: 15 頭 × 46 特徴量 (リーク除外済み)
18:34:46 INFO     [src.ml.features] [SIMULATE] 特徴量生成 race_id=202404010212: 10 頭 × 46 特徴量 (リーク除外済み)
18:34:46 INFO     [src.ml.features] [SIMULATE] 特徴量生成 race_id=202443050111: 13 頭 × 46 特徴量 (リーク除外済み)
18:34:46 INFO     [src.ml.features] [SIMULATE] 特徴量生成 race_id=202405020501: 16 頭 × 46 特徴量 (リーク除外済み)
18:34:46 INFO     [src.ml.features] [SIMULATE] 特徴量生成 race_id=202405020502: 12 頭 × 46 特徴量 (リーク除外済み)
18:34:46 INFO     [src.ml.features] [SIMULATE] 特徴量生成 race_id=202405020503: 16 頭 × 46 特徴量 (リーク除外済み)
18:34:46 INFO     [src.ml.features] [SIMULATE] 特徴量生成 race_id=202405020504: 18 頭 × 46 特徴量 (リーク除外済み)
18:34:46 INFO     [src.ml.features] [SIMULATE] 特徴量生成 race_id=202405020505: 12 頭 × 46 特徴量 (リーク除外済み)
18:34:46 INFO     [src.ml.features] [SIMULATE] 特徴量生成 race_id=202405020506: 11 頭 × 46 特徴量 (リーク除外済み)
18:34:47 INFO     [src.ml.features] [SIMULATE] 特徴量生成 race_id=202405020507: 14 頭 × 46 特徴量 (リーク除外済み)
18:34:47 INFO     [src.ml.features] [SIMULATE] 特徴量生成 race_id=202405020508: 10 頭 × 46 特徴量 (リーク除外済み)
18:34:47 INFO     [src.ml.features] [SIMULATE] 特徴量生成 race_id=202405020509: 8 頭 × 46 特徴量 (リーク除外済み)
18:34:47 INFO     [src.ml.features] [SIMULATE] 特徴量生成 race_id=202405020510: 8 頭 × 46 特徴量 (リーク除外済み)
18:34:47 INFO     [src.ml.features] [SIMULATE] 特徴量生成 race_id=202405020511: 13 頭 × 46 特徴量 (リーク除外済み)
18:34:47 INFO     [src.ml.features] [SIMULATE] 特徴量生成 race_id=202405020512: 13 頭 × 46 特徴量 (リーク除外済み)
18:34:47 INFO     [src.ml.features] [SIMULATE] 特徴量生成 race_id=202408030501: 16 頭 × 46 特徴量 (リーク除外済み)
18:34:47 INFO     [src.ml.features] [SIMULATE] 特徴量生成 race_id=202408030502: 10 頭 × 46 特徴量 (リーク除外済み)
18:34:47 INFO     [src.ml.features] [SIMULATE] 特徴量生成 race_id=202408030503: 16 頭 × 46 特徴量 (リーク除外済み)
18:34:47 INFO     [src.ml.features] [SIMULATE] 特徴量生成 race_id=202408030504: 12 頭 × 46 特徴量 (リーク除外済み)
18:34:47 INFO     [src.ml.features] [SIMULATE] 特徴量生成 race_id=202408030505: 16 頭 × 46 特徴量 (リーク除外済み)
18:34:47 INFO     [src.ml.features] [SIMULATE] 特徴量生成 race_id=202408030506: 14 頭 × 46 特徴量 (リーク除外済み)
18:34:47 INFO     [src.ml.features] [SIMULATE] 特徴量生成 race_id=202408030507: 8 頭 × 46 特徴量 (リーク除外済み)
18:34:47 INFO     [src.ml.features] [SIMULATE] 特徴量生成 race_id=202408030508: 10 頭 × 46 特徴量 (リーク除外済み)
18:34:47 INFO     [src.ml.features] [SIMULATE] 特徴量生成 race_id=202408030509: 8 頭 × 46 特徴量 (リーク除外済み)
18:34:47 INFO     [src.ml.features] [SIMULATE] 特徴量生成 race_id=202408030510: 16 頭 × 46 特徴量 (リーク除外済み)
18:34:47 INFO     [src.ml.features] [SIMULATE] 特徴量生成 race_id=202408030511: 15 頭 × 46 特徴量 (リーク除外済み)
18:34:47 INFO     [src.ml.features] [SIMULATE] 特徴量生成 race_id=202408030512: 10 頭 × 46 特徴量 (リーク除外済み)
18:34:47 INFO     [src.ml.features] [SIMULATE] 特徴量生成 race_id=202404010301: 14 頭 × 46 特徴量 (リーク除外済み)
18:34:47 INFO     [src.ml.features] [SIMULATE] 特徴量生成 race_id=202404010302: 15 頭 × 46 特徴量 (リーク除外済み)
18:34:47 INFO     [src.ml.features] [SIMULATE] 特徴量生成 race_id=202404010303: 15 頭 × 46 特徴量 (リーク除外済み)
18:34:47 INFO     [src.ml.features] [SIMULATE] 特徴量生成 race_id=202404010304: 12 頭 × 46 特徴量 (リーク除外済み)
18:34:47 INFO     [src.ml.features] [SIMULATE] 特徴量生成 race_id=202404010305: 16 頭 × 46 特徴量 (リーク除外済み)
18:34:47 INFO     [src.ml.features] [SIMULATE] 特徴量生成 race_id=202404010306: 16 頭 × 46 特徴量 (リーク除外済み)
18:34:47 INFO     [src.ml.features] [SIMULATE] 特徴量生成 race_id=202404010307: 14 頭 × 46 特徴量 (リーク除外済み)
18:34:47 INFO     [src.ml.features] [SIMULATE] 特徴量生成 race_id=202404010308: 11 頭 × 46 特徴量 (リーク除外済み)
18:34:47 INFO     [src.ml.features] [SIMULATE] 特徴量生成 race_id=202404010309: 16 頭 × 46 特徴量 (リーク除外済み)
18:34:47 INFO     [src.ml.features] [SIMULATE] 特徴量生成 race_id=202404010310: 13 頭 × 46 特徴量 (リーク除外済み)
18:34:47 INFO     [src.ml.features] [SIMULATE] 特徴量生成 race_id=202404010311: 15 頭 × 46 特徴量 (リーク除外済み)
18:34:47 INFO     [src.ml.features] [SIMULATE] 特徴量生成 race_id=202404010312: 16 頭 × 46 特徴量 (リーク除外済み)
18:34:47 INFO     [src.ml.features] [SIMULATE] 特徴量生成 race_id=202405020611: 18 頭 × 46 特徴量 (リーク除外済み)
18:34:47 INFO     [src.ml.features] [SIMULATE] 特徴量生成 race_id=202405020601: 13 頭 × 46 特徴量 (リーク除外済み)
18:34:47 INFO     [src.ml.features] [SIMULATE] 特徴量生成 race_id=202405020602: 16 頭 × 46 特徴量 (リーク除外済み)
18:34:47 INFO     [src.ml.features] [SIMULATE] 特徴量生成 race_id=202405020603: 14 頭 × 46 特徴量 (リーク除外済み)
18:34:47 INFO     [src.ml.features] [SIMULATE] 特徴量生成 race_id=202405020604: 18 頭 × 46 特徴量 (リーク除外済み)
18:34:47 INFO     [src.ml.features] [SIMULATE] 特徴量生成 race_id=202405020605: 16 頭 × 46 特徴量 (リーク除外済み)
18:34:47 INFO     [src.ml.features] [SIMULATE] 特徴量生成 race_id=202405020606: 13 頭 × 46 特徴量 (リーク除外済み)
18:34:47 INFO     [src.ml.features] [SIMULATE] 特徴量生成 race_id=202405020607: 15 頭 × 46 特徴量 (リーク除外済み)
18:34:47 INFO     [src.ml.features] [SIMULATE] 特徴量生成 race_id=202405020608: 10 頭 × 46 特徴量 (リーク除外済み)
18:34:47 INFO     [src.ml.features] [SIMULATE] 特徴量生成 race_id=202405020609: 12 頭 × 46 特徴量 (リーク除外済み)
18:34:47 INFO     [src.ml.features] [SIMULATE] 特徴量生成 race_id=202405020610: 16 頭 × 46 特徴量 (リーク除外済み)
18:34:47 INFO     [src.ml.features] [SIMULATE] 特徴量生成 race_id=202405020612: 16 頭 × 46 特徴量 (リーク除外済み)
18:34:47 INFO     [src.ml.features] [SIMULATE] 特徴量生成 race_id=202408030601: 10 頭 × 46 特徴量 (リーク除外済み)
18:34:47 INFO     [src.ml.features] [SIMULATE] 特徴量生成 race_id=202408030602: 16 頭 × 46 特徴量 (リーク除外済み)
18:34:47 INFO     [src.ml.features] [SIMULATE] 特徴量生成 race_id=202408030603: 12 頭 × 46 特徴量 (リーク除外済み)
18:34:47 INFO     [src.ml.features] [SIMULATE] 特徴量生成 race_id=202408030604: 15 頭 × 46 特徴量 (リーク除外済み)
18:34:47 INFO     [src.ml.features] [SIMULATE] 特徴量生成 race_id=202408030605: 16 頭 × 46 特徴量 (リーク除外済み)
18:34:47 INFO     [src.ml.features] [SIMULATE] 特徴量生成 race_id=202408030606: 16 頭 × 46 特徴量 (リーク除外済み)
18:34:47 INFO     [src.ml.features] [SIMULATE] 特徴量生成 race_id=202408030607: 9 頭 × 46 特徴量 (リーク除外済み)
18:34:47 INFO     [src.ml.features] [SIMULATE] 特徴量生成 race_id=202408030608: 15 頭 × 46 特徴量 (リーク除外済み)
18:34:47 INFO     [src.ml.features] [SIMULATE] 特徴量生成 race_id=202408030609: 11 頭 × 46 特徴量 (リーク除外済み)
18:34:47 INFO     [src.ml.features] [SIMULATE] 特徴量生成 race_id=202408030610: 11 頭 × 46 特徴量 (リーク除外済み)
18:34:47 INFO     [src.ml.features] [SIMULATE] 特徴量生成 race_id=202408030611: 13 頭 × 46 特徴量 (リーク除外済み)
18:34:47 INFO     [src.ml.features] [SIMULATE] 特徴量生成 race_id=202408030612: 16 頭 × 46 特徴量 (リーク除外済み)
18:34:47 INFO     [src.ml.features] [SIMULATE] 特徴量生成 race_id=202404010401: 14 頭 × 46 特徴量 (リーク除外済み)
18:34:47 INFO     [src.ml.features] [SIMULATE] 特徴量生成 race_id=202404010402: 15 頭 × 46 特徴量 (リーク除外済み)
18:34:47 INFO     [src.ml.features] [SIMULATE] 特徴量生成 race_id=202404010403: 15 頭 × 46 特徴量 (リーク除外済み)
18:34:47 INFO     [src.ml.features] [SIMULATE] 特徴量生成 race_id=202404010404: 11 頭 × 46 特徴量 (リーク除外済み)
18:34:47 INFO     [src.ml.features] [SIMULATE] 特徴量生成 race_id=202404010405: 16 頭 × 46 特徴量 (リーク除外済み)
18:34:47 INFO     [src.ml.features] [SIMULATE] 特徴量生成 race_id=202404010406: 15 頭 × 46 特徴量 (リーク除外済み)
18:34:47 INFO     [src.ml.features] [SIMULATE] 特徴量生成 race_id=202404010407: 16 頭 × 46 特徴量 (リーク除外済み)
18:34:47 INFO     [src.ml.features] [SIMULATE] 特徴量生成 race_id=202404010408: 14 頭 × 46 特徴量 (リーク除外済み)
18:34:47 INFO     [src.ml.features] [SIMULATE] 特徴量生成 race_id=202404010409: 15 頭 × 46 特徴量 (リーク除外済み)
18:34:47 INFO     [src.ml.features] [SIMULATE] 特徴量生成 race_id=202404010410: 16 頭 × 46 特徴量 (リーク除外済み)
18:34:47 INFO     [src.ml.features] [SIMULATE] 特徴量生成 race_id=202404010411: 16 頭 × 46 特徴量 (リーク除外済み)
18:34:47 INFO     [src.ml.features] [SIMULATE] 特徴量生成 race_id=202404010412: 13 頭 × 46 特徴量 (リーク除外済み)
18:34:47 INFO     [src.ml.features] [SIMULATE] 特徴量生成 race_id=202405020701: 16 頭 × 46 特徴量 (リーク除外済み)
18:34:47 INFO     [src.ml.features] [SIMULATE] 特徴量生成 race_id=202405020702: 15 頭 × 46 特徴量 (リーク除外済み)
18:34:47 INFO     [src.ml.features] [SIMULATE] 特徴量生成 race_id=202405020703: 16 頭 × 46 特徴量 (リーク除外済み)
18:34:47 INFO     [src.ml.features] [SIMULATE] 特徴量生成 race_id=202405020704: 17 頭 × 46 特徴量 (リーク除外済み)
18:34:47 INFO     [src.ml.features] [SIMULATE] 特徴量生成 race_id=202405020705: 18 頭 × 46 特徴量 (リーク除外済み)
18:34:47 INFO     [src.ml.features] [SIMULATE] 特徴量生成 race_id=202405020706: 16 頭 × 46 特徴量 (リーク除外済み)
18:34:47 INFO     [src.ml.features] [SIMULATE] 特徴量生成 race_id=202405020707: 12 頭 × 46 特徴量 (リーク除外済み)
18:34:47 INFO     [src.ml.features] [SIMULATE] 特徴量生成 race_id=202405020708: 11 頭 × 46 特徴量 (リーク除外済み)
18:34:47 INFO     [src.ml.features] [SIMULATE] 特徴量生成 race_id=202405020709: 12 頭 × 46 特徴量 (リーク除外済み)
18:34:47 INFO     [src.ml.features] [SIMULATE] 特徴量生成 race_id=202405020710: 10 頭 × 46 特徴量 (リーク除外済み)
18:34:47 INFO     [src.ml.features] [SIMULATE] 特徴量生成 race_id=202405020711: 15 頭 × 46 特徴量 (リーク除外済み)
18:34:47 INFO     [src.ml.features] [SIMULATE] 特徴量生成 race_id=202405020712: 12 頭 × 46 特徴量 (リーク除外済み)
18:34:47 INFO     [src.ml.features] [SIMULATE] 特徴量生成 race_id=202408030701: 13 頭 × 46 特徴量 (リーク除外済み)
18:34:47 INFO     [src.ml.features] [SIMULATE] 特徴量生成 race_id=202408030702: 16 頭 × 46 特徴量 (リーク除外済み)
18:34:47 INFO     [src.ml.features] [SIMULATE] 特徴量生成 race_id=202408030703: 13 頭 × 46 特徴量 (リーク除外済み)
18:34:47 INFO     [src.ml.features] [SIMULATE] 特徴量生成 race_id=202408030704: 18 頭 × 46 特徴量 (リーク除外済み)
18:34:47 INFO     [src.ml.features] [SIMULATE] 特徴量生成 race_id=202408030705: 10 頭 × 46 特徴量 (リーク除外済み)
18:34:47 INFO     [src.ml.features] [SIMULATE] 特徴量生成 race_id=202408030706: 15 頭 × 46 特徴量 (リーク除外済み)
18:34:47 INFO     [src.ml.features] [SIMULATE] 特徴量生成 race_id=202408030707: 14 頭 × 46 特徴量 (リーク除外済み)
18:34:47 INFO     [src.ml.features] [SIMULATE] 特徴量生成 race_id=202408030708: 10 頭 × 46 特徴量 (リーク除外済み)
18:34:47 INFO     [src.ml.features] [SIMULATE] 特徴量生成 race_id=202408030709: 11 頭 × 46 特徴量 (リーク除外済み)
18:34:47 INFO     [src.ml.features] [SIMULATE] 特徴量生成 race_id=202408030710: 16 頭 × 46 特徴量 (リーク除外済み)
18:34:47 INFO     [src.ml.features] [SIMULATE] 特徴量生成 race_id=202408030711: 11 頭 × 46 特徴量 (リーク除外済み)
18:34:47 INFO     [src.ml.features] [SIMULATE] 特徴量生成 race_id=202408030712: 13 頭 × 46 特徴量 (リーク除外済み)
18:34:47 INFO     [src.ml.features] [SIMULATE] 特徴量生成 race_id=202404010501: 15 頭 × 46 特徴量 (リーク除外済み)
18:34:47 INFO     [src.ml.features] [SIMULATE] 特徴量生成 race_id=202404010502: 15 頭 × 46 特徴量 (リーク除外済み)
18:34:47 INFO     [src.ml.features] [SIMULATE] 特徴量生成 race_id=202404010503: 16 頭 × 46 特徴量 (リーク除外済み)
18:34:48 INFO     [src.ml.features] [SIMULATE] 特徴量生成 race_id=202404010504: 15 頭 × 46 特徴量 (リーク除外済み)
18:34:48 INFO     [src.ml.features] [SIMULATE] 特徴量生成 race_id=202404010505: 15 頭 × 46 特徴量 (リーク除外済み)
18:34:48 INFO     [src.ml.features] [SIMULATE] 特徴量生成 race_id=202404010506: 15 頭 × 46 特徴量 (リーク除外済み)
18:34:48 INFO     [src.ml.features] [SIMULATE] 特徴量生成 race_id=202404010507: 8 頭 × 46 特徴量 (リーク除外済み)
18:34:48 INFO     [src.ml.features] [SIMULATE] 特徴量生成 race_id=202404010508: 14 頭 × 46 特徴量 (リーク除外済み)
18:34:48 INFO     [src.ml.features] [SIMULATE] 特徴量生成 race_id=202404010509: 12 頭 × 46 特徴量 (リーク除外済み)
18:34:48 INFO     [src.ml.features] [SIMULATE] 特徴量生成 race_id=202404010510: 12 頭 × 46 特徴量 (リーク除外済み)
18:34:48 INFO     [src.ml.features] [SIMULATE] 特徴量生成 race_id=202404010511: 11 頭 × 46 特徴量 (リーク除外済み)
18:34:48 INFO     [src.ml.features] [SIMULATE] 特徴量生成 race_id=202404010512: 14 頭 × 46 特徴量 (リーク除外済み)
18:34:48 INFO     [src.ml.features] [SIMULATE] 特徴量生成 race_id=202405020811: 15 頭 × 46 特徴量 (リーク除外済み)
18:34:48 INFO     [src.ml.features] [SIMULATE] 特徴量生成 race_id=202405020801: 16 頭 × 46 特徴量 (リーク除外済み)
18:34:48 INFO     [src.ml.features] [SIMULATE] 特徴量生成 race_id=202405020802: 16 頭 × 46 特徴量 (リーク除外済み)
18:34:48 INFO     [src.ml.features] [SIMULATE] 特徴量生成 race_id=202405020803: 16 頭 × 46 特徴量 (リーク除外済み)
18:34:48 INFO     [src.ml.features] [SIMULATE] 特徴量生成 race_id=202405020804: 17 頭 × 46 特徴量 (リーク除外済み)
18:34:48 INFO     [src.ml.features] [SIMULATE] 特徴量生成 race_id=202405020805: 11 頭 × 46 特徴量 (リーク除外済み)
18:34:48 INFO     [src.ml.features] [SIMULATE] 特徴量生成 race_id=202405020806: 11 頭 × 46 特徴量 (リーク除外済み)
18:34:48 INFO     [src.ml.features] [SIMULATE] 特徴量生成 race_id=202405020807: 16 頭 × 46 特徴量 (リーク除外済み)
18:34:48 INFO     [src.ml.features] [SIMULATE] 特徴量生成 race_id=202405020808: 9 頭 × 46 特徴量 (リーク除外済み)
18:34:48 INFO     [src.ml.features] [SIMULATE] 特徴量生成 race_id=202405020809: 8 頭 × 46 特徴量 (リーク除外済み)
18:34:48 INFO     [src.ml.features] [SIMULATE] 特徴量生成 race_id=202405020810: 12 頭 × 46 特徴量 (リーク除外済み)
18:34:48 INFO     [src.ml.features] [SIMULATE] 特徴量生成 race_id=202405020812: 16 頭 × 46 特徴量 (リーク除外済み)
18:34:48 INFO     [src.ml.features] [SIMULATE] 特徴量生成 race_id=202408030801: 16 頭 × 46 特徴量 (リーク除外済み)
18:34:48 INFO     [src.ml.features] [SIMULATE] 特徴量生成 race_id=202408030802: 15 頭 × 46 特徴量 (リーク除外済み)
18:34:48 INFO     [src.ml.features] [SIMULATE] 特徴量生成 race_id=202408030803: 18 頭 × 46 特徴量 (リーク除外済み)
18:34:48 INFO     [src.ml.features] [SIMULATE] 特徴量生成 race_id=202408030804: 14 頭 × 46 特徴量 (リーク除外済み)
18:34:48 INFO     [src.ml.features] [SIMULATE] 特徴量生成 race_id=202408030805: 16 頭 × 46 特徴量 (リーク除外済み)
18:34:48 INFO     [src.ml.features] [SIMULATE] 特徴量生成 race_id=202408030806: 7 頭 × 46 特徴量 (リーク除外済み)
18:34:48 INFO     [src.ml.features] [SIMULATE] 特徴量生成 race_id=202408030807: 14 頭 × 46 特徴量 (リーク除外済み)
18:34:48 INFO     [src.ml.features] [SIMULATE] 特徴量生成 race_id=202408030808: 12 頭 × 46 特徴量 (リーク除外済み)
18:34:48 INFO     [src.ml.features] [SIMULATE] 特徴量生成 race_id=202408030809: 7 頭 × 46 特徴量 (リーク除外済み)
18:34:48 INFO     [src.ml.features] [SIMULATE] 特徴量生成 race_id=202408030810: 14 頭 × 46 特徴量 (リーク除外済み)
18:34:48 INFO     [src.ml.features] [SIMULATE] 特徴量生成 race_id=202408030811: 16 頭 × 46 特徴量 (リーク除外済み)
18:34:48 INFO     [src.ml.features] [SIMULATE] 特徴量生成 race_id=202408030812: 14 頭 × 46 特徴量 (リーク除外済み)
18:34:48 INFO     [src.ml.features] [SIMULATE] 特徴量生成 race_id=202404010601: 16 頭 × 46 特徴量 (リーク除外済み)
18:34:48 INFO     [src.ml.features] [SIMULATE] 特徴量生成 race_id=202404010602: 15 頭 × 46 特徴量 (リーク除外済み)
18:34:48 INFO     [src.ml.features] [SIMULATE] 特徴量生成 race_id=202404010603: 15 頭 × 46 特徴量 (リーク除外済み)
18:34:48 INFO     [src.ml.features] [SIMULATE] 特徴量生成 race_id=202404010604: 11 頭 × 46 特徴量 (リーク除外済み)
18:34:48 INFO     [src.ml.features] [SIMULATE] 特徴量生成 race_id=202404010605: 9 頭 × 46 特徴量 (リーク除外済み)
18:34:48 INFO     [src.ml.features] [SIMULATE] 特徴量生成 race_id=202404010606: 11 頭 × 46 特徴量 (リーク除外済み)
18:34:48 INFO     [src.ml.features] [SIMULATE] 特徴量生成 race_id=202404010607: 16 頭 × 46 特徴量 (リーク除外済み)
18:34:48 INFO     [src.ml.features] [SIMULATE] 特徴量生成 race_id=202404010608: 14 頭 × 46 特徴量 (リーク除外済み)
18:34:48 INFO     [src.ml.features] [SIMULATE] 特徴量生成 race_id=202404010609: 8 頭 × 46 特徴量 (リーク除外済み)
18:34:48 INFO     [src.ml.features] [SIMULATE] 特徴量生成 race_id=202404010610: 14 頭 × 46 特徴量 (リーク除外済み)
18:34:48 INFO     [src.ml.features] [SIMULATE] 特徴量生成 race_id=202404010611: 16 頭 × 46 特徴量 (リーク除外済み)
18:34:48 INFO     [src.ml.features] [SIMULATE] 特徴量生成 race_id=202404010612: 13 頭 × 46 特徴量 (リーク除外済み)
18:34:48 INFO     [src.ml.features] [SIMULATE] 特徴量生成 race_id=202405020901: 16 頭 × 46 特徴量 (リーク除外済み)
18:34:48 INFO     [src.ml.features] [SIMULATE] 特徴量生成 race_id=202405020902: 16 頭 × 46 特徴量 (リーク除外済み)
18:34:48 INFO     [src.ml.features] [SIMULATE] 特徴量生成 race_id=202405020903: 14 頭 × 46 特徴量 (リーク除外済み)
18:34:48 INFO     [src.ml.features] [SIMULATE] 特徴量生成 race_id=202405020904: 18 頭 × 46 特徴量 (リーク除外済み)
18:34:48 INFO     [src.ml.features] [SIMULATE] 特徴量生成 race_id=202405020905: 18 頭 × 46 特徴量 (リーク除外済み)
18:34:48 INFO     [src.ml.features] [SIMULATE] 特徴量生成 race_id=202405020906: 10 頭 × 46 特徴量 (リーク除外済み)
18:34:48 INFO     [src.ml.features] [SIMULATE] 特徴量生成 race_id=202405020907: 16 頭 × 46 特徴量 (リーク除外済み)
18:34:48 INFO     [src.ml.features] [SIMULATE] 特徴量生成 race_id=202405020908: 16 頭 × 46 特徴量 (リーク除外済み)
18:34:48 INFO     [src.ml.features] [SIMULATE] 特徴量生成 race_id=202405020909: 11 頭 × 46 特徴量 (リーク除外済み)
18:34:48 INFO     [src.ml.features] [SIMULATE] 特徴量生成 race_id=202405020910: 12 頭 × 46 特徴量 (リーク除外済み)
18:34:48 INFO     [src.ml.features] [SIMULATE] 特徴量生成 race_id=202405020911: 16 頭 × 46 特徴量 (リーク除外済み)
18:34:48 INFO     [src.ml.features] [SIMULATE] 特徴量生成 race_id=202405020912: 16 頭 × 46 特徴量 (リーク除外済み)
18:34:48 INFO     [src.ml.features] [SIMULATE] 特徴量生成 race_id=202408030901: 16 頭 × 46 特徴量 (リーク除外済み)
18:34:48 INFO     [src.ml.features] [SIMULATE] 特徴量生成 race_id=202408030902: 16 頭 × 46 特徴量 (リーク除外済み)
18:34:48 INFO     [src.ml.features] [SIMULATE] 特徴量生成 race_id=202408030903: 16 頭 × 46 特徴量 (リーク除外済み)
18:34:48 INFO     [src.ml.features] [SIMULATE] 特徴量生成 race_id=202408030904: 18 頭 × 46 特徴量 (リーク除外済み)
18:34:48 INFO     [src.ml.features] [SIMULATE] 特徴量生成 race_id=202408030905: 14 頭 × 46 特徴量 (リーク除外済み)
18:34:48 INFO     [src.ml.features] [SIMULATE] 特徴量生成 race_id=202408030906: 15 頭 × 46 特徴量 (リーク除外済み)
18:34:48 INFO     [src.ml.features] [SIMULATE] 特徴量生成 race_id=202408030907: 12 頭 × 46 特徴量 (リーク除外済み)
18:34:48 INFO     [src.ml.features] [SIMULATE] 特徴量生成 race_id=202408030908: 10 頭 × 46 特徴量 (リーク除外済み)
18:34:48 INFO     [src.ml.features] [SIMULATE] 特徴量生成 race_id=202408030909: 14 頭 × 46 特徴量 (リーク除外済み)
18:34:48 INFO     [src.ml.features] [SIMULATE] 特徴量生成 race_id=202408030910: 9 頭 × 46 特徴量 (リーク除外済み)
18:34:48 INFO     [src.ml.features] [SIMULATE] 特徴量生成 race_id=202408030911: 16 頭 × 46 特徴量 (リーク除外済み)
18:34:48 INFO     [src.ml.features] [SIMULATE] 特徴量生成 race_id=202408030912: 16 頭 × 46 特徴量 (リーク除外済み)
18:34:48 INFO     [src.ml.features] [SIMULATE] 特徴量生成 race_id=202404010701: 14 頭 × 46 特徴量 (リーク除外済み)
18:34:48 INFO     [src.ml.features] [SIMULATE] 特徴量生成 race_id=202404010702: 15 頭 × 46 特徴量 (リーク除外済み)
18:34:48 INFO     [src.ml.features] [SIMULATE] 特徴量生成 race_id=202404010703: 15 頭 × 46 特徴量 (リーク除外済み)
18:34:48 INFO     [src.ml.features] [SIMULATE] 特徴量生成 race_id=202404010704: 13 頭 × 46 特徴量 (リーク除外済み)
18:34:48 INFO     [src.ml.features] [SIMULATE] 特徴量生成 race_id=202404010705: 16 頭 × 46 特徴量 (リーク除外済み)
18:34:48 INFO     [src.ml.features] [SIMULATE] 特徴量生成 race_id=202404010706: 15 頭 × 46 特徴量 (リーク除外済み)
18:34:48 INFO     [src.ml.features] [SIMULATE] 特徴量生成 race_id=202404010707: 16 頭 × 46 特徴量 (リーク除外済み)
18:34:48 INFO     [src.ml.features] [SIMULATE] 特徴量生成 race_id=202404010708: 15 頭 × 46 特徴量 (リーク除外済み)
18:34:48 INFO     [src.ml.features] [SIMULATE] 特徴量生成 race_id=202404010709: 16 頭 × 46 特徴量 (リーク除外済み)
18:34:48 INFO     [src.ml.features] [SIMULATE] 特徴量生成 race_id=202404010710: 10 頭 × 46 特徴量 (リーク除外済み)
18:34:48 INFO     [src.ml.features] [SIMULATE] 特徴量生成 race_id=202404010711: 16 頭 × 46 特徴量 (リーク除外済み)
18:34:48 INFO     [src.ml.features] [SIMULATE] 特徴量生成 race_id=202404010712: 15 頭 × 46 特徴量 (リーク除外済み)
18:34:48 INFO     [src.ml.features] [SIMULATE] 特徴量生成 race_id=202405021011: 18 頭 × 46 特徴量 (リーク除外済み)
18:34:48 INFO     [src.ml.features] [SIMULATE] 特徴量生成 race_id=202405021001: 16 頭 × 46 特徴量 (リーク除外済み)
18:34:48 INFO     [src.ml.features] [SIMULATE] 特徴量生成 race_id=202405021002: 16 頭 × 46 特徴量 (リーク除外済み)
18:34:48 INFO     [src.ml.features] [SIMULATE] 特徴量生成 race_id=202405021003: 16 頭 × 46 特徴量 (リーク除外済み)
18:34:49 INFO     [src.ml.features] [SIMULATE] 特徴量生成 race_id=202405021004: 14 頭 × 46 特徴量 (リーク除外済み)
18:34:49 INFO     [src.ml.features] [SIMULATE] 特徴量生成 race_id=202405021005: 11 頭 × 46 特徴量 (リーク除外済み)
18:34:49 INFO     [src.ml.features] [SIMULATE] 特徴量生成 race_id=202405021006: 16 頭 × 46 特徴量 (リーク除外済み)
18:34:49 INFO     [src.ml.features] [SIMULATE] 特徴量生成 race_id=202405021007: 9 頭 × 46 特徴量 (リーク除外済み)
18:34:49 INFO     [src.ml.features] [SIMULATE] 特徴量生成 race_id=202405021008: 10 頭 × 46 特徴量 (リーク除外済み)
18:34:49 INFO     [src.ml.features] [SIMULATE] 特徴量生成 race_id=202405021009: 13 頭 × 46 特徴量 (リーク除外済み)
18:34:49 INFO     [src.ml.features] [SIMULATE] 特徴量生成 race_id=202405021010: 16 頭 × 46 特徴量 (リーク除外済み)
18:34:49 INFO     [src.ml.features] [SIMULATE] 特徴量生成 race_id=202405021012: 15 頭 × 46 特徴量 (リーク除外済み)
18:34:49 INFO     [src.ml.features] [SIMULATE] 特徴量生成 race_id=202408031001: 14 頭 × 46 特徴量 (リーク除外済み)
18:34:49 INFO     [src.ml.features] [SIMULATE] 特徴量生成 race_id=202408031002: 15 頭 × 46 特徴量 (リーク除外済み)
18:34:49 INFO     [src.ml.features] [SIMULATE] 特徴量生成 race_id=202408031003: 18 頭 × 46 特徴量 (リーク除外済み)
18:34:49 INFO     [src.ml.features] [SIMULATE] 特徴量生成 race_id=202408031004: 15 頭 × 46 特徴量 (リーク除外済み)
18:34:49 INFO     [src.ml.features] [SIMULATE] 特徴量生成 race_id=202408031005: 18 頭 × 46 特徴量 (リーク除外済み)
18:34:49 INFO     [src.ml.features] [SIMULATE] 特徴量生成 race_id=202408031006: 14 頭 × 46 特徴量 (リーク除外済み)
18:34:49 INFO     [src.ml.features] [SIMULATE] 特徴量生成 race_id=202408031007: 11 頭 × 46 特徴量 (リーク除外済み)
18:34:49 INFO     [src.ml.features] [SIMULATE] 特徴量生成 race_id=202408031008: 17 頭 × 46 特徴量 (リーク除外済み)
18:34:49 INFO     [src.ml.features] [SIMULATE] 特徴量生成 race_id=202408031009: 16 頭 × 46 特徴量 (リーク除外済み)
18:34:49 INFO     [src.ml.features] [SIMULATE] 特徴量生成 race_id=202408031010: 12 頭 × 46 特徴量 (リーク除外済み)
18:34:49 INFO     [src.ml.features] [SIMULATE] 特徴量生成 race_id=202408031011: 16 頭 × 46 特徴量 (リーク除外済み)
18:34:49 INFO     [src.ml.features] [SIMULATE] 特徴量生成 race_id=202408031012: 16 頭 × 46 特徴量 (リーク除外済み)
18:34:49 INFO     [src.ml.features] [SIMULATE] 特徴量生成 race_id=202404010801: 15 頭 × 46 特徴量 (リーク除外済み)
18:34:49 INFO     [src.ml.features] [SIMULATE] 特徴量生成 race_id=202404010802: 16 頭 × 46 特徴量 (リーク除外済み)
18:34:49 INFO     [src.ml.features] [SIMULATE] 特徴量生成 race_id=202404010803: 15 頭 × 46 特徴量 (リーク除外済み)
18:34:49 INFO     [src.ml.features] [SIMULATE] 特徴量生成 race_id=202404010804: 14 頭 × 46 特徴量 (リーク除外済み)
18:34:49 INFO     [src.ml.features] [SIMULATE] 特徴量生成 race_id=202405021211: 18 頭 × 46 特徴量 (リーク除外済み)
18:34:49 INFO     [src.ml.features] [SIMULATE] 特徴量生成 race_id=202405030211: 18 頭 × 46 特徴量 (リーク除外済み)
18:34:49 INFO     [src.ml.features] [SIMULATE] 特徴量生成 race_id=202444060511: 16 頭 × 46 特徴量 (リーク除外済み)
18:34:49 INFO     [src.ml.features] [SIMULATE] 特徴量生成 race_id=202442061911: 12 頭 × 46 特徴量 (リーク除外済み)
18:34:49 INFO     [src.ml.features] [SIMULATE] 特徴量生成 race_id=202408040811: 13 頭 × 46 特徴量 (リーク除外済み)
18:34:49 INFO     [src.ml.features] [SIMULATE] 特徴量生成 race_id=202444062611: 13 頭 × 46 特徴量 (リーク除外済み)
18:34:49 INFO     [src.ml.features] [SIMULATE] 特徴量生成 race_id=202406040911: 16 頭 × 46 特徴量 (リーク除外済み)
18:34:49 INFO     [src.ml.features] [SIMULATE] 特徴量生成 race_id=202444100211: 15 頭 × 46 特徴量 (リーク除外済み)
18:34:49 INFO     [src.ml.features] [SIMULATE] 特徴量生成 race_id=202408050411: 15 頭 × 46 特徴量 (リーク除外済み)
18:34:49 INFO     [src.ml.features] [SIMULATE] 特徴量生成 race_id=202435101412: 15 頭 × 46 特徴量 (リーク除外済み)
18:34:49 INFO     [src.ml.features] [SIMULATE] 特徴量生成 race_id=202408050611: 18 頭 × 46 特徴量 (リーク除外済み)
18:34:49 INFO     [src.ml.features] [SIMULATE] 特徴量生成 race_id=202405040811: 15 頭 × 46 特徴量 (リーク除外済み)
18:34:49 INFO     [src.ml.features] [SIMULATE] 特徴量生成 race_id=202455110409: 11 頭 × 46 特徴量 (リーク除外済み)
18:34:49 INFO     [src.ml.features] [SIMULATE] 特徴量生成 race_id=202455110410: 12 頭 × 46 特徴量 (リーク除外済み)
18:34:49 INFO     [src.ml.features] [SIMULATE] 特徴量生成 race_id=202455110411: 11 頭 × 46 特徴量 (リーク除外済み)
18:34:49 INFO     [src.ml.features] [SIMULATE] 特徴量生成 race_id=202408060411: 17 頭 × 46 特徴量 (リーク除外済み)
18:34:49 INFO     [src.ml.features] [SIMULATE] 特徴量生成 race_id=202408060611: 17 頭 × 46 特徴量 (リーク除外済み)
18:34:49 INFO     [src.ml.features] [SIMULATE] 特徴量生成 race_id=202405050812: 14 頭 × 46 特徴量 (リーク除外済み)
18:34:49 INFO     [src.ml.features] [SIMULATE] 特徴量生成 race_id=202407040211: 16 頭 × 46 特徴量 (リーク除外済み)
18:34:49 INFO     [src.ml.features] [SIMULATE] 特徴量生成 race_id=202408070411: 18 頭 × 46 特徴量 (リーク除外済み)
18:34:49 INFO     [src.ml.features] [SIMULATE] 特徴量生成 race_id=202445121111: 11 頭 × 46 特徴量 (リーク除外済み)
18:34:49 INFO     [src.ml.features] [SIMULATE] 特徴量生成 race_id=202408070611: 16 頭 × 46 特徴量 (リーク除外済み)
18:34:49 INFO     [src.ml.features] [SIMULATE] 特徴量生成 race_id=202406050710: 9 頭 × 46 特徴量 (リーク除外済み)
18:34:49 INFO     [src.ml.features] [SIMULATE] 特徴量生成 race_id=202406050811: 16 頭 × 46 特徴量 (リーク除外済み)
18:34:49 INFO     [src.ml.features] [SIMULATE] 特徴量生成 race_id=202406050911: 18 頭 × 46 特徴量 (リーク除外済み)
18:34:49 INFO     [src.ml.features] [SIMULATE] 特徴量生成 race_id=202444122909: 10 頭 × 46 特徴量 (リーク除外済み)
18:34:49 INFO     [src.ml.features] [SIMULATE] 特徴量生成 race_id=202505010811: 16 頭 × 46 特徴量 (リーク除外済み)
18:34:49 INFO     [src.ml.features] [SIMULATE] 特徴量生成 race_id=202507020611: 18 頭 × 46 特徴量 (リーク除外済み)
18:34:49 INFO     [src.ml.features] [SIMULATE] 特徴量生成 race_id=202509020411: 15 頭 × 46 特徴量 (リーク除外済み)
18:34:49 INFO     [src.ml.features] [SIMULATE] 特徴量生成 race_id=202545040911: 13 頭 × 46 特徴量 (リーク除外済み)
18:34:49 INFO     [src.ml.features] [SIMULATE] 特徴量生成 race_id=202509020611: 18 頭 × 46 特徴量 (リーク除外済み)
18:34:49 INFO     [src.ml.features] [SIMULATE] 特徴量生成 race_id=202506030711: 12 頭 × 46 特徴量 (リーク除外済み)
18:34:49 INFO     [src.ml.features] [SIMULATE] 特徴量生成 race_id=202506030811: 18 頭 × 46 特徴量 (リーク除外済み)
18:34:49 INFO     [src.ml.features] [SIMULATE] 特徴量生成 race_id=202544042911: 15 頭 × 46 特徴量 (リーク除外済み)
18:34:49 INFO     [src.ml.features] [SIMULATE] 特徴量生成 race_id=202508020411: 15 頭 × 46 特徴量 (リーク除外済み)
18:34:49 INFO     [src.ml.features] [SIMULATE] 特徴量生成 race_id=202543050511: 10 頭 × 46 特徴量 (リーク除外済み)
18:34:49 INFO     [src.ml.features] [SIMULATE] 特徴量生成 race_id=202505020611: 18 頭 × 46 特徴量 (リーク除外済み)
18:34:49 INFO     [src.ml.features] [SIMULATE] 特徴量生成 race_id=202505020811: 18 頭 × 46 特徴量 (リーク除外済み)
18:34:49 INFO     [src.ml.features] [SIMULATE] 特徴量生成 race_id=202505021011: 18 頭 × 46 特徴量 (リーク除外済み)
18:34:49 INFO     [src.ml.features] [SIMULATE] 特徴量生成 race_id=202505021211: 18 頭 × 46 特徴量 (リーク除外済み)
18:34:49 INFO     [src.ml.features] [SIMULATE] 特徴量生成 race_id=202505030211: 18 頭 × 46 特徴量 (リーク除外済み)
18:34:49 INFO     [src.ml.features] [SIMULATE] 特徴量生成 race_id=202544061111: 16 頭 × 46 特徴量 (リーク除外済み)
18:34:49 INFO     [src.ml.features] [SIMULATE] 特徴量生成 race_id=202509030411: 17 頭 × 46 特徴量 (リーク除外済み)
18:34:49 INFO     [src.ml.features] [SIMULATE] 特徴量生成 race_id=202542062511: 12 頭 × 46 特徴量 (リーク除外済み)
18:34:50 INFO     [src.ml.features] [SIMULATE] 特徴量生成 race_id=202544070211: 14 頭 × 46 特徴量 (リーク除外済み)
18:34:50 INFO     [src.ml.features] [SIMULATE] 特徴量生成 race_id=202506040911: 16 頭 × 46 特徴量 (リーク除外済み)
18:34:50 INFO     [src.ml.features] [SIMULATE] 特徴量生成 race_id=202544100811: 16 頭 × 46 特徴量 (リーク除外済み)
18:34:50 INFO     [src.ml.features] [SIMULATE] 特徴量生成 race_id=202535101312: 16 頭 × 46 特徴量 (リーク除外済み)
18:34:50 INFO     [src.ml.features] [SIMULATE] 特徴量生成 race_id=202508030711: 18 頭 × 46 特徴量 (リーク除外済み)
18:34:50 INFO     [src.ml.features] [SIMULATE] 特徴量生成 race_id=202508030911: 18 頭 × 46 特徴量 (リーク除外済み)
18:34:50 INFO     [src.ml.features] [SIMULATE] 特徴量生成 race_id=202505041111: 14 頭 × 46 特徴量 (リーク除外済み)
18:34:50 INFO     [src.ml.features] [SIMULATE] 特徴量生成 race_id=202543110309: 14 頭 × 46 特徴量 (リーク除外済み)
18:34:50 INFO     [src.ml.features] [SIMULATE] 特徴量生成 race_id=202543110310: 14 頭 × 46 特徴量 (リーク除外済み)
18:34:50 INFO     [src.ml.features] [SIMULATE] 特徴量生成 race_id=202543110311: 14 頭 × 46 特徴量 (リーク除外済み)
18:34:50 INFO     [src.ml.features] [SIMULATE] 特徴量生成 race_id=202508040411: 16 頭 × 46 特徴量 (リーク除外済み)
18:34:50 INFO     [src.ml.features] [SIMULATE] 特徴量生成 race_id=202508040611: 18 頭 × 46 特徴量 (リーク除外済み)
18:34:50 INFO     [src.ml.features] [SIMULATE] 特徴量生成 race_id=202505050812: 18 頭 × 46 特徴量 (リーク除外済み)
18:34:50 INFO     [src.ml.features] [SIMULATE] 特徴量生成 race_id=202507050211: 16 頭 × 46 特徴量 (リーク除外済み)
18:34:50 INFO     [src.ml.features] [SIMULATE] 特徴量生成 race_id=202509050411: 18 頭 × 46 特徴量 (リーク除外済み)
18:34:50 INFO     [src.ml.features] [SIMULATE] 特徴量生成 race_id=202545121711: 9 頭 × 46 特徴量 (リーク除外済み)
18:34:50 INFO     [src.ml.features] [SIMULATE] 特徴量生成 race_id=202509050611: 14 頭 × 46 特徴量 (リーク除外済み)
18:34:50 INFO     [src.ml.features] [SIMULATE] 特徴量生成 race_id=202506050710: 10 頭 × 46 特徴量 (リーク除外済み)
18:34:50 INFO     [src.ml.features] [SIMULATE] 特徴量生成 race_id=202506050711: 16 頭 × 46 特徴量 (リーク除外済み)
18:34:50 INFO     [src.ml.features] [SIMULATE] 特徴量生成 race_id=202506050811: 16 頭 × 46 特徴量 (リーク除外済み)
18:34:50 INFO     [src.ml.features] [SIMULATE] 特徴量生成 race_id=202544122909: 16 頭 × 46 特徴量 (リーク除外済み)
18:34:50 INFO     [src.ml.features] [SIMULATE] 特徴量生成 race_id=202605010811: 16 頭 × 46 特徴量 (リーク除外済み)
18:34:50 INFO     [src.ml.features] [SIMULATE] 特徴量生成 race_id=202607010611: 18 頭 × 46 特徴量 (リーク除外済み)
18:34:50 INFO     [src.ml.features] [SIMULATE] 特徴量生成 race_id=025002031947: 16 頭 × 46 特徴量 (リーク除外済み)
18:34:50 INFO     [src.ml.features] [SIMULATE] 特徴量生成 race_id=023102021950: 21 頭 × 46 特徴量 (リーク除外済み)
18:34:50 INFO     [src.ml.features] [SIMULATE] 特徴量生成 race_id=025172021650: 22 頭 × 46 特徴量 (リーク除外済み)
18:34:50 INFO     [src.ml.features] [SIMULATE] 特徴量生成 race_id=024092031847: 7 頭 × 46 特徴量 (リーク除外済み)
18:34:50 INFO     [src.ml.features] [SIMULATE] 特徴量生成 race_id=025072031646: 11 頭 × 46 特徴量 (リーク除外済み)
18:34:50 INFO     [src.ml.features] [SIMULATE] 特徴量生成 race_id=024162022550: 19 頭 × 46 特徴量 (リーク除外済み)
18:34:50 INFO     [src.ml.features] [SIMULATE] 特徴量生成 race_id=025012032047: 10 頭 × 46 特徴量 (リーク除外済み)
18:34:50 INFO     [src.ml.features] [SIMULATE] 特徴量生成 race_id=025042010248: 23 頭 × 46 特徴量 (リーク除外済み)
18:34:50 INFO     [src.ml.features] [SIMULATE] 特徴量生成 race_id=025072021655: 19 頭 × 46 特徴量 (リーク除外済み)
18:34:50 INFO     [src.ml.features] [SIMULATE] 特徴量生成 race_id=023112022050: 12 頭 × 46 特徴量 (リーク除外済み)
18:34:50 INFO     [src.ml.features] [SIMULATE] 特徴量生成 race_id=024092021855: 12 頭 × 46 特徴量 (リーク除外済み)
18:34:50 INFO     [src.ml.features] [SIMULATE] 特徴量生成 race_id=025082031746: 11 頭 × 46 特徴量 (リーク除外済み)
18:34:50 INFO     [src.ml.features] [SIMULATE] 特徴量生成 race_id=026092031847: 8 頭 × 46 特徴量 (リーク除外済み)
18:34:50 INFO     [src.ml.features] [SIMULATE] 特徴量生成 race_id=025182021750: 36 頭 × 46 特徴量 (リーク除外済み)
18:34:50 INFO     [src.ml.features] [SIMULATE] 特徴量生成 race_id=026052011448: 21 頭 × 46 特徴量 (リーク除外済み)
18:34:50 INFO     [src.ml.features] [SIMULATE] 特徴量生成 race_id=025032010248: 8 頭 × 46 特徴量 (リーク除外済み)
18:34:50 INFO     [src.ml.features] [SIMULATE] 特徴量生成 race_id=024172022650: 12 頭 × 46 特徴量 (リーク除外済み)
18:34:50 INFO     [src.ml.features] [SIMULATE] 特徴量生成 race_id=025042010348: 23 頭 × 46 特徴量 (リーク除外済み)
18:34:50 INFO     [src.ml.features] [SIMULATE] 特徴量生成 race_id=024112022950: 31 頭 × 46 特徴量 (リーク除外済み)
18:34:50 INFO     [src.ml.features] [SIMULATE] 特徴量生成 race_id=024062022255: 9 頭 × 46 特徴量 (リーク除外済み)
18:34:50 INFO     [src.ml.features] [SIMULATE] 特徴量生成 race_id=026062011548: 18 頭 × 46 特徴量 (リーク除外済み)
18:34:50 INFO     [src.ml.features] [SIMULATE] 特徴量生成 race_id=025022032147: 37 頭 × 46 特徴量 (リーク除外済み)
18:34:50 INFO     [src.ml.features] [SIMULATE] 特徴量生成 race_id=024112023050: 34 頭 × 46 特徴量 (リーク除外済み)
18:34:50 INFO     [src.ml.features] [SIMULATE] 特徴量生成 race_id=025142022350: 10 頭 × 46 特徴量 (リーク除外済み)
18:34:50 INFO     [src.ml.features] [SIMULATE] 特徴量生成 race_id=025052010448: 19 頭 × 46 特徴量 (リーク除外済み)
18:34:50 INFO     [src.ml.features] [SIMULATE] 特徴量生成 race_id=025032022255: 11 頭 × 46 特徴量 (リーク除外済み)
18:34:50 INFO     [src.ml.features] [SIMULATE] 特徴量生成 race_id=025052032447: 32 頭 × 46 特徴量 (リーク除外済み)
18:34:50 INFO     [src.ml.features] [SIMULATE] 特徴量生成 race_id=025072010648: 22 頭 × 46 特徴量 (リーク除外済み)
18:34:50 INFO     [src.ml.features] [SIMULATE] 特徴量生成 race_id=025152022450: 10 頭 × 46 特徴量 (リーク除外済み)
18:34:50 INFO     [src.ml.features] [SIMULATE] 特徴量生成 race_id=025042022355: 12 頭 × 46 特徴量 (リーク除外済み)
18:34:50 INFO     [src.ml.features] [SIMULATE] 特徴量生成 race_id=024142023150: 46 頭 × 46 特徴量 (リーク除外済み)
18:34:50 INFO     [src.ml.features] [SIMULATE] 特徴量生成 race_id=023142023150: 12 頭 × 46 特徴量 (リーク除外済み)
18:34:50 INFO     [src.ml.features] [SIMULATE] 特徴量生成 race_id=025162022550: 11 頭 × 46 特徴量 (リーク除外済み)
18:34:50 INFO     [src.ml.features] [SIMULATE] 特徴量生成 race_id=025042010250: 60 頭 × 46 特徴量 (リーク除外済み)
18:34:50 INFO     [src.ml.features] [SIMULATE] 特徴量生成 race_id=025052032446: 8 頭 × 46 特徴量 (リーク除外済み)
18:34:50 INFO     [src.ml.features] [SIMULATE] 特徴量生成 race_id=025022030155: 22 頭 × 46 特徴量 (リーク除外済み)
18:34:50 INFO     [src.ml.features] [SIMULATE] 特徴量生成 race_id=023072011648: 10 頭 × 46 特徴量 (リーク除外済み)
18:34:51 INFO     [src.ml.features] [SIMULATE] 特徴量生成 race_id=026052032446: 10 頭 × 46 特徴量 (リーク除外済み)
18:34:51 INFO     [src.ml.features] [SIMULATE] 特徴量生成 race_id=024042010250: 11 頭 × 46 特徴量 (リーク除外済み)
18:34:51 INFO     [src.ml.features] [SIMULATE] 特徴量生成 race_id=025052011448: 8 頭 × 46 特徴量 (リーク除外済み)
18:34:51 INFO     [src.ml.features] [SIMULATE] 特徴量生成 race_id=025102022950: 23 頭 × 46 特徴量 (リーク除外済み)
18:34:51 INFO     [src.ml.features] [SIMULATE] 特徴量生成 race_id=025062011548: 11 頭 × 46 特徴量 (リーク除外済み)
18:34:51 INFO     [src.ml.features] [SIMULATE] 特徴量生成 race_id=024002031946: 10 頭 × 46 特徴量 (リーク除外済み)
18:34:51 INFO     [src.ml.features] [SIMULATE] 特徴量生成 race_id=024042030355: 22 頭 × 46 特徴量 (リーク除外済み)
18:34:51 INFO     [src.ml.features] [SIMULATE] 特徴量生成 race_id=026082012748: 24 頭 × 46 特徴量 (リーク除外済み)
18:34:51 INFO     [src.ml.features] [SIMULATE] 特徴量生成 race_id=025072030655: 24 頭 × 46 特徴量 (リーク除外済み)
18:34:51 INFO     [src.ml.features] [SIMULATE] 特徴量生成 race_id=026092012848: 24 頭 × 46 特徴量 (リーク除外済み)
18:34:51 INFO     [src.ml.features] [SIMULATE] 特徴量生成 race_id=024052010450: 12 頭 × 46 特徴量 (リーク除外済み)
18:34:51 INFO     [src.ml.features] [SIMULATE] 特徴量生成 race_id=025112023150: 34 頭 × 46 特徴量 (リーク除外済み)
18:34:51 INFO     [src.ml.features] [SIMULATE] 特徴量生成 race_id=025072011648: 12 頭 × 46 特徴量 (リーク除外済み)
18:34:51 INFO     [src.ml.features] [SIMULATE] 特徴量生成 race_id=024072032646: 6 頭 × 46 特徴量 (リーク除外済み)
18:34:51 INFO     [src.ml.features] [SIMULATE] 特徴量生成 race_id=026002012948: 24 頭 × 46 特徴量 (リーク除外済み)
18:34:51 INFO     [src.ml.features] [SIMULATE] 特徴量生成 race_id=025092030855: 9 頭 × 46 特徴量 (リーク除外済み)
18:34:51 INFO     [src.ml.features] [SIMULATE] 特徴量生成 race_id=025012012048: 28 頭 × 46 特徴量 (リーク除外済み)
18:34:51 INFO     [src.ml.features] [SIMULATE] 特徴量生成 race_id=026012013048: 12 頭 × 46 特徴量 (リーク除外済み)
18:34:51 INFO     [src.ml.features] [SIMULATE] 特徴量生成 race_id=025062031555: 10 頭 × 46 特徴量 (リーク除外済み)
18:34:51 INFO     [src.ml.features] [SIMULATE] 特徴量生成 race_id=024072031655: 22 頭 × 46 特徴量 (リーク除外済み)
18:34:51 INFO     [src.ml.features] [SIMULATE] 特徴量生成 race_id=025082012748: 40 頭 × 46 特徴量 (リーク除外済み)
18:34:51 INFO     [src.ml.features] [SIMULATE] 特徴量生成 race_id=023012013048: 10 頭 × 46 特徴量 (リーク除外済み)
18:34:51 INFO     [src.ml.features] [SIMULATE] 特徴量生成 race_id=024012031950: 12 頭 × 46 特徴量 (リーク除外済み)
18:34:51 INFO     [src.ml.features] [SIMULATE] 特徴量生成 race_id=026082010750: 21 頭 × 46 特徴量 (リーク除外済み)
18:34:51 INFO     [src.ml.features] [SIMULATE] 特徴量生成 race_id=026092010850: 10 頭 × 46 特徴量 (リーク除外済み)
18:34:51 INFO     [src.ml.features] [SIMULATE] 特徴量生成 race_id=025092012848: 22 頭 × 46 特徴量 (リーク除外済み)
18:34:51 INFO     [src.ml.features] [SIMULATE] 特徴量生成 race_id=025002010950: 25 頭 × 46 特徴量 (リーク除外済み)
18:34:51 INFO     [src.ml.features] [SIMULATE] 特徴量生成 race_id=025032032255: 10 頭 × 46 特徴量 (リーク除外済み)
18:34:51 INFO     [src.ml.features] [SIMULATE] 特徴量生成 race_id=026012021048: 12 頭 × 46 特徴量 (リーク除外済み)
18:34:51 INFO     [src.ml.features] [SIMULATE] 特徴量生成 race_id=025042032355: 11 頭 × 46 特徴量 (リーク除外済み)
18:34:51 INFO     [src.ml.features] [SIMULATE] 特徴量生成 race_id=024022032150: 12 頭 × 46 特徴量 (リーク除外済み)
18:34:51 INFO     [src.ml.features] [SIMULATE] 特徴量生成 race_id=025052011450: 31 頭 × 46 特徴量 (リーク除外済み)
18:34:51 INFO     [src.ml.features] [SIMULATE] 特徴量生成 race_id=026032021248: 23 頭 × 46 特徴量 (リーク除外済み)
18:34:51 INFO     [src.ml.features] [SIMULATE] 特徴量生成 race_id=024052032250: 12 頭 × 46 特徴量 (リーク除外済み)
18:34:51 INFO     [src.ml.features] [SIMULATE] 特徴量生成 race_id=025012013048: 10 頭 × 46 特徴量 (リーク除外済み)
18:34:51 INFO     [src.ml.features] [SIMULATE] 特徴量生成 race_id=025062011550: 48 頭 × 46 特徴量 (リーク除外済み)
18:34:51 INFO     [src.ml.features] [SIMULATE] 特徴量生成 race_id=026052011450: 11 頭 × 46 特徴量 (リーク除外済み)
18:34:51 INFO     [src.ml.features] [SIMULATE] 特徴量生成 race_id=022042012148: 10 頭 × 46 特徴量 (リーク除外済み)
18:34:51 INFO     [src.ml.features] [SIMULATE] 特徴量生成 race_id=025012033055: 20 頭 × 46 特徴量 (リーク除外済み)
18:34:51 INFO     [src.ml.features] [SIMULATE] 特徴量生成 race_id=026062011550: 12 頭 × 46 特徴量 (リーク除外済み)
18:34:51 INFO     [src.ml.features] [SIMULATE] 特徴量生成 race_id=025022013148: 20 頭 × 46 特徴量 (リーク除外済み)
18:34:51 INFO     [src.ml.features] [SIMULATE] 特徴量生成 race_id=026042021348: 22 頭 × 46 特徴量 (リーク除外済み)
18:34:51 INFO     [src.ml.features] [SIMULATE] 特徴量生成 race_id=026042022348: 23 頭 × 46 特徴量 (リーク除外済み)
18:34:51 INFO     [src.ml.features] [SIMULATE] 特徴量生成 race_id=025012021048: 12 頭 × 46 特徴量 (リーク除外済み)
18:34:51 INFO     [src.ml.features] [SIMULATE] 特徴量生成 race_id=025022031150: 20 頭 × 46 特徴量 (リーク除外済み)
18:34:51 INFO     [src.ml.features] [SIMULATE] 特徴量生成 race_id=024082032750: 12 頭 × 46 特徴量 (リーク除外済み)
18:34:51 INFO     [src.ml.features] [SIMULATE] 特徴量生成 race_id=025022021148: 11 頭 × 46 特徴量 (リーク除外済み)
18:34:51 INFO     [src.ml.features] [SIMULATE] 特徴量生成 race_id=025032031250: 31 頭 × 46 特徴量 (リーク除外済み)
18:34:51 INFO     [src.ml.features] [SIMULATE] 特徴量生成 race_id=026072022648: 11 頭 × 46 特徴量 (リーク除外済み)
18:34:51 INFO     [src.ml.features] [SIMULATE] 特徴量生成 race_id=025042031350: 11 頭 × 46 特徴量 (リーク除外済み)
18:34:51 INFO     [src.ml.features] [SIMULATE] 特徴量生成 race_id=026002031950: 11 頭 × 46 特徴量 (リーク除外済み)
18:34:51 INFO     [src.ml.features] [SIMULATE] 特徴量生成 race_id=025032021248: 11 頭 × 46 特徴量 (リーク除外済み)
18:34:51 INFO     [src.ml.features] [SIMULATE] 特徴量生成 race_id=024092032850: 12 頭 × 46 特徴量 (リーク除外済み)
18:34:51 INFO     [src.ml.features] [SIMULATE] 特徴量生成 race_id=022042020348: 10 頭 × 46 特徴量 (リーク除外済み)
18:34:51 INFO     [src.ml.features] [SIMULATE] 特徴量生成 race_id=025042021348: 11 頭 × 46 特徴量 (リーク除外済み)
18:34:51 INFO     [src.ml.features] [SIMULATE] 特徴量生成 race_id=025092031850: 34 頭 × 46 特徴量 (リーク除外済み)
18:34:51 INFO     [src.ml.features] [SIMULATE] 特徴量生成 race_id=025002031950: 20 頭 × 46 特徴量 (リーク除外済み)
18:34:51 INFO     [src.ml.features] [SIMULATE] 特徴量生成 race_id=025052021448: 42 頭 × 46 特徴量 (リーク除外済み)
18:34:51 INFO     [src.ml.features] [SIMULATE] 特徴量生成 race_id=023082021748: 9 頭 × 46 特徴量 (リーク除外済み)
18:34:51 INFO     [src.ml.features] [SIMULATE] 特徴量生成 race_id=025012032050: 34 頭 × 46 特徴量 (リーク除外済み)
18:34:51 INFO     [src.ml.features] [SIMULATE] 特徴量生成 race_id=025052022448: 10 頭 × 46 特徴量 (リーク除外済み)
18:34:51 INFO     [src.ml.features] [SIMULATE] 特徴量生成 race_id=025062032550: 12 頭 × 46 特徴量 (リーク除外済み)
18:34:51 INFO     [src.ml.features] [SIMULATE] 特徴量生成 race_id=025062022548: 11 頭 × 46 特徴量 (リーク除外済み)
18:34:51 INFO     [src.ml.features] [SIMULATE] 特徴量生成 race_id=026062032550: 9 頭 × 46 特徴量 (リーク除外済み)
18:34:51 INFO     [src.ml.features] [SIMULATE] 特徴量生成 race_id=025072032650: 46 頭 × 46 特徴量 (リーク除外済み)
18:34:51 INFO     [src.ml.features] [SIMULATE] 特徴量生成 race_id=025082032750: 30 頭 × 46 特徴量 (リーク除外済み)
18:34:51 INFO     [src.ml.features] [SIMULATE] 特徴量生成 race_id=026022031148: 11 頭 × 46 特徴量 (リーク除外済み)
18:34:51 INFO     [src.ml.features] [SIMULATE] 特徴量生成 race_id=025072022648: 11 頭 × 46 特徴量 (リーク除外済み)
18:34:51 INFO     [src.ml.features] [SIMULATE] 特徴量生成 race_id=022082021748: 11 頭 × 46 特徴量 (リーク除外済み)
18:34:51 INFO     [src.ml.features] [SIMULATE] 特徴量生成 race_id=025082022748: 11 頭 × 46 特徴量 (リーク除外済み)
18:34:51 INFO     [src.ml.features] [SIMULATE] 特徴量生成 race_id=025022022848: 11 頭 × 46 特徴量 (リーク除外済み)
18:34:51 INFO     [src.ml.features] [SIMULATE] 特徴量生成 race_id=025012022848: 35 頭 × 46 特徴量 (リーク除外済み)
18:34:51 INFO     [src.ml.features] [SIMULATE] 特徴量生成 race_id=025032031248: 23 頭 × 46 特徴量 (リーク除外済み)
18:34:51 INFO     [src.ml.features] [SIMULATE] 特徴量生成 race_id=020052030450: 4 頭 × 46 特徴量 (リーク除外済み)
18:34:51 INFO     [src.ml.features] [SIMULATE] 特徴量生成 race_id=025062031448: 24 頭 × 46 特徴量 (リーク除外済み)
18:34:51 INFO     [src.ml.features] [SIMULATE] 特徴量生成 race_id=025082031748: 23 頭 × 46 特徴量 (リーク除外済み)
18:34:51 INFO     [src.ml.features] [SIMULATE] 特徴量生成 race_id=025072032648: 9 頭 × 46 特徴量 (リーク除外済み)
18:34:51 INFO     [src.ml.features] [SIMULATE] 特徴量生成 race_id=025092032848: 10 頭 × 46 特徴量 (リーク除外済み)
18:34:51 INFO     [src.ml.features] [SIMULATE] 特徴量生成 race_id=023012033148: 10 頭 × 46 特徴量 (リーク除外済み)
18:34:51 INFO     [src.ml.features] [SIMULATE] 特徴量生成 race_id=025012033148: 19 頭 × 46 特徴量 (リーク除外済み)
18:34:51 INFO     [src.ml.features] [SIMULATE] 特徴量生成 race_id=020052032450: 9 頭 × 46 特徴量 (リーク除外済み)
C:\dev\horse-racing-ai\src\ml\models.py:179: FutureWarning: The behavior of DataFrame concatenation with empty or all-NA entries is deprecated. In a future version, this will no longer exclude empty or all-NA columns when determining the result dtypes. To retain the old behavior, exclude the relevant entries before the concat operation.
  df = pd.concat(frames, ignore_index=True)
C:\dev\horse-racing-ai\src\ml\models.py:302: FutureWarning: Downcasting object dtype arrays on .fillna, .ffill, .bfill is deprecated and will change in a future version. Call result.infer_objects(copy=False) instead. To opt-in to the future behavior, set `pd.set_option('future.no_silent_downcasting', True)`
  X      = df[FEATURE_COLS].fillna(-1).infer_objects(copy=False)
18:43:08 INFO     [src.ml.models] 【特徴量重要度 Top10 — 本命モデル】
18:43:08 INFO     [src.ml.models]    1. jockey_code_encoded             gain=986
18:43:08 INFO     [src.ml.models]    2. sire_encoded                    gain=981
18:43:08 INFO     [src.ml.models]    3. horse_weight                    gain=960
18:43:08 INFO     [src.ml.models]    4. recent_rank_mean_zscore         gain=790
18:43:08 INFO     [src.ml.models]    5. recent_rank_mean                gain=679
18:43:08 INFO     [src.ml.models]    6. win_rate_all_zscore             gain=529
18:43:08 INFO     [src.ml.models]    7. recent_rank_mean_rank           gain=465
18:43:08 INFO     [src.ml.models]    8. win_rate_distance_band_rank     gain=429
18:43:08 INFO     [src.ml.models]    9. win_rate_all_rank               gain=426
18:43:08 INFO     [src.ml.models]   10. venue_encoded                   gain=355
18:43:08 INFO     [src.ml.models] 本命モデル訓練完了: 3759 レース / 94615 サンプル / CV AUC 0.9349 ±0.0029

  特徴量重要度 Top10
  +- - +-----------------------------+-----+----------------------+
  | No | Feature                     | Gain | Bar                  |
  +- - +-----------------------------+-----+----------------------+
  |  1 | jockey_code_encoded         | 986 | #################### |
  |  2 | sire_encoded                | 981 | #################### |
  |  3 | horse_weight                | 960 | #################### |
  |  4 | recent_rank_mean_zscore     | 790 | #################    |
  |  5 | recent_rank_mean            | 679 | ##############       |
  |  6 | win_rate_all_zscore         | 529 | ###########          |
  |  7 | recent_rank_mean_rank       | 465 | ##########           |
  |  8 | win_rate_distance_band_rank | 429 | #########            |
  |  9 | win_rate_all_rank           | 426 | #########            |
  | 10 | venue_encoded               | 355 | ########             |
  +- - +-----------------------------+-----+----------------------+

  学習結果
  +-----------------+--------------------+
  | 学習期間            |                全期間 |
  | 学習レース数          |              3,759 |
  | 学習サンプル数         |             94,615 |
  | CV AUC (mean)   |             0.9349 |
  | CV AUC (std)    |             0.0029 |
  +-----------------+--------------------+
  | AUC 目標 (> 0.70) | [OK] 0.9349 >= 0.7 |
  +-----------------+--------------------+
18:43:08 INFO     [src.ml.models] モデル保存: C:\dev\horse-racing-ai\data\models\honmei_model.pkl

  [OK] 保存完了: C:\dev\horse-racing-ai\data\models\honmei_model.pkl  (554.8s)

[2/2] 卍モデル (ManjiModel) を学習中 ...
18:43:08 INFO     [src.ml.features] [SIMULATE] 特徴量生成 race_id=0250020617A6: 1 頭 × 46 特徴量 (リーク除外済み)
18:43:08 INFO     [src.ml.features] [SIMULATE] 特徴量生成 race_id=0231720031A8: 1 頭 × 46 特徴量 (リーク除外済み)
18:43:08 INFO     [src.ml.features] [SIMULATE] 特徴量生成 race_id=0240720316A8: 1 頭 × 46 特徴量 (リーク除外済み)
18:43:08 INFO     [src.ml.features] [SIMULATE] 特徴量生成 race_id=0250620914A8: 1 頭 × 46 特徴量 (リーク除外済み)
18:43:08 INFO     [src.ml.features] [SIMULATE] 特徴量生成 race_id=0230020419A6: 1 頭 × 46 特徴量 (リーク除外済み)
18:43:09 INFO     [src.ml.features] [SIMULATE] 特徴量生成 race_id=0230020804A6: 1 頭 × 46 特徴量 (リーク除外済み)
18:43:09 INFO     [src.ml.features] [SIMULATE] 特徴量生成 race_id=0240020501A6: 1 頭 × 46 特徴量 (リーク除外済み)
18:43:09 INFO     [src.ml.features] [SIMULATE] 特徴量生成 race_id=0250020430A6: 1 頭 × 46 特徴量 (リーク除外済み)
18:43:09 INFO     [src.ml.features] [SIMULATE] 特徴量生成 race_id=0250020607A6: 1 頭 × 46 特徴量 (リーク除外済み)
18:43:09 INFO     [src.ml.features] [SIMULATE] 特徴量生成 race_id=0240720414A8: 1 頭 × 46 特徴量 (リーク除外済み)
18:43:09 INFO     [src.ml.features] [SIMULATE] 特徴量生成 race_id=0250720621A6: 1 頭 × 46 特徴量 (リーク除外済み)
18:43:09 INFO     [src.ml.features] [SIMULATE] 特徴量生成 race_id=0250620907G0: 1 頭 × 46 特徴量 (リーク除外済み)
18:43:09 INFO     [src.ml.features] [SIMULATE] 特徴量生成 race_id=0250020924A8: 1 頭 × 46 特徴量 (リーク除外済み)
18:43:09 INFO     [src.ml.features] [SIMULATE] 特徴量生成 race_id=0250720606A6: 1 頭 × 46 特徴量 (リーク除外済み)
18:43:09 INFO     [src.ml.features] [SIMULATE] 特徴量生成 race_id=0260620214M8: 3 頭 × 46 特徴量 (リーク除外済み)
18:43:09 INFO     [src.ml.features] [SIMULATE] 特徴量生成 race_id=0220620911G0: 1 頭 × 46 特徴量 (リーク除外済み)
18:43:09 INFO     [src.ml.features] [SIMULATE] 特徴量生成 race_id=0250220817A8: 11 頭 × 46 特徴量 (リーク除外済み)
18:43:09 INFO     [src.ml.features] [SIMULATE] 特徴量生成 race_id=0250920820A6: 6 頭 × 46 特徴量 (リーク除外済み)
18:43:09 INFO     [src.ml.features] [SIMULATE] 特徴量生成 race_id=0250920907A8: 13 頭 × 46 特徴量 (リーク除外済み)
18:43:09 INFO     [src.ml.features] [SIMULATE] 特徴量生成 race_id=0220020805A6: 1 頭 × 46 特徴量 (リーク除外済み)
18:43:09 INFO     [src.ml.features] [SIMULATE] 特徴量生成 race_id=0230020330A6: 1 頭 × 46 特徴量 (リーク除外済み)
18:43:09 INFO     [src.ml.features] [SIMULATE] 特徴量生成 race_id=0240020523A8: 1 頭 × 46 特徴量 (リーク除外済み)
18:43:09 INFO     [src.ml.features] [SIMULATE] 特徴量生成 race_id=0250020730A6: 1 頭 × 46 特徴量 (リーク除外済み)
18:43:09 INFO     [src.ml.features] [SIMULATE] 特徴量生成 race_id=0230720812A8: 1 頭 × 46 特徴量 (リーク除外済み)
18:43:09 INFO     [src.ml.features] [SIMULATE] 特徴量生成 race_id=0250220816A8: 1 頭 × 46 特徴量 (リーク除外済み)
18:43:09 INFO     [src.ml.features] [SIMULATE] 特徴量生成 race_id=0251020005A8: 18 頭 × 46 特徴量 (リーク除外済み)
18:43:09 INFO     [src.ml.features] [SIMULATE] 特徴量生成 race_id=0230020622A6: 1 頭 × 46 特徴量 (リーク除外済み)
18:43:09 INFO     [src.ml.features] [SIMULATE] 特徴量生成 race_id=0251020018A6: 1 頭 × 46 特徴量 (リーク除外済み)
18:43:09 INFO     [src.ml.features] [SIMULATE] 特徴量生成 race_id=0241720019A6: 1 頭 × 46 特徴量 (リーク除外済み)
18:43:09 INFO     [src.ml.features] [SIMULATE] 特徴量生成 race_id=0251520108B6: 1 頭 × 46 特徴量 (リーク除外済み)
18:43:09 INFO     [src.ml.features] [SIMULATE] 特徴量生成 race_id=0221620120G0: 1 頭 × 46 特徴量 (リーク除外済み)
18:43:09 INFO     [src.ml.features] [SIMULATE] 特徴量生成 race_id=0231020021A6: 1 頭 × 46 特徴量 (リーク除外済み)
18:43:09 INFO     [src.ml.features] [SIMULATE] 特徴量生成 race_id=0240720523A8: 1 頭 × 46 特徴量 (リーク除外済み)
18:43:09 INFO     [src.ml.features] [SIMULATE] 特徴量生成 race_id=0240720621A6: 1 頭 × 46 特徴量 (リーク除外済み)
18:43:09 INFO     [src.ml.features] [SIMULATE] 特徴量生成 race_id=0250720726A6: 1 頭 × 46 特徴量 (リーク除外済み)
18:43:09 INFO     [src.ml.features] [SIMULATE] 特徴量生成 race_id=0251720018A6: 1 頭 × 46 特徴量 (リーク除外済み)
18:43:09 INFO     [src.ml.features] [SIMULATE] 特徴量生成 race_id=0220620209G0: 1 頭 × 46 特徴量 (リーク除外済み)
18:43:09 INFO     [src.ml.features] [SIMULATE] 特徴量生成 race_id=0230620319G0: 1 頭 × 46 特徴量 (リーク除外済み)
18:43:09 INFO     [src.ml.features] [SIMULATE] 特徴量生成 race_id=0231620119G0: 2 頭 × 46 特徴量 (リーク除外済み)
18:43:09 INFO     [src.ml.features] [SIMULATE] 特徴量生成 race_id=0240620310G0: 1 頭 × 46 特徴量 (リーク除外済み)
18:43:09 INFO     [src.ml.features] [SIMULATE] 特徴量生成 race_id=0240620407G0: 1 頭 × 46 特徴量 (リーク除外済み)
18:43:09 INFO     [src.ml.features] [SIMULATE] 特徴量生成 race_id=0250620913B2: 8 頭 × 46 特徴量 (リーク除外済み)
18:43:09 INFO     [src.ml.features] [SIMULATE] 特徴量生成 race_id=0230020512A6: 1 頭 × 46 特徴量 (リーク除外済み)
18:43:09 INFO     [src.ml.features] [SIMULATE] 特徴量生成 race_id=0250720629A8: 1 頭 × 46 特徴量 (リーク除外済み)
18:43:09 INFO     [src.ml.features] [SIMULATE] 特徴量生成 race_id=0251520104B6: 24 頭 × 46 特徴量 (リーク除外済み)
18:43:09 INFO     [src.ml.features] [SIMULATE] 特徴量生成 race_id=0260020207C7: 1 頭 × 46 特徴量 (リーク除外済み)
18:43:09 INFO     [src.ml.features] [SIMULATE] 特徴量生成 race_id=0250220405B6: 1 頭 × 46 特徴量 (リーク除外済み)
18:43:09 INFO     [src.ml.features] [SIMULATE] 特徴量生成 race_id=0250920412B6: 15 頭 × 46 特徴量 (リーク除外済み)
18:43:09 INFO     [src.ml.features] [SIMULATE] 特徴量生成 race_id=0250620427G0: 38 頭 × 46 特徴量 (リーク除外済み)
18:43:09 INFO     [src.ml.features] [SIMULATE] 特徴量生成 race_id=0220620323G0: 1 頭 × 46 特徴量 (リーク除外済み)
18:43:09 INFO     [src.ml.features] [SIMULATE] 特徴量生成 race_id=0221620023G0: 1 頭 × 46 特徴量 (リーク除外済み)
18:43:09 INFO     [src.ml.features] [SIMULATE] 特徴量生成 race_id=0230620101G0: 1 頭 × 46 特徴量 (リーク除外済み)
18:43:09 INFO     [src.ml.features] [SIMULATE] 特徴量生成 race_id=0230620205G0: 1 頭 × 46 特徴量 (リーク除外済み)
18:43:09 INFO     [src.ml.features] [SIMULATE] 特徴量生成 race_id=0230620409G0: 1 頭 × 46 特徴量 (リーク除外済み)
18:43:09 INFO     [src.ml.features] [SIMULATE] 特徴量生成 race_id=0250620531G0: 1 頭 × 46 特徴量 (リーク除外済み)
18:43:09 INFO     [src.ml.features] [SIMULATE] 特徴量生成 race_id=0250920907F0: 5 頭 × 46 特徴量 (リーク除外済み)
18:43:09 INFO     [src.ml.features] [SIMULATE] 特徴量生成 race_id=0241020109B6: 1 頭 × 46 特徴量 (リーク除外済み)
18:43:09 INFO     [src.ml.features] [SIMULATE] 特徴量生成 race_id=0251520031A4: 1 頭 × 46 特徴量 (リーク除外済み)
18:43:09 INFO     [src.ml.features] [SIMULATE] 特徴量生成 race_id=0251520101B6: 3 頭 × 46 特徴量 (リーク除外済み)
18:43:09 INFO     [src.ml.features] [SIMULATE] 特徴量生成 race_id=0251620214G0: 45 頭 × 46 特徴量 (リーク除外済み)
18:43:09 INFO     [src.ml.features] [SIMULATE] 特徴量生成 race_id=0250220405C7: 53 頭 × 46 特徴量 (リーク除外済み)
18:43:09 INFO     [src.ml.features] [SIMULATE] 特徴量生成 race_id=0220620302G0: 1 頭 × 46 特徴量 (リーク除外済み)
18:43:09 INFO     [src.ml.features] [SIMULATE] 特徴量生成 race_id=0220620511G0: 1 頭 × 46 特徴量 (リーク除外済み)
18:43:09 INFO     [src.ml.features] [SIMULATE] 特徴量生成 race_id=0220620622G0: 1 頭 × 46 特徴量 (リーク除外済み)
18:43:09 INFO     [src.ml.features] [SIMULATE] 特徴量生成 race_id=0251320018B6: 1 頭 × 46 特徴量 (リーク除外済み)
18:43:09 INFO     [src.ml.features] [SIMULATE] 特徴量生成 race_id=0260620214K6: 30 頭 × 46 特徴量 (リーク除外済み)
18:43:09 INFO     [src.ml.features] [SIMULATE] 特徴量生成 race_id=0220620605G0: 1 頭 × 46 特徴量 (リーク除外済み)
18:43:09 INFO     [src.ml.features] [SIMULATE] 特徴量生成 race_id=0220620716G0: 1 頭 × 46 特徴量 (リーク除外済み)
18:43:09 INFO     [src.ml.features] [SIMULATE] 特徴量生成 race_id=0251520101A4: 27 頭 × 46 特徴量 (リーク除外済み)
18:43:09 INFO     [src.ml.features] [SIMULATE] 特徴量生成 race_id=0250620503A4: 21 頭 × 46 特徴量 (リーク除外済み)
18:43:09 INFO     [src.ml.features] [SIMULATE] 特徴量生成 race_id=024072040654: 8 頭 × 46 特徴量 (リーク除外済み)
18:43:09 INFO     [src.ml.features] [SIMULATE] 特徴量生成 race_id=025022042142: 13 頭 × 46 特徴量 (リーク除外済み)
18:43:09 INFO     [src.ml.features] [SIMULATE] 特徴量生成 race_id=025072041630: 23 頭 × 46 特徴量 (リーク除外済み)
18:43:09 INFO     [src.ml.features] [SIMULATE] 特徴量生成 race_id=024022040147: 8 頭 × 46 特徴量 (リーク除外済み)
18:43:09 INFO     [src.ml.features] [SIMULATE] 特徴量生成 race_id=023002041930: 12 頭 × 46 特徴量 (リーク除外済み)
18:43:09 INFO     [src.ml.features] [SIMULATE] 特徴量生成 race_id=025022012151: 34 頭 × 46 特徴量 (リーク除外済み)
18:43:09 INFO     [src.ml.features] [SIMULATE] 特徴量生成 race_id=025062040554: 24 頭 × 46 特徴量 (リーク除外済み)
18:43:09 INFO     [src.ml.features] [SIMULATE] 特徴量生成 race_id=025022040150: 17 頭 × 46 特徴量 (リーク除外済み)
18:43:09 INFO     [src.ml.features] [SIMULATE] 特徴量生成 race_id=024072011651: 22 頭 × 46 特徴量 (リーク除外済み)
18:43:10 INFO     [src.ml.features] [SIMULATE] 特徴量生成 race_id=026032040247: 8 頭 × 46 特徴量 (リーク除外済み)
18:43:10 INFO     [src.ml.features] [SIMULATE] 特徴量生成 race_id=025042050335: 11 頭 × 46 特徴量 (リーク除外済み)
18:43:10 INFO     [src.ml.features] [SIMULATE] 特徴量生成 race_id=023012041043: 8 頭 × 46 特徴量 (リーク除外済み)
18:43:10 INFO     [src.ml.features] [SIMULATE] 特徴量生成 race_id=025082040745: 11 頭 × 46 特徴量 (リーク除外済み)
18:43:10 INFO     [src.ml.features] [SIMULATE] 特徴量生成 race_id=025052041444: 13 頭 × 46 特徴量 (リーク除外済み)
18:43:10 INFO     [src.ml.features] [SIMULATE] 特徴量生成 race_id=025022040147: 37 頭 × 46 特徴量 (リーク除外済み)
18:43:10 INFO     [src.ml.features] [SIMULATE] 特徴量生成 race_id=024022041143: 14 頭 × 46 特徴量 (リーク除外済み)
18:43:10 INFO     [src.ml.features] [SIMULATE] 特徴量生成 race_id=023092040854: 11 頭 × 46 特徴量 (リーク除外済み)
18:43:10 INFO     [src.ml.features] [SIMULATE] 特徴量生成 race_id=025072040636: 12 頭 × 46 特徴量 (リーク除外済み)
18:43:10 INFO     [src.ml.features] [SIMULATE] 特徴量生成 race_id=024062041542: 12 頭 × 46 特徴量 (リーク除外済み)
18:43:10 INFO     [src.ml.features] [SIMULATE] 特徴量生成 race_id=024022040145: 7 頭 × 46 特徴量 (リーク除外済み)
18:43:10 INFO     [src.ml.features] [SIMULATE] 特徴量生成 race_id=026022040150: 10 頭 × 46 特徴量 (リーク除外済み)
18:43:10 INFO     [src.ml.features] [SIMULATE] 特徴量生成 race_id=025042041203: 187 頭 × 46 特徴量 (リーク除外済み)
18:43:10 INFO     [src.ml.features] [SIMULATE] 特徴量生成 race_id=025062061402: 167 頭 × 46 特徴量 (リーク除外済み)
18:43:10 INFO     [src.ml.features] [SIMULATE] 特徴量生成 race_id=025082072601: 144 頭 × 46 特徴量 (リーク除外済み)
18:43:10 INFO     [src.ml.features] [SIMULATE] 特徴量生成 race_id=026062012410: 157 頭 × 46 特徴量 (リーク除外済み)
18:43:10 INFO     [src.ml.features] [SIMULATE] 特徴量生成 race_id=026022013105: 180 頭 × 46 特徴量 (リーク除外済み)
18:43:10 INFO     [src.ml.features] [SIMULATE] 特徴量生成 race_id=026032022109: 179 頭 × 46 特徴量 (リーク除外済み)
18:43:10 INFO     [src.ml.features] [SIMULATE] 特徴量生成 race_id=026062031407: 173 頭 × 46 特徴量 (リーク除外済み)
18:43:10 INFO     [src.ml.features] [SIMULATE] 特徴量生成 race_id=026062010406: 171 頭 × 46 特徴量 (リーク除外済み)
18:43:10 INFO     [src.ml.features] [SIMULATE] 特徴量生成 race_id=026062010408: 163 頭 × 46 特徴量 (リーク除外済み)
18:43:10 INFO     [src.ml.features] [SIMULATE] 特徴量生成 race_id=025052050304: 170 頭 × 46 特徴量 (リーク除外済み)
18:43:10 INFO     [src.ml.features] [SIMULATE] 特徴量生成 race_id=024032040250: 12 頭 × 46 特徴量 (リーク除外済み)
18:43:10 INFO     [src.ml.features] [SIMULATE] 特徴量生成 race_id=025022040143: 23 頭 × 46 特徴量 (リーク除外済み)
18:43:10 INFO     [src.ml.features] [SIMULATE] 特徴量生成 race_id=024042040350: 10 頭 × 46 特徴量 (リーク除外済み)
18:43:10 INFO     [src.ml.features] [SIMULATE] 特徴量生成 race_id=024012041048: 23 頭 × 46 特徴量 (リーク除外済み)
18:43:10 INFO     [src.ml.features] [SIMULATE] 特徴量生成 race_id=025072040654: 32 頭 × 46 特徴量 (リーク除外済み)
18:43:10 INFO     [src.ml.features] [SIMULATE] 特徴量生成 race_id=025092040846: 18 頭 × 46 特徴量 (リーク除外済み)
18:43:10 INFO     [src.ml.features] [SIMULATE] 特徴量生成 race_id=023002040954: 11 頭 × 46 特徴量 (リーク除外済み)
18:43:10 INFO     [src.ml.features] [SIMULATE] 特徴量生成 race_id=024082040754: 11 頭 × 46 特徴量 (リーク除外済み)
18:43:10 INFO     [src.ml.features] [SIMULATE] 特徴量生成 race_id=024082040755: 34 頭 × 46 特徴量 (リーク除外済み)
18:43:10 INFO     [src.ml.features] [SIMULATE] 特徴量生成 race_id=025072040655: 31 頭 × 46 特徴量 (リーク除外済み)
18:43:10 INFO     [src.ml.features] [SIMULATE] 特徴量生成 race_id=022032041243: 7 頭 × 46 特徴量 (リーク除外済み)
18:43:10 INFO     [src.ml.features] [SIMULATE] 特徴量生成 race_id=025002040948: 12 頭 × 46 特徴量 (リーク除外済み)
18:43:10 INFO     [src.ml.features] [SIMULATE] 特徴量生成 race_id=025082041730: 18 頭 × 46 特徴量 (リーク除外済み)
18:43:10 INFO     [src.ml.features] [SIMULATE] 特徴量生成 race_id=026032040243: 11 頭 × 46 特徴量 (リーク除外済み)
18:43:10 INFO     [src.ml.features] [SIMULATE] 特徴量生成 race_id=025032040243: 24 頭 × 46 特徴量 (リーク除外済み)
18:43:10 INFO     [src.ml.features] [SIMULATE] 特徴量生成 race_id=025032012251: 12 頭 × 46 特徴量 (リーク除外済み)
18:43:10 INFO     [src.ml.features] [SIMULATE] 特徴量生成 race_id=025032040250: 20 頭 × 46 特徴量 (リーク除外済み)
18:43:10 INFO     [src.ml.features] [SIMULATE] 特徴量生成 race_id=024042040347: 7 頭 × 46 特徴量 (リーク除外済み)
18:43:10 INFO     [src.ml.features] [SIMULATE] 特徴量生成 race_id=026022012151: 23 頭 × 46 特徴量 (リーク除外済み)
18:43:10 INFO     [src.ml.features] [SIMULATE] 特徴量生成 race_id=025082040736: 10 頭 × 46 特徴量 (リーク除外済み)
18:43:10 INFO     [src.ml.features] [SIMULATE] 特徴量生成 race_id=025032040247: 8 頭 × 46 特徴量 (リーク除外済み)
18:43:10 INFO     [src.ml.features] [SIMULATE] 特徴量生成 race_id=025052050435: 16 頭 × 46 特徴量 (リーク除外済み)
18:43:10 INFO     [src.ml.features] [SIMULATE] 特徴量生成 race_id=024002040944: 12 頭 × 46 特徴量 (リーク除外済み)
18:43:10 INFO     [src.ml.features] [SIMULATE] 特徴量生成 race_id=025092040845: 39 頭 × 46 特徴量 (リーク除外済み)
18:43:10 INFO     [src.ml.features] [SIMULATE] 特徴量生成 race_id=025032042242: 32 頭 × 46 特徴量 (リーク除外済み)
18:43:10 INFO     [src.ml.features] [SIMULATE] 特徴量生成 race_id=025042041303: 182 頭 × 46 特徴量 (リーク除外済み)
18:43:10 INFO     [src.ml.features] [SIMULATE] 特徴量生成 race_id=025062061502: 148 頭 × 46 特徴量 (リーク除外済み)
18:43:11 INFO     [src.ml.features] [SIMULATE] 特徴量生成 race_id=025082072701: 122 頭 × 46 特徴量 (リーク除外済み)
18:43:11 INFO     [src.ml.features] [SIMULATE] 特徴量生成 race_id=026062012510: 181 頭 × 46 特徴量 (リーク除外済み)
18:43:11 INFO     [src.ml.features] [SIMULATE] 特徴量生成 race_id=026022020105: 171 頭 × 46 特徴量 (リーク除外済み)
18:43:11 INFO     [src.ml.features] [SIMULATE] 特徴量生成 race_id=026032022209: 145 頭 × 46 特徴量 (リーク除外済み)
18:43:11 INFO     [src.ml.features] [SIMULATE] 特徴量生成 race_id=026062031507: 181 頭 × 46 特徴量 (リーク除外済み)
18:43:11 INFO     [src.ml.features] [SIMULATE] 特徴量生成 race_id=025052050404: 170 頭 × 46 特徴量 (リーク除外済み)
18:43:11 INFO     [src.ml.features] [SIMULATE] 特徴量生成 race_id=026062010506: 164 頭 × 46 特徴量 (リーク除外済み)
18:43:11 INFO     [src.ml.features] [SIMULATE] 特徴量生成 race_id=026062010508: 168 頭 × 46 特徴量 (リーク除外済み)
18:43:11 INFO     [src.ml.features] [SIMULATE] 特徴量生成 race_id=025062041544: 14 頭 × 46 特徴量 (リーク除外済み)
18:43:11 INFO     [src.ml.features] [SIMULATE] 特徴量生成 race_id=025042040347: 15 頭 × 46 特徴量 (リーク除外済み)
18:43:11 INFO     [src.ml.features] [SIMULATE] 特徴量生成 race_id=025042012351: 22 頭 × 46 特徴量 (リーク除外済み)
18:43:11 INFO     [src.ml.features] [SIMULATE] 特徴量生成 race_id=025032041254: 11 頭 × 46 特徴量 (リーク除外済み)
18:43:11 INFO     [src.ml.features] [SIMULATE] 特徴量生成 race_id=021052041444: 13 頭 × 46 特徴量 (リーク除外済み)
18:43:11 INFO     [src.ml.features] [SIMULATE] 特徴量生成 race_id=025042040350: 20 頭 × 46 特徴量 (リーク除外済み)
18:43:11 INFO     [src.ml.features] [SIMULATE] 特徴量生成 race_id=025002040945: 25 頭 × 46 特徴量 (リーク除外済み)
18:43:11 INFO     [src.ml.features] [SIMULATE] 特徴量生成 race_id=024092011851: 11 頭 × 46 特徴量 (リーク除外済み)
18:43:11 INFO     [src.ml.features] [SIMULATE] 特徴量生成 race_id=025012041048: 24 頭 × 46 特徴量 (リーク除外済み)
18:43:11 INFO     [src.ml.features] [SIMULATE] 特徴量生成 race_id=025062050535: 9 頭 × 46 特徴量 (リーク除外済み)
18:43:11 INFO     [src.ml.features] [SIMULATE] 特徴量生成 race_id=024042041354: 10 頭 × 46 特徴量 (リーク除外済み)
18:43:11 INFO     [src.ml.features] [SIMULATE] 特徴量生成 race_id=025042040343: 33 頭 × 46 特徴量 (リーク除外済み)
18:43:11 INFO     [src.ml.features] [SIMULATE] 特徴量生成 race_id=026032012251: 8 頭 × 46 特徴量 (リーク除外済み)
18:43:11 INFO     [src.ml.features] [SIMULATE] 特徴量生成 race_id=025072041644: 15 頭 × 46 特徴量 (リーク除外済み)
18:43:11 INFO     [src.ml.features] [SIMULATE] 特徴量生成 race_id=024082041742: 11 頭 × 46 特徴量 (リーク除外済み)
18:43:11 INFO     [src.ml.features] [SIMULATE] 特徴量生成 race_id=025042042342: 11 頭 × 46 特徴量 (リーク除外済み)
18:43:11 INFO     [src.ml.features] [SIMULATE] 特徴量生成 race_id=025012041903: 183 頭 × 46 特徴量 (リーク除外済み)
18:43:11 INFO     [src.ml.features] [SIMULATE] 特徴量生成 race_id=025022051004: 164 頭 × 46 特徴量 (リーク除外済み)
18:43:11 INFO     [src.ml.features] [SIMULATE] 特徴量生成 race_id=025032062102: 150 頭 × 46 特徴量 (リーク除外済み)
18:43:11 INFO     [src.ml.features] [SIMULATE] 特徴量生成 race_id=025042080201: 143 頭 × 46 特徴量 (リーク除外済み)
18:43:11 INFO     [src.ml.features] [SIMULATE] 特徴量生成 race_id=026032011006: 179 頭 × 46 特徴量 (リーク除外済み)
18:43:11 INFO     [src.ml.features] [SIMULATE] 特徴量生成 race_id=026032011008: 179 頭 × 46 特徴量 (リーク除外済み)
18:43:11 INFO     [src.ml.features] [SIMULATE] 特徴量生成 race_id=026022013110: 187 頭 × 46 特徴量 (リーク除外済み)
18:43:11 INFO     [src.ml.features] [SIMULATE] 特徴量生成 race_id=026012020705: 182 頭 × 46 特徴量 (リーク除外済み)
18:43:11 INFO     [src.ml.features] [SIMULATE] 特徴量生成 race_id=026022022809: 170 頭 × 46 特徴量 (リーク除外済み)
18:43:11 INFO     [src.ml.features] [SIMULATE] 特徴量生成 race_id=026032032107: 182 頭 × 46 特徴量 (リーク除外済み)
18:43:11 INFO     [src.ml.features] [SIMULATE] 特徴量生成 race_id=024012041044: 14 頭 × 46 特徴量 (リーク除外済み)
18:43:11 INFO     [src.ml.features] [SIMULATE] 特徴量生成 race_id=024002040946: 10 頭 × 46 特徴量 (リーク除外済み)
18:43:11 INFO     [src.ml.features] [SIMULATE] 特徴量生成 race_id=024022041144: 14 頭 × 46 特徴量 (リーク除外済み)
18:43:11 INFO     [src.ml.features] [SIMULATE] 特徴量生成 race_id=025052042430: 23 頭 × 46 特徴量 (リーク除外済み)
18:43:11 INFO     [src.ml.features] [SIMULATE] 特徴量生成 race_id=025042041354: 10 頭 × 46 特徴量 (リーク除外済み)
18:43:11 INFO     [src.ml.features] [SIMULATE] 特徴量生成 race_id=025032041148: 35 頭 × 46 特徴量 (リーク除外済み)
18:43:11 INFO     [src.ml.features] [SIMULATE] 特徴量生成 race_id=024042012351: 9 頭 × 46 特徴量 (リーク除外済み)
18:43:12 INFO     [src.ml.features] [SIMULATE] 特徴量生成 race_id=025012041045: 32 頭 × 46 特徴量 (リーク除外済み)
18:43:12 INFO     [src.ml.features] [SIMULATE] 特徴量生成 race_id=024082040547: 7 頭 × 46 特徴量 (リーク除外済み)
18:43:12 INFO     [src.ml.features] [SIMULATE] 特徴量生成 race_id=020092040850: 10 頭 × 46 特徴量 (リーク除外済み)
18:43:12 INFO     [src.ml.features] [SIMULATE] 特徴量生成 race_id=025082041744: 23 頭 × 46 特徴量 (リーク除外済み)
18:43:12 INFO     [src.ml.features] [SIMULATE] 特徴量生成 race_id=025052042442: 35 頭 × 46 特徴量 (リーク除外済み)
18:43:12 INFO     [src.ml.features] [SIMULATE] 特徴量生成 race_id=023072040645: 25 頭 × 46 特徴量 (リーク除外済み)
18:43:12 INFO     [src.ml.features] [SIMULATE] 特徴量生成 race_id=025052040447: 17 頭 × 46 特徴量 (リーク除外済み)
18:43:12 INFO     [src.ml.features] [SIMULATE] 特徴量生成 race_id=025092012851: 10 頭 × 46 特徴量 (リーク除外済み)
18:43:12 INFO     [src.ml.features] [SIMULATE] 特徴量生成 race_id=025092040850: 34 頭 × 46 特徴量 (リーク除外済み)
18:43:12 INFO     [src.ml.features] [SIMULATE] 特徴量生成 race_id=024032051235: 8 頭 × 46 特徴量 (リーク除外済み)
18:43:12 INFO     [src.ml.features] [SIMULATE] 特徴量生成 race_id=025012042003: 186 頭 × 46 特徴量 (リーク除外済み)
18:43:12 INFO     [src.ml.features] [SIMULATE] 特徴量生成 race_id=025022051104: 177 頭 × 46 特徴量 (リーク除外済み)
18:43:12 INFO     [src.ml.features] [SIMULATE] 特徴量生成 race_id=025032062202: 156 頭 × 46 特徴量 (リーク除外済み)
18:43:12 INFO     [src.ml.features] [SIMULATE] 特徴量生成 race_id=025042080301: 146 頭 × 46 特徴量 (リーク除外済み)
18:43:12 INFO     [src.ml.features] [SIMULATE] 特徴量生成 race_id=026032011106: 191 頭 × 46 特徴量 (リーク除外済み)
18:43:12 INFO     [src.ml.features] [SIMULATE] 特徴量生成 race_id=026032011108: 175 頭 × 46 特徴量 (リーク除外済み)
18:43:12 INFO     [src.ml.features] [SIMULATE] 特徴量生成 race_id=026022020110: 183 頭 × 46 特徴量 (リーク除外済み)
18:43:12 INFO     [src.ml.features] [SIMULATE] 特徴量生成 race_id=026022030109: 155 頭 × 46 特徴量 (リーク除外済み)
18:43:12 INFO     [src.ml.features] [SIMULATE] 特徴量生成 race_id=026032032207: 186 頭 × 46 特徴量 (リーク除外済み)
18:43:12 INFO     [src.ml.features] [SIMULATE] 特徴量生成 race_id=026012021005: 170 頭 × 46 特徴量 (リーク除外済み)
18:43:12 INFO     [src.ml.features] [SIMULATE] 特徴量生成 race_id=023012042044: 15 頭 × 46 特徴量 (リーク除外済み)
18:43:12 INFO     [src.ml.features] [SIMULATE] 特徴量生成 race_id=025052040443: 34 頭 × 46 特徴量 (リーク除外済み)
18:43:12 INFO     [src.ml.features] [SIMULATE] 特徴量生成 race_id=025082050735: 10 頭 × 46 特徴量 (リーク除外済み)
18:43:12 INFO     [src.ml.features] [SIMULATE] 特徴量生成 race_id=024012041050: 12 頭 × 46 特徴量 (リーク除外済み)
18:43:12 INFO     [src.ml.features] [SIMULATE] 特徴量生成 race_id=023032042254: 9 頭 × 46 特徴量 (リーク除外済み)
18:43:12 INFO     [src.ml.features] [SIMULATE] 特徴量生成 race_id=025092041844: 21 頭 × 46 特徴量 (リーク除外済み)
18:43:12 INFO     [src.ml.features] [SIMULATE] 特徴量生成 race_id=025052041436: 28 頭 × 46 特徴量 (リーク除外済み)
18:43:12 INFO     [src.ml.features] [SIMULATE] 特徴量生成 race_id=025002012951: 19 頭 × 46 特徴量 (リーク除外済み)
18:43:12 INFO     [src.ml.features] [SIMULATE] 特徴量生成 race_id=025002041955: 22 頭 × 46 特徴量 (リーク除外済み)
18:43:12 INFO     [src.ml.features] [SIMULATE] 特徴量生成 race_id=024052012451: 12 頭 × 46 特徴量 (リーク除外済み)
18:43:12 INFO     [src.ml.features] [SIMULATE] 特徴量生成 race_id=024032041244: 12 頭 × 46 特徴量 (リーク除外済み)
18:43:12 INFO     [src.ml.features] [SIMULATE] 特徴量生成 race_id=025062042542: 22 頭 × 46 特徴量 (リーク除外済み)
18:43:12 INFO     [src.ml.features] [SIMULATE] 特徴量生成 race_id=023052041443: 12 頭 × 46 特徴量 (リーク除外済み)
18:43:12 INFO     [src.ml.features] [SIMULATE] 特徴量生成 race_id=025002041954: 10 頭 × 46 特徴量 (リーク除外済み)
18:43:12 INFO     [src.ml.features] [SIMULATE] 特徴量生成 race_id=024062040545: 9 頭 × 46 特徴量 (リーク除外済み)
18:43:12 INFO     [src.ml.features] [SIMULATE] 特徴量生成 race_id=024002041942: 24 頭 × 46 特徴量 (リーク除外済み)
18:43:12 INFO     [src.ml.features] [SIMULATE] 特徴量生成 race_id=025082042603: 179 頭 × 46 特徴量 (リーク除外済み)
18:43:12 INFO     [src.ml.features] [SIMULATE] 特徴量生成 race_id=025092051704: 167 頭 × 46 特徴量 (リーク除外済み)
18:43:12 INFO     [src.ml.features] [SIMULATE] 特徴量生成 race_id=025002062802: 164 頭 × 46 特徴量 (リーク除外済み)
18:43:12 INFO     [src.ml.features] [SIMULATE] 特徴量生成 race_id=025012080901: 152 頭 × 46 特徴量 (リーク除外済み)
18:43:12 INFO     [src.ml.features] [SIMULATE] 特徴量生成 race_id=026012020710: 183 頭 × 46 特徴量 (リーク除外済み)
18:43:13 INFO     [src.ml.features] [SIMULATE] 特徴量生成 race_id=026062021405: 184 頭 × 46 特徴量 (リーク除外済み)
18:43:13 INFO     [src.ml.features] [SIMULATE] 特徴量生成 race_id=026092030709: 162 頭 × 46 特徴量 (リーク除外済み)
18:43:13 INFO     [src.ml.features] [SIMULATE] 特徴量生成 race_id=026002032807: 174 頭 × 46 特徴量 (リーク除外済み)
18:43:13 INFO     [src.ml.features] [SIMULATE] 特徴量生成 race_id=026032011206: 186 頭 × 46 特徴量 (リーク除外済み)
18:43:13 INFO     [src.ml.features] [SIMULATE] 特徴量生成 race_id=026032011208: 184 頭 × 46 特徴量 (リーク除外済み)
18:43:13 INFO     [src.ml.features] [SIMULATE] 特徴量生成 race_id=025002040950: 22 頭 × 46 特徴量 (リーク除外済み)
18:43:13 INFO     [src.ml.features] [SIMULATE] 特徴量生成 race_id=026092012851: 30 頭 × 46 特徴量 (リーク除外済み)
18:43:13 INFO     [src.ml.features] [SIMULATE] 特徴量生成 race_id=025012041050: 65 頭 × 46 特徴量 (リーク除外済み)
18:43:13 INFO     [src.ml.features] [SIMULATE] 特徴量生成 race_id=025012042055: 21 頭 × 46 特徴量 (リーク除外済み)
18:43:13 INFO     [src.ml.features] [SIMULATE] 特徴量生成 race_id=025012042054: 28 頭 × 46 特徴量 (リーク除外済み)
18:43:13 INFO     [src.ml.features] [SIMULATE] 特徴量生成 race_id=025062041536: 12 頭 × 46 特徴量 (リーク除外済み)
18:43:13 INFO     [src.ml.features] [SIMULATE] 特徴量生成 race_id=026092011706: 178 頭 × 46 特徴量 (リーク除外済み)
18:43:13 INFO     [src.ml.features] [SIMULATE] 特徴量生成 race_id=026092011708: 158 頭 × 46 特徴量 (リーク除外済み)
18:43:13 INFO     [src.ml.features] [SIMULATE] 特徴量生成 race_id=025082042703: 175 頭 × 46 特徴量 (リーク除外済み)
18:43:13 INFO     [src.ml.features] [SIMULATE] 特徴量生成 race_id=025092051804: 167 頭 × 46 特徴量 (リーク除外済み)
18:43:13 INFO     [src.ml.features] [SIMULATE] 特徴量生成 race_id=025002062902: 144 頭 × 46 特徴量 (リーク除外済み)
18:43:13 INFO     [src.ml.features] [SIMULATE] 特徴量生成 race_id=025012081001: 159 頭 × 46 特徴量 (リーク除外済み)
18:43:13 INFO     [src.ml.features] [SIMULATE] 特徴量生成 race_id=026012020810: 177 頭 × 46 特徴量 (リーク除外済み)
18:43:13 INFO     [src.ml.features] [SIMULATE] 特徴量生成 race_id=026062021505: 175 頭 × 46 特徴量 (リーク除外済み)
18:43:13 INFO     [src.ml.features] [SIMULATE] 特徴量生成 race_id=026092030809: 148 頭 × 46 特徴量 (リーク除外済み)
18:43:13 INFO     [src.ml.features] [SIMULATE] 特徴量生成 race_id=026002032907: 177 頭 × 46 特徴量 (リーク除外済み)
18:43:13 INFO     [src.ml.features] [SIMULATE] 特徴量生成 race_id=025012013051: 12 頭 × 46 特徴量 (リーク除外済み)
18:43:13 INFO     [src.ml.features] [SIMULATE] 特徴量生成 race_id=025062052404: 181 頭 × 46 特徴量 (リーク除外済み)
18:43:13 INFO     [src.ml.features] [SIMULATE] 特徴量生成 race_id=025072070502: 131 頭 × 46 特徴量 (リーク除外済み)
18:43:13 INFO     [src.ml.features] [SIMULATE] 特徴量生成 race_id=025082081601: 142 頭 × 46 特徴量 (リーク除外済み)
18:43:13 INFO     [src.ml.features] [SIMULATE] 特徴量生成 race_id=026062021410: 182 頭 × 46 特徴量 (リーク除外済み)
18:43:13 INFO     [src.ml.features] [SIMULATE] 特徴量生成 race_id=026032022105: 176 頭 × 46 特徴量 (リーク除外済み)
18:43:13 INFO     [src.ml.features] [SIMULATE] 特徴量生成 race_id=026062031409: 164 頭 × 46 特徴量 (リーク除外済み)
18:43:13 INFO     [src.ml.features] [SIMULATE] 特徴量生成 race_id=026092011806: 183 頭 × 46 特徴量 (リーク除外済み)
18:43:13 INFO     [src.ml.features] [SIMULATE] 特徴量生成 race_id=026092011808: 168 頭 × 46 特徴量 (リーク除外済み)
18:43:13 INFO     [src.ml.features] [SIMULATE] 特徴量生成 race_id=026062012406: 171 頭 × 46 特徴量 (リーク除外済み)
18:43:14 INFO     [src.ml.features] [SIMULATE] 特徴量生成 race_id=026062012408: 172 頭 × 46 特徴量 (リーク除外済み)
18:43:14 INFO     [src.ml.features] [SIMULATE] 特徴量生成 race_id=025062052504: 185 頭 × 46 特徴量 (リーク除外済み)
18:43:14 INFO     [src.ml.features] [SIMULATE] 特徴量生成 race_id=025072070602: 134 頭 × 46 特徴量 (リーク除外済み)
18:43:14 INFO     [src.ml.features] [SIMULATE] 特徴量生成 race_id=025082081701: 153 頭 × 46 特徴量 (リーク除外済み)
18:43:14 INFO     [src.ml.features] [SIMULATE] 特徴量生成 race_id=026062021510: 177 頭 × 46 特徴量 (リーク除外済み)
18:43:14 INFO     [src.ml.features] [SIMULATE] 特徴量生成 race_id=026032022205: 177 頭 × 46 特徴量 (リーク除外済み)
18:43:14 INFO     [src.ml.features] [SIMULATE] 特徴量生成 race_id=026062031509: 161 頭 × 46 特徴量 (リーク除外済み)
18:43:14 INFO     [src.ml.features] [SIMULATE] 特徴量生成 race_id=025042071202: 145 頭 × 46 特徴量 (リーク除外済み)
18:43:14 INFO     [src.ml.features] [SIMULATE] 特徴量生成 race_id=026032022110: 175 頭 × 46 特徴量 (リーク除外済み)
18:43:14 INFO     [src.ml.features] [SIMULATE] 特徴量生成 race_id=026032032109: 156 頭 × 46 特徴量 (リーク除外済み)
18:43:14 INFO     [src.ml.features] [SIMULATE] 特徴量生成 race_id=026062012506: 180 頭 × 46 特徴量 (リーク除外済み)
18:43:14 INFO     [src.ml.features] [SIMULATE] 特徴量生成 race_id=026062012508: 155 頭 × 46 特徴量 (リーク除外済み)
18:43:14 INFO     [src.ml.features] [SIMULATE] 特徴量生成 race_id=025042071302: 147 頭 × 46 特徴量 (リーク除外済み)
18:43:14 INFO     [src.ml.features] [SIMULATE] 特徴量生成 race_id=026032022210: 175 頭 × 46 特徴量 (リーク除外済み)
18:43:14 INFO     [src.ml.features] [SIMULATE] 特徴量生成 race_id=026032032209: 149 頭 × 46 特徴量 (リーク除外済み)
18:43:14 INFO     [src.ml.features] [SIMULATE] 特徴量生成 race_id=025012071902: 164 頭 × 46 特徴量 (リーク除外済み)
18:43:14 INFO     [src.ml.features] [SIMULATE] 特徴量生成 race_id=026022022810: 179 頭 × 46 特徴量 (リーク除外済み)
18:43:14 INFO     [src.ml.features] [SIMULATE] 特徴量生成 race_id=025012072002: 153 頭 × 46 特徴量 (リーク除外済み)
18:43:14 INFO     [src.ml.features] [SIMULATE] 特徴量生成 race_id=026022030110: 194 頭 × 46 特徴量 (リーク除外済み)
18:43:14 INFO     [src.ml.features] [SIMULATE] 特徴量生成 race_id=025072042654: 35 頭 × 46 特徴量 (リーク除外済み)
18:43:14 INFO     [src.ml.features] [SIMULATE] 特徴量生成 race_id=024072041650: 13 頭 × 46 特徴量 (リーク除外済み)
18:43:14 INFO     [src.ml.features] [SIMULATE] 特徴量生成 race_id=025062042555: 23 頭 × 46 特徴量 (リーク除外済み)
18:43:14 INFO     [src.ml.features] [SIMULATE] 特徴量生成 race_id=025012043030: 16 頭 × 46 特徴量 (リーク除外済み)
18:43:14 INFO     [src.ml.features] [SIMULATE] 特徴量生成 race_id=021052052445: 12 頭 × 46 特徴量 (リーク除外済み)
18:43:14 INFO     [src.ml.features] [SIMULATE] 特徴量生成 race_id=025022042148: 21 頭 × 46 特徴量 (リーク除外済み)
18:43:14 INFO     [src.ml.features] [SIMULATE] 特徴量生成 race_id=021072042644: 14 頭 × 46 特徴量 (リーク除外済み)
18:43:14 INFO     [src.ml.features] [SIMULATE] 特徴量生成 race_id=025062050543: 22 頭 × 46 特徴量 (リーク除外済み)
18:43:14 INFO     [src.ml.features] [SIMULATE] 特徴量生成 race_id=023092050844: 9 頭 × 46 特徴量 (リーク除外済み)
18:43:14 INFO     [src.ml.features] [SIMULATE] 特徴量生成 race_id=025052041447: 32 頭 × 46 特徴量 (リーク除外済み)
18:43:14 INFO     [src.ml.features] [SIMULATE] 特徴量生成 race_id=024072042655: 10 頭 × 46 特徴量 (リーク除外済み)
18:43:14 INFO     [src.ml.features] [SIMULATE] 特徴量生成 race_id=024092042854: 11 頭 × 46 特徴量 (リーク除外済み)
18:43:14 INFO     [src.ml.features] [SIMULATE] 特徴量生成 race_id=025012042046: 30 頭 × 46 特徴量 (リーク除外済み)
18:43:14 INFO     [src.ml.features] [SIMULATE] 特徴量生成 race_id=025062020551: 12 頭 × 46 特徴量 (リーク除外済み)
18:43:14 INFO     [src.ml.features] [SIMULATE] 特徴量生成 race_id=025022051135: 8 頭 × 46 特徴量 (リーク除外済み)
18:43:14 INFO     [src.ml.features] [SIMULATE] 特徴量生成 race_id=023022050143: 6 頭 × 46 特徴量 (リーク除外済み)
18:43:14 INFO     [src.ml.features] [SIMULATE] 特徴量生成 race_id=024012052042: 12 頭 × 46 特徴量 (リーク除外済み)
18:43:14 INFO     [src.ml.features] [SIMULATE] 特徴量生成 race_id=025062041550: 29 頭 × 46 特徴量 (リーク除外済み)
18:43:14 INFO     [src.ml.features] [SIMULATE] 特徴量生成 race_id=025082042605: 180 頭 × 46 特徴量 (リーク除外済み)
18:43:15 INFO     [src.ml.features] [SIMULATE] 特徴量生成 race_id=025082042608: 159 頭 × 46 特徴量 (リーク除外済み)
18:43:15 INFO     [src.ml.features] [SIMULATE] 特徴量生成 race_id=025002062803: 152 頭 × 46 特徴量 (リーク除外済み)
18:43:15 INFO     [src.ml.features] [SIMULATE] 特徴量生成 race_id=025002062810: 153 頭 × 46 特徴量 (リーク除外済み)
18:43:15 INFO     [src.ml.features] [SIMULATE] 特徴量生成 race_id=025082072604: 169 頭 × 46 特徴量 (リーク除外済み)
18:43:15 INFO     [src.ml.features] [SIMULATE] 特徴量生成 race_id=025052082301: 140 頭 × 46 特徴量 (リーク除外済み)
18:43:15 INFO     [src.ml.features] [SIMULATE] 特徴量生成 race_id=026022013108: 152 頭 × 46 特徴量 (リーク除外済み)
18:43:15 INFO     [src.ml.features] [SIMULATE] 特徴量生成 race_id=026022022806: 171 頭 × 46 特徴量 (リーク除外済み)
18:43:15 INFO     [src.ml.features] [SIMULATE] 特徴量生成 race_id=026002032809: 147 頭 × 46 特徴量 (リーク除外済み)
18:43:15 INFO     [src.ml.features] [SIMULATE] 特徴量生成 race_id=024032042244: 11 頭 × 46 特徴量 (リーク除外済み)
18:43:15 INFO     [src.ml.features] [SIMULATE] 特徴量生成 race_id=025092042844: 11 頭 × 46 特徴量 (リーク除外済み)
18:43:15 INFO     [src.ml.features] [SIMULATE] 特徴量生成 race_id=025072041647: 24 頭 × 46 特徴量 (リーク除外済み)
18:43:15 INFO     [src.ml.features] [SIMULATE] 特徴量生成 race_id=025082042754: 11 頭 × 46 特徴量 (リーク除外済み)
18:43:15 INFO     [src.ml.features] [SIMULATE] 特徴量生成 race_id=025042051345: 50 頭 × 46 特徴量 (リーク除外済み)
18:43:15 INFO     [src.ml.features] [SIMULATE] 特徴量生成 race_id=025072042655: 34 頭 × 46 特徴量 (リーク除外済み)
18:43:15 INFO     [src.ml.features] [SIMULATE] 特徴量生成 race_id=025032051235: 7 頭 × 46 特徴量 (リーク除外済み)
18:43:15 INFO     [src.ml.features] [SIMULATE] 特徴量生成 race_id=025032042248: 10 頭 × 46 特徴量 (リーク除外済み)
18:43:15 INFO     [src.ml.features] [SIMULATE] 特徴量生成 race_id=024042042348: 9 頭 × 46 特徴量 (リーク除外済み)
18:43:15 INFO     [src.ml.features] [SIMULATE] 特徴量生成 race_id=024082041750: 9 頭 × 46 特徴量 (リーク除外済み)
18:43:15 INFO     [src.ml.features] [SIMULATE] 特徴量生成 race_id=025032042246: 9 頭 × 46 特徴量 (リーク除外済み)
18:43:15 INFO     [src.ml.features] [SIMULATE] 特徴量生成 race_id=025072050643: 12 頭 × 46 特徴量 (リーク除外済み)
18:43:15 INFO     [src.ml.features] [SIMULATE] 特徴量生成 race_id=003062050541: 12 頭 × 46 特徴量 (リーク除外済み)
18:43:15 INFO     [src.ml.features] [SIMULATE] 特徴量生成 race_id=025082052742: 12 頭 × 46 特徴量 (リーク除外済み)
18:43:15 INFO     [src.ml.features] [SIMULATE] 特徴量生成 race_id=004072050541: 12 頭 × 46 特徴量 (リーク除外済み)
18:43:15 INFO     [src.ml.features] [SIMULATE] 特徴量生成 race_id=023072051645: 12 頭 × 46 特徴量 (リーク除外済み)
18:43:15 INFO     [src.ml.features] [SIMULATE] 特徴量生成 race_id=025002042944: 15 頭 × 46 特徴量 (リーク除外済み)
18:43:15 INFO     [src.ml.features] [SIMULATE] 特徴量生成 race_id=024042042344: 11 頭 × 46 特徴量 (リーク除外済み)
18:43:15 INFO     [src.ml.features] [SIMULATE] 特徴量生成 race_id=024092041847: 18 頭 × 46 特徴量 (リーク除外済み)
18:43:15 INFO     [src.ml.features] [SIMULATE] 特徴量生成 race_id=025082042705: 170 頭 × 46 特徴量 (リーク除外済み)
18:43:15 INFO     [src.ml.features] [SIMULATE] 特徴量生成 race_id=025082042708: 154 頭 × 46 特徴量 (リーク除外済み)
18:43:15 INFO     [src.ml.features] [SIMULATE] 特徴量生成 race_id=025002062903: 160 頭 × 46 特徴量 (リーク除外済み)
18:43:15 INFO     [src.ml.features] [SIMULATE] 特徴量生成 race_id=025002062910: 172 頭 × 46 特徴量 (リーク除外済み)
18:43:15 INFO     [src.ml.features] [SIMULATE] 特徴量生成 race_id=025082072704: 155 頭 × 46 特徴量 (リーク除外済み)
18:43:15 INFO     [src.ml.features] [SIMULATE] 特徴量生成 race_id=025052082401: 160 頭 × 46 特徴量 (リーク除外済み)
18:43:15 INFO     [src.ml.features] [SIMULATE] 特徴量生成 race_id=026022020108: 147 頭 × 46 特徴量 (リーク除外済み)
18:43:15 INFO     [src.ml.features] [SIMULATE] 特徴量生成 race_id=026022030106: 170 頭 × 46 特徴量 (リーク除外済み)
18:43:15 INFO     [src.ml.features] [SIMULATE] 特徴量生成 race_id=026002032909: 151 頭 × 46 特徴量 (リーク除外済み)
18:43:15 INFO     [src.ml.features] [SIMULATE] 特徴量生成 race_id=025022042136: 11 頭 × 46 特徴量 (リーク除外済み)
18:43:15 INFO     [src.ml.features] [SIMULATE] 特徴量生成 race_id=024012043043: 13 頭 × 46 特徴量 (リーク除外済み)
18:43:15 INFO     [src.ml.features] [SIMULATE] 特徴量生成 race_id=025022050130: 32 頭 × 46 特徴量 (リーク除外済み)
18:43:15 INFO     [src.ml.features] [SIMULATE] 特徴量生成 race_id=025072020651: 46 頭 × 46 特徴量 (リーク除外済み)
18:43:15 INFO     [src.ml.features] [SIMULATE] 特徴量生成 race_id=025082041750: 12 頭 × 46 特徴量 (リーク除外済み)
18:43:15 INFO     [src.ml.features] [SIMULATE] 特徴量生成 race_id=025032042236: 9 頭 × 46 特徴量 (リーク除外済み)
18:43:15 INFO     [src.ml.features] [SIMULATE] 特徴量生成 race_id=023072050654: 10 頭 × 46 特徴量 (リーク除外済み)
18:43:15 INFO     [src.ml.features] [SIMULATE] 特徴量生成 race_id=023012051044: 14 頭 × 46 特徴量 (リーク除外済み)
18:43:15 INFO     [src.ml.features] [SIMULATE] 特徴量生成 race_id=025082050743: 26 頭 × 46 特徴量 (リーク除外済み)
18:43:15 INFO     [src.ml.features] [SIMULATE] 特徴量生成 race_id=025052051445: 22 頭 × 46 特徴量 (リーク除外済み)
18:43:15 INFO     [src.ml.features] [SIMULATE] 特徴量生成 race_id=001022050541: 12 頭 × 46 特徴量 (リーク除外済み)
18:43:15 INFO     [src.ml.features] [SIMULATE] 特徴量生成 race_id=023052042455: 11 頭 × 46 特徴量 (リーク除外済み)
18:43:15 INFO     [src.ml.features] [SIMULATE] 特徴量生成 race_id=025092052842: 35 頭 × 46 特徴量 (リーク除外済み)
18:43:15 INFO     [src.ml.features] [SIMULATE] 特徴量生成 race_id=024092042855: 10 頭 × 46 特徴量 (リーク除外済み)
18:43:15 INFO     [src.ml.features] [SIMULATE] 特徴量生成 race_id=025012043044: 16 頭 × 46 特徴量 (リーク除外済み)
18:43:15 INFO     [src.ml.features] [SIMULATE] 特徴量生成 race_id=025072043044: 16 頭 × 46 特徴量 (リーク除外済み)
18:43:15 INFO     [src.ml.features] [SIMULATE] 特徴量生成 race_id=025072040509: 167 頭 × 46 特徴量 (リーク除外済み)
18:43:16 INFO     [src.ml.features] [SIMULATE] 特徴量生成 race_id=025072070503: 152 頭 × 46 特徴量 (リーク除外済み)
18:43:16 INFO     [src.ml.features] [SIMULATE] 特徴量生成 race_id=025072070510: 142 頭 × 46 特徴量 (リーク除外済み)
18:43:16 INFO     [src.ml.features] [SIMULATE] 特徴量生成 race_id=025042080204: 162 頭 × 46 特徴量 (リーク除外済み)
18:43:16 INFO     [src.ml.features] [SIMULATE] 特徴量生成 race_id=025012083001: 152 頭 × 46 特徴量 (リーク除外済み)
18:43:16 INFO     [src.ml.features] [SIMULATE] 特徴量生成 race_id=026012020708: 148 頭 × 46 特徴量 (リーク除外済み)
18:43:16 INFO     [src.ml.features] [SIMULATE] 特徴量生成 race_id=026092030706: 186 頭 × 46 特徴量 (リーク除外済み)
18:43:16 INFO     [src.ml.features] [SIMULATE] 特徴量生成 race_id=026062040409: 170 頭 × 46 特徴量 (リーク除外済み)
18:43:16 INFO     [src.ml.features] [SIMULATE] 特徴量生成 race_id=025052050305: 151 頭 × 46 特徴量 (リーク除外済み)
18:43:16 INFO     [src.ml.features] [SIMULATE] 特徴量生成 race_id=025052050308: 152 頭 × 46 特徴量 (リーク除外済み)
18:43:16 INFO     [src.ml.features] [SIMULATE] 特徴量生成 race_id=025092020751: 16 頭 × 46 特徴量 (リーク除外済み)
18:43:16 INFO     [src.ml.features] [SIMULATE] 特徴量生成 race_id=023082050754: 10 頭 × 46 特徴量 (リーク除外済み)
18:43:16 INFO     [src.ml.features] [SIMULATE] 特徴量生成 race_id=025032042250: 24 頭 × 46 特徴量 (リーク除外済み)
18:43:16 INFO     [src.ml.features] [SIMULATE] 特徴量生成 race_id=025062051545: 12 頭 × 46 特徴量 (リーク除外済み)
18:43:16 INFO     [src.ml.features] [SIMULATE] 特徴量生成 race_id=023012051047: 9 頭 × 46 特徴量 (リーク除外済み)
18:43:16 INFO     [src.ml.features] [SIMULATE] 特徴量生成 race_id=024042042350: 9 頭 × 46 特徴量 (リーク除外済み)
18:43:16 INFO     [src.ml.features] [SIMULATE] 特徴量生成 race_id=025022050144: 13 頭 × 46 特徴量 (リーク除外済み)
18:43:16 INFO     [src.ml.features] [SIMULATE] 特徴量生成 race_id=025052042448: 31 頭 × 46 特徴量 (リーク除外済み)
18:43:16 INFO     [src.ml.features] [SIMULATE] 特徴量生成 race_id=025092050830: 26 頭 × 46 特徴量 (リーク除外済み)
18:43:16 INFO     [src.ml.features] [SIMULATE] 特徴量生成 race_id=025022021151: 22 頭 × 46 特徴量 (リーク除外済み)
18:43:16 INFO     [src.ml.features] [SIMULATE] 特徴量生成 race_id=021072050643: 10 頭 × 46 特徴量 (リーク除外済み)
18:43:16 INFO     [src.ml.features] [SIMULATE] 特徴量生成 race_id=025092041847: 18 頭 × 46 特徴量 (リーク除外済み)
18:43:16 INFO     [src.ml.features] [SIMULATE] 特徴量生成 race_id=022002051945: 10 頭 × 46 特徴量 (リーク除外済み)
18:43:16 INFO     [src.ml.features] [SIMULATE] 特徴量生成 race_id=025002052942: 12 頭 × 46 特徴量 (リーク除外済み)
18:43:16 INFO     [src.ml.features] [SIMULATE] 特徴量生成 race_id=024072042647: 16 頭 × 46 特徴量 (リーク除外済み)
18:43:16 INFO     [src.ml.features] [SIMULATE] 特徴量生成 race_id=025092051835: 22 頭 × 46 特徴量 (リーク除外済み)
18:43:16 INFO     [src.ml.features] [SIMULATE] 特徴量生成 race_id=025092050843: 42 頭 × 46 特徴量 (リーク除外済み)
18:43:16 INFO     [src.ml.features] [SIMULATE] 特徴量生成 race_id=025072040609: 162 頭 × 46 特徴量 (リーク除外済み)
18:43:16 INFO     [src.ml.features] [SIMULATE] 特徴量生成 race_id=025052050454: 23 頭 × 46 特徴量 (リーク除外済み)
18:43:16 INFO     [src.ml.features] [SIMULATE] 特徴量生成 race_id=025072070603: 172 頭 × 46 特徴量 (リーク除外済み)
18:43:16 INFO     [src.ml.features] [SIMULATE] 特徴量生成 race_id=025072070610: 154 頭 × 46 特徴量 (リーク除外済み)
18:43:16 INFO     [src.ml.features] [SIMULATE] 特徴量生成 race_id=025042080304: 153 頭 × 46 特徴量 (リーク除外済み)
18:43:16 INFO     [src.ml.features] [SIMULATE] 特徴量生成 race_id=025012083101: 155 頭 × 46 特徴量 (リーク除外済み)
18:43:16 INFO     [src.ml.features] [SIMULATE] 特徴量生成 race_id=026092030806: 173 頭 × 46 特徴量 (リーク除外済み)
18:43:16 INFO     [src.ml.features] [SIMULATE] 特徴量生成 race_id=026062040509: 168 頭 × 46 特徴量 (リーク除外済み)
18:43:16 INFO     [src.ml.features] [SIMULATE] 特徴量生成 race_id=025052050405: 172 頭 × 46 特徴量 (リーク除外済み)
18:43:16 INFO     [src.ml.features] [SIMULATE] 特徴量生成 race_id=025052050408: 153 頭 × 46 特徴量 (リーク除外済み)
18:43:17 INFO     [src.ml.features] [SIMULATE] 特徴量生成 race_id=026012021008: 155 頭 × 46 特徴量 (リーク除外済み)
18:43:17 INFO     [src.ml.features] [SIMULATE] 特徴量生成 race_id=025052050455: 10 頭 × 46 特徴量 (リーク除外済み)
18:43:17 INFO     [src.ml.features] [SIMULATE] 特徴量生成 race_id=025012051054: 10 頭 × 46 特徴量 (リーク除外済み)
18:43:17 INFO     [src.ml.features] [SIMULATE] 特徴量生成 race_id=024022020151: 8 頭 × 46 特徴量 (リーク除外済み)
18:43:17 INFO     [src.ml.features] [SIMULATE] 特徴量生成 race_id=025002050943: 37 頭 × 46 特徴量 (リーク除外済み)
18:43:17 INFO     [src.ml.features] [SIMULATE] 特徴量生成 race_id=022032042244: 13 頭 × 46 特徴量 (リーク除外済み)
18:43:17 INFO     [src.ml.features] [SIMULATE] 特徴量生成 race_id=025062042548: 21 頭 × 46 特徴量 (リーク除外済み)
18:43:17 INFO     [src.ml.features] [SIMULATE] 特徴量生成 race_id=025042042350: 56 頭 × 46 特徴量 (リーク除外済み)
18:43:17 INFO     [src.ml.features] [SIMULATE] 特徴量生成 race_id=025012053042: 24 頭 × 46 特徴量 (リーク除外済み)
18:43:17 INFO     [src.ml.features] [SIMULATE] 特徴量生成 race_id=024022051154: 10 頭 × 46 特徴量 (リーク除外済み)
18:43:17 INFO     [src.ml.features] [SIMULATE] 特徴量生成 race_id=002032050541: 12 頭 × 46 特徴量 (リーク除外済み)
18:43:17 INFO     [src.ml.features] [SIMULATE] 特徴量生成 race_id=023062050543: 13 頭 × 46 特徴量 (リーク除外済み)
18:43:17 INFO     [src.ml.features] [SIMULATE] 特徴量生成 race_id=024002042947: 15 頭 × 46 特徴量 (リーク除外済み)
18:43:17 INFO     [src.ml.features] [SIMULATE] 特徴量生成 race_id=025032021251: 20 頭 × 46 特徴量 (リーク除外済み)
18:43:17 INFO     [src.ml.features] [SIMULATE] 特徴量生成 race_id=024072042644: 16 頭 × 46 特徴量 (リーク除外済み)
18:43:17 INFO     [src.ml.features] [SIMULATE] 特徴量生成 race_id=022072050643: 23 頭 × 46 特徴量 (リーク除外済み)
18:43:17 INFO     [src.ml.features] [SIMULATE] 特徴量生成 race_id=024042050343: 8 頭 × 46 特徴量 (リーク除外済み)
18:43:17 INFO     [src.ml.features] [SIMULATE] 特徴量生成 race_id=025072051645: 38 頭 × 46 特徴量 (リーク除外済み)
18:43:17 INFO     [src.ml.features] [SIMULATE] 特徴量生成 race_id=025082042736: 12 頭 × 46 特徴量 (リーク除外済み)
18:43:17 INFO     [src.ml.features] [SIMULATE] 特徴量生成 race_id=024052052442: 12 頭 × 46 特徴量 (リーク除外済み)
18:43:17 INFO     [src.ml.features] [SIMULATE] 特徴量生成 race_id=024012051045: 14 頭 × 46 特徴量 (リーク除外済み)
18:43:17 INFO     [src.ml.features] [SIMULATE] 特徴量生成 race_id=025042041209: 168 頭 × 46 特徴量 (リーク除外済み)
18:43:17 INFO     [src.ml.features] [SIMULATE] 特徴量生成 race_id=025022051005: 166 頭 × 46 特徴量 (リーク除外済み)
18:43:17 INFO     [src.ml.features] [SIMULATE] 特徴量生成 race_id=025022051008: 148 頭 × 46 特徴量 (リーク除外済み)
18:43:17 INFO     [src.ml.features] [SIMULATE] 特徴量生成 race_id=025042071203: 162 頭 × 46 特徴量 (リーク除外済み)
18:43:17 INFO     [src.ml.features] [SIMULATE] 特徴量生成 race_id=025042071210: 162 頭 × 46 特徴量 (リーク除外済み)
18:43:17 INFO     [src.ml.features] [SIMULATE] 特徴量生成 race_id=025012080904: 175 頭 × 46 特徴量 (リーク除外済み)
18:43:17 INFO     [src.ml.features] [SIMULATE] 特徴量生成 race_id=025082090601: 159 頭 × 46 特徴量 (リーク除外済み)
18:43:17 INFO     [src.ml.features] [SIMULATE] 特徴量生成 race_id=026062021408: 173 頭 × 46 特徴量 (リーク除外済み)
18:43:17 INFO     [src.ml.features] [SIMULATE] 特徴量生成 race_id=026062031406: 180 頭 × 46 特徴量 (リーク除外済み)
18:43:17 INFO     [src.ml.features] [SIMULATE] 特徴量生成 race_id=025042021351: 24 頭 × 46 特徴量 (リーク除外済み)
18:43:17 INFO     [src.ml.features] [SIMULATE] 特徴量生成 race_id=025092042836: 26 頭 × 46 特徴量 (リーク除外済み)
18:43:17 INFO     [src.ml.features] [SIMULATE] 特徴量生成 race_id=025022051154: 10 頭 × 46 特徴量 (リーク除外済み)
18:43:17 INFO     [src.ml.features] [SIMULATE] 特徴量生成 race_id=020042042350: 10 頭 × 46 特徴量 (リーク除外済み)
18:43:17 INFO     [src.ml.features] [SIMULATE] 特徴量生成 race_id=025052042450: 22 頭 × 46 特徴量 (リーク除外済み)
18:43:17 INFO     [src.ml.features] [SIMULATE] 特徴量生成 race_id=025042041309: 160 頭 × 46 特徴量 (リーク除外済み)
18:43:17 INFO     [src.ml.features] [SIMULATE] 特徴量生成 race_id=025022051105: 163 頭 × 46 特徴量 (リーク除外済み)
18:43:17 INFO     [src.ml.features] [SIMULATE] 特徴量生成 race_id=025022051108: 168 頭 × 46 特徴量 (リーク除外済み)
18:43:17 INFO     [src.ml.features] [SIMULATE] 特徴量生成 race_id=025042071303: 168 頭 × 46 特徴量 (リーク除外済み)
18:43:17 INFO     [src.ml.features] [SIMULATE] 特徴量生成 race_id=025042071310: 165 頭 × 46 特徴量 (リーク除外済み)
18:43:17 INFO     [src.ml.features] [SIMULATE] 特徴量生成 race_id=025012081004: 185 頭 × 46 特徴量 (リーク除外済み)
18:43:17 INFO     [src.ml.features] [SIMULATE] 特徴量生成 race_id=025082090701: 157 頭 × 46 特徴量 (リーク除外済み)
18:43:17 INFO     [src.ml.features] [SIMULATE] 特徴量生成 race_id=026062021508: 154 頭 × 46 特徴量 (リーク除外済み)
18:43:17 INFO     [src.ml.features] [SIMULATE] 特徴量生成 race_id=026062031506: 182 頭 × 46 特徴量 (リーク除外済み)
18:43:17 INFO     [src.ml.features] [SIMULATE] 特徴量生成 race_id=024062042550: 17 頭 × 46 特徴量 (リーク除外済み)
18:43:17 INFO     [src.ml.features] [SIMULATE] 特徴量生成 race_id=026032021251: 12 頭 × 46 特徴量 (リーク除外済み)
18:43:17 INFO     [src.ml.features] [SIMULATE] 特徴量生成 race_id=025012041909: 162 頭 × 46 特徴量 (リーク除外済み)
18:43:17 INFO     [src.ml.features] [SIMULATE] 特徴量生成 race_id=025092051705: 163 頭 × 46 特徴量 (リーク除外済み)
18:43:17 INFO     [src.ml.features] [SIMULATE] 特徴量生成 race_id=025092051708: 153 頭 × 46 特徴量 (リーク除外済み)
18:43:18 INFO     [src.ml.features] [SIMULATE] 特徴量生成 race_id=025012071903: 157 頭 × 46 特徴量 (リーク除外済み)
18:43:18 INFO     [src.ml.features] [SIMULATE] 特徴量生成 race_id=025012071910: 169 頭 × 46 特徴量 (リーク除外済み)
18:43:18 INFO     [src.ml.features] [SIMULATE] 特徴量生成 race_id=025082081604: 177 頭 × 46 特徴量 (リーク除外済み)
18:43:18 INFO     [src.ml.features] [SIMULATE] 特徴量生成 race_id=026032032106: 170 頭 × 46 特徴量 (リーク除外済み)
18:43:18 INFO     [src.ml.features] [SIMULATE] 特徴量生成 race_id=025012042009: 171 頭 × 46 特徴量 (リーク除外済み)
18:43:18 INFO     [src.ml.features] [SIMULATE] 特徴量生成 race_id=025092051805: 167 頭 × 46 特徴量 (リーク除外済み)
18:43:18 INFO     [src.ml.features] [SIMULATE] 特徴量生成 race_id=025092051808: 159 頭 × 46 特徴量 (リーク除外済み)
18:43:18 INFO     [src.ml.features] [SIMULATE] 特徴量生成 race_id=025012072003: 148 頭 × 46 特徴量 (リーク除外済み)
18:43:18 INFO     [src.ml.features] [SIMULATE] 特徴量生成 race_id=025012072010: 162 頭 × 46 特徴量 (リーク除外済み)
18:43:18 INFO     [src.ml.features] [SIMULATE] 特徴量生成 race_id=025082081704: 154 頭 × 46 特徴量 (リーク除外済み)
18:43:18 INFO     [src.ml.features] [SIMULATE] 特徴量生成 race_id=026032032206: 174 頭 × 46 特徴量 (リーク除外済み)
18:43:18 INFO     [src.ml.features] [SIMULATE] 特徴量生成 race_id=025062052405: 177 頭 × 46 特徴量 (リーク除外済み)
18:43:18 INFO     [src.ml.features] [SIMULATE] 特徴量生成 race_id=025062052408: 171 頭 × 46 特徴量 (リーク除外済み)
18:43:18 INFO     [src.ml.features] [SIMULATE] 特徴量生成 race_id=025062052505: 168 頭 × 46 特徴量 (リーク除外済み)
18:43:18 INFO     [src.ml.features] [SIMULATE] 特徴量生成 race_id=025062052508: 174 頭 × 46 特徴量 (リーク除外済み)
18:43:18 INFO     [src.ml.features] [SIMULATE] 特徴量生成 race_id=025022053105: 180 頭 × 46 特徴量 (リーク除外済み)
18:43:18 INFO     [src.ml.features] [SIMULATE] 特徴量生成 race_id=025022053108: 177 頭 × 46 特徴量 (リーク除外済み)
18:43:18 INFO     [src.ml.features] [SIMULATE] 特徴量生成 race_id=025022060105: 192 頭 × 46 特徴量 (リーク除外済み)
18:43:18 INFO     [src.ml.features] [SIMULATE] 特徴量生成 race_id=025022060108: 170 頭 × 46 特徴量 (リーク除外済み)
18:43:18 INFO     [src.ml.features] [SIMULATE] 特徴量生成 race_id=024052051430: 9 頭 × 46 特徴量 (リーク除外済み)
18:43:18 INFO     [src.ml.features] [SIMULATE] 特徴量生成 race_id=025052051430: 7 頭 × 46 特徴量 (リーク除外済み)
18:43:18 INFO     [src.ml.features] [SIMULATE] 特徴量生成 race_id=023012052054: 11 頭 × 46 特徴量 (リーク除外済み)
18:43:18 INFO     [src.ml.features] [SIMULATE] 特徴量生成 race_id=025062052535: 8 頭 × 46 特徴量 (リーク除外済み)
18:43:18 INFO     [src.ml.features] [SIMULATE] 特徴量生成 race_id=024042051344: 13 頭 × 46 特徴量 (リーク除外済み)
18:43:18 INFO     [src.ml.features] [SIMULATE] 特徴量生成 race_id=026082021751: 12 頭 × 46 特徴量 (リーク除外済み)
18:43:18 INFO     [src.ml.features] [SIMULATE] 特徴量生成 race_id=024092050847: 7 頭 × 46 特徴量 (リーク除外済み)
18:43:18 INFO     [src.ml.features] [SIMULATE] 特徴量生成 race_id=025012051055: 12 頭 × 46 特徴量 (リーク除外済み)
18:43:18 INFO     [src.ml.features] [SIMULATE] 特徴量生成 race_id=025002042950: 8 頭 × 46 特徴量 (リーク除外済み)
18:43:18 INFO     [src.ml.features] [SIMULATE] 特徴量生成 race_id=024072020651: 23 頭 × 46 特徴量 (リーク除外済み)
18:43:18 INFO     [src.ml.features] [SIMULATE] 特徴量生成 race_id=025092060836: 11 頭 × 46 特徴量 (リーク除外済み)
18:43:18 INFO     [src.ml.features] [SIMULATE] 特徴量生成 race_id=024082052743: 22 頭 × 46 特徴量 (リーク除外済み)
18:43:18 INFO     [src.ml.features] [SIMULATE] 特徴量生成 race_id=025042062342: 7 頭 × 46 特徴量 (リーク除外済み)
18:43:18 INFO     [src.ml.features] [SIMULATE] 特徴量生成 race_id=022012062043: 10 頭 × 46 特徴量 (リーク除外済み)
18:43:18 INFO     [src.ml.features] [SIMULATE] 特徴量生成 race_id=025032060243: 12 頭 × 46 特徴量 (リーク除外済み)
18:43:18 INFO     [src.ml.features] [SIMULATE] 特徴量生成 race_id=025002042947: 8 頭 × 46 特徴量 (リーク除外済み)
18:43:18 INFO     [src.ml.features] [SIMULATE] 特徴量生成 race_id=025062050546: 10 頭 × 46 特徴量 (リーク除外済み)
18:43:18 INFO     [src.ml.features] [SIMULATE] 特徴量生成 race_id=025092060705: 178 頭 × 46 特徴量 (リーク除外済み)
18:43:18 INFO     [src.ml.features] [SIMULATE] 特徴量生成 race_id=025092060709: 153 頭 × 46 特徴量 (リーク除外済み)
18:43:18 INFO     [src.ml.features] [SIMULATE] 特徴量生成 race_id=025082072607: 139 頭 × 46 特徴量 (リーク除外済み)
18:43:19 INFO     [src.ml.features] [SIMULATE] 特徴量生成 race_id=025052082304: 160 頭 × 46 特徴量 (リーク除外済み)
18:43:19 INFO     [src.ml.features] [SIMULATE] 特徴量生成 race_id=025162000408: 167 頭 × 46 特徴量 (リーク除外済み)
18:43:19 INFO     [src.ml.features] [SIMULATE] 特徴量生成 race_id=025102010803: 188 頭 × 46 特徴量 (リーク除外済み)
18:43:19 INFO     [src.ml.features] [SIMULATE] 特徴量生成 race_id=026002032806: 173 頭 × 46 特徴量 (リーク除外済み)
18:43:19 INFO     [src.ml.features] [SIMULATE] 特徴量生成 race_id=024012043050: 10 頭 × 46 特徴量 (リーク除外済み)
18:43:19 INFO     [src.ml.features] [SIMULATE] 特徴量生成 race_id=025062051530: 9 頭 × 46 特徴量 (リーク除外済み)
18:43:19 INFO     [src.ml.features] [SIMULATE] 特徴量生成 race_id=024082020751: 12 頭 × 46 特徴量 (リーク除外済み)
18:43:19 INFO     [src.ml.features] [SIMULATE] 特徴量生成 race_id=025092051854: 22 頭 × 46 特徴量 (リーク除外済み)
18:43:19 INFO     [src.ml.features] [SIMULATE] 特徴量生成 race_id=024012043046: 9 頭 × 46 特徴量 (リーク除外済み)
18:43:19 INFO     [src.ml.features] [SIMULATE] 特徴量生成 race_id=023062052547: 9 頭 × 46 特徴量 (リーク除外済み)
18:43:19 INFO     [src.ml.features] [SIMULATE] 特徴量生成 race_id=024002051954: 12 頭 × 46 特徴量 (リーク除外済み)
18:43:19 INFO     [src.ml.features] [SIMULATE] 特徴量生成 race_id=025052062442: 10 頭 × 46 特徴量 (リーク除外済み)
18:43:19 INFO     [src.ml.features] [SIMULATE] 特徴量生成 race_id=025002021951: 28 頭 × 46 特徴量 (リーク除外済み)
18:43:19 INFO     [src.ml.features] [SIMULATE] 特徴量生成 race_id=025072052635: 17 頭 × 46 特徴量 (リーク除外済み)
18:43:19 INFO     [src.ml.features] [SIMULATE] 特徴量生成 race_id=024032051255: 11 頭 × 46 特徴量 (リーク除外済み)
18:43:19 INFO     [src.ml.features] [SIMULATE] 特徴量生成 race_id=024022061145: 13 頭 × 46 特徴量 (リーク除外済み)
18:43:19 INFO     [src.ml.features] [SIMULATE] 特徴量生成 race_id=026092021851: 12 頭 × 46 特徴量 (リーク除外済み)
18:43:19 INFO     [src.ml.features] [SIMULATE] 特徴量生成 race_id=025002060936: 10 頭 × 46 特徴量 (リーク除外済み)
18:43:19 INFO     [src.ml.features] [SIMULATE] 特徴量生成 race_id=024052051444: 15 頭 × 46 特徴量 (リーク除外済み)
18:43:19 INFO     [src.ml.features] [SIMULATE] 特徴量生成 race_id=025042060343: 33 頭 × 46 特徴量 (リーク除外済み)
18:43:19 INFO     [src.ml.features] [SIMULATE] 特徴量生成 race_id=003062043050: 12 頭 × 46 特徴量 (リーク除外済み)
18:43:19 INFO     [src.ml.features] [SIMULATE] 特徴量生成 race_id=025092060805: 188 頭 × 46 特徴量 (リーク除外済み)
18:43:19 INFO     [src.ml.features] [SIMULATE] 特徴量生成 race_id=025092060809: 172 頭 × 46 特徴量 (リーク除外済み)
18:43:19 INFO     [src.ml.features] [SIMULATE] 特徴量生成 race_id=025082072707: 144 頭 × 46 特徴量 (リーク除外済み)
18:43:19 INFO     [src.ml.features] [SIMULATE] 特徴量生成 race_id=025052082404: 166 頭 × 46 特徴量 (リーク除外済み)
18:43:19 INFO     [src.ml.features] [SIMULATE] 特徴量生成 race_id=025162000508: 165 頭 × 46 特徴量 (リーク除外済み)
18:43:19 INFO     [src.ml.features] [SIMULATE] 特徴量生成 race_id=025102010903: 176 頭 × 46 特徴量 (リーク除外済み)
18:43:19 INFO     [src.ml.features] [SIMULATE] 特徴量生成 race_id=026002032906: 169 頭 × 46 特徴量 (リーク除外済み)
18:43:19 INFO     [src.ml.features] [SIMULATE] 特徴量生成 race_id=025082061745: 37 頭 × 46 特徴量 (リーク除外済み)
18:43:19 INFO     [src.ml.features] [SIMULATE] 特徴量生成 race_id=025012052044: 16 頭 × 46 特徴量 (リーク除外済み)
18:43:19 INFO     [src.ml.features] [SIMULATE] 特徴量生成 race_id=025072050648: 34 頭 × 46 特徴量 (リーク除外済み)
18:43:19 INFO     [src.ml.features] [SIMULATE] 特徴量生成 race_id=025012043050: 32 頭 × 46 特徴量 (リーク除外済み)
18:43:19 INFO     [src.ml.features] [SIMULATE] 特徴量生成 race_id=023092052854: 8 頭 × 46 特徴量 (リーク除外済み)
18:43:19 INFO     [src.ml.features] [SIMULATE] 特徴量生成 race_id=025092061845: 26 頭 × 46 特徴量 (リーク除外済み)
18:43:19 INFO     [src.ml.features] [SIMULATE] 特徴量生成 race_id=025012061036: 9 頭 × 46 特徴量 (リーク除外済み)
18:43:19 INFO     [src.ml.features] [SIMULATE] 特徴量生成 race_id=025022052130: 36 頭 × 46 特徴量 (リーク除外済み)
18:43:19 INFO     [src.ml.features] [SIMULATE] 特徴量生成 race_id=025022050150: 23 頭 × 46 特徴量 (リーク除外済み)
18:43:19 INFO     [src.ml.features] [SIMULATE] 特徴量生成 race_id=025052052454: 9 頭 × 46 特徴量 (リーク除外済み)
18:43:19 INFO     [src.ml.features] [SIMULATE] 特徴量生成 race_id=025082050748: 10 頭 × 46 特徴量 (リーク除外済み)
18:43:19 INFO     [src.ml.features] [SIMULATE] 特徴量生成 race_id=024062052554: 12 頭 × 46 特徴量 (リーク除外済み)
18:43:19 INFO     [src.ml.features] [SIMULATE] 特徴量生成 race_id=024032051047: 8 頭 × 46 特徴量 (リーク除外済み)
18:43:19 INFO     [src.ml.features] [SIMULATE] 特徴量生成 race_id=025022051146: 10 頭 × 46 特徴量 (リーク除外済み)
18:43:19 INFO     [src.ml.features] [SIMULATE] 特徴量生成 race_id=023052061445: 12 頭 × 46 特徴量 (リーク除外済み)
18:43:19 INFO     [src.ml.features] [SIMULATE] 特徴量生成 race_id=025022052144: 15 頭 × 46 特徴量 (リーク除外済み)
18:43:19 INFO     [src.ml.features] [SIMULATE] 特徴量生成 race_id=025022050147: 9 頭 × 46 特徴量 (リーク除外済み)
18:43:19 INFO     [src.ml.features] [SIMULATE] 特徴量生成 race_id=025012022051: 19 頭 × 46 特徴量 (リーク除外済み)
18:43:19 INFO     [src.ml.features] [SIMULATE] 特徴量生成 race_id=023092050855: 10 頭 × 46 特徴量 (リーク除外済み)
18:43:19 INFO     [src.ml.features] [SIMULATE] 特徴量生成 race_id=025082052735: 11 頭 × 46 特徴量 (リーク除外済み)
18:43:19 INFO     [src.ml.features] [SIMULATE] 特徴量生成 race_id=002032050150: 10 頭 × 46 特徴量 (リーク除外済み)
18:43:19 INFO     [src.ml.features] [SIMULATE] 特徴量生成 race_id=025052060443: 47 頭 × 46 特徴量 (リーク除外済み)
18:43:20 INFO     [src.ml.features] [SIMULATE] 特徴量生成 race_id=025142001108: 145 頭 × 46 特徴量 (リーク除外済み)
18:43:20 INFO     [src.ml.features] [SIMULATE] 特徴量生成 race_id=024042051355: 10 頭 × 46 特徴量 (リーク除外済み)
18:43:20 INFO     [src.ml.features] [SIMULATE] 特徴量生成 race_id=025062062542: 12 頭 × 46 特徴量 (リーク除外済み)
18:43:20 INFO     [src.ml.features] [SIMULATE] 特徴量生成 race_id=025072040506: 168 頭 × 46 特徴量 (リーク除外済み)
18:43:20 INFO     [src.ml.features] [SIMULATE] 特徴量生成 race_id=025062061405: 173 頭 × 46 特徴量 (リーク除外済み)
18:43:20 INFO     [src.ml.features] [SIMULATE] 特徴量生成 race_id=025062061409: 172 頭 × 46 特徴量 (リーク除外済み)
18:43:20 INFO     [src.ml.features] [SIMULATE] 特徴量生成 race_id=025042080207: 149 頭 × 46 特徴量 (リーク除外済み)
18:43:20 INFO     [src.ml.features] [SIMULATE] 特徴量生成 race_id=025012083004: 180 頭 × 46 特徴量 (リーク除外済み)
18:43:20 INFO     [src.ml.features] [SIMULATE] 特徴量生成 race_id=025172011503: 190 頭 × 46 特徴量 (リーク除外済み)
18:43:20 INFO     [src.ml.features] [SIMULATE] 特徴量生成 race_id=026062040406: 172 頭 × 46 特徴量 (リーク除外済み)
18:43:20 INFO     [src.ml.features] [SIMULATE] 特徴量生成 race_id=023052052444: 28 頭 × 46 特徴量 (リーク除外済み)
18:43:20 INFO     [src.ml.features] [SIMULATE] 特徴量生成 race_id=024062051544: 15 頭 × 46 特徴量 (リーク除外済み)
18:43:20 INFO     [src.ml.features] [SIMULATE] 特徴量生成 race_id=024092051855: 7 頭 × 46 特徴量 (リーク除外済み)
18:43:20 INFO     [src.ml.features] [SIMULATE] 特徴量生成 race_id=025032052230: 12 頭 × 46 特徴量 (リーク除外済み)
18:43:20 INFO     [src.ml.features] [SIMULATE] 特徴量生成 race_id=025032052244: 27 頭 × 46 特徴量 (リーク除外済み)
18:43:20 INFO     [src.ml.features] [SIMULATE] 特徴量生成 race_id=024072050250: 11 頭 × 46 特徴量 (リーク除外済み)
18:43:20 INFO     [src.ml.features] [SIMULATE] 特徴量生成 race_id=025032050247: 10 頭 × 46 特徴量 (リーク除外済み)
18:43:20 INFO     [src.ml.features] [SIMULATE] 特徴量生成 race_id=025082051755: 11 頭 × 46 特徴量 (リーク除外済み)
18:43:20 INFO     [src.ml.features] [SIMULATE] 特徴量生成 race_id=025092050848: 10 頭 × 46 特徴量 (リーク除外済み)
18:43:20 INFO     [src.ml.features] [SIMULATE] 特徴量生成 race_id=025062060543: 22 頭 × 46 特徴量 (リーク除外済み)
18:43:20 INFO     [src.ml.features] [SIMULATE] 特徴量生成 race_id=023032062243: 14 頭 × 46 特徴量 (リーク除外済み)
18:43:20 INFO     [src.ml.features] [SIMULATE] 特徴量生成 race_id=025002061945: 22 頭 × 46 特徴量 (リーク除外済み)
18:43:20 INFO     [src.ml.features] [SIMULATE] 特徴量生成 race_id=004072050450: 12 頭 × 46 特徴量 (リーク除外済み)
18:43:20 INFO     [src.ml.features] [SIMULATE] 特徴量生成 race_id=024012062042: 8 頭 × 46 特徴量 (リーク除外済み)
18:43:20 INFO     [src.ml.features] [SIMULATE] 特徴量生成 race_id=025072062642: 11 頭 × 46 特徴量 (リーク除外済み)
18:43:20 INFO     [src.ml.features] [SIMULATE] 特徴量生成 race_id=025022060135: 12 頭 × 46 特徴量 (リーク除外済み)
18:43:20 INFO     [src.ml.features] [SIMULATE] 特徴量生成 race_id=025052022451: 30 頭 × 46 特徴量 (リーク除外済み)
18:43:20 INFO     [src.ml.features] [SIMULATE] 特徴量生成 race_id=025072040606: 165 頭 × 46 特徴量 (リーク除外済み)
18:43:20 INFO     [src.ml.features] [SIMULATE] 特徴量生成 race_id=025062061505: 177 頭 × 46 特徴量 (リーク除外済み)
18:43:20 INFO     [src.ml.features] [SIMULATE] 特徴量生成 race_id=025062061509: 179 頭 × 46 特徴量 (リーク除外済み)
18:43:20 INFO     [src.ml.features] [SIMULATE] 特徴量生成 race_id=025042080307: 155 頭 × 46 特徴量 (リーク除外済み)
18:43:20 INFO     [src.ml.features] [SIMULATE] 特徴量生成 race_id=025012083104: 168 頭 × 46 特徴量 (リーク除外済み)
18:43:20 INFO     [src.ml.features] [SIMULATE] 特徴量生成 race_id=025142001208: 150 頭 × 46 特徴量 (リーク除外済み)
18:43:20 INFO     [src.ml.features] [SIMULATE] 特徴量生成 race_id=025172011603: 177 頭 × 46 特徴量 (リーク除外済み)
18:43:20 INFO     [src.ml.features] [SIMULATE] 特徴量生成 race_id=026062040506: 176 頭 × 46 特徴量 (リーク除外済み)
18:43:20 INFO     [src.ml.features] [SIMULATE] 特徴量生成 race_id=026062022551: 12 頭 × 46 特徴量 (リーク除外済み)
18:43:20 INFO     [src.ml.features] [SIMULATE] 特徴量生成 race_id=023062061545: 12 頭 × 46 特徴量 (リーク除外済み)
18:43:20 INFO     [src.ml.features] [SIMULATE] 特徴量生成 race_id=025072060643: 16 頭 × 46 特徴量 (リーク除外済み)
18:43:20 INFO     [src.ml.features] [SIMULATE] 特徴量生成 race_id=025082062742: 18 頭 × 46 特徴量 (リーク除外済み)
18:43:20 INFO     [src.ml.features] [SIMULATE] 特徴量生成 race_id=025092051855: 21 頭 × 46 特徴量 (リーク除外済み)
18:43:20 INFO     [src.ml.features] [SIMULATE] 特徴量生成 race_id=025012053154: 12 頭 × 46 特徴量 (リーク除外済み)
18:43:21 INFO     [src.ml.features] [SIMULATE] 特徴量生成 race_id=024092070835: 11 頭 × 46 特徴量 (リーク除外済み)
18:43:21 INFO     [src.ml.features] [SIMULATE] 特徴量生成 race_id=025002050948: 10 頭 × 46 特徴量 (リーク除外済み)
18:43:21 INFO     [src.ml.features] [SIMULATE] 特徴量生成 race_id=025042052344: 12 頭 × 46 特徴量 (リーク除外済み)
18:43:21 INFO     [src.ml.features] [SIMULATE] 特徴量生成 race_id=025062022551: 9 頭 × 46 特徴量 (リーク除外済み)
18:43:21 INFO     [src.ml.features] [SIMULATE] 特徴量生成 race_id=001022050250: 11 頭 × 46 特徴量 (リーク除外済み)
18:43:21 INFO     [src.ml.features] [SIMULATE] 特徴量生成 race_id=025012062045: 16 頭 × 46 特徴量 (リーク除外済み)
18:43:21 INFO     [src.ml.features] [SIMULATE] 特徴量生成 race_id=024052061445: 12 頭 × 46 特徴量 (リーク除外済み)
18:43:21 INFO     [src.ml.features] [SIMULATE] 特徴量生成 race_id=025042041206: 164 頭 × 46 特徴量 (リーク除外済み)
18:43:21 INFO     [src.ml.features] [SIMULATE] 特徴量生成 race_id=025032062105: 174 頭 × 46 特徴量 (リーク除外済み)
18:43:21 INFO     [src.ml.features] [SIMULATE] 特徴量生成 race_id=025032062109: 165 頭 × 46 特徴量 (リーク除外済み)
18:43:21 INFO     [src.ml.features] [SIMULATE] 特徴量生成 race_id=025012080907: 151 頭 × 46 特徴量 (リーク除外済み)
18:43:21 INFO     [src.ml.features] [SIMULATE] 特徴量生成 race_id=025152012203: 184 頭 × 46 特徴量 (リーク除外済み)
18:43:21 INFO     [src.ml.features] [SIMULATE] 特徴量生成 race_id=025142001308: 157 頭 × 46 特徴量 (リーク除外済み)
18:43:21 INFO     [src.ml.features] [SIMULATE] 特徴量生成 race_id=024032060254: 22 頭 × 46 特徴量 (リーク除外済み)
18:43:21 INFO     [src.ml.features] [SIMULATE] 特徴量生成 race_id=025022060154: 9 頭 × 46 特徴量 (リーク除外済み)
18:43:21 INFO     [src.ml.features] [SIMULATE] 特徴量生成 race_id=024052052447: 8 頭 × 46 特徴量 (リーク除外済み)
18:43:21 INFO     [src.ml.features] [SIMULATE] 特徴量生成 race_id=019072071535: 14 頭 × 46 特徴量 (リーク除外済み)
18:43:21 INFO     [src.ml.features] [SIMULATE] 特徴量生成 race_id=023022061154: 8 頭 × 46 特徴量 (リーク除外済み)
18:43:21 INFO     [src.ml.features] [SIMULATE] 特徴量生成 race_id=025102001808: 135 頭 × 46 特徴量 (リーク除外済み)
18:43:21 INFO     [src.ml.features] [SIMULATE] 特徴量生成 race_id=025042041306: 171 頭 × 46 特徴量 (リーク除外済み)
18:43:21 INFO     [src.ml.features] [SIMULATE] 特徴量生成 race_id=025032062205: 185 頭 × 46 特徴量 (リーク除外済み)
18:43:21 INFO     [src.ml.features] [SIMULATE] 特徴量生成 race_id=025032062209: 168 頭 × 46 特徴量 (リーク除外済み)
18:43:21 INFO     [src.ml.features] [SIMULATE] 特徴量生成 race_id=025012081007: 164 頭 × 46 特徴量 (リーク除外済み)
18:43:21 INFO     [src.ml.features] [SIMULATE] 特徴量生成 race_id=025152012403: 187 頭 × 46 特徴量 (リーク除外済み)
18:43:21 INFO     [src.ml.features] [SIMULATE] 特徴量生成 race_id=025012041906: 163 頭 × 46 特徴量 (リーク除外済み)
18:43:21 INFO     [src.ml.features] [SIMULATE] 特徴量生成 race_id=025082081607: 150 頭 × 46 特徴量 (リーク除外済み)
18:43:21 INFO     [src.ml.features] [SIMULATE] 特徴量生成 race_id=025102001908: 147 頭 × 46 特徴量 (リーク除外済み)
18:43:21 INFO     [src.ml.features] [SIMULATE] 特徴量生成 race_id=025172002508: 147 頭 × 46 特徴量 (リーク除外済み)
18:43:21 INFO     [src.ml.features] [SIMULATE] 特徴量生成 race_id=025012042006: 175 頭 × 46 特徴量 (リーク除外済み)
18:43:21 INFO     [src.ml.features] [SIMULATE] 特徴量生成 race_id=025082081707: 160 頭 × 46 特徴量 (リーク除外済み)
18:43:21 INFO     [src.ml.features] [SIMULATE] 特徴量生成 race_id=025172002608: 148 頭 × 46 特徴量 (リーク除外済み)
18:43:21 INFO     [src.ml.features] [SIMULATE] 特徴量生成 race_id=025132010108: 153 頭 × 46 特徴量 (リーク除外済み)
18:43:21 INFO     [src.ml.features] [SIMULATE] 特徴量生成 race_id=025132010208: 166 頭 × 46 特徴量 (リーク除外済み)
18:43:21 INFO     [src.ml.features] [SIMULATE] 特徴量生成 race_id=025042051347: 16 頭 × 46 特徴量 (リーク除外済み)
18:43:21 INFO     [src.ml.features] [SIMULATE] 特徴量生成 race_id=025022072142: 9 頭 × 46 特徴量 (リーク除外済み)
18:43:21 INFO     [src.ml.features] [SIMULATE] 特徴量生成 race_id=025012063043: 5 頭 × 46 特徴量 (リーク除外済み)
18:43:21 INFO     [src.ml.features] [SIMULATE] 特徴量生成 race_id=025062050550: 31 頭 × 46 特徴量 (リーク除外済み)
18:43:22 INFO     [src.ml.features] [SIMULATE] 特徴量生成 race_id=025082052730: 9 頭 × 46 特徴量 (リーク除外済み)
18:43:22 INFO     [src.ml.features] [SIMULATE] 特徴量生成 race_id=025052052455: 11 頭 × 46 特徴量 (リーク除外済み)
18:43:22 INFO     [src.ml.features] [SIMULATE] 特徴量生成 race_id=025072022651: 7 頭 × 46 特徴量 (リーク除外済み)
18:43:22 INFO     [src.ml.features] [SIMULATE] 特徴量生成 race_id=024022070145: 9 頭 × 46 特徴量 (リーク除外済み)
18:43:22 INFO     [src.ml.features] [SIMULATE] 特徴量生成 race_id=024062052555: 12 頭 × 46 特徴量 (リーク除外済み)
18:43:22 INFO     [src.ml.features] [SIMULATE] 特徴量生成 race_id=025082070745: 24 頭 × 46 特徴量 (リーク除外済み)
18:43:22 INFO     [src.ml.features] [SIMULATE] 特徴量生成 race_id=024062051548: 10 頭 × 46 特徴量 (リーク除外済み)
18:43:22 INFO     [src.ml.features] [SIMULATE] 特徴量生成 race_id=025032062236: 31 頭 × 46 特徴量 (リーク除外済み)
18:43:22 INFO     [src.ml.features] [SIMULATE] 特徴量生成 race_id=023042070345: 9 頭 × 46 特徴量 (リーク除外済み)
18:43:22 INFO     [src.ml.features] [SIMULATE] 特徴量生成 race_id=023012062047: 10 頭 × 46 特徴量 (リーク除外済み)
18:43:22 INFO     [src.ml.features] [SIMULATE] 特徴量生成 race_id=020042051350: 12 頭 × 46 特徴量 (リーク除外済み)
18:43:22 INFO     [src.ml.features] [SIMULATE] 特徴量生成 race_id=022052070445: 10 頭 × 46 特徴量 (リーク除外済み)
18:43:22 INFO     [src.ml.features] [SIMULATE] 特徴量生成 race_id=023082071742: 10 頭 × 46 特徴量 (リーク除外済み)
18:43:22 INFO     [src.ml.features] [SIMULATE] 特徴量生成 race_id=025012052048: 35 頭 × 46 特徴量 (リーク除外済み)
18:43:22 INFO     [src.ml.features] [SIMULATE] 特徴量生成 race_id=022032072243: 9 頭 × 46 特徴量 (リーク除外済み)
18:43:22 INFO     [src.ml.features] [SIMULATE] 特徴量生成 race_id=025052082307: 137 頭 × 46 特徴量 (リーク除外済み)
18:43:22 INFO     [src.ml.features] [SIMULATE] 特徴量生成 race_id=025082090606: 155 頭 × 46 特徴量 (リーク除外済み)
18:43:22 INFO     [src.ml.features] [SIMULATE] 特徴量生成 race_id=025082090609: 142 頭 × 46 特徴量 (リーク除外済み)
18:43:22 INFO     [src.ml.features] [SIMULATE] 特徴量生成 race_id=025162000405: 172 頭 × 46 特徴量 (リーク除外済み)
18:43:22 INFO     [src.ml.features] [SIMULATE] 特徴量生成 race_id=025102001804: 188 頭 × 46 特徴量 (リーク除外済み)
18:43:22 INFO     [src.ml.features] [SIMULATE] 特徴量生成 race_id=025102010808: 153 頭 × 46 特徴量 (リーク除外済み)
18:43:22 INFO     [src.ml.features] [SIMULATE] 特徴量生成 race_id=025072070635: 12 頭 × 46 特徴量 (リーク除外済み)
18:43:22 INFO     [src.ml.features] [SIMULATE] 特徴量生成 race_id=024012022051: 9 頭 × 46 特徴量 (リーク除外済み)
18:43:22 INFO     [src.ml.features] [SIMULATE] 特徴量生成 race_id=024002060954: 11 頭 × 46 特徴量 (リーク除外済み)
18:43:22 INFO     [src.ml.features] [SIMULATE] 特徴量生成 race_id=025092060854: 19 頭 × 46 特徴量 (リーク除外済み)
18:43:22 INFO     [src.ml.features] [SIMULATE] 特徴量生成 race_id=025042070343: 35 頭 × 46 特徴量 (リーク除外済み)
18:43:22 INFO     [src.ml.features] [SIMULATE] 特徴量生成 race_id=025092052830: 51 頭 × 46 特徴量 (リーク除外済み)
18:43:22 INFO     [src.ml.features] [SIMULATE] 特徴量生成 race_id=025042062336: 8 頭 × 46 特徴量 (リーク除外済み)
18:43:22 INFO     [src.ml.features] [SIMULATE] 特徴量生成 race_id=021072052630: 8 頭 × 46 特徴量 (リーク除外済み)
18:43:22 INFO     [src.ml.features] [SIMULATE] 特徴量生成 race_id=025082070735: 6 頭 × 46 特徴量 (リーク除外済み)
18:43:22 INFO     [src.ml.features] [SIMULATE] 特徴量生成 race_id=023072060644: 10 頭 × 46 特徴量 (リーク除外済み)
18:43:22 INFO     [src.ml.features] [SIMULATE] 特徴量生成 race_id=025012052046: 9 頭 × 46 特徴量 (リーク除外済み)
18:43:22 INFO     [src.ml.features] [SIMULATE] 特徴量生成 race_id=025062052555: 11 頭 × 46 特徴量 (リーク除外済み)
18:43:22 INFO     [src.ml.features] [SIMULATE] 特徴量生成 race_id=025072050650: 29 頭 × 46 特徴量 (リーク除外済み)
18:43:22 INFO     [src.ml.features] [SIMULATE] 特徴量生成 race_id=025032072242: 20 頭 × 46 特徴量 (リーク除外済み)
18:43:22 INFO     [src.ml.features] [SIMULATE] 特徴量生成 race_id=025052051447: 18 頭 × 46 特徴量 (リーク除外済み)
18:43:22 INFO     [src.ml.features] [SIMULATE] 特徴量生成 race_id=024052060444: 14 頭 × 46 特徴量 (リーク除外済み)
18:43:22 INFO     [src.ml.features] [SIMULATE] 特徴量生成 race_id=025092070845: 43 頭 × 46 特徴量 (リーク除外済み)
18:43:22 INFO     [src.ml.features] [SIMULATE] 特徴量生成 race_id=024062060547: 20 頭 × 46 特徴量 (リーク除外済み)
18:43:22 INFO     [src.ml.features] [SIMULATE] 特徴量生成 race_id=024002050950: 20 頭 × 46 特徴量 (リーク除外済み)
18:43:22 INFO     [src.ml.features] [SIMULATE] 特徴量生成 race_id=025052082407: 148 頭 × 46 特徴量 (リーク除外済み)
18:43:22 INFO     [src.ml.features] [SIMULATE] 特徴量生成 race_id=025082090706: 171 頭 × 46 特徴量 (リーク除外済み)
18:43:22 INFO     [src.ml.features] [SIMULATE] 特徴量生成 race_id=025082090709: 134 頭 × 46 特徴量 (リーク除外済み)
18:43:22 INFO     [src.ml.features] [SIMULATE] 特徴量生成 race_id=025162000505: 182 頭 × 46 特徴量 (リーク除外済み)
18:43:22 INFO     [src.ml.features] [SIMULATE] 特徴量生成 race_id=025102001904: 185 頭 × 46 特徴量 (リーク除外済み)
18:43:22 INFO     [src.ml.features] [SIMULATE] 特徴量生成 race_id=025102010908: 147 頭 × 46 特徴量 (リーク除外済み)
18:43:22 INFO     [src.ml.features] [SIMULATE] 特徴量生成 race_id=025012061044: 14 頭 × 46 特徴量 (リーク除外済み)
18:43:22 INFO     [src.ml.features] [SIMULATE] 特徴量生成 race_id=025022052148: 24 頭 × 46 特徴量 (リーク除外済み)
18:43:22 INFO     [src.ml.features] [SIMULATE] 特徴量生成 race_id=026052030451: 12 頭 × 46 特徴量 (リーク除外済み)
18:43:22 INFO     [src.ml.features] [SIMULATE] 特徴量生成 race_id=024092062843: 13 頭 × 46 特徴量 (リーク除外済み)
18:43:22 INFO     [src.ml.features] [SIMULATE] 特徴量生成 race_id=025072070443: 6 頭 × 46 特徴量 (リーク除外済み)
18:43:22 INFO     [src.ml.features] [SIMULATE] 特徴量生成 race_id=025082050750: 21 頭 × 46 特徴量 (リーク除外済み)
18:43:22 INFO     [src.ml.features] [SIMULATE] 特徴量生成 race_id=025002052930: 16 頭 × 46 特徴量 (リーク除外済み)
18:43:22 INFO     [src.ml.features] [SIMULATE] 特徴量生成 race_id=025032052248: 36 頭 × 46 特徴量 (リーク除外済み)
18:43:22 INFO     [src.ml.features] [SIMULATE] 特徴量生成 race_id=025062051547: 39 頭 × 46 特徴量 (リーク除外済み)
18:43:22 INFO     [src.ml.features] [SIMULATE] 特徴量生成 race_id=025092070835: 12 頭 × 46 特徴量 (リーク除外済み)
18:43:23 INFO     [src.ml.features] [SIMULATE] 特徴量生成 race_id=025052062436: 10 頭 × 46 特徴量 (リーク除外済み)
18:43:23 INFO     [src.ml.features] [SIMULATE] 特徴量生成 race_id=024062060544: 28 頭 × 46 特徴量 (リーク除外済み)
18:43:23 INFO     [src.ml.features] [SIMULATE] 特徴量生成 race_id=024072060647: 10 頭 × 46 特徴量 (リーク除外済み)
18:43:23 INFO     [src.ml.features] [SIMULATE] 特徴量生成 race_id=025022061144: 16 頭 × 46 特徴量 (リーク除外済み)
18:43:23 INFO     [src.ml.features] [SIMULATE] 特徴量生成 race_id=025002070945: 10 頭 × 46 特徴量 (リーク除外済み)
18:43:23 INFO     [src.ml.features] [SIMULATE] 特徴量生成 race_id=025012083007: 156 頭 × 46 特徴量 (リーク除外済み)
18:43:23 INFO     [src.ml.features] [SIMULATE] 特徴量生成 race_id=025062091306: 156 頭 × 46 特徴量 (リーク除外済み)
18:43:23 INFO     [src.ml.features] [SIMULATE] 特徴量生成 race_id=025062091309: 141 頭 × 46 特徴量 (リーク除外済み)
18:43:23 INFO     [src.ml.features] [SIMULATE] 特徴量生成 race_id=025142001105: 158 頭 × 46 特徴量 (リーク除外済み)
18:43:23 INFO     [src.ml.features] [SIMULATE] 特徴量生成 race_id=025172002504: 183 頭 × 46 特徴量 (リーク除外済み)
18:43:23 INFO     [src.ml.features] [SIMULATE] 特徴量生成 race_id=025172011508: 158 頭 × 46 特徴量 (リーク除外済み)
18:43:23 INFO     [src.ml.features] [SIMULATE] 特徴量生成 race_id=024082052755: 8 頭 × 46 特徴量 (リーク除外済み)
18:43:23 INFO     [src.ml.features] [SIMULATE] 特徴量生成 race_id=025072052646: 10 頭 × 46 特徴量 (リーク除外済み)
18:43:23 INFO     [src.ml.features] [SIMULATE] 特徴量生成 race_id=025052030451: 38 頭 × 46 特徴量 (リーク除外済み)
18:43:23 INFO     [src.ml.features] [SIMULATE] 特徴量生成 race_id=024082051748: 11 頭 × 46 特徴量 (リーク除外済み)
18:43:23 INFO     [src.ml.features] [SIMULATE] 特徴量生成 race_id=025072070543: 7 頭 × 46 特徴量 (リーク除外済み)
18:43:23 INFO     [src.ml.features] [SIMULATE] 特徴量生成 race_id=025012053155: 22 頭 × 46 特徴量 (リーク除外済み)
18:43:23 INFO     [src.ml.features] [SIMULATE] 特徴量生成 race_id=024072061654: 10 頭 × 46 特徴量 (リーク除外済み)
18:43:23 INFO     [src.ml.features] [SIMULATE] 特徴量生成 race_id=024062051550: 21 頭 × 46 特徴量 (リーク除外済み)
18:43:23 INFO     [src.ml.features] [SIMULATE] 特徴量生成 race_id=024062022351: 15 頭 × 46 特徴量 (リーク除外済み)
18:43:23 INFO     [src.ml.features] [SIMULATE] 特徴量生成 race_id=025012071045: 33 頭 × 46 特徴量 (リーク除外済み)
18:43:23 INFO     [src.ml.features] [SIMULATE] 特徴量生成 race_id=025042052348: 24 頭 × 46 特徴量 (リーク除外済み)
18:43:23 INFO     [src.ml.features] [SIMULATE] 特徴量生成 race_id=023062062554: 11 頭 × 46 特徴量 (リーク除外済み)
18:43:23 INFO     [src.ml.features] [SIMULATE] 特徴量生成 race_id=025062030551: 21 頭 × 46 特徴量 (リーク除外済み)
18:43:23 INFO     [src.ml.features] [SIMULATE] 特徴量生成 race_id=025092050850: 60 頭 × 46 特徴量 (リーク除外済み)
18:43:23 INFO     [src.ml.features] [SIMULATE] 特徴量生成 race_id=024072060644: 15 頭 × 46 特徴量 (リーク除外済み)
18:43:23 INFO     [src.ml.features] [SIMULATE] 特徴量生成 race_id=025052072442: 21 頭 × 46 特徴量 (リーク除外済み)
18:43:23 INFO     [src.ml.features] [SIMULATE] 特徴量生成 race_id=024002062943: 13 頭 × 46 特徴量 (リーク除外済み)
18:43:23 INFO     [src.ml.features] [SIMULATE] 特徴量生成 race_id=025062061554: 12 頭 × 46 特徴量 (リーク除外済み)
18:43:23 INFO     [src.ml.features] [SIMULATE] 特徴量生成 race_id=025012083107: 164 頭 × 46 特徴量 (リーク除外済み)
18:43:23 INFO     [src.ml.features] [SIMULATE] 特徴量生成 race_id=025062091406: 165 頭 × 46 特徴量 (リーク除外済み)
18:43:23 INFO     [src.ml.features] [SIMULATE] 特徴量生成 race_id=025062091409: 155 頭 × 46 特徴量 (リーク除外済み)
18:43:23 INFO     [src.ml.features] [SIMULATE] 特徴量生成 race_id=025142001205: 170 頭 × 46 特徴量 (リーク除外済み)
18:43:23 INFO     [src.ml.features] [SIMULATE] 特徴量生成 race_id=025172002604: 169 頭 × 46 特徴量 (リーク除外済み)
18:43:23 INFO     [src.ml.features] [SIMULATE] 特徴量生成 race_id=025172011608: 161 頭 × 46 特徴量 (リーク除外済み)
18:43:23 INFO     [src.ml.features] [SIMULATE] 特徴量生成 race_id=024052070445: 12 頭 × 46 特徴量 (リーク除外済み)
18:43:23 INFO     [src.ml.features] [SIMULATE] 特徴量生成 race_id=024082060747: 7 頭 × 46 特徴量 (リーク除外済み)
18:43:23 INFO     [src.ml.features] [SIMULATE] 特徴量生成 race_id=023022070154: 10 頭 × 46 特徴量 (リーク除外済み)
18:43:23 INFO     [src.ml.features] [SIMULATE] 特徴量生成 race_id=025062060530: 35 頭 × 46 特徴量 (リーク除外済み)
18:43:23 INFO     [src.ml.features] [SIMULATE] 特徴量生成 race_id=022082052744: 10 頭 × 46 特徴量 (リーク除外済み)
18:43:24 INFO     [src.ml.features] [SIMULATE] 特徴量生成 race_id=025062072542: 12 頭 × 46 特徴量 (リーク除外済み)
18:43:24 INFO     [src.ml.features] [SIMULATE] 特徴量生成 race_id=024012063043: 19 頭 × 46 特徴量 (リーク除外済み)
18:43:24 INFO     [src.ml.features] [SIMULATE] 特徴量生成 race_id=023002060944: 20 頭 × 46 特徴量 (リーク除外済み)
18:43:24 INFO     [src.ml.features] [SIMULATE] 特徴量生成 race_id=025022071145: 7 頭 × 46 特徴量 (リーク除外済み)
18:43:24 INFO     [src.ml.features] [SIMULATE] 特徴量生成 race_id=023082070745: 5 頭 × 46 特徴量 (リーク除外済み)
18:43:24 INFO     [src.ml.features] [SIMULATE] 特徴量生成 race_id=025072030651: 10 頭 × 46 特徴量 (リーク除外済み)
18:43:24 INFO     [src.ml.features] [SIMULATE] 特徴量生成 race_id=025072070643: 20 頭 × 46 特徴量 (リーク除外済み)
18:43:24 INFO     [src.ml.features] [SIMULATE] 特徴量生成 race_id=024082022751: 8 頭 × 46 特徴量 (リーク除外済み)
18:43:24 INFO     [src.ml.features] [SIMULATE] 特徴量生成 race_id=023062072543: 12 頭 × 46 特徴量 (リーク除外済み)
18:43:24 INFO     [src.ml.features] [SIMULATE] 特徴量生成 race_id=024072060630: 20 頭 × 46 特徴量 (リーク除外済み)
18:43:24 INFO     [src.ml.features] [SIMULATE] 特徴量生成 race_id=021002070945: 13 頭 × 46 特徴量 (リーク除外済み)
18:43:24 INFO     [src.ml.features] [SIMULATE] 特徴量生成 race_id=024062070545: 7 頭 × 46 特徴量 (リーク除外済み)
18:43:24 INFO     [src.ml.features] [SIMULATE] 特徴量生成 race_id=025042061344: 27 頭 × 46 特徴量 (リーク除外済み)
18:43:24 INFO     [src.ml.features] [SIMULATE] 特徴量生成 race_id=025152012208: 179 頭 × 46 特徴量 (リーク除外済み)
18:43:24 INFO     [src.ml.features] [SIMULATE] 特徴量生成 race_id=025062091506: 160 頭 × 46 特徴量 (リーク除外済み)
18:43:24 INFO     [src.ml.features] [SIMULATE] 特徴量生成 race_id=025062091509: 136 頭 × 46 特徴量 (リーク除外済み)
18:43:24 INFO     [src.ml.features] [SIMULATE] 特徴量生成 race_id=025142001305: 167 頭 × 46 特徴量 (リーク除外済み)
18:43:24 INFO     [src.ml.features] [SIMULATE] 特徴量生成 race_id=025052071435: 12 頭 × 46 特徴量 (リーク除外済み)
18:43:24 INFO     [src.ml.features] [SIMULATE] 特徴量生成 race_id=025062071535: 23 頭 × 46 特徴量 (リーク除外済み)
18:43:24 INFO     [src.ml.features] [SIMULATE] 特徴量生成 race_id=024042062354: 10 頭 × 46 特徴量 (リーク除外済み)
18:43:24 INFO     [src.ml.features] [SIMULATE] 特徴量生成 race_id=025032062254: 23 頭 × 46 特徴量 (リーク除外済み)
18:43:24 INFO     [src.ml.features] [SIMULATE] 特徴量生成 race_id=022042070354: 12 頭 × 46 特徴量 (リーク除外済み)
18:43:24 INFO     [src.ml.features] [SIMULATE] 特徴量生成 race_id=024002051750: 9 頭 × 46 特徴量 (リーク除外済み)
18:43:24 INFO     [src.ml.features] [SIMULATE] 特徴量生成 race_id=017052071735: 14 頭 × 46 特徴量 (リーク除外済み)
18:43:24 INFO     [src.ml.features] [SIMULATE] 特徴量生成 race_id=018062071635: 14 頭 × 46 特徴量 (リーク除外済み)
18:43:24 INFO     [src.ml.features] [SIMULATE] 特徴量生成 race_id=025022092006: 168 頭 × 46 特徴量 (リーク除外済み)
18:43:24 INFO     [src.ml.features] [SIMULATE] 特徴量生成 race_id=025022092009: 140 頭 × 46 特徴量 (リーク除外済み)
18:43:24 INFO     [src.ml.features] [SIMULATE] 特徴量生成 race_id=025102001805: 153 頭 × 46 特徴量 (リーク除外済み)
18:43:24 INFO     [src.ml.features] [SIMULATE] 特徴量生成 race_id=025152012308: 170 頭 × 46 特徴量 (リーク除外済み)
18:43:24 INFO     [src.ml.features] [SIMULATE] 特徴量生成 race_id=025112012908: 159 頭 × 46 特徴量 (リーク除外済み)
18:43:24 INFO     [src.ml.features] [SIMULATE] 特徴量生成 race_id=025022092106: 168 頭 × 46 特徴量 (リーク除外済み)
18:43:24 INFO     [src.ml.features] [SIMULATE] 特徴量生成 race_id=025022092109: 134 頭 × 46 特徴量 (リーク除外済み)
18:43:24 INFO     [src.ml.features] [SIMULATE] 特徴量生成 race_id=025102001905: 158 頭 × 46 特徴量 (リーク除外済み)
18:43:24 INFO     [src.ml.features] [SIMULATE] 特徴量生成 race_id=025092092706: 180 頭 × 46 特徴量 (リーク除外済み)
18:43:24 INFO     [src.ml.features] [SIMULATE] 特徴量生成 race_id=025092092709: 162 頭 × 46 特徴量 (リーク除外済み)
18:43:25 INFO     [src.ml.features] [SIMULATE] 特徴量生成 race_id=025172002505: 150 頭 × 46 特徴量 (リーク除外済み)
18:43:25 INFO     [src.ml.features] [SIMULATE] 特徴量生成 race_id=025112013008: 161 頭 × 46 特徴量 (リーク除外済み)
18:43:25 INFO     [src.ml.features] [SIMULATE] 特徴量生成 race_id=025092092806: 178 頭 × 46 特徴量 (リーク除外済み)
18:43:25 INFO     [src.ml.features] [SIMULATE] 特徴量生成 race_id=025092092809: 168 頭 × 46 特徴量 (リーク除外済み)
18:43:25 INFO     [src.ml.features] [SIMULATE] 特徴量生成 race_id=025172002605: 167 頭 × 46 特徴量 (リーク除外済み)
18:43:25 INFO     [src.ml.features] [SIMULATE] 特徴量生成 race_id=025132010105: 164 頭 × 46 特徴量 (リーク除外済み)
18:43:25 INFO     [src.ml.features] [SIMULATE] 特徴量生成 race_id=025132010205: 147 頭 × 46 特徴量 (リーク除外済み)
18:43:25 INFO     [src.ml.features] [SIMULATE] 特徴量生成 race_id=025002052947: 40 頭 × 46 特徴量 (リーク除外済み)
18:43:25 INFO     [src.ml.features] [SIMULATE] 特徴量生成 race_id=025092072843: 13 頭 × 46 特徴量 (リーク除外済み)
18:43:25 INFO     [src.ml.features] [SIMULATE] 特徴量生成 race_id=025062081542: 9 頭 × 46 特徴量 (リーク除外済み)
18:43:25 INFO     [src.ml.features] [SIMULATE] 特徴量生成 race_id=025052051450: 17 頭 × 46 特徴量 (リーク除外済み)
18:43:25 INFO     [src.ml.features] [SIMULATE] 特徴量生成 race_id=025012061030: 9 頭 × 46 特徴量 (リーク除外済み)
18:43:25 INFO     [src.ml.features] [SIMULATE] 特徴量生成 race_id=024052062444: 17 頭 × 46 特徴量 (リーク除外済み)
18:43:25 INFO     [src.ml.features] [SIMULATE] 特徴量生成 race_id=025052080445: 23 頭 × 46 特徴量 (リーク除外済み)
18:43:25 INFO     [src.ml.features] [SIMULATE] 特徴量生成 race_id=023072062644: 9 頭 × 46 特徴量 (リーク除外済み)
18:43:25 INFO     [src.ml.features] [SIMULATE] 特徴量生成 race_id=024032052250: 21 頭 × 46 特徴量 (リーク除外済み)
18:43:25 INFO     [src.ml.features] [SIMULATE] 特徴量生成 race_id=024042072345: 10 頭 × 46 特徴量 (リーク除外済み)
18:43:25 INFO     [src.ml.features] [SIMULATE] 特徴量生成 race_id=023042061330: 7 頭 × 46 特徴量 (リーク除外済み)
18:43:25 INFO     [src.ml.features] [SIMULATE] 特徴量生成 race_id=025042060348: 12 頭 × 46 特徴量 (リーク除外済み)
18:43:25 INFO     [src.ml.features] [SIMULATE] 特徴量生成 race_id=024092071843: 14 頭 × 46 特徴量 (リーク除外済み)
18:43:25 INFO     [src.ml.features] [SIMULATE] 特徴量生成 race_id=025102010805: 163 頭 × 46 特徴量 (リーク除外済み)
18:43:25 INFO     [src.ml.features] [SIMULATE] 特徴量生成 race_id=025182020606: 174 頭 × 46 特徴量 (リーク除外済み)
18:43:25 INFO     [src.ml.features] [SIMULATE] 特徴量生成 race_id=025182020607: 175 頭 × 46 特徴量 (リーク除外済み)
18:43:25 INFO     [src.ml.features] [SIMULATE] 特徴量生成 race_id=025182020609: 161 頭 × 46 特徴量 (リーク除外済み)
18:43:25 INFO     [src.ml.features] [SIMULATE] 特徴量生成 race_id=024082052746: 10 頭 × 46 特徴量 (リーク除外済み)
18:43:25 INFO     [src.ml.features] [SIMULATE] 特徴量生成 race_id=025002062954: 10 頭 × 46 特徴量 (リーク除外済み)
18:43:25 INFO     [src.ml.features] [SIMULATE] 特徴量生成 race_id=024012063054: 11 頭 × 46 特徴量 (リーク除外済み)
18:43:25 INFO     [src.ml.features] [SIMULATE] 特徴量生成 race_id=024002090936: 11 頭 × 46 特徴量 (リーク除外済み)
18:43:25 INFO     [src.ml.features] [SIMULATE] 特徴量生成 race_id=024002071943: 20 頭 × 46 特徴量 (リーク除外済み)
18:43:25 INFO     [src.ml.features] [SIMULATE] 特徴量生成 race_id=025062080545: 8 頭 × 46 特徴量 (リーク除外済み)
18:43:25 INFO     [src.ml.features] [SIMULATE] 特徴量生成 race_id=025002072943: 6 頭 × 46 特徴量 (リーク除外済み)
18:43:25 INFO     [src.ml.features] [SIMULATE] 特徴量生成 race_id=025012053047: 20 頭 × 46 特徴量 (リーク除外済み)
18:43:25 INFO     [src.ml.features] [SIMULATE] 特徴量生成 race_id=023002070954: 8 頭 × 46 特徴量 (リーク除外済み)
18:43:25 INFO     [src.ml.features] [SIMULATE] 特徴量生成 race_id=025022072135: 43 頭 × 46 特徴量 (リーク除外済み)
18:43:25 INFO     [src.ml.features] [SIMULATE] 特徴量生成 race_id=025052060448: 59 頭 × 46 特徴量 (リーク除外済み)
18:43:25 INFO     [src.ml.features] [SIMULATE] 特徴量生成 race_id=025042060346: 8 頭 × 46 特徴量 (リーク除外済み)
18:43:25 INFO     [src.ml.features] [SIMULATE] 特徴量生成 race_id=025022070144: 14 頭 × 46 特徴量 (リーク除外済み)
18:43:25 INFO     [src.ml.features] [SIMULATE] 特徴量生成 race_id=024002052948: 11 頭 × 46 特徴量 (リーク除外済み)
18:43:25 INFO     [src.ml.features] [SIMULATE] 特徴量生成 race_id=024002061947: 10 頭 × 46 特徴量 (リーク除外済み)
18:43:25 INFO     [src.ml.features] [SIMULATE] 特徴量生成 race_id=025092060855: 22 頭 × 46 特徴量 (リーク除外済み)
18:43:25 INFO     [src.ml.features] [SIMULATE] 特徴量生成 race_id=025062051550: 12 頭 × 46 特徴量 (リーク除外済み)
18:43:25 INFO     [src.ml.features] [SIMULATE] 特徴量生成 race_id=025092081842: 11 頭 × 46 特徴量 (リーク除外済み)
18:43:25 INFO     [src.ml.features] [SIMULATE] 特徴量生成 race_id=024032061230: 17 頭 × 46 特徴量 (リーク除外済み)
18:43:25 INFO     [src.ml.features] [SIMULATE] 特徴量生成 race_id=025022061130: 9 頭 × 46 特徴量 (リーク除外済み)
18:43:25 INFO     [src.ml.features] [SIMULATE] 特徴量生成 race_id=023022081142: 9 頭 × 46 特徴量 (リーク除外済み)
18:43:25 INFO     [src.ml.features] [SIMULATE] 特徴量生成 race_id=025102010905: 181 頭 × 46 特徴量 (リーク除外済み)
18:43:25 INFO     [src.ml.features] [SIMULATE] 特徴量生成 race_id=025182020706: 165 頭 × 46 特徴量 (リーク除外済み)
18:43:25 INFO     [src.ml.features] [SIMULATE] 特徴量生成 race_id=025182020707: 177 頭 × 46 特徴量 (リーク除外済み)
18:43:25 INFO     [src.ml.features] [SIMULATE] 特徴量生成 race_id=025182020709: 162 頭 × 46 特徴量 (リーク除外済み)
18:43:25 INFO     [src.ml.features] [SIMULATE] 特徴量生成 race_id=025032061230: 29 頭 × 46 特徴量 (リーク除外済み)
18:43:25 INFO     [src.ml.features] [SIMULATE] 特徴量生成 race_id=024042061330: 11 頭 × 46 特徴量 (リーク除外済み)
18:43:25 INFO     [src.ml.features] [SIMULATE] 特徴量生成 race_id=024032060246: 5 頭 × 46 特徴量 (リーク除外済み)
18:43:25 INFO     [src.ml.features] [SIMULATE] 特徴量生成 race_id=025072070554: 18 頭 × 46 特徴量 (リーク除外済み)
18:43:25 INFO     [src.ml.features] [SIMULATE] 特徴量生成 race_id=022082071754: 10 頭 × 46 特徴量 (リーク除外済み)
18:43:26 INFO     [src.ml.features] [SIMULATE] 特徴量生成 race_id=024012091036: 11 頭 × 46 特徴量 (リーク除外済み)
18:43:26 INFO     [src.ml.features] [SIMULATE] 特徴量生成 race_id=025072091636: 11 頭 × 46 特徴量 (リーク除外済み)
18:43:26 INFO     [src.ml.features] [SIMULATE] 特徴量生成 race_id=025012073043: 11 頭 × 46 特徴量 (リーク除外済み)
18:43:26 INFO     [src.ml.features] [SIMULATE] 特徴量生成 race_id=024012073135: 7 頭 × 46 特徴量 (リーク除外済み)
18:43:26 INFO     [src.ml.features] [SIMULATE] 特徴量生成 race_id=025032060247: 24 頭 × 46 特徴量 (リーク除外済み)
18:43:26 INFO     [src.ml.features] [SIMULATE] 特徴量生成 race_id=024022061155: 11 頭 × 46 特徴量 (リーク除外済み)
18:43:26 INFO     [src.ml.features] [SIMULATE] 特徴量生成 race_id=025002081942: 23 頭 × 46 特徴量 (リーク除外済み)
18:43:26 INFO     [src.ml.features] [SIMULATE] 特徴量生成 race_id=021022081143: 13 頭 × 46 特徴量 (リーク除外済み)
18:43:26 INFO     [src.ml.features] [SIMULATE] 特徴量生成 race_id=025062060548: 12 頭 × 46 特徴量 (リーク除外済み)
18:43:26 INFO     [src.ml.features] [SIMULATE] 特徴量生成 race_id=001022081634: 10 頭 × 46 特徴量 (リーク除外済み)
18:43:26 INFO     [src.ml.features] [SIMULATE] 特徴量生成 race_id=022032082243: 8 頭 × 46 特徴量 (リーク除外済み)
18:43:26 INFO     [src.ml.features] [SIMULATE] 特徴量生成 race_id=024062072545: 11 頭 × 46 特徴量 (リーク除外済み)
18:43:26 INFO     [src.ml.features] [SIMULATE] 特徴量生成 race_id=025172011505: 173 頭 × 46 特徴量 (リーク除外済み)
18:43:26 INFO     [src.ml.features] [SIMULATE] 特徴量生成 race_id=025152021306: 178 頭 × 46 特徴量 (リーク除外済み)
18:43:26 INFO     [src.ml.features] [SIMULATE] 特徴量生成 race_id=025152021307: 180 頭 × 46 特徴量 (リーク除外済み)
18:43:26 INFO     [src.ml.features] [SIMULATE] 特徴量生成 race_id=025152021309: 141 頭 × 46 特徴量 (リーク除外済み)
18:43:26 INFO     [src.ml.features] [SIMULATE] 特徴量生成 race_id=025032072235: 24 頭 × 46 特徴量 (リーク除外済み)
18:43:26 INFO     [src.ml.features] [SIMULATE] 特徴量生成 race_id=025072080645: 38 頭 × 46 特徴量 (リーク除外済み)
18:43:26 INFO     [src.ml.features] [SIMULATE] 特徴量生成 race_id=025032070244: 24 頭 × 46 特徴量 (リーク除外済み)
18:43:26 INFO     [src.ml.features] [SIMULATE] 特徴量生成 race_id=025052061455: 10 頭 × 46 特徴量 (リーク除外済み)
18:43:26 INFO     [src.ml.features] [SIMULATE] 特徴量生成 race_id=024032053148: 12 頭 × 46 特徴量 (リーク除外済み)
18:43:26 INFO     [src.ml.features] [SIMULATE] 特徴量生成 race_id=024002052950: 17 頭 × 46 特徴量 (リーク除外済み)
18:43:26 INFO     [src.ml.features] [SIMULATE] 特徴量生成 race_id=024072072645: 11 頭 × 46 特徴量 (リーク除外済み)
18:43:26 INFO     [src.ml.features] [SIMULATE] 特徴量生成 race_id=024072030651: 12 頭 × 46 特徴量 (リーク除外済み)
18:43:26 INFO     [src.ml.features] [SIMULATE] 特徴量生成 race_id=025072060648: 24 頭 × 46 特徴量 (リーク除外済み)
18:43:26 INFO     [src.ml.features] [SIMULATE] 特徴量生成 race_id=022002060944: 12 頭 × 46 特徴量 (リーク除外済み)
18:43:26 INFO     [src.ml.features] [SIMULATE] 特徴量生成 race_id=025022052150: 18 頭 × 46 特徴量 (リーク除外済み)
18:43:26 INFO     [src.ml.features] [SIMULATE] 特徴量生成 race_id=023002072945: 10 頭 × 46 特徴量 (リーク除外済み)
18:43:26 INFO     [src.ml.features] [SIMULATE] 特徴量生成 race_id=025012061047: 30 頭 × 46 特徴量 (リーク除外済み)
18:43:26 INFO     [src.ml.features] [SIMULATE] 特徴量生成 race_id=025092061830: 22 頭 × 46 特徴量 (リーク除外済み)
18:43:26 INFO     [src.ml.features] [SIMULATE] 特徴量生成 race_id=024022062147: 9 頭 × 46 特徴量 (リーク除外済み)
18:43:26 INFO     [src.ml.features] [SIMULATE] 特徴量生成 race_id=025022092136: 10 頭 × 46 特徴量 (リーク除外済み)
18:43:26 INFO     [src.ml.features] [SIMULATE] 特徴量生成 race_id=025012082042: 9 頭 × 46 特徴量 (リーク除外済み)
18:43:26 INFO     [src.ml.features] [SIMULATE] 特徴量生成 race_id=025082080745: 23 頭 × 46 特徴量 (リーク除外済み)
18:43:26 INFO     [src.ml.features] [SIMULATE] 特徴量生成 race_id=025172011605: 181 頭 × 46 特徴量 (リーク除外済み)
18:43:26 INFO     [src.ml.features] [SIMULATE] 特徴量生成 race_id=025152021406: 186 頭 × 46 特徴量 (リーク除外済み)
18:43:26 INFO     [src.ml.features] [SIMULATE] 特徴量生成 race_id=025152021407: 166 頭 × 46 特徴量 (リーク除外済み)
18:43:26 INFO     [src.ml.features] [SIMULATE] 特徴量生成 race_id=025152021409: 144 頭 × 46 特徴量 (リーク除外済み)
18:43:26 INFO     [src.ml.features] [SIMULATE] 特徴量生成 race_id=024032082242: 12 頭 × 46 特徴量 (リーク除外済み)
18:43:26 INFO     [src.ml.features] [SIMULATE] 特徴量生成 race_id=025032071254: 11 頭 × 46 特徴量 (リーク除外済み)
18:43:26 INFO     [src.ml.features] [SIMULATE] 特徴量生成 race_id=025022080143: 9 頭 × 46 特徴量 (リーク除外済み)
18:43:26 INFO     [src.ml.features] [SIMULATE] 特徴量生成 race_id=025062061555: 8 頭 × 46 特徴量 (リーク除外済み)
18:43:26 INFO     [src.ml.features] [SIMULATE] 特徴量生成 race_id=025032052250: 43 頭 × 46 特徴量 (リーク除外済み)
18:43:26 INFO     [src.ml.features] [SIMULATE] 特徴量生成 race_id=025032092236: 10 頭 × 46 特徴量 (リーク除外済み)
18:43:26 INFO     [src.ml.features] [SIMULATE] 特徴量生成 race_id=024072061655: 11 頭 × 46 特徴量 (リーク除外済み)
18:43:26 INFO     [src.ml.features] [SIMULATE] 特徴量生成 race_id=022012061044: 13 頭 × 46 特徴量 (リーク除外済み)
18:43:26 INFO     [src.ml.features] [SIMULATE] 特徴量生成 race_id=025002061930: 37 頭 × 46 特徴量 (リーク除外済み)
18:43:26 INFO     [src.ml.features] [SIMULATE] 特徴量生成 race_id=020052060450: 12 頭 × 46 特徴量 (リーク除外済み)
18:43:26 INFO     [src.ml.features] [SIMULATE] 特徴量生成 race_id=025022061147: 20 頭 × 46 特徴量 (リーク除外済み)
18:43:26 INFO     [src.ml.features] [SIMULATE] 特徴量生成 race_id=024002061930: 18 頭 × 46 特徴量 (リーク除外済み)
18:43:26 INFO     [src.ml.features] [SIMULATE] 特徴量生成 race_id=022062080545: 7 頭 × 46 特徴量 (リーク除外済み)
18:43:26 INFO     [src.ml.features] [SIMULATE] 特徴量生成 race_id=024092062844: 26 頭 × 46 特徴量 (リーク除外済み)
18:43:26 INFO     [src.ml.features] [SIMULATE] 特徴量生成 race_id=025122022006: 186 頭 × 46 特徴量 (リーク除外済み)
18:43:26 INFO     [src.ml.features] [SIMULATE] 特徴量生成 race_id=025122022007: 184 頭 × 46 特徴量 (リーク除外済み)
18:43:26 INFO     [src.ml.features] [SIMULATE] 特徴量生成 race_id=025122022009: 177 頭 × 46 特徴量 (リーク除外済み)
18:43:26 INFO     [src.ml.features] [SIMULATE] 特徴量生成 race_id=025152012305: 185 頭 × 46 特徴量 (リーク除外済み)
18:43:26 INFO     [src.ml.features] [SIMULATE] 特徴量生成 race_id=023002080943: 15 頭 × 46 特徴量 (リーク除外済み)
18:43:26 INFO     [src.ml.features] [SIMULATE] 特徴量生成 race_id=023042072354: 14 頭 × 46 特徴量 (リーク除外済み)
18:43:26 INFO     [src.ml.features] [SIMULATE] 特徴量生成 race_id=025002072935: 10 頭 × 46 特徴量 (リーク除外済み)
18:43:26 INFO     [src.ml.features] [SIMULATE] 特徴量生成 race_id=024062071554: 22 頭 × 46 特徴量 (リーク除外済み)
18:43:26 INFO     [src.ml.features] [SIMULATE] 特徴量生成 race_id=025042052350: 33 頭 × 46 特徴量 (リーク除外済み)
18:43:27 INFO     [src.ml.features] [SIMULATE] 特徴量生成 race_id=024032053150: 12 頭 × 46 特徴量 (リーク除外済み)
18:43:27 INFO     [src.ml.features] [SIMULATE] 特徴量生成 race_id=025032061247: 12 頭 × 46 特徴量 (リーク除外済み)
18:43:27 INFO     [src.ml.features] [SIMULATE] 特徴量生成 race_id=025042071354: 12 頭 × 46 特徴量 (リーク除外済み)
18:43:27 INFO     [src.ml.features] [SIMULATE] 特徴量生成 race_id=025122022106: 183 頭 × 46 特徴量 (リーク除外済み)
18:43:27 INFO     [src.ml.features] [SIMULATE] 特徴量生成 race_id=025122022107: 189 頭 × 46 特徴量 (リーク除外済み)
18:43:27 INFO     [src.ml.features] [SIMULATE] 特徴量生成 race_id=025122022109: 174 頭 × 46 特徴量 (リーク除外済み)
18:43:27 INFO     [src.ml.features] [SIMULATE] 特徴量生成 race_id=025152012405: 180 頭 × 46 特徴量 (リーク除外済み)
18:43:27 INFO     [src.ml.features] [SIMULATE] 特徴量生成 race_id=025112012905: 175 頭 × 46 特徴量 (リーク除外済み)
18:43:27 INFO     [src.ml.features] [SIMULATE] 特徴量生成 race_id=025192022706: 185 頭 × 46 特徴量 (リーク除外済み)
18:43:27 INFO     [src.ml.features] [SIMULATE] 特徴量生成 race_id=025192022709: 164 頭 × 46 特徴量 (リーク除外済み)
18:43:27 INFO     [src.ml.features] [SIMULATE] 特徴量生成 race_id=025112013005: 169 頭 × 46 特徴量 (リーク除外済み)
18:43:27 INFO     [src.ml.features] [SIMULATE] 特徴量生成 race_id=025192022806: 184 頭 × 46 特徴量 (リーク除外済み)
18:43:27 INFO     [src.ml.features] [SIMULATE] 特徴量生成 race_id=025192022809: 172 頭 × 46 特徴量 (リーク除外済み)
18:43:27 INFO     [src.ml.features] [SIMULATE] 特徴量生成 race_id=023002072954: 9 頭 × 46 特徴量 (リーク除外済み)
18:43:27 INFO     [src.ml.features] [SIMULATE] 特徴量生成 race_id=025022081147: 17 頭 × 46 特徴量 (リーク除外済み)
18:43:27 INFO     [src.ml.features] [SIMULATE] 特徴量生成 race_id=024062060550: 11 頭 × 46 特徴量 (リーク除外済み)
18:43:27 INFO     [src.ml.features] [SIMULATE] 特徴量生成 race_id=025042061348: 23 頭 × 46 特徴量 (リーク除外済み)
18:43:27 INFO     [src.ml.features] [SIMULATE] 特徴量生成 race_id=024012072054: 22 頭 × 46 特徴量 (リーク除外済み)
18:43:27 INFO     [src.ml.features] [SIMULATE] 特徴量生成 race_id=025002071954: 21 頭 × 46 特徴量 (リーク除外済み)
18:43:27 INFO     [src.ml.features] [SIMULATE] 特徴量生成 race_id=025042080335: 22 頭 × 46 特徴量 (リーク除外済み)
18:43:27 INFO     [src.ml.features] [SIMULATE] 特徴量生成 race_id=024072082643: 7 頭 × 46 特徴量 (リーク除外済み)
18:43:27 INFO     [src.ml.features] [SIMULATE] 特徴量生成 race_id=025062061546: 11 頭 × 46 特徴量 (リーク除外済み)
18:43:27 INFO     [src.ml.features] [SIMULATE] 特徴量生成 race_id=022092062830: 7 頭 × 46 特徴量 (リーク除外済み)
18:43:27 INFO     [src.ml.features] [SIMULATE] 特徴量生成 race_id=025022062155: 23 頭 × 46 特徴量 (リーク除外済み)
18:43:27 INFO     [src.ml.features] [SIMULATE] 特徴量生成 race_id=024002060946: 11 頭 × 46 特徴量 (リーク除外済み)
18:43:27 INFO     [src.ml.features] [SIMULATE] 特徴量生成 race_id=025052071444: 14 頭 × 46 特徴量 (リーク除外済み)
18:43:27 INFO     [src.ml.features] [SIMULATE] 特徴量生成 race_id=024062080545: 7 頭 × 46 特徴量 (リーク除外済み)
18:43:27 INFO     [src.ml.features] [SIMULATE] 特徴量生成 race_id=025092052850: 34 頭 × 46 特徴量 (リーク除外済み)
18:43:27 INFO     [src.ml.features] [SIMULATE] 特徴量生成 race_id=023062092543: 21 頭 × 46 特徴量 (リーク除外済み)
18:43:27 INFO     [src.ml.features] [SIMULATE] 特徴量生成 race_id=021082082745: 11 頭 × 46 特徴量 (リーク除外済み)
18:43:27 INFO     [src.ml.features] [SIMULATE] 特徴量生成 race_id=023072080635: 12 頭 × 46 特徴量 (リーク除外済み)
18:43:27 INFO     [src.ml.features] [SIMULATE] 特徴量生成 race_id=024082091742: 12 頭 × 46 特徴量 (リーク除外済み)
18:43:27 INFO     [src.ml.features] [SIMULATE] 特徴量生成 race_id=025082082743: 40 頭 × 46 特徴量 (リーク除外済み)
18:43:27 INFO     [src.ml.features] [SIMULATE] 特徴量生成 race_id=023042090336: 9 頭 × 46 特徴量 (リーク除外済み)
18:43:27 INFO     [src.ml.features] [SIMULATE] 特徴量生成 race_id=025092092836: 12 頭 × 46 特徴量 (リーク除外済み)
18:43:27 INFO     [src.ml.features] [SIMULATE] 特徴量生成 race_id=024072062630: 7 頭 × 46 特徴量 (リーク除外済み)
18:43:27 INFO     [src.ml.features] [SIMULATE] 特徴量生成 race_id=024092091842: 12 頭 × 46 特徴量 (リーク除外済み)
18:43:27 INFO     [src.ml.features] [SIMULATE] 特徴量生成 race_id=022012073154: 9 頭 × 46 特徴量 (リーク除外済み)
18:43:27 INFO     [src.ml.features] [SIMULATE] 特徴量生成 race_id=025042092342: 24 頭 × 46 特徴量 (リーク除外済み)
18:43:27 INFO     [src.ml.features] [SIMULATE] 特徴量生成 race_id=025032062255: 10 頭 × 46 特徴量 (リーク除外済み)
18:43:27 INFO     [src.ml.features] [SIMULATE] 特徴量生成 race_id=025002052950: 46 頭 × 46 特徴量 (リーク除外済み)
18:43:27 INFO     [src.ml.features] [SIMULATE] 特徴量生成 race_id=025042081347: 16 頭 × 46 特徴量 (リーク除外済み)
18:43:27 INFO     [src.ml.features] [SIMULATE] 特徴量生成 race_id=024072060650: 10 頭 × 46 特徴量 (リーク除外済み)
18:43:27 INFO     [src.ml.features] [SIMULATE] 特徴量生成 race_id=025062062530: 25 頭 × 46 特徴量 (リーク除外済み)
18:43:27 INFO     [src.ml.features] [SIMULATE] 特徴量生成 race_id=025072061648: 32 頭 × 46 特徴量 (リーク除外済み)
18:43:27 INFO     [src.ml.features] [SIMULATE] 特徴量生成 race_id=025032082245: 23 頭 × 46 特徴量 (リーク除外済み)
18:43:27 INFO     [src.ml.features] [SIMULATE] 特徴量生成 race_id=025012072054: 12 頭 × 46 特徴量 (リーク除外済み)
18:43:27 INFO     [src.ml.features] [SIMULATE] 特徴量生成 race_id=025052080435: 12 頭 × 46 特徴量 (リーク除外済み)
18:43:27 INFO     [src.ml.features] [SIMULATE] 特徴量生成 race_id=024072080645: 14 頭 × 46 特徴量 (リーク除外済み)
18:43:27 INFO     [src.ml.features] [SIMULATE] 特徴量生成 race_id=024082082743: 7 頭 × 46 特徴量 (リーク除外済み)
18:43:27 INFO     [src.ml.features] [SIMULATE] 特徴量生成 race_id=025062071544: 10 頭 × 46 特徴量 (リーク除外済み)
18:43:27 INFO     [src.ml.features] [SIMULATE] 特徴量生成 race_id=025092082843: 18 頭 × 46 特徴量 (リーク除外済み)
18:43:27 INFO     [src.ml.features] [SIMULATE] 特徴量生成 race_id=023032081254: 8 頭 × 46 特徴量 (リーク除外済み)
18:43:27 INFO     [src.ml.features] [SIMULATE] 特徴量生成 race_id=025012093036: 11 頭 × 46 特徴量 (リーク除外済み)
18:43:27 INFO     [src.ml.features] [SIMULATE] 特徴量生成 race_id=023032071244: 10 頭 × 46 特徴量 (リーク除外済み)
18:43:28 INFO     [src.ml.features] [SIMULATE] 特徴量生成 race_id=025072072654: 12 頭 × 46 特徴量 (リーク除外済み)
18:43:28 INFO     [src.ml.features] [SIMULATE] 特徴量生成 race_id=024082080745: 7 頭 × 46 特徴量 (リーク除外済み)
18:43:28 INFO     [src.ml.features] [SIMULATE] 特徴量生成 race_id=025062080535: 35 頭 × 46 特徴量 (リーク除外済み)
18:43:28 INFO     [src.ml.features] [SIMULATE] 特徴量生成 race_id=025072062630: 11 頭 × 46 特徴量 (リーク除外済み)
18:43:28 INFO     [src.ml.features] [SIMULATE] 特徴量生成 race_id=024052070447: 19 頭 × 46 特徴量 (リーク除外済み)
18:43:28 INFO     [src.ml.features] [SIMULATE] 特徴量生成 race_id=024052062455: 10 頭 × 46 特徴量 (リーク除外済み)
18:43:28 INFO     [src.ml.features] [SIMULATE] 特徴量生成 race_id=025052081447: 9 頭 × 46 特徴量 (リーク除外済み)
18:43:28 INFO     [src.ml.features] [SIMULATE] 特徴量生成 race_id=022092082845: 4 頭 × 46 特徴量 (リーク除外済み)
18:43:28 INFO     [src.ml.features] [SIMULATE] 特徴量生成 race_id=025062082545: 27 頭 × 46 特徴量 (リーク除外済み)
18:43:28 INFO     [src.ml.features] [SIMULATE] 特徴量生成 race_id=025082061748: 12 頭 × 46 特徴量 (リーク除外済み)
18:43:28 INFO     [src.ml.features] [SIMULATE] 特徴量生成 race_id=024052092436: 20 頭 × 46 特徴量 (リーク除外済み)
18:43:28 INFO     [src.ml.features] [SIMULATE] 特徴量生成 race_id=023082071244: 10 頭 × 46 特徴量 (リーク除外済み)
18:43:28 INFO     [src.ml.features] [SIMULATE] 特徴量生成 race_id=023012083042: 11 頭 × 46 特徴量 (リーク除外済み)
18:43:28 INFO     [src.ml.features] [SIMULATE] 特徴量生成 race_id=024092082843: 13 頭 × 46 特徴量 (リーク除外済み)
18:43:28 INFO     [src.ml.features] [SIMULATE] 特徴量生成 race_id=025022053050: 10 頭 × 46 特徴量 (リーク除外済み)
18:43:28 INFO     [src.ml.features] [SIMULATE] 特徴量生成 race_id=025072062655: 43 頭 × 46 特徴量 (リーク除外済み)
18:43:28 INFO     [src.ml.features] [SIMULATE] 特徴量生成 race_id=025012083043: 11 頭 × 46 特徴量 (リーク除外済み)
18:43:28 INFO     [src.ml.features] [SIMULATE] 特徴量生成 race_id=024082061748: 8 頭 × 46 特徴量 (リーク除外済み)
18:43:28 INFO     [src.ml.features] [SIMULATE] 特徴量生成 race_id=024032070230: 11 頭 × 46 特徴量 (リーク除外済み)
18:43:28 INFO     [src.ml.features] [SIMULATE] 特徴量生成 race_id=025062081547: 18 頭 × 46 特徴量 (リーク除外済み)
18:43:28 INFO     [src.ml.features] [SIMULATE] 特徴量生成 race_id=025162000536: 20 頭 × 46 特徴量 (リーク除外済み)
18:43:28 INFO     [src.ml.features] [SIMULATE] 特徴量生成 race_id=024002082943: 13 頭 × 46 特徴量 (リーク除外済み)
18:43:28 INFO     [src.ml.features] [SIMULATE] 特徴量生成 race_id=024092072854: 9 頭 × 46 特徴量 (リーク除外済み)
18:43:28 INFO     [src.ml.features] [SIMULATE] 特徴量生成 race_id=024032092042: 12 頭 × 46 特徴量 (リーク除外済み)
18:43:28 INFO     [src.ml.features] [SIMULATE] 特徴量生成 race_id=025092062855: 11 頭 × 46 特徴量 (リーク除外済み)
18:43:28 INFO     [src.ml.features] [SIMULATE] 特徴量生成 race_id=025012081035: 12 頭 × 46 特徴量 (リーク除外済み)
18:43:28 INFO     [src.ml.features] [SIMULATE] 特徴量生成 race_id=023042081354: 11 頭 × 46 特徴量 (リーク除外済み)
18:43:28 INFO     [src.ml.features] [SIMULATE] 特徴量生成 race_id=025022070130: 29 頭 × 46 特徴量 (リーク除外済み)
18:43:28 INFO     [src.ml.features] [SIMULATE] 特徴量生成 race_id=024032061250: 12 頭 × 46 特徴量 (リーク除外済み)
18:43:28 INFO     [src.ml.features] [SIMULATE] 特徴量生成 race_id=025062092542: 23 頭 × 46 特徴量 (リーク除外済み)
18:43:28 INFO     [src.ml.features] [SIMULATE] 特徴量生成 race_id=022002082945: 5 頭 × 46 特徴量 (リーク除外済み)
18:43:28 INFO     [src.ml.features] [SIMULATE] 特徴量生成 race_id=025052060450: 9 頭 × 46 特徴量 (リーク除外済み)
18:43:28 INFO     [src.ml.features] [SIMULATE] 特徴量生成 race_id=025082071744: 14 頭 × 46 特徴量 (リーク除外済み)
18:43:28 INFO     [src.ml.features] [SIMULATE] 特徴量生成 race_id=025082072754: 9 頭 × 46 特徴量 (リーク除外済み)
18:43:28 INFO     [src.ml.features] [SIMULATE] 特徴量生成 race_id=023062082445: 10 頭 × 46 特徴量 (リーク除外済み)
18:43:28 INFO     [src.ml.features] [SIMULATE] 特徴量生成 race_id=025092061848: 23 頭 × 46 特徴量 (リーク除外済み)
18:43:28 INFO     [src.ml.features] [SIMULATE] 特徴量生成 race_id=025002062955: 7 頭 × 46 特徴量 (リーク除外済み)
18:43:28 INFO     [src.ml.features] [SIMULATE] 特徴量生成 race_id=024042061350: 9 頭 × 46 特徴量 (リーク除外済み)
18:43:28 INFO     [src.ml.features] [SIMULATE] 特徴量生成 race_id=023002092943: 7 頭 × 46 特徴量 (リーク除外済み)
18:43:28 INFO     [src.ml.features] [SIMULATE] 特徴量生成 race_id=025032080254: 12 頭 × 46 特徴量 (リーク除外済み)
18:43:28 INFO     [src.ml.features] [SIMULATE] 特徴量生成 race_id=023062070530: 10 頭 × 46 特徴量 (リーク除外済み)
18:43:28 INFO     [src.ml.features] [SIMULATE] 特徴量生成 race_id=022022070144: 13 頭 × 46 特徴量 (リーク除外済み)
18:43:28 INFO     [src.ml.features] [SIMULATE] 特徴量生成 race_id=025032070230: 20 頭 × 46 特徴量 (リーク除外済み)
18:43:28 INFO     [src.ml.features] [SIMULATE] 特徴量生成 race_id=025072092642: 35 頭 × 46 特徴量 (リーク除外済み)
18:43:28 INFO     [src.ml.features] [SIMULATE] 特徴量生成 race_id=024042070330: 48 頭 × 46 特徴量 (リーク除外済み)
18:43:28 INFO     [src.ml.features] [SIMULATE] 特徴量生成 race_id=999051061648: 12 頭 × 46 特徴量 (リーク除外済み)
18:43:28 INFO     [src.ml.features] [SIMULATE] 特徴量生成 race_id=025022081135: 14 頭 × 46 特徴量 (リーク除外済み)
18:43:28 INFO     [src.ml.features] [SIMULATE] 特徴量生成 race_id=023042080347: 10 頭 × 46 特徴量 (リーク除外済み)
18:43:28 INFO     [src.ml.features] [SIMULATE] 特徴量生成 race_id=024002080945: 13 頭 × 46 特徴量 (リーク除外済み)
18:43:28 INFO     [src.ml.features] [SIMULATE] 特徴量生成 race_id=024042080354: 23 頭 × 46 特徴量 (リーク除外済み)
18:43:28 INFO     [src.ml.features] [SIMULATE] 特徴量生成 race_id=023002081954: 12 頭 × 46 特徴量 (リーク除外済み)
18:43:28 INFO     [src.ml.features] [SIMULATE] 特徴量生成 race_id=025062060550: 23 頭 × 46 特徴量 (リーク除外済み)
18:43:28 INFO     [src.ml.features] [SIMULATE] 特徴量生成 race_id=024012083043: 12 頭 × 46 特徴量 (リーク除外済み)
18:43:28 INFO     [src.ml.features] [SIMULATE] 特徴量生成 race_id=022082070730: 12 頭 × 46 特徴量 (リーク除外済み)
18:43:28 INFO     [src.ml.features] [SIMULATE] 特徴量生成 race_id=024122000136: 10 頭 × 46 特徴量 (リーク除外済み)
18:43:28 INFO     [src.ml.features] [SIMULATE] 特徴量生成 race_id=025032081235: 11 頭 × 46 特徴量 (リーク除外済み)
18:43:28 INFO     [src.ml.features] [SIMULATE] 特徴量生成 race_id=024052061450: 8 頭 × 46 特徴量 (リーク除外済み)
18:43:28 INFO     [src.ml.features] [SIMULATE] 特徴量生成 race_id=022022082154: 12 頭 × 46 特徴量 (リーク除外済み)
18:43:28 INFO     [src.ml.features] [SIMULATE] 特徴量生成 race_id=025072060650: 38 頭 × 46 特徴量 (リーク除外済み)
18:43:28 INFO     [src.ml.features] [SIMULATE] 特徴量生成 race_id=025072070555: 11 頭 × 46 特徴量 (リーク除外済み)
18:43:28 INFO     [src.ml.features] [SIMULATE] 特徴量生成 race_id=025182000736: 20 頭 × 46 特徴量 (リーク除外済み)
18:43:28 INFO     [src.ml.features] [SIMULATE] 特徴量生成 race_id=025042070330: 50 頭 × 46 特徴量 (リーク除外済み)
18:43:28 INFO     [src.ml.features] [SIMULATE] 特徴量生成 race_id=020022061950: 12 頭 × 46 特徴量 (リーク除外済み)
18:43:28 INFO     [src.ml.features] [SIMULATE] 特徴量生成 race_id=025002092943: 17 頭 × 46 特徴量 (リーク除外済み)
18:43:28 INFO     [src.ml.features] [SIMULATE] 特徴量生成 race_id=025152012436: 11 頭 × 46 特徴量 (リーク除外済み)
18:43:28 INFO     [src.ml.features] [SIMULATE] 特徴量生成 race_id=025182002742: 17 頭 × 46 特徴量 (リーク除外済み)
18:43:28 INFO     [src.ml.features] [SIMULATE] 特徴量生成 race_id=025012081044: 12 頭 × 46 特徴量 (リーク除外済み)
18:43:28 INFO     [src.ml.features] [SIMULATE] 特徴量生成 race_id=024042062346: 8 頭 × 46 特徴量 (リーク除外済み)
18:43:28 INFO     [src.ml.features] [SIMULATE] 特徴量生成 race_id=025092070830: 6 頭 × 46 特徴量 (リーク除外済み)
18:43:28 INFO     [src.ml.features] [SIMULATE] 特徴量生成 race_id=022022071144: 10 頭 × 46 特徴量 (リーク除外済み)
18:43:28 INFO     [src.ml.features] [SIMULATE] 特徴量生成 race_id=024062062548: 24 頭 × 46 特徴量 (リーク除外済み)
18:43:28 INFO     [src.ml.features] [SIMULATE] 特徴量生成 race_id=024002061950: 8 頭 × 46 特徴量 (リーク除外済み)
18:43:28 INFO     [src.ml.features] [SIMULATE] 特徴量生成 race_id=025082081735: 10 頭 × 46 特徴量 (リーク除外済み)
18:43:28 INFO     [src.ml.features] [SIMULATE] 特徴量生成 race_id=023022091145: 9 頭 × 46 特徴量 (リーク除外済み)
18:43:28 INFO     [src.ml.features] [SIMULATE] 特徴量生成 race_id=025092090845: 24 頭 × 46 特徴量 (リーク除外済み)
18:43:28 INFO     [src.ml.features] [SIMULATE] 特徴量生成 race_id=022032071230: 11 頭 × 46 特徴量 (リーク除外済み)
18:43:28 INFO     [src.ml.features] [SIMULATE] 特徴量生成 race_id=025052062448: 24 頭 × 46 特徴量 (リーク除外済み)
18:43:28 INFO     [src.ml.features] [SIMULATE] 特徴量生成 race_id=024032090245: 14 頭 × 46 特徴量 (リーク除外済み)
18:43:28 INFO     [src.ml.features] [SIMULATE] 特徴量生成 race_id=024122002142: 11 頭 × 46 特徴量 (リーク除外済み)
18:43:28 INFO     [src.ml.features] [SIMULATE] 特徴量生成 race_id=025072082647: 10 頭 × 46 特徴量 (リーク除外済み)
18:43:28 INFO     [src.ml.features] [SIMULATE] 特徴量生成 race_id=024082090754: 11 頭 × 46 特徴量 (リーク除外済み)
18:43:28 INFO     [src.ml.features] [SIMULATE] 特徴量生成 race_id=025022061150: 51 頭 × 46 特徴量 (リーク除外済み)
18:43:28 INFO     [src.ml.features] [SIMULATE] 特徴量生成 race_id=025002081835: 10 頭 × 46 特徴量 (リーク除外済み)
18:43:28 INFO     [src.ml.features] [SIMULATE] 特徴量生成 race_id=024132002242: 10 頭 × 46 特徴量 (リーク除外済み)
18:43:28 INFO     [src.ml.features] [SIMULATE] 特徴量生成 race_id=024052092443: 19 頭 × 46 特徴量 (リーク除外済み)
18:43:28 INFO     [src.ml.features] [SIMULATE] 特徴量生成 race_id=023152002443: 10 頭 × 46 特徴量 (リーク除外済み)
18:43:28 INFO     [src.ml.features] [SIMULATE] 特徴量生成 race_id=025162012536: 19 頭 × 46 特徴量 (リーク除外済み)
18:43:28 INFO     [src.ml.features] [SIMULATE] 特徴量生成 race_id=024012071030: 10 頭 × 46 特徴量 (リーク除外済み)
18:43:28 INFO     [src.ml.features] [SIMULATE] 特徴量生成 race_id=024042090345: 11 頭 × 46 特徴量 (リーク除外済み)
18:43:29 INFO     [src.ml.features] [SIMULATE] 特徴量生成 race_id=022092082854: 12 頭 × 46 特徴量 (リーク除外済み)
18:43:29 INFO     [src.ml.features] [SIMULATE] 特徴量生成 race_id=025082090754: 20 頭 × 46 特徴量 (リーク除外済み)
18:43:29 INFO     [src.ml.features] [SIMULATE] 特徴量生成 race_id=025042071355: 23 頭 × 46 特徴量 (リーク除外済み)
18:43:29 INFO     [src.ml.features] [SIMULATE] 特徴量生成 race_id=025022070146: 10 頭 × 46 特徴量 (リーク除外済み)
18:43:29 INFO     [src.ml.features] [SIMULATE] 特徴量生成 race_id=025032061250: 10 頭 × 46 特徴量 (リーク除外済み)
18:43:29 INFO     [src.ml.features] [SIMULATE] 特徴量生成 race_id=024192011836: 19 頭 × 46 特徴量 (リーク除外済み)
18:43:29 INFO     [src.ml.features] [SIMULATE] 特徴量生成 race_id=025012093043: 10 頭 × 46 特徴量 (リーク除外済み)
18:43:29 INFO     [src.ml.features] [SIMULATE] 特徴量生成 race_id=022162002543: 14 頭 × 46 特徴量 (リーク除外済み)
18:43:29 INFO     [src.ml.features] [SIMULATE] 特徴量生成 race_id=025082082747: 10 頭 × 46 特徴量 (リーク除外済み)
18:43:29 INFO     [src.ml.features] [SIMULATE] 特徴量生成 race_id=025002070930: 26 頭 × 46 特徴量 (リーク除外済み)
18:43:29 INFO     [src.ml.features] [SIMULATE] 特徴量生成 race_id=024082070755: 9 頭 × 46 特徴量 (リーク除外済み)
18:43:29 INFO     [src.ml.features] [SIMULATE] 特徴量生成 race_id=022032071244: 26 頭 × 46 特徴量 (リーク除外済み)
18:43:29 INFO     [src.ml.features] [SIMULATE] 特徴量生成 race_id=025192002842: 10 頭 × 46 特徴量 (リーク除外済み)
18:43:29 INFO     [src.ml.features] [SIMULATE] 特徴量生成 race_id=025092081835: 10 頭 × 46 特徴量 (リーク除外済み)
18:43:29 INFO     [src.ml.features] [SIMULATE] 特徴量生成 race_id=025002090945: 38 頭 × 46 特徴量 (リーク除外済み)
18:43:29 INFO     [src.ml.features] [SIMULATE] 特徴量生成 race_id=025062062548: 12 頭 × 46 特徴量 (リーク除外済み)
18:43:29 INFO     [src.ml.features] [SIMULATE] 特徴量生成 race_id=024062092543: 12 頭 × 46 特徴量 (リーク除外済み)
18:43:29 INFO     [src.ml.features] [SIMULATE] 特徴量生成 race_id=025002071955: 10 頭 × 46 特徴量 (リーク除外済み)
18:43:29 INFO     [src.ml.features] [SIMULATE] 特徴量生成 race_id=020012093043: 5 頭 × 46 特徴量 (リーク除外済み)
18:43:29 INFO     [src.ml.features] [SIMULATE] 特徴量生成 race_id=025122000143: 22 頭 × 46 特徴量 (リーク除外済み)
18:43:29 INFO     [src.ml.features] [SIMULATE] 特徴量生成 race_id=025102002942: 12 頭 × 46 特徴量 (リーク除外済み)
18:43:29 INFO     [src.ml.features] [SIMULATE] 特徴量生成 race_id=025042061350: 32 頭 × 46 特徴量 (リーク除外済み)
18:43:29 INFO     [src.ml.features] [SIMULATE] 特徴量生成 race_id=025082070746: 6 頭 × 46 特徴量 (リーク除外済み)
18:43:29 INFO     [src.ml.features] [SIMULATE] 特徴量生成 race_id=024052090445: 23 頭 × 46 特徴量 (リーク除外済み)
18:43:29 INFO     [src.ml.features] [SIMULATE] 特徴量生成 race_id=025172012636: 21 頭 × 46 特徴量 (リーク除外済み)
18:43:29 INFO     [src.ml.features] [SIMULATE] 特徴量生成 race_id=024042062150: 12 頭 × 46 特徴量 (リーク除外済み)
18:43:29 INFO     [src.ml.features] [SIMULATE] 特徴量生成 race_id=024002070955: 11 頭 × 46 特徴量 (リーク除外済み)
18:43:29 INFO     [src.ml.features] [SIMULATE] 特徴量生成 race_id=025072062648: 11 頭 × 46 特徴量 (リーク除外済み)
18:43:29 INFO     [src.ml.features] [SIMULATE] 特徴量生成 race_id=024062091554: 12 頭 × 46 特徴量 (リーク除外済み)
18:43:29 INFO     [src.ml.features] [SIMULATE] 特徴量生成 race_id=025002081935: 25 頭 × 46 特徴量 (リーク除外済み)
18:43:29 INFO     [src.ml.features] [SIMULATE] 特徴量生成 race_id=025012091045: 11 頭 × 46 特徴量 (リーク除外済み)
18:43:29 INFO     [src.ml.features] [SIMULATE] 特徴量生成 race_id=024082062748: 12 頭 × 46 特徴量 (リーク除外済み)
18:43:29 INFO     [src.ml.features] [SIMULATE] 特徴量生成 race_id=023162002543: 10 頭 × 46 特徴量 (リーク除外済み)
18:43:29 INFO     [src.ml.features] [SIMULATE] 特徴量生成 race_id=024012073144: 14 頭 × 46 特徴量 (リーク除外済み)
18:43:29 INFO     [src.ml.features] [SIMULATE] 特徴量生成 race_id=022032092242: 8 頭 × 46 特徴量 (リーク除外済み)
18:43:29 INFO     [src.ml.features] [SIMULATE] 特徴量生成 race_id=025012071030: 11 頭 × 46 特徴量 (リーク除外済み)
18:43:29 INFO     [src.ml.features] [SIMULATE] 特徴量生成 race_id=025092082847: 9 頭 × 46 特徴量 (リーク除外済み)
18:43:29 INFO     [src.ml.features] [SIMULATE] 特徴量生成 race_id=024002071947: 10 頭 × 46 特徴量 (リーク除外済み)
18:43:29 INFO     [src.ml.features] [SIMULATE] 特徴量生成 race_id=024082082735: 10 頭 × 46 特徴量 (リーク除外済み)
18:43:29 INFO     [src.ml.features] [SIMULATE] 特徴量生成 race_id=023032080244: 13 頭 × 46 特徴量 (リーク除外済み)
18:43:29 INFO     [src.ml.features] [SIMULATE] 特徴量生成 race_id=025022091145: 12 頭 × 46 特徴量 (リーク除外済み)
18:43:29 INFO     [src.ml.features] [SIMULATE] 特徴量生成 race_id=024072062650: 18 頭 × 46 特徴量 (リーク除外済み)
18:43:29 INFO     [src.ml.features] [SIMULATE] 特徴量生成 race_id=023042080344: 16 頭 × 46 特徴量 (リーク除外済み)
18:43:29 INFO     [src.ml.features] [SIMULATE] 特徴量生成 race_id=024032070246: 6 頭 × 46 特徴量 (リーク除外済み)
18:43:29 INFO     [src.ml.features] [SIMULATE] 特徴量生成 race_id=024072071630: 8 頭 × 46 特徴量 (リーク除外済み)
18:43:29 INFO     [src.ml.features] [SIMULATE] 特徴量生成 race_id=025052091454: 12 頭 × 46 特徴量 (リーク除外済み)
18:43:29 INFO     [src.ml.features] [SIMULATE] 特徴量生成 race_id=025022072155: 11 頭 × 46 特徴量 (リーク除外済み)
18:43:29 INFO     [src.ml.features] [SIMULATE] 特徴量生成 race_id=024072092643: 23 頭 × 46 特徴量 (リーク除外済み)
18:43:29 INFO     [src.ml.features] [SIMULATE] 特徴量生成 race_id=025062071530: 18 頭 × 46 特徴量 (リーク除外済み)
18:43:29 INFO     [src.ml.features] [SIMULATE] 特徴量生成 race_id=023052091445: 8 頭 × 46 特徴量 (リーク除外済み)
18:43:29 INFO     [src.ml.features] [SIMULATE] 特徴量生成 race_id=025052082435: 12 頭 × 46 特徴量 (リーク除外済み)
18:43:29 INFO     [src.ml.features] [SIMULATE] 特徴量生成 race_id=025112003042: 12 頭 × 46 特徴量 (リーク除外済み)
18:43:29 INFO     [src.ml.features] [SIMULATE] 特徴量生成 race_id=025082062748: 24 頭 × 46 特徴量 (リーク除外済み)
18:43:29 INFO     [src.ml.features] [SIMULATE] 特徴量生成 race_id=023042090354: 12 頭 × 46 特徴量 (リーク除外済み)
18:43:29 INFO     [src.ml.features] [SIMULATE] 特徴量生成 race_id=025042081344: 24 頭 × 46 特徴量 (リーク除外済み)
18:43:29 INFO     [src.ml.features] [SIMULATE] 特徴量生成 race_id=025132000243: 10 頭 × 46 特徴量 (リーク除外済み)
18:43:29 INFO     [src.ml.features] [SIMULATE] 特徴量生成 race_id=024072091654: 22 頭 × 46 特徴量 (リーク除外済み)
18:43:29 INFO     [src.ml.features] [SIMULATE] 特徴量生成 race_id=025092061850: 21 頭 × 46 特徴量 (リーク除外済み)
18:43:29 INFO     [src.ml.features] [SIMULATE] 特徴量生成 race_id=024022080144: 12 頭 × 46 特徴量 (リーク除外済み)
18:43:29 INFO     [src.ml.features] [SIMULATE] 特徴量生成 race_id=024152002442: 11 頭 × 46 特徴量 (リーク除外済み)
18:43:29 INFO     [src.ml.features] [SIMULATE] 特徴量生成 race_id=022012091054: 12 頭 × 46 特徴量 (リーク除外済み)
18:43:29 INFO     [src.ml.features] [SIMULATE] 特徴量生成 race_id=025022092154: 9 頭 × 46 特徴量 (リーク除外済み)
18:43:29 INFO     [src.ml.features] [SIMULATE] 特徴量生成 race_id=023002090954: 11 頭 × 46 特徴量 (リーク除外済み)
18:43:29 INFO     [src.ml.features] [SIMULATE] 特徴量生成 race_id=024032090235: 11 頭 × 46 特徴量 (リーク除外済み)
18:43:29 INFO     [src.ml.features] [SIMULATE] 特徴量生成 race_id=025062082535: 12 頭 × 46 特徴量 (リーク除外済み)
18:43:29 INFO     [src.ml.features] [SIMULATE] 特徴量生成 race_id=025002061950: 18 頭 × 46 特徴量 (リーク除外済み)
18:43:29 INFO     [src.ml.features] [SIMULATE] 特徴量生成 race_id=025032072255: 45 頭 × 46 特徴量 (リーク除外済み)
18:43:29 INFO     [src.ml.features] [SIMULATE] 特徴量生成 race_id=022012072030: 8 頭 × 46 特徴量 (リーク除外済み)
18:43:29 INFO     [src.ml.features] [SIMULATE] 特徴量生成 race_id=024082071730: 11 頭 × 46 特徴量 (リーク除外済み)
18:43:29 INFO     [src.ml.features] [SIMULATE] 特徴量生成 race_id=025072071630: 17 頭 × 46 特徴量 (リーク除外済み)
18:43:29 INFO     [src.ml.features] [SIMULATE] 特徴量生成 race_id=021082091745: 5 頭 × 46 特徴量 (リーク除外済み)
18:43:29 INFO     [src.ml.features] [SIMULATE] 特徴量生成 race_id=025122020136: 41 頭 × 46 特徴量 (リーク除外済み)
18:43:29 INFO     [src.ml.features] [SIMULATE] 特徴量生成 race_id=023002071930: 12 頭 × 46 特徴量 (リーク除外済み)
18:43:29 INFO     [src.ml.features] [SIMULATE] 特徴量生成 race_id=024022080147: 20 頭 × 46 特徴量 (リーク除外済み)
18:43:29 INFO     [src.ml.features] [SIMULATE] 特徴量生成 race_id=024072090645: 14 頭 × 46 特徴量 (リーク除外済み)
18:43:29 INFO     [src.ml.features] [SIMULATE] 特徴量生成 race_id=024162002542: 12 頭 × 46 特徴量 (リーク除外済み)
18:43:29 INFO     [src.ml.features] [SIMULATE] 特徴量生成 race_id=024082062750: 33 頭 × 46 特徴量 (リーク除外済み)
18:43:29 INFO     [src.ml.features] [SIMULATE] 特徴量生成 race_id=023102002743: 12 頭 × 46 特徴量 (リーク除外済み)
18:43:29 INFO     [src.ml.features] [SIMULATE] 特徴量生成 race_id=024082092743: 20 頭 × 46 特徴量 (リーク除外済み)
18:43:29 INFO     [src.ml.features] [SIMULATE] 特徴量生成 race_id=025142000343: 34 頭 × 46 特徴量 (リーク除外済み)
18:43:29 INFO     [src.ml.features] [SIMULATE] 特徴量生成 race_id=025042092354: 19 頭 × 46 特徴量 (リーク除外済み)
18:43:29 INFO     [src.ml.features] [SIMULATE] 特徴量生成 race_id=024032080247: 9 頭 × 46 特徴量 (リーク除外済み)
18:43:29 INFO     [src.ml.features] [SIMULATE] 特徴量生成 race_id=020062070350: 10 頭 × 46 特徴量 (リーク除外済み)
18:43:29 INFO     [src.ml.features] [SIMULATE] 特徴量生成 race_id=025022062050: 21 頭 × 46 特徴量 (リーク除外済み)
18:43:29 INFO     [src.ml.features] [SIMULATE] 特徴量生成 race_id=025082071730: 32 頭 × 46 特徴量 (リーク除外済み)
18:43:29 INFO     [src.ml.features] [SIMULATE] 特徴量生成 race_id=025062081544: 14 頭 × 46 特徴量 (リーク除外済み)
18:43:29 INFO     [src.ml.features] [SIMULATE] 特徴量生成 race_id=025072082635: 10 頭 × 46 特徴量 (リーク除外済み)
18:43:29 INFO     [src.ml.features] [SIMULATE] 特徴量生成 race_id=025132020236: 19 頭 × 46 特徴量 (リーク除外済み)
18:43:29 INFO     [src.ml.features] [SIMULATE] 特徴量生成 race_id=024092071830: 10 頭 × 46 特徴量 (リーク除外済み)
18:43:29 INFO     [src.ml.features] [SIMULATE] 特徴量生成 race_id=025142010343: 80 頭 × 46 特徴量 (リーク除外済み)
18:43:29 INFO     [src.ml.features] [SIMULATE] 特徴量生成 race_id=025002090947: 22 頭 × 46 特徴量 (リーク除外済み)
18:43:29 INFO     [src.ml.features] [SIMULATE] 特徴量生成 race_id=023082091754: 9 頭 × 46 特徴量 (リーク除外済み)
18:43:29 INFO     [src.ml.features] [SIMULATE] 特徴量生成 race_id=023182012743: 19 頭 × 46 特徴量 (リーク除外済み)
18:43:29 INFO     [src.ml.features] [SIMULATE] 特徴量生成 race_id=024042072330: 10 頭 × 46 特徴量 (リーク除外済み)
18:43:29 INFO     [src.ml.features] [SIMULATE] 特徴量生成 race_id=024042070350: 10 頭 × 46 特徴量 (リーク除外済み)
18:43:29 INFO     [src.ml.features] [SIMULATE] 特徴量生成 race_id=025082092754: 12 頭 × 46 特徴量 (リーク除外済み)
18:43:29 INFO     [src.ml.features] [SIMULATE] 特徴量生成 race_id=025162012542: 5 頭 × 46 特徴量 (リーク除外済み)
18:43:30 INFO     [src.ml.features] [SIMULATE] 特徴量生成 race_id=025142001345: 21 頭 × 46 特徴量 (リーク除外済み)
18:43:30 INFO     [src.ml.features] [SIMULATE] 特徴量生成 race_id=024192011842: 12 頭 × 46 特徴量 (リーク除外済み)
18:43:30 INFO     [src.ml.features] [SIMULATE] 特徴量生成 race_id=025192020836: 10 頭 × 46 特徴量 (リーク除外済み)
18:43:30 INFO     [src.ml.features] [SIMULATE] 特徴量生成 race_id=025032072230: 8 頭 × 46 特徴量 (リーク除外済み)
18:43:30 INFO     [src.ml.features] [SIMULATE] 特徴量生成 race_id=024012071048: 12 頭 × 46 特徴量 (リーク除外済み)
18:43:30 INFO     [src.ml.features] [SIMULATE] 特徴量生成 race_id=025112010343: 14 頭 × 46 特徴量 (リーク除外済み)
18:43:30 INFO     [src.ml.features] [SIMULATE] 特徴量生成 race_id=025012083135: 20 頭 × 46 特徴量 (リーク除外済み)
18:43:30 INFO     [src.ml.features] [SIMULATE] 特徴量生成 race_id=021122001145: 14 頭 × 46 特徴量 (リーク除外済み)
18:43:30 INFO     [src.ml.features] [SIMULATE] 特徴量生成 race_id=022192012843: 13 頭 × 46 特徴量 (リーク除外済み)
18:43:30 INFO     [src.ml.features] [SIMULATE] 特徴量生成 race_id=024132020236: 12 頭 × 46 特徴量 (リーク除外済み)
18:43:30 INFO     [src.ml.features] [SIMULATE] 特徴量生成 race_id=024192002843: 10 頭 × 46 特徴量 (リーク除外済み)
18:43:30 INFO     [src.ml.features] [SIMULATE] 特徴量生成 race_id=025082070748: 24 頭 × 46 特徴量 (リーク除外済み)
18:43:30 INFO     [src.ml.features] [SIMULATE] 特徴量生成 race_id=025042071346: 12 頭 × 46 特徴量 (リーク除外済み)
18:43:30 INFO     [src.ml.features] [SIMULATE] 特徴量生成 race_id=025062062550: 23 頭 × 46 特徴量 (リーク除外済み)
18:43:30 INFO     [src.ml.features] [SIMULATE] 特徴量生成 race_id=024042092354: 9 頭 × 46 特徴量 (リーク除外済み)
18:43:30 INFO     [src.ml.features] [SIMULATE] 特徴量生成 race_id=024142020336: 11 頭 × 46 特徴量 (リーク除外済み)
18:43:30 INFO     [src.ml.features] [SIMULATE] 特徴量生成 race_id=024102002943: 11 頭 × 46 特徴量 (リーク除外済み)
18:43:30 INFO     [src.ml.features] [SIMULATE] 特徴量生成 race_id=024022072155: 8 頭 × 46 特徴量 (リーク除外済み)
18:43:30 INFO     [src.ml.features] [SIMULATE] 特徴量生成 race_id=025092070848: 24 頭 × 46 特徴量 (リーク除外済み)
18:43:30 INFO     [src.ml.features] [SIMULATE] 特徴量生成 race_id=025072081655: 8 頭 × 46 特徴量 (リーク除外済み)
18:43:30 INFO     [src.ml.features] [SIMULATE] 特徴量生成 race_id=025062071546: 8 頭 × 46 特徴量 (リーク除外済み)
18:43:30 INFO     [src.ml.features] [SIMULATE] 特徴量生成 race_id=025152001445: 14 頭 × 46 特徴量 (リーク除外済み)
18:43:30 INFO     [src.ml.features] [SIMULATE] 特徴量生成 race_id=025102020936: 9 頭 × 46 特徴量 (リーク除外済み)
18:43:30 INFO     [src.ml.features] [SIMULATE] 特徴量生成 race_id=025152010443: 12 頭 × 46 特徴量 (リーク除外済み)
18:43:30 INFO     [src.ml.features] [SIMULATE] 特徴量生成 race_id=025012091047: 10 頭 × 46 特徴量 (リーク除外済み)
18:43:30 INFO     [src.ml.features] [SIMULATE] 特徴量生成 race_id=025022091047: 10 頭 × 46 特徴量 (リーク除外済み)
18:43:30 INFO     [src.ml.features] [SIMULATE] 特徴量生成 race_id=025072062650: 24 頭 × 46 特徴量 (リーク除外済み)
18:43:30 INFO     [src.ml.features] [SIMULATE] 特徴量生成 race_id=024192000845: 8 頭 × 46 特徴量 (リーク除外済み)
18:43:30 INFO     [src.ml.features] [SIMULATE] 特徴量生成 race_id=023112001045: 12 頭 × 46 特徴量 (リーク除外済み)
18:43:30 INFO     [src.ml.features] [SIMULATE] 特徴量生成 race_id=025172012642: 12 頭 × 46 特徴量 (リーク除外済み)
18:43:30 INFO     [src.ml.features] [SIMULATE] 特徴量生成 race_id=025092092854: 12 頭 × 46 特徴量 (リーク除外済み)
18:43:30 INFO     [src.ml.features] [SIMULATE] 特徴量生成 race_id=025042072330: 18 頭 × 46 特徴量 (リーク除外済み)
18:43:30 INFO     [src.ml.features] [SIMULATE] 特徴量生成 race_id=024052070450: 11 頭 × 46 特徴量 (リーク除外済み)
18:43:30 INFO     [src.ml.features] [SIMULATE] 特徴量生成 race_id=025042090344: 29 頭 × 46 特徴量 (リーク除外済み)
18:43:30 INFO     [src.ml.features] [SIMULATE] 特徴量生成 race_id=025112021036: 20 頭 × 46 特徴量 (リーク除外済み)
18:43:30 INFO     [src.ml.features] [SIMULATE] 特徴量生成 race_id=024062081547: 13 頭 × 46 特徴量 (リーク除外済み)
18:43:30 INFO     [src.ml.features] [SIMULATE] 特徴量生成 race_id=024062072530: 21 頭 × 46 特徴量 (リーク除外済み)
18:43:30 INFO     [src.ml.features] [SIMULATE] 特徴量生成 race_id=024152020436: 20 頭 × 46 特徴量 (リーク除外済み)
18:43:30 INFO     [src.ml.features] [SIMULATE] 特徴量生成 race_id=025052072430: 19 頭 × 46 特徴量 (リーク除外済み)
18:43:30 INFO     [src.ml.features] [SIMULATE] 特徴量生成 race_id=025022091147: 25 頭 × 46 特徴量 (リーク除外済み)
18:43:30 INFO     [src.ml.features] [SIMULATE] 特徴量生成 race_id=025082081755: 33 頭 × 46 特徴量 (リーク除外済み)
18:43:30 INFO     [src.ml.features] [SIMULATE] 特徴量生成 race_id=024092092854: 11 頭 × 46 特徴量 (リーク除外済み)
18:43:30 INFO     [src.ml.features] [SIMULATE] 特徴量生成 race_id=024112003043: 21 頭 × 46 特徴量 (リーク除外済み)
18:43:30 INFO     [src.ml.features] [SIMULATE] 特徴量生成 race_id=023122001145: 11 頭 × 46 特徴量 (リーク除外済み)
18:43:30 INFO     [src.ml.features] [SIMULATE] 特徴量生成 race_id=025182012742: 13 頭 × 46 特徴量 (リーク除外済み)
18:43:30 INFO     [src.ml.features] [SIMULATE] 特徴量生成 race_id=025152000454: 20 頭 × 46 特徴量 (リーク除外済み)
18:43:30 INFO     [src.ml.features] [SIMULATE] 特徴量生成 race_id=025032090235: 24 頭 × 46 特徴量 (リーク除外済み)
18:43:30 INFO     [src.ml.features] [SIMULATE] 特徴量生成 race_id=025002070948: 23 頭 × 46 特徴量 (リーク除外済み)
18:43:30 INFO     [src.ml.features] [SIMULATE] 特徴量生成 race_id=025092062750: 11 頭 × 46 特徴量 (リーク除外済み)
18:43:30 INFO     [src.ml.features] [SIMULATE] 特徴量生成 race_id=024082070550: 12 頭 × 46 特徴量 (リーク除外済み)
18:43:30 INFO     [src.ml.features] [SIMULATE] 特徴量生成 race_id=023062081544: 11 頭 × 46 特徴量 (リーク除外済み)
18:43:30 INFO     [src.ml.features] [SIMULATE] 特徴量生成 race_id=024102000945: 7 頭 × 46 特徴量 (リーク除外済み)
18:43:30 INFO     [src.ml.features] [SIMULATE] 特徴量生成 race_id=025162010543: 9 頭 × 46 特徴量 (リーク除外済み)
18:43:30 INFO     [src.ml.features] [SIMULATE] 特徴量生成 race_id=025162001545: 48 頭 × 46 特徴量 (リーク除外済み)
18:43:30 INFO     [src.ml.features] [SIMULATE] 特徴量生成 race_id=021082072730: 10 頭 × 46 特徴量 (リーク除外済み)
18:43:30 INFO     [src.ml.features] [SIMULATE] 特徴量生成 race_id=025192012842: 12 頭 × 46 特徴量 (リーク除外済み)
18:43:30 INFO     [src.ml.features] [SIMULATE] 特徴量生成 race_id=023122000154: 7 頭 × 46 特徴量 (リーク除外済み)
18:43:30 INFO     [src.ml.features] [SIMULATE] 特徴量生成 race_id=025012071048: 23 頭 × 46 特徴量 (リーク除外済み)
18:43:30 INFO     [src.ml.features] [SIMULATE] 特徴量生成 race_id=025172010643: 44 頭 × 46 特徴量 (リーク除外済み)
18:43:30 INFO     [src.ml.features] [SIMULATE] 特徴量生成 race_id=025042082355: 11 頭 × 46 特徴量 (リーク除外済み)
18:43:30 INFO     [src.ml.features] [SIMULATE] 特徴量生成 race_id=025172001645: 13 頭 × 46 特徴量 (リーク除外済み)
18:43:30 INFO     [src.ml.features] [SIMULATE] 特徴量生成 race_id=024072081647: 8 頭 × 46 特徴量 (リーク除外済み)
18:43:30 INFO     [src.ml.features] [SIMULATE] 特徴量生成 race_id=025022072146: 5 頭 × 46 特徴量 (リーク除外済み)
18:43:30 INFO     [src.ml.features] [SIMULATE] 特徴量生成 race_id=025032070250: 22 頭 × 46 特徴量 (リーク除外済み)
18:43:30 INFO     [src.ml.features] [SIMULATE] 特徴量生成 race_id=020102002943: 6 頭 × 46 特徴量 (リーク除外済み)
18:43:30 INFO     [src.ml.features] [SIMULATE] 特徴量生成 race_id=024112001045: 36 頭 × 46 特徴量 (リーク除外済み)
18:43:30 INFO     [src.ml.features] [SIMULATE] 特徴量生成 race_id=024112003143: 14 頭 × 46 特徴量 (リーク除外済み)
18:43:30 INFO     [src.ml.features] [SIMULATE] 特徴量生成 race_id=025002072930: 32 頭 × 46 特徴量 (リーク除外済み)
18:43:30 INFO     [src.ml.features] [SIMULATE] 特徴量生成 race_id=024142001335: 24 頭 × 46 特徴量 (リーク除外済み)
18:43:30 INFO     [src.ml.features] [SIMULATE] 特徴量生成 race_id=023132001245: 12 頭 × 46 特徴量 (リーク除外済み)
18:43:30 INFO     [src.ml.features] [SIMULATE] 特徴量生成 race_id=024122012142: 10 頭 × 46 特徴量 (リーク除外済み)
18:43:30 INFO     [src.ml.features] [SIMULATE] 特徴量生成 race_id=025032091247: 25 頭 × 46 特徴量 (リーク除外済み)
18:43:30 INFO     [src.ml.features] [SIMULATE] 特徴量生成 race_id=025162021536: 10 頭 × 46 特徴量 (リーク除外済み)
18:43:30 INFO     [src.ml.features] [SIMULATE] 特徴量生成 race_id=024162000554: 11 頭 × 46 特徴量 (リーク除外済み)
18:43:30 INFO     [src.ml.features] [SIMULATE] 特徴量生成 race_id=025122001154: 19 頭 × 46 特徴量 (リーク除外済み)
18:43:30 INFO     [src.ml.features] [SIMULATE] 特徴量生成 race_id=023082081744: 8 頭 × 46 特徴量 (リーク除外済み)
18:43:30 INFO     [src.ml.features] [SIMULATE] 特徴量生成 race_id=022002072944: 13 頭 × 46 特徴量 (リーク除外済み)
18:43:30 INFO     [src.ml.features] [SIMULATE] 特徴量生成 race_id=023122020143: 25 頭 × 46 特徴量 (リーク除外済み)
18:43:30 INFO     [src.ml.features] [SIMULATE] 特徴量生成 race_id=025062090544: 12 頭 × 46 特徴量 (リーク除外済み)
18:43:30 INFO     [src.ml.features] [SIMULATE] 特徴量生成 race_id=024122010143: 26 頭 × 46 特徴量 (リーク除外済み)
18:43:30 INFO     [src.ml.features] [SIMULATE] 特徴量生成 race_id=025002090935: 20 頭 × 46 特徴量 (リーク除外済み)
18:43:30 INFO     [src.ml.features] [SIMULATE] 特徴量生成 race_id=025172021636: 35 頭 × 46 特徴量 (リーク除外済み)
18:43:30 INFO     [src.ml.features] [SIMULATE] 特徴量生成 race_id=024172000654: 8 頭 × 46 特徴量 (リーク除外済み)
18:43:30 INFO     [src.ml.features] [SIMULATE] 特徴量生成 race_id=024062071250: 24 頭 × 46 特徴量 (リーク除外済み)
18:43:30 INFO     [src.ml.features] [SIMULATE] 特徴量生成 race_id=025012073130: 34 頭 × 46 特徴量 (リーク除外済み)
18:43:30 INFO     [src.ml.features] [SIMULATE] 特徴量生成 race_id=024022080130: 15 頭 × 46 特徴量 (リーク除外済み)
18:43:30 INFO     [src.ml.features] [SIMULATE] 特徴量生成 race_id=025072070450: 44 頭 × 46 特徴量 (リーク除外済み)
18:43:31 INFO     [src.ml.features] [SIMULATE] 特徴量生成 race_id=024122021136: 11 頭 × 46 特徴量 (リーク除外済み)
18:43:31 INFO     [src.ml.features] [SIMULATE] 特徴量生成 race_id=025132001254: 21 頭 × 46 特徴量 (リーク除外済み)
18:43:31 INFO     [src.ml.features] [SIMULATE] 特徴量生成 race_id=024162001535: 11 頭 × 46 特徴量 (リーク除外済み)
18:43:31 INFO     [src.ml.features] [SIMULATE] 特徴量生成 race_id=023192000854: 12 頭 × 46 特徴量 (リーク除外済み)
18:43:31 INFO     [src.ml.features] [SIMULATE] 特徴量生成 race_id=025132001235: 9 頭 × 46 特徴量 (リーク除外済み)
18:43:31 INFO     [src.ml.features] [SIMULATE] 特徴量生成 race_id=025182011745: 22 頭 × 46 特徴量 (リーク除外済み)
18:43:31 INFO     [src.ml.features] [SIMULATE] 特徴量生成 race_id=025012083055: 9 頭 × 46 特徴量 (リーク除外済み)
18:43:31 INFO     [src.ml.features] [SIMULATE] 特徴量生成 race_id=024112002035: 23 頭 × 46 特徴量 (リーク除外済み)
18:43:31 INFO     [src.ml.features] [SIMULATE] 特徴量生成 race_id=024092082847: 18 頭 × 46 特徴量 (リーク除外済み)
18:43:31 INFO     [src.ml.features] [SIMULATE] 特徴量生成 race_id=025192020843: 25 頭 × 46 特徴量 (リーク除外済み)
18:43:31 INFO     [src.ml.features] [SIMULATE] 特徴量生成 race_id=023032081255: 9 頭 × 46 特徴量 (リーク除外済み)
18:43:31 INFO     [src.ml.features] [SIMULATE] 特徴量生成 race_id=024142001354: 10 頭 × 46 特徴量 (リーク除外済み)
18:43:31 INFO     [src.ml.features] [SIMULATE] 特徴量生成 race_id=025082072746: 9 頭 × 46 特徴量 (リーク除外済み)
18:43:31 INFO     [src.ml.features] [SIMULATE] 特徴量生成 race_id=024122011145: 14 頭 × 46 特徴量 (リーク除外済み)
18:43:31 INFO     [src.ml.features] [SIMULATE] 特徴量生成 race_id=025042092347: 7 頭 × 46 特徴量 (リーク除外済み)
18:43:31 INFO     [src.ml.features] [SIMULATE] 特徴量生成 race_id=024162012543: 12 頭 × 46 特徴量 (リーク除外済み)
18:43:31 INFO     [src.ml.features] [SIMULATE] 特徴量生成 race_id=023162022536: 10 頭 × 46 特徴量 (リーク除外済み)
18:43:31 INFO     [src.ml.features] [SIMULATE] 特徴量生成 race_id=025002072946: 19 頭 × 46 特徴量 (リーク除外済み)
18:43:31 INFO     [src.ml.features] [SIMULATE] 特徴量生成 race_id=024092071850: 9 頭 × 46 特徴量 (リーク除外済み)
18:43:31 INFO     [src.ml.features] [SIMULATE] 特徴量生成 race_id=024182021736: 21 頭 × 46 特徴量 (リーク除外済み)
18:43:31 INFO     [src.ml.features] [SIMULATE] 特徴量生成 race_id=025022072148: 23 頭 × 46 特徴量 (リーク除外済み)
18:43:31 INFO     [src.ml.features] [SIMULATE] 特徴量生成 race_id=024082080730: 20 頭 × 46 特徴量 (リーク除外済み)
18:43:31 INFO     [src.ml.features] [SIMULATE] 特徴量生成 race_id=025052092447: 26 頭 × 46 特徴量 (リーク除外済み)
18:43:31 INFO     [src.ml.features] [SIMULATE] 特徴量生成 race_id=024052072448: 12 頭 × 46 特徴量 (リーク除外済み)
18:43:31 INFO     [src.ml.features] [SIMULATE] 特徴量生成 race_id=020072072350: 10 頭 × 46 特徴量 (リーク除外済み)
18:43:31 INFO     [src.ml.features] [SIMULATE] 特徴量生成 race_id=023162001554: 9 頭 × 46 特徴量 (リーク除外済み)
18:43:31 INFO     [src.ml.features] [SIMULATE] 特徴量生成 race_id=024012081055: 9 頭 × 46 特徴量 (リーク除外済み)
18:43:31 INFO     [src.ml.features] [SIMULATE] 特徴量生成 race_id=025012083155: 10 頭 × 46 特徴量 (リーク除外済み)
18:43:31 INFO     [src.ml.features] [SIMULATE] 特徴量生成 race_id=024152001454: 9 頭 × 46 特徴量 (リーク除外済み)
18:43:31 INFO     [src.ml.features] [SIMULATE] 特徴量生成 race_id=025142001335: 28 頭 × 46 特徴量 (リーク除外済み)
18:43:31 INFO     [src.ml.features] [SIMULATE] 特徴量生成 race_id=024132011245: 14 頭 × 46 特徴量 (リーク除外済み)
18:43:31 INFO     [src.ml.features] [SIMULATE] 特徴量生成 race_id=024172012643: 18 頭 × 46 特徴量 (リーク除外済み)
18:43:31 INFO     [src.ml.features] [SIMULATE] 特徴量生成 race_id=025142022342: 13 頭 × 46 特徴量 (リーク除外済み)
18:43:31 INFO     [src.ml.features] [SIMULATE] 特徴量生成 race_id=025072091644: 14 頭 × 46 特徴量 (リーク除外済み)
18:43:31 INFO     [src.ml.features] [SIMULATE] 特徴量生成 race_id=025192011845: 25 頭 × 46 特徴量 (リーク除外済み)
18:43:31 INFO     [src.ml.features] [SIMULATE] 特徴量生成 race_id=025012071050: 21 頭 × 46 特徴量 (リーク除外済み)
18:43:31 INFO     [src.ml.features] [SIMULATE] 特徴量生成 race_id=024102001954: 18 頭 × 46 特徴量 (リーク除外済み)
18:43:31 INFO     [src.ml.features] [SIMULATE] 特徴量生成 race_id=025162002554: 31 頭 × 46 特徴量 (リーク除外済み)
18:43:31 INFO     [src.ml.features] [SIMULATE] 特徴量生成 race_id=025152022442: 22 頭 × 46 特徴量 (リーク除外済み)
18:43:31 INFO     [src.ml.features] [SIMULATE] 特徴量生成 race_id=024192021836: 12 頭 × 46 特徴量 (リーク除外済み)
18:43:31 INFO     [src.ml.features] [SIMULATE] 特徴量生成 race_id=025142022336: 12 頭 × 46 特徴量 (リーク除外済み)
18:43:31 INFO     [src.ml.features] [SIMULATE] 特徴量生成 race_id=025052090455: 22 頭 × 46 特徴量 (リーク除外済み)
18:43:31 INFO     [src.ml.features] [SIMULATE] 特徴量生成 race_id=025112021043: 24 頭 × 46 特徴量 (リーク除外済み)
18:43:31 INFO     [src.ml.features] [SIMULATE] 特徴量生成 race_id=023182001735: 8 頭 × 46 特徴量 (リーク除外済み)
18:43:31 INFO     [src.ml.features] [SIMULATE] 特徴量生成 race_id=023192010845: 22 頭 × 46 特徴量 (リーク除外済み)
18:43:31 INFO     [src.ml.features] [SIMULATE] 特徴量生成 race_id=025062092547: 33 頭 × 46 特徴量 (リーク除外済み)
18:43:31 INFO     [src.ml.features] [SIMULATE] 特徴量生成 race_id=024182012743: 12 頭 × 46 特徴量 (リーク除外済み)
18:43:31 INFO     [src.ml.features] [SIMULATE] 特徴量生成 race_id=025082091744: 15 頭 × 46 特徴量 (リーク除外済み)
18:43:31 INFO     [src.ml.features] [SIMULATE] 特徴量生成 race_id=025092091744: 15 頭 × 46 特徴量 (リーク除外済み)
18:43:31 INFO     [src.ml.features] [SIMULATE] 特徴量生成 race_id=025102011945: 49 頭 × 46 特徴量 (リーク除外済み)
18:43:31 INFO     [src.ml.features] [SIMULATE] 特徴量生成 race_id=023192021843: 7 頭 × 46 特徴量 (リーク除外済み)
18:43:31 INFO     [src.ml.features] [SIMULATE] 特徴量生成 race_id=024022071950: 12 頭 × 46 特徴量 (リーク除外済み)
18:43:31 INFO     [src.ml.features] [SIMULATE] 特徴量生成 race_id=022132002254: 12 頭 × 46 特徴量 (リーク除外済み)
18:43:31 INFO     [src.ml.features] [SIMULATE] 特徴量生成 race_id=024142011345: 14 頭 × 46 特徴量 (リーク除外済み)
18:43:31 INFO     [src.ml.features] [SIMULATE] 特徴量生成 race_id=025042072348: 36 頭 × 46 特徴量 (リーク除外済み)
18:43:31 INFO     [src.ml.features] [SIMULATE] 特徴量生成 race_id=023022081030: 8 頭 × 46 特徴量 (リーク除外済み)
18:43:31 INFO     [src.ml.features] [SIMULATE] 特徴量生成 race_id=021012081030: 11 頭 × 46 特徴量 (リーク除外済み)
18:43:31 INFO     [src.ml.features] [SIMULATE] 特徴量生成 race_id=023132002254: 10 頭 × 46 特徴量 (リーク除外済み)
18:43:31 INFO     [src.ml.features] [SIMULATE] 特徴量生成 race_id=024112002054: 12 頭 × 46 特徴量 (リーク除外済み)
18:43:31 INFO     [src.ml.features] [SIMULATE] 特徴量生成 race_id=023142023036: 12 頭 × 46 特徴量 (リーク除外済み)
18:43:31 INFO     [src.ml.features] [SIMULATE] 特徴量生成 race_id=025102001935: 33 頭 × 46 特徴量 (リーク除外済み)
18:43:31 INFO     [src.ml.features] [SIMULATE] 特徴量生成 race_id=022112022043: 5 頭 × 46 特徴量 (リーク除外済み)
18:43:31 INFO     [src.ml.features] [SIMULATE] 特徴量生成 race_id=025052072448: 12 頭 × 46 特徴量 (リーク除外済み)
18:43:31 INFO     [src.ml.features] [SIMULATE] 特徴量生成 race_id=025172002654: 11 頭 × 46 特徴量 (リーク除外済み)
18:43:31 INFO     [src.ml.features] [SIMULATE] 特徴量生成 race_id=024042081330: 9 頭 × 46 特徴量 (リーク除外済み)
18:43:31 INFO     [src.ml.features] [SIMULATE] 特徴量生成 race_id=025072092647: 10 頭 × 46 特徴量 (リーク除外済み)
18:43:31 INFO     [src.ml.features] [SIMULATE] 特徴量生成 race_id=024192012843: 14 頭 × 46 特徴量 (リーク除外済み)
18:43:31 INFO     [src.ml.features] [SIMULATE] 特徴量生成 race_id=025162022542: 12 頭 × 46 特徴量 (リーク除外済み)
18:43:31 INFO     [src.ml.features] [SIMULATE] 特徴量生成 race_id=024132022236: 11 頭 × 46 特徴量 (リーク除外済み)
18:43:31 INFO     [src.ml.features] [SIMULATE] 特徴量生成 race_id=025032081230: 30 頭 × 46 特徴量 (リーク除外済み)
18:43:31 INFO     [src.ml.features] [SIMULATE] 特徴量生成 race_id=021122011145: 13 頭 × 46 特徴量 (リーク除外済み)
18:43:31 INFO     [src.ml.features] [SIMULATE] 特徴量生成 race_id=021162012542: 11 頭 × 46 特徴量 (リーク除外済み)
18:43:31 INFO     [src.ml.features] [SIMULATE] 特徴量生成 race_id=023102010945: 14 頭 × 46 特徴量 (リーク除外済み)
18:43:31 INFO     [src.ml.features] [SIMULATE] 特徴量生成 race_id=025112012045: 13 頭 × 46 特徴量 (リーク除外済み)
18:43:31 INFO     [src.ml.features] [SIMULATE] 特徴量生成 race_id=025092091844: 25 頭 × 46 特徴量 (リーク除外済み)
18:43:31 INFO     [src.ml.features] [SIMULATE] 特徴量生成 race_id=023082090744: 10 頭 × 46 特徴量 (リーク除外済み)
18:43:31 INFO     [src.ml.features] [SIMULATE] 特徴量生成 race_id=023102021943: 10 頭 × 46 特徴量 (リーク除外済み)
18:43:31 INFO     [src.ml.features] [SIMULATE] 特徴量生成 race_id=025072071650: 19 頭 × 46 特徴量 (リーク除外済み)
18:43:31 INFO     [src.ml.features] [SIMULATE] 特徴量生成 race_id=025122021143: 28 頭 × 46 特徴量 (リーク除外済み)
18:43:31 INFO     [src.ml.features] [SIMULATE] 特徴量生成 race_id=025122010154: 12 頭 × 46 特徴量 (リーク除外済み)
18:43:31 INFO     [src.ml.features] [SIMULATE] 特徴量生成 race_id=025042081330: 17 頭 × 46 特徴量 (リーク除外済み)
18:43:31 INFO     [src.ml.features] [SIMULATE] 特徴量生成 race_id=023012072050: 9 頭 × 46 特徴量 (リーク除外済み)
18:43:31 INFO     [src.ml.features] [SIMULATE] 特徴量生成 race_id=024032091247: 28 頭 × 46 特徴量 (リーク除外済み)
18:43:31 INFO     [src.ml.features] [SIMULATE] 特徴量生成 race_id=025062072548: 11 頭 × 46 特徴量 (リーク除外済み)
18:43:31 INFO     [src.ml.features] [SIMULATE] 特徴量生成 race_id=025082090755: 21 頭 × 46 特徴量 (リーク除外済み)
18:43:31 INFO     [src.ml.features] [SIMULATE] 特徴量生成 race_id=025112002035: 21 頭 × 46 特徴量 (リーク除外済み)
18:43:31 INFO     [src.ml.features] [SIMULATE] 特徴量生成 race_id=024102012943: 20 頭 × 46 特徴量 (リーク除外済み)
18:43:32 INFO     [src.ml.features] [SIMULATE] 特徴量生成 race_id=024062072550: 10 頭 × 46 特徴量 (リーク除外済み)
18:43:32 INFO     [src.ml.features] [SIMULATE] 特徴量生成 race_id=025082071750: 22 頭 × 46 特徴量 (リーク除外済み)
18:43:32 INFO     [src.ml.features] [SIMULATE] 特徴量生成 race_id=023112011045: 12 頭 × 46 特徴量 (リーク除外済み)
18:43:32 INFO     [src.ml.features] [SIMULATE] 特徴量生成 race_id=025132021243: 14 頭 × 46 特徴量 (リーク除外済み)
18:43:32 INFO     [src.ml.features] [SIMULATE] 特徴量生成 race_id=024162011545: 12 頭 × 46 特徴量 (リーク除外済み)
18:43:32 INFO     [src.ml.features] [SIMULATE] 特徴量生成 race_id=023112022043: 10 頭 × 46 特徴量 (リーク除外済み)
18:43:32 INFO     [src.ml.features] [SIMULATE] 特徴量生成 race_id=024052081430: 19 頭 × 46 特徴量 (リーク除外済み)
18:43:32 INFO     [src.ml.features] [SIMULATE] 特徴量生成 race_id=024062081530: 11 頭 × 46 特徴量 (リーク除外済み)
18:43:32 INFO     [src.ml.features] [SIMULATE] 特徴量生成 race_id=025112023136: 12 頭 × 46 特徴量 (リーク除外済み)
18:43:32 INFO     [src.ml.features] [SIMULATE] 特徴量生成 race_id=024042091344: 21 頭 × 46 特徴量 (リーク除外済み)
18:43:32 INFO     [src.ml.features] [SIMULATE] 特徴量生成 race_id=025132010254: 12 頭 × 46 特徴量 (リーク除外済み)
18:43:32 INFO     [src.ml.features] [SIMULATE] 特徴量生成 race_id=023102002954: 22 頭 × 46 特徴量 (リーク除外済み)
18:43:32 INFO     [src.ml.features] [SIMULATE] 特徴量生成 race_id=025052081430: 15 頭 × 46 特徴量 (リーク除外済み)
18:43:32 INFO     [src.ml.features] [SIMULATE] 特徴量生成 race_id=025122002135: 35 頭 × 46 特徴量 (リーク除外済み)
18:43:32 INFO     [src.ml.features] [SIMULATE] 特徴量生成 race_id=025092071850: 9 頭 × 46 特徴量 (リーク除外済み)
18:43:32 INFO     [src.ml.features] [SIMULATE] 特徴量生成 race_id=022002081944: 12 頭 × 46 特徴量 (リーク除外済み)
18:43:32 INFO     [src.ml.features] [SIMULATE] 特徴量生成 race_id=024142010254: 10 頭 × 46 特徴量 (リーク除外済み)
18:43:32 INFO     [src.ml.features] [SIMULATE] 特徴量生成 race_id=025042072350: 45 頭 × 46 特徴量 (リーク除外済み)
18:43:32 INFO     [src.ml.features] [SIMULATE] 特徴量生成 race_id=026072010642: 11 頭 × 46 特徴量 (リーク除外済み)
18:43:32 INFO     [src.ml.features] [SIMULATE] 特徴量生成 race_id=022032080248: 10 頭 × 46 特徴量 (リーク除外済み)
18:43:32 INFO     [src.ml.features] [SIMULATE] 特徴量生成 race_id=025092081848: 12 頭 × 46 特徴量 (リーク除外済み)
18:43:32 INFO     [src.ml.features] [SIMULATE] 特徴量生成 race_id=024152010335: 26 頭 × 46 特徴量 (リーク除外済み)
18:43:32 INFO     [src.ml.features] [SIMULATE] 特徴量生成 race_id=024172021643: 9 頭 × 46 特徴量 (リーク除外済み)
18:43:32 INFO     [src.ml.features] [SIMULATE] 特徴量生成 race_id=025182000747: 9 頭 × 46 特徴量 (リーク除外済み)
18:43:32 INFO     [src.ml.features] [SIMULATE] 特徴量生成 race_id=025162021545: 12 頭 × 46 特徴量 (リーク除外済み)
18:43:32 INFO     [src.ml.features] [SIMULATE] 特徴量生成 race_id=025102010854: 9 頭 × 46 特徴量 (リーク除外済み)
18:43:32 INFO     [src.ml.features] [SIMULATE] 特徴量生成 race_id=024012073150: 6 頭 × 46 特徴量 (リーク除外済み)
18:43:32 INFO     [src.ml.features] [SIMULATE] 特徴量生成 race_id=024102020945: 24 頭 × 46 特徴量 (リーク除外済み)
18:43:32 INFO     [src.ml.features] [SIMULATE] 特徴量生成 race_id=025002081930: 12 頭 × 46 特徴量 (リーク除外済み)
18:43:32 INFO     [src.ml.features] [SIMULATE] 特徴量生成 race_id=024072080648: 11 頭 × 46 特徴量 (リーク除外済み)
18:43:32 INFO     [src.ml.features] [SIMULATE] 特徴量生成 race_id=025162002635: 12 頭 × 46 特徴量 (リーク除外済み)
18:43:32 INFO     [src.ml.features] [SIMULATE] 特徴量生成 race_id=024042092347: 10 頭 × 46 特徴量 (リーク除外済み)
18:43:32 INFO     [src.ml.features] [SIMULATE] 特徴量生成 race_id=016052091944: 14 頭 × 46 特徴量 (リーク除外済み)
18:43:32 INFO     [src.ml.features] [SIMULATE] 特徴量生成 race_id=025182002735: 9 頭 × 46 特徴量 (リーク除外済み)
18:43:32 INFO     [src.ml.features] [SIMULATE] 特徴量生成 race_id=025192000847: 36 頭 × 46 特徴量 (リーク除外済み)
18:43:32 INFO     [src.ml.features] [SIMULATE] 特徴量生成 race_id=024062082555: 8 頭 × 46 特徴量 (リーク除外済み)
18:43:32 INFO     [src.ml.features] [SIMULATE] 特徴量生成 race_id=024152010354: 11 頭 × 46 特徴量 (リーク除外済み)
18:43:32 INFO     [src.ml.features] [SIMULATE] 特徴量生成 race_id=024142010354: 8 頭 × 46 特徴量 (リーク除外済み)
18:43:32 INFO     [src.ml.features] [SIMULATE] 特徴量生成 race_id=025102010954: 10 頭 × 46 特徴量 (リーク除外済み)
18:43:32 INFO     [src.ml.features] [SIMULATE] 特徴量生成 race_id=026012012043: 28 頭 × 46 特徴量 (リーク除外済み)
18:43:32 INFO     [src.ml.features] [SIMULATE] 特徴量生成 race_id=024182021743: 10 頭 × 46 特徴量 (リーク除外済み)
18:43:32 INFO     [src.ml.features] [SIMULATE] 特徴量生成 race_id=025052072450: 12 頭 × 46 特徴量 (リーク除外済み)
18:43:32 INFO     [src.ml.features] [SIMULATE] 特徴量生成 race_id=025052091455: 20 頭 × 46 特徴量 (リーク除外済み)
18:43:32 INFO     [src.ml.features] [SIMULATE] 特徴量生成 race_id=025002081948: 24 頭 × 46 特徴量 (リーク除外済み)
18:43:32 INFO     [src.ml.features] [SIMULATE] 特徴量生成 race_id=025092010842: 12 頭 × 46 特徴量 (リーク除外済み)
18:43:32 INFO     [src.ml.features] [SIMULATE] 特徴量生成 race_id=026082010742: 12 頭 × 46 特徴量 (リーク除外済み)
18:43:32 INFO     [src.ml.features] [SIMULATE] 特徴量生成 race_id=024022082130: 10 頭 × 46 特徴量 (リーク除外済み)
18:43:32 INFO     [src.ml.features] [SIMULATE] 特徴量生成 race_id=025012082030: 24 頭 × 46 特徴量 (リーク除外済み)
18:43:32 INFO     [src.ml.features] [SIMULATE] 特徴量生成 race_id=023132022242: 11 頭 × 46 特徴量 (リーク除外済み)
18:43:32 INFO     [src.ml.features] [SIMULATE] 特徴量生成 race_id=024102010954: 16 頭 × 46 特徴量 (リーク除外済み)
18:43:32 INFO     [src.ml.features] [SIMULATE] 特徴量生成 race_id=024072092647: 21 頭 × 46 特徴量 (リーク除外済み)
18:43:32 INFO     [src.ml.features] [SIMULATE] 特徴量生成 race_id=022132011254: 9 頭 × 46 特徴量 (リーク除外済み)
18:43:32 INFO     [src.ml.features] [SIMULATE] 特徴量生成 race_id=024082011743: 12 頭 × 46 特徴量 (リーク除外済み)
18:43:32 INFO     [src.ml.features] [SIMULATE] 特徴量生成 race_id=025102000947: 25 頭 × 46 特徴量 (リーク除外済み)
18:43:32 INFO     [src.ml.features] [SIMULATE] 特徴量生成 race_id=025062091555: 22 頭 × 46 特徴量 (リーク除外済み)
18:43:32 INFO     [src.ml.features] [SIMULATE] 特徴量生成 race_id=025182021745: 21 頭 × 46 特徴量 (リーク除外済み)
18:43:32 INFO     [src.ml.features] [SIMULATE] 特徴量生成 race_id=024032082230: 22 頭 × 46 特徴量 (リーク除外済み)
18:43:32 INFO     [src.ml.features] [SIMULATE] 特徴量生成 race_id=026092010842: 12 頭 × 46 特徴量 (リーク除外済み)
18:43:32 INFO     [src.ml.features] [SIMULATE] 特徴量生成 race_id=024052080250: 10 頭 × 46 特徴量 (リーク除外済み)
18:43:32 INFO     [src.ml.features] [SIMULATE] 特徴量生成 race_id=025192002835: 12 頭 × 46 特徴量 (リーク除外済み)
18:43:32 INFO     [src.ml.features] [SIMULATE] 特徴量生成 race_id=021162021545: 13 頭 × 46 特徴量 (リーク除外済み)
18:43:32 INFO     [src.ml.features] [SIMULATE] 特徴量生成 race_id=024192021843: 12 頭 × 46 特徴量 (リーク除外済み)
18:43:32 INFO     [src.ml.features] [SIMULATE] 特徴量生成 race_id=023142021345: 14 頭 × 46 特徴量 (リーク除外済み)
18:43:32 INFO     [src.ml.features] [SIMULATE] 特徴量生成 race_id=025012082048: 12 頭 × 46 特徴量 (リーク除外済み)
18:43:32 INFO     [src.ml.features] [SIMULATE] 特徴量生成 race_id=025182000744: 12 頭 × 46 特徴量 (リーク除外済み)
18:43:32 INFO     [src.ml.features] [SIMULATE] 特徴量生成 race_id=024102000144: 7 頭 × 46 特徴量 (リーク除外済み)
18:43:32 INFO     [src.ml.features] [SIMULATE] 特徴量生成 race_id=025112000744: 12 頭 × 46 特徴量 (リーク除外済み)
18:43:32 INFO     [src.ml.features] [SIMULATE] 特徴量生成 race_id=026022012143: 13 頭 × 46 特徴量 (リーク除外済み)
18:43:32 INFO     [src.ml.features] [SIMULATE] 特徴量生成 race_id=024172010635: 22 頭 × 46 特徴量 (リーク除外済み)
18:43:32 INFO     [src.ml.features] [SIMULATE] 特徴量生成 race_id=025022082148: 21 頭 × 46 特徴量 (リーク除外済み)
18:43:32 INFO     [src.ml.features] [SIMULATE] 特徴量生成 race_id=024112023136: 23 頭 × 46 特徴量 (リーク除外済み)
18:43:32 INFO     [src.ml.features] [SIMULATE] 特徴量生成 race_id=024132021245: 10 頭 × 46 特徴量 (リーク除外済み)
18:43:32 INFO     [src.ml.features] [SIMULATE] 特徴量生成 race_id=023022092144: 17 頭 × 46 特徴量 (リーク除外済み)
18:43:32 INFO     [src.ml.features] [SIMULATE] 特徴量生成 race_id=025192021845: 24 頭 × 46 特徴量 (リーク除外済み)
18:43:32 INFO     [src.ml.features] [SIMULATE] 特徴量生成 race_id=024102021943: 43 頭 × 46 特徴量 (リーク除外済み)
18:43:33 INFO     [src.ml.features] [SIMULATE] 特徴量生成 race_id=024082082730: 11 頭 × 46 特徴量 (リーク除外済み)
18:43:33 INFO     [src.ml.features] [SIMULATE] 特徴量生成 race_id=025012092055: 12 頭 × 46 特徴量 (リーク除外済み)
18:43:33 INFO     [src.ml.features] [SIMULATE] 特徴量生成 race_id=024112011035: 10 頭 × 46 特徴量 (リーク除外済み)
18:43:33 INFO     [src.ml.features] [SIMULATE] 特徴量生成 race_id=026032012243: 13 頭 × 46 特徴量 (リーク除外済み)
18:43:33 INFO     [src.ml.features] [SIMULATE] 特徴量生成 race_id=025112001047: 10 頭 × 46 特徴量 (リーク除外済み)
18:43:33 INFO     [src.ml.features] [SIMULATE] 特徴量生成 race_id=021052082430: 9 頭 × 46 特徴量 (リーク除外済み)
18:43:33 INFO     [src.ml.features] [SIMULATE] 特徴量生成 race_id=025192000844: 26 頭 × 46 特徴量 (リーク除外済み)
18:43:33 INFO     [src.ml.features] [SIMULATE] 特徴量生成 race_id=024012083155: 7 頭 × 46 特徴量 (リーク除外済み)
18:43:33 INFO     [src.ml.features] [SIMULATE] 特徴量生成 race_id=025072082630: 35 頭 × 46 特徴量 (リーク除外済み)
18:43:33 INFO     [src.ml.features] [SIMULATE] 特徴量生成 race_id=025172011654: 17 頭 × 46 特徴量 (リーク除外済み)
18:43:33 INFO     [src.ml.features] [SIMULATE] 特徴量生成 race_id=024002082730: 12 頭 × 46 特徴量 (リーク除外済み)
18:43:33 INFO     [src.ml.features] [SIMULATE] 特徴量生成 race_id=024082092747: 9 頭 × 46 特徴量 (リーク除外済み)
18:43:33 INFO     [src.ml.features] [SIMULATE] 特徴量生成 race_id=024092011843: 13 頭 × 46 特徴量 (リーク除外済み)
18:43:33 INFO     [src.ml.features] [SIMULATE] 特徴量生成 race_id=026002010942: 12 頭 × 46 特徴量 (リーク除外済み)
18:43:33 INFO     [src.ml.features] [SIMULATE] 特徴量生成 race_id=024172011654: 12 頭 × 46 特徴量 (リーク除外済み)
18:43:33 INFO     [src.ml.features] [SIMULATE] 特徴量生成 race_id=025032082248: 23 頭 × 46 特徴量 (リーク除外済み)
18:43:33 INFO     [src.ml.features] [SIMULATE] 特徴量生成 race_id=025022092155: 12 頭 × 46 特徴量 (リーク除外済み)
18:43:33 INFO     [src.ml.features] [SIMULATE] 特徴量生成 race_id=025082082730: 30 頭 × 46 特徴量 (リーク除外済み)
18:43:33 INFO     [src.ml.features] [SIMULATE] 特徴量生成 race_id=025012073150: 27 頭 × 46 特徴量 (リーク除外済み)
18:43:33 INFO     [src.ml.features] [SIMULATE] 特徴量生成 race_id=023032092244: 22 頭 × 46 特徴量 (リーク除外済み)
18:43:33 INFO     [src.ml.features] [SIMULATE] 特徴量生成 race_id=025132010235: 42 頭 × 46 特徴量 (リーク除外済み)
18:43:33 INFO     [src.ml.features] [SIMULATE] 特徴量生成 race_id=025102000944: 16 頭 × 46 特徴量 (リーク除外済み)
18:43:33 INFO     [src.ml.features] [SIMULATE] 特徴量生成 race_id=022022090944: 6 頭 × 46 特徴量 (リーク除外済み)
18:43:33 INFO     [src.ml.features] [SIMULATE] 特徴量生成 race_id=024002011943: 14 頭 × 46 特徴量 (リーク除外済み)
18:43:33 INFO     [src.ml.features] [SIMULATE] 特徴量生成 race_id=024182011754: 21 頭 × 46 特徴量 (リーク除外済み)
18:43:33 INFO     [src.ml.features] [SIMULATE] 特徴量生成 race_id=024002082930: 21 頭 × 46 特徴量 (リーク除外済み)
18:43:33 INFO     [src.ml.features] [SIMULATE] 特徴量生成 race_id=023102011954: 10 頭 × 46 特徴量 (リーク除外済み)
18:43:33 INFO     [src.ml.features] [SIMULATE] 特徴量生成 race_id=025092082830: 42 頭 × 46 特徴量 (リーク除外済み)
18:43:33 INFO     [src.ml.features] [SIMULATE] 特徴量生成 race_id=024152000444: 10 頭 × 46 特徴量 (リーク除外済み)
18:43:33 INFO     [src.ml.features] [SIMULATE] 特徴量生成 race_id=025152012454: 9 頭 × 46 特徴量 (リーク除外済み)
18:43:33 INFO     [src.ml.features] [SIMULATE] 特徴量生成 race_id=024032080950: 10 頭 × 46 特徴量 (リーク除外済み)
18:43:33 INFO     [src.ml.features] [SIMULATE] 特徴量生成 race_id=025152010435: 21 頭 × 46 特徴量 (リーク除外済み)
18:43:33 INFO     [src.ml.features] [SIMULATE] 特徴量生成 race_id=025112001044: 23 頭 × 46 特徴量 (リーク除外済み)
18:43:33 INFO     [src.ml.features] [SIMULATE] 特徴量生成 race_id=023182010735: 11 頭 × 46 特徴量 (リーク除外済み)
18:43:33 INFO     [src.ml.features] [SIMULATE] 特徴量生成 race_id=025012082830: 9 頭 × 46 特徴量 (リーク除外済み)
18:43:33 INFO     [src.ml.features] [SIMULATE] 特徴量生成 race_id=024142012354: 19 頭 × 46 特徴量 (リーク除外済み)
18:43:33 INFO     [src.ml.features] [SIMULATE] 特徴量生成 race_id=024152001444: 12 頭 × 46 特徴量 (リーク除外済み)
18:43:33 INFO     [src.ml.features] [SIMULATE] 特徴量生成 race_id=025012012043: 26 頭 × 46 特徴量 (リーク除外済み)
18:43:33 INFO     [src.ml.features] [SIMULATE] 特徴量生成 race_id=023162012554: 10 頭 × 46 特徴量 (リーク除外済み)
18:43:33 INFO     [src.ml.features] [SIMULATE] 特徴量生成 race_id=024012021043: 9 頭 × 46 特徴量 (リーク除外済み)
18:43:33 INFO     [src.ml.features] [SIMULATE] 特徴量生成 race_id=024052081450: 10 頭 × 46 特徴量 (リーク除外済み)
18:43:33 INFO     [src.ml.features] [SIMULATE] 特徴量生成 race_id=024192000847: 25 頭 × 46 特徴量 (リーク除外済み)
18:43:33 INFO     [src.ml.features] [SIMULATE] 特徴量生成 race_id=023002080950: 10 頭 × 46 特徴量 (リーク除外済み)
18:43:33 INFO     [src.ml.features] [SIMULATE] 特徴量生成 race_id=024082090755: 8 頭 × 46 特徴量 (リーク除外済み)
18:43:33 INFO     [src.ml.features] [SIMULATE] 特徴量生成 race_id=025032090248: 12 頭 × 46 特徴量 (リーク除外済み)
18:43:33 INFO     [src.ml.features] [SIMULATE] 特徴量生成 race_id=023072091655: 12 頭 × 46 特徴量 (リーク除外済み)
18:43:33 INFO     [src.ml.features] [SIMULATE] 特徴量生成 race_id=026002020943: 14 頭 × 46 特徴量 (リーク除外済み)
18:43:33 INFO     [src.ml.features] [SIMULATE] 特徴量生成 race_id=024012082048: 23 頭 × 46 特徴量 (リーク除外済み)
18:43:33 INFO     [src.ml.features] [SIMULATE] 特徴量生成 race_id=025002030936: 9 頭 × 46 特徴量 (リーク除外済み)
18:43:33 INFO     [src.ml.features] [SIMULATE] 特徴量生成 race_id=025122002147: 29 頭 × 46 特徴量 (リーク除外済み)
18:43:33 INFO     [src.ml.features] [SIMULATE] 特徴量生成 race_id=023032082248: 7 頭 × 46 特徴量 (リーク除外済み)
18:43:33 INFO     [src.ml.features] [SIMULATE] 特徴量生成 race_id=025022010145: 13 頭 × 46 特徴量 (リーク除外済み)
18:43:33 INFO     [src.ml.features] [SIMULATE] 特徴量生成 race_id=025072080650: 12 頭 × 46 特徴量 (リーク除外済み)
18:43:33 INFO     [src.ml.features] [SIMULATE] 特徴量生成 race_id=026022010145: 12 頭 × 46 特徴量 (リーク除外済み)
18:43:33 INFO     [src.ml.features] [SIMULATE] 特徴量生成 race_id=025132002247: 46 頭 × 46 特徴量 (リーク除外済み)
18:43:33 INFO     [src.ml.features] [SIMULATE] 特徴量生成 race_id=026032010245: 12 頭 × 46 特徴量 (リーク除外済み)
18:43:33 INFO     [src.ml.features] [SIMULATE] 特徴量生成 race_id=023032010245: 11 頭 × 46 特徴量 (リーク除外済み)
18:43:33 INFO     [src.ml.features] [SIMULATE] 特徴量生成 race_id=025122011135: 21 頭 × 46 特徴量 (リーク除外済み)
18:43:33 INFO     [src.ml.features] [SIMULATE] 特徴量生成 race_id=025092092855: 19 頭 × 46 特徴量 (リーク除外済み)
18:43:33 INFO     [src.ml.features] [SIMULATE] 特徴量生成 race_id=025032010245: 12 頭 × 46 特徴量 (リーク除外済み)
18:43:33 INFO     [src.ml.features] [SIMULATE] 特徴量生成 race_id=023172012654: 10 頭 × 46 特徴量 (リーク除外済み)
18:43:33 INFO     [src.ml.features] [SIMULATE] 特徴量生成 race_id=025022012143: 33 頭 × 46 特徴量 (リーク除外済み)
18:43:33 INFO     [src.ml.features] [SIMULATE] 特徴量生成 race_id=025042090330: 8 頭 × 46 特徴量 (リーク除外済み)
18:43:33 INFO     [src.ml.features] [SIMULATE] 特徴量生成 race_id=024072020643: 7 頭 × 46 特徴量 (リーク除外済み)
18:43:33 INFO     [src.ml.features] [SIMULATE] 特徴量生成 race_id=025062022542: 33 頭 × 46 特徴量 (リーク除外済み)
18:43:33 INFO     [src.ml.features] [SIMULATE] 特徴量生成 race_id=025122002144: 12 頭 × 46 特徴量 (リーク除外済み)
18:43:33 INFO     [src.ml.features] [SIMULATE] 特徴量生成 race_id=024012011042: 12 頭 × 46 特徴量 (リーク除外済み)
18:43:33 INFO     [src.ml.features] [SIMULATE] 特徴量生成 race_id=024152012454: 12 頭 × 46 特徴量 (リーク除外済み)
18:43:33 INFO     [src.ml.features] [SIMULATE] 特徴量生成 race_id=025112013054: 20 頭 × 46 特徴量 (リーク除外済み)
18:43:33 INFO     [src.ml.features] [SIMULATE] 特徴量生成 race_id=024062081550: 9 頭 × 46 特徴量 (リーク除外済み)
18:43:33 INFO     [src.ml.features] [SIMULATE] 特徴量生成 race_id=025082080750: 16 頭 × 46 特徴量 (リーク除外済み)
18:43:33 INFO     [src.ml.features] [SIMULATE] 特徴量生成 race_id=025012031036: 11 頭 × 46 特徴量 (リーク除外済み)
18:43:33 INFO     [src.ml.features] [SIMULATE] 特徴量生成 race_id=025042090348: 36 頭 × 46 特徴量 (リーク除外済み)
18:43:33 INFO     [src.ml.features] [SIMULATE] 特徴量生成 race_id=022142020354: 8 頭 × 46 特徴量 (リーク除外済み)
18:43:33 INFO     [src.ml.features] [SIMULATE] 特徴量生成 race_id=025012093055: 11 頭 × 46 特徴量 (リーク除外済み)
18:43:33 INFO     [src.ml.features] [SIMULATE] 特徴量生成 race_id=025142002347: 9 頭 × 46 特徴量 (リーク除外済み)
18:43:34 INFO     [src.ml.features] [SIMULATE] 特徴量生成 race_id=025032012243: 30 頭 × 46 特徴量 (リーク除外済み)
18:43:34 INFO     [src.ml.features] [SIMULATE] 特徴量生成 race_id=025022031136: 21 頭 × 46 特徴量 (リーク除外済み)
18:43:34 INFO     [src.ml.features] [SIMULATE] 特徴量生成 race_id=024082020743: 12 頭 × 46 特徴量 (リーク除外済み)
18:43:34 INFO     [src.ml.features] [SIMULATE] 特徴量生成 race_id=025132011235: 22 頭 × 46 特徴量 (リーク除外済み)
18:43:34 INFO     [src.ml.features] [SIMULATE] 特徴量生成 race_id=023022081150: 8 頭 × 46 特徴量 (リーク除外済み)
18:43:34 INFO     [src.ml.features] [SIMULATE] 特徴量生成 race_id=024052091455: 11 頭 × 46 特徴量 (リーク除外済み)
18:43:34 INFO     [src.ml.features] [SIMULATE] 特徴量生成 race_id=025132002244: 11 頭 × 46 特徴量 (リーク除外済み)
18:43:34 INFO     [src.ml.features] [SIMULATE] 特徴量生成 race_id=025042010345: 14 頭 × 46 特徴量 (リーク除外済み)
18:43:34 INFO     [src.ml.features] [SIMULATE] 特徴量生成 race_id=026072022642: 26 頭 × 46 特徴量 (リーク除外済み)
18:43:34 INFO     [src.ml.features] [SIMULATE] 特徴量生成 race_id=025052090430: 20 頭 × 46 特徴量 (リーク除外済み)
18:43:34 INFO     [src.ml.features] [SIMULATE] 特徴量生成 race_id=024062090530: 15 頭 × 46 特徴量 (リーク除外済み)
18:43:34 INFO     [src.ml.features] [SIMULATE] 特徴量生成 race_id=024042010345: 10 頭 × 46 特徴量 (リーク除外済み)
18:43:34 INFO     [src.ml.features] [SIMULATE] 特徴量生成 race_id=000102021345: 13 頭 × 46 特徴量 (リーク除外済み)
18:43:34 INFO     [src.ml.features] [SIMULATE] 特徴量生成 race_id=025002080850: 21 頭 × 46 特徴量 (リーク除外済み)
18:43:34 INFO     [src.ml.features] [SIMULATE] 特徴量生成 race_id=024172001644: 16 頭 × 46 特徴量 (リーク除外済み)
18:43:34 INFO     [src.ml.features] [SIMULATE] 特徴量生成 race_id=026022021143: 13 頭 × 46 特徴量 (リーク除外済み)
18:43:34 INFO     [src.ml.features] [SIMULATE] 特徴量生成 race_id=024032082248: 12 頭 × 46 特徴量 (リーク除外済み)
18:43:34 INFO     [src.ml.features] [SIMULATE] 特徴量生成 race_id=026052010445: 8 頭 × 46 特徴量 (リーク除外済み)
18:43:34 INFO     [src.ml.features] [SIMULATE] 特徴量生成 race_id=025042012343: 12 頭 × 46 特徴量 (リーク除外済み)
18:43:34 INFO     [src.ml.features] [SIMULATE] 特徴量生成 race_id=025072031636: 8 頭 × 46 特徴量 (リーク除外済み)
18:43:34 INFO     [src.ml.features] [SIMULATE] 特徴量生成 race_id=024062091555: 9 頭 × 46 特徴量 (リーク除外済み)
18:43:34 INFO     [src.ml.features] [SIMULATE] 特徴量生成 race_id=024122001147: 16 頭 × 46 特徴量 (リーク除外済み)
18:43:34 INFO     [src.ml.features] [SIMULATE] 特徴量生成 race_id=025152002447: 33 頭 × 46 特徴量 (リーク除外済み)
18:43:34 INFO     [src.ml.features] [SIMULATE] 特徴量生成 race_id=025182020754: 12 頭 × 46 特徴量 (リーク除外済み)
18:43:34 INFO     [src.ml.features] [SIMULATE] 特徴量生成 race_id=024042082348: 5 頭 × 46 特徴量 (リーク除外済み)
18:43:34 INFO     [src.ml.features] [SIMULATE] 特徴量生成 race_id=025052010445: 26 頭 × 46 特徴量 (リーク除外済み)
18:43:34 INFO     [src.ml.features] [SIMULATE] 特徴量生成 race_id=023142020354: 7 頭 × 46 特徴量 (リーク除外済み)
18:43:34 INFO     [src.ml.features] [SIMULATE] 特徴量生成 race_id=025152000455: 10 頭 × 46 特徴量 (リーク除外済み)
18:43:34 INFO     [src.ml.features] [SIMULATE] 特徴量生成 race_id=024182001744: 12 頭 × 46 特徴量 (リーク除外済み)
18:43:34 INFO     [src.ml.features] [SIMULATE] 特徴量生成 race_id=023162000544: 7 頭 × 46 特徴量 (リーク除外済み)
18:43:34 INFO     [src.ml.features] [SIMULATE] 特徴量生成 race_id=025172011635: 21 頭 × 46 特徴量 (リーク除外済み)
18:43:34 INFO     [src.ml.features] [SIMULATE] 特徴量生成 race_id=025002090930: 22 頭 × 46 特徴量 (リーク除外済み)
18:43:34 INFO     [src.ml.features] [SIMULATE] 特徴量生成 race_id=026032021243: 27 頭 × 46 特徴量 (リーク除外済み)
18:43:34 INFO     [src.ml.features] [SIMULATE] 特徴量生成 race_id=024022082150: 19 頭 × 46 特徴量 (リーク除外済み)
18:43:34 INFO     [src.ml.features] [SIMULATE] 特徴量生成 race_id=014182000244: 10 頭 × 46 特徴量 (リーク除外済み)
18:43:34 INFO     [src.ml.features] [SIMULATE] 特徴量生成 race_id=015192000144: 14 頭 × 46 特徴量 (リーク除外済み)
18:43:34 INFO     [src.ml.features] [SIMULATE] 特徴量生成 race_id=019172000344: 12 頭 × 46 特徴量 (リーク除外済み)
18:43:34 INFO     [src.ml.features] [SIMULATE] 特徴量生成 race_id=020142000844: 16 頭 × 46 特徴量 (リーク除外済み)
18:43:34 INFO     [src.ml.features] [SIMULATE] 特徴量生成 race_id=021162000744: 10 頭 × 46 特徴量 (リーク除外済み)
18:43:34 INFO     [src.ml.features] [SIMULATE] 特徴量生成 race_id=023182002747: 10 頭 × 46 特徴量 (リーク除外済み)
18:43:34 INFO     [src.ml.features] [SIMULATE] 特徴量生成 race_id=024122020154: 33 頭 × 46 特徴量 (リーク除外済み)
18:43:34 INFO     [src.ml.features] [SIMULATE] 特徴量生成 race_id=024012091030: 8 頭 × 46 特徴量 (リーク除外済み)
18:43:34 INFO     [src.ml.features] [SIMULATE] 特徴量生成 race_id=025042081350: 12 頭 × 46 特徴量 (リーク除外済み)
18:43:34 INFO     [src.ml.features] [SIMULATE] 特徴量生成 race_id=023052010445: 8 頭 × 46 特徴量 (リーク除外済み)
18:43:34 INFO     [src.ml.features] [SIMULATE] 特徴量生成 race_id=025082031736: 10 頭 × 46 特徴量 (リーク除外済み)
18:43:34 INFO     [src.ml.features] [SIMULATE] 特徴量生成 race_id=025012022842: 10 頭 × 46 特徴量 (リーク除外済み)
18:43:34 INFO     [src.ml.features] [SIMULATE] 特徴量生成 race_id=024182020754: 23 頭 × 46 特徴量 (リーク除外済み)
18:43:34 INFO     [src.ml.features] [SIMULATE] 特徴量生成 race_id=024022091130: 27 頭 × 46 特徴量 (リーク除外済み)
18:43:34 INFO     [src.ml.features] [SIMULATE] 特徴量生成 race_id=025012091030: 8 頭 × 46 特徴量 (リーク除外済み)
18:43:34 INFO     [src.ml.features] [SIMULATE] 特徴量生成 race_id=025152002444: 32 頭 × 46 特徴量 (リーク除外済み)
18:43:34 INFO     [src.ml.features] [SIMULATE] 特徴量生成 race_id=024062010545: 8 頭 × 46 特徴量 (リーク除外済み)
18:43:34 INFO     [src.ml.features] [SIMULATE] 特徴量生成 race_id=025052081450: 20 頭 × 46 特徴量 (リーク除外済み)
18:43:34 INFO     [src.ml.features] [SIMULATE] 特徴量生成 race_id=022112021054: 10 頭 × 46 特徴量 (リーク除外済み)
18:43:34 INFO     [src.ml.features] [SIMULATE] 特徴量生成 race_id=012172000444: 14 頭 × 46 特徴量 (リーク除外済み)
18:43:34 INFO     [src.ml.features] [SIMULATE] 特徴量生成 race_id=013182000344: 13 頭 × 46 特徴量 (リーク除外済み)
18:43:34 INFO     [src.ml.features] [SIMULATE] 特徴量生成 race_id=024002020943: 14 頭 × 46 特徴量 (リーク除外済み)
18:43:34 INFO     [src.ml.features] [SIMULATE] 特徴量生成 race_id=023102000644: 11 頭 × 46 特徴量 (リーク除外済み)
18:43:34 INFO     [src.ml.features] [SIMULATE] 特徴量生成 race_id=025052012443: 38 頭 × 46 特徴量 (リーク除外済み)
18:43:34 INFO     [src.ml.features] [SIMULATE] 特徴量生成 race_id=023172000644: 12 頭 × 46 特徴量 (リーク除外済み)
18:43:34 INFO     [src.ml.features] [SIMULATE] 特徴量生成 race_id=023112021054: 23 頭 × 46 特徴量 (リーク除外済み)
18:43:34 INFO     [src.ml.features] [SIMULATE] 特徴量生成 race_id=022062091530: 12 頭 × 46 特徴量 (リーク除外済み)
18:43:34 INFO     [src.ml.features] [SIMULATE] 特徴量生成 race_id=021002090930: 9 頭 × 46 特徴量 (リーク除外済み)
18:43:34 INFO     [src.ml.features] [SIMULATE] 特徴量生成 race_id=025062081550: 11 頭 × 46 特徴量 (リーク除外済み)
18:43:34 INFO     [src.ml.features] [SIMULATE] 特徴量生成 race_id=025022091130: 19 頭 × 46 特徴量 (リーク除外済み)
18:43:34 INFO     [src.ml.features] [SIMULATE] 特徴量生成 race_id=025152021454: 21 頭 × 46 特徴量 (リーク除外済み)
18:43:34 INFO     [src.ml.features] [SIMULATE] 特徴量生成 race_id=025092031836: 11 頭 × 46 特徴量 (リーク除外済み)
18:43:34 INFO     [src.ml.features] [SIMULATE] 特徴量生成 race_id=025192011835: 23 頭 × 46 特徴量 (リーク除外済み)
18:43:34 INFO     [src.ml.features] [SIMULATE] 特徴量生成 race_id=024142002347: 10 頭 × 46 特徴量 (リーク除外済み)
18:43:34 INFO     [src.ml.features] [SIMULATE] 特徴量生成 race_id=024002021942: 12 頭 × 46 特徴量 (リーク除外済み)
18:43:34 INFO     [src.ml.features] [SIMULATE] 特徴量生成 race_id=023012013045: 8 頭 × 46 特徴量 (リーク除外済み)
18:43:34 INFO     [src.ml.features] [SIMULATE] 特徴量生成 race_id=025012021043: 10 頭 × 46 特徴量 (リーク除外済み)
18:43:34 INFO     [src.ml.features] [SIMULATE] 特徴量生成 race_id=020032090250: 10 頭 × 46 特徴量 (リーク除外済み)
18:43:34 INFO     [src.ml.features] [SIMULATE] 特徴量生成 race_id=024152021454: 23 頭 × 46 特徴量 (リーク除外済み)
18:43:34 INFO     [src.ml.features] [SIMULATE] 特徴量生成 race_id=024092082850: 17 頭 × 46 特徴量 (リーク除外済み)
18:43:34 INFO     [src.ml.features] [SIMULATE] 特徴量生成 race_id=022182021754: 10 頭 × 46 特徴量 (リーク除外済み)
18:43:34 INFO     [src.ml.features] [SIMULATE] 特徴量生成 race_id=021112003144: 12 頭 × 46 特徴量 (リーク除外済み)
18:43:34 INFO     [src.ml.features] [SIMULATE] 特徴量生成 race_id=025012082050: 5 頭 × 46 特徴量 (リーク除外済み)
18:43:34 INFO     [src.ml.features] [SIMULATE] 特徴量生成 race_id=024022092155: 12 頭 × 46 特徴量 (リーク除外済み)
18:43:35 INFO     [src.ml.features] [SIMULATE] 特徴量生成 race_id=025082031742: 24 頭 × 46 特徴量 (リーク除外済み)
18:43:35 INFO     [src.ml.features] [SIMULATE] 特徴量生成 race_id=026002030943: 10 頭 × 46 特徴量 (リーク除外済み)
18:43:35 INFO     [src.ml.features] [SIMULATE] 特徴量生成 race_id=025082090746: 11 頭 × 46 特徴量 (リーク除外済み)
18:43:35 INFO     [src.ml.features] [SIMULATE] 特徴量生成 race_id=026032020245: 14 頭 × 46 特徴量 (リーク除外済み)
18:43:35 INFO     [src.ml.features] [SIMULATE] 特徴量生成 race_id=023182010747: 7 頭 × 46 特徴量 (リーク除外済み)
18:43:35 INFO     [src.ml.features] [SIMULATE] 特徴量生成 race_id=023102002944: 9 頭 × 46 特徴量 (リーク除外済み)
18:43:35 INFO     [src.ml.features] [SIMULATE] 特徴量生成 race_id=025042032336: 23 頭 × 46 特徴量 (リーク除外済み)
18:43:35 INFO     [src.ml.features] [SIMULATE] 特徴量生成 race_id=024002012945: 12 頭 × 46 特徴量 (リーク除外済み)
18:43:35 INFO     [src.ml.features] [SIMULATE] 特徴量生成 race_id=025152010447: 34 頭 × 46 特徴量 (リーク除外済み)
18:43:35 INFO     [src.ml.features] [SIMULATE] 特徴量生成 race_id=023112003044: 8 頭 × 46 特徴量 (リーク除外済み)
18:43:35 INFO     [src.ml.features] [SIMULATE] 特徴量生成 race_id=025092090846: 32 頭 × 46 特徴量 (リーク除外済み)
18:43:35 INFO     [src.ml.features] [SIMULATE] 特徴量生成 race_id=024092091830: 10 頭 × 46 特徴量 (リーク除外済み)
18:43:35 INFO     [src.ml.features] [SIMULATE] 特徴量生成 race_id=023182021754: 10 頭 × 46 特徴量 (リーク除外済み)
18:43:35 INFO     [src.ml.features] [SIMULATE] 特徴量生成 race_id=024032092255: 9 頭 × 46 特徴量 (リーク除外済み)
18:43:35 INFO     [src.ml.features] [SIMULATE] 特徴量生成 race_id=024162010544: 12 頭 × 46 特徴量 (リーク除外済み)
18:43:35 INFO     [src.ml.features] [SIMULATE] 特徴量生成 race_id=026042020345: 13 頭 × 46 特徴量 (リーク除外済み)
18:43:35 INFO     [src.ml.features] [SIMULATE] 特徴量生成 race_id=024152002447: 9 頭 × 46 特徴量 (リーク除外済み)
18:43:35 INFO     [src.ml.features] [SIMULATE] 特徴量生成 race_id=025022021143: 32 頭 × 46 特徴量 (リーク除外済み)
18:43:35 INFO     [src.ml.features] [SIMULATE] 特徴量生成 race_id=025092091748: 24 頭 × 46 特徴量 (リーク除外済み)
18:43:35 INFO     [src.ml.features] [SIMULATE] 特徴量生成 race_id=025082091730: 31 頭 × 46 特徴量 (リーク除外済み)
18:43:35 INFO     [src.ml.features] [SIMULATE] 特徴量生成 race_id=024162021554: 17 頭 × 46 特徴量 (リーク除外済み)
18:43:35 INFO     [src.ml.features] [SIMULATE] 特徴量生成 race_id=025162010547: 22 頭 × 46 特徴量 (リーク除外済み)
18:43:35 INFO     [src.ml.features] [SIMULATE] 特徴量生成 race_id=025022082150: 11 頭 × 46 特徴量 (リーク除外済み)
18:43:35 INFO     [src.ml.features] [SIMULATE] 特徴量生成 race_id=024002082950: 10 頭 × 46 特徴量 (リーク除外済み)
18:43:35 INFO     [src.ml.features] [SIMULATE] 特徴量生成 race_id=023052013145: 12 頭 × 46 特徴量 (リーク除外済み)
18:43:35 INFO     [src.ml.features] [SIMULATE] 特徴量生成 race_id=026082031742: 12 頭 × 46 特徴量 (リーク除外済み)
18:43:35 INFO     [src.ml.features] [SIMULATE] 特徴量生成 race_id=024052090448: 8 頭 × 46 特徴量 (リーク除外済み)
18:43:35 INFO     [src.ml.features] [SIMULATE] 特徴量生成 race_id=021072031643: 13 頭 × 46 特徴量 (リーク除外済み)
18:43:35 INFO     [src.ml.features] [SIMULATE] 特徴量生成 race_id=023012092030: 12 頭 × 46 特徴量 (リーク除外済み)
18:43:35 INFO     [src.ml.features] [SIMULATE] 特徴量生成 race_id=025082091748: 12 頭 × 46 特徴量 (リーク除外済み)
18:43:35 INFO     [src.ml.features] [SIMULATE] 特徴量生成 race_id=024062030543: 15 頭 × 46 特徴量 (リーク除外済み)
18:43:35 INFO     [src.ml.features] [SIMULATE] 特徴量生成 race_id=024052013045: 13 頭 × 46 特徴量 (リーク除外済み)
18:43:35 INFO     [src.ml.features] [SIMULATE] 特徴量生成 race_id=025122011144: 27 頭 × 46 特徴量 (リーク除外済み)
18:43:35 INFO     [src.ml.features] [SIMULATE] 特徴量生成 race_id=024122022154: 29 頭 × 46 特徴量 (リーク除外済み)
18:43:35 INFO     [src.ml.features] [SIMULATE] 特徴量生成 race_id=023192000855: 10 頭 × 46 特徴量 (リーク除外済み)
18:43:35 INFO     [src.ml.features] [SIMULATE] 特徴量生成 race_id=025092091848: 24 頭 × 46 特徴量 (リーク除外済み)
18:43:35 INFO     [src.ml.features] [SIMULATE] 特徴量生成 race_id=024002091930: 6 頭 × 46 特徴量 (リーク除外済み)
18:43:35 INFO     [src.ml.features] [SIMULATE] 特徴量生成 race_id=025032021243: 12 頭 × 46 特徴量 (リーク除外済み)
18:43:35 INFO     [src.ml.features] [SIMULATE] 特徴量生成 race_id=025072020645: 40 頭 × 46 特徴量 (リーク除外済み)
18:43:35 INFO     [src.ml.features] [SIMULATE] 特徴量生成 race_id=025132011244: 11 頭 × 46 特徴量 (リーク除外済み)
18:43:35 INFO     [src.ml.features] [SIMULATE] 特徴量生成 race_id=025172010647: 30 頭 × 46 特徴量 (リーク除外済み)
18:43:35 INFO     [src.ml.features] [SIMULATE] 特徴量生成 race_id=025032082250: 9 頭 × 46 特徴量 (リーク除外済み)
18:43:35 INFO     [src.ml.features] [SIMULATE] 特徴量生成 race_id=025142001355: 21 頭 × 46 特徴量 (リーク除外済み)
18:43:35 INFO     [src.ml.features] [SIMULATE] 特徴量生成 race_id=026052020445: 26 頭 × 46 特徴量 (リーク除外済み)
18:43:35 INFO     [src.ml.features] [SIMULATE] 特徴量生成 race_id=024172010644: 28 頭 × 46 特徴量 (リーク除外済み)
18:43:35 INFO     [src.ml.features] [SIMULATE] 特徴量生成 race_id=026022031143: 12 頭 × 46 特徴量 (リーク除外済み)
18:43:35 INFO     [src.ml.features] [SIMULATE] 特徴量生成 race_id=024162002547: 20 頭 × 46 特徴量 (リーク除外済み)
18:43:35 INFO     [src.ml.features] [SIMULATE] 特徴量生成 race_id=023112003144: 27 頭 × 46 特徴量 (リーク除外済み)
18:43:35 INFO     [src.ml.features] [SIMULATE] 特徴量生成 race_id=024072092655: 12 頭 × 46 特徴量 (リーク除外済み)
18:43:35 INFO     [src.ml.features] [SIMULATE] 特徴量生成 race_id=024052092430: 10 頭 × 46 特徴量 (リーク除外済み)
18:43:35 INFO     [src.ml.features] [SIMULATE] 特徴量生成 race_id=022102022954: 10 頭 × 46 特徴量 (リーク除外済み)
18:43:35 INFO     [src.ml.features] [SIMULATE] 特徴量生成 race_id=025002091948: 12 頭 × 46 特徴量 (リーク除外済み)
18:43:35 INFO     [src.ml.features] [SIMULATE] 特徴量生成 race_id=025192001855: 11 頭 × 46 特徴量 (リーク除外済み)
18:43:35 INFO     [src.ml.features] [SIMULATE] 特徴量生成 race_id=025002032936: 11 頭 × 46 特徴量 (リーク除外済み)
18:43:35 INFO     [src.ml.features] [SIMULATE] 特徴量生成 race_id=025042092330: 32 頭 × 46 特徴量 (リーク除外済み)
18:43:35 INFO     [src.ml.features] [SIMULATE] 特徴量生成 race_id=024052090450: 22 頭 × 46 特徴量 (リーク除外済み)
18:43:35 INFO     [src.ml.features] [SIMULATE] 特徴量生成 race_id=022172000644: 10 頭 × 46 特徴量 (リーク除外済み)
18:43:35 INFO     [src.ml.features] [SIMULATE] 特徴量生成 race_id=025022091948: 24 頭 × 46 特徴量 (リーク除外済み)
18:43:35 INFO     [src.ml.features] [SIMULATE] 特徴量生成 race_id=025152011447: 9 頭 × 46 特徴量 (リーク除外済み)
18:43:35 INFO     [src.ml.features] [SIMULATE] 特徴量生成 race_id=025052091446: 7 頭 × 46 特徴量 (リーク除外済み)
18:43:35 INFO     [src.ml.features] [SIMULATE] 特徴量生成 race_id=025102022954: 10 頭 × 46 特徴量 (リーク除外済み)
18:43:35 INFO     [src.ml.features] [SIMULATE] 特徴量生成 race_id=026032031243: 9 頭 × 46 特徴量 (リーク除外済み)
18:43:35 INFO     [src.ml.features] [SIMULATE] 特徴量生成 race_id=025042021343: 35 頭 × 46 特徴量 (リーク除外済み)
18:43:35 INFO     [src.ml.features] [SIMULATE] 特徴量生成 race_id=024092092855: 10 頭 × 46 特徴量 (リーク除外済み)
18:43:35 INFO     [src.ml.features] [SIMULATE] 特徴量生成 race_id=025082082750: 10 頭 × 46 特徴量 (リーク除外済み)
18:43:35 INFO     [src.ml.features] [SIMULATE] 特徴量生成 race_id=026002031942: 11 頭 × 46 特徴量 (リーク除外済み)
18:43:35 INFO     [src.ml.features] [SIMULATE] 特徴量生成 race_id=024172010647: 20 頭 × 46 特徴量 (リーク除外済み)
18:43:35 INFO     [src.ml.features] [SIMULATE] 特徴量生成 race_id=024182010744: 29 頭 × 46 特徴量 (リーク除外済み)
18:43:35 INFO     [src.ml.features] [SIMULATE] 特徴量生成 race_id=999151022345: 12 頭 × 46 特徴量 (リーク除外済み)
18:43:35 INFO     [src.ml.features] [SIMULATE] 特徴量生成 race_id=025012032042: 11 頭 × 46 特徴量 (リーク除外済み)
18:43:35 INFO     [src.ml.features] [SIMULATE] 特徴量生成 race_id=017152000544: 16 頭 × 46 特徴量 (リーク除外済み)
18:43:35 INFO     [src.ml.features] [SIMULATE] 特徴量生成 race_id=018162001144: 14 頭 × 46 特徴量 (リーク除外済み)
18:43:35 INFO     [src.ml.features] [SIMULATE] 特徴量生成 race_id=022192000644: 12 頭 × 46 特徴量 (リーク除外済み)
18:43:35 INFO     [src.ml.features] [SIMULATE] 特徴量生成 race_id=023072031643: 11 頭 × 46 特徴量 (リーク除外済み)
18:43:35 INFO     [src.ml.features] [SIMULATE] 特徴量生成 race_id=025142011344: 26 頭 × 46 特徴量 (リーク除外済み)
18:43:35 INFO     [src.ml.features] [SIMULATE] 特徴量生成 race_id=025082020745: 38 頭 × 46 特徴量 (リーク除外済み)
18:43:35 INFO     [src.ml.features] [SIMULATE] 特徴量生成 race_id=025012033036: 18 頭 × 46 特徴量 (リーク除外済み)
18:43:35 INFO     [src.ml.features] [SIMULATE] 特徴量生成 race_id=024062092530: 21 頭 × 46 特徴量 (リーク除外済み)
18:43:35 INFO     [src.ml.features] [SIMULATE] 特徴量生成 race_id=025102001955: 9 頭 × 46 特徴量 (リーク除外済み)
18:43:36 INFO     [src.ml.features] [SIMULATE] 特徴量生成 race_id=025192011847: 29 頭 × 46 特徴量 (リーク除外済み)
18:43:36 INFO     [src.ml.features] [SIMULATE] 特徴量生成 race_id=021032092230: 10 頭 × 46 特徴量 (リーク除外済み)
18:43:36 INFO     [src.ml.features] [SIMULATE] 特徴量生成 race_id=024192010844: 29 頭 × 46 特徴量 (リーク除外済み)
18:43:36 INFO     [src.ml.features] [SIMULATE] 特徴量生成 race_id=025092020845: 24 頭 × 46 特徴量 (リーク除外済み)
18:43:36 INFO     [src.ml.features] [SIMULATE] 特徴量生成 race_id=025052092430: 48 頭 × 46 特徴量 (リーク除外済み)
18:43:36 INFO     [src.ml.features] [SIMULATE] 特徴量生成 race_id=024182010747: 10 頭 × 46 特徴量 (リーク除外済み)
18:43:36 INFO     [src.ml.features] [SIMULATE] 特徴量生成 race_id=025152011444: 12 頭 × 46 特徴量 (リーク除外済み)
18:43:36 INFO     [src.ml.features] [SIMULATE] 特徴量生成 race_id=022182000744: 14 頭 × 46 特徴量 (リーク除外済み)
18:43:36 INFO     [src.ml.features] [SIMULATE] 特徴量生成 race_id=025052021443: 44 頭 × 46 特徴量 (リーク除外済み)
18:43:36 INFO     [src.ml.features] [SIMULATE] 特徴量生成 race_id=023012083150: 11 頭 × 46 特徴量 (リーク除外済み)
18:43:36 INFO     [src.ml.features] [SIMULATE] 特徴量生成 race_id=025092082850: 30 頭 × 46 特徴量 (リーク除外済み)
18:43:36 INFO     [src.ml.features] [SIMULATE] 特徴量生成 race_id=025022032142: 46 頭 × 46 特徴量 (リーク除外済み)
18:43:36 INFO     [src.ml.features] [SIMULATE] 特徴量生成 race_id=024002092955: 11 頭 × 46 特徴量 (リーク除外済み)
18:43:36 INFO     [src.ml.features] [SIMULATE] 特徴量生成 race_id=011072092944: 16 頭 × 46 特徴量 (リーク除外済み)
18:43:36 INFO     [src.ml.features] [SIMULATE] 特徴量生成 race_id=023082031743: 10 頭 × 46 特徴量 (リーク除外済み)
18:43:36 INFO     [src.ml.features] [SIMULATE] 特徴量生成 race_id=022002092930: 8 頭 × 46 特徴量 (リーク除外済み)
18:43:36 INFO     [src.ml.features] [SIMULATE] 特徴量生成 race_id=025062092530: 12 頭 × 46 特徴量 (リーク除外済み)
18:43:36 INFO     [src.ml.features] [SIMULATE] 特徴量生成 race_id=025102011947: 40 頭 × 46 特徴量 (リーク除外済み)
18:43:36 INFO     [src.ml.features] [SIMULATE] 特徴量生成 race_id=025012033136: 23 頭 × 46 特徴量 (リーク除外済み)
18:43:36 INFO     [src.ml.features] [SIMULATE] 特徴量生成 race_id=025002082950: 20 頭 × 46 特徴量 (リーク除外済み)
18:43:36 INFO     [src.ml.features] [SIMULATE] 特徴量生成 race_id=024072092630: 12 頭 × 46 特徴量 (リーク除外済み)
18:43:36 INFO     [src.ml.features] [SIMULATE] 特徴量生成 race_id=025142011947: 10 頭 × 46 特徴量 (リーク除外済み)
18:43:36 INFO     [src.ml.features] [SIMULATE] 特徴量生成 race_id=024072090650: 12 頭 × 46 特徴量 (リーク除外済み)
18:43:36 INFO     [src.ml.features] [SIMULATE] 特徴量生成 race_id=024062091546: 10 頭 × 46 特徴量 (リーク除外済み)
18:43:36 INFO     [src.ml.features] [SIMULATE] 特徴量生成 race_id=023142011344: 9 頭 × 46 特徴量 (リーク除外済み)
18:43:36 INFO     [src.ml.features] [SIMULATE] 特徴量生成 race_id=025012031043: 30 頭 × 46 特徴量 (リーク除外済み)
18:43:36 INFO     [src.ml.features] [SIMULATE] 特徴量生成 race_id=025042090350: 10 頭 × 46 特徴量 (リーク除外済み)
18:43:36 INFO     [src.ml.features] [SIMULATE] 特徴量生成 race_id=024192022854: 20 頭 × 46 特徴量 (リーク除外済み)
18:43:36 INFO     [src.ml.features] [SIMULATE] 特徴量生成 race_id=025012092046: 19 頭 × 46 特徴量 (リーク除外済み)
18:43:36 INFO     [src.ml.features] [SIMULATE] 特徴量生成 race_id=025012093048: 24 頭 × 46 特徴量 (リーク除外済み)
18:43:36 INFO     [src.ml.features] [SIMULATE] 特徴量生成 race_id=021162011544: 14 頭 × 46 特徴量 (リーク除外済み)
18:43:36 INFO     [src.ml.features] [SIMULATE] 特徴量生成 race_id=024122020144: 14 頭 × 46 特徴量 (リーク除外済み)
18:43:36 INFO     [src.ml.features] [SIMULATE] 特徴量生成 race_id=024022091150: 9 頭 × 46 特徴量 (リーク除外済み)
18:43:36 INFO     [src.ml.features] [SIMULATE] 特徴量生成 race_id=025182012747: 10 頭 × 46 特徴量 (リーク除外済み)
18:43:36 INFO     [src.ml.features] [SIMULATE] 特徴量生成 race_id=024182011547: 9 頭 × 46 特徴量 (リーク除外済み)
18:43:36 INFO     [src.ml.features] [SIMULATE] 特徴量生成 race_id=023082022745: 26 頭 × 46 特徴量 (リーク除外済み)
18:43:36 INFO     [src.ml.features] [SIMULATE] 特徴量生成 race_id=025012093030: 12 頭 × 46 特徴量 (リーク除外済み)
18:43:36 INFO     [src.ml.features] [SIMULATE] 特徴量生成 race_id=024062032542: 23 頭 × 46 特徴量 (リーク除外済み)
18:43:36 INFO     [src.ml.features] [SIMULATE] 特徴量生成 race_id=023142000330: 9 頭 × 46 特徴量 (リーク除外済み)
18:43:36 INFO     [src.ml.features] [SIMULATE] 特徴量生成 race_id=024032091748: 11 頭 × 46 特徴量 (リーク除外済み)
18:43:36 INFO     [src.ml.features] [SIMULATE] 特徴量生成 race_id=023122012147: 8 頭 × 46 特徴量 (リーク除外済み)
18:43:36 INFO     [src.ml.features] [SIMULATE] 特徴量生成 race_id=024022010154: 10 頭 × 46 特徴量 (リーク除外済み)
18:43:36 INFO     [src.ml.features] [SIMULATE] 特徴量生成 race_id=025122020144: 16 頭 × 46 特徴量 (リーク除外済み)
18:43:36 INFO     [src.ml.features] [SIMULATE] 特徴量生成 race_id=021172011644: 11 頭 × 46 特徴量 (リーク除外済み)
18:43:36 INFO     [src.ml.features] [SIMULATE] 特徴量生成 race_id=025042092346: 20 頭 × 46 特徴量 (リーク除外済み)
18:43:36 INFO     [src.ml.features] [SIMULATE] 特徴量生成 race_id=025022031143: 30 頭 × 46 特徴量 (リーク除外済み)
18:43:36 INFO     [src.ml.features] [SIMULATE] 特徴量生成 race_id=026042030345: 23 頭 × 46 特徴量 (リーク除外済み)
18:43:36 INFO     [src.ml.features] [SIMULATE] 特徴量生成 race_id=024132001255: 21 頭 × 46 特徴量 (リーク除外済み)
18:43:36 INFO     [src.ml.features] [SIMULATE] 特徴量生成 race_id=024192011847: 7 頭 × 46 特徴量 (リーク除外済み)
18:43:36 INFO     [src.ml.features] [SIMULATE] 特徴量生成 race_id=024132000230: 20 頭 × 46 特徴量 (リーク除外済み)
18:43:36 INFO     [src.ml.features] [SIMULATE] 特徴量生成 race_id=020082091750: 10 頭 × 46 特徴量 (リーク除外済み)
18:43:36 INFO     [src.ml.features] [SIMULATE] 特徴量生成 race_id=024032091250: 20 頭 × 46 特徴量 (リーク除外済み)
18:43:36 INFO     [src.ml.features] [SIMULATE] 特徴量生成 race_id=023152011444: 31 頭 × 46 特徴量 (リーク除外済み)
18:43:36 INFO     [src.ml.features] [SIMULATE] 特徴量生成 race_id=023092010854: 11 頭 × 46 特徴量 (リーク除外済み)
18:43:36 INFO     [src.ml.features] [SIMULATE] 特徴量生成 race_id=025122000130: 25 頭 × 46 特徴量 (リーク除外済み)
18:43:36 INFO     [src.ml.features] [SIMULATE] 特徴量生成 race_id=026012033143: 12 頭 × 46 特徴量 (リーク除外済み)
18:43:36 INFO     [src.ml.features] [SIMULATE] 特徴量生成 race_id=025172002655: 11 頭 × 46 特徴量 (リーク除外済み)
18:43:36 INFO     [src.ml.features] [SIMULATE] 特徴量生成 race_id=025052030445: 12 頭 × 46 特徴量 (リーク除外済み)
18:43:36 INFO     [src.ml.features] [SIMULATE] 特徴量生成 race_id=024072032642: 12 頭 × 46 特徴量 (リーク除外済み)
18:43:36 INFO     [src.ml.features] [SIMULATE] 特徴量生成 race_id=025122000148: 12 頭 × 46 特徴量 (リーク除外済み)
18:43:36 INFO     [src.ml.features] [SIMULATE] 特徴量生成 race_id=025192012847: 24 頭 × 46 特徴量 (リーク除外済み)
18:43:36 INFO     [src.ml.features] [SIMULATE] 特徴量生成 race_id=024102022954: 12 頭 × 46 特徴量 (リーク除外済み)
18:43:36 INFO     [src.ml.features] [SIMULATE] 特徴量生成 race_id=022062031542: 10 頭 × 46 特徴量 (リーク除外済み)
18:43:36 INFO     [src.ml.features] [SIMULATE] 特徴量生成 race_id=025132020244: 12 頭 × 46 特徴量 (リーク除外済み)
18:43:36 INFO     [src.ml.features] [SIMULATE] 特徴量生成 race_id=025052090450: 30 頭 × 46 特徴量 (リーク除外済み)
18:43:36 INFO     [src.ml.features] [SIMULATE] 特徴量生成 race_id=024142001355: 12 頭 × 46 特徴量 (リーク除外済み)
18:43:36 INFO     [src.ml.features] [SIMULATE] 特徴量生成 race_id=023142002355: 11 頭 × 46 特徴量 (リーク除外済み)
18:43:36 INFO     [src.ml.features] [SIMULATE] 特徴量生成 race_id=022132010244: 26 頭 × 46 特徴量 (リーク除外済み)
18:43:36 INFO     [src.ml.features] [SIMULATE] 特徴量生成 race_id=024142020344: 30 頭 × 46 特徴量 (リーク除外済み)
18:43:36 INFO     [src.ml.features] [SIMULATE] 特徴量生成 race_id=024102011947: 20 頭 × 46 特徴量 (リーク除外済み)
18:43:36 INFO     [src.ml.features] [SIMULATE] 特徴量生成 race_id=026052030445: 23 頭 × 46 特徴量 (リーク除外済み)
18:43:36 INFO     [src.ml.features] [SIMULATE] 特徴量生成 race_id=024142000330: 10 頭 × 46 特徴量 (リーク除外済み)
18:43:36 INFO     [src.ml.features] [SIMULATE] 特徴量生成 race_id=025082090550: 10 頭 × 46 特徴量 (リーク除外済み)
18:43:36 INFO     [src.ml.features] [SIMULATE] 特徴量生成 race_id=024032092146: 7 頭 × 46 特徴量 (リーク除外済み)
18:43:36 INFO     [src.ml.features] [SIMULATE] 特徴量生成 race_id=024042031345: 26 頭 × 46 特徴量 (リーク除外済み)
18:43:36 INFO     [src.ml.features] [SIMULATE] 特徴量生成 race_id=025132000248: 12 頭 × 46 特徴量 (リーク除外済み)
18:43:36 INFO     [src.ml.features] [SIMULATE] 特徴量生成 race_id=024032032742: 12 頭 × 46 特徴量 (リーク除外済み)
18:43:36 INFO     [src.ml.features] [SIMULATE] 特徴量生成 race_id=025062030545: 50 頭 × 46 特徴量 (リーク除外済み)
18:43:36 INFO     [src.ml.features] [SIMULATE] 特徴量生成 race_id=025132000230: 49 頭 × 46 特徴量 (リーク除外済み)
18:43:36 INFO     [src.ml.features] [SIMULATE] 特徴量生成 race_id=025032031243: 44 頭 × 46 特徴量 (リーク除外済み)
18:43:36 INFO     [src.ml.features] [SIMULATE] 特徴量生成 race_id=024002010954: 10 頭 × 46 特徴量 (リーク除外済み)
18:43:36 INFO     [src.ml.features] [SIMULATE] 特徴量生成 race_id=021162000530: 7 頭 × 46 特徴量 (リーク除外済み)
18:43:37 INFO     [src.ml.features] [SIMULATE] 特徴量生成 race_id=023012011054: 11 頭 × 46 特徴量 (リーク除外済み)
18:43:37 INFO     [src.ml.features] [SIMULATE] 特徴量生成 race_id=025072030645: 21 頭 × 46 特徴量 (リーク除外済み)
18:43:37 INFO     [src.ml.features] [SIMULATE] 特徴量生成 race_id=024152020444: 26 頭 × 46 特徴量 (リーク除外済み)
18:43:37 INFO     [src.ml.features] [SIMULATE] 特徴量生成 race_id=024032092048: 12 頭 × 46 特徴量 (リーク除外済み)
18:43:37 INFO     [src.ml.features] [SIMULATE] 特徴量生成 race_id=024192000830: 21 頭 × 46 特徴量 (リーク除外済み)
18:43:37 INFO     [src.ml.features] [SIMULATE] 特徴量生成 race_id=025012091050: 24 頭 × 46 特徴量 (リーク除外済み)
18:43:37 INFO     [src.ml.features] [SIMULATE] 特徴量生成 race_id=024182012747: 10 頭 × 46 特徴量 (リーク除外済み)
18:43:37 INFO     [src.ml.features] [SIMULATE] 特徴量生成 race_id=024102001955: 11 頭 × 46 特徴量 (リーク除外済み)
18:43:37 INFO     [src.ml.features] [SIMULATE] 特徴量生成 race_id=026032011254: 8 頭 × 46 特徴量 (リーク除外済み)
18:43:37 INFO     [src.ml.features] [SIMULATE] 特徴量生成 race_id=025182000730: 7 頭 × 46 特徴量 (リーク除外済み)
18:43:37 INFO     [src.ml.features] [SIMULATE] 特徴量生成 race_id=025122010155: 12 頭 × 46 特徴量 (リーク除外済み)
18:43:37 INFO     [src.ml.features] [SIMULATE] 特徴量生成 race_id=025012093046: 12 頭 × 46 特徴量 (リーク除外済み)
18:43:37 INFO     [src.ml.features] [SIMULATE] 特徴量生成 race_id=025142020347: 43 頭 × 46 特徴量 (リーク除外済み)
18:43:37 INFO     [src.ml.features] [SIMULATE] 特徴量生成 race_id=025042031343: 28 頭 × 46 特徴量 (リーク除外済み)
18:43:37 INFO     [src.ml.features] [SIMULATE] 特徴量生成 race_id=024162020544: 12 頭 × 46 特徴量 (リーク除外済み)
18:43:37 INFO     [src.ml.features] [SIMULATE] 特徴量生成 race_id=024002091950: 9 頭 × 46 特徴量 (リーク除外済み)
18:43:37 INFO     [src.ml.features] [SIMULATE] 特徴量生成 race_id=024012011054: 6 頭 × 46 特徴量 (リーク除外済み)
18:43:37 INFO     [src.ml.features] [SIMULATE] 特徴量生成 race_id=024102000930: 11 頭 × 46 特徴量 (リーク除外済み)
18:43:37 INFO     [src.ml.features] [SIMULATE] 特徴量生成 race_id=024192012847: 20 頭 × 46 特徴量 (リーク除外済み)
18:43:37 INFO     [src.ml.features] [SIMULATE] 特徴量生成 race_id=022152010444: 26 頭 × 46 特徴量 (リーク除外済み)
18:43:37 INFO     [src.ml.features] [SIMULATE] 特徴量生成 race_id=025162020544: 14 頭 × 46 特徴量 (リーク除外済み)
18:43:37 INFO     [src.ml.features] [SIMULATE] 特徴量生成 race_id=025192000830: 33 頭 × 46 特徴量 (リーク除外済み)
18:43:37 INFO     [src.ml.features] [SIMULATE] 特徴量生成 race_id=025052031443: 21 頭 × 46 特徴量 (リーク除外済み)
18:43:37 INFO     [src.ml.features] [SIMULATE] 特徴量生成 race_id=025082030745: 25 頭 × 46 特徴量 (リーク除外済み)
18:43:37 INFO     [src.ml.features] [SIMULATE] 特徴量生成 race_id=021182000730: 7 頭 × 46 特徴量 (リーク除外済み)
18:43:37 INFO     [src.ml.features] [SIMULATE] 特徴量生成 race_id=024172020644: 14 頭 × 46 特徴量 (リーク除外済み)
18:43:37 INFO     [src.ml.features] [SIMULATE] 特徴量生成 race_id=025102000930: 44 頭 × 46 特徴量 (リーク除外済み)
18:43:37 INFO     [src.ml.features] [SIMULATE] 特徴量生成 race_id=024102012947: 17 頭 × 46 特徴量 (リーク除外済み)
18:43:37 INFO     [src.ml.features] [SIMULATE] 特徴量生成 race_id=025032091250: 10 頭 × 46 特徴量 (リーク除外済み)
18:43:37 INFO     [src.ml.features] [SIMULATE] 特徴量生成 race_id=024112021047: 8 頭 × 46 特徴量 (リーク除外済み)
18:43:37 INFO     [src.ml.features] [SIMULATE] 特徴量生成 race_id=025182010755: 11 頭 × 46 特徴量 (リーク除外済み)
18:43:37 INFO     [src.ml.features] [SIMULATE] 特徴量生成 race_id=025012033143: 18 頭 × 46 特徴量 (リーク除外済み)
18:43:37 INFO     [src.ml.features] [SIMULATE] 特徴量生成 race_id=025122021147: 9 頭 × 46 特徴量 (リーク除外済み)
18:43:37 INFO     [src.ml.features] [SIMULATE] 特徴量生成 race_id=023062011554: 11 頭 × 46 特徴量 (リーク除外済み)
18:43:37 INFO     [src.ml.features] [SIMULATE] 特徴量生成 race_id=025172000646: 24 頭 × 46 特徴量 (リーク除外済み)
18:43:37 INFO     [src.ml.features] [SIMULATE] 特徴量生成 race_id=025062010554: 20 頭 × 46 特徴量 (リーク除外済み)
18:43:37 INFO     [src.ml.features] [SIMULATE] 特徴量生成 race_id=024062092550: 20 頭 × 46 特徴量 (リーク除外済み)
18:43:37 INFO     [src.ml.features] [SIMULATE] 特徴量生成 race_id=024162022544: 13 頭 × 46 特徴量 (リーク除外済み)
18:43:37 INFO     [src.ml.features] [SIMULATE] 特徴量生成 race_id=025092091750: 37 頭 × 46 特徴量 (リーク除外済み)
18:43:37 INFO     [src.ml.features] [SIMULATE] 特徴量生成 race_id=024122000148: 24 頭 × 46 特徴量 (リーク除外済み)
18:43:37 INFO     [src.ml.features] [SIMULATE] 特徴量生成 race_id=025082091750: 8 頭 × 46 特徴量 (リーク除外済み)
18:43:37 INFO     [src.ml.features] [SIMULATE] 特徴量生成 race_id=023172020647: 10 頭 × 46 特徴量 (リーク除外済み)
18:43:37 INFO     [src.ml.features] [SIMULATE] 特徴量生成 race_id=025152001430: 47 頭 × 46 特徴量 (リーク除外済み)
18:43:37 INFO     [src.ml.features] [SIMULATE] 特徴量生成 race_id=025182000746: 15 頭 × 46 特徴量 (リーク除外済み)
18:43:37 INFO     [src.ml.features] [SIMULATE] 特徴量生成 race_id=025102010855: 10 頭 × 46 特徴量 (リーク除外済み)
18:43:37 INFO     [src.ml.features] [SIMULATE] 特徴量生成 race_id=023112020944: 15 頭 × 46 特徴量 (リーク除外済み)
18:43:37 INFO     [src.ml.features] [SIMULATE] 特徴量生成 race_id=024142010255: 10 頭 × 46 特徴量 (リーク除外済み)
18:43:37 INFO     [src.ml.features] [SIMULATE] 特徴量生成 race_id=025072010654: 18 頭 × 46 特徴量 (リーク除外済み)
18:43:37 INFO     [src.ml.features] [SIMULATE] 特徴量生成 race_id=025132021247: 20 頭 × 46 特徴量 (リーク除外済み)
18:43:37 INFO     [src.ml.features] [SIMULATE] 特徴量生成 race_id=024132000248: 12 頭 × 46 特徴量 (リーク除外済み)
18:43:37 INFO     [src.ml.features] [SIMULATE] 特徴量生成 race_id=024072092650: 19 頭 × 46 特徴量 (リーク除外済み)
18:43:37 INFO     [src.ml.features] [SIMULATE] 特徴量生成 race_id=025162001548: 45 頭 × 46 特徴量 (リーク除外済み)
18:43:37 INFO     [src.ml.features] [SIMULATE] 特徴量生成 race_id=024122021147: 27 頭 × 46 特徴量 (リーク除外済み)
18:43:37 INFO     [src.ml.features] [SIMULATE] 特徴量生成 race_id=024172022644: 15 頭 × 46 特徴量 (リーク除外済み)
18:43:37 INFO     [src.ml.features] [SIMULATE] 特徴量生成 race_id=025162001530: 10 頭 × 46 特徴量 (リーク除外済み)
18:43:37 INFO     [src.ml.features] [SIMULATE] 特徴量生成 race_id=025102010955: 11 頭 × 46 特徴量 (リーク除外済み)
18:43:37 INFO     [src.ml.features] [SIMULATE] 特徴量生成 race_id=025172021647: 37 頭 × 46 特徴量 (リーク除外済み)
18:43:37 INFO     [src.ml.features] [SIMULATE] 特徴量生成 race_id=024082011754: 8 頭 × 46 特徴量 (リーク除外済み)
18:43:37 INFO     [src.ml.features] [SIMULATE] 特徴量生成 race_id=025172001648: 48 頭 × 46 特徴量 (リーク除外済み)
18:43:38 INFO     [src.ml.features] [SIMULATE] 特徴量生成 race_id=024182022744: 13 頭 × 46 特徴量 (リーク除外済み)
18:43:38 INFO     [src.ml.features] [SIMULATE] 特徴量生成 race_id=023172010655: 12 頭 × 46 特徴量 (リーク除外済み)
18:43:38 INFO     [src.ml.features] [SIMULATE] 特徴量生成 race_id=025172001630: 9 頭 × 46 特徴量 (リーク除外済み)
18:43:38 INFO     [src.ml.features] [SIMULATE] 特徴量生成 race_id=024132021247: 24 頭 × 46 特徴量 (リーク除外済み)
18:43:38 INFO     [src.ml.features] [SIMULATE] 特徴量生成 race_id=024182001730: 11 頭 × 46 特徴量 (リーク除外済み)
18:43:38 INFO     [src.ml.features] [SIMULATE] 特徴量生成 race_id=025172022644: 12 頭 × 46 特徴量 (リーク除外済み)
18:43:38 INFO     [src.ml.features] [SIMULATE] 特徴量生成 race_id=023162000548: 12 頭 × 46 特徴量 (リーク除外済み)
18:43:38 INFO     [src.ml.features] [SIMULATE] 特徴量生成 race_id=024102022944: 11 頭 × 46 特徴量 (リーク除外済み)
18:43:38 INFO     [src.ml.features] [SIMULATE] 特徴量生成 race_id=024132000250: 27 頭 × 46 特徴量 (リーク除外済み)
18:43:38 INFO     [src.ml.features] [SIMULATE] 特徴量生成 race_id=021102001930: 12 頭 × 46 特徴量 (リーク除外済み)
18:43:38 INFO     [src.ml.features] [SIMULATE] 特徴量生成 race_id=023082092750: 12 頭 × 46 特徴量 (リーク除外済み)
18:43:38 INFO     [src.ml.features] [SIMULATE] 特徴量生成 race_id=025032011254: 10 頭 × 46 特徴量 (リーク除外済み)
18:43:38 INFO     [src.ml.features] [SIMULATE] 特徴量生成 race_id=025182001748: 24 頭 × 46 特徴量 (リーク除外済み)
18:43:38 INFO     [src.ml.features] [SIMULATE] 特徴量生成 race_id=025122002130: 12 頭 × 46 特徴量 (リーク除外済み)
18:43:38 INFO     [src.ml.features] [SIMULATE] 特徴量生成 race_id=025182021747: 27 頭 × 46 特徴量 (リーク除外済み)
18:43:38 INFO     [src.ml.features] [SIMULATE] 特徴量生成 race_id=025162011555: 11 頭 × 46 特徴量 (リーク除外済み)
18:43:38 INFO     [src.ml.features] [SIMULATE] 特徴量生成 race_id=024102010955: 12 頭 × 46 特徴量 (リーク除外済み)
18:43:38 INFO     [src.ml.features] [SIMULATE] 特徴量生成 race_id=025102022944: 16 頭 × 46 特徴量 (リーク除外済み)
18:43:38 INFO     [src.ml.features] [SIMULATE] 特徴量生成 race_id=025152022944: 16 頭 × 46 特徴量 (リーク除外済み)
18:43:38 INFO     [src.ml.features] [SIMULATE] 特徴量生成 race_id=024132002230: 34 頭 × 46 特徴量 (リーク除外済み)
18:43:38 INFO     [src.ml.features] [SIMULATE] 特徴量生成 race_id=025052092450: 22 頭 × 46 特徴量 (リーク除外済み)
18:43:38 INFO     [src.ml.features] [SIMULATE] 特徴量生成 race_id=024152000448: 8 頭 × 46 特徴量 (リーク除外済み)
18:43:38 INFO     [src.ml.features] [SIMULATE] 特徴量生成 race_id=022182011744: 36 頭 × 46 特徴量 (リーク除外済み)
18:43:38 INFO     [src.ml.features] [SIMULATE] 特徴量生成 race_id=023182020744: 15 頭 × 46 特徴量 (リーク除外済み)
18:43:38 INFO     [src.ml.features] [SIMULATE] 特徴量生成 race_id=024162021347: 10 頭 × 46 特徴量 (リーク除外済み)
18:43:38 INFO     [src.ml.features] [SIMULATE] 特徴量生成 race_id=022192011844: 22 頭 × 46 特徴量 (リーク除外済み)
18:43:38 INFO     [src.ml.features] [SIMULATE] 特徴量生成 race_id=024142002330: 23 頭 × 46 特徴量 (リーク除外済み)
18:43:38 INFO     [src.ml.features] [SIMULATE] 特徴量生成 race_id=025132002230: 12 頭 × 46 特徴量 (リーク除外済み)
18:43:38 INFO     [src.ml.features] [SIMULATE] 特徴量生成 race_id=020192000850: 10 頭 × 46 特徴量 (リーク除外済み)
18:43:38 INFO     [src.ml.features] [SIMULATE] 特徴量生成 race_id=023192020844: 14 頭 × 46 特徴量 (リーク除外済み)
18:43:38 INFO     [src.ml.features] [SIMULATE] 特徴量生成 race_id=025042011354: 8 頭 × 46 特徴量 (リーク除外済み)
18:43:38 INFO     [src.ml.features] [SIMULATE] 特徴量生成 race_id=025172011655: 11 頭 × 46 特徴量 (リーク除外済み)
18:43:38 INFO     [src.ml.features] [SIMULATE] 特徴量生成 race_id=024142000350: 12 頭 × 46 特徴量 (リーク除外済み)
18:43:38 INFO     [src.ml.features] [SIMULATE] 特徴量生成 race_id=024112023044: 25 頭 × 46 特徴量 (リーク除外済み)
18:43:38 INFO     [src.ml.features] [SIMULATE] 特徴量生成 race_id=025062092550: 32 頭 × 46 特徴量 (リーク除外済み)
18:43:38 INFO     [src.ml.features] [SIMULATE] 特徴量生成 race_id=026082012754: 12 頭 × 46 特徴量 (リーク除外済み)
18:43:38 INFO     [src.ml.features] [SIMULATE] 特徴量生成 race_id=024152002430: 9 頭 × 46 特徴量 (リーク除外済み)
18:43:38 INFO     [src.ml.features] [SIMULATE] 特徴量生成 race_id=025142002330: 11 頭 × 46 特徴量 (リーク除外済み)
18:43:38 INFO     [src.ml.features] [SIMULATE] 特徴量生成 race_id=023062012554: 10 頭 × 46 特徴量 (リーク除外済み)
18:43:38 INFO     [src.ml.features] [SIMULATE] 特徴量生成 race_id=024052012454: 8 頭 × 46 特徴量 (リーク除外済み)
18:43:38 INFO     [src.ml.features] [SIMULATE] 特徴量生成 race_id=024112023144: 23 頭 × 46 特徴量 (リーク除外済み)
18:43:38 INFO     [src.ml.features] [SIMULATE] 特徴量生成 race_id=025112023144: 14 頭 × 46 特徴量 (リーク除外済み)
18:43:38 INFO     [src.ml.features] [SIMULATE] 特徴量生成 race_id=024152000450: 12 頭 × 46 特徴量 (リーク除外済み)
18:43:38 INFO     [src.ml.features] [SIMULATE] 特徴量生成 race_id=025002011954: 8 頭 × 46 特徴量 (リーク除外済み)
18:43:38 INFO     [src.ml.features] [SIMULATE] 特徴量生成 race_id=024172001648: 36 頭 × 46 特徴量 (リーク除外済み)
18:43:38 INFO     [src.ml.features] [SIMULATE] 特徴量生成 race_id=025042011344: 13 頭 × 46 特徴量 (リーク除外済み)
18:43:38 INFO     [src.ml.features] [SIMULATE] 特徴量生成 race_id=025172022647: 8 頭 × 46 特徴量 (リーク除外済み)
18:43:38 INFO     [src.ml.features] [SIMULATE] 特徴量生成 race_id=024172011655: 12 頭 × 46 特徴量 (リーク除外済み)
18:43:38 INFO     [src.ml.features] [SIMULATE] 特徴量生成 race_id=026022020154: 9 頭 × 46 特徴量 (リーク除外済み)
18:43:38 INFO     [src.ml.features] [SIMULATE] 特徴量生成 race_id=025102001946: 16 頭 × 46 特徴量 (リーク除外済み)
18:43:38 INFO     [src.ml.features] [SIMULATE] 特徴量生成 race_id=023182022747: 10 頭 × 46 特徴量 (リーク除外済み)
18:43:38 INFO     [src.ml.features] [SIMULATE] 特徴量生成 race_id=025192002830: 48 頭 × 46 特徴量 (リーク除外済み)
18:43:38 INFO     [src.ml.features] [SIMULATE] 特徴量生成 race_id=025192002848: 12 頭 × 46 特徴量 (リーク除外済み)
18:43:38 INFO     [src.ml.features] [SIMULATE] 特徴量生成 race_id=023012013154: 12 頭 × 46 特徴量 (リーク除外済み)
18:43:38 INFO     [src.ml.features] [SIMULATE] 特徴量生成 race_id=025022012154: 33 頭 × 46 特徴量 (リーク除外済み)
18:43:38 INFO     [src.ml.features] [SIMULATE] 特徴量生成 race_id=025142012355: 12 頭 × 46 特徴量 (リーク除外済み)
18:43:38 INFO     [src.ml.features] [SIMULATE] 特徴量生成 race_id=025132000250: 22 頭 × 46 特徴量 (リーク除外済み)
18:43:38 INFO     [src.ml.features] [SIMULATE] 特徴量生成 race_id=024112022947: 17 頭 × 46 特徴量 (リーク除外済み)
18:43:38 INFO     [src.ml.features] [SIMULATE] 特徴量生成 race_id=022172020644: 13 頭 × 46 特徴量 (リーク除外済み)
18:43:38 INFO     [src.ml.features] [SIMULATE] 特徴量生成 race_id=024112003030: 6 頭 × 46 特徴量 (リーク除外済み)
18:43:38 INFO     [src.ml.features] [SIMULATE] 特徴量生成 race_id=025122002146: 37 頭 × 46 特徴量 (リーク除外済み)
18:43:38 INFO     [src.ml.features] [SIMULATE] 特徴量生成 race_id=024112001050: 10 頭 × 46 特徴量 (リーク除外済み)
18:43:38 INFO     [src.ml.features] [SIMULATE] 特徴量生成 race_id=024102022947: 17 頭 × 46 特徴量 (リーク除外済み)
18:43:38 INFO     [src.ml.features] [SIMULATE] 特徴量生成 race_id=025102022947: 9 頭 × 46 特徴量 (リーク除外済み)
18:43:38 INFO     [src.ml.features] [SIMULATE] 特徴量生成 race_id=025102002930: 24 頭 × 46 特徴量 (リーク除外済み)
18:43:38 INFO     [src.ml.features] [SIMULATE] 特徴量生成 race_id=024182001748: 12 頭 × 46 特徴量 (リーク除外済み)
18:43:38 INFO     [src.ml.features] [SIMULATE] 特徴量生成 race_id=023182022744: 40 頭 × 46 特徴量 (リーク除外済み)
18:43:38 INFO     [src.ml.features] [SIMULATE] 特徴量生成 race_id=025032012254: 20 頭 × 46 特徴量 (リーク除外済み)
18:43:38 INFO     [src.ml.features] [SIMULATE] 特徴量生成 race_id=025162002546: 8 頭 × 46 特徴量 (リーク除外済み)
18:43:38 INFO     [src.ml.features] [SIMULATE] 特徴量生成 race_id=024012013154: 8 頭 × 46 特徴量 (リーク除外済み)
18:43:39 INFO     [src.ml.features] [SIMULATE] 特徴量生成 race_id=025152000350: 22 頭 × 46 特徴量 (リーク除外済み)
18:43:39 INFO     [src.ml.features] [SIMULATE] 特徴量生成 race_id=024112023047: 18 頭 × 46 特徴量 (リーク除外済み)
18:43:39 INFO     [src.ml.features] [SIMULATE] 特徴量生成 race_id=025112023047: 9 頭 × 46 特徴量 (リーク除外済み)
18:43:39 INFO     [src.ml.features] [SIMULATE] 特徴量生成 race_id=025112003030: 54 頭 × 46 特徴量 (リーク除外済み)
18:43:39 INFO     [src.ml.features] [SIMULATE] 特徴量生成 race_id=024142001150: 10 頭 × 46 特徴量 (リーク除外済み)
18:43:39 INFO     [src.ml.features] [SIMULATE] 特徴量生成 race_id=024192001848: 12 頭 × 46 特徴量 (リーク除外済み)
18:43:39 INFO     [src.ml.features] [SIMULATE] 特徴量生成 race_id=025062011544: 24 頭 × 46 特徴量 (リーク除外済み)
18:43:39 INFO     [src.ml.features] [SIMULATE] 特徴量生成 race_id=025112003048: 24 頭 × 46 特徴量 (リーク除外済み)
18:43:39 INFO     [src.ml.features] [SIMULATE] 特徴量生成 race_id=025182002746: 8 頭 × 46 特徴量 (リーク除外済み)
18:43:39 INFO     [src.ml.features] [SIMULATE] 特徴量生成 race_id=021132010230: 12 頭 × 46 特徴量 (リーク除外済み)
18:43:39 INFO     [src.ml.features] [SIMULATE] 特徴量生成 race_id=025142010330: 35 頭 × 46 特徴量 (リーク除外済み)
18:43:39 INFO     [src.ml.features] [SIMULATE] 特徴量生成 race_id=025192000850: 34 頭 × 46 特徴量 (リーク除外済み)
18:43:39 INFO     [src.ml.features] [SIMULATE] 特徴量生成 race_id=025122003148: 12 頭 × 46 特徴量 (リーク除外済み)
18:43:39 INFO     [src.ml.features] [SIMULATE] 特徴量生成 race_id=025112013055: 12 頭 × 46 特徴量 (リーク除外済み)
18:43:39 INFO     [src.ml.features] [SIMULATE] 特徴量生成 race_id=025112023147: 24 頭 × 46 特徴量 (リーク除外済み)
18:43:39 INFO     [src.ml.features] [SIMULATE] 特徴量生成 race_id=025072011644: 13 頭 × 46 特徴量 (リーク除外済み)
18:43:39 INFO     [src.ml.features] [SIMULATE] 特徴量生成 race_id=024142012355: 12 頭 × 46 特徴量 (リーク除外済み)
18:43:39 INFO     [src.ml.features] [SIMULATE] 特徴量生成 race_id=025072012654: 21 頭 × 46 特徴量 (リーク除外済み)
18:43:39 INFO     [src.ml.features] [SIMULATE] 特徴量生成 race_id=024112023147: 20 頭 × 46 特徴量 (リーク除外済み)
18:43:39 INFO     [src.ml.features] [SIMULATE] 特徴量生成 race_id=025112003148: 12 頭 × 46 特徴量 (リーク除外済み)
18:43:39 INFO     [src.ml.features] [SIMULATE] 特徴量生成 race_id=023122001150: 11 頭 × 46 特徴量 (リーク除外済み)
18:43:39 INFO     [src.ml.features] [SIMULATE] 特徴量生成 race_id=026012021054: 12 頭 × 46 特徴量 (リーク除外済み)
18:43:39 INFO     [src.ml.features] [SIMULATE] 特徴量生成 race_id=025082011744: 10 頭 × 46 特徴量 (リーク除外済み)
18:43:39 INFO     [src.ml.features] [SIMULATE] 特徴量生成 race_id=023172012655: 11 頭 × 46 特徴量 (リーク除外済み)
18:43:39 INFO     [src.ml.features] [SIMULATE] 特徴量生成 race_id=024182001750: 31 頭 × 46 特徴量 (リーク除外済み)
18:43:39 INFO     [src.ml.features] [SIMULATE] 特徴量生成 race_id=024132002246: 8 頭 × 46 特徴量 (リーク除外済み)
18:43:39 INFO     [src.ml.features] [SIMULATE] 特徴量生成 race_id=024172010630: 12 頭 × 46 特徴量 (リーク除外済み)
18:43:39 INFO     [src.ml.features] [SIMULATE] 特徴量生成 race_id=023082020754: 9 頭 × 46 特徴量 (リーク除外済み)
18:43:39 INFO     [src.ml.features] [SIMULATE] 特徴量生成 race_id=025192002846: 16 頭 × 46 特徴量 (リーク除外済み)
18:43:39 INFO     [src.ml.features] [SIMULATE] 特徴量生成 race_id=025102000950: 12 頭 × 46 特徴量 (リーク除外済み)
18:43:39 INFO     [src.ml.features] [SIMULATE] 特徴量生成 race_id=025092012854: 9 頭 × 46 特徴量 (リーク除外済み)
18:43:39 INFO     [src.ml.features] [SIMULATE] 特徴量生成 race_id=021112023044: 24 頭 × 46 特徴量 (リーク除外済み)
18:43:39 INFO     [src.ml.features] [SIMULATE] 特徴量生成 race_id=025172020655: 11 頭 × 46 特徴量 (リーク除外済み)
18:43:39 INFO     [src.ml.features] [SIMULATE] 特徴量生成 race_id=022102020944: 29 頭 × 46 特徴量 (リーク除外済み)
18:43:39 INFO     [src.ml.features] [SIMULATE] 特徴量生成 race_id=025162010530: 10 頭 × 46 特徴量 (リーク除外済み)
18:43:39 INFO     [src.ml.features] [SIMULATE] 特徴量生成 race_id=025002012954: 10 頭 × 46 特徴量 (リーク除外済み)
18:43:39 INFO     [src.ml.features] [SIMULATE] 特徴量生成 race_id=024182010730: 36 頭 × 46 特徴量 (リーク除外済み)
18:43:39 INFO     [src.ml.features] [SIMULATE] 特徴量生成 race_id=025112001050: 41 頭 × 46 特徴量 (リーク除外済み)
18:43:39 INFO     [src.ml.features] [SIMULATE] 特徴量生成 race_id=023112023144: 27 頭 × 46 特徴量 (リーク除外済み)
18:43:39 INFO     [src.ml.features] [SIMULATE] 特徴量生成 race_id=023092020854: 11 頭 × 46 特徴量 (リーク除外済み)
18:43:39 INFO     [src.ml.features] [SIMULATE] 特徴量生成 race_id=024082020754: 10 頭 × 46 特徴量 (リーク除外済み)
18:43:39 INFO     [src.ml.features] [SIMULATE] 特徴量生成 race_id=023102010930: 8 頭 × 46 特徴量 (リーク除外済み)
18:43:39 INFO     [src.ml.features] [SIMULATE] 特徴量生成 race_id=024102001850: 11 頭 × 46 特徴量 (リーク除外済み)
18:43:39 INFO     [src.ml.features] [SIMULATE] 特徴量生成 race_id=025032020254: 18 頭 × 46 特徴量 (リーク除外済み)
18:43:39 INFO     [src.ml.features] [SIMULATE] 特徴量生成 race_id=024002010947: 8 頭 × 46 特徴量 (リーク除外済み)
18:43:39 INFO     [src.ml.features] [SIMULATE] 特徴量生成 race_id=024142002350: 12 頭 × 46 特徴量 (リーク除外済み)
18:43:39 INFO     [src.ml.features] [SIMULATE] 特徴量生成 race_id=025102010748: 23 頭 × 46 特徴量 (リーク除外済み)
18:43:39 INFO     [src.ml.features] [SIMULATE] 特徴量生成 race_id=025162001550: 43 頭 × 46 特徴量 (リーク除外済み)
18:43:39 INFO     [src.ml.features] [SIMULATE] 特徴量生成 race_id=026062021554: 9 頭 × 46 特徴量 (リーク除外済み)
18:43:39 INFO     [src.ml.features] [SIMULATE] 特徴量生成 race_id=025152010446: 24 頭 × 46 特徴量 (リーク除外済み)
18:43:39 INFO     [src.ml.features] [SIMULATE] 特徴量生成 race_id=025082012744: 14 頭 × 46 特徴量 (リーク除外済み)
18:43:39 INFO     [src.ml.features] [SIMULATE] 特徴量生成 race_id=025122011130: 27 頭 × 46 特徴量 (リーク除外済み)
18:43:39 INFO     [src.ml.features] [SIMULATE] 特徴量生成 race_id=024102002948: 36 頭 × 46 特徴量 (リーク除外済み)
18:43:39 INFO     [src.ml.features] [SIMULATE] 特徴量生成 race_id=025082010747: 9 頭 × 46 特徴量 (リーク除外済み)
18:43:39 INFO     [src.ml.features] [SIMULATE] 特徴量生成 race_id=025182010748: 8 頭 × 46 特徴量 (リーク除外済み)
18:43:39 INFO     [src.ml.features] [SIMULATE] 特徴量生成 race_id=024112002948: 12 頭 × 46 特徴量 (リーク除外済み)
18:43:39 INFO     [src.ml.features] [SIMULATE] 特徴量生成 race_id=020102002950: 10 頭 × 46 特徴量 (リーク除外済み)
18:43:39 INFO     [src.ml.features] [SIMULATE] 特徴量生成 race_id=025052020454: 8 頭 × 46 特徴量 (リーク除外済み)
18:43:39 INFO     [src.ml.features] [SIMULATE] 特徴量生成 race_id=024152002450: 12 頭 × 46 特徴量 (リーク除外済み)
18:43:39 INFO     [src.ml.features] [SIMULATE] 特徴量生成 race_id=024032012244: 30 頭 × 46 特徴量 (リーク除外済み)
18:43:39 INFO     [src.ml.features] [SIMULATE] 特徴量生成 race_id=025092012844: 25 頭 × 46 特徴量 (リーク除外済み)
18:43:39 INFO     [src.ml.features] [SIMULATE] 特徴量生成 race_id=026082010747: 8 頭 × 46 特徴量 (リーク除外済み)
18:43:39 INFO     [src.ml.features] [SIMULATE] 特徴量生成 race_id=025092010847: 26 頭 × 46 特徴量 (リーク除外済み)
18:43:39 INFO     [src.ml.features] [SIMULATE] 特徴量生成 race_id=024112003048: 24 頭 × 46 特徴量 (リーク除外済み)
18:43:39 INFO     [src.ml.features] [SIMULATE] 特徴量生成 race_id=025112011048: 10 頭 × 46 特徴量 (リーク除外済み)
18:43:39 INFO     [src.ml.features] [SIMULATE] 特徴量生成 race_id=025172001650: 22 頭 × 46 特徴量 (リーク除外済み)
18:43:39 INFO     [src.ml.features] [SIMULATE] 特徴量生成 race_id=024112003148: 22 頭 × 46 特徴量 (リーク除外済み)
18:43:39 INFO     [src.ml.features] [SIMULATE] 特徴量生成 race_id=024052021454: 10 頭 × 46 特徴量 (リーク除外済み)
18:43:39 INFO     [src.ml.features] [SIMULATE] 特徴量生成 race_id=025002010947: 8 頭 × 46 特徴量 (リーク除外済み)
18:43:39 INFO     [src.ml.features] [SIMULATE] 特徴量生成 race_id=026092010847: 8 頭 × 46 特徴量 (リーク除外済み)
18:43:39 INFO     [src.ml.features] [SIMULATE] 特徴量生成 race_id=023052021454: 11 頭 × 46 特徴量 (リーク除外済み)
18:43:39 INFO     [src.ml.features] [SIMULATE] 特徴量生成 race_id=025062020554: 26 頭 × 46 特徴量 (リーク除外済み)
18:43:39 INFO     [src.ml.features] [SIMULATE] 特徴量生成 race_id=025002012944: 24 頭 × 46 特徴量 (リーク除外済み)
18:43:40 INFO     [src.ml.features] [SIMULATE] 特徴量生成 race_id=025182001750: 21 頭 × 46 特徴量 (リーク除外済み)
18:43:40 INFO     [src.ml.features] [SIMULATE] 特徴量生成 race_id=024162002550: 9 頭 × 46 特徴量 (リーク除外済み)
18:43:40 INFO     [src.ml.features] [SIMULATE] 特徴量生成 race_id=025142011330: 22 頭 × 46 特徴量 (リーク除外済み)
18:43:40 INFO     [src.ml.features] [SIMULATE] 特徴量生成 race_id=025122011148: 11 頭 × 46 特徴量 (リーク除外済み)
18:43:40 INFO     [src.ml.features] [SIMULATE] 特徴量生成 race_id=023132002050: 20 頭 × 46 特徴量 (リーク除外済み)
18:43:40 INFO     [src.ml.features] [SIMULATE] 特徴量生成 race_id=024042012344: 26 頭 × 46 特徴量 (リーク除外済み)
18:43:40 INFO     [src.ml.features] [SIMULATE] 特徴量生成 race_id=022072012644: 14 頭 × 46 特徴量 (リーク除外済み)
18:43:40 INFO     [src.ml.features] [SIMULATE] 特徴量生成 race_id=025132011248: 44 頭 × 46 特徴量 (リーク除外済み)
18:43:40 INFO     [src.ml.features] [SIMULATE] 特徴量生成 race_id=024102002950: 15 頭 × 46 特徴量 (リーク除外済み)
18:43:40 INFO     [src.ml.features] [SIMULATE] 特徴量生成 race_id=021022012144: 14 頭 × 46 特徴量 (リーク除外済み)
18:43:40 INFO     [src.ml.features] [SIMULATE] 特徴量生成 race_id=023112020955: 10 頭 × 46 特徴量 (リーク除外済み)
18:43:40 INFO     [src.ml.features] [SIMULATE] 特徴量生成 race_id=026022010947: 8 頭 × 46 特徴量 (リーク除外済み)
18:43:40 INFO     [src.ml.features] [SIMULATE] 特徴量生成 race_id=024182020755: 22 頭 × 46 特徴量 (リーク除外済み)
18:43:40 INFO     [src.ml.features] [SIMULATE] 特徴量生成 race_id=024142010346: 6 頭 × 46 特徴量 (リーク除外済み)
18:43:40 INFO     [src.ml.features] [SIMULATE] 特徴量生成 race_id=025012011047: 8 頭 × 46 特徴量 (リーク除外済み)
18:43:40 INFO     [src.ml.features] [SIMULATE] 特徴量生成 race_id=023002021954: 12 頭 × 46 特徴量 (リーク除外済み)
18:43:40 INFO     [src.ml.features] [SIMULATE] 特徴量生成 race_id=025112011046: 18 頭 × 46 特徴量 (リーク除外済み)
18:43:40 INFO     [src.ml.features] [SIMULATE] 特徴量生成 race_id=025132002250: 22 頭 × 46 特徴量 (リーク除外済み)
18:43:40 INFO     [src.ml.features] [SIMULATE] 特徴量生成 race_id=024162010546: 8 頭 × 46 特徴量 (リーク除外済み)
18:43:40 INFO     [src.ml.features] [SIMULATE] 特徴量生成 race_id=025012013144: 23 頭 × 46 特徴量 (リーク除外済み)
18:43:40 INFO     [src.ml.features] [SIMULATE] 特徴量生成 race_id=024112003050: 20 頭 × 46 特徴量 (リーク除外済み)
18:43:40 INFO     [src.ml.features] [SIMULATE] 特徴量生成 race_id=022112023044: 13 頭 × 46 特徴量 (リーク除外済み)
18:43:40 INFO     [src.ml.features] [SIMULATE] 特徴量生成 race_id=024012022054: 10 頭 × 46 特徴量 (リーク除外済み)
18:43:40 INFO     [src.ml.features] [SIMULATE] 特徴量生成 race_id=025142011348: 11 頭 × 46 特徴量 (リーク除外済み)
18:43:40 INFO     [src.ml.features] [SIMULATE] 特徴量生成 race_id=025022021154: 18 頭 × 46 特徴量 (リーク除外済み)
18:43:40 INFO     [src.ml.features] [SIMULATE] 特徴量生成 race_id=025142002350: 12 頭 × 46 特徴量 (リーク除外済み)
18:43:40 INFO     [src.ml.features] [SIMULATE] 特徴量生成 race_id=025182022755: 20 頭 × 46 特徴量 (リーク除外済み)
18:43:40 INFO     [src.ml.features] [SIMULATE] 特徴量生成 race_id=025122011146: 9 頭 × 46 特徴量 (リーク除外済み)
18:43:40 INFO     [src.ml.features] [SIMULATE] 特徴量生成 race_id=025032021254: 9 頭 × 46 特徴量 (リーク除外済み)
18:43:40 INFO     [src.ml.features] [SIMULATE] 特徴量生成 race_id=026062022554: 10 頭 × 46 特徴量 (リーク除外済み)
18:43:40 INFO     [src.ml.features] [SIMULATE] 特徴量生成 race_id=024022022154: 9 頭 × 46 特徴量 (リーク除外済み)
18:43:40 INFO     [src.ml.features] [SIMULATE] 特徴量生成 race_id=024112003150: 20 頭 × 46 特徴量 (リーク除外済み)
18:43:40 INFO     [src.ml.features] [SIMULATE] 特徴量生成 race_id=022112023144: 14 頭 × 46 特徴量 (リーク除外済み)
18:43:40 INFO     [src.ml.features] [SIMULATE] 特徴量生成 race_id=024072012644: 19 頭 × 46 特徴量 (リーク除外済み)
18:43:40 INFO     [src.ml.features] [SIMULATE] 特徴量生成 race_id=023102002750: 10 頭 × 46 特徴量 (リーク除外済み)
18:43:40 INFO     [src.ml.features] [SIMULATE] 特徴量生成 race_id=025152002450: 12 頭 × 46 特徴量 (リーク除外済み)
18:43:40 INFO     [src.ml.features] [SIMULATE] 特徴量生成 race_id=025112012048: 24 頭 × 46 特徴量 (リーク除外済み)
18:43:40 INFO     [src.ml.features] [SIMULATE] 特徴量生成 race_id=025072021654: 11 頭 × 46 特徴量 (リーク除外済み)
18:43:40 INFO     [src.ml.features] [SIMULATE] 特徴量生成 race_id=025172011646: 15 頭 × 46 特徴量 (リーク除外済み)
18:43:40 INFO     [src.ml.features] [SIMULATE] 特徴量生成 race_id=025082021744: 25 頭 × 46 特徴量 (リーク除外済み)
18:43:40 INFO     [src.ml.features] [SIMULATE] 特徴量生成 race_id=025022012147: 25 頭 × 46 特徴量 (リーク除外済み)
18:43:40 INFO     [src.ml.features] [SIMULATE] 特徴量生成 race_id=024122011148: 24 頭 × 46 特徴量 (リーク除外済み)
18:43:40 INFO     [src.ml.features] [SIMULATE] 特徴量生成 race_id=025192002850: 21 頭 × 46 特徴量 (リーク除外済み)
18:43:40 INFO     [src.ml.features] [SIMULATE] 特徴量生成 race_id=025092021854: 23 頭 × 46 特徴量 (リーク除外済み)
18:43:40 INFO     [src.ml.features] [SIMULATE] 特徴量生成 race_id=025032012247: 8 頭 × 46 特徴量 (リーク除外済み)
18:43:40 INFO     [src.ml.features] [SIMULATE] 特徴量生成 race_id=023182021755: 8 頭 × 46 特徴量 (リーク除外済み)
18:43:40 INFO     [src.ml.features] [SIMULATE] 特徴量生成 race_id=025182011746: 7 頭 × 46 特徴量 (リーク除外済み)
18:43:40 INFO     [src.ml.features] [SIMULATE] 特徴量生成 race_id=021072021644: 12 頭 × 46 特徴量 (リーク除外済み)
18:43:40 INFO     [src.ml.features] [SIMULATE] 特徴量生成 race_id=026022012147: 8 頭 × 46 特徴量 (リーク除外済み)
18:43:40 INFO     [src.ml.features] [SIMULATE] 特徴量生成 race_id=025122012148: 10 頭 × 46 特徴量 (リーク除外済み)
18:43:40 INFO     [src.ml.features] [SIMULATE] 特徴量生成 race_id=024032021244: 13 頭 × 46 特徴量 (リーク除外済み)
18:43:40 INFO     [src.ml.features] [SIMULATE] 特徴量生成 race_id=024132011248: 12 頭 × 46 特徴量 (リーク除外済み)
18:43:40 INFO     [src.ml.features] [SIMULATE] 特徴量生成 race_id=024162010550: 32 頭 × 46 特徴量 (リーク除外済み)
18:43:40 INFO     [src.ml.features] [SIMULATE] 特徴量生成 race_id=025102002950: 40 頭 × 46 特徴量 (リーク除外済み)
18:43:40 INFO     [src.ml.features] [SIMULATE] 特徴量生成 race_id=024182011746: 9 頭 × 46 特徴量 (リーク除外済み)
18:43:40 INFO     [src.ml.features] [SIMULATE] 特徴量生成 race_id=024042021344: 14 頭 × 46 特徴量 (リーク除外済み)
18:43:40 INFO     [src.ml.features] [SIMULATE] 特徴量生成 race_id=026032012247: 9 頭 × 46 特徴量 (リーク除外済み)
18:43:40 INFO     [src.ml.features] [SIMULATE] 特徴量生成 race_id=023062012544: 14 頭 × 46 特徴量 (リーク除外済み)
18:43:40 INFO     [src.ml.features] [SIMULATE] 特徴量生成 race_id=025002021954: 8 頭 × 46 特徴量 (リーク除外済み)
18:43:40 INFO     [src.ml.features] [SIMULATE] 特徴量生成 race_id=025142012346: 14 頭 × 46 特徴量 (リーク除外済み)
18:43:40 INFO     [src.ml.features] [SIMULATE] 特徴量生成 race_id=024142011348: 12 頭 × 46 特徴量 (リーク除外済み)
18:43:40 INFO     [src.ml.features] [SIMULATE] 特徴量生成 race_id=025042012347: 9 頭 × 46 特徴量 (リーク除外済み)
18:43:40 INFO     [src.ml.features] [SIMULATE] 特徴量生成 race_id=025162012548: 9 頭 × 46 特徴量 (リーク除外済み)
18:43:40 INFO     [src.ml.features] [SIMULATE] 特徴量生成 race_id=023022030154: 8 頭 × 46 特徴量 (リーク除外済み)
18:43:40 INFO     [src.ml.features] [SIMULATE] 特徴量生成 race_id=024172010650: 20 頭 × 46 特徴量 (リーク除外済み)
18:43:40 INFO     [src.ml.features] [SIMULATE] 特徴量生成 race_id=026092021844: 16 頭 × 46 特徴量 (リーク除外済み)
18:43:40 INFO     [src.ml.features] [SIMULATE] 特徴量生成 race_id=025002021944: 31 頭 × 46 特徴量 (リーク除外済み)
18:43:40 INFO     [src.ml.features] [SIMULATE] 特徴量生成 race_id=025112003050: 21 頭 × 46 特徴量 (リーク除外済み)
18:43:40 INFO     [src.ml.features] [SIMULATE] 特徴量生成 race_id=026022011155: 21 頭 × 46 特徴量 (リーク除外済み)
18:43:40 INFO     [src.ml.features] [SIMULATE] 特徴量生成 race_id=025152012446: 8 頭 × 46 特徴量 (リーク除外済み)
18:43:40 INFO     [src.ml.features] [SIMULATE] 特徴量生成 race_id=025142010350: 6 頭 × 46 特徴量 (リーク除外済み)
18:43:40 INFO     [src.ml.features] [SIMULATE] 特徴量生成 race_id=024122022155: 11 頭 × 46 特徴量 (リーク除外済み)
18:43:40 INFO     [src.ml.features] [SIMULATE] 特徴量生成 race_id=024052021444: 25 頭 × 46 特徴量 (リーク除外済み)
18:43:40 INFO     [src.ml.features] [SIMULATE] 特徴量生成 race_id=025172012648: 48 頭 × 46 特徴量 (リーク除外済み)
18:43:40 INFO     [src.ml.features] [SIMULATE] 特徴量生成 race_id=024182010750: 22 頭 × 46 特徴量 (リーク除外済み)
18:43:40 INFO     [src.ml.features] [SIMULATE] 特徴量生成 race_id=023142022355: 11 頭 × 46 特徴量 (リーク除外済み)
18:43:41 INFO     [src.ml.features] [SIMULATE] 特徴量生成 race_id=025012022044: 24 頭 × 46 特徴量 (リーク除外済み)
18:43:41 INFO     [src.ml.features] [SIMULATE] 特徴量生成 race_id=026042012347: 10 頭 × 46 特徴量 (リーク除外済み)
18:43:41 INFO     [src.ml.features] [SIMULATE] 特徴量生成 race_id=025052012447: 18 頭 × 46 特徴量 (リーク除外済み)
18:43:41 INFO     [src.ml.features] [SIMULATE] 特徴量生成 race_id=024152011448: 12 頭 × 46 特徴量 (リーク除外済み)
18:43:41 INFO     [src.ml.features] [SIMULATE] 特徴量生成 race_id=024062030554: 10 頭 × 46 特徴量 (リーク除外済み)
18:43:41 INFO     [src.ml.features] [SIMULATE] 特徴量生成 race_id=025052022454: 20 頭 × 46 特徴量 (リーク除外済み)
18:43:41 INFO     [src.ml.features] [SIMULATE] 特徴量生成 race_id=023072030654: 9 頭 × 46 特徴量 (リーク除外済み)
18:43:41 INFO     [src.ml.features] [SIMULATE] 特徴量生成 race_id=025152010450: 43 頭 × 46 特徴量 (リーク除外済み)
18:43:41 INFO     [src.ml.features] [SIMULATE] 特徴量生成 race_id=025162012546: 9 頭 × 46 特徴量 (リーク除外済み)
18:43:41 INFO     [src.ml.features] [SIMULATE] 特徴量生成 race_id=022022021144: 10 頭 × 46 特徴量 (リーク除外済み)
18:43:41 INFO     [src.ml.features] [SIMULATE] 特徴量生成 race_id=024102011946: 12 頭 × 46 特徴量 (リーク除外済み)
18:43:41 INFO     [src.ml.features] [SIMULATE] 特徴量生成 race_id=026022031154: 12 頭 × 46 特徴量 (リーク除外済み)
18:43:41 INFO     [src.ml.features] [SIMULATE] 特徴量生成 race_id=025062022554: 22 頭 × 46 特徴量 (リーク除外済み)
18:43:41 INFO     [src.ml.features] [SIMULATE] 特徴量生成 race_id=025032030254: 21 頭 × 46 特徴量 (リーク除外済み)
18:43:41 INFO     [src.ml.features] [SIMULATE] 特徴量生成 race_id=023072020647: 8 頭 × 46 特徴量 (リーク除外済み)
18:43:41 INFO     [src.ml.features] [SIMULATE] 特徴量生成 race_id=025052020447: 19 頭 × 46 特徴量 (リーク除外済み)
18:43:41 INFO     [src.ml.features] [SIMULATE] 特徴量生成 race_id=024112012048: 10 頭 × 46 特徴量 (リーク除外済み)
18:43:41 INFO     [src.ml.features] [SIMULATE] 特徴量生成 race_id=025122020146: 16 頭 × 46 特徴量 (リーク除外済み)
18:43:41 INFO     [src.ml.features] [SIMULATE] 特徴量生成 race_id=023102010950: 8 頭 × 46 特徴量 (リーク除外済み)
18:43:41 INFO     [src.ml.features] [SIMULATE] 特徴量生成 race_id=023032031254: 11 頭 × 46 特徴量 (リーク除外済み)
18:43:41 INFO     [src.ml.features] [SIMULATE] 特徴量生成 race_id=024062010555: 10 頭 × 46 特徴量 (リーク除外済み)
18:43:41 INFO     [src.ml.features] [SIMULATE] 特徴量生成 race_id=025012031044: 10 頭 × 46 特徴量 (リーク除外済み)
18:43:41 INFO     [src.ml.features] [SIMULATE] 特徴量生成 race_id=025162010550: 9 頭 × 46 特徴量 (リーク除外済み)
18:43:41 INFO     [src.ml.features] [SIMULATE] 特徴量生成 race_id=025152020448: 12 頭 × 46 特徴量 (リーク除外済み)
18:43:41 INFO     [src.ml.features] [SIMULATE] 特徴量生成 race_id=024132011250: 34 頭 × 46 特徴量 (リーク除外済み)
18:43:41 INFO     [src.ml.features] [SIMULATE] 特徴量生成 race_id=025132020246: 8 頭 × 46 特徴量 (リーク除外済み)
18:43:41 INFO     [src.ml.features] [SIMULATE] 特徴量生成 race_id=025062010555: 11 頭 × 46 特徴量 (リーク除外済み)
18:43:41 INFO     [src.ml.features] [SIMULATE] 特徴量生成 race_id=024072020647: 10 頭 × 46 特徴量 (リーク除外済み)
18:43:41 INFO     [src.ml.features] [SIMULATE] 特徴量生成 race_id=024142011350: 22 頭 × 46 特徴量 (リーク除外済み)
18:43:41 INFO     [src.ml.features] [SIMULATE] 特徴量生成 race_id=025062020547: 28 頭 × 46 特徴量 (リーク除外済み)
18:43:41 INFO     [src.ml.features] [SIMULATE] 特徴量生成 race_id=025172010650: 12 頭 × 46 特徴量 (リーク除外済み)
18:43:41 INFO     [src.ml.features] [SIMULATE] 特徴量生成 race_id=025052030454: 12 頭 × 46 特徴量 (リーク除外済み)
18:43:41 INFO     [src.ml.features] [SIMULATE] 特徴量生成 race_id=026062012555: 11 頭 × 46 特徴量 (リーク除外済み)
18:43:41 INFO     [src.ml.features] [SIMULATE] 特徴量生成 race_id=024022031154: 8 頭 × 46 特徴量 (リーク除外済み)
18:43:41 INFO     [src.ml.features] [SIMULATE] 特徴量生成 race_id=024082022744: 28 頭 × 46 特徴量 (リーク除外済み)
18:43:41 INFO     [src.ml.features] [SIMULATE] 特徴量生成 race_id=023152011450: 8 頭 × 46 特徴量 (リーク除外済み)
18:43:41 INFO     [src.ml.features] [SIMULATE] 特徴量生成 race_id=024122012148: 36 頭 × 46 特徴量 (リーク除外済み)
18:43:41 INFO     [src.ml.features] [SIMULATE] 特徴量生成 race_id=025162020548: 12 頭 × 46 特徴量 (リーク除外済み)
18:43:41 INFO     [src.ml.features] [SIMULATE] 特徴量生成 race_id=024152011450: 12 頭 × 46 特徴量 (リーク除外済み)
18:43:41 INFO     [src.ml.features] [SIMULATE] 特徴量生成 race_id=025122011150: 22 頭 × 46 特徴量 (リーク除外済み)
18:43:41 INFO     [src.ml.features] [SIMULATE] 特徴量生成 race_id=021012031044: 10 頭 × 46 特徴量 (リーク除外済み)
18:43:41 INFO     [src.ml.features] [SIMULATE] 特徴量生成 race_id=025062030554: 10 頭 × 46 特徴量 (リーク除外済み)
18:43:41 INFO     [src.ml.features] [SIMULATE] 特徴量生成 race_id=026002012955: 20 頭 × 46 特徴量 (リーク除外済み)
18:43:41 INFO     [src.ml.features] [SIMULATE] 特徴量生成 race_id=024132012248: 24 頭 × 46 特徴量 (リーク除外済み)
18:43:41 INFO     [src.ml.features] [SIMULATE] 特徴量生成 race_id=026062020547: 10 頭 × 46 特徴量 (リーク除外済み)
18:43:41 INFO     [src.ml.features] [SIMULATE] 特徴量生成 race_id=025072020647: 17 頭 × 46 特徴量 (リーク除外済み)
18:43:41 INFO     [src.ml.features] [SIMULATE] 特徴量生成 race_id=025182020746: 8 頭 × 46 特徴量 (リーク除外済み)
18:43:41 INFO     [src.ml.features] [SIMULATE] 特徴量生成 race_id=023062031554: 10 頭 × 46 特徴量 (リーク除外済み)
18:43:41 INFO     [src.ml.features] [SIMULATE] 特徴量生成 race_id=025072010655: 12 頭 × 46 特徴量 (リーク除外済み)
18:43:41 INFO     [src.ml.features] [SIMULATE] 特徴量生成 race_id=025032031244: 12 頭 × 46 特徴量 (リーク除外済み)
18:43:41 INFO     [src.ml.features] [SIMULATE] 特徴量生成 race_id=024012022944: 27 頭 × 46 特徴量 (リーク除外済み)
18:43:41 INFO     [src.ml.features] [SIMULATE] 特徴量生成 race_id=025002030954: 10 頭 × 46 特徴量 (リーク除外済み)
18:43:41 INFO     [src.ml.features] [SIMULATE] 特徴量生成 race_id=024102011950: 12 頭 × 46 特徴量 (リーク除外済み)
18:43:41 INFO     [src.ml.features] [SIMULATE] 特徴量生成 race_id=025112021048: 12 頭 × 46 特徴量 (リーク除外済み)
18:43:41 INFO     [src.ml.features] [SIMULATE] 特徴量生成 race_id=024082031754: 9 頭 × 46 特徴量 (リーク除外済み)
18:43:41 INFO     [src.ml.features] [SIMULATE] 特徴量生成 race_id=025192020846: 17 頭 × 46 特徴量 (リーク除外済み)
18:43:41 INFO     [src.ml.features] [SIMULATE] 特徴量生成 race_id=023042022344: 14 頭 × 46 特徴量 (リーク除外済み)
18:43:41 INFO     [src.ml.features] [SIMULATE] 特徴量生成 race_id=025092020747: 16 頭 × 46 特徴量 (リーク除外済み)
18:43:41 INFO     [src.ml.features] [SIMULATE] 特徴量生成 race_id=024162012548: 11 頭 × 46 特徴量 (リーク除外済み)
18:43:41 INFO     [src.ml.features] [SIMULATE] 特徴量生成 race_id=024132020246: 10 頭 × 46 特徴量 (リーク除外済み)
18:43:41 INFO     [src.ml.features] [SIMULATE] 特徴量生成 race_id=024092020847: 9 頭 × 46 特徴量 (リーク除外済み)
18:43:41 INFO     [src.ml.features] [SIMULATE] 特徴量生成 race_id=025132011250: 8 頭 × 46 特徴量 (リーク除外済み)
18:43:41 INFO     [src.ml.features] [SIMULATE] 特徴量生成 race_id=025042031344: 16 頭 × 46 特徴量 (リーク除外済み)
18:43:41 INFO     [src.ml.features] [SIMULATE] 特徴量生成 race_id=025022031154: 17 頭 × 46 特徴量 (リーク除外済み)
18:43:42 INFO     [src.ml.features] [SIMULATE] 特徴量生成 race_id=026022020155: 10 頭 × 46 特徴量 (リーク除外済み)
18:43:42 INFO     [src.ml.features] [SIMULATE] 特徴量生成 race_id=024142020346: 8 頭 × 46 特徴量 (リーク除外済み)
18:43:42 INFO     [src.ml.features] [SIMULATE] 特徴量生成 race_id=025052031444: 14 頭 × 46 特徴量 (リーク除外済み)
18:43:42 INFO     [src.ml.features] [SIMULATE] 特徴量生成 race_id=025142011350: 10 頭 × 46 特徴量 (リーク除外済み)
18:43:42 INFO     [src.ml.features] [SIMULATE] 特徴量生成 race_id=024042011355: 12 頭 × 46 特徴量 (リーク除外済み)
18:43:42 INFO     [src.ml.features] [SIMULATE] 特徴量生成 race_id=024022030144: 16 頭 × 46 特徴量 (リーク除外済み)
18:43:42 INFO     [src.ml.features] [SIMULATE] 特徴量生成 race_id=025032031254: 11 頭 × 46 特徴量 (リーク除外済み)
18:43:42 INFO     [src.ml.features] [SIMULATE] 特徴量生成 race_id=023032032254: 7 頭 × 46 特徴量 (リーク除外済み)
18:43:42 INFO     [src.ml.features] [SIMULATE] 特徴量生成 race_id=024122012150: 22 頭 × 46 特徴量 (リーク除外済み)
18:43:42 INFO     [src.ml.features] [SIMULATE] 特徴量生成 race_id=025092011855: 10 頭 × 46 特徴量 (リーク除外済み)
18:43:42 INFO     [src.ml.features] [SIMULATE] 特徴量生成 race_id=024192020846: 10 頭 × 46 特徴量 (リーク除外済み)
18:43:42 INFO     [src.ml.features] [SIMULATE] 特徴量生成 race_id=023072032654: 10 頭 × 46 特徴量 (リーク除外済み)
18:43:42 INFO     [src.ml.features] [SIMULATE] 特徴量生成 race_id=025192011850: 33 頭 × 46 特徴量 (リーク除外済み)
18:43:42 INFO     [src.ml.features] [SIMULATE] 特徴量生成 race_id=025072031654: 8 頭 × 46 特徴量 (リーク除外済み)
18:43:42 INFO     [src.ml.features] [SIMULATE] 特徴量生成 race_id=025152021446: 8 頭 × 46 特徴量 (リーク除外済み)
18:43:42 INFO     [src.ml.features] [SIMULATE] 特徴量生成 race_id=025092021847: 18 頭 × 46 特徴量 (リーク除外済み)
18:43:42 INFO     [src.ml.features] [SIMULATE] 特徴量生成 race_id=024172012650: 22 頭 × 46 特徴量 (リーク除外済み)
18:43:42 INFO     [src.ml.features] [SIMULATE] 特徴量生成 race_id=024142020348: 36 頭 × 46 特徴量 (リーク除外済み)
18:43:42 INFO     [src.ml.features] [SIMULATE] 特徴量生成 race_id=025192021848: 12 頭 × 46 特徴量 (リーク除外済み)
18:43:42 INFO     [src.ml.features] [SIMULATE] 特徴量生成 race_id=022092032844: 16 頭 × 46 特徴量 (リーク除外済み)
18:43:42 INFO     [src.ml.features] [SIMULATE] 特徴量生成 race_id=023142012350: 21 頭 × 46 特徴量 (リーク除外済み)
18:43:42 INFO     [src.ml.features] [SIMULATE] 特徴量生成 race_id=025162021546: 11 頭 × 46 特徴量 (リーク除外済み)
18:43:42 INFO     [src.ml.features] [SIMULATE] 特徴量生成 race_id=024012022047: 10 頭 × 46 特徴量 (リーク除外済み)
18:43:42 INFO     [src.ml.features] [SIMULATE] 特徴量生成 race_id=025002021947: 9 頭 × 46 特徴量 (リーク除外済み)
18:43:42 INFO     [src.ml.features] [SIMULATE] 特徴量生成 race_id=024072032654: 20 頭 × 46 特徴量 (リーク除外済み)
18:43:42 INFO     [src.ml.features] [SIMULATE] 特徴量生成 race_id=025092031854: 31 頭 × 46 特徴量 (リーク除外済み)
18:43:42 INFO     [src.ml.features] [SIMULATE] 特徴量生成 race_id=024152020448: 36 頭 × 46 特徴量 (リーク除外済み)
18:43:42 INFO     [src.ml.features] [SIMULATE] 特徴量生成 race_id=025102021948: 12 頭 × 46 特徴量 (リーク除外済み)
18:43:42 INFO     [src.ml.features] [SIMULATE] 特徴量生成 race_id=024182012750: 19 頭 × 46 特徴量 (リーク除外済み)
18:43:42 INFO     [src.ml.features] [SIMULATE] 特徴量生成 race_id=026092021847: 9 頭 × 46 特徴量 (リーク除外済み)
18:43:42 INFO     [src.ml.features] [SIMULATE] 特徴量生成 race_id=024022012155: 9 頭 × 46 特徴量 (リーク除外済み)
18:43:42 INFO     [src.ml.features] [SIMULATE] 特徴量生成 race_id=023082030744: 15 頭 × 46 特徴量 (リーク除外済み)
18:43:42 INFO     [src.ml.features] [SIMULATE] 特徴量生成 race_id=025072032644: 16 頭 × 46 特徴量 (リーク除外済み)
18:43:42 INFO     [src.ml.features] [SIMULATE] 特徴量生成 race_id=024012032044: 16 頭 × 46 特徴量 (リーク除外済み)
18:43:42 INFO     [src.ml.features] [SIMULATE] 特徴量生成 race_id=026052032454: 24 頭 × 46 特徴量 (リーク除外済み)
18:43:42 INFO     [src.ml.features] [SIMULATE] 特徴量生成 race_id=021052032444: 12 頭 × 46 特徴量 (リーク除外済み)
18:43:42 INFO     [src.ml.features] [SIMULATE] 特徴量生成 race_id=025002031954: 21 頭 × 46 特徴量 (リーク除外済み)
18:43:42 INFO     [src.ml.features] [SIMULATE] 特徴量生成 race_id=024192012850: 43 頭 × 46 特徴量 (リーク除外済み)
18:43:42 INFO     [src.ml.features] [SIMULATE] 特徴量生成 race_id=025112012050: 39 頭 × 46 特徴量 (リーク除外済み)
18:43:42 INFO     [src.ml.features] [SIMULATE] 特徴量生成 race_id=025012022047: 23 頭 × 46 特徴量 (リーク除外済み)
18:43:42 INFO     [src.ml.features] [SIMULATE] 特徴量生成 race_id=025052022047: 10 頭 × 46 特徴量 (リーク除外済み)
18:43:42 INFO     [src.ml.features] [SIMULATE] 特徴量生成 race_id=026032021255: 12 頭 × 46 特徴量 (リーク除外済み)
18:43:42 INFO     [src.ml.features] [SIMULATE] 特徴量生成 race_id=024162020548: 12 頭 × 46 特徴量 (リーク除外済み)
18:43:42 INFO     [src.ml.features] [SIMULATE] 特徴量生成 race_id=026062032544: 7 頭 × 46 特徴量 (リーク除外済み)
18:43:42 INFO     [src.ml.features] [SIMULATE] 特徴量生成 race_id=024082032754: 12 頭 × 46 特徴量 (リーク除外済み)
18:43:42 INFO     [src.ml.features] [SIMULATE] 特徴量生成 race_id=025042032354: 11 頭 × 46 特徴量 (リーク除外済み)
18:43:42 INFO     [src.ml.features] [SIMULATE] 特徴量生成 race_id=026012022047: 8 頭 × 46 特徴量 (リーク除外済み)
18:43:42 INFO     [src.ml.features] [SIMULATE] 特徴量生成 race_id=024032022247: 8 頭 × 46 特徴量 (リーク除外済み)
18:43:42 INFO     [src.ml.features] [SIMULATE] 特徴量生成 race_id=024182020648: 24 頭 × 46 特徴量 (リーク除外済み)
18:43:42 INFO     [src.ml.features] [SIMULATE] 特徴量生成 race_id=025142022348: 10 頭 × 46 特徴量 (リーク除外済み)
18:43:42 INFO     [src.ml.features] [SIMULATE] 特徴量生成 race_id=024022032144: 8 頭 × 46 特徴量 (リーク除外済み)
18:43:42 INFO     [src.ml.features] [SIMULATE] 特徴量生成 race_id=025102021946: 26 頭 × 46 特徴量 (リーク除外済み)
18:43:42 INFO     [src.ml.features] [SIMULATE] 特徴量生成 race_id=025022022147: 20 頭 × 46 特徴量 (リーク除外済み)
18:43:42 INFO     [src.ml.features] [SIMULATE] 特徴量生成 race_id=024142020350: 34 頭 × 46 特徴量 (リーク除外済み)
18:43:42 INFO     [src.ml.features] [SIMULATE] 特徴量生成 race_id=024172020648: 12 頭 × 46 特徴量 (リーク除外済み)
18:43:42 INFO     [src.ml.features] [SIMULATE] 特徴量生成 race_id=025072012655: 12 頭 × 46 特徴量 (リーク除外済み)
18:43:42 INFO     [src.ml.features] [SIMULATE] 特徴量生成 race_id=024032032244: 8 頭 × 46 特徴量 (リーク除外済み)
18:43:42 INFO     [src.ml.features] [SIMULATE] 特徴量生成 race_id=023012031044: 14 頭 × 46 特徴量 (リーク除外済み)
18:43:42 INFO     [src.ml.features] [SIMULATE] 特徴量生成 race_id=025092032844: 9 頭 × 46 特徴量 (リーク除外済み)
18:43:42 INFO     [src.ml.features] [SIMULATE] 特徴量生成 race_id=025172012650: 33 頭 × 46 特徴量 (リーク除外済み)
18:43:42 INFO     [src.ml.features] [SIMULATE] 特徴量生成 race_id=025062032554: 9 頭 × 46 特徴量 (リーク除外済み)
18:43:42 INFO     [src.ml.features] [SIMULATE] 特徴量生成 race_id=024152020450: 12 頭 × 46 特徴量 (リーク除外済み)
18:43:42 INFO     [src.ml.features] [SIMULATE] 特徴量生成 race_id=025152022448: 31 頭 × 46 特徴量 (リーク除外済み)
18:43:42 INFO     [src.ml.features] [SIMULATE] 特徴量生成 race_id=024092012855: 11 頭 × 46 特徴量 (リーク除外済み)
18:43:42 INFO     [src.ml.features] [SIMULATE] 特徴量生成 race_id=026062021555: 12 頭 × 46 特徴量 (リーク除外済み)
18:43:42 INFO     [src.ml.features] [SIMULATE] 特徴量生成 race_id=024162020550: 36 頭 × 46 特徴量 (リーク除外済み)
18:43:42 INFO     [src.ml.features] [SIMULATE] 特徴量生成 race_id=025072032654: 35 頭 × 46 特徴量 (リーク除外済み)
18:43:42 INFO     [src.ml.features] [SIMULATE] 特徴量生成 race_id=025182012750: 24 頭 × 46 特徴量 (リーク除外済み)
18:43:42 INFO     [src.ml.features] [SIMULATE] 特徴量生成 race_id=025022020155: 21 頭 × 46 特徴量 (リーク除外済み)
18:43:42 INFO     [src.ml.features] [SIMULATE] 特徴量生成 race_id=024192021848: 21 頭 × 46 特徴量 (リーク除外済み)
18:43:42 INFO     [src.ml.features] [SIMULATE] 特徴量生成 race_id=023162020550: 20 頭 × 46 特徴量 (リーク除外済み)
18:43:42 INFO     [src.ml.features] [SIMULATE] 特徴量生成 race_id=026022010148: 24 頭 × 46 特徴量 (リーク除外済み)
18:43:43 INFO     [src.ml.features] [SIMULATE] 特徴量生成 race_id=024052030447: 16 頭 × 46 特徴量 (リーク除外済み)
18:43:43 INFO     [src.ml.features] [SIMULATE] 特徴量生成 race_id=025132020250: 16 頭 × 46 特徴量 (リーク除外済み)
18:43:43 INFO     [src.ml.features] [SIMULATE] 特徴量生成 race_id=025052030447: 18 頭 × 46 特徴量 (リーク除外済み)
18:43:43 INFO     [src.ml.features] [SIMULATE] 特徴量生成 race_id=024112021050: 44 頭 × 46 特徴量 (リーク除外済み)
18:43:43 INFO     [src.ml.features] [SIMULATE] 特徴量生成 race_id=024152022446: 8 頭 × 46 特徴量 (リーク除外済み)
18:43:43 INFO     [src.ml.features] [SIMULATE] 特徴量生成 race_id=024102021948: 9 頭 × 46 特徴量 (リーク除外済み)
18:43:43 INFO     [src.ml.features] [SIMULATE] 特徴量生成 race_id=024062030547: 9 頭 × 46 特徴量 (リーク除外済み)
18:43:43 INFO     [src.ml.features] [SIMULATE] 特徴量生成 race_id=024122021150: 34 頭 × 46 特徴量 (リーク除外済み)
18:43:43 INFO     [src.ml.features] [SIMULATE] 特徴量生成 race_id=025062030547: 8 頭 × 46 特徴量 (リーク除外済み)
18:43:43 INFO     [src.ml.features] [SIMULATE] 特徴量生成 race_id=026052030447: 10 頭 × 46 特徴量 (リーク除外済み)
18:43:43 INFO     [src.ml.features] [SIMULATE] 特徴量生成 race_id=025142020350: 12 頭 × 46 特徴量 (リーク除外済み)
18:43:43 INFO     [src.ml.features] [SIMULATE] 特徴量生成 race_id=024132021250: 12 頭 × 46 特徴量 (リーク除外済み)
18:43:43 INFO     [src.ml.features] [SIMULATE] 特徴量生成 race_id=026062022555: 24 頭 × 46 特徴量 (リーク除外済み)
18:43:43 INFO     [src.ml.features] [SIMULATE] 特徴量生成 race_id=023002032944: 14 頭 × 46 特徴量 (リーク除外済み)
18:43:43 INFO     [src.ml.features] [SIMULATE] 特徴量生成 race_id=025152020450: 19 頭 × 46 特徴量 (リーク除外済み)
18:43:43 INFO     [src.ml.features] [SIMULATE] 特徴量生成 race_id=025072030647: 19 頭 × 46 特徴量 (リーク除外済み)
18:43:43 INFO     [src.ml.features] [SIMULATE] 特徴量生成 race_id=026062030547: 11 頭 × 46 特徴量 (リーク除外済み)
18:43:43 INFO     [src.ml.features] [SIMULATE] 特徴量生成 race_id=024192022746: 11 頭 × 46 特徴量 (リーク除外済み)
18:43:43 INFO     [src.ml.features] [SIMULATE] 特徴量生成 race_id=026052010448: 22 頭 × 46 特徴量 (リーク除外済み)
18:43:43 INFO     [src.ml.features] [SIMULATE] 特徴量生成 race_id=025092020855: 11 頭 × 46 特徴量 (リーク除外済み)
18:43:43 INFO     [src.ml.features] [SIMULATE] 特徴量生成 race_id=024182021750: 22 頭 × 46 特徴量 (リーク除外済み)
18:43:43 INFO     [src.ml.features] [SIMULATE] 特徴量生成 race_id=025082030747: 25 頭 × 46 特徴量 (リーク除外済み)
18:43:43 INFO     [src.ml.features] [SIMULATE] 特徴量生成 race_id=025102020950: 32 頭 × 46 特徴量 (リーク除外済み)
18:43:43 INFO     [src.ml.features] [SIMULATE] 特徴量生成 race_id=025002020955: 12 頭 × 46 特徴量 (リーク除外済み)
18:43:43 INFO     [src.ml.features] [SIMULATE] 特徴量生成 race_id=026062010548: 23 頭 × 46 特徴量 (リーク除外済み)
18:43:43 INFO     [src.ml.features] [SIMULATE] 特徴量生成 race_id=024192021850: 10 頭 × 46 特徴量 (リーク除外済み)
18:43:43 INFO     [src.ml.features] [SIMULATE] 特徴量生成 race_id=024152022448: 28 頭 × 46 特徴量 (リーク除外済み)
18:43:43 INFO     [src.ml.features] [SIMULATE] 特徴量生成 race_id=023012033144: 14 頭 × 46 特徴量 (リーク除外済み)
18:43:43 INFO     [src.ml.features] [SIMULATE] 特徴量生成 race_id=025122021150: 32 頭 × 46 特徴量 (リーク除外済み)
18:43:43 INFO     [src.ml.features] [SIMULATE] 特徴量生成 race_id=024102021950: 30 頭 × 46 特徴量 (リーク除外済み)
18:43:43 INFO     [src.ml.features] [SIMULATE] 特徴量生成 race_id=202145012711: 10 頭 × 46 特徴量 (リーク除外済み)
18:43:43 INFO     [src.ml.features] [SIMULATE] 特徴量生成 race_id=202105010811: 16 頭 × 46 特徴量 (リーク除外済み)
18:43:43 INFO     [src.ml.features] [SIMULATE] 特徴量生成 race_id=202107020611: 18 頭 × 46 特徴量 (リーク除外済み)
18:43:43 INFO     [src.ml.features] [SIMULATE] 特徴量生成 race_id=202109020411: 13 頭 × 46 特徴量 (リーク除外済み)
18:43:43 INFO     [src.ml.features] [SIMULATE] 特徴量生成 race_id=202109020611: 18 頭 × 46 特徴量 (リーク除外済み)
18:43:43 INFO     [src.ml.features] [SIMULATE] 特徴量生成 race_id=202106030711: 8 頭 × 46 特徴量 (リーク除外済み)
18:43:43 INFO     [src.ml.features] [SIMULATE] 特徴量生成 race_id=202106030811: 16 頭 × 46 特徴量 (リーク除外済み)
18:43:43 INFO     [src.ml.features] [SIMULATE] 特徴量生成 race_id=202109021211: 17 頭 × 46 特徴量 (リーク除外済み)
18:43:43 INFO     [src.ml.features] [SIMULATE] 特徴量生成 race_id=202143050511: 12 頭 × 46 特徴量 (リーク除外済み)
18:43:43 INFO     [src.ml.features] [SIMULATE] 特徴量生成 race_id=202105020611: 18 頭 × 46 特徴量 (リーク除外済み)
18:43:43 INFO     [src.ml.features] [SIMULATE] 特徴量生成 race_id=202105020811: 18 頭 × 46 特徴量 (リーク除外済み)
18:43:43 INFO     [src.ml.features] [SIMULATE] 特徴量生成 race_id=202105021011: 18 頭 × 46 特徴量 (リーク除外済み)
18:43:43 INFO     [src.ml.features] [SIMULATE] 特徴量生成 race_id=202105021211: 17 頭 × 46 特徴量 (リーク除外済み)
18:43:43 INFO     [src.ml.features] [SIMULATE] 特徴量生成 race_id=202105030211: 14 頭 × 46 特徴量 (リーク除外済み)
18:43:43 INFO     [src.ml.features] [SIMULATE] 特徴量生成 race_id=202109030411: 13 頭 × 46 特徴量 (リーク除外済み)
18:43:43 INFO     [src.ml.features] [SIMULATE] 特徴量生成 race_id=202144063011: 13 頭 × 46 特徴量 (リーク除外済み)
18:43:43 INFO     [src.ml.features] [SIMULATE] 特徴量生成 race_id=202144071411: 13 頭 × 46 特徴量 (リーク除外済み)
18:43:43 INFO     [src.ml.features] [SIMULATE] 特徴量生成 race_id=202106040911: 16 頭 × 46 特徴量 (リーク除外済み)
18:43:43 INFO     [src.ml.features] [SIMULATE] 特徴量生成 race_id=202135101111: 16 頭 × 46 特徴量 (リーク除外済み)
18:43:43 INFO     [src.ml.features] [SIMULATE] 特徴量生成 race_id=202109040411: 16 頭 × 46 特徴量 (リーク除外済み)
18:43:43 INFO     [src.ml.features] [SIMULATE] 特徴量生成 race_id=202109040611: 18 頭 × 46 特徴量 (リーク除外済み)
18:43:43 INFO     [src.ml.features] [SIMULATE] 特徴量生成 race_id=202105040811: 16 頭 × 46 特徴量 (リーク除外済み)
18:43:43 INFO     [src.ml.features] [SIMULATE] 特徴量生成 race_id=202146110308: 12 頭 × 46 特徴量 (リーク除外済み)
18:43:43 INFO     [src.ml.features] [SIMULATE] 特徴量生成 race_id=202146110309: 12 頭 × 46 特徴量 (リーク除外済み)
18:43:43 INFO     [src.ml.features] [SIMULATE] 特徴量生成 race_id=202146110310: 12 頭 × 46 特徴量 (リーク除外済み)
18:43:43 INFO     [src.ml.features] [SIMULATE] 特徴量生成 race_id=202109050411: 17 頭 × 46 特徴量 (リーク除外済み)
18:43:43 INFO     [src.ml.features] [SIMULATE] 特徴量生成 race_id=202109050611: 16 頭 × 46 特徴量 (リーク除外済み)
18:43:43 INFO     [src.ml.features] [SIMULATE] 特徴量生成 race_id=202105050812: 18 頭 × 46 特徴量 (リーク除外済み)
18:43:43 INFO     [src.ml.features] [SIMULATE] 特徴量生成 race_id=202107060211: 16 頭 × 46 特徴量 (リーク除外済み)
18:43:43 INFO     [src.ml.features] [SIMULATE] 特徴量生成 race_id=202109060411: 18 頭 × 46 特徴量 (リーク除外済み)
18:43:43 INFO     [src.ml.features] [SIMULATE] 特徴量生成 race_id=202145121511: 14 頭 × 46 特徴量 (リーク除外済み)
18:43:43 INFO     [src.ml.features] [SIMULATE] 特徴量生成 race_id=202109060611: 15 頭 × 46 特徴量 (リーク除外済み)
18:43:43 INFO     [src.ml.features] [SIMULATE] 特徴量生成 race_id=202106050710: 14 頭 × 46 特徴量 (リーク除外済み)
18:43:43 INFO     [src.ml.features] [SIMULATE] 特徴量生成 race_id=202106050811: 16 頭 × 46 特徴量 (リーク除外済み)
18:43:43 INFO     [src.ml.features] [SIMULATE] 特徴量生成 race_id=202106050911: 15 頭 × 46 特徴量 (リーク除外済み)
18:43:43 INFO     [src.ml.features] [SIMULATE] 特徴量生成 race_id=202144122909: 15 頭 × 46 特徴量 (リーク除外済み)
18:43:43 INFO     [src.ml.features] [SIMULATE] 特徴量生成 race_id=202245020211: 13 頭 × 46 特徴量 (リーク除外済み)
18:43:43 INFO     [src.ml.features] [SIMULATE] 特徴量生成 race_id=202205010811: 16 頭 × 46 特徴量 (リーク除外済み)
18:43:43 INFO     [src.ml.features] [SIMULATE] 特徴量生成 race_id=202207020611: 18 頭 × 46 特徴量 (リーク除外済み)
18:43:43 INFO     [src.ml.features] [SIMULATE] 特徴量生成 race_id=202209020411: 16 頭 × 46 特徴量 (リーク除外済み)
18:43:43 INFO     [src.ml.features] [SIMULATE] 特徴量生成 race_id=202209020611: 18 頭 × 46 特徴量 (リーク除外済み)
18:43:43 INFO     [src.ml.features] [SIMULATE] 特徴量生成 race_id=202206030711: 9 頭 × 46 特徴量 (リーク除外済み)
18:43:43 INFO     [src.ml.features] [SIMULATE] 特徴量生成 race_id=202206030811: 18 頭 × 46 特徴量 (リーク除外済み)
18:43:43 INFO     [src.ml.features] [SIMULATE] 特徴量生成 race_id=202209021211: 18 頭 × 46 特徴量 (リーク除外済み)
18:43:44 INFO     [src.ml.features] [SIMULATE] 特徴量生成 race_id=202243050511: 14 頭 × 46 特徴量 (リーク除外済み)
18:43:44 INFO     [src.ml.features] [SIMULATE] 特徴量生成 race_id=202205020611: 18 頭 × 46 特徴量 (リーク除外済み)
18:43:44 INFO     [src.ml.features] [SIMULATE] 特徴量生成 race_id=202205020811: 18 頭 × 46 特徴量 (リーク除外済み)
18:43:44 INFO     [src.ml.features] [SIMULATE] 特徴量生成 race_id=202205021011: 18 頭 × 46 特徴量 (リーク除外済み)
18:43:44 INFO     [src.ml.features] [SIMULATE] 特徴量生成 race_id=202205021211: 18 頭 × 46 特徴量 (リーク除外済み)
18:43:44 INFO     [src.ml.features] [SIMULATE] 特徴量生成 race_id=202205030211: 18 頭 × 46 特徴量 (リーク除外済み)
18:43:44 INFO     [src.ml.features] [SIMULATE] 特徴量生成 race_id=202209030411: 18 頭 × 46 特徴量 (リーク除外済み)
18:43:44 INFO     [src.ml.features] [SIMULATE] 特徴量生成 race_id=202244062911: 9 頭 × 46 特徴量 (リーク除外済み)
18:43:44 INFO     [src.ml.features] [SIMULATE] 特徴量生成 race_id=202244071311: 14 頭 × 46 特徴量 (リーク除外済み)
18:43:44 INFO     [src.ml.features] [SIMULATE] 特徴量生成 race_id=202206040911: 16 頭 × 46 特徴量 (リーク除外済み)
18:43:44 INFO     [src.ml.features] [SIMULATE] 特徴量生成 race_id=202235101012: 16 頭 × 46 特徴量 (リーク除外済み)
18:43:44 INFO     [src.ml.features] [SIMULATE] 特徴量生成 race_id=202209040511: 16 頭 × 46 特徴量 (リーク除外済み)
18:43:44 INFO     [src.ml.features] [SIMULATE] 特徴量生成 race_id=202209040711: 18 頭 × 46 特徴量 (リーク除外済み)
18:43:44 INFO     [src.ml.features] [SIMULATE] 特徴量生成 race_id=202205040911: 15 頭 × 46 特徴量 (リーク除外済み)
18:43:44 INFO     [src.ml.features] [SIMULATE] 特徴量生成 race_id=202235110310: 12 頭 × 46 特徴量 (リーク除外済み)
18:43:44 INFO     [src.ml.features] [SIMULATE] 特徴量生成 race_id=202235110311: 14 頭 × 46 特徴量 (リーク除外済み)
18:43:44 INFO     [src.ml.features] [SIMULATE] 特徴量生成 race_id=202235110312: 15 頭 × 46 特徴量 (リーク除外済み)
18:43:44 INFO     [src.ml.features] [SIMULATE] 特徴量生成 race_id=202209050411: 18 頭 × 46 特徴量 (リーク除外済み)
18:43:44 INFO     [src.ml.features] [SIMULATE] 特徴量生成 race_id=202209050611: 17 頭 × 46 特徴量 (リーク除外済み)
18:43:44 INFO     [src.ml.features] [SIMULATE] 特徴量生成 race_id=202205050812: 18 頭 × 46 特徴量 (リーク除外済み)
18:43:44 INFO     [src.ml.features] [SIMULATE] 特徴量生成 race_id=202207060211: 16 頭 × 46 特徴量 (リーク除外済み)
18:43:44 INFO     [src.ml.features] [SIMULATE] 特徴量生成 race_id=202209060411: 18 頭 × 46 特徴量 (リーク除外済み)
18:43:44 INFO     [src.ml.features] [SIMULATE] 特徴量生成 race_id=202245121411: 14 頭 × 46 特徴量 (リーク除外済み)
18:43:44 INFO     [src.ml.features] [SIMULATE] 特徴量生成 race_id=202209060611: 17 頭 × 46 特徴量 (リーク除外済み)
18:43:44 INFO     [src.ml.features] [SIMULATE] 特徴量生成 race_id=202206050710: 11 頭 × 46 特徴量 (リーク除外済み)
18:43:44 INFO     [src.ml.features] [SIMULATE] 特徴量生成 race_id=202206050811: 16 頭 × 46 特徴量 (リーク除外済み)
18:43:44 INFO     [src.ml.features] [SIMULATE] 特徴量生成 race_id=202206050911: 18 頭 × 46 特徴量 (リーク除外済み)
18:43:44 INFO     [src.ml.features] [SIMULATE] 特徴量生成 race_id=202244122909: 14 頭 × 46 特徴量 (リーク除外済み)
18:43:44 INFO     [src.ml.features] [SIMULATE] 特徴量生成 race_id=202345020111: 10 頭 × 46 特徴量 (リーク除外済み)
18:43:44 INFO     [src.ml.features] [SIMULATE] 特徴量生成 race_id=202305010811: 16 頭 × 46 特徴量 (リーク除外済み)
18:43:44 INFO     [src.ml.features] [SIMULATE] 特徴量生成 race_id=202307020611: 18 頭 × 46 特徴量 (リーク除外済み)
18:43:44 INFO     [src.ml.features] [SIMULATE] 特徴量生成 race_id=202309020411: 16 頭 × 46 特徴量 (リーク除外済み)
18:43:44 INFO     [src.ml.features] [SIMULATE] 特徴量生成 race_id=202309020611: 18 頭 × 46 特徴量 (リーク除外済み)
18:43:44 INFO     [src.ml.features] [SIMULATE] 特徴量生成 race_id=202306030711: 10 頭 × 46 特徴量 (リーク除外済み)
18:43:44 INFO     [src.ml.features] [SIMULATE] 特徴量生成 race_id=202306030811: 18 頭 × 46 特徴量 (リーク除外済み)
18:43:44 INFO     [src.ml.features] [SIMULATE] 特徴量生成 race_id=202308010411: 17 頭 × 46 特徴量 (リーク除外済み)
18:43:44 INFO     [src.ml.features] [SIMULATE] 特徴量生成 race_id=202343050411: 14 頭 × 46 特徴量 (リーク除外済み)
18:43:44 INFO     [src.ml.features] [SIMULATE] 特徴量生成 race_id=202305020611: 18 頭 × 46 特徴量 (リーク除外済み)
18:43:44 INFO     [src.ml.features] [SIMULATE] 特徴量生成 race_id=202305020811: 16 頭 × 46 特徴量 (リーク除外済み)
18:43:44 INFO     [src.ml.features] [SIMULATE] 特徴量生成 race_id=202305021011: 18 頭 × 46 特徴量 (リーク除外済み)
18:43:44 INFO     [src.ml.features] [SIMULATE] 特徴量生成 race_id=202305021211: 18 頭 × 46 特徴量 (リーク除外済み)
18:43:44 INFO     [src.ml.features] [SIMULATE] 特徴量生成 race_id=202305030211: 18 頭 × 46 特徴量 (リーク除外済み)
18:43:44 INFO     [src.ml.features] [SIMULATE] 特徴量生成 race_id=202309030811: 17 頭 × 46 特徴量 (リーク除外済み)
18:43:44 INFO     [src.ml.features] [SIMULATE] 特徴量生成 race_id=202344062811: 12 頭 × 46 特徴量 (リーク除外済み)
18:43:44 INFO     [src.ml.features] [SIMULATE] 特徴量生成 race_id=202344071211: 11 頭 × 46 特徴量 (リーク除外済み)
18:43:44 INFO     [src.ml.features] [SIMULATE] 特徴量生成 race_id=202306040911: 16 頭 × 46 特徴量 (リーク除外済み)
18:43:44 INFO     [src.ml.features] [SIMULATE] 特徴量生成 race_id=202335100912: 14 頭 × 46 特徴量 (リーク除外済み)
18:43:44 INFO     [src.ml.features] [SIMULATE] 特徴量生成 race_id=202308020511: 18 頭 × 46 特徴量 (リーク除外済み)
18:43:44 INFO     [src.ml.features] [SIMULATE] 特徴量生成 race_id=202308020711: 17 頭 × 46 特徴量 (リーク除外済み)
18:43:44 INFO     [src.ml.features] [SIMULATE] 特徴量生成 race_id=202305040911: 11 頭 × 46 特徴量 (リーク除外済み)
18:43:44 INFO     [src.ml.features] [SIMULATE] 特徴量生成 race_id=202344110309: 12 頭 × 46 特徴量 (リーク除外済み)
18:43:44 INFO     [src.ml.features] [SIMULATE] 特徴量生成 race_id=202344110310: 15 頭 × 46 特徴量 (リーク除外済み)
18:43:44 INFO     [src.ml.features] [SIMULATE] 特徴量生成 race_id=202344110311: 10 頭 × 46 特徴量 (リーク除外済み)
18:43:44 INFO     [src.ml.features] [SIMULATE] 特徴量生成 race_id=202308030411: 15 頭 × 46 特徴量 (リーク除外済み)
18:43:44 INFO     [src.ml.features] [SIMULATE] 特徴量生成 race_id=202308030611: 16 頭 × 46 特徴量 (リーク除外済み)
18:43:44 INFO     [src.ml.features] [SIMULATE] 特徴量生成 race_id=202305050812: 18 頭 × 46 特徴量 (リーク除外済み)
18:43:44 INFO     [src.ml.features] [SIMULATE] 特徴量生成 race_id=202307040211: 15 頭 × 46 特徴量 (リーク除外済み)
18:43:44 INFO     [src.ml.features] [SIMULATE] 特徴量生成 race_id=202309050411: 18 頭 × 46 特徴量 (リーク除外済み)
18:43:44 INFO     [src.ml.features] [SIMULATE] 特徴量生成 race_id=202345121311: 12 頭 × 46 特徴量 (リーク除外済み)
18:43:44 INFO     [src.ml.features] [SIMULATE] 特徴量生成 race_id=202309050611: 17 頭 × 46 特徴量 (リーク除外済み)
18:43:44 INFO     [src.ml.features] [SIMULATE] 特徴量生成 race_id=202306050710: 12 頭 × 46 特徴量 (リーク除外済み)
18:43:44 INFO     [src.ml.features] [SIMULATE] 特徴量生成 race_id=202306050811: 16 頭 × 46 特徴量 (リーク除外済み)
18:43:44 INFO     [src.ml.features] [SIMULATE] 特徴量生成 race_id=202306050911: 18 頭 × 46 特徴量 (リーク除外済み)
18:43:45 INFO     [src.ml.features] [SIMULATE] 特徴量生成 race_id=202344122909: 9 頭 × 46 特徴量 (リーク除外済み)
18:43:45 INFO     [src.ml.features] [SIMULATE] 特徴量生成 race_id=202406010104: 16 頭 × 46 特徴量 (リーク除外済み)
18:43:45 INFO     [src.ml.features] [SIMULATE] 特徴量生成 race_id=202406010101: 16 頭 × 46 特徴量 (リーク除外済み)
18:43:45 INFO     [src.ml.features] [SIMULATE] 特徴量生成 race_id=202406010103: 16 頭 × 46 特徴量 (リーク除外済み)
18:43:45 INFO     [src.ml.features] [SIMULATE] 特徴量生成 race_id=202406010102: 16 頭 × 46 特徴量 (リーク除外済み)
18:43:45 INFO     [src.ml.features] [SIMULATE] 特徴量生成 race_id=202406010107: 13 頭 × 46 特徴量 (リーク除外済み)
18:43:45 INFO     [src.ml.features] [SIMULATE] 特徴量生成 race_id=202406010105: 17 頭 × 46 特徴量 (リーク除外済み)
18:43:45 INFO     [src.ml.features] [SIMULATE] 特徴量生成 race_id=202406010106: 16 頭 × 46 特徴量 (リーク除外済み)
18:43:45 INFO     [src.ml.features] [SIMULATE] 特徴量生成 race_id=202406010108: 16 頭 × 46 特徴量 (リーク除外済み)
18:43:45 INFO     [src.ml.features] [SIMULATE] 特徴量生成 race_id=202406010109: 8 頭 × 46 特徴量 (リーク除外済み)
18:43:45 INFO     [src.ml.features] [SIMULATE] 特徴量生成 race_id=202406010110: 10 頭 × 46 特徴量 (リーク除外済み)
18:43:45 INFO     [src.ml.features] [SIMULATE] 特徴量生成 race_id=202406010112: 16 頭 × 46 特徴量 (リーク除外済み)
18:43:45 INFO     [src.ml.features] [SIMULATE] 特徴量生成 race_id=202406010111: 17 頭 × 46 特徴量 (リーク除外済み)
18:43:45 INFO     [src.ml.features] [SIMULATE] 特徴量生成 race_id=202408010101: 16 頭 × 46 特徴量 (リーク除外済み)
18:43:45 INFO     [src.ml.features] [SIMULATE] 特徴量生成 race_id=202408010102: 16 頭 × 46 特徴量 (リーク除外済み)
18:43:45 INFO     [src.ml.features] [SIMULATE] 特徴量生成 race_id=202408010104: 16 頭 × 46 特徴量 (リーク除外済み)
18:43:45 INFO     [src.ml.features] [SIMULATE] 特徴量生成 race_id=202408010103: 16 頭 × 46 特徴量 (リーク除外済み)
18:43:45 INFO     [src.ml.features] [SIMULATE] 特徴量生成 race_id=202408010106: 10 頭 × 46 特徴量 (リーク除外済み)
18:43:45 INFO     [src.ml.features] [SIMULATE] 特徴量生成 race_id=202408010105: 18 頭 × 46 特徴量 (リーク除外済み)
18:43:45 INFO     [src.ml.features] [SIMULATE] 特徴量生成 race_id=202408010107: 11 頭 × 46 特徴量 (リーク除外済み)
18:43:45 INFO     [src.ml.features] [SIMULATE] 特徴量生成 race_id=202408010109: 12 頭 × 46 特徴量 (リーク除外済み)
18:43:45 INFO     [src.ml.features] [SIMULATE] 特徴量生成 race_id=202408010108: 16 頭 × 46 特徴量 (リーク除外済み)
18:43:45 INFO     [src.ml.features] [SIMULATE] 特徴量生成 race_id=202408010110: 13 頭 × 46 特徴量 (リーク除外済み)
18:43:45 INFO     [src.ml.features] [SIMULATE] 特徴量生成 race_id=202408010111: 18 頭 × 46 特徴量 (リーク除外済み)
18:43:45 INFO     [src.ml.features] [SIMULATE] 特徴量生成 race_id=202408010112: 17 頭 × 46 特徴量 (リーク除外済み)
18:43:45 INFO     [src.ml.features] [SIMULATE] 特徴量生成 race_id=202406010201: 16 頭 × 46 特徴量 (リーク除外済み)
18:43:45 INFO     [src.ml.features] [SIMULATE] 特徴量生成 race_id=202406010202: 16 頭 × 46 特徴量 (リーク除外済み)
18:43:45 INFO     [src.ml.features] [SIMULATE] 特徴量生成 race_id=202406010203: 16 頭 × 46 特徴量 (リーク除外済み)
18:43:45 INFO     [src.ml.features] [SIMULATE] 特徴量生成 race_id=202406010204: 14 頭 × 46 特徴量 (リーク除外済み)
18:43:45 INFO     [src.ml.features] [SIMULATE] 特徴量生成 race_id=202406010205: 16 頭 × 46 特徴量 (リーク除外済み)
18:43:45 INFO     [src.ml.features] [SIMULATE] 特徴量生成 race_id=202406010206: 17 頭 × 46 特徴量 (リーク除外済み)
18:43:45 INFO     [src.ml.features] [SIMULATE] 特徴量生成 race_id=202406010207: 13 頭 × 46 特徴量 (リーク除外済み)
18:43:45 INFO     [src.ml.features] [SIMULATE] 特徴量生成 race_id=202406010208: 16 頭 × 46 特徴量 (リーク除外済み)
18:43:45 INFO     [src.ml.features] [SIMULATE] 特徴量生成 race_id=202406010209: 17 頭 × 46 特徴量 (リーク除外済み)
18:43:45 INFO     [src.ml.features] [SIMULATE] 特徴量生成 race_id=202406010210: 16 頭 × 46 特徴量 (リーク除外済み)
18:43:45 INFO     [src.ml.features] [SIMULATE] 特徴量生成 race_id=202406010211: 14 頭 × 46 特徴量 (リーク除外済み)
18:43:45 INFO     [src.ml.features] [SIMULATE] 特徴量生成 race_id=202406010212: 16 頭 × 46 特徴量 (リーク除外済み)
18:43:45 INFO     [src.ml.features] [SIMULATE] 特徴量生成 race_id=202408010201: 16 頭 × 46 特徴量 (リーク除外済み)
18:43:45 INFO     [src.ml.features] [SIMULATE] 特徴量生成 race_id=202408010202: 15 頭 × 46 特徴量 (リーク除外済み)
18:43:45 INFO     [src.ml.features] [SIMULATE] 特徴量生成 race_id=202408010203: 16 頭 × 46 特徴量 (リーク除外済み)
18:43:45 INFO     [src.ml.features] [SIMULATE] 特徴量生成 race_id=202408010204: 16 頭 × 46 特徴量 (リーク除外済み)
18:43:45 INFO     [src.ml.features] [SIMULATE] 特徴量生成 race_id=202408010206: 9 頭 × 46 特徴量 (リーク除外済み)
18:43:45 INFO     [src.ml.features] [SIMULATE] 特徴量生成 race_id=202408010205: 18 頭 × 46 特徴量 (リーク除外済み)
18:43:45 INFO     [src.ml.features] [SIMULATE] 特徴量生成 race_id=202408010207: 13 頭 × 46 特徴量 (リーク除外済み)
18:43:45 INFO     [src.ml.features] [SIMULATE] 特徴量生成 race_id=202408010209: 12 頭 × 46 特徴量 (リーク除外済み)
18:43:45 INFO     [src.ml.features] [SIMULATE] 特徴量生成 race_id=202408010208: 16 頭 × 46 特徴量 (リーク除外済み)
18:43:45 INFO     [src.ml.features] [SIMULATE] 特徴量生成 race_id=202408010210: 13 頭 × 46 特徴量 (リーク除外済み)
18:43:45 INFO     [src.ml.features] [SIMULATE] 特徴量生成 race_id=202408010211: 15 頭 × 46 特徴量 (リーク除外済み)
18:43:45 INFO     [src.ml.features] [SIMULATE] 特徴量生成 race_id=202408010212: 12 頭 × 46 特徴量 (リーク除外済み)
18:43:45 INFO     [src.ml.features] [SIMULATE] 特徴量生成 race_id=202406010401: 16 頭 × 46 特徴量 (リーク除外済み)
18:43:45 INFO     [src.ml.features] [SIMULATE] 特徴量生成 race_id=202406010402: 16 頭 × 46 特徴量 (リーク除外済み)
18:43:45 INFO     [src.ml.features] [SIMULATE] 特徴量生成 race_id=202406010403: 16 頭 × 46 特徴量 (リーク除外済み)
18:43:45 INFO     [src.ml.features] [SIMULATE] 特徴量生成 race_id=202406010404: 16 頭 × 46 特徴量 (リーク除外済み)
18:43:45 INFO     [src.ml.features] [SIMULATE] 特徴量生成 race_id=202406010405: 16 頭 × 46 特徴量 (リーク除外済み)
18:43:45 INFO     [src.ml.features] [SIMULATE] 特徴量生成 race_id=202406010406: 17 頭 × 46 特徴量 (リーク除外済み)
18:43:45 INFO     [src.ml.features] [SIMULATE] 特徴量生成 race_id=202406010408: 12 頭 × 46 特徴量 (リーク除外済み)
18:43:45 INFO     [src.ml.features] [SIMULATE] 特徴量生成 race_id=202406010407: 16 頭 × 46 特徴量 (リーク除外済み)
18:43:45 INFO     [src.ml.features] [SIMULATE] 特徴量生成 race_id=202406010409: 12 頭 × 46 特徴量 (リーク除外済み)
18:43:45 INFO     [src.ml.features] [SIMULATE] 特徴量生成 race_id=202406010412: 15 頭 × 46 特徴量 (リーク除外済み)
18:43:45 INFO     [src.ml.features] [SIMULATE] 特徴量生成 race_id=202406010410: 16 頭 × 46 特徴量 (リーク除外済み)
18:43:45 INFO     [src.ml.features] [SIMULATE] 特徴量生成 race_id=202406010411: 16 頭 × 46 特徴量 (リーク除外済み)
18:43:45 INFO     [src.ml.features] [SIMULATE] 特徴量生成 race_id=202408010401: 16 頭 × 46 特徴量 (リーク除外済み)
18:43:45 INFO     [src.ml.features] [SIMULATE] 特徴量生成 race_id=202408010402: 14 頭 × 46 特徴量 (リーク除外済み)
18:43:45 INFO     [src.ml.features] [SIMULATE] 特徴量生成 race_id=202408010403: 14 頭 × 46 特徴量 (リーク除外済み)
18:43:45 INFO     [src.ml.features] [SIMULATE] 特徴量生成 race_id=202408010404: 16 頭 × 46 特徴量 (リーク除外済み)
18:43:45 INFO     [src.ml.features] [SIMULATE] 特徴量生成 race_id=202408010405: 18 頭 × 46 特徴量 (リーク除外済み)
18:43:45 INFO     [src.ml.features] [SIMULATE] 特徴量生成 race_id=202408010407: 15 頭 × 46 特徴量 (リーク除外済み)
18:43:45 INFO     [src.ml.features] [SIMULATE] 特徴量生成 race_id=202408010406: 13 頭 × 46 特徴量 (リーク除外済み)
18:43:45 INFO     [src.ml.features] [SIMULATE] 特徴量生成 race_id=202408010408: 16 頭 × 46 特徴量 (リーク除外済み)
18:43:45 INFO     [src.ml.features] [SIMULATE] 特徴量生成 race_id=202408010410: 9 頭 × 46 特徴量 (リーク除外済み)
18:43:45 INFO     [src.ml.features] [SIMULATE] 特徴量生成 race_id=202408010409: 10 頭 × 46 特徴量 (リーク除外済み)
18:43:45 INFO     [src.ml.features] [SIMULATE] 特徴量生成 race_id=202408010411: 17 頭 × 46 特徴量 (リーク除外済み)
18:43:45 INFO     [src.ml.features] [SIMULATE] 特徴量生成 race_id=202410010102: 12 頭 × 46 特徴量 (リーク除外済み)
18:43:45 INFO     [src.ml.features] [SIMULATE] 特徴量生成 race_id=202410010101: 14 頭 × 46 特徴量 (リーク除外済み)
18:43:46 INFO     [src.ml.features] [SIMULATE] 特徴量生成 race_id=202408010412: 18 頭 × 46 特徴量 (リーク除外済み)
18:43:46 INFO     [src.ml.features] [SIMULATE] 特徴量生成 race_id=202410010103: 12 頭 × 46 特徴量 (リーク除外済み)
18:43:46 INFO     [src.ml.features] [SIMULATE] 特徴量生成 race_id=202410010104: 12 頭 × 46 特徴量 (リーク除外済み)
18:43:46 INFO     [src.ml.features] [SIMULATE] 特徴量生成 race_id=202410010105: 12 頭 × 46 特徴量 (リーク除外済み)
18:43:46 INFO     [src.ml.features] [SIMULATE] 特徴量生成 race_id=202410010106: 16 頭 × 46 特徴量 (リーク除外済み)
18:43:46 INFO     [src.ml.features] [SIMULATE] 特徴量生成 race_id=202410010107: 16 頭 × 46 特徴量 (リーク除外済み)
18:43:46 INFO     [src.ml.features] [SIMULATE] 特徴量生成 race_id=202410010108: 16 頭 × 46 特徴量 (リーク除外済み)
18:43:46 INFO     [src.ml.features] [SIMULATE] 特徴量生成 race_id=202410010109: 16 頭 × 46 特徴量 (リーク除外済み)
18:43:46 INFO     [src.ml.features] [SIMULATE] 特徴量生成 race_id=202410010110: 11 頭 × 46 特徴量 (リーク除外済み)
18:43:46 INFO     [src.ml.features] [SIMULATE] 特徴量生成 race_id=202410010111: 14 頭 × 46 特徴量 (リーク除外済み)
18:43:46 INFO     [src.ml.features] [SIMULATE] 特徴量生成 race_id=202410010112: 18 頭 × 46 特徴量 (リーク除外済み)
18:43:46 INFO     [src.ml.features] [SIMULATE] 特徴量生成 race_id=202406010501: 16 頭 × 46 特徴量 (リーク除外済み)
18:43:46 INFO     [src.ml.features] [SIMULATE] 特徴量生成 race_id=202406010502: 16 頭 × 46 特徴量 (リーク除外済み)
18:43:46 INFO     [src.ml.features] [SIMULATE] 特徴量生成 race_id=202406010503: 16 頭 × 46 特徴量 (リーク除外済み)
18:43:46 INFO     [src.ml.features] [SIMULATE] 特徴量生成 race_id=202406010505: 16 頭 × 46 特徴量 (リーク除外済み)
18:43:46 INFO     [src.ml.features] [SIMULATE] 特徴量生成 race_id=202406010504: 16 頭 × 46 特徴量 (リーク除外済み)
18:43:46 INFO     [src.ml.features] [SIMULATE] 特徴量生成 race_id=202406010506: 16 頭 × 46 特徴量 (リーク除外済み)
18:43:46 INFO     [src.ml.features] [SIMULATE] 特徴量生成 race_id=202406010507: 15 頭 × 46 特徴量 (リーク除外済み)
18:43:46 INFO     [src.ml.features] [SIMULATE] 特徴量生成 race_id=202406010509: 14 頭 × 46 特徴量 (リーク除外済み)
18:43:46 INFO     [src.ml.features] [SIMULATE] 特徴量生成 race_id=202406010508: 16 頭 × 46 特徴量 (リーク除外済み)
18:43:46 INFO     [src.ml.features] [SIMULATE] 特徴量生成 race_id=202406010510: 14 頭 × 46 特徴量 (リーク除外済み)
18:43:46 INFO     [src.ml.features] [SIMULATE] 特徴量生成 race_id=202406010511: 15 頭 × 46 特徴量 (リーク除外済み)
18:43:46 INFO     [src.ml.features] [SIMULATE] 特徴量生成 race_id=202408010501: 12 頭 × 46 特徴量 (リーク除外済み)
18:43:46 INFO     [src.ml.features] [SIMULATE] 特徴量生成 race_id=202406010512: 16 頭 × 46 特徴量 (リーク除外済み)
18:43:46 INFO     [src.ml.features] [SIMULATE] 特徴量生成 race_id=202408010502: 13 頭 × 46 特徴量 (リーク除外済み)
18:43:46 INFO     [src.ml.features] [SIMULATE] 特徴量生成 race_id=202408010503: 16 頭 × 46 特徴量 (リーク除外済み)
18:43:46 INFO     [src.ml.features] [SIMULATE] 特徴量生成 race_id=202408010504: 11 頭 × 46 特徴量 (リーク除外済み)
18:43:46 INFO     [src.ml.features] [SIMULATE] 特徴量生成 race_id=202408010506: 18 頭 × 46 特徴量 (リーク除外済み)
18:43:46 INFO     [src.ml.features] [SIMULATE] 特徴量生成 race_id=202408010505: 18 頭 × 46 特徴量 (リーク除外済み)
18:43:46 INFO     [src.ml.features] [SIMULATE] 特徴量生成 race_id=202408010508: 13 頭 × 46 特徴量 (リーク除外済み)
18:43:46 INFO     [src.ml.features] [SIMULATE] 特徴量生成 race_id=202408010507: 15 頭 × 46 特徴量 (リーク除外済み)
18:43:46 INFO     [src.ml.features] [SIMULATE] 特徴量生成 race_id=202408010509: 11 頭 × 46 特徴量 (リーク除外済み)
18:43:46 INFO     [src.ml.features] [SIMULATE] 特徴量生成 race_id=202408010510: 13 頭 × 46 特徴量 (リーク除外済み)
18:43:46 INFO     [src.ml.features] [SIMULATE] 特徴量生成 race_id=202408010512: 10 頭 × 46 特徴量 (リーク除外済み)
18:43:46 INFO     [src.ml.features] [SIMULATE] 特徴量生成 race_id=202408010511: 14 頭 × 46 特徴量 (リーク除外済み)
18:43:46 INFO     [src.ml.features] [SIMULATE] 特徴量生成 race_id=202410010201: 12 頭 × 46 特徴量 (リーク除外済み)
18:43:46 INFO     [src.ml.features] [SIMULATE] 特徴量生成 race_id=202410010204: 12 頭 × 46 特徴量 (リーク除外済み)
18:43:46 INFO     [src.ml.features] [SIMULATE] 特徴量生成 race_id=202410010203: 14 頭 × 46 特徴量 (リーク除外済み)
18:43:46 INFO     [src.ml.features] [SIMULATE] 特徴量生成 race_id=202410010202: 18 頭 × 46 特徴量 (リーク除外済み)
18:43:46 INFO     [src.ml.features] [SIMULATE] 特徴量生成 race_id=202410010205: 14 頭 × 46 特徴量 (リーク除外済み)
18:43:46 INFO     [src.ml.features] [SIMULATE] 特徴量生成 race_id=202410010208: 12 頭 × 46 特徴量 (リーク除外済み)
18:43:46 INFO     [src.ml.features] [SIMULATE] 特徴量生成 race_id=202410010207: 16 頭 × 46 特徴量 (リーク除外済み)
18:43:46 INFO     [src.ml.features] [SIMULATE] 特徴量生成 race_id=202410010206: 18 頭 × 46 特徴量 (リーク除外済み)
18:43:46 INFO     [src.ml.features] [SIMULATE] 特徴量生成 race_id=202410010209: 13 頭 × 46 特徴量 (リーク除外済み)
18:43:46 INFO     [src.ml.features] [SIMULATE] 特徴量生成 race_id=202410010210: 14 頭 × 46 特徴量 (リーク除外済み)
18:43:46 INFO     [src.ml.features] [SIMULATE] 特徴量生成 race_id=202410010211: 16 頭 × 46 特徴量 (リーク除外済み)
18:43:46 INFO     [src.ml.features] [SIMULATE] 特徴量生成 race_id=202410010212: 17 頭 × 46 特徴量 (リーク除外済み)
18:43:46 INFO     [src.ml.features] [SIMULATE] 特徴量生成 race_id=202406010601: 16 頭 × 46 特徴量 (リーク除外済み)
18:43:46 INFO     [src.ml.features] [SIMULATE] 特徴量生成 race_id=202406010602: 16 頭 × 46 特徴量 (リーク除外済み)
18:43:46 INFO     [src.ml.features] [SIMULATE] 特徴量生成 race_id=202406010603: 16 頭 × 46 特徴量 (リーク除外済み)
18:43:46 INFO     [src.ml.features] [SIMULATE] 特徴量生成 race_id=202406010604: 16 頭 × 46 特徴量 (リーク除外済み)
18:43:46 INFO     [src.ml.features] [SIMULATE] 特徴量生成 race_id=202406010605: 16 頭 × 46 特徴量 (リーク除外済み)
18:43:46 INFO     [src.ml.features] [SIMULATE] 特徴量生成 race_id=202406010607: 10 頭 × 46 特徴量 (リーク除外済み)
18:43:46 INFO     [src.ml.features] [SIMULATE] 特徴量生成 race_id=202406010606: 17 頭 × 46 特徴量 (リーク除外済み)
18:43:46 INFO     [src.ml.features] [SIMULATE] 特徴量生成 race_id=202406010608: 15 頭 × 46 特徴量 (リーク除外済み)
18:43:46 INFO     [src.ml.features] [SIMULATE] 特徴量生成 race_id=202406010610: 10 頭 × 46 特徴量 (リーク除外済み)
18:43:46 INFO     [src.ml.features] [SIMULATE] 特徴量生成 race_id=202406010609: 16 頭 × 46 特徴量 (リーク除外済み)
18:43:46 INFO     [src.ml.features] [SIMULATE] 特徴量生成 race_id=202406010611: 11 頭 × 46 特徴量 (リーク除外済み)
18:43:46 INFO     [src.ml.features] [SIMULATE] 特徴量生成 race_id=202408010602: 12 頭 × 46 特徴量 (リーク除外済み)
18:43:46 INFO     [src.ml.features] [SIMULATE] 特徴量生成 race_id=202406010612: 17 頭 × 46 特徴量 (リーク除外済み)
18:43:46 INFO     [src.ml.features] [SIMULATE] 特徴量生成 race_id=202408010601: 14 頭 × 46 特徴量 (リーク除外済み)
18:43:46 INFO     [src.ml.features] [SIMULATE] 特徴量生成 race_id=202408010604: 7 頭 × 46 特徴量 (リーク除外済み)
18:43:46 INFO     [src.ml.features] [SIMULATE] 特徴量生成 race_id=202408010603: 16 頭 × 46 特徴量 (リーク除外済み)
18:43:46 INFO     [src.ml.features] [SIMULATE] 特徴量生成 race_id=202408010606: 10 頭 × 46 特徴量 (リーク除外済み)
18:43:46 INFO     [src.ml.features] [SIMULATE] 特徴量生成 race_id=202408010605: 13 頭 × 46 特徴量 (リーク除外済み)
18:43:46 INFO     [src.ml.features] [SIMULATE] 特徴量生成 race_id=202408010607: 10 頭 × 46 特徴量 (リーク除外済み)
18:43:46 INFO     [src.ml.features] [SIMULATE] 特徴量生成 race_id=202408010609: 8 頭 × 46 特徴量 (リーク除外済み)
18:43:46 INFO     [src.ml.features] [SIMULATE] 特徴量生成 race_id=202408010608: 13 頭 × 46 特徴量 (リーク除外済み)
18:43:46 INFO     [src.ml.features] [SIMULATE] 特徴量生成 race_id=202408010610: 11 頭 × 46 特徴量 (リーク除外済み)
18:43:46 INFO     [src.ml.features] [SIMULATE] 特徴量生成 race_id=202408010612: 12 頭 × 46 特徴量 (リーク除外済み)
18:43:46 INFO     [src.ml.features] [SIMULATE] 特徴量生成 race_id=202410010301: 13 頭 × 46 特徴量 (リーク除外済み)
18:43:46 INFO     [src.ml.features] [SIMULATE] 特徴量生成 race_id=202408010611: 16 頭 × 46 特徴量 (リーク除外済み)
18:43:46 INFO     [src.ml.features] [SIMULATE] 特徴量生成 race_id=202410010302: 16 頭 × 46 特徴量 (リーク除外済み)
18:43:46 INFO     [src.ml.features] [SIMULATE] 特徴量生成 race_id=202410010304: 12 頭 × 46 特徴量 (リーク除外済み)
18:43:46 INFO     [src.ml.features] [SIMULATE] 特徴量生成 race_id=202410010303: 13 頭 × 46 特徴量 (リーク除外済み)
18:43:46 INFO     [src.ml.features] [SIMULATE] 特徴量生成 race_id=202410010305: 12 頭 × 46 特徴量 (リーク除外済み)
18:43:46 INFO     [src.ml.features] [SIMULATE] 特徴量生成 race_id=202410010306: 11 頭 × 46 特徴量 (リーク除外済み)
18:43:46 INFO     [src.ml.features] [SIMULATE] 特徴量生成 race_id=202410010309: 7 頭 × 46 特徴量 (リーク除外済み)
18:43:46 INFO     [src.ml.features] [SIMULATE] 特徴量生成 race_id=202410010308: 13 頭 × 46 特徴量 (リーク除外済み)
18:43:46 INFO     [src.ml.features] [SIMULATE] 特徴量生成 race_id=202410010307: 15 頭 × 46 特徴量 (リーク除外済み)
18:43:46 INFO     [src.ml.features] [SIMULATE] 特徴量生成 race_id=202410010311: 13 頭 × 46 特徴量 (リーク除外済み)
18:43:46 INFO     [src.ml.features] [SIMULATE] 特徴量生成 race_id=202410010310: 17 頭 × 46 特徴量 (リーク除外済み)
18:43:47 INFO     [src.ml.features] [SIMULATE] 特徴量生成 race_id=202410010312: 17 頭 × 46 特徴量 (リーク除外済み)
18:43:47 INFO     [src.ml.features] [SIMULATE] 特徴量生成 race_id=202406010701: 16 頭 × 46 特徴量 (リーク除外済み)
18:43:47 INFO     [src.ml.features] [SIMULATE] 特徴量生成 race_id=202406010702: 15 頭 × 46 特徴量 (リーク除外済み)
18:43:47 INFO     [src.ml.features] [SIMULATE] 特徴量生成 race_id=202406010703: 16 頭 × 46 特徴量 (リーク除外済み)
18:43:47 INFO     [src.ml.features] [SIMULATE] 特徴量生成 race_id=202406010704: 16 頭 × 46 特徴量 (リーク除外済み)
18:43:47 INFO     [src.ml.features] [SIMULATE] 特徴量生成 race_id=202406010705: 17 頭 × 46 特徴量 (リーク除外済み)
18:43:47 INFO     [src.ml.features] [SIMULATE] 特徴量生成 race_id=202406010706: 17 頭 × 46 特徴量 (リーク除外済み)
18:43:47 INFO     [src.ml.features] [SIMULATE] 特徴量生成 race_id=202406010707: 14 頭 × 46 特徴量 (リーク除外済み)
18:43:47 INFO     [src.ml.features] [SIMULATE] 特徴量生成 race_id=202406010709: 11 頭 × 46 特徴量 (リーク除外済み)
18:43:47 INFO     [src.ml.features] [SIMULATE] 特徴量生成 race_id=202406010708: 15 頭 × 46 特徴量 (リーク除外済み)
18:43:47 INFO     [src.ml.features] [SIMULATE] 特徴量生成 race_id=202406010711: 12 頭 × 46 特徴量 (リーク除外済み)
18:43:47 INFO     [src.ml.features] [SIMULATE] 特徴量生成 race_id=202406010710: 16 頭 × 46 特徴量 (リーク除外済み)
18:43:47 INFO     [src.ml.features] [SIMULATE] 特徴量生成 race_id=202408010701: 10 頭 × 46 特徴量 (リーク除外済み)
18:43:47 INFO     [src.ml.features] [SIMULATE] 特徴量生成 race_id=202406010712: 12 頭 × 46 特徴量 (リーク除外済み)
18:43:47 INFO     [src.ml.features] [SIMULATE] 特徴量生成 race_id=202408010704: 8 頭 × 46 特徴量 (リーク除外済み)
18:43:47 INFO     [src.ml.features] [SIMULATE] 特徴量生成 race_id=202408010702: 16 頭 × 46 特徴量 (リーク除外済み)
18:43:47 INFO     [src.ml.features] [SIMULATE] 特徴量生成 race_id=202408010703: 12 頭 × 46 特徴量 (リーク除外済み)
18:43:47 INFO     [src.ml.features] [SIMULATE] 特徴量生成 race_id=202408010706: 6 頭 × 46 特徴量 (リーク除外済み)
18:43:47 INFO     [src.ml.features] [SIMULATE] 特徴量生成 race_id=202408010705: 17 頭 × 46 特徴量 (リーク除外済み)
18:43:47 INFO     [src.ml.features] [SIMULATE] 特徴量生成 race_id=202408010709: 10 頭 × 46 特徴量 (リーク除外済み)
18:43:47 INFO     [src.ml.features] [SIMULATE] 特徴量生成 race_id=202408010708: 16 頭 × 46 特徴量 (リーク除外済み)
18:43:47 INFO     [src.ml.features] [SIMULATE] 特徴量生成 race_id=202408010707: 17 頭 × 46 特徴量 (リーク除外済み)
18:43:47 INFO     [src.ml.features] [SIMULATE] 特徴量生成 race_id=202408010710: 16 頭 × 46 特徴量 (リーク除外済み)
18:43:47 INFO     [src.ml.features] [SIMULATE] 特徴量生成 race_id=202408010712: 11 頭 × 46 特徴量 (リーク除外済み)
18:43:47 INFO     [src.ml.features] [SIMULATE] 特徴量生成 race_id=202408010711: 16 頭 × 46 特徴量 (リーク除外済み)
18:43:47 INFO     [src.ml.features] [SIMULATE] 特徴量生成 race_id=202410010401: 16 頭 × 46 特徴量 (リーク除外済み)
18:43:47 INFO     [src.ml.features] [SIMULATE] 特徴量生成 race_id=202410010402: 14 頭 × 46 特徴量 (リーク除外済み)
18:43:47 INFO     [src.ml.features] [SIMULATE] 特徴量生成 race_id=202410010403: 14 頭 × 46 特徴量 (リーク除外済み)
18:43:47 INFO     [src.ml.features] [SIMULATE] 特徴量生成 race_id=202410010404: 12 頭 × 46 特徴量 (リーク除外済み)
18:43:47 INFO     [src.ml.features] [SIMULATE] 特徴量生成 race_id=202410010406: 11 頭 × 46 特徴量 (リーク除外済み)
18:43:47 INFO     [src.ml.features] [SIMULATE] 特徴量生成 race_id=202410010405: 18 頭 × 46 特徴量 (リーク除外済み)
18:43:47 INFO     [src.ml.features] [SIMULATE] 特徴量生成 race_id=202410010408: 16 頭 × 46 特徴量 (リーク除外済み)
18:43:47 INFO     [src.ml.features] [SIMULATE] 特徴量生成 race_id=202410010407: 18 頭 × 46 特徴量 (リーク除外済み)
18:43:47 INFO     [src.ml.features] [SIMULATE] 特徴量生成 race_id=202410010410: 12 頭 × 46 特徴量 (リーク除外済み)
18:43:47 INFO     [src.ml.features] [SIMULATE] 特徴量生成 race_id=202410010409: 15 頭 × 46 特徴量 (リーク除外済み)
18:43:47 INFO     [src.ml.features] [SIMULATE] 特徴量生成 race_id=202410010412: 15 頭 × 46 特徴量 (リーク除外済み)
18:43:47 INFO     [src.ml.features] [SIMULATE] 特徴量生成 race_id=202410010411: 16 頭 × 46 特徴量 (リーク除外済み)
18:43:47 INFO     [src.ml.features] [SIMULATE] 特徴量生成 race_id=202405010101: 16 頭 × 46 特徴量 (リーク除外済み)
18:43:47 INFO     [src.ml.features] [SIMULATE] 特徴量生成 race_id=202405010102: 15 頭 × 46 特徴量 (リーク除外済み)
18:43:47 INFO     [src.ml.features] [SIMULATE] 特徴量生成 race_id=202405010103: 14 頭 × 46 特徴量 (リーク除外済み)
18:43:47 INFO     [src.ml.features] [SIMULATE] 特徴量生成 race_id=202405010104: 14 頭 × 46 特徴量 (リーク除外済み)
18:43:47 INFO     [src.ml.features] [SIMULATE] 特徴量生成 race_id=202405010106: 12 頭 × 46 特徴量 (リーク除外済み)
18:43:47 INFO     [src.ml.features] [SIMULATE] 特徴量生成 race_id=202405010105: 16 頭 × 46 特徴量 (リーク除外済み)
18:43:47 INFO     [src.ml.features] [SIMULATE] 特徴量生成 race_id=202405010107: 16 頭 × 46 特徴量 (リーク除外済み)
18:43:47 INFO     [src.ml.features] [SIMULATE] 特徴量生成 race_id=202405010110: 10 頭 × 46 特徴量 (リーク除外済み)
18:43:47 INFO     [src.ml.features] [SIMULATE] 特徴量生成 race_id=202405010108: 16 頭 × 46 特徴量 (リーク除外済み)
18:43:47 INFO     [src.ml.features] [SIMULATE] 特徴量生成 race_id=202405010109: 16 頭 × 46 特徴量 (リーク除外済み)
18:43:47 INFO     [src.ml.features] [SIMULATE] 特徴量生成 race_id=202408020101: 9 頭 × 46 特徴量 (リーク除外済み)
18:43:47 INFO     [src.ml.features] [SIMULATE] 特徴量生成 race_id=202405010111: 12 頭 × 46 特徴量 (リーク除外済み)
18:43:47 INFO     [src.ml.features] [SIMULATE] 特徴量生成 race_id=202408020102: 9 頭 × 46 特徴量 (リーク除外済み)
18:43:47 INFO     [src.ml.features] [SIMULATE] 特徴量生成 race_id=202405010112: 16 頭 × 46 特徴量 (リーク除外済み)
18:43:47 INFO     [src.ml.features] [SIMULATE] 特徴量生成 race_id=202408020105: 9 頭 × 46 特徴量 (リーク除外済み)
18:43:47 INFO     [src.ml.features] [SIMULATE] 特徴量生成 race_id=202408020106: 7 頭 × 46 特徴量 (リーク除外済み)
18:43:47 INFO     [src.ml.features] [SIMULATE] 特徴量生成 race_id=202408020103: 15 頭 × 46 特徴量 (リーク除外済み)
18:43:47 INFO     [src.ml.features] [SIMULATE] 特徴量生成 race_id=202408020104: 16 頭 × 46 特徴量 (リーク除外済み)
18:43:47 INFO     [src.ml.features] [SIMULATE] 特徴量生成 race_id=202408020107: 9 頭 × 46 特徴量 (リーク除外済み)
18:43:47 INFO     [src.ml.features] [SIMULATE] 特徴量生成 race_id=202408020108: 7 頭 × 46 特徴量 (リーク除外済み)
18:43:47 INFO     [src.ml.features] [SIMULATE] 特徴量生成 race_id=202408020110: 9 頭 × 46 特徴量 (リーク除外済み)
18:43:47 INFO     [src.ml.features] [SIMULATE] 特徴量生成 race_id=202408020109: 16 頭 × 46 特徴量 (リーク除外済み)
18:43:47 INFO     [src.ml.features] [SIMULATE] 特徴量生成 race_id=202408020111: 14 頭 × 46 特徴量 (リーク除外済み)
18:43:47 INFO     [src.ml.features] [SIMULATE] 特徴量生成 race_id=202408020112: 18 頭 × 46 特徴量 (リーク除外済み)
18:43:47 INFO     [src.ml.features] [SIMULATE] 特徴量生成 race_id=202410010501: 12 頭 × 46 特徴量 (リーク除外済み)
18:43:47 INFO     [src.ml.features] [SIMULATE] 特徴量生成 race_id=202410010502: 14 頭 × 46 特徴量 (リーク除外済み)
18:43:47 INFO     [src.ml.features] [SIMULATE] 特徴量生成 race_id=202410010503: 11 頭 × 46 特徴量 (リーク除外済み)
18:43:47 INFO     [src.ml.features] [SIMULATE] 特徴量生成 race_id=202410010504: 12 頭 × 46 特徴量 (リーク除外済み)
18:43:47 INFO     [src.ml.features] [SIMULATE] 特徴量生成 race_id=202410010505: 13 頭 × 46 特徴量 (リーク除外済み)
18:43:47 INFO     [src.ml.features] [SIMULATE] 特徴量生成 race_id=202410010506: 14 頭 × 46 特徴量 (リーク除外済み)
18:43:47 INFO     [src.ml.features] [SIMULATE] 特徴量生成 race_id=202410010507: 16 頭 × 46 特徴量 (リーク除外済み)
18:43:47 INFO     [src.ml.features] [SIMULATE] 特徴量生成 race_id=202410010508: 14 頭 × 46 特徴量 (リーク除外済み)
18:43:47 INFO     [src.ml.features] [SIMULATE] 特徴量生成 race_id=202410010509: 14 頭 × 46 特徴量 (リーク除外済み)
18:43:47 INFO     [src.ml.features] [SIMULATE] 特徴量生成 race_id=202410010511: 10 頭 × 46 特徴量 (リーク除外済み)
18:43:47 INFO     [src.ml.features] [SIMULATE] 特徴量生成 race_id=202410010510: 16 頭 × 46 特徴量 (リーク除外済み)
18:43:47 INFO     [src.ml.features] [SIMULATE] 特徴量生成 race_id=202410010512: 18 頭 × 46 特徴量 (リーク除外済み)
18:43:47 INFO     [src.ml.features] [SIMULATE] 特徴量生成 race_id=202405010201: 16 頭 × 46 特徴量 (リーク除外済み)
18:43:47 INFO     [src.ml.features] [SIMULATE] 特徴量生成 race_id=202405010202: 16 頭 × 46 特徴量 (リーク除外済み)
18:43:47 INFO     [src.ml.features] [SIMULATE] 特徴量生成 race_id=202405010203: 16 頭 × 46 特徴量 (リーク除外済み)
18:43:47 INFO     [src.ml.features] [SIMULATE] 特徴量生成 race_id=202405010204: 14 頭 × 46 特徴量 (リーク除外済み)
18:43:47 INFO     [src.ml.features] [SIMULATE] 特徴量生成 race_id=202405010205: 16 頭 × 46 特徴量 (リーク除外済み)
18:43:47 INFO     [src.ml.features] [SIMULATE] 特徴量生成 race_id=202405010206: 16 頭 × 46 特徴量 (リーク除外済み)
18:43:47 INFO     [src.ml.features] [SIMULATE] 特徴量生成 race_id=202405010207: 14 頭 × 46 特徴量 (リーク除外済み)
18:43:47 INFO     [src.ml.features] [SIMULATE] 特徴量生成 race_id=202405010209: 9 頭 × 46 特徴量 (リーク除外済み)
18:43:47 INFO     [src.ml.features] [SIMULATE] 特徴量生成 race_id=202405010208: 16 頭 × 46 特徴量 (リーク除外済み)
18:43:48 INFO     [src.ml.features] [SIMULATE] 特徴量生成 race_id=202405010210: 14 頭 × 46 特徴量 (リーク除外済み)
18:43:48 INFO     [src.ml.features] [SIMULATE] 特徴量生成 race_id=202405010212: 11 頭 × 46 特徴量 (リーク除外済み)
18:43:48 INFO     [src.ml.features] [SIMULATE] 特徴量生成 race_id=202405010211: 16 頭 × 46 特徴量 (リーク除外済み)
18:43:48 INFO     [src.ml.features] [SIMULATE] 特徴量生成 race_id=202408020201: 15 頭 × 46 特徴量 (リーク除外済み)
18:43:48 INFO     [src.ml.features] [SIMULATE] 特徴量生成 race_id=202408020202: 11 頭 × 46 特徴量 (リーク除外済み)
18:43:48 INFO     [src.ml.features] [SIMULATE] 特徴量生成 race_id=202408020204: 13 頭 × 46 特徴量 (リーク除外済み)
18:43:48 INFO     [src.ml.features] [SIMULATE] 特徴量生成 race_id=202408020203: 16 頭 × 46 特徴量 (リーク除外済み)
18:43:48 INFO     [src.ml.features] [SIMULATE] 特徴量生成 race_id=202408020206: 10 頭 × 46 特徴量 (リーク除外済み)
18:43:48 INFO     [src.ml.features] [SIMULATE] 特徴量生成 race_id=202408020205: 13 頭 × 46 特徴量 (リーク除外済み)
18:43:48 INFO     [src.ml.features] [SIMULATE] 特徴量生成 race_id=202408020207: 10 頭 × 46 特徴量 (リーク除外済み)
18:43:48 INFO     [src.ml.features] [SIMULATE] 特徴量生成 race_id=202408020209: 11 頭 × 46 特徴量 (リーク除外済み)
18:43:48 INFO     [src.ml.features] [SIMULATE] 特徴量生成 race_id=202408020208: 16 頭 × 46 特徴量 (リーク除外済み)
18:43:48 INFO     [src.ml.features] [SIMULATE] 特徴量生成 race_id=202408020210: 12 頭 × 46 特徴量 (リーク除外済み)
18:43:48 INFO     [src.ml.features] [SIMULATE] 特徴量生成 race_id=202408020212: 9 頭 × 46 特徴量 (リーク除外済み)
18:43:48 INFO     [src.ml.features] [SIMULATE] 特徴量生成 race_id=202408020211: 18 頭 × 46 特徴量 (リーク除外済み)
18:43:48 INFO     [src.ml.features] [SIMULATE] 特徴量生成 race_id=202410010601: 11 頭 × 46 特徴量 (リーク除外済み)
18:43:48 INFO     [src.ml.features] [SIMULATE] 特徴量生成 race_id=202410010602: 16 頭 × 46 特徴量 (リーク除外済み)
18:43:48 INFO     [src.ml.features] [SIMULATE] 特徴量生成 race_id=202410010603: 14 頭 × 46 特徴量 (リーク除外済み)
18:43:48 INFO     [src.ml.features] [SIMULATE] 特徴量生成 race_id=202410010604: 12 頭 × 46 特徴量 (リーク除外済み)
18:43:48 INFO     [src.ml.features] [SIMULATE] 特徴量生成 race_id=202410010605: 14 頭 × 46 特徴量 (リーク除外済み)
18:43:48 INFO     [src.ml.features] [SIMULATE] 特徴量生成 race_id=202410010606: 15 頭 × 46 特徴量 (リーク除外済み)
18:43:48 INFO     [src.ml.features] [SIMULATE] 特徴量生成 race_id=202410010607: 14 頭 × 46 特徴量 (リーク除外済み)
18:43:48 INFO     [src.ml.features] [SIMULATE] 特徴量生成 race_id=202410010609: 10 頭 × 46 特徴量 (リーク除外済み)
18:43:48 INFO     [src.ml.features] [SIMULATE] 特徴量生成 race_id=202410010608: 14 頭 × 46 特徴量 (リーク除外済み)
18:43:48 INFO     [src.ml.features] [SIMULATE] 特徴量生成 race_id=202410010610: 16 頭 × 46 特徴量 (リーク除外済み)
18:43:48 INFO     [src.ml.features] [SIMULATE] 特徴量生成 race_id=202410010612: 13 頭 × 46 特徴量 (リーク除外済み)
18:43:48 INFO     [src.ml.features] [SIMULATE] 特徴量生成 race_id=202410010611: 18 頭 × 46 特徴量 (リーク除外済み)
18:43:48 INFO     [src.ml.features] [SIMULATE] 特徴量生成 race_id=202405010301: 16 頭 × 46 特徴量 (リーク除外済み)
18:43:48 INFO     [src.ml.features] [SIMULATE] 特徴量生成 race_id=202405010304: 8 頭 × 46 特徴量 (リーク除外済み)
18:43:48 INFO     [src.ml.features] [SIMULATE] 特徴量生成 race_id=202405010302: 16 頭 × 46 特徴量 (リーク除外済み)
18:43:48 INFO     [src.ml.features] [SIMULATE] 特徴量生成 race_id=202405010303: 16 頭 × 46 特徴量 (リーク除外済み)
18:43:48 INFO     [src.ml.features] [SIMULATE] 特徴量生成 race_id=202405010305: 16 頭 × 46 特徴量 (リーク除外済み)
18:43:48 INFO     [src.ml.features] [SIMULATE] 特徴量生成 race_id=202405010306: 13 頭 × 46 特徴量 (リーク除外済み)
18:43:48 INFO     [src.ml.features] [SIMULATE] 特徴量生成 race_id=202405010309: 8 頭 × 46 特徴量 (リーク除外済み)
18:43:48 INFO     [src.ml.features] [SIMULATE] 特徴量生成 race_id=202405010307: 13 頭 × 46 特徴量 (リーク除外済み)
18:43:48 INFO     [src.ml.features] [SIMULATE] 特徴量生成 race_id=202405010308: 16 頭 × 46 特徴量 (リーク除外済み)
18:43:48 INFO     [src.ml.features] [SIMULATE] 特徴量生成 race_id=202405010311: 12 頭 × 46 特徴量 (リーク除外済み)
18:43:48 INFO     [src.ml.features] [SIMULATE] 特徴量生成 race_id=202405010310: 15 頭 × 46 特徴量 (リーク除外済み)
18:43:48 INFO     [src.ml.features] [SIMULATE] 特徴量生成 race_id=202408020301: 12 頭 × 46 特徴量 (リーク除外済み)
18:43:48 INFO     [src.ml.features] [SIMULATE] 特徴量生成 race_id=202405010312: 16 頭 × 46 特徴量 (リーク除外済み)
18:43:48 INFO     [src.ml.features] [SIMULATE] 特徴量生成 race_id=202408020302: 9 頭 × 46 特徴量 (リーク除外済み)
18:43:48 INFO     [src.ml.features] [SIMULATE] 特徴量生成 race_id=202408020303: 14 頭 × 46 特徴量 (リーク除外済み)
18:43:48 INFO     [src.ml.features] [SIMULATE] 特徴量生成 race_id=202408020306: 9 頭 × 46 特徴量 (リーク除外済み)
18:43:48 INFO     [src.ml.features] [SIMULATE] 特徴量生成 race_id=202408020304: 16 頭 × 46 特徴量 (リーク除外済み)
18:43:48 INFO     [src.ml.features] [SIMULATE] 特徴量生成 race_id=202408020305: 16 頭 × 46 特徴量 (リーク除外済み)
18:43:48 INFO     [src.ml.features] [SIMULATE] 特徴量生成 race_id=202408020307: 11 頭 × 46 特徴量 (リーク除外済み)
18:43:48 INFO     [src.ml.features] [SIMULATE] 特徴量生成 race_id=202408020308: 12 頭 × 46 特徴量 (リーク除外済み)
18:43:48 INFO     [src.ml.features] [SIMULATE] 特徴量生成 race_id=202408020310: 11 頭 × 46 特徴量 (リーク除外済み)
18:43:48 INFO     [src.ml.features] [SIMULATE] 特徴量生成 race_id=202408020309: 16 頭 × 46 特徴量 (リーク除外済み)
18:43:48 INFO     [src.ml.features] [SIMULATE] 特徴量生成 race_id=202408020311: 12 頭 × 46 特徴量 (リーク除外済み)
18:43:48 INFO     [src.ml.features] [SIMULATE] 特徴量生成 race_id=202408020312: 16 頭 × 46 特徴量 (リーク除外済み)
18:43:48 INFO     [src.ml.features] [SIMULATE] 特徴量生成 race_id=202410010701: 16 頭 × 46 特徴量 (リーク除外済み)
18:43:48 INFO     [src.ml.features] [SIMULATE] 特徴量生成 race_id=202410010702: 14 頭 × 46 特徴量 (リーク除外済み)
18:43:48 INFO     [src.ml.features] [SIMULATE] 特徴量生成 race_id=202410010703: 14 頭 × 46 特徴量 (リーク除外済み)
18:43:48 INFO     [src.ml.features] [SIMULATE] 特徴量生成 race_id=202410010704: 14 頭 × 46 特徴量 (リーク除外済み)
18:43:48 INFO     [src.ml.features] [SIMULATE] 特徴量生成 race_id=202410010705: 12 頭 × 46 特徴量 (リーク除外済み)
18:43:48 INFO     [src.ml.features] [SIMULATE] 特徴量生成 race_id=202410010706: 12 頭 × 46 特徴量 (リーク除外済み)
18:43:48 INFO     [src.ml.features] [SIMULATE] 特徴量生成 race_id=202410010707: 15 頭 × 46 特徴量 (リーク除外済み)
18:43:48 INFO     [src.ml.features] [SIMULATE] 特徴量生成 race_id=202410010709: 12 頭 × 46 特徴量 (リーク除外済み)
18:43:48 INFO     [src.ml.features] [SIMULATE] 特徴量生成 race_id=202410010710: 14 頭 × 46 特徴量 (リーク除外済み)
18:43:48 INFO     [src.ml.features] [SIMULATE] 特徴量生成 race_id=202410010708: 16 頭 × 46 特徴量 (リーク除外済み)
18:43:48 INFO     [src.ml.features] [SIMULATE] 特徴量生成 race_id=202410010711: 11 頭 × 46 特徴量 (リーク除外済み)
18:43:48 INFO     [src.ml.features] [SIMULATE] 特徴量生成 race_id=202410010712: 11 頭 × 46 特徴量 (リーク除外済み)
18:43:48 INFO     [src.ml.features] [SIMULATE] 特徴量生成 race_id=202405010401: 16 頭 × 46 特徴量 (リーク除外済み)
18:43:48 INFO     [src.ml.features] [SIMULATE] 特徴量生成 race_id=202405010402: 16 頭 × 46 特徴量 (リーク除外済み)
18:43:49 INFO     [src.ml.features] [SIMULATE] 特徴量生成 race_id=202405010403: 16 頭 × 46 特徴量 (リーク除外済み)
18:43:49 INFO     [src.ml.features] [SIMULATE] 特徴量生成 race_id=202405010404: 15 頭 × 46 特徴量 (リーク除外済み)
18:43:49 INFO     [src.ml.features] [SIMULATE] 特徴量生成 race_id=202405010407: 7 頭 × 46 特徴量 (リーク除外済み)
18:43:49 INFO     [src.ml.features] [SIMULATE] 特徴量生成 race_id=202405010406: 15 頭 × 46 特徴量 (リーク除外済み)
18:43:49 INFO     [src.ml.features] [SIMULATE] 特徴量生成 race_id=202405010405: 16 頭 × 46 特徴量 (リーク除外済み)
18:43:49 INFO     [src.ml.features] [SIMULATE] 特徴量生成 race_id=202405010409: 9 頭 × 46 特徴量 (リーク除外済み)
18:43:49 INFO     [src.ml.features] [SIMULATE] 特徴量生成 race_id=202405010408: 16 頭 × 46 特徴量 (リーク除外済み)
18:43:49 INFO     [src.ml.features] [SIMULATE] 特徴量生成 race_id=202408020401: 7 頭 × 46 特徴量 (リーク除外済み)
18:43:49 INFO     [src.ml.features] [SIMULATE] 特徴量生成 race_id=202405010410: 16 頭 × 46 特徴量 (リーク除外済み)
18:43:49 INFO     [src.ml.features] [SIMULATE] 特徴量生成 race_id=202405010411: 16 頭 × 46 特徴量 (リーク除外済み)
18:43:49 INFO     [src.ml.features] [SIMULATE] 特徴量生成 race_id=202405010412: 16 頭 × 46 特徴量 (リーク除外済み)
18:43:49 INFO     [src.ml.features] [SIMULATE] 特徴量生成 race_id=202408020403: 8 頭 × 46 特徴量 (リーク除外済み)
18:43:49 INFO     [src.ml.features] [SIMULATE] 特徴量生成 race_id=202408020404: 9 頭 × 46 特徴量 (リーク除外済み)
18:43:49 INFO     [src.ml.features] [SIMULATE] 特徴量生成 race_id=202408020402: 11 頭 × 46 特徴量 (リーク除外済み)
18:43:49 INFO     [src.ml.features] [SIMULATE] 特徴量生成 race_id=202408020408: 8 頭 × 46 特徴量 (リーク除外済み)
18:43:49 INFO     [src.ml.features] [SIMULATE] 特徴量生成 race_id=202408020406: 11 頭 × 46 特徴量 (リーク除外済み)
18:43:49 INFO     [src.ml.features] [SIMULATE] 特徴量生成 race_id=202408020407: 10 頭 × 46 特徴量 (リーク除外済み)
18:43:49 INFO     [src.ml.features] [SIMULATE] 特徴量生成 race_id=202408020405: 17 頭 × 46 特徴量 (リーク除外済み)
18:43:49 INFO     [src.ml.features] [SIMULATE] 特徴量生成 race_id=202408020411: 12 頭 × 46 特徴量 (リーク除外済み)
18:43:49 INFO     [src.ml.features] [SIMULATE] 特徴量生成 race_id=202408020409: 14 頭 × 46 特徴量 (リーク除外済み)
18:43:49 INFO     [src.ml.features] [SIMULATE] 特徴量生成 race_id=202408020410: 16 頭 × 46 特徴量 (リーク除外済み)
18:43:49 INFO     [src.ml.features] [SIMULATE] 特徴量生成 race_id=202408020412: 14 頭 × 46 特徴量 (リーク除外済み)
18:43:49 INFO     [src.ml.features] [SIMULATE] 特徴量生成 race_id=202410010802: 12 頭 × 46 特徴量 (リーク除外済み)
18:43:49 INFO     [src.ml.features] [SIMULATE] 特徴量生成 race_id=202410010801: 15 頭 × 46 特徴量 (リーク除外済み)
18:43:49 INFO     [src.ml.features] [SIMULATE] 特徴量生成 race_id=202410010804: 12 頭 × 46 特徴量 (リーク除外済み)
18:43:49 INFO     [src.ml.features] [SIMULATE] 特徴量生成 race_id=202410010803: 14 頭 × 46 特徴量 (リーク除外済み)
18:43:49 INFO     [src.ml.features] [SIMULATE] 特徴量生成 race_id=202410010805: 12 頭 × 46 特徴量 (リーク除外済み)
18:43:49 INFO     [src.ml.features] [SIMULATE] 特徴量生成 race_id=202410010807: 10 頭 × 46 特徴量 (リーク除外済み)
18:43:49 INFO     [src.ml.features] [SIMULATE] 特徴量生成 race_id=202410010808: 12 頭 × 46 特徴量 (リーク除外済み)
18:43:49 INFO     [src.ml.features] [SIMULATE] 特徴量生成 race_id=202410010806: 18 頭 × 46 特徴量 (リーク除外済み)
18:43:49 INFO     [src.ml.features] [SIMULATE] 特徴量生成 race_id=202410010809: 11 頭 × 46 特徴量 (リーク除外済み)
18:43:49 INFO     [src.ml.features] [SIMULATE] 特徴量生成 race_id=202410010811: 9 頭 × 46 特徴量 (リーク除外済み)
18:43:49 INFO     [src.ml.features] [SIMULATE] 特徴量生成 race_id=202410010810: 16 頭 × 46 特徴量 (リーク除外済み)
18:43:49 INFO     [src.ml.features] [SIMULATE] 特徴量生成 race_id=202410010812: 14 頭 × 46 特徴量 (リーク除外済み)
18:43:49 INFO     [src.ml.features] [SIMULATE] 特徴量生成 race_id=202405010501: 16 頭 × 46 特徴量 (リーク除外済み)
18:43:49 INFO     [src.ml.features] [SIMULATE] 特徴量生成 race_id=202405010502: 16 頭 × 46 特徴量 (リーク除外済み)
18:43:49 INFO     [src.ml.features] [SIMULATE] 特徴量生成 race_id=202405010504: 12 頭 × 46 特徴量 (リーク除外済み)
18:43:49 INFO     [src.ml.features] [SIMULATE] 特徴量生成 race_id=202405010503: 16 頭 × 46 特徴量 (リーク除外済み)
18:43:49 INFO     [src.ml.features] [SIMULATE] 特徴量生成 race_id=202405010505: 16 頭 × 46 特徴量 (リーク除外済み)
18:43:49 INFO     [src.ml.features] [SIMULATE] 特徴量生成 race_id=202405010507: 13 頭 × 46 特徴量 (リーク除外済み)
18:43:49 INFO     [src.ml.features] [SIMULATE] 特徴量生成 race_id=202405010506: 16 頭 × 46 特徴量 (リーク除外済み)
18:43:49 INFO     [src.ml.features] [SIMULATE] 特徴量生成 race_id=202405010508: 16 頭 × 46 特徴量 (リーク除外済み)
18:43:49 INFO     [src.ml.features] [SIMULATE] 特徴量生成 race_id=202405010509: 12 頭 × 46 特徴量 (リーク除外済み)
18:43:49 INFO     [src.ml.features] [SIMULATE] 特徴量生成 race_id=202405010510: 16 頭 × 46 特徴量 (リーク除外済み)
18:43:49 INFO     [src.ml.features] [SIMULATE] 特徴量生成 race_id=202405010511: 13 頭 × 46 特徴量 (リーク除外済み)
18:43:49 INFO     [src.ml.features] [SIMULATE] 特徴量生成 race_id=202405010512: 15 頭 × 46 特徴量 (リーク除外済み)
18:43:49 INFO     [src.ml.features] [SIMULATE] 特徴量生成 race_id=202408020501: 14 頭 × 46 特徴量 (リーク除外済み)
18:43:49 INFO     [src.ml.features] [SIMULATE] 特徴量生成 race_id=202408020502: 11 頭 × 46 特徴量 (リーク除外済み)
18:43:49 INFO     [src.ml.features] [SIMULATE] 特徴量生成 race_id=202408020503: 16 頭 × 46 特徴量 (リーク除外済み)
18:43:49 INFO     [src.ml.features] [SIMULATE] 特徴量生成 race_id=202408020504: 16 頭 × 46 特徴量 (リーク除外済み)
18:43:49 INFO     [src.ml.features] [SIMULATE] 特徴量生成 race_id=202408020505: 12 頭 × 46 特徴量 (リーク除外済み)
18:43:49 INFO     [src.ml.features] [SIMULATE] 特徴量生成 race_id=202408020507: 7 頭 × 46 特徴量 (リーク除外済み)
18:43:49 INFO     [src.ml.features] [SIMULATE] 特徴量生成 race_id=202408020506: 13 頭 × 46 特徴量 (リーク除外済み)
18:43:49 INFO     [src.ml.features] [SIMULATE] 特徴量生成 race_id=202408020509: 9 頭 × 46 特徴量 (リーク除外済み)
18:43:49 INFO     [src.ml.features] [SIMULATE] 特徴量生成 race_id=202408020508: 16 頭 × 46 特徴量 (リーク除外済み)
18:43:49 INFO     [src.ml.features] [SIMULATE] 特徴量生成 race_id=202408020510: 12 頭 × 46 特徴量 (リーク除外済み)
18:43:49 INFO     [src.ml.features] [SIMULATE] 特徴量生成 race_id=202408020512: 14 頭 × 46 特徴量 (リーク除外済み)
18:43:49 INFO     [src.ml.features] [SIMULATE] 特徴量生成 race_id=202408020511: 18 頭 × 46 特徴量 (リーク除外済み)
18:43:49 INFO     [src.ml.features] [SIMULATE] 特徴量生成 race_id=202410020101: 14 頭 × 46 特徴量 (リーク除外済み)
18:43:49 INFO     [src.ml.features] [SIMULATE] 特徴量生成 race_id=202410020102: 14 頭 × 46 特徴量 (リーク除外済み)
18:43:49 INFO     [src.ml.features] [SIMULATE] 特徴量生成 race_id=202410020103: 14 頭 × 46 特徴量 (リーク除外済み)
18:43:49 INFO     [src.ml.features] [SIMULATE] 特徴量生成 race_id=202410020104: 12 頭 × 46 特徴量 (リーク除外済み)
18:43:49 INFO     [src.ml.features] [SIMULATE] 特徴量生成 race_id=202410020105: 12 頭 × 46 特徴量 (リーク除外済み)
18:43:49 INFO     [src.ml.features] [SIMULATE] 特徴量生成 race_id=202410020106: 12 頭 × 46 特徴量 (リーク除外済み)
18:43:49 INFO     [src.ml.features] [SIMULATE] 特徴量生成 race_id=202410020107: 11 頭 × 46 特徴量 (リーク除外済み)
18:43:49 INFO     [src.ml.features] [SIMULATE] 特徴量生成 race_id=202410020109: 8 頭 × 46 特徴量 (リーク除外済み)
18:43:49 INFO     [src.ml.features] [SIMULATE] 特徴量生成 race_id=202410020108: 11 頭 × 46 特徴量 (リーク除外済み)
18:43:49 INFO     [src.ml.features] [SIMULATE] 特徴量生成 race_id=202410020110: 14 頭 × 46 特徴量 (リーク除外済み)
18:43:49 INFO     [src.ml.features] [SIMULATE] 特徴量生成 race_id=202410020111: 16 頭 × 46 特徴量 (リーク除外済み)
18:43:49 INFO     [src.ml.features] [SIMULATE] 特徴量生成 race_id=202410020112: 18 頭 × 46 特徴量 (リーク除外済み)
18:43:49 INFO     [src.ml.features] [SIMULATE] 特徴量生成 race_id=202405010601: 16 頭 × 46 特徴量 (リーク除外済み)
18:43:50 INFO     [src.ml.features] [SIMULATE] 特徴量生成 race_id=202405010602: 16 頭 × 46 特徴量 (リーク除外済み)
18:43:50 INFO     [src.ml.features] [SIMULATE] 特徴量生成 race_id=202405010603: 16 頭 × 46 特徴量 (リーク除外済み)
18:43:50 INFO     [src.ml.features] [SIMULATE] 特徴量生成 race_id=202405010605: 16 頭 × 46 特徴量 (リーク除外済み)
18:43:50 INFO     [src.ml.features] [SIMULATE] 特徴量生成 race_id=202405010604: 16 頭 × 46 特徴量 (リーク除外済み)
18:43:50 INFO     [src.ml.features] [SIMULATE] 特徴量生成 race_id=202405010606: 10 頭 × 46 特徴量 (リーク除外済み)
18:43:50 INFO     [src.ml.features] [SIMULATE] 特徴量生成 race_id=202405010608: 8 頭 × 46 特徴量 (リーク除外済み)
18:43:50 INFO     [src.ml.features] [SIMULATE] 特徴量生成 race_id=202405010609: 13 頭 × 46 特徴量 (リーク除外済み)
18:43:50 INFO     [src.ml.features] [SIMULATE] 特徴量生成 race_id=202405010607: 15 頭 × 46 特徴量 (リーク除外済み)
18:43:50 INFO     [src.ml.features] [SIMULATE] 特徴量生成 race_id=202405010610: 16 頭 × 46 特徴量 (リーク除外済み)
18:43:50 INFO     [src.ml.features] [SIMULATE] 特徴量生成 race_id=202405010611: 10 頭 × 46 特徴量 (リーク除外済み)
18:43:50 INFO     [src.ml.features] [SIMULATE] 特徴量生成 race_id=202408020601: 12 頭 × 46 特徴量 (リーク除外済み)
18:43:50 INFO     [src.ml.features] [SIMULATE] 特徴量生成 race_id=202405010612: 15 頭 × 46 特徴量 (リーク除外済み)
18:43:50 INFO     [src.ml.features] [SIMULATE] 特徴量生成 race_id=202408020602: 16 頭 × 46 特徴量 (リーク除外済み)
18:43:50 INFO     [src.ml.features] [SIMULATE] 特徴量生成 race_id=202408020603: 15 頭 × 46 特徴量 (リーク除外済み)
18:43:50 INFO     [src.ml.features] [SIMULATE] 特徴量生成 race_id=202408020604: 9 頭 × 46 特徴量 (リーク除外済み)
18:43:50 INFO     [src.ml.features] [SIMULATE] 特徴量生成 race_id=202408020605: 14 頭 × 46 特徴量 (リーク除外済み)
18:43:50 INFO     [src.ml.features] [SIMULATE] 特徴量生成 race_id=202408020606: 10 頭 × 46 特徴量 (リーク除外済み)
18:43:50 INFO     [src.ml.features] [SIMULATE] 特徴量生成 race_id=202408020607: 11 頭 × 46 特徴量 (リーク除外済み)
18:43:50 INFO     [src.ml.features] [SIMULATE] 特徴量生成 race_id=202408020608: 11 頭 × 46 特徴量 (リーク除外済み)
18:43:50 INFO     [src.ml.features] [SIMULATE] 特徴量生成 race_id=202408020609: 9 頭 × 46 特徴量 (リーク除外済み)
18:43:50 INFO     [src.ml.features] [SIMULATE] 特徴量生成 race_id=202408020611: 12 頭 × 46 特徴量 (リーク除外済み)
18:43:50 INFO     [src.ml.features] [SIMULATE] 特徴量生成 race_id=202408020610: 15 頭 × 46 特徴量 (リーク除外済み)
18:43:50 INFO     [src.ml.features] [SIMULATE] 特徴量生成 race_id=202408020612: 16 頭 × 46 特徴量 (リーク除外済み)
18:43:50 INFO     [src.ml.features] [SIMULATE] 特徴量生成 race_id=202410020201: 15 頭 × 46 特徴量 (リーク除外済み)
18:43:50 INFO     [src.ml.features] [SIMULATE] 特徴量生成 race_id=202410020203: 14 頭 × 46 特徴量 (リーク除外済み)
18:43:50 INFO     [src.ml.features] [SIMULATE] 特徴量生成 race_id=202410020202: 18 頭 × 46 特徴量 (リーク除外済み)
18:43:50 INFO     [src.ml.features] [SIMULATE] 特徴量生成 race_id=202410020204: 12 頭 × 46 特徴量 (リーク除外済み)
18:43:50 INFO     [src.ml.features] [SIMULATE] 特徴量生成 race_id=202410020205: 10 頭 × 46 特徴量 (リーク除外済み)
18:43:50 INFO     [src.ml.features] [SIMULATE] 特徴量生成 race_id=202410020208: 11 頭 × 46 特徴量 (リーク除外済み)
18:43:50 INFO     [src.ml.features] [SIMULATE] 特徴量生成 race_id=202410020209: 10 頭 × 46 特徴量 (リーク除外済み)
18:43:50 INFO     [src.ml.features] [SIMULATE] 特徴量生成 race_id=202410020207: 13 頭 × 46 特徴量 (リーク除外済み)
18:43:50 INFO     [src.ml.features] [SIMULATE] 特徴量生成 race_id=202410020206: 18 頭 × 46 特徴量 (リーク除外済み)
18:43:50 INFO     [src.ml.features] [SIMULATE] 特徴量生成 race_id=202410020210: 13 頭 × 46 特徴量 (リーク除外済み)
18:43:50 INFO     [src.ml.features] [SIMULATE] 特徴量生成 race_id=202410020212: 13 頭 × 46 特徴量 (リーク除外済み)
18:43:50 INFO     [src.ml.features] [SIMULATE] 特徴量生成 race_id=202410020211: 18 頭 × 46 特徴量 (リーク除外済み)
18:43:50 INFO     [src.ml.features] [SIMULATE] 特徴量生成 race_id=202405010701: 16 頭 × 46 特徴量 (リーク除外済み)
18:43:50 INFO     [src.ml.features] [SIMULATE] 特徴量生成 race_id=202405010702: 16 頭 × 46 特徴量 (リーク除外済み)
18:43:50 INFO     [src.ml.features] [SIMULATE] 特徴量生成 race_id=202405010703: 16 頭 × 46 特徴量 (リーク除外済み)
18:43:50 INFO     [src.ml.features] [SIMULATE] 特徴量生成 race_id=202405010704: 16 頭 × 46 特徴量 (リーク除外済み)
18:43:50 INFO     [src.ml.features] [SIMULATE] 特徴量生成 race_id=202405010705: 18 頭 × 46 特徴量 (リーク除外済み)
18:43:50 INFO     [src.ml.features] [SIMULATE] 特徴量生成 race_id=202405010708: 11 頭 × 46 特徴量 (リーク除外済み)
18:43:50 INFO     [src.ml.features] [SIMULATE] 特徴量生成 race_id=202405010706: 16 頭 × 46 特徴量 (リーク除外済み)
18:43:50 INFO     [src.ml.features] [SIMULATE] 特徴量生成 race_id=202405010709: 10 頭 × 46 特徴量 (リーク除外済み)
18:43:50 INFO     [src.ml.features] [SIMULATE] 特徴量生成 race_id=202405010707: 16 頭 × 46 特徴量 (リーク除外済み)
18:43:50 INFO     [src.ml.features] [SIMULATE] 特徴量生成 race_id=202405010711: 10 頭 × 46 特徴量 (リーク除外済み)
18:43:50 INFO     [src.ml.features] [SIMULATE] 特徴量生成 race_id=202405010710: 13 頭 × 46 特徴量 (リーク除外済み)
18:43:50 INFO     [src.ml.features] [SIMULATE] 特徴量生成 race_id=202405010712: 16 頭 × 46 特徴量 (リーク除外済み)
18:43:50 INFO     [src.ml.features] [SIMULATE] 特徴量生成 race_id=202408020701: 15 頭 × 46 特徴量 (リーク除外済み)
18:43:50 INFO     [src.ml.features] [SIMULATE] 特徴量生成 race_id=202408020702: 15 頭 × 46 特徴量 (リーク除外済み)
18:43:50 INFO     [src.ml.features] [SIMULATE] 特徴量生成 race_id=202408020703: 16 頭 × 46 特徴量 (リーク除外済み)
18:43:50 INFO     [src.ml.features] [SIMULATE] 特徴量生成 race_id=202408020705: 14 頭 × 46 特徴量 (リーク除外済み)
18:43:50 INFO     [src.ml.features] [SIMULATE] 特徴量生成 race_id=202408020704: 16 頭 × 46 特徴量 (リーク除外済み)
18:43:50 INFO     [src.ml.features] [SIMULATE] 特徴量生成 race_id=202408020706: 11 頭 × 46 特徴量 (リーク除外済み)
18:43:50 INFO     [src.ml.features] [SIMULATE] 特徴量生成 race_id=202408020707: 11 頭 × 46 特徴量 (リーク除外済み)
18:43:50 INFO     [src.ml.features] [SIMULATE] 特徴量生成 race_id=202408020709: 9 頭 × 46 特徴量 (リーク除外済み)
18:43:50 INFO     [src.ml.features] [SIMULATE] 特徴量生成 race_id=202408020708: 16 頭 × 46 特徴量 (リーク除外済み)
18:43:50 INFO     [src.ml.features] [SIMULATE] 特徴量生成 race_id=202408020710: 16 頭 × 46 特徴量 (リーク除外済み)
18:43:50 INFO     [src.ml.features] [SIMULATE] 特徴量生成 race_id=202408020711: 18 頭 × 46 特徴量 (リーク除外済み)
18:43:50 INFO     [src.ml.features] [SIMULATE] 特徴量生成 race_id=202408020712: 16 頭 × 46 特徴量 (リーク除外済み)
18:43:50 INFO     [src.ml.features] [SIMULATE] 特徴量生成 race_id=202410020301: 16 頭 × 46 特徴量 (リーク除外済み)
18:43:50 INFO     [src.ml.features] [SIMULATE] 特徴量生成 race_id=202410020302: 18 頭 × 46 特徴量 (リーク除外済み)
18:43:50 INFO     [src.ml.features] [SIMULATE] 特徴量生成 race_id=202410020303: 14 頭 × 46 特徴量 (リーク除外済み)
18:43:50 INFO     [src.ml.features] [SIMULATE] 特徴量生成 race_id=202410020304: 13 頭 × 46 特徴量 (リーク除外済み)
18:43:50 INFO     [src.ml.features] [SIMULATE] 特徴量生成 race_id=202410020305: 12 頭 × 46 特徴量 (リーク除外済み)
18:43:50 INFO     [src.ml.features] [SIMULATE] 特徴量生成 race_id=202410020307: 13 頭 × 46 特徴量 (リーク除外済み)
18:43:50 INFO     [src.ml.features] [SIMULATE] 特徴量生成 race_id=202410020309: 9 頭 × 46 特徴量 (リーク除外済み)
18:43:50 INFO     [src.ml.features] [SIMULATE] 特徴量生成 race_id=202410020306: 17 頭 × 46 特徴量 (リーク除外済み)
18:43:50 INFO     [src.ml.features] [SIMULATE] 特徴量生成 race_id=202410020308: 12 頭 × 46 特徴量 (リーク除外済み)
18:43:50 INFO     [src.ml.features] [SIMULATE] 特徴量生成 race_id=202410020310: 16 頭 × 46 特徴量 (リーク除外済み)
18:43:50 INFO     [src.ml.features] [SIMULATE] 特徴量生成 race_id=202410020311: 16 頭 × 46 特徴量 (リーク除外済み)
18:43:50 INFO     [src.ml.features] [SIMULATE] 特徴量生成 race_id=202410020312: 18 頭 × 46 特徴量 (リーク除外済み)
18:43:50 INFO     [src.ml.features] [SIMULATE] 特徴量生成 race_id=202405010807: 16 頭 × 46 特徴量 (リーク除外済み)
18:43:50 INFO     [src.ml.features] [SIMULATE] 特徴量生成 race_id=202408020812: 9 頭 × 46 特徴量 (リーク除外済み)
18:43:50 INFO     [src.ml.features] [SIMULATE] 特徴量生成 race_id=202410020401: 16 頭 × 46 特徴量 (リーク除外済み)
18:43:50 INFO     [src.ml.features] [SIMULATE] 特徴量生成 race_id=202410020402: 18 頭 × 46 特徴量 (リーク除外済み)
18:43:51 INFO     [src.ml.features] [SIMULATE] 特徴量生成 race_id=202410020403: 14 頭 × 46 特徴量 (リーク除外済み)
18:43:51 INFO     [src.ml.features] [SIMULATE] 特徴量生成 race_id=202410020404: 12 頭 × 46 特徴量 (リーク除外済み)
18:43:51 INFO     [src.ml.features] [SIMULATE] 特徴量生成 race_id=202410020405: 18 頭 × 46 特徴量 (リーク除外済み)
18:43:51 INFO     [src.ml.features] [SIMULATE] 特徴量生成 race_id=202410020406: 13 頭 × 46 特徴量 (リーク除外済み)
18:43:51 INFO     [src.ml.features] [SIMULATE] 特徴量生成 race_id=202410020407: 16 頭 × 46 特徴量 (リーク除外済み)
18:43:51 INFO     [src.ml.features] [SIMULATE] 特徴量生成 race_id=202410020408: 9 頭 × 46 特徴量 (リーク除外済み)
18:43:51 INFO     [src.ml.features] [SIMULATE] 特徴量生成 race_id=202410020409: 14 頭 × 46 特徴量 (リーク除外済み)
18:43:51 INFO     [src.ml.features] [SIMULATE] 特徴量生成 race_id=202410020410: 18 頭 × 46 特徴量 (リーク除外済み)
18:43:51 INFO     [src.ml.features] [SIMULATE] 特徴量生成 race_id=202410020411: 16 頭 × 46 特徴量 (リーク除外済み)
18:43:51 INFO     [src.ml.features] [SIMULATE] 特徴量生成 race_id=202410020412: 18 頭 × 46 特徴量 (リーク除外済み)
18:43:51 INFO     [src.ml.features] [SIMULATE] 特徴量生成 race_id=202405010801: 16 頭 × 46 特徴量 (リーク除外済み)
18:43:51 INFO     [src.ml.features] [SIMULATE] 特徴量生成 race_id=202405010802: 16 頭 × 46 特徴量 (リーク除外済み)
18:43:51 INFO     [src.ml.features] [SIMULATE] 特徴量生成 race_id=202405010805: 12 頭 × 46 特徴量 (リーク除外済み)
18:43:51 INFO     [src.ml.features] [SIMULATE] 特徴量生成 race_id=202405010804: 16 頭 × 46 特徴量 (リーク除外済み)
18:43:51 INFO     [src.ml.features] [SIMULATE] 特徴量生成 race_id=202405010803: 16 頭 × 46 特徴量 (リーク除外済み)
18:43:51 INFO     [src.ml.features] [SIMULATE] 特徴量生成 race_id=202405010810: 9 頭 × 46 特徴量 (リーク除外済み)
18:43:51 INFO     [src.ml.features] [SIMULATE] 特徴量生成 race_id=202405010809: 11 頭 × 46 特徴量 (リーク除外済み)
18:43:51 INFO     [src.ml.features] [SIMULATE] 特徴量生成 race_id=202405010808: 12 頭 × 46 特徴量 (リーク除外済み)
18:43:51 INFO     [src.ml.features] [SIMULATE] 特徴量生成 race_id=202405010806: 16 頭 × 46 特徴量 (リーク除外済み)
18:43:51 INFO     [src.ml.features] [SIMULATE] 特徴量生成 race_id=202408020801: 12 頭 × 46 特徴量 (リーク除外済み)
18:43:51 INFO     [src.ml.features] [SIMULATE] 特徴量生成 race_id=202405010811: 16 頭 × 46 特徴量 (リーク除外済み)
18:43:51 INFO     [src.ml.features] [SIMULATE] 特徴量生成 race_id=202408020802: 15 頭 × 46 特徴量 (リーク除外済み)
18:43:51 INFO     [src.ml.features] [SIMULATE] 特徴量生成 race_id=202405010812: 16 頭 × 46 特徴量 (リーク除外済み)
18:43:51 INFO     [src.ml.features] [SIMULATE] 特徴量生成 race_id=202408020803: 15 頭 × 46 特徴量 (リーク除外済み)
18:43:51 INFO     [src.ml.features] [SIMULATE] 特徴量生成 race_id=202408020806: 11 頭 × 46 特徴量 (リーク除外済み)
18:43:51 INFO     [src.ml.features] [SIMULATE] 特徴量生成 race_id=202408020804: 16 頭 × 46 特徴量 (リーク除外済み)
18:43:51 INFO     [src.ml.features] [SIMULATE] 特徴量生成 race_id=202408020805: 13 頭 × 46 特徴量 (リーク除外済み)
18:43:51 INFO     [src.ml.features] [SIMULATE] 特徴量生成 race_id=202408020807: 8 頭 × 46 特徴量 (リーク除外済み)
18:43:51 INFO     [src.ml.features] [SIMULATE] 特徴量生成 race_id=202408020809: 13 頭 × 46 特徴量 (リーク除外済み)
18:43:51 INFO     [src.ml.features] [SIMULATE] 特徴量生成 race_id=202408020810: 12 頭 × 46 特徴量 (リーク除外済み)
18:43:51 INFO     [src.ml.features] [SIMULATE] 特徴量生成 race_id=202408020808: 16 頭 × 46 特徴量 (リーク除外済み)
18:43:51 INFO     [src.ml.features] [SIMULATE] 特徴量生成 race_id=202408020811: 13 頭 × 46 特徴量 (リーク除外済み)
18:43:51 INFO     [src.ml.features] [SIMULATE] 特徴量生成 race_id=202406020101: 16 頭 × 46 特徴量 (リーク除外済み)
18:43:51 INFO     [src.ml.features] [SIMULATE] 特徴量生成 race_id=202406020102: 16 頭 × 46 特徴量 (リーク除外済み)
18:43:51 INFO     [src.ml.features] [SIMULATE] 特徴量生成 race_id=202406020103: 16 頭 × 46 特徴量 (リーク除外済み)
18:43:51 INFO     [src.ml.features] [SIMULATE] 特徴量生成 race_id=202406020104: 16 頭 × 46 特徴量 (リーク除外済み)
18:43:51 INFO     [src.ml.features] [SIMULATE] 特徴量生成 race_id=202406020105: 16 頭 × 46 特徴量 (リーク除外済み)
18:43:51 INFO     [src.ml.features] [SIMULATE] 特徴量生成 race_id=202406020106: 16 頭 × 46 特徴量 (リーク除外済み)
18:43:51 INFO     [src.ml.features] [SIMULATE] 特徴量生成 race_id=202406020107: 11 頭 × 46 特徴量 (リーク除外済み)
18:43:51 INFO     [src.ml.features] [SIMULATE] 特徴量生成 race_id=202406020108: 12 頭 × 46 特徴量 (リーク除外済み)
18:43:51 INFO     [src.ml.features] [SIMULATE] 特徴量生成 race_id=202406020109: 7 頭 × 46 特徴量 (リーク除外済み)
18:43:51 INFO     [src.ml.features] [SIMULATE] 特徴量生成 race_id=202406020110: 12 頭 × 46 特徴量 (リーク除外済み)
18:43:51 INFO     [src.ml.features] [SIMULATE] 特徴量生成 race_id=202406020111: 11 頭 × 46 特徴量 (リーク除外済み)
18:43:51 INFO     [src.ml.features] [SIMULATE] 特徴量生成 race_id=202406020112: 16 頭 × 46 特徴量 (リーク除外済み)
18:43:51 INFO     [src.ml.features] [SIMULATE] 特徴量生成 race_id=202409010101: 16 頭 × 46 特徴量 (リーク除外済み)
18:43:51 INFO     [src.ml.features] [SIMULATE] 特徴量生成 race_id=202409010102: 11 頭 × 46 特徴量 (リーク除外済み)
18:43:51 INFO     [src.ml.features] [SIMULATE] 特徴量生成 race_id=202409010103: 15 頭 × 46 特徴量 (リーク除外済み)
18:43:51 INFO     [src.ml.features] [SIMULATE] 特徴量生成 race_id=202409010104: 12 頭 × 46 特徴量 (リーク除外済み)
18:43:51 INFO     [src.ml.features] [SIMULATE] 特徴量生成 race_id=202409010105: 13 頭 × 46 特徴量 (リーク除外済み)
18:43:51 INFO     [src.ml.features] [SIMULATE] 特徴量生成 race_id=202409010106: 11 頭 × 46 特徴量 (リーク除外済み)
18:43:51 INFO     [src.ml.features] [SIMULATE] 特徴量生成 race_id=202409010107: 17 頭 × 46 特徴量 (リーク除外済み)
18:43:51 INFO     [src.ml.features] [SIMULATE] 特徴量生成 race_id=202409010108: 16 頭 × 46 特徴量 (リーク除外済み)
18:43:51 INFO     [src.ml.features] [SIMULATE] 特徴量生成 race_id=202409010109: 10 頭 × 46 特徴量 (リーク除外済み)
18:43:51 INFO     [src.ml.features] [SIMULATE] 特徴量生成 race_id=202409010110: 13 頭 × 46 特徴量 (リーク除外済み)
18:43:51 INFO     [src.ml.features] [SIMULATE] 特徴量生成 race_id=202409010111: 16 頭 × 46 特徴量 (リーク除外済み)
18:43:51 INFO     [src.ml.features] [SIMULATE] 特徴量生成 race_id=202409010112: 10 頭 × 46 特徴量 (リーク除外済み)
18:43:51 INFO     [src.ml.features] [SIMULATE] 特徴量生成 race_id=202410020501: 16 頭 × 46 特徴量 (リーク除外済み)
18:43:51 INFO     [src.ml.features] [SIMULATE] 特徴量生成 race_id=202410020502: 18 頭 × 46 特徴量 (リーク除外済み)
18:43:51 INFO     [src.ml.features] [SIMULATE] 特徴量生成 race_id=202410020503: 14 頭 × 46 特徴量 (リーク除外済み)
18:43:51 INFO     [src.ml.features] [SIMULATE] 特徴量生成 race_id=202410020504: 10 頭 × 46 特徴量 (リーク除外済み)
18:43:51 INFO     [src.ml.features] [SIMULATE] 特徴量生成 race_id=202410020505: 18 頭 × 46 特徴量 (リーク除外済み)
18:43:51 INFO     [src.ml.features] [SIMULATE] 特徴量生成 race_id=202410020506: 13 頭 × 46 特徴量 (リーク除外済み)
18:43:51 INFO     [src.ml.features] [SIMULATE] 特徴量生成 race_id=202410020507: 14 頭 × 46 特徴量 (リーク除外済み)
18:43:51 INFO     [src.ml.features] [SIMULATE] 特徴量生成 race_id=202410020508: 10 頭 × 46 特徴量 (リーク除外済み)
18:43:51 INFO     [src.ml.features] [SIMULATE] 特徴量生成 race_id=202410020509: 14 頭 × 46 特徴量 (リーク除外済み)
18:43:52 INFO     [src.ml.features] [SIMULATE] 特徴量生成 race_id=202410020510: 16 頭 × 46 特徴量 (リーク除外済み)
18:43:52 INFO     [src.ml.features] [SIMULATE] 特徴量生成 race_id=202410020511: 15 頭 × 46 特徴量 (リーク除外済み)
18:43:52 INFO     [src.ml.features] [SIMULATE] 特徴量生成 race_id=202410020512: 18 頭 × 46 特徴量 (リーク除外済み)
18:43:52 INFO     [src.ml.features] [SIMULATE] 特徴量生成 race_id=202406020201: 16 頭 × 46 特徴量 (リーク除外済み)
18:43:52 INFO     [src.ml.features] [SIMULATE] 特徴量生成 race_id=202406020202: 16 頭 × 46 特徴量 (リーク除外済み)
18:43:52 INFO     [src.ml.features] [SIMULATE] 特徴量生成 race_id=202406020203: 16 頭 × 46 特徴量 (リーク除外済み)
18:43:52 INFO     [src.ml.features] [SIMULATE] 特徴量生成 race_id=202406020204: 12 頭 × 46 特徴量 (リーク除外済み)
18:43:52 INFO     [src.ml.features] [SIMULATE] 特徴量生成 race_id=202406020205: 16 頭 × 46 特徴量 (リーク除外済み)
18:43:52 INFO     [src.ml.features] [SIMULATE] 特徴量生成 race_id=202406020206: 16 頭 × 46 特徴量 (リーク除外済み)
18:43:52 INFO     [src.ml.features] [SIMULATE] 特徴量生成 race_id=202406020207: 10 頭 × 46 特徴量 (リーク除外済み)
18:43:52 INFO     [src.ml.features] [SIMULATE] 特徴量生成 race_id=202406020208: 16 頭 × 46 特徴量 (リーク除外済み)
18:43:52 INFO     [src.ml.features] [SIMULATE] 特徴量生成 race_id=202406020209: 13 頭 × 46 特徴量 (リーク除外済み)
18:43:52 INFO     [src.ml.features] [SIMULATE] 特徴量生成 race_id=202406020210: 16 頭 × 46 特徴量 (リーク除外済み)
18:43:52 INFO     [src.ml.features] [SIMULATE] 特徴量生成 race_id=202406020211: 16 頭 × 46 特徴量 (リーク除外済み)
18:43:52 INFO     [src.ml.features] [SIMULATE] 特徴量生成 race_id=202406020212: 12 頭 × 46 特徴量 (リーク除外済み)
18:43:52 INFO     [src.ml.features] [SIMULATE] 特徴量生成 race_id=202409010201: 13 頭 × 46 特徴量 (リーク除外済み)
18:43:52 INFO     [src.ml.features] [SIMULATE] 特徴量生成 race_id=202409010202: 14 頭 × 46 特徴量 (リーク除外済み)
18:43:52 INFO     [src.ml.features] [SIMULATE] 特徴量生成 race_id=202409010203: 11 頭 × 46 特徴量 (リーク除外済み)
18:43:52 INFO     [src.ml.features] [SIMULATE] 特徴量生成 race_id=202409010204: 18 頭 × 46 特徴量 (リーク除外済み)
18:43:52 INFO     [src.ml.features] [SIMULATE] 特徴量生成 race_id=202409010205: 10 頭 × 46 特徴量 (リーク除外済み)
18:43:52 INFO     [src.ml.features] [SIMULATE] 特徴量生成 race_id=202409010206: 10 頭 × 46 特徴量 (リーク除外済み)
18:43:52 INFO     [src.ml.features] [SIMULATE] 特徴量生成 race_id=202409010207: 7 頭 × 46 特徴量 (リーク除外済み)
18:43:52 INFO     [src.ml.features] [SIMULATE] 特徴量生成 race_id=202409010208: 10 頭 × 46 特徴量 (リーク除外済み)
18:43:52 INFO     [src.ml.features] [SIMULATE] 特徴量生成 race_id=202409010209: 12 頭 × 46 特徴量 (リーク除外済み)
18:43:52 INFO     [src.ml.features] [SIMULATE] 特徴量生成 race_id=202409010210: 11 頭 × 46 特徴量 (リーク除外済み)
18:43:52 INFO     [src.ml.features] [SIMULATE] 特徴量生成 race_id=202409010211: 18 頭 × 46 特徴量 (リーク除外済み)
18:43:52 INFO     [src.ml.features] [SIMULATE] 特徴量生成 race_id=202409010212: 15 頭 × 46 特徴量 (リーク除外済み)
18:43:52 INFO     [src.ml.features] [SIMULATE] 特徴量生成 race_id=202410020601: 16 頭 × 46 特徴量 (リーク除外済み)
18:43:52 INFO     [src.ml.features] [SIMULATE] 特徴量生成 race_id=202410020602: 16 頭 × 46 特徴量 (リーク除外済み)
18:43:52 INFO     [src.ml.features] [SIMULATE] 特徴量生成 race_id=202410020603: 14 頭 × 46 特徴量 (リーク除外済み)
18:43:52 INFO     [src.ml.features] [SIMULATE] 特徴量生成 race_id=202410020604: 10 頭 × 46 特徴量 (リーク除外済み)
18:43:52 INFO     [src.ml.features] [SIMULATE] 特徴量生成 race_id=202410020605: 16 頭 × 46 特徴量 (リーク除外済み)
18:43:52 INFO     [src.ml.features] [SIMULATE] 特徴量生成 race_id=202410020606: 18 頭 × 46 特徴量 (リーク除外済み)
18:43:52 INFO     [src.ml.features] [SIMULATE] 特徴量生成 race_id=202410020607: 13 頭 × 46 特徴量 (リーク除外済み)
18:43:52 INFO     [src.ml.features] [SIMULATE] 特徴量生成 race_id=202410020608: 11 頭 × 46 特徴量 (リーク除外済み)
18:43:52 INFO     [src.ml.features] [SIMULATE] 特徴量生成 race_id=202410020609: 12 頭 × 46 特徴量 (リーク除外済み)
18:43:52 INFO     [src.ml.features] [SIMULATE] 特徴量生成 race_id=202410020610: 9 頭 × 46 特徴量 (リーク除外済み)
18:43:52 INFO     [src.ml.features] [SIMULATE] 特徴量生成 race_id=202410020611: 17 頭 × 46 特徴量 (リーク除外済み)
18:43:52 INFO     [src.ml.features] [SIMULATE] 特徴量生成 race_id=202410020612: 10 頭 × 46 特徴量 (リーク除外済み)
18:43:52 INFO     [src.ml.features] [SIMULATE] 特徴量生成 race_id=202406020301: 16 頭 × 46 特徴量 (リーク除外済み)
18:43:52 INFO     [src.ml.features] [SIMULATE] 特徴量生成 race_id=202406020302: 16 頭 × 46 特徴量 (リーク除外済み)
18:43:52 INFO     [src.ml.features] [SIMULATE] 特徴量生成 race_id=202406020303: 16 頭 × 46 特徴量 (リーク除外済み)
18:43:52 INFO     [src.ml.features] [SIMULATE] 特徴量生成 race_id=202406020304: 16 頭 × 46 特徴量 (リーク除外済み)
18:43:52 INFO     [src.ml.features] [SIMULATE] 特徴量生成 race_id=202406020305: 18 頭 × 46 特徴量 (リーク除外済み)
18:43:52 INFO     [src.ml.features] [SIMULATE] 特徴量生成 race_id=202406020306: 12 頭 × 46 特徴量 (リーク除外済み)
18:43:52 INFO     [src.ml.features] [SIMULATE] 特徴量生成 race_id=202406020307: 16 頭 × 46 特徴量 (リーク除外済み)
18:43:52 INFO     [src.ml.features] [SIMULATE] 特徴量生成 race_id=202406020308: 16 頭 × 46 特徴量 (リーク除外済み)
18:43:52 INFO     [src.ml.features] [SIMULATE] 特徴量生成 race_id=202406020309: 11 頭 × 46 特徴量 (リーク除外済み)
18:43:52 INFO     [src.ml.features] [SIMULATE] 特徴量生成 race_id=202406020310: 14 頭 × 46 特徴量 (リーク除外済み)
18:43:52 INFO     [src.ml.features] [SIMULATE] 特徴量生成 race_id=202406020311: 16 頭 × 46 特徴量 (リーク除外済み)
18:43:52 INFO     [src.ml.features] [SIMULATE] 特徴量生成 race_id=202406020312: 13 頭 × 46 特徴量 (リーク除外済み)
18:43:52 INFO     [src.ml.features] [SIMULATE] 特徴量生成 race_id=202409010301: 12 頭 × 46 特徴量 (リーク除外済み)
18:43:52 INFO     [src.ml.features] [SIMULATE] 特徴量生成 race_id=202409010302: 15 頭 × 46 特徴量 (リーク除外済み)
18:43:52 INFO     [src.ml.features] [SIMULATE] 特徴量生成 race_id=202409010303: 14 頭 × 46 特徴量 (リーク除外済み)
18:43:52 INFO     [src.ml.features] [SIMULATE] 特徴量生成 race_id=202409010304: 18 頭 × 46 特徴量 (リーク除外済み)
18:43:52 INFO     [src.ml.features] [SIMULATE] 特徴量生成 race_id=202409010305: 12 頭 × 46 特徴量 (リーク除外済み)
18:43:52 INFO     [src.ml.features] [SIMULATE] 特徴量生成 race_id=202409010306: 6 頭 × 46 特徴量 (リーク除外済み)
18:43:52 INFO     [src.ml.features] [SIMULATE] 特徴量生成 race_id=202409010307: 8 頭 × 46 特徴量 (リーク除外済み)
18:43:52 INFO     [src.ml.features] [SIMULATE] 特徴量生成 race_id=202409010308: 14 頭 × 46 特徴量 (リーク除外済み)
18:43:52 INFO     [src.ml.features] [SIMULATE] 特徴量生成 race_id=202409010309: 8 頭 × 46 特徴量 (リーク除外済み)
18:43:52 INFO     [src.ml.features] [SIMULATE] 特徴量生成 race_id=202409010310: 16 頭 × 46 特徴量 (リーク除外済み)
18:43:52 INFO     [src.ml.features] [SIMULATE] 特徴量生成 race_id=202409010311: 16 頭 × 46 特徴量 (リーク除外済み)
18:43:52 INFO     [src.ml.features] [SIMULATE] 特徴量生成 race_id=202409010312: 13 頭 × 46 特徴量 (リーク除外済み)
18:43:52 INFO     [src.ml.features] [SIMULATE] 特徴量生成 race_id=202410020701: 16 頭 × 46 特徴量 (リーク除外済み)
18:43:52 INFO     [src.ml.features] [SIMULATE] 特徴量生成 race_id=202410020702: 18 頭 × 46 特徴量 (リーク除外済み)
18:43:52 INFO     [src.ml.features] [SIMULATE] 特徴量生成 race_id=202410020703: 14 頭 × 46 特徴量 (リーク除外済み)
18:43:52 INFO     [src.ml.features] [SIMULATE] 特徴量生成 race_id=202410020704: 12 頭 × 46 特徴量 (リーク除外済み)
18:43:52 INFO     [src.ml.features] [SIMULATE] 特徴量生成 race_id=202410020705: 11 頭 × 46 特徴量 (リーク除外済み)
18:43:53 INFO     [src.ml.features] [SIMULATE] 特徴量生成 race_id=202410020706: 15 頭 × 46 特徴量 (リーク除外済み)
18:43:53 INFO     [src.ml.features] [SIMULATE] 特徴量生成 race_id=202410020707: 16 頭 × 46 特徴量 (リーク除外済み)
18:43:53 INFO     [src.ml.features] [SIMULATE] 特徴量生成 race_id=202410020708: 13 頭 × 46 特徴量 (リーク除外済み)
18:43:53 INFO     [src.ml.features] [SIMULATE] 特徴量生成 race_id=202410020709: 13 頭 × 46 特徴量 (リーク除外済み)
18:43:53 INFO     [src.ml.features] [SIMULATE] 特徴量生成 race_id=202410020710: 13 頭 × 46 特徴量 (リーク除外済み)
18:43:53 INFO     [src.ml.features] [SIMULATE] 特徴量生成 race_id=202410020711: 16 頭 × 46 特徴量 (リーク除外済み)
18:43:53 INFO     [src.ml.features] [SIMULATE] 特徴量生成 race_id=202410020712: 18 頭 × 46 特徴量 (リーク除外済み)
18:43:53 INFO     [src.ml.features] [SIMULATE] 特徴量生成 race_id=202406020401: 16 頭 × 46 特徴量 (リーク除外済み)
18:43:53 INFO     [src.ml.features] [SIMULATE] 特徴量生成 race_id=202406020402: 16 頭 × 46 特徴量 (リーク除外済み)
18:43:53 INFO     [src.ml.features] [SIMULATE] 特徴量生成 race_id=202406020403: 16 頭 × 46 特徴量 (リーク除外済み)
18:43:53 INFO     [src.ml.features] [SIMULATE] 特徴量生成 race_id=202406020404: 16 頭 × 46 特徴量 (リーク除外済み)
18:43:53 INFO     [src.ml.features] [SIMULATE] 特徴量生成 race_id=202406020405: 16 頭 × 46 特徴量 (リーク除外済み)
18:43:53 INFO     [src.ml.features] [SIMULATE] 特徴量生成 race_id=202406020406: 18 頭 × 46 特徴量 (リーク除外済み)
18:43:53 INFO     [src.ml.features] [SIMULATE] 特徴量生成 race_id=202406020407: 11 頭 × 46 特徴量 (リーク除外済み)
18:43:53 INFO     [src.ml.features] [SIMULATE] 特徴量生成 race_id=202406020408: 11 頭 × 46 特徴量 (リーク除外済み)
18:43:53 INFO     [src.ml.features] [SIMULATE] 特徴量生成 race_id=202406020409: 14 頭 × 46 特徴量 (リーク除外済み)
18:43:53 INFO     [src.ml.features] [SIMULATE] 特徴量生成 race_id=202406020410: 15 頭 × 46 特徴量 (リーク除外済み)
18:43:53 INFO     [src.ml.features] [SIMULATE] 特徴量生成 race_id=202406020411: 11 頭 × 46 特徴量 (リーク除外済み)
18:43:53 INFO     [src.ml.features] [SIMULATE] 特徴量生成 race_id=202406020412: 16 頭 × 46 特徴量 (リーク除外済み)
18:43:53 INFO     [src.ml.features] [SIMULATE] 特徴量生成 race_id=202409010401: 16 頭 × 46 特徴量 (リーク除外済み)
18:43:53 INFO     [src.ml.features] [SIMULATE] 特徴量生成 race_id=202409010402: 15 頭 × 46 特徴量 (リーク除外済み)
18:43:53 INFO     [src.ml.features] [SIMULATE] 特徴量生成 race_id=202409010403: 16 頭 × 46 特徴量 (リーク除外済み)
18:43:53 INFO     [src.ml.features] [SIMULATE] 特徴量生成 race_id=202409010404: 15 頭 × 46 特徴量 (リーク除外済み)
18:43:53 INFO     [src.ml.features] [SIMULATE] 特徴量生成 race_id=202409010405: 11 頭 × 46 特徴量 (リーク除外済み)
18:43:53 INFO     [src.ml.features] [SIMULATE] 特徴量生成 race_id=202409010406: 8 頭 × 46 特徴量 (リーク除外済み)
18:43:53 INFO     [src.ml.features] [SIMULATE] 特徴量生成 race_id=202409010407: 6 頭 × 46 特徴量 (リーク除外済み)
18:43:53 INFO     [src.ml.features] [SIMULATE] 特徴量生成 race_id=202409010408: 7 頭 × 46 特徴量 (リーク除外済み)
18:43:53 INFO     [src.ml.features] [SIMULATE] 特徴量生成 race_id=202409010409: 12 頭 × 46 特徴量 (リーク除外済み)
18:43:53 INFO     [src.ml.features] [SIMULATE] 特徴量生成 race_id=202409010410: 14 頭 × 46 特徴量 (リーク除外済み)
18:43:53 INFO     [src.ml.features] [SIMULATE] 特徴量生成 race_id=202409010411: 15 頭 × 46 特徴量 (リーク除外済み)
18:43:53 INFO     [src.ml.features] [SIMULATE] 特徴量生成 race_id=202409010412: 15 頭 × 46 特徴量 (リーク除外済み)
18:43:53 INFO     [src.ml.features] [SIMULATE] 特徴量生成 race_id=202410020801: 18 頭 × 46 特徴量 (リーク除外済み)
18:43:53 INFO     [src.ml.features] [SIMULATE] 特徴量生成 race_id=202410020802: 14 頭 × 46 特徴量 (リーク除外済み)
18:43:53 INFO     [src.ml.features] [SIMULATE] 特徴量生成 race_id=202410020803: 14 頭 × 46 特徴量 (リーク除外済み)
18:43:53 INFO     [src.ml.features] [SIMULATE] 特徴量生成 race_id=202410020804: 12 頭 × 46 特徴量 (リーク除外済み)
18:43:53 INFO     [src.ml.features] [SIMULATE] 特徴量生成 race_id=202410020805: 12 頭 × 46 特徴量 (リーク除外済み)
18:43:53 INFO     [src.ml.features] [SIMULATE] 特徴量生成 race_id=202410020806: 14 頭 × 46 特徴量 (リーク除外済み)
18:43:53 INFO     [src.ml.features] [SIMULATE] 特徴量生成 race_id=202410020807: 16 頭 × 46 特徴量 (リーク除外済み)
18:43:53 INFO     [src.ml.features] [SIMULATE] 特徴量生成 race_id=202410020808: 11 頭 × 46 特徴量 (リーク除外済み)
18:43:53 INFO     [src.ml.features] [SIMULATE] 特徴量生成 race_id=202410020809: 11 頭 × 46 特徴量 (リーク除外済み)
18:43:53 INFO     [src.ml.features] [SIMULATE] 特徴量生成 race_id=202410020810: 18 頭 × 46 特徴量 (リーク除外済み)
18:43:53 INFO     [src.ml.features] [SIMULATE] 特徴量生成 race_id=202410020811: 14 頭 × 46 特徴量 (リーク除外済み)
18:43:53 INFO     [src.ml.features] [SIMULATE] 特徴量生成 race_id=202410020812: 15 頭 × 46 特徴量 (リーク除外済み)
18:43:53 INFO     [src.ml.features] [SIMULATE] 特徴量生成 race_id=202406020501: 14 頭 × 46 特徴量 (リーク除外済み)
18:43:53 INFO     [src.ml.features] [SIMULATE] 特徴量生成 race_id=202406020502: 16 頭 × 46 特徴量 (リーク除外済み)
18:43:53 INFO     [src.ml.features] [SIMULATE] 特徴量生成 race_id=202406020503: 13 頭 × 46 特徴量 (リーク除外済み)
18:43:53 INFO     [src.ml.features] [SIMULATE] 特徴量生成 race_id=202406020504: 16 頭 × 46 特徴量 (リーク除外済み)
18:43:53 INFO     [src.ml.features] [SIMULATE] 特徴量生成 race_id=202406020505: 16 頭 × 46 特徴量 (リーク除外済み)
18:43:53 INFO     [src.ml.features] [SIMULATE] 特徴量生成 race_id=202406020506: 12 頭 × 46 特徴量 (リーク除外済み)
18:43:53 INFO     [src.ml.features] [SIMULATE] 特徴量生成 race_id=202406020507: 11 頭 × 46 特徴量 (リーク除外済み)
18:43:53 INFO     [src.ml.features] [SIMULATE] 特徴量生成 race_id=202406020508: 16 頭 × 46 特徴量 (リーク除外済み)
18:43:53 INFO     [src.ml.features] [SIMULATE] 特徴量生成 race_id=202406020509: 16 頭 × 46 特徴量 (リーク除外済み)
18:43:53 INFO     [src.ml.features] [SIMULATE] 特徴量生成 race_id=202406020510: 16 頭 × 46 特徴量 (リーク除外済み)
18:43:53 INFO     [src.ml.features] [SIMULATE] 特徴量生成 race_id=202406020511: 16 頭 × 46 特徴量 (リーク除外済み)
18:43:53 INFO     [src.ml.features] [SIMULATE] 特徴量生成 race_id=202406020512: 13 頭 × 46 特徴量 (リーク除外済み)
18:43:53 INFO     [src.ml.features] [SIMULATE] 特徴量生成 race_id=202409010501: 16 頭 × 46 特徴量 (リーク除外済み)
18:43:53 INFO     [src.ml.features] [SIMULATE] 特徴量生成 race_id=202409010502: 12 頭 × 46 特徴量 (リーク除外済み)
18:43:53 INFO     [src.ml.features] [SIMULATE] 特徴量生成 race_id=202409010503: 16 頭 × 46 特徴量 (リーク除外済み)
18:43:53 INFO     [src.ml.features] [SIMULATE] 特徴量生成 race_id=202409010504: 13 頭 × 46 特徴量 (リーク除外済み)
18:43:53 INFO     [src.ml.features] [SIMULATE] 特徴量生成 race_id=202409010505: 15 頭 × 46 特徴量 (リーク除外済み)
18:43:53 INFO     [src.ml.features] [SIMULATE] 特徴量生成 race_id=202409010506: 10 頭 × 46 特徴量 (リーク除外済み)
18:43:53 INFO     [src.ml.features] [SIMULATE] 特徴量生成 race_id=202409010507: 12 頭 × 46 特徴量 (リーク除外済み)
18:43:53 INFO     [src.ml.features] [SIMULATE] 特徴量生成 race_id=202409010508: 10 頭 × 46 特徴量 (リーク除外済み)
18:43:53 INFO     [src.ml.features] [SIMULATE] 特徴量生成 race_id=202409010509: 7 頭 × 46 特徴量 (リーク除外済み)
18:43:53 INFO     [src.ml.features] [SIMULATE] 特徴量生成 race_id=202409010510: 10 頭 × 46 特徴量 (リーク除外済み)
18:43:53 INFO     [src.ml.features] [SIMULATE] 特徴量生成 race_id=202409010511: 16 頭 × 46 特徴量 (リーク除外済み)
18:43:53 INFO     [src.ml.features] [SIMULATE] 特徴量生成 race_id=202409010512: 14 頭 × 46 特徴量 (リーク除外済み)
18:43:53 INFO     [src.ml.features] [SIMULATE] 特徴量生成 race_id=202407010101: 16 頭 × 46 特徴量 (リーク除外済み)
18:43:53 INFO     [src.ml.features] [SIMULATE] 特徴量生成 race_id=202407010102: 18 頭 × 46 特徴量 (リーク除外済み)
18:43:53 INFO     [src.ml.features] [SIMULATE] 特徴量生成 race_id=202407010103: 12 頭 × 46 特徴量 (リーク除外済み)
18:43:54 INFO     [src.ml.features] [SIMULATE] 特徴量生成 race_id=202407010104: 11 頭 × 46 特徴量 (リーク除外済み)
18:43:54 INFO     [src.ml.features] [SIMULATE] 特徴量生成 race_id=202407010105: 15 頭 × 46 特徴量 (リーク除外済み)
18:43:54 INFO     [src.ml.features] [SIMULATE] 特徴量生成 race_id=202407010106: 14 頭 × 46 特徴量 (リーク除外済み)
18:43:54 INFO     [src.ml.features] [SIMULATE] 特徴量生成 race_id=202407010107: 9 頭 × 46 特徴量 (リーク除外済み)
18:43:54 INFO     [src.ml.features] [SIMULATE] 特徴量生成 race_id=202407010108: 8 頭 × 46 特徴量 (リーク除外済み)
18:43:54 INFO     [src.ml.features] [SIMULATE] 特徴量生成 race_id=202407010109: 16 頭 × 46 特徴量 (リーク除外済み)
18:43:54 INFO     [src.ml.features] [SIMULATE] 特徴量生成 race_id=202407010110: 10 頭 × 46 特徴量 (リーク除外済み)
18:43:54 INFO     [src.ml.features] [SIMULATE] 特徴量生成 race_id=202407010111: 12 頭 × 46 特徴量 (リーク除外済み)
18:43:54 INFO     [src.ml.features] [SIMULATE] 特徴量生成 race_id=202407010112: 18 頭 × 46 特徴量 (リーク除外済み)
18:43:54 INFO     [src.ml.features] [SIMULATE] 特徴量生成 race_id=202406020601: 16 頭 × 46 特徴量 (リーク除外済み)
18:43:54 INFO     [src.ml.features] [SIMULATE] 特徴量生成 race_id=202406020602: 16 頭 × 46 特徴量 (リーク除外済み)
18:43:54 INFO     [src.ml.features] [SIMULATE] 特徴量生成 race_id=202406020603: 16 頭 × 46 特徴量 (リーク除外済み)
18:43:54 INFO     [src.ml.features] [SIMULATE] 特徴量生成 race_id=202406020604: 9 頭 × 46 特徴量 (リーク除外済み)
18:43:54 INFO     [src.ml.features] [SIMULATE] 特徴量生成 race_id=202406020605: 18 頭 × 46 特徴量 (リーク除外済み)
18:43:54 INFO     [src.ml.features] [SIMULATE] 特徴量生成 race_id=202406020606: 16 頭 × 46 特徴量 (リーク除外済み)
18:43:54 INFO     [src.ml.features] [SIMULATE] 特徴量生成 race_id=202406020607: 11 頭 × 46 特徴量 (リーク除外済み)
18:43:54 INFO     [src.ml.features] [SIMULATE] 特徴量生成 race_id=202406020608: 15 頭 × 46 特徴量 (リーク除外済み)
18:43:54 INFO     [src.ml.features] [SIMULATE] 特徴量生成 race_id=202406020609: 16 頭 × 46 特徴量 (リーク除外済み)
18:43:54 INFO     [src.ml.features] [SIMULATE] 特徴量生成 race_id=202406020610: 14 頭 × 46 特徴量 (リーク除外済み)
18:43:54 INFO     [src.ml.features] [SIMULATE] 特徴量生成 race_id=202406020611: 12 頭 × 46 特徴量 (リーク除外済み)
18:43:54 INFO     [src.ml.features] [SIMULATE] 特徴量生成 race_id=202406020612: 16 頭 × 46 特徴量 (リーク除外済み)
18:43:54 INFO     [src.ml.features] [SIMULATE] 特徴量生成 race_id=202409010601: 11 頭 × 46 特徴量 (リーク除外済み)
18:43:54 INFO     [src.ml.features] [SIMULATE] 特徴量生成 race_id=202409010602: 16 頭 × 46 特徴量 (リーク除外済み)
18:43:54 INFO     [src.ml.features] [SIMULATE] 特徴量生成 race_id=202409010603: 13 頭 × 46 特徴量 (リーク除外済み)
18:43:54 INFO     [src.ml.features] [SIMULATE] 特徴量生成 race_id=202409010604: 10 頭 × 46 特徴量 (リーク除外済み)
18:43:54 INFO     [src.ml.features] [SIMULATE] 特徴量生成 race_id=202409010605: 11 頭 × 46 特徴量 (リーク除外済み)
18:43:54 INFO     [src.ml.features] [SIMULATE] 特徴量生成 race_id=202409010606: 14 頭 × 46 特徴量 (リーク除外済み)
18:43:54 INFO     [src.ml.features] [SIMULATE] 特徴量生成 race_id=202409010607: 10 頭 × 46 特徴量 (リーク除外済み)
18:43:54 INFO     [src.ml.features] [SIMULATE] 特徴量生成 race_id=202409010608: 16 頭 × 46 特徴量 (リーク除外済み)
18:43:54 INFO     [src.ml.features] [SIMULATE] 特徴量生成 race_id=202409010609: 10 頭 × 46 特徴量 (リーク除外済み)
18:43:54 INFO     [src.ml.features] [SIMULATE] 特徴量生成 race_id=202409010610: 16 頭 × 46 特徴量 (リーク除外済み)
18:43:54 INFO     [src.ml.features] [SIMULATE] 特徴量生成 race_id=202409010611: 15 頭 × 46 特徴量 (リーク除外済み)
18:43:54 INFO     [src.ml.features] [SIMULATE] 特徴量生成 race_id=202409010612: 13 頭 × 46 特徴量 (リーク除外済み)
18:43:54 INFO     [src.ml.features] [SIMULATE] 特徴量生成 race_id=202407010201: 13 頭 × 46 特徴量 (リーク除外済み)
18:43:54 INFO     [src.ml.features] [SIMULATE] 特徴量生成 race_id=202407010202: 16 頭 × 46 特徴量 (リーク除外済み)
18:43:54 INFO     [src.ml.features] [SIMULATE] 特徴量生成 race_id=202407010203: 18 頭 × 46 特徴量 (リーク除外済み)
18:43:54 INFO     [src.ml.features] [SIMULATE] 特徴量生成 race_id=202407010204: 11 頭 × 46 特徴量 (リーク除外済み)
18:43:54 INFO     [src.ml.features] [SIMULATE] 特徴量生成 race_id=202407010205: 11 頭 × 46 特徴量 (リーク除外済み)
18:43:54 INFO     [src.ml.features] [SIMULATE] 特徴量生成 race_id=202407010206: 10 頭 × 46 特徴量 (リーク除外済み)
18:43:54 INFO     [src.ml.features] [SIMULATE] 特徴量生成 race_id=202407010207: 10 頭 × 46 特徴量 (リーク除外済み)
18:43:54 INFO     [src.ml.features] [SIMULATE] 特徴量生成 race_id=202407010208: 8 頭 × 46 特徴量 (リーク除外済み)
18:43:54 INFO     [src.ml.features] [SIMULATE] 特徴量生成 race_id=202407010209: 11 頭 × 46 特徴量 (リーク除外済み)
18:43:54 INFO     [src.ml.features] [SIMULATE] 特徴量生成 race_id=202407010210: 9 頭 × 46 特徴量 (リーク除外済み)
18:43:54 INFO     [src.ml.features] [SIMULATE] 特徴量生成 race_id=202407010211: 13 頭 × 46 特徴量 (リーク除外済み)
18:43:54 INFO     [src.ml.features] [SIMULATE] 特徴量生成 race_id=202407010212: 16 頭 × 46 特徴量 (リーク除外済み)
18:43:54 INFO     [src.ml.features] [SIMULATE] 特徴量生成 race_id=202406020701: 16 頭 × 46 特徴量 (リーク除外済み)
18:43:54 INFO     [src.ml.features] [SIMULATE] 特徴量生成 race_id=202406020702: 16 頭 × 46 特徴量 (リーク除外済み)
18:43:54 INFO     [src.ml.features] [SIMULATE] 特徴量生成 race_id=202406020703: 16 頭 × 46 特徴量 (リーク除外済み)
18:43:54 INFO     [src.ml.features] [SIMULATE] 特徴量生成 race_id=202406020704: 16 頭 × 46 特徴量 (リーク除外済み)
18:43:54 INFO     [src.ml.features] [SIMULATE] 特徴量生成 race_id=202406020705: 17 頭 × 46 特徴量 (リーク除外済み)
18:43:54 INFO     [src.ml.features] [SIMULATE] 特徴量生成 race_id=202406020706: 9 頭 × 46 特徴量 (リーク除外済み)
18:43:54 INFO     [src.ml.features] [SIMULATE] 特徴量生成 race_id=202406020707: 15 頭 × 46 特徴量 (リーク除外済み)
18:43:54 INFO     [src.ml.features] [SIMULATE] 特徴量生成 race_id=202406020708: 12 頭 × 46 特徴量 (リーク除外済み)
18:43:54 INFO     [src.ml.features] [SIMULATE] 特徴量生成 race_id=202406020709: 11 頭 × 46 特徴量 (リーク除外済み)
18:43:54 INFO     [src.ml.features] [SIMULATE] 特徴量生成 race_id=202406020710: 14 頭 × 46 特徴量 (リーク除外済み)
18:43:54 INFO     [src.ml.features] [SIMULATE] 特徴量生成 race_id=202406020711: 12 頭 × 46 特徴量 (リーク除外済み)
18:43:54 INFO     [src.ml.features] [SIMULATE] 特徴量生成 race_id=202406020712: 16 頭 × 46 特徴量 (リーク除外済み)
18:43:54 INFO     [src.ml.features] [SIMULATE] 特徴量生成 race_id=202409010701: 16 頭 × 46 特徴量 (リーク除外済み)
18:43:54 INFO     [src.ml.features] [SIMULATE] 特徴量生成 race_id=202409010702: 14 頭 × 46 特徴量 (リーク除外済み)
18:43:54 INFO     [src.ml.features] [SIMULATE] 特徴量生成 race_id=202409010703: 16 頭 × 46 特徴量 (リーク除外済み)
18:43:54 INFO     [src.ml.features] [SIMULATE] 特徴量生成 race_id=202409010704: 11 頭 × 46 特徴量 (リーク除外済み)
18:43:54 INFO     [src.ml.features] [SIMULATE] 特徴量生成 race_id=202409010705: 10 頭 × 46 特徴量 (リーク除外済み)
18:43:54 INFO     [src.ml.features] [SIMULATE] 特徴量生成 race_id=202409010706: 10 頭 × 46 特徴量 (リーク除外済み)
18:43:54 INFO     [src.ml.features] [SIMULATE] 特徴量生成 race_id=202409010707: 9 頭 × 46 特徴量 (リーク除外済み)
18:43:54 INFO     [src.ml.features] [SIMULATE] 特徴量生成 race_id=202409010708: 15 頭 × 46 特徴量 (リーク除外済み)
18:43:54 INFO     [src.ml.features] [SIMULATE] 特徴量生成 race_id=202409010709: 9 頭 × 46 特徴量 (リーク除外済み)
18:43:54 INFO     [src.ml.features] [SIMULATE] 特徴量生成 race_id=202409010710: 16 頭 × 46 特徴量 (リーク除外済み)
18:43:55 INFO     [src.ml.features] [SIMULATE] 特徴量生成 race_id=202409010711: 10 頭 × 46 特徴量 (リーク除外済み)
18:43:55 INFO     [src.ml.features] [SIMULATE] 特徴量生成 race_id=202409010712: 14 頭 × 46 特徴量 (リーク除外済み)
18:43:55 INFO     [src.ml.features] [SIMULATE] 特徴量生成 race_id=202407010301: 16 頭 × 46 特徴量 (リーク除外済み)
18:43:55 INFO     [src.ml.features] [SIMULATE] 特徴量生成 race_id=202407010302: 13 頭 × 46 特徴量 (リーク除外済み)
18:43:55 INFO     [src.ml.features] [SIMULATE] 特徴量生成 race_id=202407010303: 18 頭 × 46 特徴量 (リーク除外済み)
18:43:55 INFO     [src.ml.features] [SIMULATE] 特徴量生成 race_id=202407010304: 12 頭 × 46 特徴量 (リーク除外済み)
18:43:55 INFO     [src.ml.features] [SIMULATE] 特徴量生成 race_id=202407010305: 15 頭 × 46 特徴量 (リーク除外済み)
18:43:55 INFO     [src.ml.features] [SIMULATE] 特徴量生成 race_id=202407010306: 8 頭 × 46 特徴量 (リーク除外済み)
18:43:55 INFO     [src.ml.features] [SIMULATE] 特徴量生成 race_id=202407010307: 6 頭 × 46 特徴量 (リーク除外済み)
18:43:55 INFO     [src.ml.features] [SIMULATE] 特徴量生成 race_id=202407010308: 13 頭 × 46 特徴量 (リーク除外済み)
18:43:55 INFO     [src.ml.features] [SIMULATE] 特徴量生成 race_id=202407010309: 16 頭 × 46 特徴量 (リーク除外済み)
18:43:55 INFO     [src.ml.features] [SIMULATE] 特徴量生成 race_id=202407010310: 16 頭 × 46 特徴量 (リーク除外済み)
18:43:55 INFO     [src.ml.features] [SIMULATE] 特徴量生成 race_id=202407010311: 17 頭 × 46 特徴量 (リーク除外済み)
18:43:55 INFO     [src.ml.features] [SIMULATE] 特徴量生成 race_id=202407010312: 16 頭 × 46 特徴量 (リーク除外済み)
18:43:55 INFO     [src.ml.features] [SIMULATE] 特徴量生成 race_id=202406020801: 16 頭 × 46 特徴量 (リーク除外済み)
18:43:55 INFO     [src.ml.features] [SIMULATE] 特徴量生成 race_id=202406020802: 16 頭 × 46 特徴量 (リーク除外済み)
18:43:55 INFO     [src.ml.features] [SIMULATE] 特徴量生成 race_id=202406020803: 16 頭 × 46 特徴量 (リーク除外済み)
18:43:55 INFO     [src.ml.features] [SIMULATE] 特徴量生成 race_id=202406020804: 16 頭 × 46 特徴量 (リーク除外済み)
18:43:55 INFO     [src.ml.features] [SIMULATE] 特徴量生成 race_id=202406020805: 16 頭 × 46 特徴量 (リーク除外済み)
18:43:55 INFO     [src.ml.features] [SIMULATE] 特徴量生成 race_id=202406020806: 13 頭 × 46 特徴量 (リーク除外済み)
18:43:55 INFO     [src.ml.features] [SIMULATE] 特徴量生成 race_id=202406020807: 16 頭 × 46 特徴量 (リーク除外済み)
18:43:55 INFO     [src.ml.features] [SIMULATE] 特徴量生成 race_id=202406020808: 8 頭 × 46 特徴量 (リーク除外済み)
18:43:55 INFO     [src.ml.features] [SIMULATE] 特徴量生成 race_id=202406020809: 16 頭 × 46 特徴量 (リーク除外済み)
18:43:55 INFO     [src.ml.features] [SIMULATE] 特徴量生成 race_id=202406020810: 16 頭 × 46 特徴量 (リーク除外済み)
18:43:55 INFO     [src.ml.features] [SIMULATE] 特徴量生成 race_id=202406020811: 10 頭 × 46 特徴量 (リーク除外済み)
18:43:55 INFO     [src.ml.features] [SIMULATE] 特徴量生成 race_id=202406020812: 16 頭 × 46 特徴量 (リーク除外済み)
18:43:55 INFO     [src.ml.features] [SIMULATE] 特徴量生成 race_id=202409010801: 10 頭 × 46 特徴量 (リーク除外済み)
18:43:55 INFO     [src.ml.features] [SIMULATE] 特徴量生成 race_id=202409010802: 16 頭 × 46 特徴量 (リーク除外済み)
18:43:55 INFO     [src.ml.features] [SIMULATE] 特徴量生成 race_id=202409010803: 11 頭 × 46 特徴量 (リーク除外済み)
18:43:55 INFO     [src.ml.features] [SIMULATE] 特徴量生成 race_id=202409010804: 8 頭 × 46 特徴量 (リーク除外済み)
18:43:55 INFO     [src.ml.features] [SIMULATE] 特徴量生成 race_id=202409010805: 13 頭 × 46 特徴量 (リーク除外済み)
18:43:55 INFO     [src.ml.features] [SIMULATE] 特徴量生成 race_id=202409010806: 15 頭 × 46 特徴量 (リーク除外済み)
18:43:55 INFO     [src.ml.features] [SIMULATE] 特徴量生成 race_id=202409010807: 8 頭 × 46 特徴量 (リーク除外済み)
18:43:55 INFO     [src.ml.features] [SIMULATE] 特徴量生成 race_id=202409010808: 7 頭 × 46 特徴量 (リーク除外済み)
18:43:55 INFO     [src.ml.features] [SIMULATE] 特徴量生成 race_id=202409010809: 11 頭 × 46 特徴量 (リーク除外済み)
18:43:55 INFO     [src.ml.features] [SIMULATE] 特徴量生成 race_id=202409010810: 11 頭 × 46 特徴量 (リーク除外済み)
18:43:55 INFO     [src.ml.features] [SIMULATE] 特徴量生成 race_id=202409010811: 15 頭 × 46 特徴量 (リーク除外済み)
18:43:55 INFO     [src.ml.features] [SIMULATE] 特徴量生成 race_id=202409010812: 14 頭 × 46 特徴量 (リーク除外済み)
18:43:55 INFO     [src.ml.features] [SIMULATE] 特徴量生成 race_id=202407010401: 15 頭 × 46 特徴量 (リーク除外済み)
18:43:55 INFO     [src.ml.features] [SIMULATE] 特徴量生成 race_id=202407010402: 16 頭 × 46 特徴量 (リーク除外済み)
18:43:55 INFO     [src.ml.features] [SIMULATE] 特徴量生成 race_id=202407010403: 18 頭 × 46 特徴量 (リーク除外済み)
18:43:55 INFO     [src.ml.features] [SIMULATE] 特徴量生成 race_id=202407010404: 16 頭 × 46 特徴量 (リーク除外済み)
18:43:55 INFO     [src.ml.features] [SIMULATE] 特徴量生成 race_id=202407010405: 16 頭 × 46 特徴量 (リーク除外済み)
18:43:55 INFO     [src.ml.features] [SIMULATE] 特徴量生成 race_id=202407010406: 11 頭 × 46 特徴量 (リーク除外済み)
18:43:55 INFO     [src.ml.features] [SIMULATE] 特徴量生成 race_id=202407010407: 16 頭 × 46 特徴量 (リーク除外済み)
18:43:55 INFO     [src.ml.features] [SIMULATE] 特徴量生成 race_id=202407010408: 10 頭 × 46 特徴量 (リーク除外済み)
18:43:55 INFO     [src.ml.features] [SIMULATE] 特徴量生成 race_id=202407010409: 10 頭 × 46 特徴量 (リーク除外済み)
18:43:55 INFO     [src.ml.features] [SIMULATE] 特徴量生成 race_id=202407010410: 12 頭 × 46 特徴量 (リーク除外済み)
18:43:55 INFO     [src.ml.features] [SIMULATE] 特徴量生成 race_id=202407010411: 13 頭 × 46 特徴量 (リーク除外済み)
18:43:55 INFO     [src.ml.features] [SIMULATE] 特徴量生成 race_id=202407010412: 16 頭 × 46 特徴量 (リーク除外済み)
18:43:55 INFO     [src.ml.features] [SIMULATE] 特徴量生成 race_id=202406030101: 16 頭 × 46 特徴量 (リーク除外済み)
18:43:55 INFO     [src.ml.features] [SIMULATE] 特徴量生成 race_id=202406030102: 16 頭 × 46 特徴量 (リーク除外済み)
18:43:55 INFO     [src.ml.features] [SIMULATE] 特徴量生成 race_id=202406030103: 16 頭 × 46 特徴量 (リーク除外済み)
18:43:55 INFO     [src.ml.features] [SIMULATE] 特徴量生成 race_id=202406030104: 16 頭 × 46 特徴量 (リーク除外済み)
18:43:55 INFO     [src.ml.features] [SIMULATE] 特徴量生成 race_id=202406030105: 10 頭 × 46 特徴量 (リーク除外済み)
18:43:55 INFO     [src.ml.features] [SIMULATE] 特徴量生成 race_id=202406030106: 11 頭 × 46 特徴量 (リーク除外済み)
18:43:55 INFO     [src.ml.features] [SIMULATE] 特徴量生成 race_id=202406030107: 16 頭 × 46 特徴量 (リーク除外済み)
18:43:55 INFO     [src.ml.features] [SIMULATE] 特徴量生成 race_id=202406030108: 11 頭 × 46 特徴量 (リーク除外済み)
18:43:55 INFO     [src.ml.features] [SIMULATE] 特徴量生成 race_id=202406030109: 16 頭 × 46 特徴量 (リーク除外済み)
18:43:55 INFO     [src.ml.features] [SIMULATE] 特徴量生成 race_id=202406030110: 11 頭 × 46 特徴量 (リーク除外済み)
18:43:55 INFO     [src.ml.features] [SIMULATE] 特徴量生成 race_id=202406030111: 10 頭 × 46 特徴量 (リーク除外済み)
18:43:55 INFO     [src.ml.features] [SIMULATE] 特徴量生成 race_id=202406030112: 16 頭 × 46 特徴量 (リーク除外済み)
18:43:56 INFO     [src.ml.features] [SIMULATE] 特徴量生成 race_id=202409020101: 16 頭 × 46 特徴量 (リーク除外済み)
18:43:56 INFO     [src.ml.features] [SIMULATE] 特徴量生成 race_id=202409020102: 13 頭 × 46 特徴量 (リーク除外済み)
18:43:56 INFO     [src.ml.features] [SIMULATE] 特徴量生成 race_id=202409020103: 16 頭 × 46 特徴量 (リーク除外済み)
18:43:56 INFO     [src.ml.features] [SIMULATE] 特徴量生成 race_id=202409020104: 8 頭 × 46 特徴量 (リーク除外済み)
18:43:56 INFO     [src.ml.features] [SIMULATE] 特徴量生成 race_id=202409020105: 13 頭 × 46 特徴量 (リーク除外済み)
18:43:56 INFO     [src.ml.features] [SIMULATE] 特徴量生成 race_id=202409020106: 12 頭 × 46 特徴量 (リーク除外済み)
18:43:56 INFO     [src.ml.features] [SIMULATE] 特徴量生成 race_id=202409020107: 10 頭 × 46 特徴量 (リーク除外済み)
18:43:56 INFO     [src.ml.features] [SIMULATE] 特徴量生成 race_id=202409020108: 13 頭 × 46 特徴量 (リーク除外済み)
18:43:56 INFO     [src.ml.features] [SIMULATE] 特徴量生成 race_id=202409020109: 8 頭 × 46 特徴量 (リーク除外済み)
18:43:56 INFO     [src.ml.features] [SIMULATE] 特徴量生成 race_id=202409020110: 8 頭 × 46 特徴量 (リーク除外済み)
18:43:56 INFO     [src.ml.features] [SIMULATE] 特徴量生成 race_id=202409020111: 10 頭 × 46 特徴量 (リーク除外済み)
18:43:56 INFO     [src.ml.features] [SIMULATE] 特徴量生成 race_id=202409020112: 12 頭 × 46 特徴量 (リーク除外済み)
18:43:56 INFO     [src.ml.features] [SIMULATE] 特徴量生成 race_id=202407010501: 16 頭 × 46 特徴量 (リーク除外済み)
18:43:56 INFO     [src.ml.features] [SIMULATE] 特徴量生成 race_id=202407010502: 18 頭 × 46 特徴量 (リーク除外済み)
18:43:56 INFO     [src.ml.features] [SIMULATE] 特徴量生成 race_id=202407010503: 16 頭 × 46 特徴量 (リーク除外済み)
18:43:56 INFO     [src.ml.features] [SIMULATE] 特徴量生成 race_id=202407010504: 16 頭 × 46 特徴量 (リーク除外済み)
18:43:56 INFO     [src.ml.features] [SIMULATE] 特徴量生成 race_id=202407010505: 14 頭 × 46 特徴量 (リーク除外済み)
18:43:56 INFO     [src.ml.features] [SIMULATE] 特徴量生成 race_id=202407010506: 16 頭 × 46 特徴量 (リーク除外済み)
18:43:56 INFO     [src.ml.features] [SIMULATE] 特徴量生成 race_id=202407010507: 14 頭 × 46 特徴量 (リーク除外済み)
18:43:56 INFO     [src.ml.features] [SIMULATE] 特徴量生成 race_id=202407010508: 16 頭 × 46 特徴量 (リーク除外済み)
18:43:56 INFO     [src.ml.features] [SIMULATE] 特徴量生成 race_id=202407010509: 8 頭 × 46 特徴量 (リーク除外済み)
18:43:56 INFO     [src.ml.features] [SIMULATE] 特徴量生成 race_id=202407010510: 10 頭 × 46 特徴量 (リーク除外済み)
18:43:56 INFO     [src.ml.features] [SIMULATE] 特徴量生成 race_id=202407010511: 16 頭 × 46 特徴量 (リーク除外済み)
18:43:56 INFO     [src.ml.features] [SIMULATE] 特徴量生成 race_id=202407010512: 16 頭 × 46 特徴量 (リーク除外済み)
18:43:56 INFO     [src.ml.features] [SIMULATE] 特徴量生成 race_id=202406030201: 16 頭 × 46 特徴量 (リーク除外済み)
18:43:56 INFO     [src.ml.features] [SIMULATE] 特徴量生成 race_id=202406030202: 16 頭 × 46 特徴量 (リーク除外済み)
18:43:56 INFO     [src.ml.features] [SIMULATE] 特徴量生成 race_id=202406030203: 16 頭 × 46 特徴量 (リーク除外済み)
18:43:56 INFO     [src.ml.features] [SIMULATE] 特徴量生成 race_id=202406030204: 12 頭 × 46 特徴量 (リーク除外済み)
18:43:56 INFO     [src.ml.features] [SIMULATE] 特徴量生成 race_id=202406030205: 16 頭 × 46 特徴量 (リーク除外済み)
18:43:56 INFO     [src.ml.features] [SIMULATE] 特徴量生成 race_id=202406030206: 15 頭 × 46 特徴量 (リーク除外済み)
18:43:56 INFO     [src.ml.features] [SIMULATE] 特徴量生成 race_id=202406030207: 15 頭 × 46 特徴量 (リーク除外済み)
18:43:56 INFO     [src.ml.features] [SIMULATE] 特徴量生成 race_id=202406030208: 7 頭 × 46 特徴量 (リーク除外済み)
18:43:56 INFO     [src.ml.features] [SIMULATE] 特徴量生成 race_id=202406030209: 15 頭 × 46 特徴量 (リーク除外済み)
18:43:56 INFO     [src.ml.features] [SIMULATE] 特徴量生成 race_id=202406030210: 13 頭 × 46 特徴量 (リーク除外済み)
18:43:56 INFO     [src.ml.features] [SIMULATE] 特徴量生成 race_id=202406030211: 14 頭 × 46 特徴量 (リーク除外済み)
18:43:56 INFO     [src.ml.features] [SIMULATE] 特徴量生成 race_id=202406030212: 13 頭 × 46 特徴量 (リーク除外済み)
18:43:56 INFO     [src.ml.features] [SIMULATE] 特徴量生成 race_id=202409020201: 16 頭 × 46 特徴量 (リーク除外済み)
18:43:56 INFO     [src.ml.features] [SIMULATE] 特徴量生成 race_id=202409020202: 16 頭 × 46 特徴量 (リーク除外済み)
18:43:56 INFO     [src.ml.features] [SIMULATE] 特徴量生成 race_id=202409020203: 15 頭 × 46 特徴量 (リーク除外済み)
18:43:56 INFO     [src.ml.features] [SIMULATE] 特徴量生成 race_id=202409020204: 16 頭 × 46 特徴量 (リーク除外済み)
18:43:56 INFO     [src.ml.features] [SIMULATE] 特徴量生成 race_id=202409020205: 18 頭 × 46 特徴量 (リーク除外済み)
18:43:56 INFO     [src.ml.features] [SIMULATE] 特徴量生成 race_id=202409020206: 12 頭 × 46 特徴量 (リーク除外済み)
18:43:56 INFO     [src.ml.features] [SIMULATE] 特徴量生成 race_id=202409020207: 14 頭 × 46 特徴量 (リーク除外済み)
18:43:56 INFO     [src.ml.features] [SIMULATE] 特徴量生成 race_id=202409020208: 14 頭 × 46 特徴量 (リーク除外済み)
18:43:56 INFO     [src.ml.features] [SIMULATE] 特徴量生成 race_id=202409020209: 10 頭 × 46 特徴量 (リーク除外済み)
18:43:56 INFO     [src.ml.features] [SIMULATE] 特徴量生成 race_id=202409020210: 8 頭 × 46 特徴量 (リーク除外済み)
18:43:56 INFO     [src.ml.features] [SIMULATE] 特徴量生成 race_id=202409020211: 15 頭 × 46 特徴量 (リーク除外済み)
18:43:56 INFO     [src.ml.features] [SIMULATE] 特徴量生成 race_id=202409020212: 16 頭 × 46 特徴量 (リーク除外済み)
18:43:56 INFO     [src.ml.features] [SIMULATE] 特徴量生成 race_id=202407010601: 16 頭 × 46 特徴量 (リーク除外済み)
18:43:56 INFO     [src.ml.features] [SIMULATE] 特徴量生成 race_id=202407010602: 18 頭 × 46 特徴量 (リーク除外済み)
18:43:56 INFO     [src.ml.features] [SIMULATE] 特徴量生成 race_id=202407010603: 14 頭 × 46 特徴量 (リーク除外済み)
18:43:56 INFO     [src.ml.features] [SIMULATE] 特徴量生成 race_id=202407010604: 16 頭 × 46 特徴量 (リーク除外済み)
18:43:56 INFO     [src.ml.features] [SIMULATE] 特徴量生成 race_id=202407010605: 13 頭 × 46 特徴量 (リーク除外済み)
18:43:56 INFO     [src.ml.features] [SIMULATE] 特徴量生成 race_id=202407010606: 11 頭 × 46 特徴量 (リーク除外済み)
18:43:56 INFO     [src.ml.features] [SIMULATE] 特徴量生成 race_id=202407010607: 9 頭 × 46 特徴量 (リーク除外済み)
18:43:56 INFO     [src.ml.features] [SIMULATE] 特徴量生成 race_id=202407010608: 16 頭 × 46 特徴量 (リーク除外済み)
18:43:56 INFO     [src.ml.features] [SIMULATE] 特徴量生成 race_id=202407010609: 10 頭 × 46 特徴量 (リーク除外済み)
18:43:56 INFO     [src.ml.features] [SIMULATE] 特徴量生成 race_id=202407010610: 16 頭 × 46 特徴量 (リーク除外済み)
18:43:56 INFO     [src.ml.features] [SIMULATE] 特徴量生成 race_id=202407010611: 18 頭 × 46 特徴量 (リーク除外済み)
18:43:56 INFO     [src.ml.features] [SIMULATE] 特徴量生成 race_id=202407010612: 16 頭 × 46 特徴量 (リーク除外済み)
18:43:56 INFO     [src.ml.features] [SIMULATE] 特徴量生成 race_id=202406030301: 16 頭 × 46 特徴量 (リーク除外済み)
18:43:56 INFO     [src.ml.features] [SIMULATE] 特徴量生成 race_id=202406030302: 16 頭 × 46 特徴量 (リーク除外済み)
18:43:56 INFO     [src.ml.features] [SIMULATE] 特徴量生成 race_id=202406030303: 14 頭 × 46 特徴量 (リーク除外済み)
18:43:56 INFO     [src.ml.features] [SIMULATE] 特徴量生成 race_id=202406030304: 16 頭 × 46 特徴量 (リーク除外済み)
18:43:56 INFO     [src.ml.features] [SIMULATE] 特徴量生成 race_id=202406030305: 18 頭 × 46 特徴量 (リーク除外済み)
18:43:56 INFO     [src.ml.features] [SIMULATE] 特徴量生成 race_id=202406030306: 13 頭 × 46 特徴量 (リーク除外済み)
18:43:56 INFO     [src.ml.features] [SIMULATE] 特徴量生成 race_id=202406030307: 16 頭 × 46 特徴量 (リーク除外済み)
18:43:56 INFO     [src.ml.features] [SIMULATE] 特徴量生成 race_id=202406030308: 13 頭 × 46 特徴量 (リーク除外済み)
18:43:56 INFO     [src.ml.features] [SIMULATE] 特徴量生成 race_id=202406030309: 14 頭 × 46 特徴量 (リーク除外済み)
18:43:56 INFO     [src.ml.features] [SIMULATE] 特徴量生成 race_id=202406030310: 15 頭 × 46 特徴量 (リーク除外済み)
18:43:56 INFO     [src.ml.features] [SIMULATE] 特徴量生成 race_id=202406030311: 16 頭 × 46 特徴量 (リーク除外済み)
18:43:56 INFO     [src.ml.features] [SIMULATE] 特徴量生成 race_id=202406030312: 16 頭 × 46 特徴量 (リーク除外済み)
18:43:56 INFO     [src.ml.features] [SIMULATE] 特徴量生成 race_id=202409020301: 13 頭 × 46 特徴量 (リーク除外済み)
18:43:56 INFO     [src.ml.features] [SIMULATE] 特徴量生成 race_id=202409020302: 16 頭 × 46 特徴量 (リーク除外済み)
18:43:56 INFO     [src.ml.features] [SIMULATE] 特徴量生成 race_id=202409020303: 18 頭 × 46 特徴量 (リーク除外済み)
18:43:56 INFO     [src.ml.features] [SIMULATE] 特徴量生成 race_id=202409020304: 18 頭 × 46 特徴量 (リーク除外済み)
18:43:56 INFO     [src.ml.features] [SIMULATE] 特徴量生成 race_id=202409020305: 11 頭 × 46 特徴量 (リーク除外済み)
18:43:56 INFO     [src.ml.features] [SIMULATE] 特徴量生成 race_id=202409020306: 11 頭 × 46 特徴量 (リーク除外済み)
18:43:56 INFO     [src.ml.features] [SIMULATE] 特徴量生成 race_id=202409020307: 16 頭 × 46 特徴量 (リーク除外済み)
18:43:56 INFO     [src.ml.features] [SIMULATE] 特徴量生成 race_id=202409020308: 11 頭 × 46 特徴量 (リーク除外済み)
18:43:57 INFO     [src.ml.features] [SIMULATE] 特徴量生成 race_id=202409020309: 7 頭 × 46 特徴量 (リーク除外済み)
18:43:57 INFO     [src.ml.features] [SIMULATE] 特徴量生成 race_id=202409020310: 15 頭 × 46 特徴量 (リーク除外済み)
18:43:57 INFO     [src.ml.features] [SIMULATE] 特徴量生成 race_id=202409020311: 15 頭 × 46 特徴量 (リーク除外済み)
18:43:57 INFO     [src.ml.features] [SIMULATE] 特徴量生成 race_id=202409020312: 15 頭 × 46 特徴量 (リーク除外済み)
18:43:57 INFO     [src.ml.features] [SIMULATE] 特徴量生成 race_id=202406030401: 13 頭 × 46 特徴量 (リーク除外済み)
18:43:57 INFO     [src.ml.features] [SIMULATE] 特徴量生成 race_id=202406030402: 16 頭 × 46 特徴量 (リーク除外済み)
18:43:57 INFO     [src.ml.features] [SIMULATE] 特徴量生成 race_id=202406030403: 14 頭 × 46 特徴量 (リーク除外済み)
18:43:57 INFO     [src.ml.features] [SIMULATE] 特徴量生成 race_id=202406030404: 11 頭 × 46 特徴量 (リーク除外済み)
18:43:57 INFO     [src.ml.features] [SIMULATE] 特徴量生成 race_id=202406030405: 16 頭 × 46 特徴量 (リーク除外済み)
18:43:57 INFO     [src.ml.features] [SIMULATE] 特徴量生成 race_id=202406030406: 11 頭 × 46 特徴量 (リーク除外済み)
18:43:57 INFO     [src.ml.features] [SIMULATE] 特徴量生成 race_id=202406030407: 16 頭 × 46 特徴量 (リーク除外済み)
18:43:57 INFO     [src.ml.features] [SIMULATE] 特徴量生成 race_id=202406030408: 13 頭 × 46 特徴量 (リーク除外済み)
18:43:57 INFO     [src.ml.features] [SIMULATE] 特徴量生成 race_id=202406030409: 8 頭 × 46 特徴量 (リーク除外済み)
18:43:57 INFO     [src.ml.features] [SIMULATE] 特徴量生成 race_id=202406030410: 16 頭 × 46 特徴量 (リーク除外済み)
18:43:57 INFO     [src.ml.features] [SIMULATE] 特徴量生成 race_id=202406030411: 15 頭 × 46 特徴量 (リーク除外済み)
18:43:57 INFO     [src.ml.features] [SIMULATE] 特徴量生成 race_id=202406030412: 16 頭 × 46 特徴量 (リーク除外済み)
18:43:57 INFO     [src.ml.features] [SIMULATE] 特徴量生成 race_id=202409020401: 13 頭 × 46 特徴量 (リーク除外済み)
18:43:57 INFO     [src.ml.features] [SIMULATE] 特徴量生成 race_id=202409020402: 16 頭 × 46 特徴量 (リーク除外済み)
18:43:57 INFO     [src.ml.features] [SIMULATE] 特徴量生成 race_id=202409020403: 9 頭 × 46 特徴量 (リーク除外済み)
18:43:57 INFO     [src.ml.features] [SIMULATE] 特徴量生成 race_id=202409020404: 10 頭 × 46 特徴量 (リーク除外済み)
18:43:57 INFO     [src.ml.features] [SIMULATE] 特徴量生成 race_id=202409020405: 9 頭 × 46 特徴量 (リーク除外済み)
18:43:57 INFO     [src.ml.features] [SIMULATE] 特徴量生成 race_id=202409020406: 11 頭 × 46 特徴量 (リーク除外済み)
18:43:57 INFO     [src.ml.features] [SIMULATE] 特徴量生成 race_id=202409020407: 16 頭 × 46 特徴量 (リーク除外済み)
18:43:57 INFO     [src.ml.features] [SIMULATE] 特徴量生成 race_id=202409020408: 15 頭 × 46 特徴量 (リーク除外済み)
18:43:57 INFO     [src.ml.features] [SIMULATE] 特徴量生成 race_id=202409020409: 11 頭 × 46 特徴量 (リーク除外済み)
18:43:57 INFO     [src.ml.features] [SIMULATE] 特徴量生成 race_id=202409020410: 17 頭 × 46 特徴量 (リーク除外済み)
18:43:57 INFO     [src.ml.features] [SIMULATE] 特徴量生成 race_id=202409020411: 16 頭 × 46 特徴量 (リーク除外済み)
18:43:57 INFO     [src.ml.features] [SIMULATE] 特徴量生成 race_id=202409020412: 16 頭 × 46 特徴量 (リーク除外済み)
18:43:57 INFO     [src.ml.features] [SIMULATE] 特徴量生成 race_id=202445040311: 11 頭 × 46 特徴量 (リーク除外済み)
18:43:57 INFO     [src.ml.features] [SIMULATE] 特徴量生成 race_id=202406030501: 14 頭 × 46 特徴量 (リーク除外済み)
18:43:57 INFO     [src.ml.features] [SIMULATE] 特徴量生成 race_id=202406030502: 16 頭 × 46 特徴量 (リーク除外済み)
18:43:57 INFO     [src.ml.features] [SIMULATE] 特徴量生成 race_id=202406030503: 12 頭 × 46 特徴量 (リーク除外済み)
18:43:57 INFO     [src.ml.features] [SIMULATE] 特徴量生成 race_id=202406030504: 16 頭 × 46 特徴量 (リーク除外済み)
18:43:57 INFO     [src.ml.features] [SIMULATE] 特徴量生成 race_id=202406030505: 18 頭 × 46 特徴量 (リーク除外済み)
18:43:57 INFO     [src.ml.features] [SIMULATE] 特徴量生成 race_id=202406030506: 15 頭 × 46 特徴量 (リーク除外済み)
18:43:57 INFO     [src.ml.features] [SIMULATE] 特徴量生成 race_id=202406030507: 8 頭 × 46 特徴量 (リーク除外済み)
18:43:57 INFO     [src.ml.features] [SIMULATE] 特徴量生成 race_id=202406030508: 16 頭 × 46 特徴量 (リーク除外済み)
18:43:57 INFO     [src.ml.features] [SIMULATE] 特徴量生成 race_id=202406030509: 16 頭 × 46 特徴量 (リーク除外済み)
18:43:57 INFO     [src.ml.features] [SIMULATE] 特徴量生成 race_id=202406030510: 15 頭 × 46 特徴量 (リーク除外済み)
18:43:57 INFO     [src.ml.features] [SIMULATE] 特徴量生成 race_id=202406030511: 16 頭 × 46 特徴量 (リーク除外済み)
18:43:57 INFO     [src.ml.features] [SIMULATE] 特徴量生成 race_id=202406030512: 16 頭 × 46 特徴量 (リーク除外済み)
18:43:57 INFO     [src.ml.features] [SIMULATE] 特徴量生成 race_id=202409020501: 16 頭 × 46 特徴量 (リーク除外済み)
18:43:57 INFO     [src.ml.features] [SIMULATE] 特徴量生成 race_id=202409020502: 16 頭 × 46 特徴量 (リーク除外済み)
18:43:57 INFO     [src.ml.features] [SIMULATE] 特徴量生成 race_id=202409020503: 10 頭 × 46 特徴量 (リーク除外済み)
18:43:57 INFO     [src.ml.features] [SIMULATE] 特徴量生成 race_id=202409020504: 16 頭 × 46 特徴量 (リーク除外済み)
18:43:57 INFO     [src.ml.features] [SIMULATE] 特徴量生成 race_id=202409020505: 12 頭 × 46 特徴量 (リーク除外済み)
18:43:57 INFO     [src.ml.features] [SIMULATE] 特徴量生成 race_id=202409020506: 10 頭 × 46 特徴量 (リーク除外済み)
18:43:57 INFO     [src.ml.features] [SIMULATE] 特徴量生成 race_id=202409020507: 12 頭 × 46 特徴量 (リーク除外済み)
18:43:57 INFO     [src.ml.features] [SIMULATE] 特徴量生成 race_id=202409020508: 16 頭 × 46 特徴量 (リーク除外済み)
18:43:57 INFO     [src.ml.features] [SIMULATE] 特徴量生成 race_id=202409020509: 10 頭 × 46 特徴量 (リーク除外済み)
18:43:57 INFO     [src.ml.features] [SIMULATE] 特徴量生成 race_id=202409020510: 14 頭 × 46 特徴量 (リーク除外済み)
18:43:57 INFO     [src.ml.features] [SIMULATE] 特徴量生成 race_id=202409020511: 11 頭 × 46 特徴量 (リーク除外済み)
18:43:57 INFO     [src.ml.features] [SIMULATE] 特徴量生成 race_id=202409020512: 13 頭 × 46 特徴量 (リーク除外済み)
18:43:57 INFO     [src.ml.features] [SIMULATE] 特徴量生成 race_id=202403010101: 15 頭 × 46 特徴量 (リーク除外済み)
18:43:57 INFO     [src.ml.features] [SIMULATE] 特徴量生成 race_id=202403010102: 16 頭 × 46 特徴量 (リーク除外済み)
18:43:57 INFO     [src.ml.features] [SIMULATE] 特徴量生成 race_id=202403010103: 15 頭 × 46 特徴量 (リーク除外済み)
18:43:57 INFO     [src.ml.features] [SIMULATE] 特徴量生成 race_id=202403010104: 14 頭 × 46 特徴量 (リーク除外済み)
18:43:57 INFO     [src.ml.features] [SIMULATE] 特徴量生成 race_id=202403010105: 14 頭 × 46 特徴量 (リーク除外済み)
18:43:57 INFO     [src.ml.features] [SIMULATE] 特徴量生成 race_id=202403010106: 15 頭 × 46 特徴量 (リーク除外済み)
18:43:57 INFO     [src.ml.features] [SIMULATE] 特徴量生成 race_id=202403010107: 16 頭 × 46 特徴量 (リーク除外済み)
18:43:57 INFO     [src.ml.features] [SIMULATE] 特徴量生成 race_id=202403010108: 16 頭 × 46 特徴量 (リーク除外済み)
18:43:57 INFO     [src.ml.features] [SIMULATE] 特徴量生成 race_id=202403010109: 13 頭 × 46 特徴量 (リーク除外済み)
18:43:57 INFO     [src.ml.features] [SIMULATE] 特徴量生成 race_id=202403010110: 16 頭 × 46 特徴量 (リーク除外済み)
18:43:57 INFO     [src.ml.features] [SIMULATE] 特徴量生成 race_id=202403010111: 15 頭 × 46 特徴量 (リーク除外済み)
18:43:57 INFO     [src.ml.features] [SIMULATE] 特徴量生成 race_id=202403010112: 16 頭 × 46 特徴量 (リーク除外済み)
18:43:57 INFO     [src.ml.features] [SIMULATE] 特徴量生成 race_id=202406030601: 16 頭 × 46 特徴量 (リーク除外済み)
18:43:57 INFO     [src.ml.features] [SIMULATE] 特徴量生成 race_id=202406030602: 14 頭 × 46 特徴量 (リーク除外済み)
18:43:57 INFO     [src.ml.features] [SIMULATE] 特徴量生成 race_id=202406030603: 16 頭 × 46 特徴量 (リーク除外済み)
18:43:57 INFO     [src.ml.features] [SIMULATE] 特徴量生成 race_id=202406030604: 16 頭 × 46 特徴量 (リーク除外済み)
18:43:57 INFO     [src.ml.features] [SIMULATE] 特徴量生成 race_id=202406030605: 18 頭 × 46 特徴量 (リーク除外済み)
18:43:57 INFO     [src.ml.features] [SIMULATE] 特徴量生成 race_id=202406030606: 16 頭 × 46 特徴量 (リーク除外済み)
18:43:57 INFO     [src.ml.features] [SIMULATE] 特徴量生成 race_id=202406030607: 13 頭 × 46 特徴量 (リーク除外済み)
18:43:57 INFO     [src.ml.features] [SIMULATE] 特徴量生成 race_id=202406030608: 8 頭 × 46 特徴量 (リーク除外済み)
18:43:57 INFO     [src.ml.features] [SIMULATE] 特徴量生成 race_id=202406030609: 13 頭 × 46 特徴量 (リーク除外済み)
18:43:57 INFO     [src.ml.features] [SIMULATE] 特徴量生成 race_id=202406030610: 15 頭 × 46 特徴量 (リーク除外済み)
18:43:57 INFO     [src.ml.features] [SIMULATE] 特徴量生成 race_id=202406030611: 14 頭 × 46 特徴量 (リーク除外済み)
18:43:57 INFO     [src.ml.features] [SIMULATE] 特徴量生成 race_id=202406030612: 13 頭 × 46 特徴量 (リーク除外済み)
18:43:57 INFO     [src.ml.features] [SIMULATE] 特徴量生成 race_id=202409020601: 16 頭 × 46 特徴量 (リーク除外済み)
18:43:58 INFO     [src.ml.features] [SIMULATE] 特徴量生成 race_id=202409020602: 16 頭 × 46 特徴量 (リーク除外済み)
18:43:58 INFO     [src.ml.features] [SIMULATE] 特徴量生成 race_id=202409020603: 16 頭 × 46 特徴量 (リーク除外済み)
18:43:58 INFO     [src.ml.features] [SIMULATE] 特徴量生成 race_id=202409020604: 14 頭 × 46 特徴量 (リーク除外済み)
18:43:58 INFO     [src.ml.features] [SIMULATE] 特徴量生成 race_id=202409020605: 16 頭 × 46 特徴量 (リーク除外済み)
18:43:58 INFO     [src.ml.features] [SIMULATE] 特徴量生成 race_id=202409020606: 10 頭 × 46 特徴量 (リーク除外済み)
18:43:58 INFO     [src.ml.features] [SIMULATE] 特徴量生成 race_id=202409020607: 9 頭 × 46 特徴量 (リーク除外済み)
18:43:58 INFO     [src.ml.features] [SIMULATE] 特徴量生成 race_id=202409020608: 11 頭 × 46 特徴量 (リーク除外済み)
18:43:58 INFO     [src.ml.features] [SIMULATE] 特徴量生成 race_id=202409020609: 8 頭 × 46 特徴量 (リーク除外済み)
18:43:58 INFO     [src.ml.features] [SIMULATE] 特徴量生成 race_id=202409020610: 16 頭 × 46 特徴量 (リーク除外済み)
18:43:58 INFO     [src.ml.features] [SIMULATE] 特徴量生成 race_id=202409020611: 18 頭 × 46 特徴量 (リーク除外済み)
18:43:58 INFO     [src.ml.features] [SIMULATE] 特徴量生成 race_id=202409020612: 13 頭 × 46 特徴量 (リーク除外済み)
18:43:58 INFO     [src.ml.features] [SIMULATE] 特徴量生成 race_id=202403010201: 15 頭 × 46 特徴量 (リーク除外済み)
18:43:58 INFO     [src.ml.features] [SIMULATE] 特徴量生成 race_id=202403010202: 16 頭 × 46 特徴量 (リーク除外済み)
18:43:58 INFO     [src.ml.features] [SIMULATE] 特徴量生成 race_id=202403010203: 15 頭 × 46 特徴量 (リーク除外済み)
18:43:58 INFO     [src.ml.features] [SIMULATE] 特徴量生成 race_id=202403010204: 14 頭 × 46 特徴量 (リーク除外済み)
18:43:58 INFO     [src.ml.features] [SIMULATE] 特徴量生成 race_id=202403010205: 16 頭 × 46 特徴量 (リーク除外済み)
18:43:58 INFO     [src.ml.features] [SIMULATE] 特徴量生成 race_id=202403010206: 16 頭 × 46 特徴量 (リーク除外済み)
18:43:58 INFO     [src.ml.features] [SIMULATE] 特徴量生成 race_id=202403010207: 16 頭 × 46 特徴量 (リーク除外済み)
18:43:58 INFO     [src.ml.features] [SIMULATE] 特徴量生成 race_id=202403010208: 16 頭 × 46 特徴量 (リーク除外済み)
18:43:58 INFO     [src.ml.features] [SIMULATE] 特徴量生成 race_id=202403010209: 13 頭 × 46 特徴量 (リーク除外済み)
18:43:58 INFO     [src.ml.features] [SIMULATE] 特徴量生成 race_id=202403010210: 16 頭 × 46 特徴量 (リーク除外済み)
18:43:58 INFO     [src.ml.features] [SIMULATE] 特徴量生成 race_id=202403010211: 16 頭 × 46 特徴量 (リーク除外済み)
18:43:58 INFO     [src.ml.features] [SIMULATE] 特徴量生成 race_id=202403010212: 14 頭 × 46 特徴量 (リーク除外済み)
18:43:58 INFO     [src.ml.features] [SIMULATE] 特徴量生成 race_id=202406030701: 16 頭 × 46 特徴量 (リーク除外済み)
18:43:58 INFO     [src.ml.features] [SIMULATE] 特徴量生成 race_id=202406030702: 13 頭 × 46 特徴量 (リーク除外済み)
18:43:58 INFO     [src.ml.features] [SIMULATE] 特徴量生成 race_id=202406030703: 15 頭 × 46 特徴量 (リーク除外済み)
18:43:58 INFO     [src.ml.features] [SIMULATE] 特徴量生成 race_id=202406030704: 12 頭 × 46 特徴量 (リーク除外済み)
18:43:58 INFO     [src.ml.features] [SIMULATE] 特徴量生成 race_id=202406030705: 16 頭 × 46 特徴量 (リーク除外済み)
18:43:58 INFO     [src.ml.features] [SIMULATE] 特徴量生成 race_id=202406030706: 9 頭 × 46 特徴量 (リーク除外済み)
18:43:58 INFO     [src.ml.features] [SIMULATE] 特徴量生成 race_id=202406030707: 9 頭 × 46 特徴量 (リーク除外済み)
18:43:58 INFO     [src.ml.features] [SIMULATE] 特徴量生成 race_id=202406030708: 12 頭 × 46 特徴量 (リーク除外済み)
18:43:58 INFO     [src.ml.features] [SIMULATE] 特徴量生成 race_id=202406030709: 6 頭 × 46 特徴量 (リーク除外済み)
18:43:58 INFO     [src.ml.features] [SIMULATE] 特徴量生成 race_id=202406030710: 14 頭 × 46 特徴量 (リーク除外済み)
18:43:58 INFO     [src.ml.features] [SIMULATE] 特徴量生成 race_id=202406030711: 12 頭 × 46 特徴量 (リーク除外済み)
18:43:58 INFO     [src.ml.features] [SIMULATE] 特徴量生成 race_id=202406030712: 15 頭 × 46 特徴量 (リーク除外済み)
18:43:58 INFO     [src.ml.features] [SIMULATE] 特徴量生成 race_id=202409020701: 16 頭 × 46 特徴量 (リーク除外済み)
18:43:58 INFO     [src.ml.features] [SIMULATE] 特徴量生成 race_id=202409020702: 16 頭 × 46 特徴量 (リーク除外済み)
18:43:58 INFO     [src.ml.features] [SIMULATE] 特徴量生成 race_id=202409020703: 16 頭 × 46 特徴量 (リーク除外済み)
18:43:58 INFO     [src.ml.features] [SIMULATE] 特徴量生成 race_id=202409020704: 18 頭 × 46 特徴量 (リーク除外済み)
18:43:58 INFO     [src.ml.features] [SIMULATE] 特徴量生成 race_id=202409020705: 16 頭 × 46 特徴量 (リーク除外済み)
18:43:58 INFO     [src.ml.features] [SIMULATE] 特徴量生成 race_id=202409020706: 15 頭 × 46 特徴量 (リーク除外済み)
18:43:58 INFO     [src.ml.features] [SIMULATE] 特徴量生成 race_id=202409020707: 12 頭 × 46 特徴量 (リーク除外済み)
18:43:58 INFO     [src.ml.features] [SIMULATE] 特徴量生成 race_id=202409020708: 12 頭 × 46 特徴量 (リーク除外済み)
18:43:58 INFO     [src.ml.features] [SIMULATE] 特徴量生成 race_id=202409020709: 11 頭 × 46 特徴量 (リーク除外済み)
18:43:58 INFO     [src.ml.features] [SIMULATE] 特徴量生成 race_id=202409020710: 15 頭 × 46 特徴量 (リーク除外済み)
18:43:58 INFO     [src.ml.features] [SIMULATE] 特徴量生成 race_id=202409020711: 16 頭 × 46 特徴量 (リーク除外済み)
18:43:58 INFO     [src.ml.features] [SIMULATE] 特徴量生成 race_id=202409020712: 10 頭 × 46 特徴量 (リーク除外済み)
18:43:58 INFO     [src.ml.features] [SIMULATE] 特徴量生成 race_id=202403010301: 16 頭 × 46 特徴量 (リーク除外済み)
18:43:58 INFO     [src.ml.features] [SIMULATE] 特徴量生成 race_id=202403010302: 16 頭 × 46 特徴量 (リーク除外済み)
18:43:58 INFO     [src.ml.features] [SIMULATE] 特徴量生成 race_id=202403010303: 15 頭 × 46 特徴量 (リーク除外済み)
18:43:58 INFO     [src.ml.features] [SIMULATE] 特徴量生成 race_id=202403010304: 16 頭 × 46 特徴量 (リーク除外済み)
18:43:58 INFO     [src.ml.features] [SIMULATE] 特徴量生成 race_id=202403010305: 16 頭 × 46 特徴量 (リーク除外済み)
18:43:58 INFO     [src.ml.features] [SIMULATE] 特徴量生成 race_id=202403010306: 16 頭 × 46 特徴量 (リーク除外済み)
18:43:58 INFO     [src.ml.features] [SIMULATE] 特徴量生成 race_id=202403010307: 16 頭 × 46 特徴量 (リーク除外済み)
18:43:58 INFO     [src.ml.features] [SIMULATE] 特徴量生成 race_id=202403010308: 15 頭 × 46 特徴量 (リーク除外済み)
18:43:58 INFO     [src.ml.features] [SIMULATE] 特徴量生成 race_id=202403010309: 16 頭 × 46 特徴量 (リーク除外済み)
18:43:58 INFO     [src.ml.features] [SIMULATE] 特徴量生成 race_id=202403010310: 15 頭 × 46 特徴量 (リーク除外済み)
18:43:58 INFO     [src.ml.features] [SIMULATE] 特徴量生成 race_id=202403010311: 16 頭 × 46 特徴量 (リーク除外済み)
18:43:58 INFO     [src.ml.features] [SIMULATE] 特徴量生成 race_id=202403010312: 15 頭 × 46 特徴量 (リーク除外済み)
18:43:58 INFO     [src.ml.features] [SIMULATE] 特徴量生成 race_id=202406030801: 16 頭 × 46 特徴量 (リーク除外済み)
18:43:58 INFO     [src.ml.features] [SIMULATE] 特徴量生成 race_id=202406030802: 16 頭 × 46 特徴量 (リーク除外済み)
18:43:58 INFO     [src.ml.features] [SIMULATE] 特徴量生成 race_id=202406030803: 15 頭 × 46 特徴量 (リーク除外済み)
18:43:58 INFO     [src.ml.features] [SIMULATE] 特徴量生成 race_id=202406030804: 18 頭 × 46 特徴量 (リーク除外済み)
18:43:58 INFO     [src.ml.features] [SIMULATE] 特徴量生成 race_id=202406030805: 16 頭 × 46 特徴量 (リーク除外済み)
18:43:58 INFO     [src.ml.features] [SIMULATE] 特徴量生成 race_id=202406030806: 15 頭 × 46 特徴量 (リーク除外済み)
18:43:58 INFO     [src.ml.features] [SIMULATE] 特徴量生成 race_id=202406030807: 16 頭 × 46 特徴量 (リーク除外済み)
18:43:58 INFO     [src.ml.features] [SIMULATE] 特徴量生成 race_id=202406030808: 9 頭 × 46 特徴量 (リーク除外済み)
18:43:58 INFO     [src.ml.features] [SIMULATE] 特徴量生成 race_id=202406030809: 14 頭 × 46 特徴量 (リーク除外済み)
18:43:58 INFO     [src.ml.features] [SIMULATE] 特徴量生成 race_id=202406030810: 14 頭 × 46 特徴量 (リーク除外済み)
18:43:59 INFO     [src.ml.features] [SIMULATE] 特徴量生成 race_id=202406030811: 18 頭 × 46 特徴量 (リーク除外済み)
18:43:59 INFO     [src.ml.features] [SIMULATE] 特徴量生成 race_id=202406030812: 16 頭 × 46 特徴量 (リーク除外済み)
18:43:59 INFO     [src.ml.features] [SIMULATE] 特徴量生成 race_id=202409020801: 16 頭 × 46 特徴量 (リーク除外済み)
18:43:59 INFO     [src.ml.features] [SIMULATE] 特徴量生成 race_id=202409020802: 15 頭 × 46 特徴量 (リーク除外済み)
18:43:59 INFO     [src.ml.features] [SIMULATE] 特徴量生成 race_id=202409020803: 16 頭 × 46 特徴量 (リーク除外済み)
18:43:59 INFO     [src.ml.features] [SIMULATE] 特徴量生成 race_id=202409020804: 15 頭 × 46 特徴量 (リーク除外済み)
18:43:59 INFO     [src.ml.features] [SIMULATE] 特徴量生成 race_id=202409020805: 15 頭 × 46 特徴量 (リーク除外済み)
18:43:59 INFO     [src.ml.features] [SIMULATE] 特徴量生成 race_id=202409020806: 7 頭 × 46 特徴量 (リーク除外済み)
18:43:59 INFO     [src.ml.features] [SIMULATE] 特徴量生成 race_id=202409020807: 17 頭 × 46 特徴量 (リーク除外済み)
18:43:59 INFO     [src.ml.features] [SIMULATE] 特徴量生成 race_id=202409020808: 12 頭 × 46 特徴量 (リーク除外済み)
18:43:59 INFO     [src.ml.features] [SIMULATE] 特徴量生成 race_id=202409020809: 17 頭 × 46 特徴量 (リーク除外済み)
18:43:59 INFO     [src.ml.features] [SIMULATE] 特徴量生成 race_id=202409020810: 11 頭 × 46 特徴量 (リーク除外済み)
18:43:59 INFO     [src.ml.features] [SIMULATE] 特徴量生成 race_id=202409020811: 16 頭 × 46 特徴量 (リーク除外済み)
18:43:59 INFO     [src.ml.features] [SIMULATE] 特徴量生成 race_id=202409020812: 15 頭 × 46 特徴量 (リーク除外済み)
18:43:59 INFO     [src.ml.features] [SIMULATE] 特徴量生成 race_id=202403010401: 16 頭 × 46 特徴量 (リーク除外済み)
18:43:59 INFO     [src.ml.features] [SIMULATE] 特徴量生成 race_id=202403010402: 16 頭 × 46 特徴量 (リーク除外済み)
18:43:59 INFO     [src.ml.features] [SIMULATE] 特徴量生成 race_id=202403010403: 15 頭 × 46 特徴量 (リーク除外済み)
18:43:59 INFO     [src.ml.features] [SIMULATE] 特徴量生成 race_id=202403010404: 11 頭 × 46 特徴量 (リーク除外済み)
18:43:59 INFO     [src.ml.features] [SIMULATE] 特徴量生成 race_id=202403010405: 11 頭 × 46 特徴量 (リーク除外済み)
18:43:59 INFO     [src.ml.features] [SIMULATE] 特徴量生成 race_id=202403010406: 15 頭 × 46 特徴量 (リーク除外済み)
18:43:59 INFO     [src.ml.features] [SIMULATE] 特徴量生成 race_id=202403010407: 16 頭 × 46 特徴量 (リーク除外済み)
18:43:59 INFO     [src.ml.features] [SIMULATE] 特徴量生成 race_id=202403010408: 10 頭 × 46 特徴量 (リーク除外済み)
18:43:59 INFO     [src.ml.features] [SIMULATE] 特徴量生成 race_id=202403010409: 14 頭 × 46 特徴量 (リーク除外済み)
18:43:59 INFO     [src.ml.features] [SIMULATE] 特徴量生成 race_id=202403010410: 16 頭 × 46 特徴量 (リーク除外済み)
18:43:59 INFO     [src.ml.features] [SIMULATE] 特徴量生成 race_id=202403010411: 16 頭 × 46 特徴量 (リーク除外済み)
18:43:59 INFO     [src.ml.features] [SIMULATE] 特徴量生成 race_id=202403010412: 16 頭 × 46 特徴量 (リーク除外済み)
18:43:59 INFO     [src.ml.features] [SIMULATE] 特徴量生成 race_id=202405020101: 16 頭 × 46 特徴量 (リーク除外済み)
18:43:59 INFO     [src.ml.features] [SIMULATE] 特徴量生成 race_id=202405020102: 16 頭 × 46 特徴量 (リーク除外済み)
18:43:59 INFO     [src.ml.features] [SIMULATE] 特徴量生成 race_id=202405020103: 16 頭 × 46 特徴量 (リーク除外済み)
18:43:59 INFO     [src.ml.features] [SIMULATE] 特徴量生成 race_id=202405020104: 18 頭 × 46 特徴量 (リーク除外済み)
18:43:59 INFO     [src.ml.features] [SIMULATE] 特徴量生成 race_id=202405020105: 18 頭 × 46 特徴量 (リーク除外済み)
18:43:59 INFO     [src.ml.features] [SIMULATE] 特徴量生成 race_id=202405020106: 16 頭 × 46 特徴量 (リーク除外済み)
18:43:59 INFO     [src.ml.features] [SIMULATE] 特徴量生成 race_id=202405020107: 16 頭 × 46 特徴量 (リーク除外済み)
18:43:59 INFO     [src.ml.features] [SIMULATE] 特徴量生成 race_id=202405020108: 10 頭 × 46 特徴量 (リーク除外済み)
18:43:59 INFO     [src.ml.features] [SIMULATE] 特徴量生成 race_id=202405020109: 11 頭 × 46 特徴量 (リーク除外済み)
18:43:59 INFO     [src.ml.features] [SIMULATE] 特徴量生成 race_id=202405020110: 18 頭 × 46 特徴量 (リーク除外済み)
18:43:59 INFO     [src.ml.features] [SIMULATE] 特徴量生成 race_id=202405020111: 16 頭 × 46 特徴量 (リーク除外済み)
18:43:59 INFO     [src.ml.features] [SIMULATE] 特徴量生成 race_id=202405020112: 16 頭 × 46 特徴量 (リーク除外済み)
18:43:59 INFO     [src.ml.features] [SIMULATE] 特徴量生成 race_id=202408030101: 16 頭 × 46 特徴量 (リーク除外済み)
18:43:59 INFO     [src.ml.features] [SIMULATE] 特徴量生成 race_id=202408030102: 16 頭 × 46 特徴量 (リーク除外済み)
18:43:59 INFO     [src.ml.features] [SIMULATE] 特徴量生成 race_id=202408030103: 18 頭 × 46 特徴量 (リーク除外済み)
18:43:59 INFO     [src.ml.features] [SIMULATE] 特徴量生成 race_id=202408030104: 11 頭 × 46 特徴量 (リーク除外済み)
18:43:59 INFO     [src.ml.features] [SIMULATE] 特徴量生成 race_id=202408030105: 10 頭 × 46 特徴量 (リーク除外済み)
18:43:59 INFO     [src.ml.features] [SIMULATE] 特徴量生成 race_id=202408030106: 13 頭 × 46 特徴量 (リーク除外済み)
18:43:59 INFO     [src.ml.features] [SIMULATE] 特徴量生成 race_id=202408030107: 14 頭 × 46 特徴量 (リーク除外済み)
18:43:59 INFO     [src.ml.features] [SIMULATE] 特徴量生成 race_id=202408030108: 11 頭 × 46 特徴量 (リーク除外済み)
18:43:59 INFO     [src.ml.features] [SIMULATE] 特徴量生成 race_id=202408030109: 7 頭 × 46 特徴量 (リーク除外済み)
18:43:59 INFO     [src.ml.features] [SIMULATE] 特徴量生成 race_id=202408030110: 12 頭 × 46 特徴量 (リーク除外済み)
18:43:59 INFO     [src.ml.features] [SIMULATE] 特徴量生成 race_id=202408030111: 13 頭 × 46 特徴量 (リーク除外済み)
18:43:59 INFO     [src.ml.features] [SIMULATE] 特徴量生成 race_id=202408030112: 10 頭 × 46 特徴量 (リーク除外済み)
18:43:59 INFO     [src.ml.features] [SIMULATE] 特徴量生成 race_id=202403010501: 16 頭 × 46 特徴量 (リーク除外済み)
18:43:59 INFO     [src.ml.features] [SIMULATE] 特徴量生成 race_id=202403010502: 16 頭 × 46 特徴量 (リーク除外済み)
18:43:59 INFO     [src.ml.features] [SIMULATE] 特徴量生成 race_id=202403010503: 15 頭 × 46 特徴量 (リーク除外済み)
18:43:59 INFO     [src.ml.features] [SIMULATE] 特徴量生成 race_id=202403010504: 14 頭 × 46 特徴量 (リーク除外済み)
18:43:59 INFO     [src.ml.features] [SIMULATE] 特徴量生成 race_id=202403010505: 11 頭 × 46 特徴量 (リーク除外済み)
18:43:59 INFO     [src.ml.features] [SIMULATE] 特徴量生成 race_id=202403010506: 9 頭 × 46 特徴量 (リーク除外済み)
18:43:59 INFO     [src.ml.features] [SIMULATE] 特徴量生成 race_id=202403010507: 16 頭 × 46 特徴量 (リーク除外済み)
18:43:59 INFO     [src.ml.features] [SIMULATE] 特徴量生成 race_id=202403010508: 12 頭 × 46 特徴量 (リーク除外済み)
18:43:59 INFO     [src.ml.features] [SIMULATE] 特徴量生成 race_id=202403010509: 14 頭 × 46 特徴量 (リーク除外済み)
18:43:59 INFO     [src.ml.features] [SIMULATE] 特徴量生成 race_id=202403010510: 15 頭 × 46 特徴量 (リーク除外済み)
18:44:00 INFO     [src.ml.features] [SIMULATE] 特徴量生成 race_id=202403010511: 16 頭 × 46 特徴量 (リーク除外済み)
18:44:00 INFO     [src.ml.features] [SIMULATE] 特徴量生成 race_id=202403010512: 15 頭 × 46 特徴量 (リーク除外済み)
18:44:00 INFO     [src.ml.features] [SIMULATE] 特徴量生成 race_id=202405020201: 16 頭 × 46 特徴量 (リーク除外済み)
18:44:00 INFO     [src.ml.features] [SIMULATE] 特徴量生成 race_id=202405020202: 16 頭 × 46 特徴量 (リーク除外済み)
18:44:00 INFO     [src.ml.features] [SIMULATE] 特徴量生成 race_id=202405020203: 18 頭 × 46 特徴量 (リーク除外済み)
18:44:00 INFO     [src.ml.features] [SIMULATE] 特徴量生成 race_id=202405020204: 11 頭 × 46 特徴量 (リーク除外済み)
18:44:00 INFO     [src.ml.features] [SIMULATE] 特徴量生成 race_id=202405020205: 16 頭 × 46 特徴量 (リーク除外済み)
18:44:00 INFO     [src.ml.features] [SIMULATE] 特徴量生成 race_id=202405020206: 16 頭 × 46 特徴量 (リーク除外済み)
18:44:00 INFO     [src.ml.features] [SIMULATE] 特徴量生成 race_id=202405020207: 12 頭 × 46 特徴量 (リーク除外済み)
18:44:00 INFO     [src.ml.features] [SIMULATE] 特徴量生成 race_id=202405020208: 10 頭 × 46 特徴量 (リーク除外済み)
18:44:00 INFO     [src.ml.features] [SIMULATE] 特徴量生成 race_id=202405020209: 10 頭 × 46 特徴量 (リーク除外済み)
18:44:00 INFO     [src.ml.features] [SIMULATE] 特徴量生成 race_id=202405020210: 15 頭 × 46 特徴量 (リーク除外済み)
18:44:00 INFO     [src.ml.features] [SIMULATE] 特徴量生成 race_id=202405020211: 14 頭 × 46 特徴量 (リーク除外済み)
18:44:00 INFO     [src.ml.features] [SIMULATE] 特徴量生成 race_id=202405020212: 13 頭 × 46 特徴量 (リーク除外済み)
18:44:00 INFO     [src.ml.features] [SIMULATE] 特徴量生成 race_id=202408030201: 14 頭 × 46 特徴量 (リーク除外済み)
18:44:00 INFO     [src.ml.features] [SIMULATE] 特徴量生成 race_id=202408030202: 16 頭 × 46 特徴量 (リーク除外済み)
18:44:00 INFO     [src.ml.features] [SIMULATE] 特徴量生成 race_id=202408030203: 16 頭 × 46 特徴量 (リーク除外済み)
18:44:00 INFO     [src.ml.features] [SIMULATE] 特徴量生成 race_id=202408030204: 18 頭 × 46 特徴量 (リーク除外済み)
18:44:00 INFO     [src.ml.features] [SIMULATE] 特徴量生成 race_id=202408030205: 15 頭 × 46 特徴量 (リーク除外済み)
18:44:00 INFO     [src.ml.features] [SIMULATE] 特徴量生成 race_id=202408030206: 12 頭 × 46 特徴量 (リーク除外済み)
18:44:00 INFO     [src.ml.features] [SIMULATE] 特徴量生成 race_id=202408030207: 13 頭 × 46 特徴量 (リーク除外済み)
18:44:00 INFO     [src.ml.features] [SIMULATE] 特徴量生成 race_id=202408030208: 9 頭 × 46 特徴量 (リーク除外済み)
18:44:00 INFO     [src.ml.features] [SIMULATE] 特徴量生成 race_id=202408030209: 9 頭 × 46 特徴量 (リーク除外済み)
18:44:00 INFO     [src.ml.features] [SIMULATE] 特徴量生成 race_id=202408030210: 9 頭 × 46 特徴量 (リーク除外済み)
18:44:00 INFO     [src.ml.features] [SIMULATE] 特徴量生成 race_id=202408030211: 17 頭 × 46 特徴量 (リーク除外済み)
18:44:00 INFO     [src.ml.features] [SIMULATE] 特徴量生成 race_id=202408030212: 16 頭 × 46 特徴量 (リーク除外済み)
18:44:00 INFO     [src.ml.features] [SIMULATE] 特徴量生成 race_id=202403010601: 16 頭 × 46 特徴量 (リーク除外済み)
18:44:00 INFO     [src.ml.features] [SIMULATE] 特徴量生成 race_id=202403010602: 16 頭 × 46 特徴量 (リーク除外済み)
18:44:00 INFO     [src.ml.features] [SIMULATE] 特徴量生成 race_id=202403010603: 15 頭 × 46 特徴量 (リーク除外済み)
18:44:00 INFO     [src.ml.features] [SIMULATE] 特徴量生成 race_id=202403010604: 14 頭 × 46 特徴量 (リーク除外済み)
18:44:00 INFO     [src.ml.features] [SIMULATE] 特徴量生成 race_id=202403010605: 16 頭 × 46 特徴量 (リーク除外済み)
18:44:00 INFO     [src.ml.features] [SIMULATE] 特徴量生成 race_id=202403010606: 15 頭 × 46 特徴量 (リーク除外済み)
18:44:00 INFO     [src.ml.features] [SIMULATE] 特徴量生成 race_id=202403010607: 15 頭 × 46 特徴量 (リーク除外済み)
18:44:00 INFO     [src.ml.features] [SIMULATE] 特徴量生成 race_id=202403010608: 12 頭 × 46 特徴量 (リーク除外済み)
18:44:00 INFO     [src.ml.features] [SIMULATE] 特徴量生成 race_id=202403010609: 9 頭 × 46 特徴量 (リーク除外済み)
18:44:00 INFO     [src.ml.features] [SIMULATE] 特徴量生成 race_id=202403010610: 10 頭 × 46 特徴量 (リーク除外済み)
18:44:00 INFO     [src.ml.features] [SIMULATE] 特徴量生成 race_id=202403010611: 16 頭 × 46 特徴量 (リーク除外済み)
18:44:00 INFO     [src.ml.features] [SIMULATE] 特徴量生成 race_id=202403010612: 9 頭 × 46 特徴量 (リーク除外済み)
18:44:00 INFO     [src.ml.features] [SIMULATE] 特徴量生成 race_id=202444042411: 8 頭 × 46 特徴量 (リーク除外済み)
18:44:00 INFO     [src.ml.features] [SIMULATE] 特徴量生成 race_id=202405020301: 16 頭 × 46 特徴量 (リーク除外済み)
18:44:00 INFO     [src.ml.features] [SIMULATE] 特徴量生成 race_id=202405020302: 15 頭 × 46 特徴量 (リーク除外済み)
18:44:00 INFO     [src.ml.features] [SIMULATE] 特徴量生成 race_id=202405020303: 12 頭 × 46 特徴量 (リーク除外済み)
18:44:00 INFO     [src.ml.features] [SIMULATE] 特徴量生成 race_id=202405020304: 17 頭 × 46 特徴量 (リーク除外済み)
18:44:00 INFO     [src.ml.features] [SIMULATE] 特徴量生成 race_id=202405020305: 15 頭 × 46 特徴量 (リーク除外済み)
18:44:00 INFO     [src.ml.features] [SIMULATE] 特徴量生成 race_id=202405020306: 9 頭 × 46 特徴量 (リーク除外済み)
18:44:00 INFO     [src.ml.features] [SIMULATE] 特徴量生成 race_id=202405020307: 12 頭 × 46 特徴量 (リーク除外済み)
18:44:00 INFO     [src.ml.features] [SIMULATE] 特徴量生成 race_id=202405020308: 15 頭 × 46 特徴量 (リーク除外済み)
18:44:00 INFO     [src.ml.features] [SIMULATE] 特徴量生成 race_id=202405020309: 16 頭 × 46 特徴量 (リーク除外済み)
18:44:00 INFO     [src.ml.features] [SIMULATE] 特徴量生成 race_id=202405020310: 13 頭 × 46 特徴量 (リーク除外済み)
18:44:00 INFO     [src.ml.features] [SIMULATE] 特徴量生成 race_id=202405020311: 17 頭 × 46 特徴量 (リーク除外済み)
18:44:00 INFO     [src.ml.features] [SIMULATE] 特徴量生成 race_id=202405020312: 11 頭 × 46 特徴量 (リーク除外済み)
18:44:00 INFO     [src.ml.features] [SIMULATE] 特徴量生成 race_id=202408030301: 15 頭 × 46 特徴量 (リーク除外済み)
18:44:00 INFO     [src.ml.features] [SIMULATE] 特徴量生成 race_id=202408030302: 16 頭 × 46 特徴量 (リーク除外済み)
18:44:00 INFO     [src.ml.features] [SIMULATE] 特徴量生成 race_id=202408030303: 11 頭 × 46 特徴量 (リーク除外済み)
18:44:00 INFO     [src.ml.features] [SIMULATE] 特徴量生成 race_id=202408030304: 17 頭 × 46 特徴量 (リーク除外済み)
18:44:00 INFO     [src.ml.features] [SIMULATE] 特徴量生成 race_id=202408030305: 17 頭 × 46 特徴量 (リーク除外済み)
18:44:00 INFO     [src.ml.features] [SIMULATE] 特徴量生成 race_id=202408030306: 10 頭 × 46 特徴量 (リーク除外済み)
18:44:00 INFO     [src.ml.features] [SIMULATE] 特徴量生成 race_id=202408030307: 8 頭 × 46 特徴量 (リーク除外済み)
18:44:00 INFO     [src.ml.features] [SIMULATE] 特徴量生成 race_id=202408030308: 14 頭 × 46 特徴量 (リーク除外済み)
18:44:00 INFO     [src.ml.features] [SIMULATE] 特徴量生成 race_id=202408030309: 12 頭 × 46 特徴量 (リーク除外済み)
18:44:00 INFO     [src.ml.features] [SIMULATE] 特徴量生成 race_id=202408030310: 13 頭 × 46 特徴量 (リーク除外済み)
18:44:00 INFO     [src.ml.features] [SIMULATE] 特徴量生成 race_id=202408030311: 16 頭 × 46 特徴量 (リーク除外済み)
18:44:00 INFO     [src.ml.features] [SIMULATE] 特徴量生成 race_id=202408030312: 16 頭 × 46 特徴量 (リーク除外済み)
18:44:00 INFO     [src.ml.features] [SIMULATE] 特徴量生成 race_id=202404010101: 14 頭 × 46 特徴量 (リーク除外済み)
18:44:00 INFO     [src.ml.features] [SIMULATE] 特徴量生成 race_id=202404010102: 14 頭 × 46 特徴量 (リーク除外済み)
18:44:00 INFO     [src.ml.features] [SIMULATE] 特徴量生成 race_id=202404010103: 15 頭 × 46 特徴量 (リーク除外済み)
18:44:00 INFO     [src.ml.features] [SIMULATE] 特徴量生成 race_id=202404010104: 11 頭 × 46 特徴量 (リーク除外済み)
18:44:00 INFO     [src.ml.features] [SIMULATE] 特徴量生成 race_id=202404010105: 15 頭 × 46 特徴量 (リーク除外済み)
18:44:00 INFO     [src.ml.features] [SIMULATE] 特徴量生成 race_id=202404010106: 16 頭 × 46 特徴量 (リーク除外済み)
18:44:00 INFO     [src.ml.features] [SIMULATE] 特徴量生成 race_id=202404010107: 8 頭 × 46 特徴量 (リーク除外済み)
18:44:00 INFO     [src.ml.features] [SIMULATE] 特徴量生成 race_id=202404010108: 10 頭 × 46 特徴量 (リーク除外済み)
18:44:00 INFO     [src.ml.features] [SIMULATE] 特徴量生成 race_id=202404010109: 14 頭 × 46 特徴量 (リーク除外済み)
18:44:00 INFO     [src.ml.features] [SIMULATE] 特徴量生成 race_id=202404010110: 10 頭 × 46 特徴量 (リーク除外済み)
18:44:00 INFO     [src.ml.features] [SIMULATE] 特徴量生成 race_id=202404010111: 13 頭 × 46 特徴量 (リーク除外済み)
18:44:00 INFO     [src.ml.features] [SIMULATE] 特徴量生成 race_id=202404010112: 10 頭 × 46 特徴量 (リーク除外済み)
18:44:00 INFO     [src.ml.features] [SIMULATE] 特徴量生成 race_id=202408030411: 18 頭 × 46 特徴量 (リーク除外済み)
18:44:00 INFO     [src.ml.features] [SIMULATE] 特徴量生成 race_id=202405020401: 16 頭 × 46 特徴量 (リーク除外済み)
18:44:00 INFO     [src.ml.features] [SIMULATE] 特徴量生成 race_id=202405020402: 16 頭 × 46 特徴量 (リーク除外済み)
18:44:00 INFO     [src.ml.features] [SIMULATE] 特徴量生成 race_id=202405020403: 16 頭 × 46 特徴量 (リーク除外済み)
18:44:01 INFO     [src.ml.features] [SIMULATE] 特徴量生成 race_id=202405020404: 18 頭 × 46 特徴量 (リーク除外済み)
18:44:01 INFO     [src.ml.features] [SIMULATE] 特徴量生成 race_id=202405020405: 12 頭 × 46 特徴量 (リーク除外済み)
18:44:01 INFO     [src.ml.features] [SIMULATE] 特徴量生成 race_id=202405020406: 14 頭 × 46 特徴量 (リーク除外済み)
18:44:01 INFO     [src.ml.features] [SIMULATE] 特徴量生成 race_id=202405020407: 9 頭 × 46 特徴量 (リーク除外済み)
18:44:01 INFO     [src.ml.features] [SIMULATE] 特徴量生成 race_id=202405020408: 11 頭 × 46 特徴量 (リーク除外済み)
18:44:01 INFO     [src.ml.features] [SIMULATE] 特徴量生成 race_id=202405020409: 8 頭 × 46 特徴量 (リーク除外済み)
18:44:01 INFO     [src.ml.features] [SIMULATE] 特徴量生成 race_id=202405020410: 16 頭 × 46 特徴量 (リーク除外済み)
18:44:01 INFO     [src.ml.features] [SIMULATE] 特徴量生成 race_id=202405020411: 13 頭 × 46 特徴量 (リーク除外済み)
18:44:01 INFO     [src.ml.features] [SIMULATE] 特徴量生成 race_id=202405020412: 16 頭 × 46 特徴量 (リーク除外済み)
18:44:01 INFO     [src.ml.features] [SIMULATE] 特徴量生成 race_id=202408030401: 16 頭 × 46 特徴量 (リーク除外済み)
18:44:01 INFO     [src.ml.features] [SIMULATE] 特徴量生成 race_id=202408030402: 12 頭 × 46 特徴量 (リーク除外済み)
18:44:01 INFO     [src.ml.features] [SIMULATE] 特徴量生成 race_id=202408030403: 18 頭 × 46 特徴量 (リーク除外済み)
18:44:01 INFO     [src.ml.features] [SIMULATE] 特徴量生成 race_id=202408030404: 10 頭 × 46 特徴量 (リーク除外済み)
18:44:01 INFO     [src.ml.features] [SIMULATE] 特徴量生成 race_id=202408030405: 12 頭 × 46 特徴量 (リーク除外済み)
18:44:01 INFO     [src.ml.features] [SIMULATE] 特徴量生成 race_id=202408030406: 11 頭 × 46 特徴量 (リーク除外済み)
18:44:01 INFO     [src.ml.features] [SIMULATE] 特徴量生成 race_id=202408030407: 10 頭 × 46 特徴量 (リーク除外済み)
18:44:01 INFO     [src.ml.features] [SIMULATE] 特徴量生成 race_id=202408030408: 12 頭 × 46 特徴量 (リーク除外済み)
18:44:01 INFO     [src.ml.features] [SIMULATE] 特徴量生成 race_id=202408030409: 11 頭 × 46 特徴量 (リーク除外済み)
18:44:01 INFO     [src.ml.features] [SIMULATE] 特徴量生成 race_id=202408030410: 18 頭 × 46 特徴量 (リーク除外済み)
18:44:01 INFO     [src.ml.features] [SIMULATE] 特徴量生成 race_id=202408030412: 16 頭 × 46 特徴量 (リーク除外済み)
18:44:01 INFO     [src.ml.features] [SIMULATE] 特徴量生成 race_id=202404010201: 15 頭 × 46 特徴量 (リーク除外済み)
18:44:01 INFO     [src.ml.features] [SIMULATE] 特徴量生成 race_id=202404010202: 16 頭 × 46 特徴量 (リーク除外済み)
18:44:01 INFO     [src.ml.features] [SIMULATE] 特徴量生成 race_id=202404010203: 15 頭 × 46 特徴量 (リーク除外済み)
18:44:01 INFO     [src.ml.features] [SIMULATE] 特徴量生成 race_id=202404010204: 10 頭 × 46 特徴量 (リーク除外済み)
18:44:01 INFO     [src.ml.features] [SIMULATE] 特徴量生成 race_id=202404010205: 15 頭 × 46 特徴量 (リーク除外済み)
18:44:01 INFO     [src.ml.features] [SIMULATE] 特徴量生成 race_id=202404010206: 10 頭 × 46 特徴量 (リーク除外済み)
18:44:01 INFO     [src.ml.features] [SIMULATE] 特徴量生成 race_id=202404010207: 11 頭 × 46 特徴量 (リーク除外済み)
18:44:01 INFO     [src.ml.features] [SIMULATE] 特徴量生成 race_id=202404010208: 9 頭 × 46 特徴量 (リーク除外済み)
18:44:01 INFO     [src.ml.features] [SIMULATE] 特徴量生成 race_id=202404010209: 14 頭 × 46 特徴量 (リーク除外済み)
18:44:01 INFO     [src.ml.features] [SIMULATE] 特徴量生成 race_id=202404010210: 16 頭 × 46 特徴量 (リーク除外済み)
18:44:01 INFO     [src.ml.features] [SIMULATE] 特徴量生成 race_id=202404010211: 15 頭 × 46 特徴量 (リーク除外済み)
18:44:01 INFO     [src.ml.features] [SIMULATE] 特徴量生成 race_id=202404010212: 10 頭 × 46 特徴量 (リーク除外済み)
18:44:01 INFO     [src.ml.features] [SIMULATE] 特徴量生成 race_id=202443050111: 13 頭 × 46 特徴量 (リーク除外済み)
18:44:01 INFO     [src.ml.features] [SIMULATE] 特徴量生成 race_id=202405020501: 16 頭 × 46 特徴量 (リーク除外済み)
18:44:01 INFO     [src.ml.features] [SIMULATE] 特徴量生成 race_id=202405020502: 12 頭 × 46 特徴量 (リーク除外済み)
18:44:01 INFO     [src.ml.features] [SIMULATE] 特徴量生成 race_id=202405020503: 16 頭 × 46 特徴量 (リーク除外済み)
18:44:01 INFO     [src.ml.features] [SIMULATE] 特徴量生成 race_id=202405020504: 18 頭 × 46 特徴量 (リーク除外済み)
18:44:01 INFO     [src.ml.features] [SIMULATE] 特徴量生成 race_id=202405020505: 12 頭 × 46 特徴量 (リーク除外済み)
18:44:01 INFO     [src.ml.features] [SIMULATE] 特徴量生成 race_id=202405020506: 11 頭 × 46 特徴量 (リーク除外済み)
18:44:01 INFO     [src.ml.features] [SIMULATE] 特徴量生成 race_id=202405020507: 14 頭 × 46 特徴量 (リーク除外済み)
18:44:01 INFO     [src.ml.features] [SIMULATE] 特徴量生成 race_id=202405020508: 10 頭 × 46 特徴量 (リーク除外済み)
18:44:01 INFO     [src.ml.features] [SIMULATE] 特徴量生成 race_id=202405020509: 8 頭 × 46 特徴量 (リーク除外済み)
18:44:01 INFO     [src.ml.features] [SIMULATE] 特徴量生成 race_id=202405020510: 8 頭 × 46 特徴量 (リーク除外済み)
18:44:01 INFO     [src.ml.features] [SIMULATE] 特徴量生成 race_id=202405020511: 13 頭 × 46 特徴量 (リーク除外済み)
18:44:01 INFO     [src.ml.features] [SIMULATE] 特徴量生成 race_id=202405020512: 13 頭 × 46 特徴量 (リーク除外済み)
18:44:01 INFO     [src.ml.features] [SIMULATE] 特徴量生成 race_id=202408030501: 16 頭 × 46 特徴量 (リーク除外済み)
18:44:01 INFO     [src.ml.features] [SIMULATE] 特徴量生成 race_id=202408030502: 10 頭 × 46 特徴量 (リーク除外済み)
18:44:01 INFO     [src.ml.features] [SIMULATE] 特徴量生成 race_id=202408030503: 16 頭 × 46 特徴量 (リーク除外済み)
18:44:01 INFO     [src.ml.features] [SIMULATE] 特徴量生成 race_id=202408030504: 12 頭 × 46 特徴量 (リーク除外済み)
18:44:01 INFO     [src.ml.features] [SIMULATE] 特徴量生成 race_id=202408030505: 16 頭 × 46 特徴量 (リーク除外済み)
18:44:01 INFO     [src.ml.features] [SIMULATE] 特徴量生成 race_id=202408030506: 14 頭 × 46 特徴量 (リーク除外済み)
18:44:01 INFO     [src.ml.features] [SIMULATE] 特徴量生成 race_id=202408030507: 8 頭 × 46 特徴量 (リーク除外済み)
18:44:01 INFO     [src.ml.features] [SIMULATE] 特徴量生成 race_id=202408030508: 10 頭 × 46 特徴量 (リーク除外済み)
18:44:01 INFO     [src.ml.features] [SIMULATE] 特徴量生成 race_id=202408030509: 8 頭 × 46 特徴量 (リーク除外済み)
18:44:01 INFO     [src.ml.features] [SIMULATE] 特徴量生成 race_id=202408030510: 16 頭 × 46 特徴量 (リーク除外済み)
18:44:01 INFO     [src.ml.features] [SIMULATE] 特徴量生成 race_id=202408030511: 15 頭 × 46 特徴量 (リーク除外済み)
18:44:01 INFO     [src.ml.features] [SIMULATE] 特徴量生成 race_id=202408030512: 10 頭 × 46 特徴量 (リーク除外済み)
18:44:01 INFO     [src.ml.features] [SIMULATE] 特徴量生成 race_id=202404010301: 14 頭 × 46 特徴量 (リーク除外済み)
18:44:01 INFO     [src.ml.features] [SIMULATE] 特徴量生成 race_id=202404010302: 15 頭 × 46 特徴量 (リーク除外済み)
18:44:01 INFO     [src.ml.features] [SIMULATE] 特徴量生成 race_id=202404010303: 15 頭 × 46 特徴量 (リーク除外済み)
18:44:01 INFO     [src.ml.features] [SIMULATE] 特徴量生成 race_id=202404010304: 12 頭 × 46 特徴量 (リーク除外済み)
18:44:01 INFO     [src.ml.features] [SIMULATE] 特徴量生成 race_id=202404010305: 16 頭 × 46 特徴量 (リーク除外済み)
18:44:01 INFO     [src.ml.features] [SIMULATE] 特徴量生成 race_id=202404010306: 16 頭 × 46 特徴量 (リーク除外済み)
18:44:01 INFO     [src.ml.features] [SIMULATE] 特徴量生成 race_id=202404010307: 14 頭 × 46 特徴量 (リーク除外済み)
18:44:01 INFO     [src.ml.features] [SIMULATE] 特徴量生成 race_id=202404010308: 11 頭 × 46 特徴量 (リーク除外済み)
18:44:01 INFO     [src.ml.features] [SIMULATE] 特徴量生成 race_id=202404010309: 16 頭 × 46 特徴量 (リーク除外済み)
18:44:01 INFO     [src.ml.features] [SIMULATE] 特徴量生成 race_id=202404010310: 13 頭 × 46 特徴量 (リーク除外済み)
18:44:01 INFO     [src.ml.features] [SIMULATE] 特徴量生成 race_id=202404010311: 15 頭 × 46 特徴量 (リーク除外済み)
18:44:01 INFO     [src.ml.features] [SIMULATE] 特徴量生成 race_id=202404010312: 16 頭 × 46 特徴量 (リーク除外済み)
18:44:01 INFO     [src.ml.features] [SIMULATE] 特徴量生成 race_id=202405020611: 18 頭 × 46 特徴量 (リーク除外済み)
18:44:01 INFO     [src.ml.features] [SIMULATE] 特徴量生成 race_id=202405020601: 13 頭 × 46 特徴量 (リーク除外済み)
18:44:01 INFO     [src.ml.features] [SIMULATE] 特徴量生成 race_id=202405020602: 16 頭 × 46 特徴量 (リーク除外済み)
18:44:01 INFO     [src.ml.features] [SIMULATE] 特徴量生成 race_id=202405020603: 14 頭 × 46 特徴量 (リーク除外済み)
18:44:01 INFO     [src.ml.features] [SIMULATE] 特徴量生成 race_id=202405020604: 18 頭 × 46 特徴量 (リーク除外済み)
18:44:01 INFO     [src.ml.features] [SIMULATE] 特徴量生成 race_id=202405020605: 16 頭 × 46 特徴量 (リーク除外済み)
18:44:02 INFO     [src.ml.features] [SIMULATE] 特徴量生成 race_id=202405020606: 13 頭 × 46 特徴量 (リーク除外済み)
18:44:02 INFO     [src.ml.features] [SIMULATE] 特徴量生成 race_id=202405020607: 15 頭 × 46 特徴量 (リーク除外済み)
18:44:02 INFO     [src.ml.features] [SIMULATE] 特徴量生成 race_id=202405020608: 10 頭 × 46 特徴量 (リーク除外済み)
18:44:02 INFO     [src.ml.features] [SIMULATE] 特徴量生成 race_id=202405020609: 12 頭 × 46 特徴量 (リーク除外済み)
18:44:02 INFO     [src.ml.features] [SIMULATE] 特徴量生成 race_id=202405020610: 16 頭 × 46 特徴量 (リーク除外済み)
18:44:02 INFO     [src.ml.features] [SIMULATE] 特徴量生成 race_id=202405020612: 16 頭 × 46 特徴量 (リーク除外済み)
18:44:02 INFO     [src.ml.features] [SIMULATE] 特徴量生成 race_id=202408030601: 10 頭 × 46 特徴量 (リーク除外済み)
18:44:02 INFO     [src.ml.features] [SIMULATE] 特徴量生成 race_id=202408030602: 16 頭 × 46 特徴量 (リーク除外済み)
18:44:02 INFO     [src.ml.features] [SIMULATE] 特徴量生成 race_id=202408030603: 12 頭 × 46 特徴量 (リーク除外済み)
18:44:02 INFO     [src.ml.features] [SIMULATE] 特徴量生成 race_id=202408030604: 15 頭 × 46 特徴量 (リーク除外済み)
18:44:02 INFO     [src.ml.features] [SIMULATE] 特徴量生成 race_id=202408030605: 16 頭 × 46 特徴量 (リーク除外済み)
18:44:02 INFO     [src.ml.features] [SIMULATE] 特徴量生成 race_id=202408030606: 16 頭 × 46 特徴量 (リーク除外済み)
18:44:02 INFO     [src.ml.features] [SIMULATE] 特徴量生成 race_id=202408030607: 9 頭 × 46 特徴量 (リーク除外済み)
18:44:02 INFO     [src.ml.features] [SIMULATE] 特徴量生成 race_id=202408030608: 15 頭 × 46 特徴量 (リーク除外済み)
18:44:02 INFO     [src.ml.features] [SIMULATE] 特徴量生成 race_id=202408030609: 11 頭 × 46 特徴量 (リーク除外済み)
18:44:02 INFO     [src.ml.features] [SIMULATE] 特徴量生成 race_id=202408030610: 11 頭 × 46 特徴量 (リーク除外済み)
18:44:02 INFO     [src.ml.features] [SIMULATE] 特徴量生成 race_id=202408030611: 13 頭 × 46 特徴量 (リーク除外済み)
18:44:02 INFO     [src.ml.features] [SIMULATE] 特徴量生成 race_id=202408030612: 16 頭 × 46 特徴量 (リーク除外済み)
18:44:02 INFO     [src.ml.features] [SIMULATE] 特徴量生成 race_id=202404010401: 14 頭 × 46 特徴量 (リーク除外済み)
18:44:02 INFO     [src.ml.features] [SIMULATE] 特徴量生成 race_id=202404010402: 15 頭 × 46 特徴量 (リーク除外済み)
18:44:02 INFO     [src.ml.features] [SIMULATE] 特徴量生成 race_id=202404010403: 15 頭 × 46 特徴量 (リーク除外済み)
18:44:02 INFO     [src.ml.features] [SIMULATE] 特徴量生成 race_id=202404010404: 11 頭 × 46 特徴量 (リーク除外済み)
18:44:02 INFO     [src.ml.features] [SIMULATE] 特徴量生成 race_id=202404010405: 16 頭 × 46 特徴量 (リーク除外済み)
18:44:02 INFO     [src.ml.features] [SIMULATE] 特徴量生成 race_id=202404010406: 15 頭 × 46 特徴量 (リーク除外済み)
18:44:02 INFO     [src.ml.features] [SIMULATE] 特徴量生成 race_id=202404010407: 16 頭 × 46 特徴量 (リーク除外済み)
18:44:02 INFO     [src.ml.features] [SIMULATE] 特徴量生成 race_id=202404010408: 14 頭 × 46 特徴量 (リーク除外済み)
18:44:02 INFO     [src.ml.features] [SIMULATE] 特徴量生成 race_id=202404010409: 15 頭 × 46 特徴量 (リーク除外済み)
18:44:02 INFO     [src.ml.features] [SIMULATE] 特徴量生成 race_id=202404010410: 16 頭 × 46 特徴量 (リーク除外済み)
18:44:02 INFO     [src.ml.features] [SIMULATE] 特徴量生成 race_id=202404010411: 16 頭 × 46 特徴量 (リーク除外済み)
18:44:02 INFO     [src.ml.features] [SIMULATE] 特徴量生成 race_id=202404010412: 13 頭 × 46 特徴量 (リーク除外済み)
18:44:02 INFO     [src.ml.features] [SIMULATE] 特徴量生成 race_id=202405020701: 16 頭 × 46 特徴量 (リーク除外済み)
18:44:02 INFO     [src.ml.features] [SIMULATE] 特徴量生成 race_id=202405020702: 15 頭 × 46 特徴量 (リーク除外済み)
18:44:02 INFO     [src.ml.features] [SIMULATE] 特徴量生成 race_id=202405020703: 16 頭 × 46 特徴量 (リーク除外済み)
18:44:02 INFO     [src.ml.features] [SIMULATE] 特徴量生成 race_id=202405020704: 17 頭 × 46 特徴量 (リーク除外済み)
18:44:02 INFO     [src.ml.features] [SIMULATE] 特徴量生成 race_id=202405020705: 18 頭 × 46 特徴量 (リーク除外済み)
18:44:02 INFO     [src.ml.features] [SIMULATE] 特徴量生成 race_id=202405020706: 16 頭 × 46 特徴量 (リーク除外済み)
18:44:02 INFO     [src.ml.features] [SIMULATE] 特徴量生成 race_id=202405020707: 12 頭 × 46 特徴量 (リーク除外済み)
18:44:02 INFO     [src.ml.features] [SIMULATE] 特徴量生成 race_id=202405020708: 11 頭 × 46 特徴量 (リーク除外済み)
18:44:02 INFO     [src.ml.features] [SIMULATE] 特徴量生成 race_id=202405020709: 12 頭 × 46 特徴量 (リーク除外済み)
18:44:02 INFO     [src.ml.features] [SIMULATE] 特徴量生成 race_id=202405020710: 10 頭 × 46 特徴量 (リーク除外済み)
18:44:02 INFO     [src.ml.features] [SIMULATE] 特徴量生成 race_id=202405020711: 15 頭 × 46 特徴量 (リーク除外済み)
18:44:02 INFO     [src.ml.features] [SIMULATE] 特徴量生成 race_id=202405020712: 12 頭 × 46 特徴量 (リーク除外済み)
18:44:02 INFO     [src.ml.features] [SIMULATE] 特徴量生成 race_id=202408030701: 13 頭 × 46 特徴量 (リーク除外済み)
18:44:02 INFO     [src.ml.features] [SIMULATE] 特徴量生成 race_id=202408030702: 16 頭 × 46 特徴量 (リーク除外済み)
18:44:02 INFO     [src.ml.features] [SIMULATE] 特徴量生成 race_id=202408030703: 13 頭 × 46 特徴量 (リーク除外済み)
18:44:02 INFO     [src.ml.features] [SIMULATE] 特徴量生成 race_id=202408030704: 18 頭 × 46 特徴量 (リーク除外済み)
18:44:02 INFO     [src.ml.features] [SIMULATE] 特徴量生成 race_id=202408030705: 10 頭 × 46 特徴量 (リーク除外済み)
18:44:02 INFO     [src.ml.features] [SIMULATE] 特徴量生成 race_id=202408030706: 15 頭 × 46 特徴量 (リーク除外済み)
18:44:02 INFO     [src.ml.features] [SIMULATE] 特徴量生成 race_id=202408030707: 14 頭 × 46 特徴量 (リーク除外済み)
18:44:02 INFO     [src.ml.features] [SIMULATE] 特徴量生成 race_id=202408030708: 10 頭 × 46 特徴量 (リーク除外済み)
18:44:02 INFO     [src.ml.features] [SIMULATE] 特徴量生成 race_id=202408030709: 11 頭 × 46 特徴量 (リーク除外済み)
18:44:02 INFO     [src.ml.features] [SIMULATE] 特徴量生成 race_id=202408030710: 16 頭 × 46 特徴量 (リーク除外済み)
18:44:02 INFO     [src.ml.features] [SIMULATE] 特徴量生成 race_id=202408030711: 11 頭 × 46 特徴量 (リーク除外済み)
18:44:02 INFO     [src.ml.features] [SIMULATE] 特徴量生成 race_id=202408030712: 13 頭 × 46 特徴量 (リーク除外済み)
18:44:02 INFO     [src.ml.features] [SIMULATE] 特徴量生成 race_id=202404010501: 15 頭 × 46 特徴量 (リーク除外済み)
18:44:02 INFO     [src.ml.features] [SIMULATE] 特徴量生成 race_id=202404010502: 15 頭 × 46 特徴量 (リーク除外済み)
18:44:02 INFO     [src.ml.features] [SIMULATE] 特徴量生成 race_id=202404010503: 16 頭 × 46 特徴量 (リーク除外済み)
18:44:02 INFO     [src.ml.features] [SIMULATE] 特徴量生成 race_id=202404010504: 15 頭 × 46 特徴量 (リーク除外済み)
18:44:02 INFO     [src.ml.features] [SIMULATE] 特徴量生成 race_id=202404010505: 15 頭 × 46 特徴量 (リーク除外済み)
18:44:02 INFO     [src.ml.features] [SIMULATE] 特徴量生成 race_id=202404010506: 15 頭 × 46 特徴量 (リーク除外済み)
18:44:02 INFO     [src.ml.features] [SIMULATE] 特徴量生成 race_id=202404010507: 8 頭 × 46 特徴量 (リーク除外済み)
18:44:02 INFO     [src.ml.features] [SIMULATE] 特徴量生成 race_id=202404010508: 14 頭 × 46 特徴量 (リーク除外済み)
18:44:02 INFO     [src.ml.features] [SIMULATE] 特徴量生成 race_id=202404010509: 12 頭 × 46 特徴量 (リーク除外済み)
18:44:03 INFO     [src.ml.features] [SIMULATE] 特徴量生成 race_id=202404010510: 12 頭 × 46 特徴量 (リーク除外済み)
18:44:03 INFO     [src.ml.features] [SIMULATE] 特徴量生成 race_id=202404010511: 11 頭 × 46 特徴量 (リーク除外済み)
18:44:03 INFO     [src.ml.features] [SIMULATE] 特徴量生成 race_id=202404010512: 14 頭 × 46 特徴量 (リーク除外済み)
18:44:03 INFO     [src.ml.features] [SIMULATE] 特徴量生成 race_id=202405020811: 15 頭 × 46 特徴量 (リーク除外済み)
18:44:03 INFO     [src.ml.features] [SIMULATE] 特徴量生成 race_id=202405020801: 16 頭 × 46 特徴量 (リーク除外済み)
18:44:03 INFO     [src.ml.features] [SIMULATE] 特徴量生成 race_id=202405020802: 16 頭 × 46 特徴量 (リーク除外済み)
18:44:03 INFO     [src.ml.features] [SIMULATE] 特徴量生成 race_id=202405020803: 16 頭 × 46 特徴量 (リーク除外済み)
18:44:03 INFO     [src.ml.features] [SIMULATE] 特徴量生成 race_id=202405020804: 17 頭 × 46 特徴量 (リーク除外済み)
18:44:03 INFO     [src.ml.features] [SIMULATE] 特徴量生成 race_id=202405020805: 11 頭 × 46 特徴量 (リーク除外済み)
18:44:03 INFO     [src.ml.features] [SIMULATE] 特徴量生成 race_id=202405020806: 11 頭 × 46 特徴量 (リーク除外済み)
18:44:03 INFO     [src.ml.features] [SIMULATE] 特徴量生成 race_id=202405020807: 16 頭 × 46 特徴量 (リーク除外済み)
18:44:03 INFO     [src.ml.features] [SIMULATE] 特徴量生成 race_id=202405020808: 9 頭 × 46 特徴量 (リーク除外済み)
18:44:03 INFO     [src.ml.features] [SIMULATE] 特徴量生成 race_id=202405020809: 8 頭 × 46 特徴量 (リーク除外済み)
18:44:03 INFO     [src.ml.features] [SIMULATE] 特徴量生成 race_id=202405020810: 12 頭 × 46 特徴量 (リーク除外済み)
18:44:03 INFO     [src.ml.features] [SIMULATE] 特徴量生成 race_id=202405020812: 16 頭 × 46 特徴量 (リーク除外済み)
18:44:03 INFO     [src.ml.features] [SIMULATE] 特徴量生成 race_id=202408030801: 16 頭 × 46 特徴量 (リーク除外済み)
18:44:03 INFO     [src.ml.features] [SIMULATE] 特徴量生成 race_id=202408030802: 15 頭 × 46 特徴量 (リーク除外済み)
18:44:03 INFO     [src.ml.features] [SIMULATE] 特徴量生成 race_id=202408030803: 18 頭 × 46 特徴量 (リーク除外済み)
18:44:03 INFO     [src.ml.features] [SIMULATE] 特徴量生成 race_id=202408030804: 14 頭 × 46 特徴量 (リーク除外済み)
18:44:03 INFO     [src.ml.features] [SIMULATE] 特徴量生成 race_id=202408030805: 16 頭 × 46 特徴量 (リーク除外済み)
18:44:03 INFO     [src.ml.features] [SIMULATE] 特徴量生成 race_id=202408030806: 7 頭 × 46 特徴量 (リーク除外済み)
18:44:03 INFO     [src.ml.features] [SIMULATE] 特徴量生成 race_id=202408030807: 14 頭 × 46 特徴量 (リーク除外済み)
18:44:03 INFO     [src.ml.features] [SIMULATE] 特徴量生成 race_id=202408030808: 12 頭 × 46 特徴量 (リーク除外済み)
18:44:03 INFO     [src.ml.features] [SIMULATE] 特徴量生成 race_id=202408030809: 7 頭 × 46 特徴量 (リーク除外済み)
18:44:03 INFO     [src.ml.features] [SIMULATE] 特徴量生成 race_id=202408030810: 14 頭 × 46 特徴量 (リーク除外済み)
18:44:03 INFO     [src.ml.features] [SIMULATE] 特徴量生成 race_id=202408030811: 16 頭 × 46 特徴量 (リーク除外済み)
18:44:03 INFO     [src.ml.features] [SIMULATE] 特徴量生成 race_id=202408030812: 14 頭 × 46 特徴量 (リーク除外済み)
18:44:03 INFO     [src.ml.features] [SIMULATE] 特徴量生成 race_id=202404010601: 16 頭 × 46 特徴量 (リーク除外済み)
18:44:03 INFO     [src.ml.features] [SIMULATE] 特徴量生成 race_id=202404010602: 15 頭 × 46 特徴量 (リーク除外済み)
18:44:03 INFO     [src.ml.features] [SIMULATE] 特徴量生成 race_id=202404010603: 15 頭 × 46 特徴量 (リーク除外済み)
18:44:03 INFO     [src.ml.features] [SIMULATE] 特徴量生成 race_id=202404010604: 11 頭 × 46 特徴量 (リーク除外済み)
18:44:03 INFO     [src.ml.features] [SIMULATE] 特徴量生成 race_id=202404010605: 9 頭 × 46 特徴量 (リーク除外済み)
18:44:03 INFO     [src.ml.features] [SIMULATE] 特徴量生成 race_id=202404010606: 11 頭 × 46 特徴量 (リーク除外済み)
18:44:03 INFO     [src.ml.features] [SIMULATE] 特徴量生成 race_id=202404010607: 16 頭 × 46 特徴量 (リーク除外済み)
18:44:03 INFO     [src.ml.features] [SIMULATE] 特徴量生成 race_id=202404010608: 14 頭 × 46 特徴量 (リーク除外済み)
18:44:03 INFO     [src.ml.features] [SIMULATE] 特徴量生成 race_id=202404010609: 8 頭 × 46 特徴量 (リーク除外済み)
18:44:03 INFO     [src.ml.features] [SIMULATE] 特徴量生成 race_id=202404010610: 14 頭 × 46 特徴量 (リーク除外済み)
18:44:03 INFO     [src.ml.features] [SIMULATE] 特徴量生成 race_id=202404010611: 16 頭 × 46 特徴量 (リーク除外済み)
18:44:03 INFO     [src.ml.features] [SIMULATE] 特徴量生成 race_id=202404010612: 13 頭 × 46 特徴量 (リーク除外済み)
18:44:03 INFO     [src.ml.features] [SIMULATE] 特徴量生成 race_id=202405020901: 16 頭 × 46 特徴量 (リーク除外済み)
18:44:03 INFO     [src.ml.features] [SIMULATE] 特徴量生成 race_id=202405020902: 16 頭 × 46 特徴量 (リーク除外済み)
18:44:03 INFO     [src.ml.features] [SIMULATE] 特徴量生成 race_id=202405020903: 14 頭 × 46 特徴量 (リーク除外済み)
18:44:03 INFO     [src.ml.features] [SIMULATE] 特徴量生成 race_id=202405020904: 18 頭 × 46 特徴量 (リーク除外済み)
18:44:03 INFO     [src.ml.features] [SIMULATE] 特徴量生成 race_id=202405020905: 18 頭 × 46 特徴量 (リーク除外済み)
18:44:03 INFO     [src.ml.features] [SIMULATE] 特徴量生成 race_id=202405020906: 10 頭 × 46 特徴量 (リーク除外済み)
18:44:03 INFO     [src.ml.features] [SIMULATE] 特徴量生成 race_id=202405020907: 16 頭 × 46 特徴量 (リーク除外済み)
18:44:03 INFO     [src.ml.features] [SIMULATE] 特徴量生成 race_id=202405020908: 16 頭 × 46 特徴量 (リーク除外済み)
18:44:03 INFO     [src.ml.features] [SIMULATE] 特徴量生成 race_id=202405020909: 11 頭 × 46 特徴量 (リーク除外済み)
18:44:03 INFO     [src.ml.features] [SIMULATE] 特徴量生成 race_id=202405020910: 12 頭 × 46 特徴量 (リーク除外済み)
18:44:03 INFO     [src.ml.features] [SIMULATE] 特徴量生成 race_id=202405020911: 16 頭 × 46 特徴量 (リーク除外済み)
18:44:03 INFO     [src.ml.features] [SIMULATE] 特徴量生成 race_id=202405020912: 16 頭 × 46 特徴量 (リーク除外済み)
18:44:03 INFO     [src.ml.features] [SIMULATE] 特徴量生成 race_id=202408030901: 16 頭 × 46 特徴量 (リーク除外済み)
18:44:03 INFO     [src.ml.features] [SIMULATE] 特徴量生成 race_id=202408030902: 16 頭 × 46 特徴量 (リーク除外済み)
18:44:03 INFO     [src.ml.features] [SIMULATE] 特徴量生成 race_id=202408030903: 16 頭 × 46 特徴量 (リーク除外済み)
18:44:03 INFO     [src.ml.features] [SIMULATE] 特徴量生成 race_id=202408030904: 18 頭 × 46 特徴量 (リーク除外済み)
18:44:03 INFO     [src.ml.features] [SIMULATE] 特徴量生成 race_id=202408030905: 14 頭 × 46 特徴量 (リーク除外済み)
18:44:03 INFO     [src.ml.features] [SIMULATE] 特徴量生成 race_id=202408030906: 15 頭 × 46 特徴量 (リーク除外済み)
18:44:03 INFO     [src.ml.features] [SIMULATE] 特徴量生成 race_id=202408030907: 12 頭 × 46 特徴量 (リーク除外済み)
18:44:03 INFO     [src.ml.features] [SIMULATE] 特徴量生成 race_id=202408030908: 10 頭 × 46 特徴量 (リーク除外済み)
18:44:03 INFO     [src.ml.features] [SIMULATE] 特徴量生成 race_id=202408030909: 14 頭 × 46 特徴量 (リーク除外済み)
18:44:03 INFO     [src.ml.features] [SIMULATE] 特徴量生成 race_id=202408030910: 9 頭 × 46 特徴量 (リーク除外済み)
18:44:03 INFO     [src.ml.features] [SIMULATE] 特徴量生成 race_id=202408030911: 16 頭 × 46 特徴量 (リーク除外済み)
18:44:03 INFO     [src.ml.features] [SIMULATE] 特徴量生成 race_id=202408030912: 16 頭 × 46 特徴量 (リーク除外済み)
18:44:03 INFO     [src.ml.features] [SIMULATE] 特徴量生成 race_id=202404010701: 14 頭 × 46 特徴量 (リーク除外済み)
18:44:03 INFO     [src.ml.features] [SIMULATE] 特徴量生成 race_id=202404010702: 15 頭 × 46 特徴量 (リーク除外済み)
18:44:03 INFO     [src.ml.features] [SIMULATE] 特徴量生成 race_id=202404010703: 15 頭 × 46 特徴量 (リーク除外済み)
18:44:03 INFO     [src.ml.features] [SIMULATE] 特徴量生成 race_id=202404010704: 13 頭 × 46 特徴量 (リーク除外済み)
18:44:03 INFO     [src.ml.features] [SIMULATE] 特徴量生成 race_id=202404010705: 16 頭 × 46 特徴量 (リーク除外済み)
18:44:03 INFO     [src.ml.features] [SIMULATE] 特徴量生成 race_id=202404010706: 15 頭 × 46 特徴量 (リーク除外済み)
18:44:04 INFO     [src.ml.features] [SIMULATE] 特徴量生成 race_id=202404010707: 16 頭 × 46 特徴量 (リーク除外済み)
18:44:04 INFO     [src.ml.features] [SIMULATE] 特徴量生成 race_id=202404010708: 15 頭 × 46 特徴量 (リーク除外済み)
18:44:04 INFO     [src.ml.features] [SIMULATE] 特徴量生成 race_id=202404010709: 16 頭 × 46 特徴量 (リーク除外済み)
18:44:04 INFO     [src.ml.features] [SIMULATE] 特徴量生成 race_id=202404010710: 10 頭 × 46 特徴量 (リーク除外済み)
18:44:04 INFO     [src.ml.features] [SIMULATE] 特徴量生成 race_id=202404010711: 16 頭 × 46 特徴量 (リーク除外済み)
18:44:04 INFO     [src.ml.features] [SIMULATE] 特徴量生成 race_id=202404010712: 15 頭 × 46 特徴量 (リーク除外済み)
18:44:04 INFO     [src.ml.features] [SIMULATE] 特徴量生成 race_id=202405021011: 18 頭 × 46 特徴量 (リーク除外済み)
18:44:04 INFO     [src.ml.features] [SIMULATE] 特徴量生成 race_id=202405021001: 16 頭 × 46 特徴量 (リーク除外済み)
18:44:04 INFO     [src.ml.features] [SIMULATE] 特徴量生成 race_id=202405021002: 16 頭 × 46 特徴量 (リーク除外済み)
18:44:04 INFO     [src.ml.features] [SIMULATE] 特徴量生成 race_id=202405021003: 16 頭 × 46 特徴量 (リーク除外済み)
18:44:04 INFO     [src.ml.features] [SIMULATE] 特徴量生成 race_id=202405021004: 14 頭 × 46 特徴量 (リーク除外済み)
18:44:04 INFO     [src.ml.features] [SIMULATE] 特徴量生成 race_id=202405021005: 11 頭 × 46 特徴量 (リーク除外済み)
18:44:04 INFO     [src.ml.features] [SIMULATE] 特徴量生成 race_id=202405021006: 16 頭 × 46 特徴量 (リーク除外済み)
18:44:04 INFO     [src.ml.features] [SIMULATE] 特徴量生成 race_id=202405021007: 9 頭 × 46 特徴量 (リーク除外済み)
18:44:04 INFO     [src.ml.features] [SIMULATE] 特徴量生成 race_id=202405021008: 10 頭 × 46 特徴量 (リーク除外済み)
18:44:04 INFO     [src.ml.features] [SIMULATE] 特徴量生成 race_id=202405021009: 13 頭 × 46 特徴量 (リーク除外済み)
18:44:04 INFO     [src.ml.features] [SIMULATE] 特徴量生成 race_id=202405021010: 16 頭 × 46 特徴量 (リーク除外済み)
18:44:04 INFO     [src.ml.features] [SIMULATE] 特徴量生成 race_id=202405021012: 15 頭 × 46 特徴量 (リーク除外済み)
18:44:04 INFO     [src.ml.features] [SIMULATE] 特徴量生成 race_id=202408031001: 14 頭 × 46 特徴量 (リーク除外済み)
18:44:04 INFO     [src.ml.features] [SIMULATE] 特徴量生成 race_id=202408031002: 15 頭 × 46 特徴量 (リーク除外済み)
18:44:04 INFO     [src.ml.features] [SIMULATE] 特徴量生成 race_id=202408031003: 18 頭 × 46 特徴量 (リーク除外済み)
18:44:04 INFO     [src.ml.features] [SIMULATE] 特徴量生成 race_id=202408031004: 15 頭 × 46 特徴量 (リーク除外済み)
18:44:04 INFO     [src.ml.features] [SIMULATE] 特徴量生成 race_id=202408031005: 18 頭 × 46 特徴量 (リーク除外済み)
18:44:04 INFO     [src.ml.features] [SIMULATE] 特徴量生成 race_id=202408031006: 14 頭 × 46 特徴量 (リーク除外済み)
18:44:04 INFO     [src.ml.features] [SIMULATE] 特徴量生成 race_id=202408031007: 11 頭 × 46 特徴量 (リーク除外済み)
18:44:04 INFO     [src.ml.features] [SIMULATE] 特徴量生成 race_id=202408031008: 17 頭 × 46 特徴量 (リーク除外済み)
18:44:04 INFO     [src.ml.features] [SIMULATE] 特徴量生成 race_id=202408031009: 16 頭 × 46 特徴量 (リーク除外済み)
18:44:04 INFO     [src.ml.features] [SIMULATE] 特徴量生成 race_id=202408031010: 12 頭 × 46 特徴量 (リーク除外済み)
18:44:04 INFO     [src.ml.features] [SIMULATE] 特徴量生成 race_id=202408031011: 16 頭 × 46 特徴量 (リーク除外済み)
18:44:04 INFO     [src.ml.features] [SIMULATE] 特徴量生成 race_id=202408031012: 16 頭 × 46 特徴量 (リーク除外済み)
18:44:04 INFO     [src.ml.features] [SIMULATE] 特徴量生成 race_id=202404010801: 15 頭 × 46 特徴量 (リーク除外済み)
18:44:04 INFO     [src.ml.features] [SIMULATE] 特徴量生成 race_id=202404010802: 16 頭 × 46 特徴量 (リーク除外済み)
18:44:04 INFO     [src.ml.features] [SIMULATE] 特徴量生成 race_id=202404010803: 15 頭 × 46 特徴量 (リーク除外済み)
18:44:04 INFO     [src.ml.features] [SIMULATE] 特徴量生成 race_id=202404010804: 14 頭 × 46 特徴量 (リーク除外済み)
18:44:04 INFO     [src.ml.features] [SIMULATE] 特徴量生成 race_id=202405021211: 18 頭 × 46 特徴量 (リーク除外済み)
18:44:04 INFO     [src.ml.features] [SIMULATE] 特徴量生成 race_id=202405030211: 18 頭 × 46 特徴量 (リーク除外済み)
18:44:04 INFO     [src.ml.features] [SIMULATE] 特徴量生成 race_id=202444060511: 16 頭 × 46 特徴量 (リーク除外済み)
18:44:04 INFO     [src.ml.features] [SIMULATE] 特徴量生成 race_id=202442061911: 12 頭 × 46 特徴量 (リーク除外済み)
18:44:04 INFO     [src.ml.features] [SIMULATE] 特徴量生成 race_id=202408040811: 13 頭 × 46 特徴量 (リーク除外済み)
18:44:04 INFO     [src.ml.features] [SIMULATE] 特徴量生成 race_id=202444062611: 13 頭 × 46 特徴量 (リーク除外済み)
18:44:04 INFO     [src.ml.features] [SIMULATE] 特徴量生成 race_id=202406040911: 16 頭 × 46 特徴量 (リーク除外済み)
18:44:04 INFO     [src.ml.features] [SIMULATE] 特徴量生成 race_id=202444100211: 15 頭 × 46 特徴量 (リーク除外済み)
18:44:04 INFO     [src.ml.features] [SIMULATE] 特徴量生成 race_id=202408050411: 15 頭 × 46 特徴量 (リーク除外済み)
18:44:04 INFO     [src.ml.features] [SIMULATE] 特徴量生成 race_id=202435101412: 15 頭 × 46 特徴量 (リーク除外済み)
18:44:04 INFO     [src.ml.features] [SIMULATE] 特徴量生成 race_id=202408050611: 18 頭 × 46 特徴量 (リーク除外済み)
18:44:04 INFO     [src.ml.features] [SIMULATE] 特徴量生成 race_id=202405040811: 15 頭 × 46 特徴量 (リーク除外済み)
18:44:04 INFO     [src.ml.features] [SIMULATE] 特徴量生成 race_id=202455110409: 11 頭 × 46 特徴量 (リーク除外済み)
18:44:04 INFO     [src.ml.features] [SIMULATE] 特徴量生成 race_id=202455110410: 12 頭 × 46 特徴量 (リーク除外済み)
18:44:04 INFO     [src.ml.features] [SIMULATE] 特徴量生成 race_id=202455110411: 11 頭 × 46 特徴量 (リーク除外済み)
18:44:04 INFO     [src.ml.features] [SIMULATE] 特徴量生成 race_id=202408060411: 17 頭 × 46 特徴量 (リーク除外済み)
18:44:04 INFO     [src.ml.features] [SIMULATE] 特徴量生成 race_id=202408060611: 17 頭 × 46 特徴量 (リーク除外済み)
18:44:04 INFO     [src.ml.features] [SIMULATE] 特徴量生成 race_id=202405050812: 14 頭 × 46 特徴量 (リーク除外済み)
18:44:04 INFO     [src.ml.features] [SIMULATE] 特徴量生成 race_id=202407040211: 16 頭 × 46 特徴量 (リーク除外済み)
18:44:04 INFO     [src.ml.features] [SIMULATE] 特徴量生成 race_id=202408070411: 18 頭 × 46 特徴量 (リーク除外済み)
18:44:04 INFO     [src.ml.features] [SIMULATE] 特徴量生成 race_id=202445121111: 11 頭 × 46 特徴量 (リーク除外済み)
18:44:04 INFO     [src.ml.features] [SIMULATE] 特徴量生成 race_id=202408070611: 16 頭 × 46 特徴量 (リーク除外済み)
18:44:04 INFO     [src.ml.features] [SIMULATE] 特徴量生成 race_id=202406050710: 9 頭 × 46 特徴量 (リーク除外済み)
18:44:04 INFO     [src.ml.features] [SIMULATE] 特徴量生成 race_id=202406050811: 16 頭 × 46 特徴量 (リーク除外済み)
18:44:04 INFO     [src.ml.features] [SIMULATE] 特徴量生成 race_id=202406050911: 18 頭 × 46 特徴量 (リーク除外済み)
18:44:04 INFO     [src.ml.features] [SIMULATE] 特徴量生成 race_id=202444122909: 10 頭 × 46 特徴量 (リーク除外済み)
18:44:04 INFO     [src.ml.features] [SIMULATE] 特徴量生成 race_id=202505010811: 16 頭 × 46 特徴量 (リーク除外済み)
18:44:04 INFO     [src.ml.features] [SIMULATE] 特徴量生成 race_id=202507020611: 18 頭 × 46 特徴量 (リーク除外済み)
18:44:04 INFO     [src.ml.features] [SIMULATE] 特徴量生成 race_id=202509020411: 15 頭 × 46 特徴量 (リーク除外済み)
18:44:04 INFO     [src.ml.features] [SIMULATE] 特徴量生成 race_id=202545040911: 13 頭 × 46 特徴量 (リーク除外済み)
18:44:04 INFO     [src.ml.features] [SIMULATE] 特徴量生成 race_id=202509020611: 18 頭 × 46 特徴量 (リーク除外済み)
18:44:04 INFO     [src.ml.features] [SIMULATE] 特徴量生成 race_id=202506030711: 12 頭 × 46 特徴量 (リーク除外済み)
18:44:04 INFO     [src.ml.features] [SIMULATE] 特徴量生成 race_id=202506030811: 18 頭 × 46 特徴量 (リーク除外済み)
18:44:04 INFO     [src.ml.features] [SIMULATE] 特徴量生成 race_id=202544042911: 15 頭 × 46 特徴量 (リーク除外済み)
18:44:04 INFO     [src.ml.features] [SIMULATE] 特徴量生成 race_id=202508020411: 15 頭 × 46 特徴量 (リーク除外済み)
18:44:04 INFO     [src.ml.features] [SIMULATE] 特徴量生成 race_id=202543050511: 10 頭 × 46 特徴量 (リーク除外済み)
18:44:04 INFO     [src.ml.features] [SIMULATE] 特徴量生成 race_id=202505020611: 18 頭 × 46 特徴量 (リーク除外済み)
18:44:04 INFO     [src.ml.features] [SIMULATE] 特徴量生成 race_id=202505020811: 18 頭 × 46 特徴量 (リーク除外済み)
18:44:04 INFO     [src.ml.features] [SIMULATE] 特徴量生成 race_id=202505021011: 18 頭 × 46 特徴量 (リーク除外済み)
18:44:04 INFO     [src.ml.features] [SIMULATE] 特徴量生成 race_id=202505021211: 18 頭 × 46 特徴量 (リーク除外済み)
18:44:04 INFO     [src.ml.features] [SIMULATE] 特徴量生成 race_id=202505030211: 18 頭 × 46 特徴量 (リーク除外済み)
18:44:04 INFO     [src.ml.features] [SIMULATE] 特徴量生成 race_id=202544061111: 16 頭 × 46 特徴量 (リーク除外済み)
18:44:04 INFO     [src.ml.features] [SIMULATE] 特徴量生成 race_id=202509030411: 17 頭 × 46 特徴量 (リーク除外済み)
18:44:04 INFO     [src.ml.features] [SIMULATE] 特徴量生成 race_id=202542062511: 12 頭 × 46 特徴量 (リーク除外済み)
18:44:04 INFO     [src.ml.features] [SIMULATE] 特徴量生成 race_id=202544070211: 14 頭 × 46 特徴量 (リーク除外済み)
18:44:04 INFO     [src.ml.features] [SIMULATE] 特徴量生成 race_id=202506040911: 16 頭 × 46 特徴量 (リーク除外済み)
18:44:04 INFO     [src.ml.features] [SIMULATE] 特徴量生成 race_id=202544100811: 16 頭 × 46 特徴量 (リーク除外済み)
18:44:04 INFO     [src.ml.features] [SIMULATE] 特徴量生成 race_id=202535101312: 16 頭 × 46 特徴量 (リーク除外済み)
18:44:04 INFO     [src.ml.features] [SIMULATE] 特徴量生成 race_id=202508030711: 18 頭 × 46 特徴量 (リーク除外済み)
18:44:05 INFO     [src.ml.features] [SIMULATE] 特徴量生成 race_id=202508030911: 18 頭 × 46 特徴量 (リーク除外済み)
18:44:05 INFO     [src.ml.features] [SIMULATE] 特徴量生成 race_id=202505041111: 14 頭 × 46 特徴量 (リーク除外済み)
18:44:05 INFO     [src.ml.features] [SIMULATE] 特徴量生成 race_id=202543110309: 14 頭 × 46 特徴量 (リーク除外済み)
18:44:05 INFO     [src.ml.features] [SIMULATE] 特徴量生成 race_id=202543110310: 14 頭 × 46 特徴量 (リーク除外済み)
18:44:05 INFO     [src.ml.features] [SIMULATE] 特徴量生成 race_id=202543110311: 14 頭 × 46 特徴量 (リーク除外済み)
18:44:05 INFO     [src.ml.features] [SIMULATE] 特徴量生成 race_id=202508040411: 16 頭 × 46 特徴量 (リーク除外済み)
18:44:05 INFO     [src.ml.features] [SIMULATE] 特徴量生成 race_id=202508040611: 18 頭 × 46 特徴量 (リーク除外済み)
18:44:05 INFO     [src.ml.features] [SIMULATE] 特徴量生成 race_id=202505050812: 18 頭 × 46 特徴量 (リーク除外済み)
18:44:05 INFO     [src.ml.features] [SIMULATE] 特徴量生成 race_id=202507050211: 16 頭 × 46 特徴量 (リーク除外済み)
18:44:05 INFO     [src.ml.features] [SIMULATE] 特徴量生成 race_id=202509050411: 18 頭 × 46 特徴量 (リーク除外済み)
18:44:05 INFO     [src.ml.features] [SIMULATE] 特徴量生成 race_id=202545121711: 9 頭 × 46 特徴量 (リーク除外済み)
18:44:05 INFO     [src.ml.features] [SIMULATE] 特徴量生成 race_id=202509050611: 14 頭 × 46 特徴量 (リーク除外済み)
18:44:05 INFO     [src.ml.features] [SIMULATE] 特徴量生成 race_id=202506050710: 10 頭 × 46 特徴量 (リーク除外済み)
18:44:05 INFO     [src.ml.features] [SIMULATE] 特徴量生成 race_id=202506050711: 16 頭 × 46 特徴量 (リーク除外済み)
18:44:05 INFO     [src.ml.features] [SIMULATE] 特徴量生成 race_id=202506050811: 16 頭 × 46 特徴量 (リーク除外済み)
18:44:05 INFO     [src.ml.features] [SIMULATE] 特徴量生成 race_id=202544122909: 16 頭 × 46 特徴量 (リーク除外済み)
18:44:05 INFO     [src.ml.features] [SIMULATE] 特徴量生成 race_id=202605010811: 16 頭 × 46 特徴量 (リーク除外済み)
18:44:05 INFO     [src.ml.features] [SIMULATE] 特徴量生成 race_id=202607010611: 18 頭 × 46 特徴量 (リーク除外済み)
18:44:05 INFO     [src.ml.features] [SIMULATE] 特徴量生成 race_id=025002031947: 16 頭 × 46 特徴量 (リーク除外済み)
18:44:05 INFO     [src.ml.features] [SIMULATE] 特徴量生成 race_id=023102021950: 21 頭 × 46 特徴量 (リーク除外済み)
18:44:05 INFO     [src.ml.features] [SIMULATE] 特徴量生成 race_id=025172021650: 22 頭 × 46 特徴量 (リーク除外済み)
18:44:05 INFO     [src.ml.features] [SIMULATE] 特徴量生成 race_id=024092031847: 7 頭 × 46 特徴量 (リーク除外済み)
18:44:05 INFO     [src.ml.features] [SIMULATE] 特徴量生成 race_id=025072031646: 11 頭 × 46 特徴量 (リーク除外済み)
18:44:05 INFO     [src.ml.features] [SIMULATE] 特徴量生成 race_id=024162022550: 19 頭 × 46 特徴量 (リーク除外済み)
18:44:05 INFO     [src.ml.features] [SIMULATE] 特徴量生成 race_id=025012032047: 10 頭 × 46 特徴量 (リーク除外済み)
18:44:05 INFO     [src.ml.features] [SIMULATE] 特徴量生成 race_id=025042010248: 23 頭 × 46 特徴量 (リーク除外済み)
18:44:05 INFO     [src.ml.features] [SIMULATE] 特徴量生成 race_id=025072021655: 19 頭 × 46 特徴量 (リーク除外済み)
18:44:05 INFO     [src.ml.features] [SIMULATE] 特徴量生成 race_id=023112022050: 12 頭 × 46 特徴量 (リーク除外済み)
18:44:05 INFO     [src.ml.features] [SIMULATE] 特徴量生成 race_id=024092021855: 12 頭 × 46 特徴量 (リーク除外済み)
18:44:05 INFO     [src.ml.features] [SIMULATE] 特徴量生成 race_id=025082031746: 11 頭 × 46 特徴量 (リーク除外済み)
18:44:05 INFO     [src.ml.features] [SIMULATE] 特徴量生成 race_id=026092031847: 8 頭 × 46 特徴量 (リーク除外済み)
18:44:05 INFO     [src.ml.features] [SIMULATE] 特徴量生成 race_id=025182021750: 36 頭 × 46 特徴量 (リーク除外済み)
18:44:05 INFO     [src.ml.features] [SIMULATE] 特徴量生成 race_id=026052011448: 21 頭 × 46 特徴量 (リーク除外済み)
18:44:05 INFO     [src.ml.features] [SIMULATE] 特徴量生成 race_id=025032010248: 8 頭 × 46 特徴量 (リーク除外済み)
18:44:05 INFO     [src.ml.features] [SIMULATE] 特徴量生成 race_id=024172022650: 12 頭 × 46 特徴量 (リーク除外済み)
18:44:05 INFO     [src.ml.features] [SIMULATE] 特徴量生成 race_id=025042010348: 23 頭 × 46 特徴量 (リーク除外済み)
18:44:05 INFO     [src.ml.features] [SIMULATE] 特徴量生成 race_id=024112022950: 31 頭 × 46 特徴量 (リーク除外済み)
18:44:05 INFO     [src.ml.features] [SIMULATE] 特徴量生成 race_id=024062022255: 9 頭 × 46 特徴量 (リーク除外済み)
18:44:05 INFO     [src.ml.features] [SIMULATE] 特徴量生成 race_id=026062011548: 18 頭 × 46 特徴量 (リーク除外済み)
18:44:05 INFO     [src.ml.features] [SIMULATE] 特徴量生成 race_id=025022032147: 37 頭 × 46 特徴量 (リーク除外済み)
18:44:05 INFO     [src.ml.features] [SIMULATE] 特徴量生成 race_id=024112023050: 34 頭 × 46 特徴量 (リーク除外済み)
18:44:05 INFO     [src.ml.features] [SIMULATE] 特徴量生成 race_id=025142022350: 10 頭 × 46 特徴量 (リーク除外済み)
18:44:05 INFO     [src.ml.features] [SIMULATE] 特徴量生成 race_id=025052010448: 19 頭 × 46 特徴量 (リーク除外済み)
18:44:05 INFO     [src.ml.features] [SIMULATE] 特徴量生成 race_id=025032022255: 11 頭 × 46 特徴量 (リーク除外済み)
18:44:05 INFO     [src.ml.features] [SIMULATE] 特徴量生成 race_id=025052032447: 32 頭 × 46 特徴量 (リーク除外済み)
18:44:05 INFO     [src.ml.features] [SIMULATE] 特徴量生成 race_id=025072010648: 22 頭 × 46 特徴量 (リーク除外済み)
18:44:05 INFO     [src.ml.features] [SIMULATE] 特徴量生成 race_id=025152022450: 10 頭 × 46 特徴量 (リーク除外済み)
18:44:05 INFO     [src.ml.features] [SIMULATE] 特徴量生成 race_id=025042022355: 12 頭 × 46 特徴量 (リーク除外済み)
18:44:05 INFO     [src.ml.features] [SIMULATE] 特徴量生成 race_id=024142023150: 46 頭 × 46 特徴量 (リーク除外済み)
18:44:05 INFO     [src.ml.features] [SIMULATE] 特徴量生成 race_id=023142023150: 12 頭 × 46 特徴量 (リーク除外済み)
18:44:05 INFO     [src.ml.features] [SIMULATE] 特徴量生成 race_id=025162022550: 11 頭 × 46 特徴量 (リーク除外済み)
18:44:05 INFO     [src.ml.features] [SIMULATE] 特徴量生成 race_id=025042010250: 60 頭 × 46 特徴量 (リーク除外済み)
18:44:05 INFO     [src.ml.features] [SIMULATE] 特徴量生成 race_id=025052032446: 8 頭 × 46 特徴量 (リーク除外済み)
18:44:05 INFO     [src.ml.features] [SIMULATE] 特徴量生成 race_id=025022030155: 22 頭 × 46 特徴量 (リーク除外済み)
18:44:05 INFO     [src.ml.features] [SIMULATE] 特徴量生成 race_id=023072011648: 10 頭 × 46 特徴量 (リーク除外済み)
18:44:05 INFO     [src.ml.features] [SIMULATE] 特徴量生成 race_id=026052032446: 10 頭 × 46 特徴量 (リーク除外済み)
18:44:05 INFO     [src.ml.features] [SIMULATE] 特徴量生成 race_id=024042010250: 11 頭 × 46 特徴量 (リーク除外済み)
18:44:05 INFO     [src.ml.features] [SIMULATE] 特徴量生成 race_id=025052011448: 8 頭 × 46 特徴量 (リーク除外済み)
18:44:05 INFO     [src.ml.features] [SIMULATE] 特徴量生成 race_id=025102022950: 23 頭 × 46 特徴量 (リーク除外済み)
18:44:05 INFO     [src.ml.features] [SIMULATE] 特徴量生成 race_id=025062011548: 11 頭 × 46 特徴量 (リーク除外済み)
18:44:05 INFO     [src.ml.features] [SIMULATE] 特徴量生成 race_id=024002031946: 10 頭 × 46 特徴量 (リーク除外済み)
18:44:05 INFO     [src.ml.features] [SIMULATE] 特徴量生成 race_id=024042030355: 22 頭 × 46 特徴量 (リーク除外済み)
18:44:05 INFO     [src.ml.features] [SIMULATE] 特徴量生成 race_id=026082012748: 24 頭 × 46 特徴量 (リーク除外済み)
18:44:05 INFO     [src.ml.features] [SIMULATE] 特徴量生成 race_id=025072030655: 24 頭 × 46 特徴量 (リーク除外済み)
18:44:05 INFO     [src.ml.features] [SIMULATE] 特徴量生成 race_id=026092012848: 24 頭 × 46 特徴量 (リーク除外済み)
18:44:05 INFO     [src.ml.features] [SIMULATE] 特徴量生成 race_id=024052010450: 12 頭 × 46 特徴量 (リーク除外済み)
18:44:05 INFO     [src.ml.features] [SIMULATE] 特徴量生成 race_id=025112023150: 34 頭 × 46 特徴量 (リーク除外済み)
18:44:05 INFO     [src.ml.features] [SIMULATE] 特徴量生成 race_id=025072011648: 12 頭 × 46 特徴量 (リーク除外済み)
18:44:05 INFO     [src.ml.features] [SIMULATE] 特徴量生成 race_id=024072032646: 6 頭 × 46 特徴量 (リーク除外済み)
18:44:05 INFO     [src.ml.features] [SIMULATE] 特徴量生成 race_id=026002012948: 24 頭 × 46 特徴量 (リーク除外済み)
18:44:05 INFO     [src.ml.features] [SIMULATE] 特徴量生成 race_id=025092030855: 9 頭 × 46 特徴量 (リーク除外済み)
18:44:05 INFO     [src.ml.features] [SIMULATE] 特徴量生成 race_id=025012012048: 28 頭 × 46 特徴量 (リーク除外済み)
18:44:05 INFO     [src.ml.features] [SIMULATE] 特徴量生成 race_id=026012013048: 12 頭 × 46 特徴量 (リーク除外済み)
18:44:05 INFO     [src.ml.features] [SIMULATE] 特徴量生成 race_id=025062031555: 10 頭 × 46 特徴量 (リーク除外済み)
18:44:06 INFO     [src.ml.features] [SIMULATE] 特徴量生成 race_id=024072031655: 22 頭 × 46 特徴量 (リーク除外済み)
18:44:06 INFO     [src.ml.features] [SIMULATE] 特徴量生成 race_id=025082012748: 40 頭 × 46 特徴量 (リーク除外済み)
18:44:06 INFO     [src.ml.features] [SIMULATE] 特徴量生成 race_id=023012013048: 10 頭 × 46 特徴量 (リーク除外済み)
18:44:06 INFO     [src.ml.features] [SIMULATE] 特徴量生成 race_id=024012031950: 12 頭 × 46 特徴量 (リーク除外済み)
18:44:06 INFO     [src.ml.features] [SIMULATE] 特徴量生成 race_id=026082010750: 21 頭 × 46 特徴量 (リーク除外済み)
18:44:06 INFO     [src.ml.features] [SIMULATE] 特徴量生成 race_id=026092010850: 10 頭 × 46 特徴量 (リーク除外済み)
18:44:06 INFO     [src.ml.features] [SIMULATE] 特徴量生成 race_id=025092012848: 22 頭 × 46 特徴量 (リーク除外済み)
18:44:06 INFO     [src.ml.features] [SIMULATE] 特徴量生成 race_id=025002010950: 25 頭 × 46 特徴量 (リーク除外済み)
18:44:06 INFO     [src.ml.features] [SIMULATE] 特徴量生成 race_id=025032032255: 10 頭 × 46 特徴量 (リーク除外済み)
18:44:06 INFO     [src.ml.features] [SIMULATE] 特徴量生成 race_id=026012021048: 12 頭 × 46 特徴量 (リーク除外済み)
18:44:06 INFO     [src.ml.features] [SIMULATE] 特徴量生成 race_id=025042032355: 11 頭 × 46 特徴量 (リーク除外済み)
18:44:06 INFO     [src.ml.features] [SIMULATE] 特徴量生成 race_id=024022032150: 12 頭 × 46 特徴量 (リーク除外済み)
18:44:06 INFO     [src.ml.features] [SIMULATE] 特徴量生成 race_id=025052011450: 31 頭 × 46 特徴量 (リーク除外済み)
18:44:06 INFO     [src.ml.features] [SIMULATE] 特徴量生成 race_id=026032021248: 23 頭 × 46 特徴量 (リーク除外済み)
18:44:06 INFO     [src.ml.features] [SIMULATE] 特徴量生成 race_id=024052032250: 12 頭 × 46 特徴量 (リーク除外済み)
18:44:06 INFO     [src.ml.features] [SIMULATE] 特徴量生成 race_id=025012013048: 10 頭 × 46 特徴量 (リーク除外済み)
18:44:06 INFO     [src.ml.features] [SIMULATE] 特徴量生成 race_id=025062011550: 48 頭 × 46 特徴量 (リーク除外済み)
18:44:06 INFO     [src.ml.features] [SIMULATE] 特徴量生成 race_id=026052011450: 11 頭 × 46 特徴量 (リーク除外済み)
18:44:06 INFO     [src.ml.features] [SIMULATE] 特徴量生成 race_id=022042012148: 10 頭 × 46 特徴量 (リーク除外済み)
18:44:06 INFO     [src.ml.features] [SIMULATE] 特徴量生成 race_id=025012033055: 20 頭 × 46 特徴量 (リーク除外済み)
18:44:06 INFO     [src.ml.features] [SIMULATE] 特徴量生成 race_id=026062011550: 12 頭 × 46 特徴量 (リーク除外済み)
18:44:06 INFO     [src.ml.features] [SIMULATE] 特徴量生成 race_id=025022013148: 20 頭 × 46 特徴量 (リーク除外済み)
18:44:06 INFO     [src.ml.features] [SIMULATE] 特徴量生成 race_id=026042021348: 22 頭 × 46 特徴量 (リーク除外済み)
18:44:06 INFO     [src.ml.features] [SIMULATE] 特徴量生成 race_id=026042022348: 23 頭 × 46 特徴量 (リーク除外済み)
18:44:06 INFO     [src.ml.features] [SIMULATE] 特徴量生成 race_id=025012021048: 12 頭 × 46 特徴量 (リーク除外済み)
18:44:06 INFO     [src.ml.features] [SIMULATE] 特徴量生成 race_id=025022031150: 20 頭 × 46 特徴量 (リーク除外済み)
18:44:06 INFO     [src.ml.features] [SIMULATE] 特徴量生成 race_id=024082032750: 12 頭 × 46 特徴量 (リーク除外済み)
18:44:06 INFO     [src.ml.features] [SIMULATE] 特徴量生成 race_id=025022021148: 11 頭 × 46 特徴量 (リーク除外済み)
18:44:06 INFO     [src.ml.features] [SIMULATE] 特徴量生成 race_id=025032031250: 31 頭 × 46 特徴量 (リーク除外済み)
18:44:06 INFO     [src.ml.features] [SIMULATE] 特徴量生成 race_id=026072022648: 11 頭 × 46 特徴量 (リーク除外済み)
18:44:06 INFO     [src.ml.features] [SIMULATE] 特徴量生成 race_id=025042031350: 11 頭 × 46 特徴量 (リーク除外済み)
18:44:06 INFO     [src.ml.features] [SIMULATE] 特徴量生成 race_id=026002031950: 11 頭 × 46 特徴量 (リーク除外済み)
18:44:06 INFO     [src.ml.features] [SIMULATE] 特徴量生成 race_id=025032021248: 11 頭 × 46 特徴量 (リーク除外済み)
18:44:06 INFO     [src.ml.features] [SIMULATE] 特徴量生成 race_id=024092032850: 12 頭 × 46 特徴量 (リーク除外済み)
18:44:06 INFO     [src.ml.features] [SIMULATE] 特徴量生成 race_id=022042020348: 10 頭 × 46 特徴量 (リーク除外済み)
18:44:06 INFO     [src.ml.features] [SIMULATE] 特徴量生成 race_id=025042021348: 11 頭 × 46 特徴量 (リーク除外済み)
18:44:06 INFO     [src.ml.features] [SIMULATE] 特徴量生成 race_id=025092031850: 34 頭 × 46 特徴量 (リーク除外済み)
18:44:06 INFO     [src.ml.features] [SIMULATE] 特徴量生成 race_id=025002031950: 20 頭 × 46 特徴量 (リーク除外済み)
18:44:06 INFO     [src.ml.features] [SIMULATE] 特徴量生成 race_id=025052021448: 42 頭 × 46 特徴量 (リーク除外済み)
18:44:06 INFO     [src.ml.features] [SIMULATE] 特徴量生成 race_id=023082021748: 9 頭 × 46 特徴量 (リーク除外済み)
18:44:06 INFO     [src.ml.features] [SIMULATE] 特徴量生成 race_id=025012032050: 34 頭 × 46 特徴量 (リーク除外済み)
18:44:06 INFO     [src.ml.features] [SIMULATE] 特徴量生成 race_id=025052022448: 10 頭 × 46 特徴量 (リーク除外済み)
18:44:06 INFO     [src.ml.features] [SIMULATE] 特徴量生成 race_id=025062032550: 12 頭 × 46 特徴量 (リーク除外済み)
18:44:06 INFO     [src.ml.features] [SIMULATE] 特徴量生成 race_id=025062022548: 11 頭 × 46 特徴量 (リーク除外済み)
18:44:06 INFO     [src.ml.features] [SIMULATE] 特徴量生成 race_id=026062032550: 9 頭 × 46 特徴量 (リーク除外済み)
18:44:06 INFO     [src.ml.features] [SIMULATE] 特徴量生成 race_id=025072032650: 46 頭 × 46 特徴量 (リーク除外済み)
18:44:06 INFO     [src.ml.features] [SIMULATE] 特徴量生成 race_id=025082032750: 30 頭 × 46 特徴量 (リーク除外済み)
18:44:06 INFO     [src.ml.features] [SIMULATE] 特徴量生成 race_id=026022031148: 11 頭 × 46 特徴量 (リーク除外済み)
18:44:06 INFO     [src.ml.features] [SIMULATE] 特徴量生成 race_id=025072022648: 11 頭 × 46 特徴量 (リーク除外済み)
18:44:06 INFO     [src.ml.features] [SIMULATE] 特徴量生成 race_id=022082021748: 11 頭 × 46 特徴量 (リーク除外済み)
18:44:06 INFO     [src.ml.features] [SIMULATE] 特徴量生成 race_id=025082022748: 11 頭 × 46 特徴量 (リーク除外済み)
18:44:06 INFO     [src.ml.features] [SIMULATE] 特徴量生成 race_id=025022022848: 11 頭 × 46 特徴量 (リーク除外済み)
18:44:06 INFO     [src.ml.features] [SIMULATE] 特徴量生成 race_id=025012022848: 35 頭 × 46 特徴量 (リーク除外済み)
18:44:06 INFO     [src.ml.features] [SIMULATE] 特徴量生成 race_id=025032031248: 23 頭 × 46 特徴量 (リーク除外済み)
18:44:06 INFO     [src.ml.features] [SIMULATE] 特徴量生成 race_id=020052030450: 4 頭 × 46 特徴量 (リーク除外済み)
18:44:06 INFO     [src.ml.features] [SIMULATE] 特徴量生成 race_id=025062031448: 24 頭 × 46 特徴量 (リーク除外済み)
18:44:06 INFO     [src.ml.features] [SIMULATE] 特徴量生成 race_id=025082031748: 23 頭 × 46 特徴量 (リーク除外済み)
18:44:06 INFO     [src.ml.features] [SIMULATE] 特徴量生成 race_id=025072032648: 9 頭 × 46 特徴量 (リーク除外済み)
18:44:06 INFO     [src.ml.features] [SIMULATE] 特徴量生成 race_id=025092032848: 10 頭 × 46 特徴量 (リーク除外済み)
18:44:06 INFO     [src.ml.features] [SIMULATE] 特徴量生成 race_id=023012033148: 10 頭 × 46 特徴量 (リーク除外済み)
18:44:06 INFO     [src.ml.features] [SIMULATE] 特徴量生成 race_id=025012033148: 19 頭 × 46 特徴量 (リーク除外済み)
18:44:06 INFO     [src.ml.features] [SIMULATE] 特徴量生成 race_id=020052032450: 9 頭 × 46 特徴量 (リーク除外済み)
C:\dev\horse-racing-ai\src\ml\models.py:179: FutureWarning: The behavior of DataFrame concatenation with empty or all-NA entries is deprecated. In a future version, this will no longer exclude empty or all-NA columns when determining the result dtypes. To retain the old behavior, exclude the relevant entries before the concat operation.
  df = pd.concat(frames, ignore_index=True)
C:\dev\horse-racing-ai\src\ml\models.py:432: FutureWarning: Downcasting object dtype arrays on .fillna, .ffill, .bfill is deprecated and will change in a future version. Call result.infer_objects(copy=False) instead. To opt-in to the future behavior, set `pd.set_option('future.no_silent_downcasting', True)`
  X = df[FEATURE_COLS].fillna(-1).infer_objects(copy=False)
18:47:17 INFO     [src.ml.models] 卍モデル訓練完了: 3759 レース / 94615 サンプル

  学習結果
  +---------+--------+
  | 学習期間    |    全期間 |
  | 学習レース数  |  3,759 |
  +---------+--------+
  | 学習サンプル数 | 94,615 |
  +---------+--------+
18:47:17 INFO     [src.ml.models] モデル保存: C:\dev\horse-racing-ai\data\models\manji_model.pkl

  [OK] 保存完了: C:\dev\horse-racing-ai\data\models\manji_model.pkl  (248.7s)

==============================================================
|           Training Complete  (elapsed: 13m 23s)            |
==============================================================

  Next steps:
    Backtest  :  py src/simulate_year.py --year 2024
    Predict   :  py src/main_pipeline.py

============================================================
�Ď��J�n: PID=1456  �J�n����=18:32:49
DB: C:\dev\horse-racing-ai\data\umalogi.db
�`�F�b�N�Ԋu: 60 �b
============================================================
  ��������: training_times = 155,693 ��

[18:33:49] �o�� 00:01:00  training_times = 155,693 ��  (�O��� +0 ��)

  �� PID 1456 �̏I�������m���܂����B

============================================================
�f�[�^�擾�����B�w�K���J�n���܂�
�R�}���h: C:\Users\sayaka\AppData\Local\Python\pythoncore-3.14-64\python.exe C:\dev\horse-racing-ai\scripts\run_train.py
============================================================


�w�K������Ɋ������܂����B
