18:27:20 INFO: マイグレーション: v_race_mart ビューを再作成しました
18:27:20 INFO: DB 初期化完了: C:\dev\horse-racing-ai\data\umalogi.db
18:27:21 INFO: Research DB 初期化: C:\dev\horse-racing-ai\data\netkeiba_research.db
オッズスクレイプ: 期間=2022-01-01〜2023-12-31
  対象: 6912件 (全6912件, 取得済み6624件)
18:27:21 INFO: レース結果取得開始: race_id=202206010101
18:27:23 INFO: 取得完了: race_id=202206010101, 出走頭数=16
[    1/6912] 202206010101: 16頭  errors=0  残り≈325分
18:27:23 INFO: レース結果取得開始: race_id=202206010102
18:27:25 INFO: 取得完了: race_id=202206010102, 出走頭数=16
[    2/6912] 202206010102: 16頭  errors=0  残り≈276分
18:27:25 INFO: レース結果取得開始: race_id=202206010103
18:27:27 INFO: 取得完了: race_id=202206010103, 出走頭数=15
[    3/6912] 202206010103: 15頭  errors=0  残り≈255分
18:27:27 INFO: レース結果取得開始: race_id=202206010104
18:27:29 INFO: 取得完了: race_id=202206010104, 出走頭数=11
18:27:29 INFO: レース結果取得開始: race_id=202206010105
18:27:30 INFO: 取得完了: race_id=202206010105, 出走頭数=9
18:27:31 INFO: レース結果取得開始: race_id=202206010106
18:27:32 INFO: 取得完了: race_id=202206010106, 出走頭数=16
18:27:32 INFO: レース結果取得開始: race_id=202206010107
18:27:34 INFO: 取得完了: race_id=202206010107, 出走頭数=16
18:27:34 INFO: レース結果取得開始: race_id=202206010108
18:27:35 INFO: 取得完了: race_id=202206010108, 出走頭数=16
18:27:35 INFO: レース結果取得開始: race_id=202206010109
18:27:37 INFO: 取得完了: race_id=202206010109, 出走頭数=10
18:27:37 INFO: レース結果取得開始: race_id=202206010110
18:27:39 INFO: 取得完了: race_id=202206010110, 出走頭数=9
18:27:39 INFO: レース結果取得開始: race_id=202206010111
18:27:40 INFO: 取得完了: race_id=202206010111, 出走頭数=17
18:27:40 INFO: レース結果取得開始: race_id=202206010112
18:27:42 INFO: 取得完了: race_id=202206010112, 出走頭数=10
18:27:42 INFO: レース結果取得開始: race_id=202207010101
18:27:45 INFO: 取得完了: race_id=202207010101, 出走頭数=14
18:27:45 INFO: レース結果取得開始: race_id=202207010102
18:27:46 INFO: 取得完了: race_id=202207010102, 出走頭数=15
18:27:46 INFO: レース結果取得開始: race_id=202207010103
18:27:48 INFO: 取得完了: race_id=202207010103, 出走頭数=14
18:27:48 INFO: レース結果取得開始: race_id=202207010104
18:27:49 INFO: 取得完了: race_id=202207010104, 出走頭数=8
18:27:49 INFO: レース結果取得開始: race_id=202207010105
18:27:51 INFO: 取得完了: race_id=202207010105, 出走頭数=14
18:27:51 INFO: レース結果取得開始: race_id=202207010106
18:27:52 INFO: 取得完了: race_id=202207010106, 出走頭数=10
18:27:52 INFO: レース結果取得開始: race_id=202207010107
18:27:54 INFO: 取得完了: race_id=202207010107, 出走頭数=14
18:27:54 INFO: レース結果取得開始: race_id=202207010108
18:27:56 INFO: 取得完了: race_id=202207010108, 出走頭数=10
18:27:56 INFO: レース結果取得開始: race_id=202207010109
18:27:58 INFO: 取得完了: race_id=202207010109, 出走頭数=16
18:27:58 INFO: レース結果取得開始: race_id=202207010110
18:27:59 INFO: 取得完了: race_id=202207010110, 出走頭数=13
18:27:59 INFO: レース結果取得開始: race_id=202207010111
18:28:01 INFO: 取得完了: race_id=202207010111, 出走頭数=16
18:28:01 INFO: レース結果取得開始: race_id=202207010112
18:28:02 INFO: 取得完了: race_id=202207010112, 出走頭数=16
18:28:02 INFO: レース結果取得開始: race_id=202206010201
18:28:03 INFO: 取得完了: race_id=202206010201, 出走頭数=16
18:28:03 INFO: レース結果取得開始: race_id=202206010202
18:28:05 INFO: 取得完了: race_id=202206010202, 出走頭数=16
18:28:05 INFO: レース結果取得開始: race_id=202206010203
18:28:07 INFO: 取得完了: race_id=202206010203, 出走頭数=15
18:28:07 INFO: レース結果取得開始: race_id=202206010204
18:28:08 INFO: 取得完了: race_id=202206010204, 出走頭数=16
18:28:08 INFO: レース結果取得開始: race_id=202206010205
18:28:10 INFO: 取得完了: race_id=202206010205, 出走頭数=15
18:28:10 INFO: レース結果取得開始: race_id=202206010206
18:28:11 INFO: 取得完了: race_id=202206010206, 出走頭数=16
18:28:11 INFO: レース結果取得開始: race_id=202206010207
18:28:13 INFO: 取得完了: race_id=202206010207, 出走頭数=16
18:28:13 INFO: レース結果取得開始: race_id=202206010208
18:28:15 INFO: 取得完了: race_id=202206010208, 出走頭数=14
18:28:15 INFO: レース結果取得開始: race_id=202206010209
18:28:16 INFO: 取得完了: race_id=202206010209, 出走頭数=16
18:28:16 INFO: レース結果取得開始: race_id=202206010210
18:28:18 INFO: 取得完了: race_id=202206010210, 出走頭数=16
18:28:18 INFO: レース結果取得開始: race_id=202206010211
18:28:20 INFO: 取得完了: race_id=202206010211, 出走頭数=16
18:28:20 INFO: レース結果取得開始: race_id=202206010212
18:28:22 INFO: 取得完了: race_id=202206010212, 出走頭数=11
18:28:22 INFO: レース結果取得開始: race_id=202207010201
18:28:24 INFO: 取得完了: race_id=202207010201, 出走頭数=16
18:28:24 INFO: レース結果取得開始: race_id=202207010202
18:28:26 INFO: 取得完了: race_id=202207010202, 出走頭数=15
18:28:26 INFO: レース結果取得開始: race_id=202207010203
18:28:27 INFO: 取得完了: race_id=202207010203, 出走頭数=14
18:28:27 INFO: レース結果取得開始: race_id=202207010204
18:28:28 INFO: 取得完了: race_id=202207010204, 出走頭数=15
18:28:28 INFO: レース結果取得開始: race_id=202207010205
18:28:30 INFO: 取得完了: race_id=202207010205, 出走頭数=17
18:28:30 INFO: レース結果取得開始: race_id=202207010206
18:28:32 INFO: 取得完了: race_id=202207010206, 出走頭数=16
18:28:32 INFO: レース結果取得開始: race_id=202207010207
18:28:33 INFO: 取得完了: race_id=202207010207, 出走頭数=14
18:28:34 INFO: レース結果取得開始: race_id=202207010208
18:28:35 INFO: 取得完了: race_id=202207010208, 出走頭数=15
18:28:35 INFO: レース結果取得開始: race_id=202207010209
18:28:37 INFO: 取得完了: race_id=202207010209, 出走頭数=14
18:28:37 INFO: レース結果取得開始: race_id=202207010210
18:28:39 INFO: 取得完了: race_id=202207010210, 出走頭数=10
18:28:40 INFO: レース結果取得開始: race_id=202207010211
18:28:42 INFO: 取得完了: race_id=202207010211, 出走頭数=16
18:28:42 INFO: レース結果取得開始: race_id=202207010212
18:28:44 INFO: 取得完了: race_id=202207010212, 出走頭数=16
18:28:44 INFO: レース結果取得開始: race_id=202206010301
18:28:46 INFO: 取得完了: race_id=202206010301, 出走頭数=16
18:28:46 INFO: レース結果取得開始: race_id=202206010302
18:28:48 INFO: 取得完了: race_id=202206010302, 出走頭数=16
18:28:48 INFO: レース結果取得開始: race_id=202206010303
18:28:50 INFO: 取得完了: race_id=202206010303, 出走頭数=16
18:28:50 INFO: レース結果取得開始: race_id=202206010304
18:28:52 INFO: 取得完了: race_id=202206010304, 出走頭数=13
18:28:52 INFO: レース結果取得開始: race_id=202206010305
18:28:55 INFO: 取得完了: race_id=202206010305, 出走頭数=16
18:28:55 INFO: レース結果取得開始: race_id=202206010306
18:28:56 INFO: 取得完了: race_id=202206010306, 出走頭数=14
18:28:56 INFO: レース結果取得開始: race_id=202206010307
18:28:58 INFO: 取得完了: race_id=202206010307, 出走頭数=16
18:28:58 INFO: レース結果取得開始: race_id=202206010308
18:29:00 INFO: 取得完了: race_id=202206010308, 出走頭数=15
18:29:00 INFO: レース結果取得開始: race_id=202206010309
18:29:01 INFO: 取得完了: race_id=202206010309, 出走頭数=12
18:29:01 INFO: レース結果取得開始: race_id=202206010310
18:29:03 INFO: 取得完了: race_id=202206010310, 出走頭数=13
18:29:03 INFO: レース結果取得開始: race_id=202206010311
18:29:05 INFO: 取得完了: race_id=202206010311, 出走頭数=16
18:29:05 INFO: レース結果取得開始: race_id=202206010312
18:29:06 INFO: 取得完了: race_id=202206010312, 出走頭数=14
18:29:06 INFO: レース結果取得開始: race_id=202207010301
18:29:08 INFO: 取得完了: race_id=202207010301, 出走頭数=15
18:29:09 INFO: レース結果取得開始: race_id=202207010302
18:29:10 INFO: 取得完了: race_id=202207010302, 出走頭数=16
18:29:10 INFO: レース結果取得開始: race_id=202207010303
18:29:12 INFO: 取得完了: race_id=202207010303, 出走頭数=15
18:29:12 INFO: レース結果取得開始: race_id=202207010304
18:29:13 INFO: 取得完了: race_id=202207010304, 出走頭数=16
18:29:13 INFO: レース結果取得開始: race_id=202207010305
18:29:15 INFO: 取得完了: race_id=202207010305, 出走頭数=16
18:29:15 INFO: レース結果取得開始: race_id=202207010306
18:29:16 INFO: 取得完了: race_id=202207010306, 出走頭数=11
18:29:16 INFO: レース結果取得開始: race_id=202207010307
18:29:18 INFO: 取得完了: race_id=202207010307, 出走頭数=14
18:29:18 INFO: レース結果取得開始: race_id=202207010308
18:29:19 INFO: 取得完了: race_id=202207010308, 出走頭数=13
18:29:19 INFO: レース結果取得開始: race_id=202207010309
18:29:21 INFO: 取得完了: race_id=202207010309, 出走頭数=15
18:29:21 INFO: レース結果取得開始: race_id=202207010310
18:29:24 INFO: 取得完了: race_id=202207010310, 出走頭数=16
18:29:24 INFO: レース結果取得開始: race_id=202207010311
18:29:25 INFO: 取得完了: race_id=202207010311, 出走頭数=15
18:29:25 INFO: レース結果取得開始: race_id=202207010312
18:29:27 INFO: 取得完了: race_id=202207010312, 出走頭数=16
18:29:27 INFO: レース結果取得開始: race_id=202206010401
18:29:29 INFO: 取得完了: race_id=202206010401, 出走頭数=16
18:29:29 INFO: レース結果取得開始: race_id=202206010402
18:29:31 INFO: 取得完了: race_id=202206010402, 出走頭数=16
18:29:31 INFO: レース結果取得開始: race_id=202206010403
18:29:33 INFO: 取得完了: race_id=202206010403, 出走頭数=15
18:29:33 INFO: レース結果取得開始: race_id=202206010404
18:29:34 INFO: 取得完了: race_id=202206010404, 出走頭数=16
18:29:34 INFO: レース結果取得開始: race_id=202206010405
18:29:36 INFO: 取得完了: race_id=202206010405, 出走頭数=17
18:29:36 INFO: レース結果取得開始: race_id=202206010406
18:29:37 INFO: 取得完了: race_id=202206010406, 出走頭数=11
18:29:37 INFO: レース結果取得開始: race_id=202206010407
18:29:39 INFO: 取得完了: race_id=202206010407, 出走頭数=16
18:29:39 INFO: レース結果取得開始: race_id=202206010408
18:29:41 INFO: 取得完了: race_id=202206010408, 出走頭数=16
18:29:41 INFO: レース結果取得開始: race_id=202206010409
18:29:42 INFO: 取得完了: race_id=202206010409, 出走頭数=14
18:29:42 INFO: レース結果取得開始: race_id=202206010410
18:29:44 INFO: 取得完了: race_id=202206010410, 出走頭数=15
18:29:44 INFO: レース結果取得開始: race_id=202206010411
18:29:46 INFO: 取得完了: race_id=202206010411, 出走頭数=16
18:29:46 INFO: レース結果取得開始: race_id=202206010412
18:29:47 INFO: 取得完了: race_id=202206010412, 出走頭数=16
18:29:47 INFO: レース結果取得開始: race_id=202207010401
18:29:49 INFO: 取得完了: race_id=202207010401, 出走頭数=16
18:29:49 INFO: レース結果取得開始: race_id=202207010402
18:29:51 INFO: 取得完了: race_id=202207010402, 出走頭数=10
18:29:51 INFO: レース結果取得開始: race_id=202207010403
18:29:53 INFO: 取得完了: race_id=202207010403, 出走頭数=15
18:29:53 INFO: レース結果取得開始: race_id=202207010404
18:29:54 INFO: 取得完了: race_id=202207010404, 出走頭数=15
18:29:54 INFO: レース結果取得開始: race_id=202207010405
18:29:56 INFO: 取得完了: race_id=202207010405, 出走頭数=17
18:29:56 INFO: レース結果取得開始: race_id=202207010406
18:29:58 INFO: 取得完了: race_id=202207010406, 出走頭数=10
18:29:58 INFO: レース結果取得開始: race_id=202207010407
18:30:00 INFO: 取得完了: race_id=202207010407, 出走頭数=11
18:30:00 INFO: レース結果取得開始: race_id=202207010408
18:30:01 INFO: 取得完了: race_id=202207010408, 出走頭数=10
18:30:01 INFO: レース結果取得開始: race_id=202207010409
18:30:03 INFO: 取得完了: race_id=202207010409, 出走頭数=11
18:30:03 INFO: レース結果取得開始: race_id=202207010410
18:30:05 INFO: 取得完了: race_id=202207010410, 出走頭数=10
18:30:05 INFO: レース結果取得開始: race_id=202207010411
18:30:07 INFO: 取得完了: race_id=202207010411, 出走頭数=17
18:30:07 INFO: レース結果取得開始: race_id=202207010412
18:30:08 INFO: 取得完了: race_id=202207010412, 出走頭数=15
18:30:08 INFO: レース結果取得開始: race_id=202206010501
18:30:10 INFO: 取得完了: race_id=202206010501, 出走頭数=16
18:30:10 INFO: レース結果取得開始: race_id=202206010502
18:30:12 INFO: 取得完了: race_id=202206010502, 出走頭数=16
18:30:12 INFO: レース結果取得開始: race_id=202206010503
18:30:13 INFO: 取得完了: race_id=202206010503, 出走頭数=16
18:30:13 INFO: レース結果取得開始: race_id=202206010504
18:30:15 INFO: 取得完了: race_id=202206010504, 出走頭数=8
[  100/6912] 202206010504: 8頭  errors=0  残り≈198分
18:30:15 INFO: レース結果取得開始: race_id=202206010505
18:30:17 INFO: 取得完了: race_id=202206010505, 出走頭数=13
18:30:17 INFO: レース結果取得開始: race_id=202206010506
18:30:18 INFO: 取得完了: race_id=202206010506, 出走頭数=10
18:30:18 INFO: レース結果取得開始: race_id=202206010507
18:30:19 INFO: 取得完了: race_id=202206010507, 出走頭数=16
18:30:19 INFO: レース結果取得開始: race_id=202206010508
18:30:21 INFO: 取得完了: race_id=202206010508, 出走頭数=15
18:30:21 INFO: レース結果取得開始: race_id=202206010509
18:30:22 INFO: 取得完了: race_id=202206010509, 出走頭数=11
18:30:22 INFO: レース結果取得開始: race_id=202206010510
18:30:24 INFO: 取得完了: race_id=202206010510, 出走頭数=12
18:30:24 INFO: レース結果取得開始: race_id=202206010511
18:30:26 INFO: 取得完了: race_id=202206010511, 出走頭数=16
18:30:26 INFO: レース結果取得開始: race_id=202206010512
18:30:28 INFO: 取得完了: race_id=202206010512, 出走頭数=11
18:30:28 INFO: レース結果取得開始: race_id=202207010501
18:30:29 INFO: 取得完了: race_id=202207010501, 出走頭数=10
18:30:29 INFO: レース結果取得開始: race_id=202207010502
18:30:31 INFO: 取得完了: race_id=202207010502, 出走頭数=13
18:30:31 INFO: レース結果取得開始: race_id=202207010503
18:30:33 INFO: 取得完了: race_id=202207010503, 出走頭数=9
18:30:33 INFO: レース結果取得開始: race_id=202207010504
18:30:35 INFO: 取得完了: race_id=202207010504, 出走頭数=16
18:30:35 INFO: レース結果取得開始: race_id=202207010505
18:30:37 INFO: 取得完了: race_id=202207010505, 出走頭数=18
18:30:37 INFO: レース結果取得開始: race_id=202207010506
18:30:39 INFO: 取得完了: race_id=202207010506, 出走頭数=12
18:30:39 INFO: レース結果取得開始: race_id=202207010507
18:30:41 INFO: 取得完了: race_id=202207010507, 出走頭数=11
18:30:41 INFO: レース結果取得開始: race_id=202207010508
18:30:43 INFO: 取得完了: race_id=202207010508, 出走頭数=12
18:30:43 INFO: レース結果取得開始: race_id=202207010509
18:30:44 INFO: 取得完了: race_id=202207010509, 出走頭数=10
18:30:44 INFO: レース結果取得開始: race_id=202207010510
18:30:46 INFO: 取得完了: race_id=202207010510, 出走頭数=9
18:30:46 INFO: レース結果取得開始: race_id=202207010511
18:30:48 INFO: 取得完了: race_id=202207010511, 出走頭数=16
18:30:48 INFO: レース結果取得開始: race_id=202207010512
18:30:50 INFO: 取得完了: race_id=202207010512, 出走頭数=15
18:30:50 INFO: レース結果取得開始: race_id=202210010101
18:30:52 INFO: 取得完了: race_id=202210010101, 出走頭数=9
18:30:52 INFO: レース結果取得開始: race_id=202210010102
18:30:54 INFO: 取得完了: race_id=202210010102, 出走頭数=18
18:30:54 INFO: レース結果取得開始: race_id=202210010103
18:30:55 INFO: 取得完了: race_id=202210010103, 出走頭数=14
18:30:55 INFO: レース結果取得開始: race_id=202210010104
18:30:57 INFO: 取得完了: race_id=202210010104, 出走頭数=12
18:30:57 INFO: レース結果取得開始: race_id=202210010105
18:30:58 INFO: 取得完了: race_id=202210010105, 出走頭数=9
18:30:58 INFO: レース結果取得開始: race_id=202210010106
18:31:00 INFO: 取得完了: race_id=202210010106, 出走頭数=14
18:31:00 INFO: レース結果取得開始: race_id=202210010107
18:31:01 INFO: 取得完了: race_id=202210010107, 出走頭数=13
18:31:01 INFO: レース結果取得開始: race_id=202210010108
18:31:03 INFO: 取得完了: race_id=202210010108, 出走頭数=16
18:31:03 INFO: レース結果取得開始: race_id=202210010109
18:31:06 INFO: 取得完了: race_id=202210010109, 出走頭数=10
18:31:06 INFO: レース結果取得開始: race_id=202210010110
18:31:08 INFO: 取得完了: race_id=202210010110, 出走頭数=10
18:31:08 INFO: レース結果取得開始: race_id=202210010111
18:31:10 INFO: 取得完了: race_id=202210010111, 出走頭数=12
18:31:10 INFO: レース結果取得開始: race_id=202210010112
18:31:11 INFO: 取得完了: race_id=202210010112, 出走頭数=18
18:31:11 INFO: レース結果取得開始: race_id=202206010601
18:31:12 INFO: 取得完了: race_id=202206010601, 出走頭数=16
18:31:13 INFO: レース結果取得開始: race_id=202206010602
18:31:14 INFO: 取得完了: race_id=202206010602, 出走頭数=15
18:31:14 INFO: レース結果取得開始: race_id=202206010603
18:31:15 INFO: 取得完了: race_id=202206010603, 出走頭数=16
18:31:15 INFO: レース結果取得開始: race_id=202206010604
18:31:17 INFO: 取得完了: race_id=202206010604, 出走頭数=14
18:31:17 INFO: レース結果取得開始: race_id=202206010605
18:31:19 INFO: 取得完了: race_id=202206010605, 出走頭数=16
18:31:19 INFO: レース結果取得開始: race_id=202206010606
18:31:21 INFO: 取得完了: race_id=202206010606, 出走頭数=16
18:31:21 INFO: レース結果取得開始: race_id=202206010607
18:31:22 INFO: 取得完了: race_id=202206010607, 出走頭数=16
18:31:22 INFO: レース結果取得開始: race_id=202206010608
18:31:24 INFO: 取得完了: race_id=202206010608, 出走頭数=12
18:31:24 INFO: レース結果取得開始: race_id=202206010609
18:31:26 INFO: 取得完了: race_id=202206010609, 出走頭数=16
18:31:26 INFO: レース結果取得開始: race_id=202206010610
18:31:27 INFO: 取得完了: race_id=202206010610, 出走頭数=16
18:31:27 INFO: レース結果取得開始: race_id=202206010611
18:31:28 INFO: 取得完了: race_id=202206010611, 出走頭数=16
18:31:28 INFO: レース結果取得開始: race_id=202206010612
18:31:30 INFO: 取得完了: race_id=202206010612, 出走頭数=14
18:31:30 INFO: レース結果取得開始: race_id=202207010601
18:31:32 INFO: 取得完了: race_id=202207010601, 出走頭数=14
18:31:32 INFO: レース結果取得開始: race_id=202207010602
18:31:34 INFO: 取得完了: race_id=202207010602, 出走頭数=9
18:31:34 INFO: レース結果取得開始: race_id=202207010603
18:31:36 INFO: 取得完了: race_id=202207010603, 出走頭数=12
18:31:36 INFO: レース結果取得開始: race_id=202207010604
18:31:38 INFO: 取得完了: race_id=202207010604, 出走頭数=14
18:31:38 INFO: レース結果取得開始: race_id=202207010605
18:31:40 INFO: 取得完了: race_id=202207010605, 出走頭数=11
18:31:40 INFO: レース結果取得開始: race_id=202207010606
18:31:42 INFO: 取得完了: race_id=202207010606, 出走頭数=10
18:31:42 INFO: レース結果取得開始: race_id=202207010607
18:31:44 INFO: 取得完了: race_id=202207010607, 出走頭数=14
18:31:44 INFO: レース結果取得開始: race_id=202207010608
18:31:46 INFO: 取得完了: race_id=202207010608, 出走頭数=5
18:31:46 INFO: レース結果取得開始: race_id=202207010609
18:31:47 INFO: 取得完了: race_id=202207010609, 出走頭数=14
18:31:47 INFO: レース結果取得開始: race_id=202207010610
18:31:49 INFO: 取得完了: race_id=202207010610, 出走頭数=16
18:31:49 INFO: レース結果取得開始: race_id=202207010611
18:31:50 INFO: 取得完了: race_id=202207010611, 出走頭数=16
18:31:50 INFO: レース結果取得開始: race_id=202207010612
18:31:53 INFO: 取得完了: race_id=202207010612, 出走頭数=15
18:31:53 INFO: レース結果取得開始: race_id=202210010201
18:31:54 INFO: 取得完了: race_id=202210010201, 出走頭数=9
18:31:54 INFO: レース結果取得開始: race_id=202210010202
18:31:56 INFO: 取得完了: race_id=202210010202, 出走頭数=18
18:31:56 INFO: レース結果取得開始: race_id=202210010203
18:31:57 INFO: 取得完了: race_id=202210010203, 出走頭数=13
18:31:58 INFO: レース結果取得開始: race_id=202210010204
18:31:59 INFO: 取得完了: race_id=202210010204, 出走頭数=11
18:31:59 INFO: レース結果取得開始: race_id=202210010205
18:32:01 INFO: 取得完了: race_id=202210010205, 出走頭数=16
18:32:01 INFO: レース結果取得開始: race_id=202210010206
18:32:03 INFO: 取得完了: race_id=202210010206, 出走頭数=15
18:32:03 INFO: レース結果取得開始: race_id=202210010207
18:32:05 INFO: 取得完了: race_id=202210010207, 出走頭数=12
18:32:05 INFO: レース結果取得開始: race_id=202210010208
18:32:07 INFO: 取得完了: race_id=202210010208, 出走頭数=15
18:32:07 INFO: レース結果取得開始: race_id=202210010209
18:32:08 INFO: 取得完了: race_id=202210010209, 出走頭数=14
18:32:08 INFO: レース結果取得開始: race_id=202210010210
18:32:10 INFO: 取得完了: race_id=202210010210, 出走頭数=13
18:32:10 INFO: レース結果取得開始: race_id=202210010211
18:32:12 INFO: 取得完了: race_id=202210010211, 出走頭数=15
18:32:12 INFO: レース結果取得開始: race_id=202210010212
18:32:13 INFO: 取得完了: race_id=202210010212, 出走頭数=12
18:32:13 INFO: レース結果取得開始: race_id=202206010701
18:32:15 INFO: 取得完了: race_id=202206010701, 出走頭数=16
18:32:15 INFO: レース結果取得開始: race_id=202206010702
18:32:17 INFO: 取得完了: race_id=202206010702, 出走頭数=13
18:32:17 INFO: レース結果取得開始: race_id=202206010703
18:32:18 INFO: 取得完了: race_id=202206010703, 出走頭数=16
18:32:18 INFO: レース結果取得開始: race_id=202206010704
18:32:20 INFO: 取得完了: race_id=202206010704, 出走頭数=16
18:32:20 INFO: レース結果取得開始: race_id=202206010705
18:32:22 INFO: 取得完了: race_id=202206010705, 出走頭数=16
18:32:22 INFO: レース結果取得開始: race_id=202206010706
18:32:24 INFO: 取得完了: race_id=202206010706, 出走頭数=14
18:32:24 INFO: レース結果取得開始: race_id=202206010707
18:32:25 INFO: 取得完了: race_id=202206010707, 出走頭数=16
18:32:25 INFO: レース結果取得開始: race_id=202206010708
18:32:27 INFO: 取得完了: race_id=202206010708, 出走頭数=14
18:32:27 INFO: レース結果取得開始: race_id=202206010709
18:32:29 INFO: 取得完了: race_id=202206010709, 出走頭数=7
18:32:29 INFO: レース結果取得開始: race_id=202206010710
18:32:31 INFO: 取得完了: race_id=202206010710, 出走頭数=13
18:32:31 INFO: レース結果取得開始: race_id=202206010711
18:32:32 INFO: 取得完了: race_id=202206010711, 出走頭数=11
18:32:32 INFO: レース結果取得開始: race_id=202206010712
18:32:34 INFO: 取得完了: race_id=202206010712, 出走頭数=11
18:32:34 INFO: レース結果取得開始: race_id=202207010701
18:32:36 INFO: 取得完了: race_id=202207010701, 出走頭数=11
18:32:36 INFO: レース結果取得開始: race_id=202207010702
18:32:37 INFO: 取得完了: race_id=202207010702, 出走頭数=16
18:32:38 INFO: レース結果取得開始: race_id=202207010703
18:32:40 INFO: 取得完了: race_id=202207010703, 出走頭数=14
18:32:40 INFO: レース結果取得開始: race_id=202207010704
18:32:42 INFO: 取得完了: race_id=202207010704, 出走頭数=8
18:32:42 INFO: レース結果取得開始: race_id=202207010705
18:32:44 INFO: 取得完了: race_id=202207010705, 出走頭数=7
18:32:44 INFO: レース結果取得開始: race_id=202207010706
18:32:45 INFO: 取得完了: race_id=202207010706, 出走頭数=15
18:32:45 INFO: レース結果取得開始: race_id=202207010707
18:32:47 INFO: 取得完了: race_id=202207010707, 出走頭数=9
18:32:47 INFO: レース結果取得開始: race_id=202207010708
18:32:49 INFO: 取得完了: race_id=202207010708, 出走頭数=9
18:32:49 INFO: レース結果取得開始: race_id=202207010709
18:32:50 INFO: 取得完了: race_id=202207010709, 出走頭数=10
18:32:50 INFO: レース結果取得開始: race_id=202207010710
18:32:53 INFO: 取得完了: race_id=202207010710, 出走頭数=7
18:32:53 INFO: レース結果取得開始: race_id=202207010711
18:32:54 INFO: 取得完了: race_id=202207010711, 出走頭数=7
18:32:54 INFO: レース結果取得開始: race_id=202207010712
18:32:55 INFO: 取得完了: race_id=202207010712, 出走頭数=13
18:32:55 INFO: レース結果取得開始: race_id=202210010301
18:32:58 INFO: 取得完了: race_id=202210010301, 出走頭数=13
18:32:58 INFO: レース結果取得開始: race_id=202210010302
18:32:59 INFO: 取得完了: race_id=202210010302, 出走頭数=16
18:32:59 INFO: レース結果取得開始: race_id=202210010303
18:33:01 INFO: 取得完了: race_id=202210010303, 出走頭数=14
18:33:01 INFO: レース結果取得開始: race_id=202210010304
18:33:03 INFO: 取得完了: race_id=202210010304, 出走頭数=12
18:33:03 INFO: レース結果取得開始: race_id=202210010305
18:33:05 INFO: 取得完了: race_id=202210010305, 出走頭数=11
18:33:05 INFO: レース結果取得開始: race_id=202210010306
18:33:07 INFO: 取得完了: race_id=202210010306, 出走頭数=14
18:33:07 INFO: レース結果取得開始: race_id=202210010307
18:33:09 INFO: 取得完了: race_id=202210010307, 出走頭数=16
18:33:09 INFO: レース結果取得開始: race_id=202210010308
18:33:10 INFO: 取得完了: race_id=202210010308, 出走頭数=11
[  200/6912] 202210010308: 11頭  errors=0  残り≈196分
18:33:10 INFO: レース結果取得開始: race_id=202210010309
18:33:12 INFO: 取得完了: race_id=202210010309, 出走頭数=13
18:33:12 INFO: レース結果取得開始: race_id=202210010310
18:33:13 INFO: 取得完了: race_id=202210010310, 出走頭数=15
18:33:13 INFO: レース結果取得開始: race_id=202210010311
18:33:15 INFO: 取得完了: race_id=202210010311, 出走頭数=16
18:33:15 INFO: レース結果取得開始: race_id=202210010312
18:33:17 INFO: 取得完了: race_id=202210010312, 出走頭数=18
18:33:17 INFO: レース結果取得開始: race_id=202206010801
18:33:19 INFO: 取得完了: race_id=202206010801, 出走頭数=16
18:33:19 INFO: レース結果取得開始: race_id=202206010802
18:33:21 INFO: 取得完了: race_id=202206010802, 出走頭数=13
18:33:21 INFO: レース結果取得開始: race_id=202206010803
18:33:22 INFO: 取得完了: race_id=202206010803, 出走頭数=11
18:33:22 INFO: レース結果取得開始: race_id=202206010804
18:33:24 INFO: 取得完了: race_id=202206010804, 出走頭数=16
18:33:24 INFO: レース結果取得開始: race_id=202206010805
18:33:25 INFO: 取得完了: race_id=202206010805, 出走頭数=11
18:33:25 INFO: レース結果取得開始: race_id=202206010806
18:33:27 INFO: 取得完了: race_id=202206010806, 出走頭数=13
18:33:27 INFO: レース結果取得開始: race_id=202206010807
18:33:29 INFO: 取得完了: race_id=202206010807, 出走頭数=10
18:33:29 INFO: レース結果取得開始: race_id=202206010808
18:33:31 INFO: 取得完了: race_id=202206010808, 出走頭数=16
18:33:31 INFO: レース結果取得開始: race_id=202206010809
18:33:32 INFO: 取得完了: race_id=202206010809, 出走頭数=11
18:33:32 INFO: レース結果取得開始: race_id=202206010810
18:33:34 INFO: 取得完了: race_id=202206010810, 出走頭数=12
18:33:34 INFO: レース結果取得開始: race_id=202206010811
18:33:36 INFO: 取得完了: race_id=202206010811, 出走頭数=14
18:33:36 INFO: レース結果取得開始: race_id=202206010812
18:33:37 INFO: 取得完了: race_id=202206010812, 出走頭数=9
18:33:37 INFO: レース結果取得開始: race_id=202207010801
18:33:39 INFO: 取得完了: race_id=202207010801, 出走頭数=11
18:33:40 INFO: レース結果取得開始: race_id=202207010802
18:33:42 INFO: 取得完了: race_id=202207010802, 出走頭数=14
18:33:42 INFO: レース結果取得開始: race_id=202207010803
18:33:44 INFO: 取得完了: race_id=202207010803, 出走頭数=13
18:33:44 INFO: レース結果取得開始: race_id=202207010804
18:33:46 INFO: 取得完了: race_id=202207010804, 出走頭数=11
18:33:46 INFO: レース結果取得開始: race_id=202207010805
18:33:48 INFO: 取得完了: race_id=202207010805, 出走頭数=9
18:33:48 INFO: レース結果取得開始: race_id=202207010806
18:33:49 INFO: 取得完了: race_id=202207010806, 出走頭数=16
18:33:49 INFO: レース結果取得開始: race_id=202207010807
18:33:51 INFO: 取得完了: race_id=202207010807, 出走頭数=13
18:33:51 INFO: レース結果取得開始: race_id=202207010808
18:33:53 INFO: 取得完了: race_id=202207010808, 出走頭数=12
18:33:53 INFO: レース結果取得開始: race_id=202207010809
18:33:55 INFO: 取得完了: race_id=202207010809, 出走頭数=9
18:33:55 INFO: レース結果取得開始: race_id=202207010810
18:33:57 INFO: 取得完了: race_id=202207010810, 出走頭数=12
18:33:57 INFO: レース結果取得開始: race_id=202207010811
18:33:58 INFO: 取得完了: race_id=202207010811, 出走頭数=16
18:33:59 INFO: レース結果取得開始: race_id=202207010812
18:34:00 INFO: 取得完了: race_id=202207010812, 出走頭数=16
18:34:00 INFO: レース結果取得開始: race_id=202210010401
18:34:02 INFO: 取得完了: race_id=202210010401, 出走頭数=14
18:34:02 INFO: レース結果取得開始: race_id=202210010402
18:34:04 INFO: 取得完了: race_id=202210010402, 出走頭数=16
18:34:04 INFO: レース結果取得開始: race_id=202210010403
18:34:06 INFO: 取得完了: race_id=202210010403, 出走頭数=13
18:34:06 INFO: レース結果取得開始: race_id=202210010404
18:34:08 INFO: 取得完了: race_id=202210010404, 出走頭数=12
18:34:08 INFO: レース結果取得開始: race_id=202210010405
18:34:09 INFO: 取得完了: race_id=202210010405, 出走頭数=16
18:34:09 INFO: レース結果取得開始: race_id=202210010406
18:34:11 INFO: 取得完了: race_id=202210010406, 出走頭数=18
18:34:11 INFO: レース結果取得開始: race_id=202210010407
18:34:13 INFO: 取得完了: race_id=202210010407, 出走頭数=14
18:34:13 INFO: レース結果取得開始: race_id=202210010408
18:34:15 INFO: 取得完了: race_id=202210010408, 出走頭数=16
18:34:15 INFO: レース結果取得開始: race_id=202210010409
18:34:17 INFO: 取得完了: race_id=202210010409, 出走頭数=16
18:34:17 INFO: レース結果取得開始: race_id=202210010410
18:34:18 INFO: 取得完了: race_id=202210010410, 出走頭数=12
18:34:18 INFO: レース結果取得開始: race_id=202210010411
18:34:20 INFO: 取得完了: race_id=202210010411, 出走頭数=14
18:34:20 INFO: レース結果取得開始: race_id=202210010412
18:34:21 INFO: 取得完了: race_id=202210010412, 出走頭数=15
18:34:22 INFO: レース結果取得開始: race_id=202205010101
18:34:24 INFO: 取得完了: race_id=202205010101, 出走頭数=16
18:34:24 INFO: レース結果取得開始: race_id=202205010102
18:34:26 INFO: 取得完了: race_id=202205010102, 出走頭数=16
18:34:26 INFO: レース結果取得開始: race_id=202205010103
18:34:28 INFO: 取得完了: race_id=202205010103, 出走頭数=16
18:34:28 INFO: レース結果取得開始: race_id=202205010104
18:34:29 INFO: 取得完了: race_id=202205010104, 出走頭数=16
18:34:29 INFO: レース結果取得開始: race_id=202205010105
18:34:31 INFO: 取得完了: race_id=202205010105, 出走頭数=16
18:34:31 INFO: レース結果取得開始: race_id=202205010106
18:34:33 INFO: 取得完了: race_id=202205010106, 出走頭数=16
18:34:33 INFO: レース結果取得開始: race_id=202205010107
18:34:34 INFO: 取得完了: race_id=202205010107, 出走頭数=16
18:34:34 INFO: レース結果取得開始: race_id=202205010108
18:34:36 INFO: 取得完了: race_id=202205010108, 出走頭数=16
18:34:36 INFO: レース結果取得開始: race_id=202205010109
18:34:38 INFO: 取得完了: race_id=202205010109, 出走頭数=14
18:34:38 INFO: レース結果取得開始: race_id=202205010110
18:34:40 INFO: 取得完了: race_id=202205010110, 出走頭数=10
18:34:40 INFO: レース結果取得開始: race_id=202205010111
18:34:42 INFO: 取得完了: race_id=202205010111, 出走頭数=14
18:34:42 INFO: レース結果取得開始: race_id=202205010112
18:34:43 INFO: 取得完了: race_id=202205010112, 出走頭数=15
18:34:43 INFO: レース結果取得開始: race_id=202207010901
18:34:45 INFO: 取得完了: race_id=202207010901, 出走頭数=11
18:34:45 INFO: レース結果取得開始: race_id=202207010902
18:34:46 INFO: 取得完了: race_id=202207010902, 出走頭数=16
18:34:46 INFO: レース結果取得開始: race_id=202207010903
18:34:48 INFO: 取得完了: race_id=202207010903, 出走頭数=11
18:34:48 INFO: レース結果取得開始: race_id=202207010904
18:34:50 INFO: 取得完了: race_id=202207010904, 出走頭数=14
18:34:50 INFO: レース結果取得開始: race_id=202207010905
18:34:52 INFO: 取得完了: race_id=202207010905, 出走頭数=11
18:34:52 INFO: レース結果取得開始: race_id=202207010906
18:34:54 INFO: 取得完了: race_id=202207010906, 出走頭数=12
18:34:54 INFO: レース結果取得開始: race_id=202207010907
18:34:55 INFO: 取得完了: race_id=202207010907, 出走頭数=11
18:34:55 INFO: レース結果取得開始: race_id=202207010908
18:34:57 INFO: 取得完了: race_id=202207010908, 出走頭数=9
18:34:57 INFO: レース結果取得開始: race_id=202207010909
18:34:59 INFO: 取得完了: race_id=202207010909, 出走頭数=11
18:34:59 INFO: レース結果取得開始: race_id=202207010910
18:35:00 INFO: 取得完了: race_id=202207010910, 出走頭数=10
18:35:00 INFO: レース結果取得開始: race_id=202207010911
18:35:02 INFO: 取得完了: race_id=202207010911, 出走頭数=16
18:35:02 INFO: レース結果取得開始: race_id=202207010912
18:35:04 INFO: 取得完了: race_id=202207010912, 出走頭数=13
18:35:04 INFO: レース結果取得開始: race_id=202210010501
18:35:05 INFO: 取得完了: race_id=202210010501, 出走頭数=13
18:35:05 INFO: レース結果取得開始: race_id=202210010502
18:35:07 INFO: 取得完了: race_id=202210010502, 出走頭数=12
18:35:07 INFO: レース結果取得開始: race_id=202210010503
18:35:08 INFO: 取得完了: race_id=202210010503, 出走頭数=13
18:35:08 INFO: レース結果取得開始: race_id=202210010504
18:35:10 INFO: 取得完了: race_id=202210010504, 出走頭数=9
18:35:10 INFO: レース結果取得開始: race_id=202210010505
18:35:12 INFO: 取得完了: race_id=202210010505, 出走頭数=13
18:35:12 INFO: レース結果取得開始: race_id=202210010506
18:35:14 INFO: 取得完了: race_id=202210010506, 出走頭数=16
18:35:14 INFO: レース結果取得開始: race_id=202210010507
18:35:16 INFO: 取得完了: race_id=202210010507, 出走頭数=16
18:35:16 INFO: レース結果取得開始: race_id=202210010508
18:35:18 INFO: 取得完了: race_id=202210010508, 出走頭数=14
18:35:18 INFO: レース結果取得開始: race_id=202210010509
18:35:20 INFO: 取得完了: race_id=202210010509, 出走頭数=12
18:35:20 INFO: レース結果取得開始: race_id=202210010510
18:35:22 INFO: 取得完了: race_id=202210010510, 出走頭数=14
18:35:22 INFO: レース結果取得開始: race_id=202210010511
18:35:23 INFO: 取得完了: race_id=202210010511, 出走頭数=18
18:35:23 INFO: レース結果取得開始: race_id=202210010512
18:35:25 INFO: 取得完了: race_id=202210010512, 出走頭数=17
18:35:25 INFO: レース結果取得開始: race_id=202205010201
18:35:26 INFO: 取得完了: race_id=202205010201, 出走頭数=16
18:35:26 INFO: レース結果取得開始: race_id=202205010202
18:35:28 INFO: 取得完了: race_id=202205010202, 出走頭数=13
18:35:28 INFO: レース結果取得開始: race_id=202205010203
18:35:30 INFO: 取得完了: race_id=202205010203, 出走頭数=16
18:35:30 INFO: レース結果取得開始: race_id=202205010204
18:35:31 INFO: 取得完了: race_id=202205010204, 出走頭数=16
18:35:31 INFO: レース結果取得開始: race_id=202205010205
18:35:34 INFO: 取得完了: race_id=202205010205, 出走頭数=16
18:35:34 INFO: レース結果取得開始: race_id=202205010206
18:35:36 INFO: 取得完了: race_id=202205010206, 出走頭数=16
18:35:36 INFO: レース結果取得開始: race_id=202205010207
18:35:38 INFO: 取得完了: race_id=202205010207, 出走頭数=12
18:35:38 INFO: レース結果取得開始: race_id=202205010208
18:35:40 INFO: 取得完了: race_id=202205010208, 出走頭数=16
18:35:40 INFO: レース結果取得開始: race_id=202205010209
18:35:41 INFO: 取得完了: race_id=202205010209, 出走頭数=8
18:35:41 INFO: レース結果取得開始: race_id=202205010210
18:35:43 INFO: 取得完了: race_id=202205010210, 出走頭数=8
18:35:43 INFO: レース結果取得開始: race_id=202205010211
18:35:45 INFO: 取得完了: race_id=202205010211, 出走頭数=16
18:35:45 INFO: レース結果取得開始: race_id=202205010212
18:35:46 INFO: 取得完了: race_id=202205010212, 出走頭数=8
18:35:46 INFO: レース結果取得開始: race_id=202207011001
18:35:47 INFO: 取得完了: race_id=202207011001, 出走頭数=16
18:35:47 INFO: レース結果取得開始: race_id=202207011002
18:35:49 INFO: 取得完了: race_id=202207011002, 出走頭数=11
18:35:49 INFO: レース結果取得開始: race_id=202207011003
18:35:51 INFO: 取得完了: race_id=202207011003, 出走頭数=16
18:35:51 INFO: レース結果取得開始: race_id=202207011004
18:35:53 INFO: 取得完了: race_id=202207011004, 出走頭数=12
18:35:53 INFO: レース結果取得開始: race_id=202207011005
18:35:55 INFO: 取得完了: race_id=202207011005, 出走頭数=13
18:35:55 INFO: レース結果取得開始: race_id=202207011006
18:35:57 INFO: 取得完了: race_id=202207011006, 出走頭数=18
18:35:57 INFO: レース結果取得開始: race_id=202207011007
18:35:58 INFO: 取得完了: race_id=202207011007, 出走頭数=9
18:35:58 INFO: レース結果取得開始: race_id=202207011008
18:35:59 INFO: 取得完了: race_id=202207011008, 出走頭数=11
18:35:59 INFO: レース結果取得開始: race_id=202207011009
18:36:01 INFO: 取得完了: race_id=202207011009, 出走頭数=10
18:36:01 INFO: レース結果取得開始: race_id=202207011010
18:36:03 INFO: 取得完了: race_id=202207011010, 出走頭数=11
18:36:03 INFO: レース結果取得開始: race_id=202207011011
18:36:05 INFO: 取得完了: race_id=202207011011, 出走頭数=18
18:36:05 INFO: レース結果取得開始: race_id=202207011012
18:36:07 INFO: 取得完了: race_id=202207011012, 出走頭数=16
[  300/6912] 202207011012: 16頭  errors=0  残り≈193分
18:36:07 INFO: レース結果取得開始: race_id=202210010601
18:36:08 INFO: 取得完了: race_id=202210010601, 出走頭数=14
18:36:08 INFO: レース結果取得開始: race_id=202210010602
18:36:10 INFO: 取得完了: race_id=202210010602, 出走頭数=16
18:36:10 INFO: レース結果取得開始: race_id=202210010603
18:36:12 INFO: 取得完了: race_id=202210010603, 出走頭数=13
18:36:12 INFO: レース結果取得開始: race_id=202210010604
18:36:14 INFO: 取得完了: race_id=202210010604, 出走頭数=12
18:36:14 INFO: レース結果取得開始: race_id=202210010605
18:36:15 INFO: 取得完了: race_id=202210010605, 出走頭数=18
18:36:15 INFO: レース結果取得開始: race_id=202210010606
18:36:17 INFO: 取得完了: race_id=202210010606, 出走頭数=14
18:36:17 INFO: レース結果取得開始: race_id=202210010607
18:36:19 INFO: 取得完了: race_id=202210010607, 出走頭数=16
18:36:19 INFO: レース結果取得開始: race_id=202210010608
18:36:21 INFO: 取得完了: race_id=202210010608, 出走頭数=12
18:36:21 INFO: レース結果取得開始: race_id=202210010609
18:36:23 INFO: 取得完了: race_id=202210010609, 出走頭数=10
18:36:23 INFO: レース結果取得開始: race_id=202210010610
18:36:25 INFO: 取得完了: race_id=202210010610, 出走頭数=13
18:36:25 INFO: レース結果取得開始: race_id=202210010611
18:36:27 INFO: 取得完了: race_id=202210010611, 出走頭数=18
18:36:27 INFO: レース結果取得開始: race_id=202210010612
18:36:29 INFO: 取得完了: race_id=202210010612, 出走頭数=14
18:36:29 INFO: レース結果取得開始: race_id=202205010301
18:36:31 INFO: 取得完了: race_id=202205010301, 出走頭数=16
18:36:31 INFO: レース結果取得開始: race_id=202205010302
18:36:32 INFO: 取得完了: race_id=202205010302, 出走頭数=16
18:36:32 INFO: レース結果取得開始: race_id=202205010303
18:36:34 INFO: 取得完了: race_id=202205010303, 出走頭数=16
18:36:34 INFO: レース結果取得開始: race_id=202205010304
18:36:36 INFO: 取得完了: race_id=202205010304, 出走頭数=16
18:36:36 INFO: レース結果取得開始: race_id=202205010305
18:36:38 INFO: 取得完了: race_id=202205010305, 出走頭数=15
18:36:38 INFO: レース結果取得開始: race_id=202205010306
18:36:40 INFO: 取得完了: race_id=202205010306, 出走頭数=16
18:36:40 INFO: レース結果取得開始: race_id=202205010307
18:36:42 INFO: 取得完了: race_id=202205010307, 出走頭数=16
18:36:42 INFO: レース結果取得開始: race_id=202205010308
18:36:45 INFO: 取得完了: race_id=202205010308, 出走頭数=16
18:36:45 INFO: レース結果取得開始: race_id=202205010309
18:36:47 INFO: 取得完了: race_id=202205010309, 出走頭数=16
18:36:47 INFO: レース結果取得開始: race_id=202205010310
18:36:48 INFO: 取得完了: race_id=202205010310, 出走頭数=16
18:36:48 INFO: レース結果取得開始: race_id=202205010311
18:36:50 INFO: 取得完了: race_id=202205010311, 出走頭数=14
18:36:50 INFO: レース結果取得開始: race_id=202205010312
18:36:52 INFO: 取得完了: race_id=202205010312, 出走頭数=16
18:36:52 INFO: レース結果取得開始: race_id=202207011101
18:36:54 INFO: 取得完了: race_id=202207011101, 出走頭数=12
18:36:54 INFO: レース結果取得開始: race_id=202207011102
18:36:55 INFO: 取得完了: race_id=202207011102, 出走頭数=16
18:36:55 INFO: レース結果取得開始: race_id=202207011103
18:36:57 INFO: 取得完了: race_id=202207011103, 出走頭数=13
18:36:57 INFO: レース結果取得開始: race_id=202207011104
18:36:59 INFO: 取得完了: race_id=202207011104, 出走頭数=15
18:36:59 INFO: レース結果取得開始: race_id=202207011105
18:37:00 INFO: 取得完了: race_id=202207011105, 出走頭数=13
18:37:00 INFO: レース結果取得開始: race_id=202207011106
18:37:01 INFO: 取得完了: race_id=202207011106, 出走頭数=16
18:37:01 INFO: レース結果取得開始: race_id=202207011107
18:37:03 INFO: 取得完了: race_id=202207011107, 出走頭数=11
18:37:03 INFO: レース結果取得開始: race_id=202207011108
18:37:05 INFO: 取得完了: race_id=202207011108, 出走頭数=12
18:37:05 INFO: レース結果取得開始: race_id=202207011109
18:37:07 INFO: 取得完了: race_id=202207011109, 出走頭数=7
18:37:07 INFO: レース結果取得開始: race_id=202207011110
18:37:09 INFO: 取得完了: race_id=202207011110, 出走頭数=10
18:37:09 INFO: レース結果取得開始: race_id=202207011111
18:37:11 INFO: 取得完了: race_id=202207011111, 出走頭数=16
18:37:11 INFO: レース結果取得開始: race_id=202207011112
18:37:13 INFO: 取得完了: race_id=202207011112, 出走頭数=16
18:37:13 INFO: レース結果取得開始: race_id=202210010701
18:37:15 INFO: 取得完了: race_id=202210010701, 出走頭数=12
18:37:15 INFO: レース結果取得開始: race_id=202210010702
18:37:17 INFO: 取得完了: race_id=202210010702, 出走頭数=18
18:37:17 INFO: レース結果取得開始: race_id=202210010703
18:37:19 INFO: 取得完了: race_id=202210010703, 出走頭数=14
18:37:19 INFO: レース結果取得開始: race_id=202210010704
18:37:20 INFO: 取得完了: race_id=202210010704, 出走頭数=10
18:37:20 INFO: レース結果取得開始: race_id=202210010705
18:37:22 INFO: 取得完了: race_id=202210010705, 出走頭数=8
18:37:22 INFO: レース結果取得開始: race_id=202210010706
18:37:23 INFO: 取得完了: race_id=202210010706, 出走頭数=14
18:37:23 INFO: レース結果取得開始: race_id=202210010707
18:37:25 INFO: 取得完了: race_id=202210010707, 出走頭数=12
18:37:25 INFO: レース結果取得開始: race_id=202210010708
18:37:26 INFO: 取得完了: race_id=202210010708, 出走頭数=9
18:37:26 INFO: レース結果取得開始: race_id=202210010709
18:37:28 INFO: 取得完了: race_id=202210010709, 出走頭数=18
18:37:28 INFO: レース結果取得開始: race_id=202210010710
18:37:30 INFO: 取得完了: race_id=202210010710, 出走頭数=8
18:37:30 INFO: レース結果取得開始: race_id=202210010711
18:37:32 INFO: 取得完了: race_id=202210010711, 出走頭数=10
18:37:32 INFO: レース結果取得開始: race_id=202210010712
18:37:34 INFO: 取得完了: race_id=202210010712, 出走頭数=18
18:37:34 INFO: レース結果取得開始: race_id=202205010401
18:37:36 INFO: 取得完了: race_id=202205010401, 出走頭数=16
18:37:36 INFO: レース結果取得開始: race_id=202205010402
18:37:38 INFO: 取得完了: race_id=202205010402, 出走頭数=14
18:37:38 INFO: レース結果取得開始: race_id=202205010403
18:37:40 INFO: 取得完了: race_id=202205010403, 出走頭数=16
18:37:40 INFO: レース結果取得開始: race_id=202205010404
18:37:41 INFO: 取得完了: race_id=202205010404, 出走頭数=16
18:37:41 INFO: レース結果取得開始: race_id=202205010405
18:37:43 INFO: 取得完了: race_id=202205010405, 出走頭数=16
18:37:43 INFO: レース結果取得開始: race_id=202205010406
18:37:45 INFO: 取得完了: race_id=202205010406, 出走頭数=16
18:37:45 INFO: レース結果取得開始: race_id=202205010407
18:37:47 INFO: 取得完了: race_id=202205010407, 出走頭数=16
18:37:47 INFO: レース結果取得開始: race_id=202205010408
18:37:48 INFO: 取得完了: race_id=202205010408, 出走頭数=11
18:37:48 INFO: レース結果取得開始: race_id=202205010409
18:37:50 INFO: 取得完了: race_id=202205010409, 出走頭数=10
18:37:50 INFO: レース結果取得開始: race_id=202205010410
18:37:52 INFO: 取得完了: race_id=202205010410, 出走頭数=16
18:37:52 INFO: レース結果取得開始: race_id=202205010411
18:37:55 INFO: 取得完了: race_id=202205010411, 出走頭数=15
18:37:55 INFO: レース結果取得開始: race_id=202205010412
18:37:57 INFO: 取得完了: race_id=202205010412, 出走頭数=16
18:37:57 INFO: レース結果取得開始: race_id=202207011201
18:37:58 INFO: 取得完了: race_id=202207011201, 出走頭数=16
18:37:58 INFO: レース結果取得開始: race_id=202207011202
18:38:00 INFO: 取得完了: race_id=202207011202, 出走頭数=12
18:38:00 INFO: レース結果取得開始: race_id=202207011203
18:38:03 INFO: 取得完了: race_id=202207011203, 出走頭数=16
18:38:03 INFO: レース結果取得開始: race_id=202207011204
18:38:05 INFO: 取得完了: race_id=202207011204, 出走頭数=11
18:38:05 INFO: レース結果取得開始: race_id=202207011205
18:38:07 INFO: 取得完了: race_id=202207011205, 出走頭数=10
18:38:07 INFO: レース結果取得開始: race_id=202207011206
18:38:09 INFO: 取得完了: race_id=202207011206, 出走頭数=16
18:38:09 INFO: レース結果取得開始: race_id=202207011207
18:38:10 INFO: 取得完了: race_id=202207011207, 出走頭数=11
18:38:10 INFO: レース結果取得開始: race_id=202207011208
18:38:12 INFO: 取得完了: race_id=202207011208, 出走頭数=11
18:38:12 INFO: レース結果取得開始: race_id=202207011209
18:38:14 INFO: 取得完了: race_id=202207011209, 出走頭数=10
18:38:14 INFO: レース結果取得開始: race_id=202207011210
18:38:15 INFO: 取得完了: race_id=202207011210, 出走頭数=14
18:38:15 INFO: レース結果取得開始: race_id=202207011211
18:38:16 INFO: 取得完了: race_id=202207011211, 出走頭数=11
18:38:16 INFO: レース結果取得開始: race_id=202207011212
18:38:18 INFO: 取得完了: race_id=202207011212, 出走頭数=16
18:38:18 INFO: レース結果取得開始: race_id=202210010801
18:38:20 INFO: 取得完了: race_id=202210010801, 出走頭数=16
18:38:20 INFO: レース結果取得開始: race_id=202210010802
18:38:22 INFO: 取得完了: race_id=202210010802, 出走頭数=16
18:38:22 INFO: レース結果取得開始: race_id=202210010803
18:38:24 INFO: 取得完了: race_id=202210010803, 出走頭数=14
18:38:24 INFO: レース結果取得開始: race_id=202210010804
18:38:25 INFO: 取得完了: race_id=202210010804, 出走頭数=10
18:38:25 INFO: レース結果取得開始: race_id=202210010805
18:38:27 INFO: 取得完了: race_id=202210010805, 出走頭数=16
18:38:27 INFO: レース結果取得開始: race_id=202210010806
18:38:29 INFO: 取得完了: race_id=202210010806, 出走頭数=18
18:38:29 INFO: レース結果取得開始: race_id=202210010807
18:38:31 INFO: 取得完了: race_id=202210010807, 出走頭数=16
18:38:31 INFO: レース結果取得開始: race_id=202210010808
18:38:34 INFO: 取得完了: race_id=202210010808, 出走頭数=11
18:38:34 INFO: レース結果取得開始: race_id=202210010809
18:38:35 INFO: 取得完了: race_id=202210010809, 出走頭数=16
18:38:35 INFO: レース結果取得開始: race_id=202210010810
18:38:37 INFO: 取得完了: race_id=202210010810, 出走頭数=16
18:38:37 INFO: レース結果取得開始: race_id=202210010811
18:38:39 INFO: 取得完了: race_id=202210010811, 出走頭数=12
18:38:39 INFO: レース結果取得開始: race_id=202210010812
18:38:40 INFO: 取得完了: race_id=202210010812, 出走頭数=18
18:38:40 INFO: レース結果取得開始: race_id=202205010501
18:38:42 INFO: 取得完了: race_id=202205010501, 出走頭数=16
18:38:42 INFO: レース結果取得開始: race_id=202205010502
18:38:43 INFO: 取得完了: race_id=202205010502, 出走頭数=16
18:38:43 INFO: レース結果取得開始: race_id=202205010503
18:38:45 INFO: 取得完了: race_id=202205010503, 出走頭数=16
18:38:45 INFO: レース結果取得開始: race_id=202205010504
18:38:47 INFO: 取得完了: race_id=202205010504, 出走頭数=16
18:38:47 INFO: レース結果取得開始: race_id=202205010505
18:38:48 INFO: 取得完了: race_id=202205010505, 出走頭数=16
18:38:48 INFO: レース結果取得開始: race_id=202205010506
18:38:51 INFO: 取得完了: race_id=202205010506, 出走頭数=16
18:38:51 INFO: レース結果取得開始: race_id=202205010507
18:38:53 INFO: 取得完了: race_id=202205010507, 出走頭数=14
18:38:53 INFO: レース結果取得開始: race_id=202205010508
18:38:55 INFO: 取得完了: race_id=202205010508, 出走頭数=15
18:38:55 INFO: レース結果取得開始: race_id=202205010509
18:38:56 INFO: 取得完了: race_id=202205010509, 出走頭数=10
18:38:56 INFO: レース結果取得開始: race_id=202205010510
18:38:59 INFO: 取得完了: race_id=202205010510, 出走頭数=13
18:38:59 INFO: レース結果取得開始: race_id=202205010511
18:39:01 INFO: 取得完了: race_id=202205010511, 出走頭数=16
18:39:01 INFO: レース結果取得開始: race_id=202205010512
18:39:03 INFO: 取得完了: race_id=202205010512, 出走頭数=16
18:39:03 INFO: レース結果取得開始: race_id=202209010101
18:39:04 INFO: 取得完了: race_id=202209010101, 出走頭数=12
18:39:04 INFO: レース結果取得開始: race_id=202209010102
18:39:06 INFO: 取得完了: race_id=202209010102, 出走頭数=10
18:39:06 INFO: レース結果取得開始: race_id=202209010103
18:39:08 INFO: 取得完了: race_id=202209010103, 出走頭数=10
18:39:08 INFO: レース結果取得開始: race_id=202209010104
18:39:09 INFO: 取得完了: race_id=202209010104, 出走頭数=16
[  400/6912] 202209010104: 16頭  errors=0  残り≈192分
18:39:09 INFO: レース結果取得開始: race_id=202209010105
18:39:11 INFO: 取得完了: race_id=202209010105, 出走頭数=13
18:39:11 INFO: レース結果取得開始: race_id=202209010106
18:39:13 INFO: 取得完了: race_id=202209010106, 出走頭数=16
18:39:13 INFO: レース結果取得開始: race_id=202209010107
18:39:14 INFO: 取得完了: race_id=202209010107, 出走頭数=8
18:39:14 INFO: レース結果取得開始: race_id=202209010108
18:39:15 INFO: 取得完了: race_id=202209010108, 出走頭数=16
18:39:15 INFO: レース結果取得開始: race_id=202209010109
18:39:17 INFO: 取得完了: race_id=202209010109, 出走頭数=8
18:39:17 INFO: レース結果取得開始: race_id=202209010110
18:39:19 INFO: 取得完了: race_id=202209010110, 出走頭数=8
18:39:19 INFO: レース結果取得開始: race_id=202209010111
18:39:20 INFO: 取得完了: race_id=202209010111, 出走頭数=17
18:39:20 INFO: レース結果取得開始: race_id=202209010112
18:39:22 INFO: 取得完了: race_id=202209010112, 出走頭数=11
18:39:22 INFO: レース結果取得開始: race_id=202210020101
18:39:24 INFO: 取得完了: race_id=202210020101, 出走頭数=10
18:39:24 INFO: レース結果取得開始: race_id=202210020102
18:39:26 INFO: 取得完了: race_id=202210020102, 出走頭数=18
18:39:26 INFO: レース結果取得開始: race_id=202210020103
18:39:28 INFO: 取得完了: race_id=202210020103, 出走頭数=14
18:39:28 INFO: レース結果取得開始: race_id=202210020104
18:39:30 INFO: 取得完了: race_id=202210020104, 出走頭数=14
18:39:30 INFO: レース結果取得開始: race_id=202210020105
18:39:31 INFO: 取得完了: race_id=202210020105, 出走頭数=10
18:39:31 INFO: レース結果取得開始: race_id=202210020106
18:39:33 INFO: 取得完了: race_id=202210020106, 出走頭数=15
18:39:33 INFO: レース結果取得開始: race_id=202210020107
18:39:35 INFO: 取得完了: race_id=202210020107, 出走頭数=10
18:39:35 INFO: レース結果取得開始: race_id=202210020108
18:39:37 INFO: 取得完了: race_id=202210020108, 出走頭数=11
18:39:37 INFO: レース結果取得開始: race_id=202210020109
18:39:39 INFO: 取得完了: race_id=202210020109, 出走頭数=10
18:39:39 INFO: レース結果取得開始: race_id=202210020110
18:39:41 INFO: 取得完了: race_id=202210020110, 出走頭数=18
18:39:41 INFO: レース結果取得開始: race_id=202210020111
18:39:42 INFO: 取得完了: race_id=202210020111, 出走頭数=13
18:39:42 INFO: レース結果取得開始: race_id=202210020112
18:39:44 INFO: 取得完了: race_id=202210020112, 出走頭数=18
18:39:44 INFO: レース結果取得開始: race_id=202205010601
18:39:46 INFO: 取得完了: race_id=202205010601, 出走頭数=16
18:39:46 INFO: レース結果取得開始: race_id=202205010602
18:39:48 INFO: 取得完了: race_id=202205010602, 出走頭数=16
18:39:48 INFO: レース結果取得開始: race_id=202205010603
18:39:50 INFO: 取得完了: race_id=202205010603, 出走頭数=16
18:39:50 INFO: レース結果取得開始: race_id=202205010604
18:39:51 INFO: 取得完了: race_id=202205010604, 出走頭数=16
18:39:51 INFO: レース結果取得開始: race_id=202205010605
18:39:53 INFO: 取得完了: race_id=202205010605, 出走頭数=16
18:39:53 INFO: レース結果取得開始: race_id=202205010606
18:39:54 INFO: 取得完了: race_id=202205010606, 出走頭数=10
18:39:54 INFO: レース結果取得開始: race_id=202205010607
18:39:55 INFO: 取得完了: race_id=202205010607, 出走頭数=16
18:39:55 INFO: レース結果取得開始: race_id=202205010608
18:39:58 INFO: 取得完了: race_id=202205010608, 出走頭数=16
18:39:58 INFO: レース結果取得開始: race_id=202205010609
18:39:59 INFO: 取得完了: race_id=202205010609, 出走頭数=15
18:39:59 INFO: レース結果取得開始: race_id=202205010610
18:40:01 INFO: 取得完了: race_id=202205010610, 出走頭数=16
18:40:01 INFO: レース結果取得開始: race_id=202205010611
18:40:03 INFO: 取得完了: race_id=202205010611, 出走頭数=11
18:40:03 INFO: レース結果取得開始: race_id=202205010612
18:40:04 INFO: 取得完了: race_id=202205010612, 出走頭数=16
18:40:04 INFO: レース結果取得開始: race_id=202209010201
18:40:06 INFO: 取得完了: race_id=202209010201, 出走頭数=13
18:40:06 INFO: レース結果取得開始: race_id=202209010202
18:40:08 INFO: 取得完了: race_id=202209010202, 出走頭数=12
18:40:08 INFO: レース結果取得開始: race_id=202209010203
18:40:10 INFO: 取得完了: race_id=202209010203, 出走頭数=14
18:40:10 INFO: レース結果取得開始: race_id=202209010204
18:40:11 INFO: 取得完了: race_id=202209010204, 出走頭数=16
18:40:11 INFO: レース結果取得開始: race_id=202209010205
18:40:13 INFO: 取得完了: race_id=202209010205, 出走頭数=13
18:40:13 INFO: レース結果取得開始: race_id=202209010206
18:40:15 INFO: 取得完了: race_id=202209010206, 出走頭数=10
18:40:15 INFO: レース結果取得開始: race_id=202209010207
18:40:17 INFO: 取得完了: race_id=202209010207, 出走頭数=9
18:40:17 INFO: レース結果取得開始: race_id=202209010208
18:40:18 INFO: 取得完了: race_id=202209010208, 出走頭数=6
18:40:18 INFO: レース結果取得開始: race_id=202209010209
18:40:20 INFO: 取得完了: race_id=202209010209, 出走頭数=16
18:40:20 INFO: レース結果取得開始: race_id=202209010210
18:40:21 INFO: 取得完了: race_id=202209010210, 出走頭数=13
18:40:21 INFO: レース結果取得開始: race_id=202209010211
18:40:23 INFO: 取得完了: race_id=202209010211, 出走頭数=13
18:40:23 INFO: レース結果取得開始: race_id=202209010212
18:40:25 INFO: 取得完了: race_id=202209010212, 出走頭数=16
18:40:25 INFO: レース結果取得開始: race_id=202210020201
18:40:27 INFO: 取得完了: race_id=202210020201, 出走頭数=14
18:40:27 INFO: レース結果取得開始: race_id=202210020202
18:40:29 INFO: 取得完了: race_id=202210020202, 出走頭数=18
18:40:29 INFO: レース結果取得開始: race_id=202210020203
18:40:30 INFO: 取得完了: race_id=202210020203, 出走頭数=8
18:40:30 INFO: レース結果取得開始: race_id=202210020204
18:40:32 INFO: 取得完了: race_id=202210020204, 出走頭数=11
18:40:32 INFO: レース結果取得開始: race_id=202210020205
18:40:33 INFO: 取得完了: race_id=202210020205, 出走頭数=11
18:40:33 INFO: レース結果取得開始: race_id=202210020206
18:40:34 INFO: 取得完了: race_id=202210020206, 出走頭数=18
18:40:34 INFO: レース結果取得開始: race_id=202210020207
18:40:36 INFO: 取得完了: race_id=202210020207, 出走頭数=15
18:40:36 INFO: レース結果取得開始: race_id=202210020208
18:40:38 INFO: 取得完了: race_id=202210020208, 出走頭数=14
18:40:38 INFO: レース結果取得開始: race_id=202210020209
18:40:40 INFO: 取得完了: race_id=202210020209, 出走頭数=8
18:40:40 INFO: レース結果取得開始: race_id=202210020210
18:40:42 INFO: 取得完了: race_id=202210020210, 出走頭数=13
18:40:42 INFO: レース結果取得開始: race_id=202210020211
18:40:44 INFO: 取得完了: race_id=202210020211, 出走頭数=18
18:40:44 INFO: レース結果取得開始: race_id=202210020212
18:40:46 INFO: 取得完了: race_id=202210020212, 出走頭数=15
18:40:46 INFO: レース結果取得開始: race_id=202205010701
18:40:48 INFO: 取得完了: race_id=202205010701, 出走頭数=16
18:40:48 INFO: レース結果取得開始: race_id=202205010702
18:40:49 INFO: 取得完了: race_id=202205010702, 出走頭数=16
18:40:49 INFO: レース結果取得開始: race_id=202205010703
18:40:51 INFO: 取得完了: race_id=202205010703, 出走頭数=16
18:40:51 INFO: レース結果取得開始: race_id=202205010704
18:40:52 INFO: 取得完了: race_id=202205010704, 出走頭数=16
18:40:52 INFO: レース結果取得開始: race_id=202205010705
18:40:54 INFO: 取得完了: race_id=202205010705, 出走頭数=17
18:40:54 INFO: レース結果取得開始: race_id=202205010706
18:40:56 INFO: 取得完了: race_id=202205010706, 出走頭数=16
18:40:56 INFO: レース結果取得開始: race_id=202205010707
18:40:58 INFO: 取得完了: race_id=202205010707, 出走頭数=15
18:40:58 INFO: レース結果取得開始: race_id=202205010708
18:41:00 INFO: 取得完了: race_id=202205010708, 出走頭数=16
18:41:00 INFO: レース結果取得開始: race_id=202205010709
18:41:02 INFO: 取得完了: race_id=202205010709, 出走頭数=9
18:41:02 INFO: レース結果取得開始: race_id=202205010710
18:41:04 INFO: 取得完了: race_id=202205010710, 出走頭数=16
18:41:04 INFO: レース結果取得開始: race_id=202205010711
18:41:06 INFO: 取得完了: race_id=202205010711, 出走頭数=14
18:41:06 INFO: レース結果取得開始: race_id=202205010712
18:41:08 INFO: 取得完了: race_id=202205010712, 出走頭数=16
18:41:08 INFO: レース結果取得開始: race_id=202209010301
18:41:10 INFO: 取得完了: race_id=202209010301, 出走頭数=14
18:41:10 INFO: レース結果取得開始: race_id=202209010302
18:41:12 INFO: 取得完了: race_id=202209010302, 出走頭数=15
18:41:12 INFO: レース結果取得開始: race_id=202209010303
18:41:14 INFO: 取得完了: race_id=202209010303, 出走頭数=9
18:41:14 INFO: レース結果取得開始: race_id=202209010304
18:41:15 INFO: 取得完了: race_id=202209010304, 出走頭数=13
18:41:15 INFO: レース結果取得開始: race_id=202209010305
18:41:17 INFO: 取得完了: race_id=202209010305, 出走頭数=16
18:41:17 INFO: レース結果取得開始: race_id=202209010306
18:41:18 INFO: 取得完了: race_id=202209010306, 出走頭数=16
18:41:18 INFO: レース結果取得開始: race_id=202209010307
18:41:20 INFO: 取得完了: race_id=202209010307, 出走頭数=12
18:41:20 INFO: レース結果取得開始: race_id=202209010308
18:41:22 INFO: 取得完了: race_id=202209010308, 出走頭数=12
18:41:22 INFO: レース結果取得開始: race_id=202209010309
18:41:24 INFO: 取得完了: race_id=202209010309, 出走頭数=7
18:41:24 INFO: レース結果取得開始: race_id=202209010310
18:41:25 INFO: 取得完了: race_id=202209010310, 出走頭数=16
18:41:25 INFO: レース結果取得開始: race_id=202209010311
18:41:27 INFO: 取得完了: race_id=202209010311, 出走頭数=18
18:41:27 INFO: レース結果取得開始: race_id=202209010312
18:41:29 INFO: 取得完了: race_id=202209010312, 出走頭数=16
18:41:29 INFO: レース結果取得開始: race_id=202210020301
18:41:30 INFO: 取得完了: race_id=202210020301, 出走頭数=16
18:41:30 INFO: レース結果取得開始: race_id=202210020302
18:41:32 INFO: 取得完了: race_id=202210020302, 出走頭数=18
18:41:32 INFO: レース結果取得開始: race_id=202210020303
18:41:35 INFO: 取得完了: race_id=202210020303, 出走頭数=14
18:41:35 INFO: レース結果取得開始: race_id=202210020304
18:41:36 INFO: 取得完了: race_id=202210020304, 出走頭数=12
18:41:36 INFO: レース結果取得開始: race_id=202210020305
18:41:39 INFO: 取得完了: race_id=202210020305, 出走頭数=9
18:41:39 INFO: レース結果取得開始: race_id=202210020306
18:41:40 INFO: 取得完了: race_id=202210020306, 出走頭数=13
18:41:41 INFO: レース結果取得開始: race_id=202210020307
18:41:42 INFO: 取得完了: race_id=202210020307, 出走頭数=16
18:41:42 INFO: レース結果取得開始: race_id=202210020308
18:41:44 INFO: 取得完了: race_id=202210020308, 出走頭数=11
18:41:44 INFO: レース結果取得開始: race_id=202210020309
18:41:45 INFO: 取得完了: race_id=202210020309, 出走頭数=12
18:41:45 INFO: レース結果取得開始: race_id=202210020310
18:41:47 INFO: 取得完了: race_id=202210020310, 出走頭数=16
18:41:47 INFO: レース結果取得開始: race_id=202210020311
18:41:49 INFO: 取得完了: race_id=202210020311, 出走頭数=18
18:41:49 INFO: レース結果取得開始: race_id=202210020312
18:41:50 INFO: 取得完了: race_id=202210020312, 出走頭数=16
18:41:50 INFO: レース結果取得開始: race_id=202205010801
18:41:52 INFO: 取得完了: race_id=202205010801, 出走頭数=16
18:41:52 INFO: レース結果取得開始: race_id=202205010802
18:41:54 INFO: 取得完了: race_id=202205010802, 出走頭数=16
18:41:54 INFO: レース結果取得開始: race_id=202205010803
18:41:56 INFO: 取得完了: race_id=202205010803, 出走頭数=16
18:41:56 INFO: レース結果取得開始: race_id=202205010804
18:41:58 INFO: 取得完了: race_id=202205010804, 出走頭数=16
18:41:58 INFO: レース結果取得開始: race_id=202205010805
18:42:00 INFO: 取得完了: race_id=202205010805, 出走頭数=15
18:42:00 INFO: レース結果取得開始: race_id=202205010806
18:42:02 INFO: 取得完了: race_id=202205010806, 出走頭数=16
18:42:02 INFO: レース結果取得開始: race_id=202205010807
18:42:04 INFO: 取得完了: race_id=202205010807, 出走頭数=16
18:42:04 INFO: レース結果取得開始: race_id=202205010808
18:42:07 INFO: 取得完了: race_id=202205010808, 出走頭数=16
[  500/6912] 202205010808: 16頭  errors=0  残り≈189分
18:42:07 INFO: レース結果取得開始: race_id=202205010809
18:42:08 INFO: 取得完了: race_id=202205010809, 出走頭数=14
18:42:08 INFO: レース結果取得開始: race_id=202205010810
18:42:10 INFO: 取得完了: race_id=202205010810, 出走頭数=11
18:42:10 INFO: レース結果取得開始: race_id=202205010811
18:42:12 INFO: 取得完了: race_id=202205010811, 出走頭数=16
18:42:12 INFO: レース結果取得開始: race_id=202205010812
18:42:15 INFO: 取得完了: race_id=202205010812, 出走頭数=16
18:42:15 INFO: レース結果取得開始: race_id=202209010401
18:42:16 INFO: 取得完了: race_id=202209010401, 出走頭数=9
18:42:16 INFO: レース結果取得開始: race_id=202209010402
18:42:18 INFO: 取得完了: race_id=202209010402, 出走頭数=15
18:42:18 INFO: レース結果取得開始: race_id=202209010403
18:42:19 INFO: 取得完了: race_id=202209010403, 出走頭数=12
18:42:19 INFO: レース結果取得開始: race_id=202209010404
18:42:21 INFO: 取得完了: race_id=202209010404, 出走頭数=16
18:42:21 INFO: レース結果取得開始: race_id=202209010405
18:42:23 INFO: 取得完了: race_id=202209010405, 出走頭数=14
18:42:23 INFO: レース結果取得開始: race_id=202209010406
18:42:25 INFO: 取得完了: race_id=202209010406, 出走頭数=13
18:42:25 INFO: レース結果取得開始: race_id=202209010407
18:42:27 INFO: 取得完了: race_id=202209010407, 出走頭数=14
18:42:27 INFO: レース結果取得開始: race_id=202209010408
18:42:29 INFO: 取得完了: race_id=202209010408, 出走頭数=16
18:42:29 INFO: レース結果取得開始: race_id=202209010409
18:42:30 INFO: 取得完了: race_id=202209010409, 出走頭数=9
18:42:30 INFO: レース結果取得開始: race_id=202209010410
18:42:32 INFO: 取得完了: race_id=202209010410, 出走頭数=9
18:42:32 INFO: レース結果取得開始: race_id=202209010411
18:42:34 INFO: 取得完了: race_id=202209010411, 出走頭数=16
18:42:34 INFO: レース結果取得開始: race_id=202209010412
18:42:36 INFO: 取得完了: race_id=202209010412, 出走頭数=14
18:42:36 INFO: レース結果取得開始: race_id=202210020401
18:42:38 INFO: 取得完了: race_id=202210020401, 出走頭数=16
18:42:38 INFO: レース結果取得開始: race_id=202210020402
18:42:41 INFO: 取得完了: race_id=202210020402, 出走頭数=15
18:42:41 INFO: レース結果取得開始: race_id=202210020403
18:42:42 INFO: 取得完了: race_id=202210020403, 出走頭数=14
18:42:42 INFO: レース結果取得開始: race_id=202210020404
18:42:44 INFO: 取得完了: race_id=202210020404, 出走頭数=11
18:42:44 INFO: レース結果取得開始: race_id=202210020405
18:42:45 INFO: 取得完了: race_id=202210020405, 出走頭数=18
18:42:45 INFO: レース結果取得開始: race_id=202210020406
18:42:47 INFO: 取得完了: race_id=202210020406, 出走頭数=16
18:42:47 INFO: レース結果取得開始: race_id=202210020407
18:42:50 INFO: 取得完了: race_id=202210020407, 出走頭数=16
18:42:50 INFO: レース結果取得開始: race_id=202210020408
18:42:51 INFO: 取得完了: race_id=202210020408, 出走頭数=13
18:42:51 INFO: レース結果取得開始: race_id=202210020409
18:42:54 INFO: 取得完了: race_id=202210020409, 出走頭数=16
18:42:54 INFO: レース結果取得開始: race_id=202210020410
18:42:55 INFO: 取得完了: race_id=202210020410, 出走頭数=14
18:42:55 INFO: レース結果取得開始: race_id=202210020411
18:42:57 INFO: 取得完了: race_id=202210020411, 出走頭数=16
18:42:57 INFO: レース結果取得開始: race_id=202210020412
18:42:58 INFO: 取得完了: race_id=202210020412, 出走頭数=18
18:42:58 INFO: レース結果取得開始: race_id=202206020101
18:43:01 INFO: 取得完了: race_id=202206020101, 出走頭数=16
18:43:01 INFO: レース結果取得開始: race_id=202206020102
18:43:02 INFO: 取得完了: race_id=202206020102, 出走頭数=16
18:43:02 INFO: レース結果取得開始: race_id=202206020103
18:43:04 INFO: 取得完了: race_id=202206020103, 出走頭数=16
18:43:04 INFO: レース結果取得開始: race_id=202206020104
18:43:05 INFO: 取得完了: race_id=202206020104, 出走頭数=16
18:43:05 INFO: レース結果取得開始: race_id=202206020105
18:43:07 INFO: 取得完了: race_id=202206020105, 出走頭数=16
18:43:07 INFO: レース結果取得開始: race_id=202206020106
18:43:09 INFO: 取得完了: race_id=202206020106, 出走頭数=18
18:43:10 INFO: レース結果取得開始: race_id=202206020107
18:43:12 INFO: 取得完了: race_id=202206020107, 出走頭数=10
18:43:12 INFO: レース結果取得開始: race_id=202206020108
18:43:14 INFO: 取得完了: race_id=202206020108, 出走頭数=16
18:43:14 INFO: レース結果取得開始: race_id=202206020109
18:43:16 INFO: 取得完了: race_id=202206020109, 出走頭数=9
18:43:16 INFO: レース結果取得開始: race_id=202206020110
18:43:18 INFO: 取得完了: race_id=202206020110, 出走頭数=12
18:43:18 INFO: レース結果取得開始: race_id=202206020111
18:43:19 INFO: 取得完了: race_id=202206020111, 出走頭数=11
18:43:19 INFO: レース結果取得開始: race_id=202206020112
18:43:22 INFO: 取得完了: race_id=202206020112, 出走頭数=16
18:43:22 INFO: レース結果取得開始: race_id=202209010501
18:43:24 INFO: 取得完了: race_id=202209010501, 出走頭数=16
18:43:24 INFO: レース結果取得開始: race_id=202209010502
18:43:26 INFO: 取得完了: race_id=202209010502, 出走頭数=15
18:43:26 INFO: レース結果取得開始: race_id=202209010503
18:43:27 INFO: 取得完了: race_id=202209010503, 出走頭数=13
18:43:27 INFO: レース結果取得開始: race_id=202209010504
18:43:29 INFO: 取得完了: race_id=202209010504, 出走頭数=18
18:43:29 INFO: レース結果取得開始: race_id=202209010505
18:43:31 INFO: 取得完了: race_id=202209010505, 出走頭数=16
18:43:31 INFO: レース結果取得開始: race_id=202209010506
18:43:32 INFO: 取得完了: race_id=202209010506, 出走頭数=11
18:43:32 INFO: レース結果取得開始: race_id=202209010507
18:43:34 INFO: 取得完了: race_id=202209010507, 出走頭数=16
18:43:34 INFO: レース結果取得開始: race_id=202209010508
18:43:36 INFO: 取得完了: race_id=202209010508, 出走頭数=9
18:43:36 INFO: レース結果取得開始: race_id=202209010509
18:43:38 INFO: 取得完了: race_id=202209010509, 出走頭数=16
18:43:38 INFO: レース結果取得開始: race_id=202209010510
18:43:40 INFO: 取得完了: race_id=202209010510, 出走頭数=8
18:43:40 INFO: レース結果取得開始: race_id=202209010511
18:43:41 INFO: 取得完了: race_id=202209010511, 出走頭数=16
18:43:41 INFO: レース結果取得開始: race_id=202209010512
18:43:43 INFO: 取得完了: race_id=202209010512, 出走頭数=9
18:43:43 INFO: レース結果取得開始: race_id=202210020501
18:43:45 INFO: 取得完了: race_id=202210020501, 出走頭数=16
18:43:45 INFO: レース結果取得開始: race_id=202210020502
18:43:48 INFO: 取得完了: race_id=202210020502, 出走頭数=18
18:43:48 INFO: レース結果取得開始: race_id=202210020503
18:43:49 INFO: 取得完了: race_id=202210020503, 出走頭数=14
18:43:49 INFO: レース結果取得開始: race_id=202210020504
18:43:51 INFO: 取得完了: race_id=202210020504, 出走頭数=12
18:43:51 INFO: レース結果取得開始: race_id=202210020505
18:43:53 INFO: 取得完了: race_id=202210020505, 出走頭数=16
18:43:53 INFO: レース結果取得開始: race_id=202210020506
18:43:55 INFO: 取得完了: race_id=202210020506, 出走頭数=12
18:43:55 INFO: レース結果取得開始: race_id=202210020507
18:43:57 INFO: 取得完了: race_id=202210020507, 出走頭数=15
18:43:57 INFO: レース結果取得開始: race_id=202210020508
18:43:58 INFO: 取得完了: race_id=202210020508, 出走頭数=12
18:43:58 INFO: レース結果取得開始: race_id=202210020509
18:44:00 INFO: 取得完了: race_id=202210020509, 出走頭数=18
18:44:00 INFO: レース結果取得開始: race_id=202210020510
18:44:01 INFO: 取得完了: race_id=202210020510, 出走頭数=16
18:44:01 INFO: レース結果取得開始: race_id=202210020511
18:44:03 INFO: 取得完了: race_id=202210020511, 出走頭数=12
18:44:03 INFO: レース結果取得開始: race_id=202210020512
18:44:04 INFO: 取得完了: race_id=202210020512, 出走頭数=16
18:44:05 INFO: レース結果取得開始: race_id=202206020201
18:44:06 INFO: 取得完了: race_id=202206020201, 出走頭数=16
18:44:06 INFO: レース結果取得開始: race_id=202206020202
18:44:07 INFO: 取得完了: race_id=202206020202, 出走頭数=16
18:44:07 INFO: レース結果取得開始: race_id=202206020203
18:44:09 INFO: 取得完了: race_id=202206020203, 出走頭数=15
18:44:09 INFO: レース結果取得開始: race_id=202206020204
18:44:10 INFO: 取得完了: race_id=202206020204, 出走頭数=16
18:44:10 INFO: レース結果取得開始: race_id=202206020205
18:44:11 INFO: 取得完了: race_id=202206020205, 出走頭数=18
18:44:11 INFO: レース結果取得開始: race_id=202206020206
18:44:13 INFO: 取得完了: race_id=202206020206, 出走頭数=16
18:44:13 INFO: レース結果取得開始: race_id=202206020207
18:44:16 INFO: 取得完了: race_id=202206020207, 出走頭数=10
18:44:16 INFO: レース結果取得開始: race_id=202206020208
18:44:17 INFO: 取得完了: race_id=202206020208, 出走頭数=16
18:44:17 INFO: レース結果取得開始: race_id=202206020209
18:44:19 INFO: 取得完了: race_id=202206020209, 出走頭数=9
18:44:19 INFO: レース結果取得開始: race_id=202206020210
18:44:21 INFO: 取得完了: race_id=202206020210, 出走頭数=16
18:44:21 INFO: レース結果取得開始: race_id=202206020211
18:44:23 INFO: 取得完了: race_id=202206020211, 出走頭数=16
18:44:23 INFO: レース結果取得開始: race_id=202206020212
18:44:25 INFO: 取得完了: race_id=202206020212, 出走頭数=15
18:44:25 INFO: レース結果取得開始: race_id=202209010601
18:44:27 INFO: 取得完了: race_id=202209010601, 出走頭数=16
18:44:27 INFO: レース結果取得開始: race_id=202209010602
18:44:28 INFO: 取得完了: race_id=202209010602, 出走頭数=15
18:44:28 INFO: レース結果取得開始: race_id=202209010603
18:44:29 INFO: 取得完了: race_id=202209010603, 出走頭数=13
18:44:29 INFO: レース結果取得開始: race_id=202209010604
18:44:31 INFO: 取得完了: race_id=202209010604, 出走頭数=14
18:44:31 INFO: レース結果取得開始: race_id=202209010605
18:44:33 INFO: 取得完了: race_id=202209010605, 出走頭数=12
18:44:33 INFO: レース結果取得開始: race_id=202209010606
18:44:35 INFO: 取得完了: race_id=202209010606, 出走頭数=16
18:44:35 INFO: レース結果取得開始: race_id=202209010607
18:44:37 INFO: 取得完了: race_id=202209010607, 出走頭数=11
18:44:37 INFO: レース結果取得開始: race_id=202209010608
18:44:38 INFO: 取得完了: race_id=202209010608, 出走頭数=14
18:44:38 INFO: レース結果取得開始: race_id=202209010609
18:44:40 INFO: 取得完了: race_id=202209010609, 出走頭数=10
18:44:40 INFO: レース結果取得開始: race_id=202209010610
18:44:42 INFO: 取得完了: race_id=202209010610, 出走頭数=13
18:44:42 INFO: レース結果取得開始: race_id=202209010611
18:44:44 INFO: 取得完了: race_id=202209010611, 出走頭数=14
18:44:44 INFO: レース結果取得開始: race_id=202209010612
18:44:46 INFO: 取得完了: race_id=202209010612, 出走頭数=16
18:44:46 INFO: レース結果取得開始: race_id=202210020601
18:44:48 INFO: 取得完了: race_id=202210020601, 出走頭数=16
18:44:48 INFO: レース結果取得開始: race_id=202210020602
18:44:50 INFO: 取得完了: race_id=202210020602, 出走頭数=16
18:44:50 INFO: レース結果取得開始: race_id=202210020603
18:44:51 INFO: 取得完了: race_id=202210020603, 出走頭数=14
18:44:51 INFO: レース結果取得開始: race_id=202210020604
18:44:53 INFO: 取得完了: race_id=202210020604, 出走頭数=12
18:44:53 INFO: レース結果取得開始: race_id=202210020605
18:44:55 INFO: 取得完了: race_id=202210020605, 出走頭数=18
18:44:55 INFO: レース結果取得開始: race_id=202210020606
18:44:57 INFO: 取得完了: race_id=202210020606, 出走頭数=13
18:44:57 INFO: レース結果取得開始: race_id=202210020607
18:44:59 INFO: 取得完了: race_id=202210020607, 出走頭数=16
18:44:59 INFO: レース結果取得開始: race_id=202210020608
18:45:00 INFO: 取得完了: race_id=202210020608, 出走頭数=18
18:45:00 INFO: レース結果取得開始: race_id=202210020609
18:45:02 INFO: 取得完了: race_id=202210020609, 出走頭数=16
18:45:02 INFO: レース結果取得開始: race_id=202210020610
18:45:04 INFO: 取得完了: race_id=202210020610, 出走頭数=12
18:45:04 INFO: レース結果取得開始: race_id=202210020611
18:45:05 INFO: 取得完了: race_id=202210020611, 出走頭数=18
18:45:05 INFO: レース結果取得開始: race_id=202210020612
18:45:07 INFO: 取得完了: race_id=202210020612, 出走頭数=16
[  600/6912] 202210020612: 16頭  errors=0  残り≈187分
18:45:07 INFO: レース結果取得開始: race_id=202206020301
18:45:09 INFO: 取得完了: race_id=202206020301, 出走頭数=16
18:45:09 INFO: レース結果取得開始: race_id=202206020302
18:45:11 INFO: 取得完了: race_id=202206020302, 出走頭数=16
18:45:11 INFO: レース結果取得開始: race_id=202206020303
18:45:13 INFO: 取得完了: race_id=202206020303, 出走頭数=16
18:45:13 INFO: レース結果取得開始: race_id=202206020304
18:45:15 INFO: 取得完了: race_id=202206020304, 出走頭数=9
18:45:15 INFO: レース結果取得開始: race_id=202206020305
18:45:17 INFO: 取得完了: race_id=202206020305, 出走頭数=16
18:45:17 INFO: レース結果取得開始: race_id=202206020306
18:45:19 INFO: 取得完了: race_id=202206020306, 出走頭数=16
18:45:19 INFO: レース結果取得開始: race_id=202206020307
18:45:20 INFO: 取得完了: race_id=202206020307, 出走頭数=16
18:45:20 INFO: レース結果取得開始: race_id=202206020308
18:45:22 INFO: 取得完了: race_id=202206020308, 出走頭数=16
18:45:22 INFO: レース結果取得開始: race_id=202206020309
18:45:24 INFO: 取得完了: race_id=202206020309, 出走頭数=8
18:45:24 INFO: レース結果取得開始: race_id=202206020310
18:45:26 INFO: 取得完了: race_id=202206020310, 出走頭数=16
18:45:26 INFO: レース結果取得開始: race_id=202206020311
18:45:28 INFO: 取得完了: race_id=202206020311, 出走頭数=15
18:45:29 INFO: レース結果取得開始: race_id=202206020312
18:45:30 INFO: 取得完了: race_id=202206020312, 出走頭数=14
18:45:30 INFO: レース結果取得開始: race_id=202209010701
18:45:32 INFO: 取得完了: race_id=202209010701, 出走頭数=14
18:45:32 INFO: レース結果取得開始: race_id=202209010702
18:45:34 INFO: 取得完了: race_id=202209010702, 出走頭数=16
18:45:34 INFO: レース結果取得開始: race_id=202209010703
18:45:35 INFO: 取得完了: race_id=202209010703, 出走頭数=16
18:45:35 INFO: レース結果取得開始: race_id=202209010704
18:45:37 INFO: 取得完了: race_id=202209010704, 出走頭数=16
18:45:37 INFO: レース結果取得開始: race_id=202209010705
18:45:39 INFO: 取得完了: race_id=202209010705, 出走頭数=18
18:45:39 INFO: レース結果取得開始: race_id=202209010706
18:45:41 INFO: 取得完了: race_id=202209010706, 出走頭数=12
18:45:41 INFO: レース結果取得開始: race_id=202209010707
18:45:42 INFO: 取得完了: race_id=202209010707, 出走頭数=10
18:45:42 INFO: レース結果取得開始: race_id=202209010708
18:45:44 INFO: 取得完了: race_id=202209010708, 出走頭数=11
18:45:44 INFO: レース結果取得開始: race_id=202209010709
18:45:45 INFO: 取得完了: race_id=202209010709, 出走頭数=9
18:45:45 INFO: レース結果取得開始: race_id=202209010710
18:45:47 INFO: 取得完了: race_id=202209010710, 出走頭数=16
18:45:47 INFO: レース結果取得開始: race_id=202209010711
18:45:49 INFO: 取得完了: race_id=202209010711, 出走頭数=15
18:45:49 INFO: レース結果取得開始: race_id=202209010712
18:45:51 INFO: 取得完了: race_id=202209010712, 出走頭数=9
18:45:51 INFO: レース結果取得開始: race_id=202206020401
18:45:53 INFO: 取得完了: race_id=202206020401, 出走頭数=16
18:45:53 INFO: レース結果取得開始: race_id=202206020402
18:45:55 INFO: 取得完了: race_id=202206020402, 出走頭数=16
18:45:55 INFO: レース結果取得開始: race_id=202206020403
18:45:56 INFO: 取得完了: race_id=202206020403, 出走頭数=16
18:45:56 INFO: レース結果取得開始: race_id=202206020404
18:45:58 INFO: 取得完了: race_id=202206020404, 出走頭数=16
18:45:58 INFO: レース結果取得開始: race_id=202206020405
18:46:00 INFO: 取得完了: race_id=202206020405, 出走頭数=16
18:46:00 INFO: レース結果取得開始: race_id=202206020406
18:46:02 INFO: 取得完了: race_id=202206020406, 出走頭数=10
18:46:02 INFO: レース結果取得開始: race_id=202206020407
18:46:03 INFO: 取得完了: race_id=202206020407, 出走頭数=16
18:46:03 INFO: レース結果取得開始: race_id=202206020408
18:46:05 INFO: 取得完了: race_id=202206020408, 出走頭数=10
18:46:05 INFO: レース結果取得開始: race_id=202206020409
18:46:06 INFO: 取得完了: race_id=202206020409, 出走頭数=16
18:46:06 INFO: レース結果取得開始: race_id=202206020410
18:46:08 INFO: 取得完了: race_id=202206020410, 出走頭数=14
18:46:08 INFO: レース結果取得開始: race_id=202206020411
18:46:11 INFO: 取得完了: race_id=202206020411, 出走頭数=11
18:46:11 INFO: レース結果取得開始: race_id=202206020412
18:46:13 INFO: 取得完了: race_id=202206020412, 出走頭数=16
18:46:13 INFO: レース結果取得開始: race_id=202209010801
18:46:14 INFO: 取得完了: race_id=202209010801, 出走頭数=16
18:46:14 INFO: レース結果取得開始: race_id=202209010802
18:46:16 INFO: 取得完了: race_id=202209010802, 出走頭数=14
18:46:16 INFO: レース結果取得開始: race_id=202209010803
18:46:18 INFO: 取得完了: race_id=202209010803, 出走頭数=16
18:46:18 INFO: レース結果取得開始: race_id=202209010804
18:46:19 INFO: 取得完了: race_id=202209010804, 出走頭数=7
18:46:19 INFO: レース結果取得開始: race_id=202209010805
18:46:21 INFO: 取得完了: race_id=202209010805, 出走頭数=15
18:46:21 INFO: レース結果取得開始: race_id=202209010806
18:46:22 INFO: 取得完了: race_id=202209010806, 出走頭数=8
18:46:22 INFO: レース結果取得開始: race_id=202209010807
18:46:24 INFO: 取得完了: race_id=202209010807, 出走頭数=17
18:46:24 INFO: レース結果取得開始: race_id=202209010808
18:46:26 INFO: 取得完了: race_id=202209010808, 出走頭数=16
18:46:26 INFO: レース結果取得開始: race_id=202209010809
18:46:28 INFO: 取得完了: race_id=202209010809, 出走頭数=7
18:46:28 INFO: レース結果取得開始: race_id=202209010810
18:46:30 INFO: 取得完了: race_id=202209010810, 出走頭数=11
18:46:30 INFO: レース結果取得開始: race_id=202209010811
18:46:31 INFO: 取得完了: race_id=202209010811, 出走頭数=12
18:46:31 INFO: レース結果取得開始: race_id=202209010812
18:46:33 INFO: 取得完了: race_id=202209010812, 出走頭数=16
18:46:33 INFO: レース結果取得開始: race_id=202206020501
18:46:35 INFO: 取得完了: race_id=202206020501, 出走頭数=16
18:46:35 INFO: レース結果取得開始: race_id=202206020502
18:46:37 INFO: 取得完了: race_id=202206020502, 出走頭数=16
18:46:37 INFO: レース結果取得開始: race_id=202206020503
18:46:39 INFO: 取得完了: race_id=202206020503, 出走頭数=15
18:46:39 INFO: レース結果取得開始: race_id=202206020504
18:46:40 INFO: 取得完了: race_id=202206020504, 出走頭数=16
18:46:40 INFO: レース結果取得開始: race_id=202206020505
18:46:42 INFO: 取得完了: race_id=202206020505, 出走頭数=16
18:46:42 INFO: レース結果取得開始: race_id=202206020506
18:46:44 INFO: 取得完了: race_id=202206020506, 出走頭数=14
18:46:44 INFO: レース結果取得開始: race_id=202206020507
18:46:45 INFO: 取得完了: race_id=202206020507, 出走頭数=13
18:46:45 INFO: レース結果取得開始: race_id=202206020508
18:46:48 INFO: 取得完了: race_id=202206020508, 出走頭数=16
18:46:48 INFO: レース結果取得開始: race_id=202206020509
18:46:49 INFO: 取得完了: race_id=202206020509, 出走頭数=16
18:46:49 INFO: レース結果取得開始: race_id=202206020510
18:46:50 INFO: 取得完了: race_id=202206020510, 出走頭数=16
18:46:51 INFO: レース結果取得開始: race_id=202206020511
18:46:53 INFO: 取得完了: race_id=202206020511, 出走頭数=16
18:46:53 INFO: レース結果取得開始: race_id=202206020512
18:46:54 INFO: 取得完了: race_id=202206020512, 出走頭数=16
18:46:54 INFO: レース結果取得開始: race_id=202207020101
18:46:55 INFO: 取得完了: race_id=202207020101, 出走頭数=16
18:46:55 INFO: レース結果取得開始: race_id=202207020102
18:46:57 INFO: 取得完了: race_id=202207020102, 出走頭数=13
18:46:57 INFO: レース結果取得開始: race_id=202207020103
18:46:59 INFO: 取得完了: race_id=202207020103, 出走頭数=18
18:46:59 INFO: レース結果取得開始: race_id=202207020104
18:47:00 INFO: 取得完了: race_id=202207020104, 出走頭数=15
18:47:00 INFO: レース結果取得開始: race_id=202207020105
18:47:02 INFO: 取得完了: race_id=202207020105, 出走頭数=14
18:47:02 INFO: レース結果取得開始: race_id=202207020106
18:47:03 INFO: 取得完了: race_id=202207020106, 出走頭数=16
18:47:03 INFO: レース結果取得開始: race_id=202207020107
18:47:06 INFO: 取得完了: race_id=202207020107, 出走頭数=16
18:47:06 INFO: レース結果取得開始: race_id=202207020108
18:47:08 INFO: 取得完了: race_id=202207020108, 出走頭数=15
18:47:08 INFO: レース結果取得開始: race_id=202207020109
18:47:09 INFO: 取得完了: race_id=202207020109, 出走頭数=16
18:47:09 INFO: レース結果取得開始: race_id=202207020110
18:47:12 INFO: 取得完了: race_id=202207020110, 出走頭数=16
18:47:12 INFO: レース結果取得開始: race_id=202207020111
18:47:13 INFO: 取得完了: race_id=202207020111, 出走頭数=16
18:47:13 INFO: レース結果取得開始: race_id=202207020112
18:47:14 INFO: 取得完了: race_id=202207020112, 出走頭数=18
18:47:14 INFO: レース結果取得開始: race_id=202209010901
18:47:17 INFO: 取得完了: race_id=202209010901, 出走頭数=9
18:47:17 INFO: レース結果取得開始: race_id=202209010902
18:47:18 INFO: 取得完了: race_id=202209010902, 出走頭数=16
18:47:18 INFO: レース結果取得開始: race_id=202209010903
18:47:20 INFO: 取得完了: race_id=202209010903, 出走頭数=8
18:47:20 INFO: レース結果取得開始: race_id=202209010904
18:47:22 INFO: 取得完了: race_id=202209010904, 出走頭数=11
18:47:22 INFO: レース結果取得開始: race_id=202209010905
18:47:24 INFO: 取得完了: race_id=202209010905, 出走頭数=16
18:47:24 INFO: レース結果取得開始: race_id=202209010906
18:47:25 INFO: 取得完了: race_id=202209010906, 出走頭数=9
18:47:25 INFO: レース結果取得開始: race_id=202209010907
18:47:27 INFO: 取得完了: race_id=202209010907, 出走頭数=16
18:47:27 INFO: レース結果取得開始: race_id=202209010908
18:47:29 INFO: 取得完了: race_id=202209010908, 出走頭数=11
18:47:29 INFO: レース結果取得開始: race_id=202209010909
18:47:31 INFO: 取得完了: race_id=202209010909, 出走頭数=8
18:47:31 INFO: レース結果取得開始: race_id=202209010910
18:47:32 INFO: 取得完了: race_id=202209010910, 出走頭数=16
18:47:33 INFO: レース結果取得開始: race_id=202209010911
18:47:34 INFO: 取得完了: race_id=202209010911, 出走頭数=16
18:47:34 INFO: レース結果取得開始: race_id=202209010912
18:47:36 INFO: 取得完了: race_id=202209010912, 出走頭数=13
18:47:36 INFO: レース結果取得開始: race_id=202206020601
18:47:38 INFO: 取得完了: race_id=202206020601, 出走頭数=15
18:47:38 INFO: レース結果取得開始: race_id=202206020602
18:47:40 INFO: 取得完了: race_id=202206020602, 出走頭数=16
18:47:40 INFO: レース結果取得開始: race_id=202206020603
18:47:42 INFO: 取得完了: race_id=202206020603, 出走頭数=15
18:47:42 INFO: レース結果取得開始: race_id=202206020604
18:47:44 INFO: 取得完了: race_id=202206020604, 出走頭数=6
18:47:44 INFO: レース結果取得開始: race_id=202206020605
18:47:45 INFO: 取得完了: race_id=202206020605, 出走頭数=17
18:47:45 INFO: レース結果取得開始: race_id=202206020606
18:47:46 INFO: 取得完了: race_id=202206020606, 出走頭数=16
18:47:47 INFO: レース結果取得開始: race_id=202206020607
18:47:49 INFO: 取得完了: race_id=202206020607, 出走頭数=16
18:47:49 INFO: レース結果取得開始: race_id=202206020608
18:47:51 INFO: 取得完了: race_id=202206020608, 出走頭数=10
18:47:51 INFO: レース結果取得開始: race_id=202206020609
18:47:52 INFO: 取得完了: race_id=202206020609, 出走頭数=16
18:47:52 INFO: レース結果取得開始: race_id=202206020610
18:47:55 INFO: 取得完了: race_id=202206020610, 出走頭数=14
18:47:55 INFO: レース結果取得開始: race_id=202206020611
18:47:56 INFO: 取得完了: race_id=202206020611, 出走頭数=14
18:47:56 INFO: レース結果取得開始: race_id=202206020612
18:47:58 INFO: 取得完了: race_id=202206020612, 出走頭数=16
18:47:58 INFO: レース結果取得開始: race_id=202207020201
18:48:00 INFO: 取得完了: race_id=202207020201, 出走頭数=16
18:48:00 INFO: レース結果取得開始: race_id=202207020202
18:48:02 INFO: 取得完了: race_id=202207020202, 出走頭数=12
18:48:02 INFO: レース結果取得開始: race_id=202207020203
18:48:03 INFO: 取得完了: race_id=202207020203, 出走頭数=16
18:48:03 INFO: レース結果取得開始: race_id=202207020204
18:48:05 INFO: 取得完了: race_id=202207020204, 出走頭数=10
[  700/6912] 202207020204: 10頭  errors=0  残り≈184分
18:48:05 INFO: レース結果取得開始: race_id=202207020205
18:48:07 INFO: 取得完了: race_id=202207020205, 出走頭数=18
18:48:07 INFO: レース結果取得開始: race_id=202207020206
18:48:09 INFO: 取得完了: race_id=202207020206, 出走頭数=11
18:48:09 INFO: レース結果取得開始: race_id=202207020207
18:48:10 INFO: 取得完了: race_id=202207020207, 出走頭数=16
18:48:10 INFO: レース結果取得開始: race_id=202207020208
18:48:13 INFO: 取得完了: race_id=202207020208, 出走頭数=10
18:48:13 INFO: レース結果取得開始: race_id=202207020209
18:48:15 INFO: 取得完了: race_id=202207020209, 出走頭数=10
18:48:15 INFO: レース結果取得開始: race_id=202207020210
18:48:16 INFO: 取得完了: race_id=202207020210, 出走頭数=10
18:48:16 INFO: レース結果取得開始: race_id=202207020211
18:48:19 INFO: 取得完了: race_id=202207020211, 出走頭数=13
18:48:19 INFO: レース結果取得開始: race_id=202207020212
18:48:20 INFO: 取得完了: race_id=202207020212, 出走頭数=16
18:48:20 INFO: レース結果取得開始: race_id=202209011001
18:48:22 INFO: 取得完了: race_id=202209011001, 出走頭数=15
18:48:22 INFO: レース結果取得開始: race_id=202209011002
18:48:23 INFO: 取得完了: race_id=202209011002, 出走頭数=11
18:48:23 INFO: レース結果取得開始: race_id=202209011003
18:48:25 INFO: 取得完了: race_id=202209011003, 出走頭数=16
18:48:25 INFO: レース結果取得開始: race_id=202209011004
18:48:27 INFO: 取得完了: race_id=202209011004, 出走頭数=18
18:48:27 INFO: レース結果取得開始: race_id=202209011005
18:48:28 INFO: 取得完了: race_id=202209011005, 出走頭数=13
18:48:28 INFO: レース結果取得開始: race_id=202209011006
18:48:30 INFO: 取得完了: race_id=202209011006, 出走頭数=12
18:48:30 INFO: レース結果取得開始: race_id=202209011007
18:48:32 INFO: 取得完了: race_id=202209011007, 出走頭数=10
18:48:32 INFO: レース結果取得開始: race_id=202209011008
18:48:33 INFO: 取得完了: race_id=202209011008, 出走頭数=12
18:48:33 INFO: レース結果取得開始: race_id=202209011009
18:48:35 INFO: 取得完了: race_id=202209011009, 出走頭数=12
18:48:35 INFO: レース結果取得開始: race_id=202209011010
18:48:36 INFO: 取得完了: race_id=202209011010, 出走頭数=16
18:48:36 INFO: レース結果取得開始: race_id=202209011011
18:48:38 INFO: 取得完了: race_id=202209011011, 出走頭数=15
18:48:38 INFO: レース結果取得開始: race_id=202209011012
18:48:40 INFO: 取得完了: race_id=202209011012, 出走頭数=15
18:48:40 INFO: レース結果取得開始: race_id=202207020301
18:48:41 INFO: 取得完了: race_id=202207020301, 出走頭数=12
18:48:41 INFO: レース結果取得開始: race_id=202207020302
18:48:43 INFO: 取得完了: race_id=202207020302, 出走頭数=16
18:48:43 INFO: レース結果取得開始: race_id=202207020303
18:48:44 INFO: 取得完了: race_id=202207020303, 出走頭数=16
18:48:44 INFO: レース結果取得開始: race_id=202207020304
18:48:46 INFO: 取得完了: race_id=202207020304, 出走頭数=18
18:48:46 INFO: レース結果取得開始: race_id=202207020305
18:48:48 INFO: 取得完了: race_id=202207020305, 出走頭数=16
18:48:49 INFO: レース結果取得開始: race_id=202207020306
18:48:51 INFO: 取得完了: race_id=202207020306, 出走頭数=16
18:48:51 INFO: レース結果取得開始: race_id=202207020307
18:48:53 INFO: 取得完了: race_id=202207020307, 出走頭数=14
18:48:53 INFO: レース結果取得開始: race_id=202207020308
18:48:55 INFO: 取得完了: race_id=202207020308, 出走頭数=15
18:48:55 INFO: レース結果取得開始: race_id=202207020309
18:48:57 INFO: 取得完了: race_id=202207020309, 出走頭数=16
18:48:57 INFO: レース結果取得開始: race_id=202207020310
18:48:59 INFO: 取得完了: race_id=202207020310, 出走頭数=16
18:48:59 INFO: レース結果取得開始: race_id=202207020311
18:49:01 INFO: 取得完了: race_id=202207020311, 出走頭数=18
18:49:01 INFO: レース結果取得開始: race_id=202207020312
18:49:03 INFO: 取得完了: race_id=202207020312, 出走頭数=16
18:49:03 INFO: レース結果取得開始: race_id=202209011101
18:49:04 INFO: 取得完了: race_id=202209011101, 出走頭数=16
18:49:04 INFO: レース結果取得開始: race_id=202209011102
18:49:06 INFO: 取得完了: race_id=202209011102, 出走頭数=16
18:49:06 INFO: レース結果取得開始: race_id=202209011103
18:49:08 INFO: 取得完了: race_id=202209011103, 出走頭数=16
18:49:08 INFO: レース結果取得開始: race_id=202209011104
18:49:10 INFO: 取得完了: race_id=202209011104, 出走頭数=9
18:49:10 INFO: レース結果取得開始: race_id=202209011105
18:49:12 INFO: 取得完了: race_id=202209011105, 出走頭数=16
18:49:12 INFO: レース結果取得開始: race_id=202209011106
18:49:14 INFO: 取得完了: race_id=202209011106, 出走頭数=16
18:49:14 INFO: レース結果取得開始: race_id=202209011107
18:49:16 INFO: 取得完了: race_id=202209011107, 出走頭数=10
18:49:16 INFO: レース結果取得開始: race_id=202209011108
18:49:18 INFO: 取得完了: race_id=202209011108, 出走頭数=8
18:49:18 INFO: レース結果取得開始: race_id=202209011109
18:49:19 INFO: 取得完了: race_id=202209011109, 出走頭数=9
18:49:19 INFO: レース結果取得開始: race_id=202209011110
18:49:22 INFO: 取得完了: race_id=202209011110, 出走頭数=13
18:49:22 INFO: レース結果取得開始: race_id=202209011111
18:49:24 INFO: 取得完了: race_id=202209011111, 出走頭数=10
18:49:24 INFO: レース結果取得開始: race_id=202209011112
18:49:25 INFO: 取得完了: race_id=202209011112, 出走頭数=16
18:49:25 INFO: レース結果取得開始: race_id=202206020701
18:49:26 INFO: 取得完了: race_id=202206020701, 出走頭数=16
18:49:26 INFO: レース結果取得開始: race_id=202206020702
18:49:28 INFO: 取得完了: race_id=202206020702, 出走頭数=16
18:49:28 INFO: レース結果取得開始: race_id=202206020703
18:49:30 INFO: 取得完了: race_id=202206020703, 出走頭数=16
18:49:30 INFO: レース結果取得開始: race_id=202206020704
18:49:31 INFO: 取得完了: race_id=202206020704, 出走頭数=16
18:49:31 INFO: レース結果取得開始: race_id=202206020705
18:49:32 INFO: 取得完了: race_id=202206020705, 出走頭数=18
18:49:32 INFO: レース結果取得開始: race_id=202206020706
18:49:34 INFO: 取得完了: race_id=202206020706, 出走頭数=16
18:49:34 INFO: レース結果取得開始: race_id=202206020707
18:49:35 INFO: 取得完了: race_id=202206020707, 出走頭数=16
18:49:35 INFO: レース結果取得開始: race_id=202206020708
18:49:38 INFO: 取得完了: race_id=202206020708, 出走頭数=14
18:49:38 INFO: レース結果取得開始: race_id=202206020709
18:49:40 INFO: 取得完了: race_id=202206020709, 出走頭数=16
18:49:40 INFO: レース結果取得開始: race_id=202206020710
18:49:42 INFO: 取得完了: race_id=202206020710, 出走頭数=16
18:49:42 INFO: レース結果取得開始: race_id=202206020711
18:49:44 INFO: 取得完了: race_id=202206020711, 出走頭数=13
18:49:44 INFO: レース結果取得開始: race_id=202206020712
18:49:45 INFO: 取得完了: race_id=202206020712, 出走頭数=15
18:49:45 INFO: レース結果取得開始: race_id=202209011201
18:49:46 INFO: 取得完了: race_id=202209011201, 出走頭数=15
18:49:46 INFO: レース結果取得開始: race_id=202209011202
18:49:48 INFO: 取得完了: race_id=202209011202, 出走頭数=16
18:49:48 INFO: レース結果取得開始: race_id=202209011203
18:49:50 INFO: 取得完了: race_id=202209011203, 出走頭数=15
18:49:50 INFO: レース結果取得開始: race_id=202209011204
18:49:51 INFO: 取得完了: race_id=202209011204, 出走頭数=10
18:49:51 INFO: レース結果取得開始: race_id=202209011205
18:49:53 INFO: 取得完了: race_id=202209011205, 出走頭数=18
18:49:53 INFO: レース結果取得開始: race_id=202209011206
18:49:55 INFO: 取得完了: race_id=202209011206, 出走頭数=9
18:49:55 INFO: レース結果取得開始: race_id=202209011207
18:49:57 INFO: 取得完了: race_id=202209011207, 出走頭数=7
18:49:57 INFO: レース結果取得開始: race_id=202209011208
18:49:59 INFO: 取得完了: race_id=202209011208, 出走頭数=16
18:49:59 INFO: レース結果取得開始: race_id=202209011209
18:50:01 INFO: 取得完了: race_id=202209011209, 出走頭数=9
18:50:01 INFO: レース結果取得開始: race_id=202209011210
18:50:03 INFO: 取得完了: race_id=202209011210, 出走頭数=16
18:50:03 INFO: レース結果取得開始: race_id=202209011211
18:50:05 INFO: 取得完了: race_id=202209011211, 出走頭数=13
18:50:05 INFO: レース結果取得開始: race_id=202209011212
18:50:07 INFO: 取得完了: race_id=202209011212, 出走頭数=16
18:50:07 INFO: レース結果取得開始: race_id=202206020801
18:50:09 INFO: 取得完了: race_id=202206020801, 出走頭数=16
18:50:09 INFO: レース結果取得開始: race_id=202206020802
18:50:10 INFO: 取得完了: race_id=202206020802, 出走頭数=16
18:50:10 INFO: レース結果取得開始: race_id=202206020803
18:50:12 INFO: 取得完了: race_id=202206020803, 出走頭数=16
18:50:12 INFO: レース結果取得開始: race_id=202206020804
18:50:14 INFO: 取得完了: race_id=202206020804, 出走頭数=13
18:50:14 INFO: レース結果取得開始: race_id=202206020805
18:50:16 INFO: 取得完了: race_id=202206020805, 出走頭数=17
18:50:16 INFO: レース結果取得開始: race_id=202206020806
18:50:18 INFO: 取得完了: race_id=202206020806, 出走頭数=13
18:50:18 INFO: レース結果取得開始: race_id=202206020807
18:50:20 INFO: 取得完了: race_id=202206020807, 出走頭数=14
18:50:20 INFO: レース結果取得開始: race_id=202206020808
18:50:22 INFO: 取得完了: race_id=202206020808, 出走頭数=16
18:50:22 INFO: レース結果取得開始: race_id=202206020809
18:50:24 INFO: 取得完了: race_id=202206020809, 出走頭数=10
18:50:24 INFO: レース結果取得開始: race_id=202206020810
18:50:26 INFO: 取得完了: race_id=202206020810, 出走頭数=16
18:50:26 INFO: レース結果取得開始: race_id=202206020811
18:50:27 INFO: 取得完了: race_id=202206020811, 出走頭数=12
18:50:27 INFO: レース結果取得開始: race_id=202206020812
18:50:29 INFO: 取得完了: race_id=202206020812, 出走頭数=12
18:50:29 INFO: レース結果取得開始: race_id=202207020401
18:50:31 INFO: 取得完了: race_id=202207020401, 出走頭数=16
18:50:31 INFO: レース結果取得開始: race_id=202207020402
18:50:33 INFO: 取得完了: race_id=202207020402, 出走頭数=14
18:50:33 INFO: レース結果取得開始: race_id=202207020403
18:50:35 INFO: 取得完了: race_id=202207020403, 出走頭数=16
18:50:35 INFO: レース結果取得開始: race_id=202207020404
18:50:37 INFO: 取得完了: race_id=202207020404, 出走頭数=16
18:50:37 INFO: レース結果取得開始: race_id=202207020405
18:50:39 INFO: 取得完了: race_id=202207020405, 出走頭数=17
18:50:39 INFO: レース結果取得開始: race_id=202207020406
18:50:40 INFO: 取得完了: race_id=202207020406, 出走頭数=11
18:50:40 INFO: レース結果取得開始: race_id=202207020407
18:50:42 INFO: 取得完了: race_id=202207020407, 出走頭数=16
18:50:42 INFO: レース結果取得開始: race_id=202207020408
18:50:44 INFO: 取得完了: race_id=202207020408, 出走頭数=10
18:50:44 INFO: レース結果取得開始: race_id=202207020409
18:50:46 INFO: 取得完了: race_id=202207020409, 出走頭数=10
18:50:46 INFO: レース結果取得開始: race_id=202207020410
18:50:48 INFO: 取得完了: race_id=202207020410, 出走頭数=12
18:50:48 INFO: レース結果取得開始: race_id=202207020411
18:50:49 INFO: 取得完了: race_id=202207020411, 出走頭数=16
18:50:49 INFO: レース結果取得開始: race_id=202207020412
18:50:52 INFO: 取得完了: race_id=202207020412, 出走頭数=16
18:50:52 INFO: レース結果取得開始: race_id=202206030101
18:50:53 INFO: 取得完了: race_id=202206030101, 出走頭数=16
18:50:53 INFO: レース結果取得開始: race_id=202206030102
18:50:55 INFO: 取得完了: race_id=202206030102, 出走頭数=16
18:50:55 INFO: レース結果取得開始: race_id=202206030103
18:50:57 INFO: 取得完了: race_id=202206030103, 出走頭数=16
18:50:57 INFO: レース結果取得開始: race_id=202206030104
18:50:59 INFO: 取得完了: race_id=202206030104, 出走頭数=16
18:50:59 INFO: レース結果取得開始: race_id=202206030105
18:51:01 INFO: 取得完了: race_id=202206030105, 出走頭数=13
18:51:01 INFO: レース結果取得開始: race_id=202206030106
18:51:02 INFO: 取得完了: race_id=202206030106, 出走頭数=12
18:51:02 INFO: レース結果取得開始: race_id=202206030107
18:51:04 INFO: 取得完了: race_id=202206030107, 出走頭数=11
18:51:04 INFO: レース結果取得開始: race_id=202206030108
18:51:07 INFO: 取得完了: race_id=202206030108, 出走頭数=11
[  800/6912] 202206030108: 11頭  errors=0  残り≈182分
18:51:07 INFO: レース結果取得開始: race_id=202206030109
18:51:08 INFO: 取得完了: race_id=202206030109, 出走頭数=16
18:51:08 INFO: レース結果取得開始: race_id=202206030110
18:51:09 INFO: 取得完了: race_id=202206030110, 出走頭数=8
18:51:09 INFO: レース結果取得開始: race_id=202206030111
18:51:11 INFO: 取得完了: race_id=202206030111, 出走頭数=15
18:51:11 INFO: レース結果取得開始: race_id=202206030112
18:51:13 INFO: 取得完了: race_id=202206030112, 出走頭数=16
18:51:13 INFO: レース結果取得開始: race_id=202207020501
18:51:14 INFO: 取得完了: race_id=202207020501, 出走頭数=16
18:51:15 INFO: レース結果取得開始: race_id=202207020502
18:51:17 INFO: 取得完了: race_id=202207020502, 出走頭数=15
18:51:17 INFO: レース結果取得開始: race_id=202207020503
18:51:19 INFO: 取得完了: race_id=202207020503, 出走頭数=14
18:51:19 INFO: レース結果取得開始: race_id=202207020504
18:51:21 INFO: 取得完了: race_id=202207020504, 出走頭数=18
18:51:21 INFO: レース結果取得開始: race_id=202207020505
18:51:22 INFO: 取得完了: race_id=202207020505, 出走頭数=14
18:51:22 INFO: レース結果取得開始: race_id=202207020506
18:51:24 INFO: 取得完了: race_id=202207020506, 出走頭数=15
18:51:24 INFO: レース結果取得開始: race_id=202207020507
18:51:25 INFO: 取得完了: race_id=202207020507, 出走頭数=13
18:51:25 INFO: レース結果取得開始: race_id=202207020508
18:51:27 INFO: 取得完了: race_id=202207020508, 出走頭数=16
18:51:27 INFO: レース結果取得開始: race_id=202207020509
18:51:28 INFO: 取得完了: race_id=202207020509, 出走頭数=14
18:51:28 INFO: レース結果取得開始: race_id=202207020510
18:51:30 INFO: 取得完了: race_id=202207020510, 出走頭数=9
18:51:31 INFO: レース結果取得開始: race_id=202207020511
18:51:32 INFO: 取得完了: race_id=202207020511, 出走頭数=14
18:51:32 INFO: レース結果取得開始: race_id=202207020512
18:51:34 INFO: 取得完了: race_id=202207020512, 出走頭数=11
18:51:34 INFO: レース結果取得開始: race_id=202209020101
18:51:35 INFO: 取得完了: race_id=202209020101, 出走頭数=16
18:51:35 INFO: レース結果取得開始: race_id=202209020102
18:51:37 INFO: 取得完了: race_id=202209020102, 出走頭数=13
18:51:37 INFO: レース結果取得開始: race_id=202209020103
18:51:39 INFO: 取得完了: race_id=202209020103, 出走頭数=16
18:51:39 INFO: レース結果取得開始: race_id=202209020104
18:51:41 INFO: 取得完了: race_id=202209020104, 出走頭数=12
18:51:41 INFO: レース結果取得開始: race_id=202209020105
18:51:43 INFO: 取得完了: race_id=202209020105, 出走頭数=15
18:51:43 INFO: レース結果取得開始: race_id=202209020106
18:51:44 INFO: 取得完了: race_id=202209020106, 出走頭数=9
18:51:44 INFO: レース結果取得開始: race_id=202209020107
18:51:46 INFO: 取得完了: race_id=202209020107, 出走頭数=8
18:51:46 INFO: レース結果取得開始: race_id=202209020108
18:51:47 INFO: 取得完了: race_id=202209020108, 出走頭数=13
18:51:47 INFO: レース結果取得開始: race_id=202209020109
18:51:49 INFO: 取得完了: race_id=202209020109, 出走頭数=7
18:51:49 INFO: レース結果取得開始: race_id=202209020110
18:51:51 INFO: 取得完了: race_id=202209020110, 出走頭数=10
18:51:51 INFO: レース結果取得開始: race_id=202209020111
18:51:52 INFO: 取得完了: race_id=202209020111, 出走頭数=10
18:51:52 INFO: レース結果取得開始: race_id=202209020112
18:51:55 INFO: 取得完了: race_id=202209020112, 出走頭数=13
18:51:55 INFO: レース結果取得開始: race_id=202206030201
18:51:56 INFO: 取得完了: race_id=202206030201, 出走頭数=16
18:51:56 INFO: レース結果取得開始: race_id=202206030202
18:51:58 INFO: 取得完了: race_id=202206030202, 出走頭数=16
18:51:58 INFO: レース結果取得開始: race_id=202206030203
18:52:00 INFO: 取得完了: race_id=202206030203, 出走頭数=16
18:52:00 INFO: レース結果取得開始: race_id=202206030204
18:52:02 INFO: 取得完了: race_id=202206030204, 出走頭数=16
18:52:02 INFO: レース結果取得開始: race_id=202206030205
18:52:04 INFO: 取得完了: race_id=202206030205, 出走頭数=15
18:52:04 INFO: レース結果取得開始: race_id=202206030206
18:52:06 INFO: 取得完了: race_id=202206030206, 出走頭数=11
18:52:06 INFO: レース結果取得開始: race_id=202206030207
18:52:08 INFO: 取得完了: race_id=202206030207, 出走頭数=15
18:52:08 INFO: レース結果取得開始: race_id=202206030208
18:52:10 INFO: 取得完了: race_id=202206030208, 出走頭数=11
18:52:10 INFO: レース結果取得開始: race_id=202206030209
18:52:12 INFO: 取得完了: race_id=202206030209, 出走頭数=8
18:52:12 INFO: レース結果取得開始: race_id=202206030210
18:52:13 INFO: 取得完了: race_id=202206030210, 出走頭数=16
18:52:13 INFO: レース結果取得開始: race_id=202206030211
18:52:15 INFO: 取得完了: race_id=202206030211, 出走頭数=16
18:52:15 INFO: レース結果取得開始: race_id=202206030212
18:52:17 INFO: 取得完了: race_id=202206030212, 出走頭数=13
18:52:17 INFO: レース結果取得開始: race_id=202207020601
18:52:19 INFO: 取得完了: race_id=202207020601, 出走頭数=15
18:52:19 INFO: レース結果取得開始: race_id=202207020602
18:52:21 INFO: 取得完了: race_id=202207020602, 出走頭数=16
18:52:21 INFO: レース結果取得開始: race_id=202207020603
18:52:22 INFO: 取得完了: race_id=202207020603, 出走頭数=16
18:52:23 INFO: レース結果取得開始: race_id=202207020604
18:52:24 INFO: 取得完了: race_id=202207020604, 出走頭数=16
18:52:24 INFO: レース結果取得開始: race_id=202207020605
18:52:26 INFO: 取得完了: race_id=202207020605, 出走頭数=17
18:52:26 INFO: レース結果取得開始: race_id=202207020606
18:52:28 INFO: 取得完了: race_id=202207020606, 出走頭数=14
18:52:28 INFO: レース結果取得開始: race_id=202207020607
18:52:30 INFO: 取得完了: race_id=202207020607, 出走頭数=16
18:52:30 INFO: レース結果取得開始: race_id=202207020608
18:52:32 INFO: 取得完了: race_id=202207020608, 出走頭数=18
18:52:32 INFO: レース結果取得開始: race_id=202207020609
18:52:33 INFO: 取得完了: race_id=202207020609, 出走頭数=8
18:52:33 INFO: レース結果取得開始: race_id=202207020610
18:52:35 INFO: 取得完了: race_id=202207020610, 出走頭数=16
18:52:35 INFO: レース結果取得開始: race_id=202207020611
18:52:37 INFO: 取得完了: race_id=202207020611, 出走頭数=18
18:52:37 INFO: レース結果取得開始: race_id=202207020612
18:52:39 INFO: 取得完了: race_id=202207020612, 出走頭数=16
18:52:39 INFO: レース結果取得開始: race_id=202209020201
18:52:40 INFO: 取得完了: race_id=202209020201, 出走頭数=16
18:52:40 INFO: レース結果取得開始: race_id=202209020202
18:52:43 INFO: 取得完了: race_id=202209020202, 出走頭数=16
18:52:43 INFO: レース結果取得開始: race_id=202209020203
18:52:44 INFO: 取得完了: race_id=202209020203, 出走頭数=12
18:52:44 INFO: レース結果取得開始: race_id=202209020204
18:52:46 INFO: 取得完了: race_id=202209020204, 出走頭数=13
18:52:46 INFO: レース結果取得開始: race_id=202209020205
18:52:47 INFO: 取得完了: race_id=202209020205, 出走頭数=16
18:52:47 INFO: レース結果取得開始: race_id=202209020206
18:52:49 INFO: 取得完了: race_id=202209020206, 出走頭数=17
18:52:49 INFO: レース結果取得開始: race_id=202209020207
18:52:51 INFO: 取得完了: race_id=202209020207, 出走頭数=11
18:52:51 INFO: レース結果取得開始: race_id=202209020208
18:52:52 INFO: 取得完了: race_id=202209020208, 出走頭数=11
18:52:52 INFO: レース結果取得開始: race_id=202209020209
18:52:54 INFO: 取得完了: race_id=202209020209, 出走頭数=8
18:52:54 INFO: レース結果取得開始: race_id=202209020210
18:52:56 INFO: 取得完了: race_id=202209020210, 出走頭数=11
18:52:56 INFO: レース結果取得開始: race_id=202209020211
18:52:58 INFO: 取得完了: race_id=202209020211, 出走頭数=18
18:52:58 INFO: レース結果取得開始: race_id=202209020212
18:53:00 INFO: 取得完了: race_id=202209020212, 出走頭数=15
18:53:00 INFO: レース結果取得開始: race_id=202206030301
18:53:01 INFO: 取得完了: race_id=202206030301, 出走頭数=16
18:53:01 INFO: レース結果取得開始: race_id=202206030302
18:53:03 INFO: 取得完了: race_id=202206030302, 出走頭数=16
18:53:03 INFO: レース結果取得開始: race_id=202206030303
18:53:04 INFO: 取得完了: race_id=202206030303, 出走頭数=12
18:53:04 INFO: レース結果取得開始: race_id=202206030304
18:53:06 INFO: 取得完了: race_id=202206030304, 出走頭数=16
18:53:06 INFO: レース結果取得開始: race_id=202206030305
18:53:08 INFO: 取得完了: race_id=202206030305, 出走頭数=18
18:53:08 INFO: レース結果取得開始: race_id=202206030306
18:53:10 INFO: 取得完了: race_id=202206030306, 出走頭数=15
18:53:10 INFO: レース結果取得開始: race_id=202206030307
18:53:12 INFO: 取得完了: race_id=202206030307, 出走頭数=12
18:53:12 INFO: レース結果取得開始: race_id=202206030308
18:53:14 INFO: 取得完了: race_id=202206030308, 出走頭数=8
18:53:14 INFO: レース結果取得開始: race_id=202206030309
18:53:15 INFO: 取得完了: race_id=202206030309, 出走頭数=14
18:53:15 INFO: レース結果取得開始: race_id=202206030310
18:53:18 INFO: 取得完了: race_id=202206030310, 出走頭数=8
18:53:18 INFO: レース結果取得開始: race_id=202206030311
18:53:20 INFO: 取得完了: race_id=202206030311, 出走頭数=16
18:53:20 INFO: レース結果取得開始: race_id=202206030312
18:53:22 INFO: 取得完了: race_id=202206030312, 出走頭数=16
18:53:22 INFO: レース結果取得開始: race_id=202209020301
18:53:24 INFO: 取得完了: race_id=202209020301, 出走頭数=16
18:53:24 INFO: レース結果取得開始: race_id=202209020302
18:53:26 INFO: 取得完了: race_id=202209020302, 出走頭数=12
18:53:26 INFO: レース結果取得開始: race_id=202209020303
18:53:28 INFO: 取得完了: race_id=202209020303, 出走頭数=16
18:53:28 INFO: レース結果取得開始: race_id=202209020304
18:53:30 INFO: 取得完了: race_id=202209020304, 出走頭数=18
18:53:30 INFO: レース結果取得開始: race_id=202209020305
18:53:32 INFO: 取得完了: race_id=202209020305, 出走頭数=13
18:53:32 INFO: レース結果取得開始: race_id=202209020306
18:53:33 INFO: 取得完了: race_id=202209020306, 出走頭数=17
18:53:33 INFO: レース結果取得開始: race_id=202209020307
18:53:35 INFO: 取得完了: race_id=202209020307, 出走頭数=14
18:53:35 INFO: レース結果取得開始: race_id=202209020308
18:53:37 INFO: 取得完了: race_id=202209020308, 出走頭数=14
18:53:37 INFO: レース結果取得開始: race_id=202209020309
18:53:38 INFO: 取得完了: race_id=202209020309, 出走頭数=8
18:53:38 INFO: レース結果取得開始: race_id=202209020310
18:53:40 INFO: 取得完了: race_id=202209020310, 出走頭数=14
18:53:40 INFO: レース結果取得開始: race_id=202209020311
18:53:42 INFO: 取得完了: race_id=202209020311, 出走頭数=16
18:53:42 INFO: レース結果取得開始: race_id=202209020312
18:53:44 INFO: 取得完了: race_id=202209020312, 出走頭数=14
18:53:44 INFO: レース結果取得開始: race_id=202206030401
18:53:46 INFO: 取得完了: race_id=202206030401, 出走頭数=12
18:53:46 INFO: レース結果取得開始: race_id=202206030402
18:53:47 INFO: 取得完了: race_id=202206030402, 出走頭数=16
18:53:47 INFO: レース結果取得開始: race_id=202206030403
18:53:49 INFO: 取得完了: race_id=202206030403, 出走頭数=13
18:53:49 INFO: レース結果取得開始: race_id=202206030404
18:53:50 INFO: 取得完了: race_id=202206030404, 出走頭数=12
18:53:50 INFO: レース結果取得開始: race_id=202206030405
18:53:52 INFO: 取得完了: race_id=202206030405, 出走頭数=18
18:53:52 INFO: レース結果取得開始: race_id=202206030406
18:53:54 INFO: 取得完了: race_id=202206030406, 出走頭数=16
18:53:54 INFO: レース結果取得開始: race_id=202206030407
18:53:55 INFO: 取得完了: race_id=202206030407, 出走頭数=16
18:53:55 INFO: レース結果取得開始: race_id=202206030408
18:53:57 INFO: 取得完了: race_id=202206030408, 出走頭数=13
18:53:57 INFO: レース結果取得開始: race_id=202206030409
18:53:59 INFO: 取得完了: race_id=202206030409, 出走頭数=9
18:53:59 INFO: レース結果取得開始: race_id=202206030410
18:54:01 INFO: 取得完了: race_id=202206030410, 出走頭数=10
18:54:01 INFO: レース結果取得開始: race_id=202206030411
18:54:02 INFO: 取得完了: race_id=202206030411, 出走頭数=9
18:54:02 INFO: レース結果取得開始: race_id=202206030412
18:54:04 INFO: 取得完了: race_id=202206030412, 出走頭数=16
[  900/6912] 202206030412: 16頭  errors=0  残り≈179分
18:54:04 INFO: レース結果取得開始: race_id=202209020401
18:54:06 INFO: 取得完了: race_id=202209020401, 出走頭数=12
18:54:06 INFO: レース結果取得開始: race_id=202209020402
18:54:08 INFO: 取得完了: race_id=202209020402, 出走頭数=16
18:54:08 INFO: レース結果取得開始: race_id=202209020403
18:54:10 INFO: 取得完了: race_id=202209020403, 出走頭数=14
18:54:10 INFO: レース結果取得開始: race_id=202209020404
18:54:12 INFO: 取得完了: race_id=202209020404, 出走頭数=18
18:54:12 INFO: レース結果取得開始: race_id=202209020405
18:54:13 INFO: 取得完了: race_id=202209020405, 出走頭数=13
18:54:13 INFO: レース結果取得開始: race_id=202209020406
18:54:15 INFO: 取得完了: race_id=202209020406, 出走頭数=12
18:54:15 INFO: レース結果取得開始: race_id=202209020407
18:54:17 INFO: 取得完了: race_id=202209020407, 出走頭数=16
18:54:17 INFO: レース結果取得開始: race_id=202209020408
18:54:19 INFO: 取得完了: race_id=202209020408, 出走頭数=16
18:54:19 INFO: レース結果取得開始: race_id=202209020409
18:54:20 INFO: 取得完了: race_id=202209020409, 出走頭数=9
18:54:20 INFO: レース結果取得開始: race_id=202209020410
18:54:22 INFO: 取得完了: race_id=202209020410, 出走頭数=15
18:54:22 INFO: レース結果取得開始: race_id=202209020411
18:54:24 INFO: 取得完了: race_id=202209020411, 出走頭数=16
18:54:24 INFO: レース結果取得開始: race_id=202209020412
18:54:25 INFO: 取得完了: race_id=202209020412, 出走頭数=16
18:54:25 INFO: レース結果取得開始: race_id=202206030501
18:54:27 INFO: 取得完了: race_id=202206030501, 出走頭数=16
18:54:27 INFO: レース結果取得開始: race_id=202206030502
18:54:29 INFO: 取得完了: race_id=202206030502, 出走頭数=15
18:54:29 INFO: レース結果取得開始: race_id=202206030503
18:54:31 INFO: 取得完了: race_id=202206030503, 出走頭数=16
18:54:31 INFO: レース結果取得開始: race_id=202206030504
18:54:33 INFO: 取得完了: race_id=202206030504, 出走頭数=16
18:54:33 INFO: レース結果取得開始: race_id=202206030505
18:54:35 INFO: 取得完了: race_id=202206030505, 出走頭数=18
18:54:35 INFO: レース結果取得開始: race_id=202206030506
18:54:36 INFO: 取得完了: race_id=202206030506, 出走頭数=16
18:54:36 INFO: レース結果取得開始: race_id=202206030507
18:54:38 INFO: 取得完了: race_id=202206030507, 出走頭数=14
18:54:38 INFO: レース結果取得開始: race_id=202206030508
18:54:40 INFO: 取得完了: race_id=202206030508, 出走頭数=15
18:54:40 INFO: レース結果取得開始: race_id=202206030509
18:54:42 INFO: 取得完了: race_id=202206030509, 出走頭数=16
18:54:42 INFO: レース結果取得開始: race_id=202206030510
18:54:44 INFO: 取得完了: race_id=202206030510, 出走頭数=16
18:54:44 INFO: レース結果取得開始: race_id=202206030511
18:54:45 INFO: 取得完了: race_id=202206030511, 出走頭数=11
18:54:45 INFO: レース結果取得開始: race_id=202206030512
18:54:47 INFO: 取得完了: race_id=202206030512, 出走頭数=11
18:54:47 INFO: レース結果取得開始: race_id=202209020501
18:54:48 INFO: 取得完了: race_id=202209020501, 出走頭数=16
18:54:48 INFO: レース結果取得開始: race_id=202209020502
18:54:50 INFO: 取得完了: race_id=202209020502, 出走頭数=16
18:54:50 INFO: レース結果取得開始: race_id=202209020503
18:54:53 INFO: 取得完了: race_id=202209020503, 出走頭数=16
18:54:53 INFO: レース結果取得開始: race_id=202209020504
18:54:54 INFO: 取得完了: race_id=202209020504, 出走頭数=16
18:54:54 INFO: レース結果取得開始: race_id=202209020505
18:54:56 INFO: 取得完了: race_id=202209020505, 出走頭数=11
18:54:56 INFO: レース結果取得開始: race_id=202209020506
18:54:57 INFO: 取得完了: race_id=202209020506, 出走頭数=16
18:54:57 INFO: レース結果取得開始: race_id=202209020507
18:54:59 INFO: 取得完了: race_id=202209020507, 出走頭数=10
18:54:59 INFO: レース結果取得開始: race_id=202209020508
18:55:00 INFO: 取得完了: race_id=202209020508, 出走頭数=16
18:55:00 INFO: レース結果取得開始: race_id=202209020509
18:55:02 INFO: 取得完了: race_id=202209020509, 出走頭数=10
18:55:02 INFO: レース結果取得開始: race_id=202209020510
18:55:04 INFO: 取得完了: race_id=202209020510, 出走頭数=11
18:55:04 INFO: レース結果取得開始: race_id=202209020511
18:55:05 INFO: 取得完了: race_id=202209020511, 出走頭数=12
18:55:05 INFO: レース結果取得開始: race_id=202209020512
18:55:07 INFO: 取得完了: race_id=202209020512, 出走頭数=16
18:55:07 INFO: レース結果取得開始: race_id=202206030601
18:55:08 INFO: 取得完了: race_id=202206030601, 出走頭数=16
18:55:08 INFO: レース結果取得開始: race_id=202206030602
18:55:10 INFO: 取得完了: race_id=202206030602, 出走頭数=16
18:55:10 INFO: レース結果取得開始: race_id=202206030603
18:55:11 INFO: 取得完了: race_id=202206030603, 出走頭数=16
18:55:11 INFO: レース結果取得開始: race_id=202206030604
18:55:13 INFO: 取得完了: race_id=202206030604, 出走頭数=18
18:55:13 INFO: レース結果取得開始: race_id=202206030605
18:55:15 INFO: 取得完了: race_id=202206030605, 出走頭数=16
18:55:15 INFO: レース結果取得開始: race_id=202206030606
18:55:18 INFO: 取得完了: race_id=202206030606, 出走頭数=9
18:55:18 INFO: レース結果取得開始: race_id=202206030607
18:55:19 INFO: 取得完了: race_id=202206030607, 出走頭数=13
18:55:19 INFO: レース結果取得開始: race_id=202206030608
18:55:21 INFO: 取得完了: race_id=202206030608, 出走頭数=16
18:55:21 INFO: レース結果取得開始: race_id=202206030609
18:55:23 INFO: 取得完了: race_id=202206030609, 出走頭数=12
18:55:23 INFO: レース結果取得開始: race_id=202206030610
18:55:25 INFO: 取得完了: race_id=202206030610, 出走頭数=16
18:55:25 INFO: レース結果取得開始: race_id=202206030611
18:55:27 INFO: 取得完了: race_id=202206030611, 出走頭数=16
18:55:27 INFO: レース結果取得開始: race_id=202206030612
18:55:28 INFO: 取得完了: race_id=202206030612, 出走頭数=16
18:55:28 INFO: レース結果取得開始: race_id=202209020601
18:55:29 INFO: 取得完了: race_id=202209020601, 出走頭数=16
18:55:29 INFO: レース結果取得開始: race_id=202209020602
18:55:31 INFO: 取得完了: race_id=202209020602, 出走頭数=16
18:55:31 INFO: レース結果取得開始: race_id=202209020603
18:55:34 INFO: 取得完了: race_id=202209020603, 出走頭数=16
18:55:34 INFO: レース結果取得開始: race_id=202209020604
18:55:36 INFO: 取得完了: race_id=202209020604, 出走頭数=18
18:55:36 INFO: レース結果取得開始: race_id=202209020605
18:55:37 INFO: 取得完了: race_id=202209020605, 出走頭数=16
18:55:37 INFO: レース結果取得開始: race_id=202209020606
18:55:39 INFO: 取得完了: race_id=202209020606, 出走頭数=9
18:55:39 INFO: レース結果取得開始: race_id=202209020607
18:55:41 INFO: 取得完了: race_id=202209020607, 出走頭数=11
18:55:41 INFO: レース結果取得開始: race_id=202209020608
18:55:43 INFO: 取得完了: race_id=202209020608, 出走頭数=13
18:55:43 INFO: レース結果取得開始: race_id=202209020609
18:55:44 INFO: 取得完了: race_id=202209020609, 出走頭数=8
18:55:44 INFO: レース結果取得開始: race_id=202209020610
18:55:46 INFO: 取得完了: race_id=202209020610, 出走頭数=10
18:55:46 INFO: レース結果取得開始: race_id=202209020611
18:55:48 INFO: 取得完了: race_id=202209020611, 出走頭数=18
18:55:48 INFO: レース結果取得開始: race_id=202209020612
18:55:51 INFO: 取得完了: race_id=202209020612, 出走頭数=16
18:55:51 INFO: レース結果取得開始: race_id=202203010101
18:55:53 INFO: 取得完了: race_id=202203010101, 出走頭数=15
18:55:53 INFO: レース結果取得開始: race_id=202203010102
18:55:55 INFO: 取得完了: race_id=202203010102, 出走頭数=16
18:55:55 INFO: レース結果取得開始: race_id=202203010103
18:55:56 INFO: 取得完了: race_id=202203010103, 出走頭数=16
18:55:56 INFO: レース結果取得開始: race_id=202203010104
18:55:58 INFO: 取得完了: race_id=202203010104, 出走頭数=16
18:55:58 INFO: レース結果取得開始: race_id=202203010105
18:56:00 INFO: 取得完了: race_id=202203010105, 出走頭数=16
18:56:00 INFO: レース結果取得開始: race_id=202203010106
18:56:02 INFO: 取得完了: race_id=202203010106, 出走頭数=16
18:56:02 INFO: レース結果取得開始: race_id=202203010107
18:56:04 INFO: 取得完了: race_id=202203010107, 出走頭数=16
18:56:04 INFO: レース結果取得開始: race_id=202203010108
18:56:06 INFO: 取得完了: race_id=202203010108, 出走頭数=16
18:56:06 INFO: レース結果取得開始: race_id=202203010109
18:56:08 INFO: 取得完了: race_id=202203010109, 出走頭数=15
18:56:08 INFO: レース結果取得開始: race_id=202203010110
18:56:10 INFO: 取得完了: race_id=202203010110, 出走頭数=12
18:56:10 INFO: レース結果取得開始: race_id=202203010111
18:56:11 INFO: 取得完了: race_id=202203010111, 出走頭数=16
18:56:11 INFO: レース結果取得開始: race_id=202203010112
18:56:13 INFO: 取得完了: race_id=202203010112, 出走頭数=15
18:56:13 INFO: レース結果取得開始: race_id=202206030701
18:56:15 INFO: 取得完了: race_id=202206030701, 出走頭数=16
18:56:15 INFO: レース結果取得開始: race_id=202206030702
18:56:17 INFO: 取得完了: race_id=202206030702, 出走頭数=13
18:56:17 INFO: レース結果取得開始: race_id=202206030703
18:56:19 INFO: 取得完了: race_id=202206030703, 出走頭数=16
18:56:19 INFO: レース結果取得開始: race_id=202206030704
18:56:21 INFO: 取得完了: race_id=202206030704, 出走頭数=13
18:56:21 INFO: レース結果取得開始: race_id=202206030705
18:56:23 INFO: 取得完了: race_id=202206030705, 出走頭数=16
18:56:23 INFO: レース結果取得開始: race_id=202206030706
18:56:24 INFO: 取得完了: race_id=202206030706, 出走頭数=16
18:56:24 INFO: レース結果取得開始: race_id=202206030707
18:56:26 INFO: 取得完了: race_id=202206030707, 出走頭数=11
18:56:26 INFO: レース結果取得開始: race_id=202206030708
18:56:28 INFO: 取得完了: race_id=202206030708, 出走頭数=16
18:56:28 INFO: レース結果取得開始: race_id=202206030709
18:56:30 INFO: 取得完了: race_id=202206030709, 出走頭数=9
18:56:30 INFO: レース結果取得開始: race_id=202206030710
18:56:32 INFO: 取得完了: race_id=202206030710, 出走頭数=12
18:56:32 INFO: レース結果取得開始: race_id=202206030711
18:56:33 INFO: 取得完了: race_id=202206030711, 出走頭数=9
18:56:33 INFO: レース結果取得開始: race_id=202206030712
18:56:35 INFO: 取得完了: race_id=202206030712, 出走頭数=16
18:56:35 INFO: レース結果取得開始: race_id=202209020701
18:56:37 INFO: 取得完了: race_id=202209020701, 出走頭数=16
18:56:37 INFO: レース結果取得開始: race_id=202209020702
18:56:38 INFO: 取得完了: race_id=202209020702, 出走頭数=16
18:56:38 INFO: レース結果取得開始: race_id=202209020703
18:56:40 INFO: 取得完了: race_id=202209020703, 出走頭数=16
18:56:40 INFO: レース結果取得開始: race_id=202209020704
18:56:42 INFO: 取得完了: race_id=202209020704, 出走頭数=16
18:56:42 INFO: レース結果取得開始: race_id=202209020705
18:56:43 INFO: 取得完了: race_id=202209020705, 出走頭数=16
18:56:43 INFO: レース結果取得開始: race_id=202209020706
18:56:45 INFO: 取得完了: race_id=202209020706, 出走頭数=16
18:56:45 INFO: レース結果取得開始: race_id=202209020707
18:56:47 INFO: 取得完了: race_id=202209020707, 出走頭数=11
18:56:47 INFO: レース結果取得開始: race_id=202209020708
18:56:49 INFO: 取得完了: race_id=202209020708, 出走頭数=12
18:56:49 INFO: レース結果取得開始: race_id=202209020709
18:56:51 INFO: 取得完了: race_id=202209020709, 出走頭数=11
18:56:51 INFO: レース結果取得開始: race_id=202209020710
18:56:52 INFO: 取得完了: race_id=202209020710, 出走頭数=16
18:56:52 INFO: レース結果取得開始: race_id=202209020711
18:56:55 INFO: 取得完了: race_id=202209020711, 出走頭数=18
18:56:55 INFO: レース結果取得開始: race_id=202209020712
18:56:57 INFO: 取得完了: race_id=202209020712, 出走頭数=12
18:56:57 INFO: レース結果取得開始: race_id=202203010201
18:56:59 INFO: 取得完了: race_id=202203010201, 出走頭数=16
18:56:59 INFO: レース結果取得開始: race_id=202203010202
18:57:00 INFO: 取得完了: race_id=202203010202, 出走頭数=16
18:57:00 INFO: レース結果取得開始: race_id=202203010203
18:57:02 INFO: 取得完了: race_id=202203010203, 出走頭数=15
18:57:02 INFO: レース結果取得開始: race_id=202203010204
18:57:03 INFO: 取得完了: race_id=202203010204, 出走頭数=13
[ 1000/6912] 202203010204: 13頭  errors=0  残り≈176分
18:57:03 INFO: レース結果取得開始: race_id=202203010205
18:57:05 INFO: 取得完了: race_id=202203010205, 出走頭数=14
18:57:05 INFO: レース結果取得開始: race_id=202203010206
18:57:07 INFO: 取得完了: race_id=202203010206, 出走頭数=15
18:57:07 INFO: レース結果取得開始: race_id=202203010207
18:57:08 INFO: 取得完了: race_id=202203010207, 出走頭数=16
18:57:08 INFO: レース結果取得開始: race_id=202203010208
18:57:10 INFO: 取得完了: race_id=202203010208, 出走頭数=15
18:57:10 INFO: レース結果取得開始: race_id=202203010209
18:57:12 INFO: 取得完了: race_id=202203010209, 出走頭数=16
18:57:12 INFO: レース結果取得開始: race_id=202203010210
18:57:14 INFO: 取得完了: race_id=202203010210, 出走頭数=16
18:57:14 INFO: レース結果取得開始: race_id=202203010211
18:57:15 INFO: 取得完了: race_id=202203010211, 出走頭数=16
18:57:15 INFO: レース結果取得開始: race_id=202203010212
18:57:17 INFO: 取得完了: race_id=202203010212, 出走頭数=16
18:57:17 INFO: レース結果取得開始: race_id=202206030801
18:57:19 INFO: 取得完了: race_id=202206030801, 出走頭数=16
18:57:19 INFO: レース結果取得開始: race_id=202206030802
18:57:20 INFO: 取得完了: race_id=202206030802, 出走頭数=16
18:57:20 INFO: レース結果取得開始: race_id=202206030803
18:57:22 INFO: 取得完了: race_id=202206030803, 出走頭数=16
18:57:22 INFO: レース結果取得開始: race_id=202206030804
18:57:24 INFO: 取得完了: race_id=202206030804, 出走頭数=18
18:57:24 INFO: レース結果取得開始: race_id=202206030805
18:57:26 INFO: 取得完了: race_id=202206030805, 出走頭数=13
18:57:26 INFO: レース結果取得開始: race_id=202206030806
18:57:27 INFO: 取得完了: race_id=202206030806, 出走頭数=16
18:57:27 INFO: レース結果取得開始: race_id=202206030807
18:57:29 INFO: 取得完了: race_id=202206030807, 出走頭数=12
18:57:29 INFO: レース結果取得開始: race_id=202206030808
18:57:30 INFO: 取得完了: race_id=202206030808, 出走頭数=14
18:57:30 INFO: レース結果取得開始: race_id=202206030809
18:57:32 INFO: 取得完了: race_id=202206030809, 出走頭数=12
18:57:32 INFO: レース結果取得開始: race_id=202206030810
18:57:34 INFO: 取得完了: race_id=202206030810, 出走頭数=16
18:57:34 INFO: レース結果取得開始: race_id=202206030811
18:57:35 INFO: 取得完了: race_id=202206030811, 出走頭数=18
18:57:35 INFO: レース結果取得開始: race_id=202206030812
18:57:37 INFO: 取得完了: race_id=202206030812, 出走頭数=13
18:57:37 INFO: レース結果取得開始: race_id=202209020801
18:57:40 INFO: 取得完了: race_id=202209020801, 出走頭数=16
18:57:40 INFO: レース結果取得開始: race_id=202209020802
18:57:41 INFO: 取得完了: race_id=202209020802, 出走頭数=16
18:57:41 INFO: レース結果取得開始: race_id=202209020803
18:57:43 INFO: 取得完了: race_id=202209020803, 出走頭数=18
18:57:43 INFO: レース結果取得開始: race_id=202209020804
18:57:45 INFO: 取得完了: race_id=202209020804, 出走頭数=18
18:57:45 INFO: レース結果取得開始: race_id=202209020805
18:57:46 INFO: 取得完了: race_id=202209020805, 出走頭数=16
18:57:46 INFO: レース結果取得開始: race_id=202209020806
18:57:48 INFO: 取得完了: race_id=202209020806, 出走頭数=8
18:57:48 INFO: レース結果取得開始: race_id=202209020807
18:57:49 INFO: 取得完了: race_id=202209020807, 出走頭数=15
18:57:49 INFO: レース結果取得開始: race_id=202209020808
18:57:51 INFO: 取得完了: race_id=202209020808, 出走頭数=15
18:57:51 INFO: レース結果取得開始: race_id=202209020809
18:57:52 INFO: 取得完了: race_id=202209020809, 出走頭数=9
18:57:52 INFO: レース結果取得開始: race_id=202209020810
18:57:54 INFO: 取得完了: race_id=202209020810, 出走頭数=13
18:57:54 INFO: レース結果取得開始: race_id=202209020811
18:57:56 INFO: 取得完了: race_id=202209020811, 出走頭数=16
18:57:56 INFO: レース結果取得開始: race_id=202209020812
18:57:58 INFO: 取得完了: race_id=202209020812, 出走頭数=15
18:57:58 INFO: レース結果取得開始: race_id=202203010301
18:57:59 INFO: 取得完了: race_id=202203010301, 出走頭数=16
18:57:59 INFO: レース結果取得開始: race_id=202203010302
18:58:02 INFO: 取得完了: race_id=202203010302, 出走頭数=16
18:58:02 INFO: レース結果取得開始: race_id=202203010303
18:58:04 INFO: 取得完了: race_id=202203010303, 出走頭数=15
18:58:04 INFO: レース結果取得開始: race_id=202203010304
18:58:06 INFO: 取得完了: race_id=202203010304, 出走頭数=14
18:58:06 INFO: レース結果取得開始: race_id=202203010305
18:58:08 INFO: 取得完了: race_id=202203010305, 出走頭数=14
18:58:08 INFO: レース結果取得開始: race_id=202203010306
18:58:09 INFO: 取得完了: race_id=202203010306, 出走頭数=15
18:58:09 INFO: レース結果取得開始: race_id=202203010307
18:58:11 INFO: 取得完了: race_id=202203010307, 出走頭数=16
18:58:11 INFO: レース結果取得開始: race_id=202203010308
18:58:13 INFO: 取得完了: race_id=202203010308, 出走頭数=13
18:58:13 INFO: レース結果取得開始: race_id=202203010309
18:58:14 INFO: 取得完了: race_id=202203010309, 出走頭数=10
18:58:14 INFO: レース結果取得開始: race_id=202203010310
18:58:16 INFO: 取得完了: race_id=202203010310, 出走頭数=15
18:58:16 INFO: レース結果取得開始: race_id=202203010311
18:58:18 INFO: 取得完了: race_id=202203010311, 出走頭数=16
18:58:18 INFO: レース結果取得開始: race_id=202203010312
18:58:19 INFO: 取得完了: race_id=202203010312, 出走頭数=12
18:58:19 INFO: レース結果取得開始: race_id=202205020101
18:58:21 INFO: 取得完了: race_id=202205020101, 出走頭数=16
18:58:21 INFO: レース結果取得開始: race_id=202205020102
18:58:23 INFO: 取得完了: race_id=202205020102, 出走頭数=16
18:58:23 INFO: レース結果取得開始: race_id=202205020103
18:58:26 INFO: 取得完了: race_id=202205020103, 出走頭数=16
18:58:26 INFO: レース結果取得開始: race_id=202205020104
18:58:27 INFO: 取得完了: race_id=202205020104, 出走頭数=16
18:58:27 INFO: レース結果取得開始: race_id=202205020105
18:58:29 INFO: 取得完了: race_id=202205020105, 出走頭数=18
18:58:29 INFO: レース結果取得開始: race_id=202205020106
18:58:31 INFO: 取得完了: race_id=202205020106, 出走頭数=16
18:58:31 INFO: レース結果取得開始: race_id=202205020107
18:58:33 INFO: 取得完了: race_id=202205020107, 出走頭数=16
18:58:33 INFO: レース結果取得開始: race_id=202205020108
18:58:34 INFO: 取得完了: race_id=202205020108, 出走頭数=14
18:58:34 INFO: レース結果取得開始: race_id=202205020109
18:58:36 INFO: 取得完了: race_id=202205020109, 出走頭数=9
18:58:36 INFO: レース結果取得開始: race_id=202205020110
18:58:37 INFO: 取得完了: race_id=202205020110, 出走頭数=18
18:58:38 INFO: レース結果取得開始: race_id=202205020111
18:58:40 INFO: 取得完了: race_id=202205020111, 出走頭数=16
18:58:40 INFO: レース結果取得開始: race_id=202205020112
18:58:41 INFO: 取得完了: race_id=202205020112, 出走頭数=16
18:58:41 INFO: レース結果取得開始: race_id=202209020901
18:58:44 INFO: 取得完了: race_id=202209020901, 出走頭数=16
18:58:44 INFO: レース結果取得開始: race_id=202209020902
18:58:46 INFO: 取得完了: race_id=202209020902, 出走頭数=12
18:58:46 INFO: レース結果取得開始: race_id=202209020903
18:58:48 INFO: 取得完了: race_id=202209020903, 出走頭数=16
18:58:48 INFO: レース結果取得開始: race_id=202209020904
18:58:49 INFO: 取得完了: race_id=202209020904, 出走頭数=10
18:58:49 INFO: レース結果取得開始: race_id=202209020905
18:58:51 INFO: 取得完了: race_id=202209020905, 出走頭数=18
18:58:51 INFO: レース結果取得開始: race_id=202209020906
18:58:52 INFO: 取得完了: race_id=202209020906, 出走頭数=15
18:58:52 INFO: レース結果取得開始: race_id=202209020907
18:58:54 INFO: 取得完了: race_id=202209020907, 出走頭数=9
18:58:54 INFO: レース結果取得開始: race_id=202209020908
18:58:56 INFO: 取得完了: race_id=202209020908, 出走頭数=15
18:58:56 INFO: レース結果取得開始: race_id=202209020909
18:58:58 INFO: 取得完了: race_id=202209020909, 出走頭数=8
18:58:58 INFO: レース結果取得開始: race_id=202209020910
18:58:59 INFO: 取得完了: race_id=202209020910, 出走頭数=8
18:58:59 INFO: レース結果取得開始: race_id=202209020911
18:59:00 INFO: 取得完了: race_id=202209020911, 出走頭数=7
18:59:00 INFO: レース結果取得開始: race_id=202209020912
18:59:02 INFO: 取得完了: race_id=202209020912, 出走頭数=10
18:59:02 INFO: レース結果取得開始: race_id=202203010401
18:59:03 INFO: 取得完了: race_id=202203010401, 出走頭数=15
18:59:03 INFO: レース結果取得開始: race_id=202203010402
18:59:06 INFO: 取得完了: race_id=202203010402, 出走頭数=16
18:59:06 INFO: レース結果取得開始: race_id=202203010403
18:59:08 INFO: 取得完了: race_id=202203010403, 出走頭数=15
18:59:08 INFO: レース結果取得開始: race_id=202203010404
18:59:09 INFO: 取得完了: race_id=202203010404, 出走頭数=14
18:59:09 INFO: レース結果取得開始: race_id=202203010405
18:59:11 INFO: 取得完了: race_id=202203010405, 出走頭数=16
18:59:11 INFO: レース結果取得開始: race_id=202203010406
18:59:13 INFO: 取得完了: race_id=202203010406, 出走頭数=16
18:59:13 INFO: レース結果取得開始: race_id=202203010407
18:59:14 INFO: 取得完了: race_id=202203010407, 出走頭数=12
18:59:14 INFO: レース結果取得開始: race_id=202203010408
18:59:16 INFO: 取得完了: race_id=202203010408, 出走頭数=15
18:59:16 INFO: レース結果取得開始: race_id=202203010409
18:59:18 INFO: 取得完了: race_id=202203010409, 出走頭数=16
18:59:18 INFO: レース結果取得開始: race_id=202203010410
18:59:20 INFO: 取得完了: race_id=202203010410, 出走頭数=16
18:59:20 INFO: レース結果取得開始: race_id=202203010411
18:59:22 INFO: 取得完了: race_id=202203010411, 出走頭数=16
18:59:22 INFO: レース結果取得開始: race_id=202203010412
18:59:24 INFO: 取得完了: race_id=202203010412, 出走頭数=12
18:59:24 INFO: レース結果取得開始: race_id=202205020201
18:59:25 INFO: 取得完了: race_id=202205020201, 出走頭数=16
18:59:25 INFO: レース結果取得開始: race_id=202205020202
18:59:27 INFO: 取得完了: race_id=202205020202, 出走頭数=16
18:59:27 INFO: レース結果取得開始: race_id=202205020203
18:59:29 INFO: 取得完了: race_id=202205020203, 出走頭数=18
18:59:29 INFO: レース結果取得開始: race_id=202205020204
18:59:31 INFO: 取得完了: race_id=202205020204, 出走頭数=17
18:59:31 INFO: レース結果取得開始: race_id=202205020205
18:59:33 INFO: 取得完了: race_id=202205020205, 出走頭数=15
18:59:33 INFO: レース結果取得開始: race_id=202205020206
18:59:35 INFO: 取得完了: race_id=202205020206, 出走頭数=16
18:59:35 INFO: レース結果取得開始: race_id=202205020207
18:59:36 INFO: 取得完了: race_id=202205020207, 出走頭数=11
18:59:36 INFO: レース結果取得開始: race_id=202205020208
18:59:38 INFO: 取得完了: race_id=202205020208, 出走頭数=12
18:59:38 INFO: レース結果取得開始: race_id=202205020209
18:59:40 INFO: 取得完了: race_id=202205020209, 出走頭数=10
18:59:40 INFO: レース結果取得開始: race_id=202205020210
18:59:41 INFO: 取得完了: race_id=202205020210, 出走頭数=16
18:59:41 INFO: レース結果取得開始: race_id=202205020211
18:59:43 INFO: 取得完了: race_id=202205020211, 出走頭数=15
18:59:43 INFO: レース結果取得開始: race_id=202205020212
18:59:45 INFO: 取得完了: race_id=202205020212, 出走頭数=16
18:59:45 INFO: レース結果取得開始: race_id=202209021001
18:59:46 INFO: 取得完了: race_id=202209021001, 出走頭数=14
18:59:46 INFO: レース結果取得開始: race_id=202209021002
18:59:48 INFO: 取得完了: race_id=202209021002, 出走頭数=16
18:59:48 INFO: レース結果取得開始: race_id=202209021003
18:59:50 INFO: 取得完了: race_id=202209021003, 出走頭数=14
18:59:50 INFO: レース結果取得開始: race_id=202209021004
18:59:52 INFO: 取得完了: race_id=202209021004, 出走頭数=18
18:59:52 INFO: レース結果取得開始: race_id=202209021005
18:59:53 INFO: 取得完了: race_id=202209021005, 出走頭数=16
18:59:53 INFO: レース結果取得開始: race_id=202209021006
18:59:55 INFO: 取得完了: race_id=202209021006, 出走頭数=15
18:59:55 INFO: レース結果取得開始: race_id=202209021007
18:59:57 INFO: 取得完了: race_id=202209021007, 出走頭数=11
18:59:57 INFO: レース結果取得開始: race_id=202209021008
18:59:58 INFO: 取得完了: race_id=202209021008, 出走頭数=14
[ 1100/6912] 202209021008: 14頭  errors=0  残り≈172分
18:59:58 INFO: レース結果取得開始: race_id=202209021009
19:00:00 INFO: 取得完了: race_id=202209021009, 出走頭数=7
19:00:00 INFO: レース結果取得開始: race_id=202209021010
19:00:02 INFO: 取得完了: race_id=202209021010, 出走頭数=15
19:00:02 INFO: レース結果取得開始: race_id=202209021011
19:00:04 INFO: 取得完了: race_id=202209021011, 出走頭数=15
19:00:04 INFO: レース結果取得開始: race_id=202209021012
19:00:06 INFO: 取得完了: race_id=202209021012, 出走頭数=16
19:00:06 INFO: レース結果取得開始: race_id=202203010501
19:00:07 INFO: 取得完了: race_id=202203010501, 出走頭数=14
19:00:07 INFO: レース結果取得開始: race_id=202203010502
19:00:09 INFO: 取得完了: race_id=202203010502, 出走頭数=15
19:00:09 INFO: レース結果取得開始: race_id=202203010503
19:00:11 INFO: 取得完了: race_id=202203010503, 出走頭数=13
19:00:11 INFO: レース結果取得開始: race_id=202203010504
19:00:13 INFO: 取得完了: race_id=202203010504, 出走頭数=13
19:00:13 INFO: レース結果取得開始: race_id=202203010505
19:00:15 INFO: 取得完了: race_id=202203010505, 出走頭数=16
19:00:15 INFO: レース結果取得開始: race_id=202203010506
19:00:16 INFO: 取得完了: race_id=202203010506, 出走頭数=16
19:00:16 INFO: レース結果取得開始: race_id=202203010507
19:00:18 INFO: 取得完了: race_id=202203010507, 出走頭数=15
19:00:18 INFO: レース結果取得開始: race_id=202203010508
19:00:20 INFO: 取得完了: race_id=202203010508, 出走頭数=10
19:00:20 INFO: レース結果取得開始: race_id=202203010509
19:00:21 INFO: 取得完了: race_id=202203010509, 出走頭数=11
19:00:21 INFO: レース結果取得開始: race_id=202203010510
19:00:23 INFO: 取得完了: race_id=202203010510, 出走頭数=12
19:00:23 INFO: レース結果取得開始: race_id=202203010511
19:00:24 INFO: 取得完了: race_id=202203010511, 出走頭数=14
19:00:24 INFO: レース結果取得開始: race_id=202203010512
19:00:26 INFO: 取得完了: race_id=202203010512, 出走頭数=12
19:00:26 INFO: レース結果取得開始: race_id=202205020301
19:00:28 INFO: 取得完了: race_id=202205020301, 出走頭数=16
19:00:28 INFO: レース結果取得開始: race_id=202205020302
19:00:30 INFO: 取得完了: race_id=202205020302, 出走頭数=16
19:00:30 INFO: レース結果取得開始: race_id=202205020303
19:00:31 INFO: 取得完了: race_id=202205020303, 出走頭数=16
19:00:31 INFO: レース結果取得開始: race_id=202205020304
19:00:32 INFO: 取得完了: race_id=202205020304, 出走頭数=13
19:00:32 INFO: レース結果取得開始: race_id=202205020305
19:00:34 INFO: 取得完了: race_id=202205020305, 出走頭数=13
19:00:34 INFO: レース結果取得開始: race_id=202205020306
19:00:36 INFO: 取得完了: race_id=202205020306, 出走頭数=11
19:00:36 INFO: レース結果取得開始: race_id=202205020307
19:00:37 INFO: 取得完了: race_id=202205020307, 出走頭数=6
19:00:37 INFO: レース結果取得開始: race_id=202205020308
19:00:39 INFO: 取得完了: race_id=202205020308, 出走頭数=14
19:00:39 INFO: レース結果取得開始: race_id=202205020309
19:00:41 INFO: 取得完了: race_id=202205020309, 出走頭数=14
19:00:41 INFO: レース結果取得開始: race_id=202205020310
19:00:43 INFO: 取得完了: race_id=202205020310, 出走頭数=18
19:00:43 INFO: レース結果取得開始: race_id=202205020311
19:00:44 INFO: 取得完了: race_id=202205020311, 出走頭数=14
19:00:44 INFO: レース結果取得開始: race_id=202205020312
19:00:46 INFO: 取得完了: race_id=202205020312, 出走頭数=14
19:00:46 INFO: レース結果取得開始: race_id=202209021101
19:00:47 INFO: 取得完了: race_id=202209021101, 出走頭数=12
19:00:47 INFO: レース結果取得開始: race_id=202209021102
19:00:49 INFO: 取得完了: race_id=202209021102, 出走頭数=16
19:00:49 INFO: レース結果取得開始: race_id=202209021103
19:00:51 INFO: 取得完了: race_id=202209021103, 出走頭数=17
19:00:51 INFO: レース結果取得開始: race_id=202209021104
19:00:53 INFO: 取得完了: race_id=202209021104, 出走頭数=16
19:00:53 INFO: レース結果取得開始: race_id=202209021105
19:00:55 INFO: 取得完了: race_id=202209021105, 出走頭数=14
19:00:55 INFO: レース結果取得開始: race_id=202209021106
19:00:57 INFO: 取得完了: race_id=202209021106, 出走頭数=7
19:00:57 INFO: レース結果取得開始: race_id=202209021107
19:01:00 INFO: 取得完了: race_id=202209021107, 出走頭数=11
19:01:00 INFO: レース結果取得開始: race_id=202209021108
19:01:01 INFO: 取得完了: race_id=202209021108, 出走頭数=16
19:01:01 INFO: レース結果取得開始: race_id=202209021109
19:01:03 INFO: 取得完了: race_id=202209021109, 出走頭数=7
19:01:03 INFO: レース結果取得開始: race_id=202209021110
19:01:05 INFO: 取得完了: race_id=202209021110, 出走頭数=16
19:01:05 INFO: レース結果取得開始: race_id=202209021111
19:01:06 INFO: 取得完了: race_id=202209021111, 出走頭数=16
19:01:06 INFO: レース結果取得開始: race_id=202209021112
19:01:08 INFO: 取得完了: race_id=202209021112, 出走頭数=11
19:01:08 INFO: レース結果取得開始: race_id=202203010601
19:01:10 INFO: 取得完了: race_id=202203010601, 出走頭数=16
19:01:10 INFO: レース結果取得開始: race_id=202203010602
19:01:11 INFO: 取得完了: race_id=202203010602, 出走頭数=13
19:01:11 INFO: レース結果取得開始: race_id=202203010603
19:01:13 INFO: 取得完了: race_id=202203010603, 出走頭数=15
19:01:13 INFO: レース結果取得開始: race_id=202203010604
19:01:15 INFO: 取得完了: race_id=202203010604, 出走頭数=14
19:01:15 INFO: レース結果取得開始: race_id=202203010605
19:01:17 INFO: 取得完了: race_id=202203010605, 出走頭数=16
19:01:17 INFO: レース結果取得開始: race_id=202203010606
19:01:19 INFO: 取得完了: race_id=202203010606, 出走頭数=13
19:01:19 INFO: レース結果取得開始: race_id=202203010607
19:01:20 INFO: 取得完了: race_id=202203010607, 出走頭数=12
19:01:20 INFO: レース結果取得開始: race_id=202203010608
19:01:22 INFO: 取得完了: race_id=202203010608, 出走頭数=9
19:01:22 INFO: レース結果取得開始: race_id=202203010609
19:01:24 INFO: 取得完了: race_id=202203010609, 出走頭数=15
19:01:24 INFO: レース結果取得開始: race_id=202203010610
19:01:26 INFO: 取得完了: race_id=202203010610, 出走頭数=15
19:01:26 INFO: レース結果取得開始: race_id=202203010611
19:01:28 INFO: 取得完了: race_id=202203010611, 出走頭数=15
19:01:28 INFO: レース結果取得開始: race_id=202203010612
19:01:29 INFO: 取得完了: race_id=202203010612, 出走頭数=10
19:01:29 INFO: レース結果取得開始: race_id=202205020401
19:01:31 INFO: 取得完了: race_id=202205020401, 出走頭数=16
19:01:31 INFO: レース結果取得開始: race_id=202205020402
19:01:33 INFO: 取得完了: race_id=202205020402, 出走頭数=16
19:01:33 INFO: レース結果取得開始: race_id=202205020403
19:01:35 INFO: 取得完了: race_id=202205020403, 出走頭数=16
19:01:35 INFO: レース結果取得開始: race_id=202205020404
19:01:37 INFO: 取得完了: race_id=202205020404, 出走頭数=18
19:01:37 INFO: レース結果取得開始: race_id=202205020405
19:01:38 INFO: 取得完了: race_id=202205020405, 出走頭数=16
19:01:38 INFO: レース結果取得開始: race_id=202205020406
19:01:41 INFO: 取得完了: race_id=202205020406, 出走頭数=10
19:01:41 INFO: レース結果取得開始: race_id=202205020407
19:01:43 INFO: 取得完了: race_id=202205020407, 出走頭数=16
19:01:43 INFO: レース結果取得開始: race_id=202205020408
19:01:44 INFO: 取得完了: race_id=202205020408, 出走頭数=10
19:01:44 INFO: レース結果取得開始: race_id=202205020409
19:01:46 INFO: 取得完了: race_id=202205020409, 出走頭数=12
19:01:46 INFO: レース結果取得開始: race_id=202205020410
19:01:48 INFO: 取得完了: race_id=202205020410, 出走頭数=16
19:01:48 INFO: レース結果取得開始: race_id=202205020411
19:01:50 INFO: 取得完了: race_id=202205020411, 出走頭数=10
19:01:50 INFO: レース結果取得開始: race_id=202205020412
19:01:51 INFO: 取得完了: race_id=202205020412, 出走頭数=16
19:01:51 INFO: レース結果取得開始: race_id=202209021201
19:01:53 INFO: 取得完了: race_id=202209021201, 出走頭数=12
19:01:53 INFO: レース結果取得開始: race_id=202209021202
19:01:55 INFO: 取得完了: race_id=202209021202, 出走頭数=16
19:01:55 INFO: レース結果取得開始: race_id=202209021203
19:01:57 INFO: 取得完了: race_id=202209021203, 出走頭数=14
19:01:57 INFO: レース結果取得開始: race_id=202209021204
19:01:59 INFO: 取得完了: race_id=202209021204, 出走頭数=12
19:01:59 INFO: レース結果取得開始: race_id=202209021205
19:02:00 INFO: 取得完了: race_id=202209021205, 出走頭数=12
19:02:00 INFO: レース結果取得開始: race_id=202209021206
19:02:02 INFO: 取得完了: race_id=202209021206, 出走頭数=8
19:02:02 INFO: レース結果取得開始: race_id=202209021207
19:02:04 INFO: 取得完了: race_id=202209021207, 出走頭数=11
19:02:04 INFO: レース結果取得開始: race_id=202209021208
19:02:05 INFO: 取得完了: race_id=202209021208, 出走頭数=8
19:02:05 INFO: レース結果取得開始: race_id=202209021209
19:02:07 INFO: 取得完了: race_id=202209021209, 出走頭数=10
19:02:07 INFO: レース結果取得開始: race_id=202209021210
19:02:08 INFO: 取得完了: race_id=202209021210, 出走頭数=11
19:02:08 INFO: レース結果取得開始: race_id=202209021211
19:02:11 INFO: 取得完了: race_id=202209021211, 出走頭数=18
19:02:11 INFO: レース結果取得開始: race_id=202209021212
19:02:13 INFO: 取得完了: race_id=202209021212, 出走頭数=16
19:02:13 INFO: レース結果取得開始: race_id=202204010101
19:02:15 INFO: 取得完了: race_id=202204010101, 出走頭数=14
19:02:15 INFO: レース結果取得開始: race_id=202204010102
19:02:16 INFO: 取得完了: race_id=202204010102, 出走頭数=13
19:02:16 INFO: レース結果取得開始: race_id=202204010103
19:02:18 INFO: 取得完了: race_id=202204010103, 出走頭数=12
19:02:19 INFO: レース結果取得開始: race_id=202204010104
19:02:20 INFO: 取得完了: race_id=202204010104, 出走頭数=10
19:02:20 INFO: レース結果取得開始: race_id=202204010105
19:02:22 INFO: 取得完了: race_id=202204010105, 出走頭数=16
19:02:22 INFO: レース結果取得開始: race_id=202204010106
19:02:23 INFO: 取得完了: race_id=202204010106, 出走頭数=16
19:02:23 INFO: レース結果取得開始: race_id=202204010107
19:02:25 INFO: 取得完了: race_id=202204010107, 出走頭数=8
19:02:25 INFO: レース結果取得開始: race_id=202204010108
19:02:26 INFO: 取得完了: race_id=202204010108, 出走頭数=12
19:02:26 INFO: レース結果取得開始: race_id=202204010109
19:02:28 INFO: 取得完了: race_id=202204010109, 出走頭数=15
19:02:28 INFO: レース結果取得開始: race_id=202204010110
19:02:30 INFO: 取得完了: race_id=202204010110, 出走頭数=13
19:02:30 INFO: レース結果取得開始: race_id=202204010111
19:02:32 INFO: 取得完了: race_id=202204010111, 出走頭数=11
19:02:32 INFO: レース結果取得開始: race_id=202204010112
19:02:34 INFO: 取得完了: race_id=202204010112, 出走頭数=16
19:02:34 INFO: レース結果取得開始: race_id=202205020501
19:02:35 INFO: 取得完了: race_id=202205020501, 出走頭数=16
19:02:36 INFO: レース結果取得開始: race_id=202205020502
19:02:37 INFO: 取得完了: race_id=202205020502, 出走頭数=16
19:02:37 INFO: レース結果取得開始: race_id=202205020503
19:02:38 INFO: 取得完了: race_id=202205020503, 出走頭数=16
19:02:39 INFO: レース結果取得開始: race_id=202205020504
19:02:40 INFO: 取得完了: race_id=202205020504, 出走頭数=18
19:02:40 INFO: レース結果取得開始: race_id=202205020505
19:02:42 INFO: 取得完了: race_id=202205020505, 出走頭数=13
19:02:42 INFO: レース結果取得開始: race_id=202205020506
19:02:45 INFO: 取得完了: race_id=202205020506, 出走頭数=13
19:02:45 INFO: レース結果取得開始: race_id=202205020507
19:02:46 INFO: 取得完了: race_id=202205020507, 出走頭数=12
19:02:46 INFO: レース結果取得開始: race_id=202205020508
19:02:48 INFO: 取得完了: race_id=202205020508, 出走頭数=16
19:02:48 INFO: レース結果取得開始: race_id=202205020509
19:02:50 INFO: 取得完了: race_id=202205020509, 出走頭数=8
19:02:50 INFO: レース結果取得開始: race_id=202205020510
19:02:52 INFO: 取得完了: race_id=202205020510, 出走頭数=16
19:02:52 INFO: レース結果取得開始: race_id=202205020511
19:02:54 INFO: 取得完了: race_id=202205020511, 出走頭数=16
19:02:54 INFO: レース結果取得開始: race_id=202205020512
19:02:56 INFO: 取得完了: race_id=202205020512, 出走頭数=9
[ 1200/6912] 202205020512: 9頭  errors=0  残り≈169分
19:02:56 INFO: レース結果取得開始: race_id=202207030101
19:02:57 INFO: 取得完了: race_id=202207030101, 出走頭数=14
19:02:57 INFO: レース結果取得開始: race_id=202207030102
19:02:59 INFO: 取得完了: race_id=202207030102, 出走頭数=10
19:02:59 INFO: レース結果取得開始: race_id=202207030103
19:03:00 INFO: 取得完了: race_id=202207030103, 出走頭数=16
19:03:00 INFO: レース結果取得開始: race_id=202207030104
19:03:02 INFO: 取得完了: race_id=202207030104, 出走頭数=8
19:03:02 INFO: レース結果取得開始: race_id=202207030105
19:03:04 INFO: 取得完了: race_id=202207030105, 出走頭数=11
19:03:04 INFO: レース結果取得開始: race_id=202207030106
19:03:06 INFO: 取得完了: race_id=202207030106, 出走頭数=9
19:03:06 INFO: レース結果取得開始: race_id=202207030107
19:03:07 INFO: 取得完了: race_id=202207030107, 出走頭数=15
19:03:07 INFO: レース結果取得開始: race_id=202207030108
19:03:09 INFO: 取得完了: race_id=202207030108, 出走頭数=10
19:03:09 INFO: レース結果取得開始: race_id=202207030109
19:03:11 INFO: 取得完了: race_id=202207030109, 出走頭数=10
19:03:11 INFO: レース結果取得開始: race_id=202207030110
19:03:13 INFO: 取得完了: race_id=202207030110, 出走頭数=8
19:03:13 INFO: レース結果取得開始: race_id=202207030111
19:03:14 INFO: 取得完了: race_id=202207030111, 出走頭数=12
19:03:14 INFO: レース結果取得開始: race_id=202207030112
19:03:16 INFO: 取得完了: race_id=202207030112, 出走頭数=10
19:03:16 INFO: レース結果取得開始: race_id=202204010201
19:03:18 INFO: 取得完了: race_id=202204010201, 出走頭数=15
19:03:18 INFO: レース結果取得開始: race_id=202204010202
19:03:20 INFO: 取得完了: race_id=202204010202, 出走頭数=16
19:03:20 INFO: レース結果取得開始: race_id=202204010203
19:03:22 INFO: 取得完了: race_id=202204010203, 出走頭数=13
19:03:22 INFO: レース結果取得開始: race_id=202204010204
19:03:24 INFO: 取得完了: race_id=202204010204, 出走頭数=11
19:03:24 INFO: レース結果取得開始: race_id=202204010205
19:03:25 INFO: 取得完了: race_id=202204010205, 出走頭数=15
19:03:25 INFO: レース結果取得開始: race_id=202204010206
19:03:26 INFO: 取得完了: race_id=202204010206, 出走頭数=12
19:03:26 INFO: レース結果取得開始: race_id=202204010207
19:03:29 INFO: 取得完了: race_id=202204010207, 出走頭数=12
19:03:29 INFO: レース結果取得開始: race_id=202204010208
19:03:30 INFO: 取得完了: race_id=202204010208, 出走頭数=12
19:03:30 INFO: レース結果取得開始: race_id=202204010209
19:03:32 INFO: 取得完了: race_id=202204010209, 出走頭数=14
19:03:32 INFO: レース結果取得開始: race_id=202204010210
19:03:34 INFO: 取得完了: race_id=202204010210, 出走頭数=16
19:03:34 INFO: レース結果取得開始: race_id=202204010211
19:03:36 INFO: 取得完了: race_id=202204010211, 出走頭数=15
19:03:36 INFO: レース結果取得開始: race_id=202204010212
19:03:38 INFO: 取得完了: race_id=202204010212, 出走頭数=15
19:03:38 INFO: レース結果取得開始: race_id=202205020601
19:03:40 INFO: 取得完了: race_id=202205020601, 出走頭数=16
19:03:40 INFO: レース結果取得開始: race_id=202205020602
19:03:41 INFO: 取得完了: race_id=202205020602, 出走頭数=16
19:03:41 INFO: レース結果取得開始: race_id=202205020603
19:03:43 INFO: 取得完了: race_id=202205020603, 出走頭数=9
19:03:43 INFO: レース結果取得開始: race_id=202205020604
19:03:44 INFO: 取得完了: race_id=202205020604, 出走頭数=15
19:03:44 INFO: レース結果取得開始: race_id=202205020605
19:03:47 INFO: 取得完了: race_id=202205020605, 出走頭数=13
19:03:47 INFO: レース結果取得開始: race_id=202205020606
19:03:48 INFO: 取得完了: race_id=202205020606, 出走頭数=16
19:03:48 INFO: レース結果取得開始: race_id=202205020607
19:03:50 INFO: 取得完了: race_id=202205020607, 出走頭数=7
19:03:50 INFO: レース結果取得開始: race_id=202205020608
19:03:51 INFO: 取得完了: race_id=202205020608, 出走頭数=16
19:03:51 INFO: レース結果取得開始: race_id=202205020609
19:03:52 INFO: 取得完了: race_id=202205020609, 出走頭数=16
19:03:52 INFO: レース結果取得開始: race_id=202205020610
19:03:54 INFO: 取得完了: race_id=202205020610, 出走頭数=10
19:03:54 INFO: レース結果取得開始: race_id=202205020611
19:03:56 INFO: 取得完了: race_id=202205020611, 出走頭数=18
19:03:56 INFO: レース結果取得開始: race_id=202205020612
19:03:57 INFO: 取得完了: race_id=202205020612, 出走頭数=16
19:03:57 INFO: レース結果取得開始: race_id=202207030201
19:03:59 INFO: 取得完了: race_id=202207030201, 出走頭数=13
19:03:59 INFO: レース結果取得開始: race_id=202207030202
19:04:01 INFO: 取得完了: race_id=202207030202, 出走頭数=16
19:04:01 INFO: レース結果取得開始: race_id=202207030203
19:04:03 INFO: 取得完了: race_id=202207030203, 出走頭数=12
19:04:03 INFO: レース結果取得開始: race_id=202207030204
19:04:05 INFO: 取得完了: race_id=202207030204, 出走頭数=12
19:04:05 INFO: レース結果取得開始: race_id=202207030205
19:04:06 INFO: 取得完了: race_id=202207030205, 出走頭数=16
19:04:06 INFO: レース結果取得開始: race_id=202207030206
19:04:08 INFO: 取得完了: race_id=202207030206, 出走頭数=12
19:04:08 INFO: レース結果取得開始: race_id=202207030207
19:04:09 INFO: 取得完了: race_id=202207030207, 出走頭数=9
19:04:09 INFO: レース結果取得開始: race_id=202207030208
19:04:11 INFO: 取得完了: race_id=202207030208, 出走頭数=9
19:04:11 INFO: レース結果取得開始: race_id=202207030209
19:04:12 INFO: 取得完了: race_id=202207030209, 出走頭数=14
19:04:12 INFO: レース結果取得開始: race_id=202207030210
19:04:15 INFO: 取得完了: race_id=202207030210, 出走頭数=10
19:04:15 INFO: レース結果取得開始: race_id=202207030211
19:04:16 INFO: 取得完了: race_id=202207030211, 出走頭数=18
19:04:16 INFO: レース結果取得開始: race_id=202207030212
19:04:18 INFO: 取得完了: race_id=202207030212, 出走頭数=9
19:04:18 INFO: レース結果取得開始: race_id=202204010301
19:04:20 INFO: 取得完了: race_id=202204010301, 出走頭数=15
19:04:20 INFO: レース結果取得開始: race_id=202204010302
19:04:22 INFO: 取得完了: race_id=202204010302, 出走頭数=13
19:04:22 INFO: レース結果取得開始: race_id=202204010303
19:04:24 INFO: 取得完了: race_id=202204010303, 出走頭数=14
19:04:24 INFO: レース結果取得開始: race_id=202204010304
19:04:26 INFO: 取得完了: race_id=202204010304, 出走頭数=13
19:04:26 INFO: レース結果取得開始: race_id=202204010305
19:04:28 INFO: 取得完了: race_id=202204010305, 出走頭数=14
19:04:28 INFO: レース結果取得開始: race_id=202204010306
19:04:30 INFO: 取得完了: race_id=202204010306, 出走頭数=11
19:04:30 INFO: レース結果取得開始: race_id=202204010307
19:04:32 INFO: 取得完了: race_id=202204010307, 出走頭数=16
19:04:32 INFO: レース結果取得開始: race_id=202204010308
19:04:33 INFO: 取得完了: race_id=202204010308, 出走頭数=12
19:04:33 INFO: レース結果取得開始: race_id=202204010309
19:04:35 INFO: 取得完了: race_id=202204010309, 出走頭数=8
19:04:35 INFO: レース結果取得開始: race_id=202204010310
19:04:37 INFO: 取得完了: race_id=202204010310, 出走頭数=13
19:04:37 INFO: レース結果取得開始: race_id=202204010311
19:04:39 INFO: 取得完了: race_id=202204010311, 出走頭数=16
19:04:39 INFO: レース結果取得開始: race_id=202204010312
19:04:40 INFO: 取得完了: race_id=202204010312, 出走頭数=15
19:04:40 INFO: レース結果取得開始: race_id=202205020701
19:04:42 INFO: 取得完了: race_id=202205020701, 出走頭数=12
19:04:42 INFO: レース結果取得開始: race_id=202205020702
19:04:43 INFO: 取得完了: race_id=202205020702, 出走頭数=14
19:04:43 INFO: レース結果取得開始: race_id=202205020703
19:04:46 INFO: 取得完了: race_id=202205020703, 出走頭数=14
19:04:46 INFO: レース結果取得開始: race_id=202205020704
19:04:47 INFO: 取得完了: race_id=202205020704, 出走頭数=13
19:04:47 INFO: レース結果取得開始: race_id=202205020705
19:04:50 INFO: 取得完了: race_id=202205020705, 出走頭数=13
19:04:50 INFO: レース結果取得開始: race_id=202205020706
19:04:51 INFO: 取得完了: race_id=202205020706, 出走頭数=16
19:04:51 INFO: レース結果取得開始: race_id=202205020707
19:04:54 INFO: 取得完了: race_id=202205020707, 出走頭数=16
19:04:54 INFO: レース結果取得開始: race_id=202205020708
19:04:55 INFO: 取得完了: race_id=202205020708, 出走頭数=11
19:04:55 INFO: レース結果取得開始: race_id=202205020709
19:04:57 INFO: 取得完了: race_id=202205020709, 出走頭数=15
19:04:57 INFO: レース結果取得開始: race_id=202205020710
19:04:59 INFO: 取得完了: race_id=202205020710, 出走頭数=12
19:04:59 INFO: レース結果取得開始: race_id=202205020711
19:05:01 INFO: 取得完了: race_id=202205020711, 出走頭数=12
19:05:01 INFO: レース結果取得開始: race_id=202205020712
19:05:03 INFO: 取得完了: race_id=202205020712, 出走頭数=13
19:05:03 INFO: レース結果取得開始: race_id=202207030301
19:05:05 INFO: 取得完了: race_id=202207030301, 出走頭数=16
19:05:05 INFO: レース結果取得開始: race_id=202207030302
19:05:07 INFO: 取得完了: race_id=202207030302, 出走頭数=16
19:05:07 INFO: レース結果取得開始: race_id=202207030303
19:05:09 INFO: 取得完了: race_id=202207030303, 出走頭数=15
19:05:09 INFO: レース結果取得開始: race_id=202207030304
19:05:11 INFO: 取得完了: race_id=202207030304, 出走頭数=16
19:05:11 INFO: レース結果取得開始: race_id=202207030305
19:05:13 INFO: 取得完了: race_id=202207030305, 出走頭数=10
19:05:13 INFO: レース結果取得開始: race_id=202207030306
19:05:15 INFO: 取得完了: race_id=202207030306, 出走頭数=14
19:05:15 INFO: レース結果取得開始: race_id=202207030307
19:05:16 INFO: 取得完了: race_id=202207030307, 出走頭数=15
19:05:16 INFO: レース結果取得開始: race_id=202207030308
19:05:18 INFO: 取得完了: race_id=202207030308, 出走頭数=9
19:05:18 INFO: レース結果取得開始: race_id=202207030309
19:05:20 INFO: 取得完了: race_id=202207030309, 出走頭数=9
19:05:20 INFO: レース結果取得開始: race_id=202207030310
19:05:22 INFO: 取得完了: race_id=202207030310, 出走頭数=16
19:05:22 INFO: レース結果取得開始: race_id=202207030311
19:05:24 INFO: 取得完了: race_id=202207030311, 出走頭数=7
19:05:24 INFO: レース結果取得開始: race_id=202207030312
19:05:26 INFO: 取得完了: race_id=202207030312, 出走頭数=16
19:05:26 INFO: レース結果取得開始: race_id=202204010401
19:05:27 INFO: 取得完了: race_id=202204010401, 出走頭数=15
19:05:27 INFO: レース結果取得開始: race_id=202204010402
19:05:29 INFO: 取得完了: race_id=202204010402, 出走頭数=16
19:05:29 INFO: レース結果取得開始: race_id=202204010403
19:05:31 INFO: 取得完了: race_id=202204010403, 出走頭数=15
19:05:31 INFO: レース結果取得開始: race_id=202204010404
19:05:33 INFO: 取得完了: race_id=202204010404, 出走頭数=12
19:05:33 INFO: レース結果取得開始: race_id=202204010405
19:05:35 INFO: 取得完了: race_id=202204010405, 出走頭数=12
19:05:35 INFO: レース結果取得開始: race_id=202204010406
19:05:37 INFO: 取得完了: race_id=202204010406, 出走頭数=13
19:05:37 INFO: レース結果取得開始: race_id=202204010407
19:05:38 INFO: 取得完了: race_id=202204010407, 出走頭数=15
19:05:38 INFO: レース結果取得開始: race_id=202204010408
19:05:41 INFO: 取得完了: race_id=202204010408, 出走頭数=9
19:05:41 INFO: レース結果取得開始: race_id=202204010409
19:05:42 INFO: 取得完了: race_id=202204010409, 出走頭数=16
19:05:43 INFO: レース結果取得開始: race_id=202204010410
19:05:44 INFO: 取得完了: race_id=202204010410, 出走頭数=15
19:05:44 INFO: レース結果取得開始: race_id=202204010411
19:05:45 INFO: 取得完了: race_id=202204010411, 出走頭数=10
19:05:45 INFO: レース結果取得開始: race_id=202204010412
19:05:47 INFO: 取得完了: race_id=202204010412, 出走頭数=16
19:05:47 INFO: レース結果取得開始: race_id=202205020801
19:05:49 INFO: 取得完了: race_id=202205020801, 出走頭数=13
19:05:49 INFO: レース結果取得開始: race_id=202205020802
19:05:51 INFO: 取得完了: race_id=202205020802, 出走頭数=14
19:05:51 INFO: レース結果取得開始: race_id=202205020803
19:05:53 INFO: 取得完了: race_id=202205020803, 出走頭数=11
19:05:53 INFO: レース結果取得開始: race_id=202205020804
19:05:55 INFO: 取得完了: race_id=202205020804, 出走頭数=18
[ 1300/6912] 202205020804: 18頭  errors=0  残り≈167分
19:05:55 INFO: レース結果取得開始: race_id=202205020805
19:05:57 INFO: 取得完了: race_id=202205020805, 出走頭数=7
19:05:57 INFO: レース結果取得開始: race_id=202205020806
19:05:58 INFO: 取得完了: race_id=202205020806, 出走頭数=11
19:05:58 INFO: レース結果取得開始: race_id=202205020807
19:06:00 INFO: 取得完了: race_id=202205020807, 出走頭数=11
19:06:00 INFO: レース結果取得開始: race_id=202205020808
19:06:03 INFO: 取得完了: race_id=202205020808, 出走頭数=9
19:06:03 INFO: レース結果取得開始: race_id=202205020809
19:06:04 INFO: 取得完了: race_id=202205020809, 出走頭数=12
19:06:04 INFO: レース結果取得開始: race_id=202205020810
19:06:07 INFO: 取得完了: race_id=202205020810, 出走頭数=13
19:06:07 INFO: レース結果取得開始: race_id=202205020811
19:06:08 INFO: 取得完了: race_id=202205020811, 出走頭数=18
19:06:08 INFO: レース結果取得開始: race_id=202205020812
19:06:10 INFO: 取得完了: race_id=202205020812, 出走頭数=16
19:06:10 INFO: レース結果取得開始: race_id=202207030401
19:06:12 INFO: 取得完了: race_id=202207030401, 出走頭数=16
19:06:12 INFO: レース結果取得開始: race_id=202207030402
19:06:14 INFO: 取得完了: race_id=202207030402, 出走頭数=13
19:06:14 INFO: レース結果取得開始: race_id=202207030403
19:06:16 INFO: 取得完了: race_id=202207030403, 出走頭数=18
19:06:16 INFO: レース結果取得開始: race_id=202207030404
19:06:17 INFO: 取得完了: race_id=202207030404, 出走頭数=11
19:06:17 INFO: レース結果取得開始: race_id=202207030405
19:06:19 INFO: 取得完了: race_id=202207030405, 出走頭数=11
19:06:19 INFO: レース結果取得開始: race_id=202207030406
19:06:20 INFO: 取得完了: race_id=202207030406, 出走頭数=16
19:06:20 INFO: レース結果取得開始: race_id=202207030407
19:06:21 INFO: 取得完了: race_id=202207030407, 出走頭数=6
19:06:21 INFO: レース結果取得開始: race_id=202207030408
19:06:23 INFO: 取得完了: race_id=202207030408, 出走頭数=9
19:06:23 INFO: レース結果取得開始: race_id=202207030409
19:06:25 INFO: 取得完了: race_id=202207030409, 出走頭数=9
19:06:25 INFO: レース結果取得開始: race_id=202207030410
19:06:26 INFO: 取得完了: race_id=202207030410, 出走頭数=9
19:06:26 INFO: レース結果取得開始: race_id=202207030411
19:06:28 INFO: 取得完了: race_id=202207030411, 出走頭数=16
19:06:28 INFO: レース結果取得開始: race_id=202207030412
19:06:29 INFO: 取得完了: race_id=202207030412, 出走頭数=6
19:06:29 INFO: レース結果取得開始: race_id=202204010501
19:06:31 INFO: 取得完了: race_id=202204010501, 出走頭数=13
19:06:31 INFO: レース結果取得開始: race_id=202204010502
19:06:33 INFO: 取得完了: race_id=202204010502, 出走頭数=15
19:06:33 INFO: レース結果取得開始: race_id=202204010503
19:06:35 INFO: 取得完了: race_id=202204010503, 出走頭数=15
19:06:35 INFO: レース結果取得開始: race_id=202204010504
19:06:37 INFO: 取得完了: race_id=202204010504, 出走頭数=13
19:06:37 INFO: レース結果取得開始: race_id=202204010505
19:06:38 INFO: 取得完了: race_id=202204010505, 出走頭数=16
19:06:38 INFO: レース結果取得開始: race_id=202204010506
19:06:40 INFO: 取得完了: race_id=202204010506, 出走頭数=16
19:06:40 INFO: レース結果取得開始: race_id=202204010507
19:06:41 INFO: 取得完了: race_id=202204010507, 出走頭数=16
19:06:41 INFO: レース結果取得開始: race_id=202204010508
19:06:42 INFO: 取得完了: race_id=202204010508, 出走頭数=15
19:06:42 INFO: レース結果取得開始: race_id=202204010509
19:06:44 INFO: 取得完了: race_id=202204010509, 出走頭数=10
19:06:44 INFO: レース結果取得開始: race_id=202204010510
19:06:45 INFO: 取得完了: race_id=202204010510, 出走頭数=13
19:06:45 INFO: レース結果取得開始: race_id=202204010511
19:06:48 INFO: 取得完了: race_id=202204010511, 出走頭数=15
19:06:48 INFO: レース結果取得開始: race_id=202204010512
19:06:49 INFO: 取得完了: race_id=202204010512, 出走頭数=13
19:06:49 INFO: レース結果取得開始: race_id=202205020901
19:06:51 INFO: 取得完了: race_id=202205020901, 出走頭数=16
19:06:51 INFO: レース結果取得開始: race_id=202205020902
19:06:52 INFO: 取得完了: race_id=202205020902, 出走頭数=16
19:06:52 INFO: レース結果取得開始: race_id=202205020903
19:06:54 INFO: 取得完了: race_id=202205020903, 出走頭数=16
19:06:54 INFO: レース結果取得開始: race_id=202205020904
19:06:56 INFO: 取得完了: race_id=202205020904, 出走頭数=9
19:06:56 INFO: レース結果取得開始: race_id=202205020905
19:06:57 INFO: 取得完了: race_id=202205020905, 出走頭数=11
19:06:57 INFO: レース結果取得開始: race_id=202205020906
19:06:59 INFO: 取得完了: race_id=202205020906, 出走頭数=10
19:06:59 INFO: レース結果取得開始: race_id=202205020907
19:07:01 INFO: 取得完了: race_id=202205020907, 出走頭数=16
19:07:01 INFO: レース結果取得開始: race_id=202205020908
19:07:02 INFO: 取得完了: race_id=202205020908, 出走頭数=15
19:07:02 INFO: レース結果取得開始: race_id=202205020909
19:07:04 INFO: 取得完了: race_id=202205020909, 出走頭数=13
19:07:04 INFO: レース結果取得開始: race_id=202205020910
19:07:06 INFO: 取得完了: race_id=202205020910, 出走頭数=10
19:07:06 INFO: レース結果取得開始: race_id=202205020911
19:07:07 INFO: 取得完了: race_id=202205020911, 出走頭数=13
19:07:07 INFO: レース結果取得開始: race_id=202205020912
19:07:09 INFO: 取得完了: race_id=202205020912, 出走頭数=16
19:07:09 INFO: レース結果取得開始: race_id=202207030501
19:07:11 INFO: 取得完了: race_id=202207030501, 出走頭数=11
19:07:11 INFO: レース結果取得開始: race_id=202207030502
19:07:13 INFO: 取得完了: race_id=202207030502, 出走頭数=16
19:07:13 INFO: レース結果取得開始: race_id=202207030503
19:07:15 INFO: 取得完了: race_id=202207030503, 出走頭数=14
19:07:15 INFO: レース結果取得開始: race_id=202207030504
19:07:17 INFO: 取得完了: race_id=202207030504, 出走頭数=15
19:07:17 INFO: レース結果取得開始: race_id=202207030505
19:07:19 INFO: 取得完了: race_id=202207030505, 出走頭数=10
19:07:19 INFO: レース結果取得開始: race_id=202207030506
19:07:22 INFO: 取得完了: race_id=202207030506, 出走頭数=12
19:07:22 INFO: レース結果取得開始: race_id=202207030507
19:07:23 INFO: 取得完了: race_id=202207030507, 出走頭数=9
19:07:23 INFO: レース結果取得開始: race_id=202207030508
19:07:26 INFO: 取得完了: race_id=202207030508, 出走頭数=16
19:07:26 INFO: レース結果取得開始: race_id=202207030509
19:07:27 INFO: 取得完了: race_id=202207030509, 出走頭数=16
19:07:27 INFO: レース結果取得開始: race_id=202207030510
19:07:29 INFO: 取得完了: race_id=202207030510, 出走頭数=10
19:07:29 INFO: レース結果取得開始: race_id=202207030511
19:07:31 INFO: 取得完了: race_id=202207030511, 出走頭数=16
19:07:31 INFO: レース結果取得開始: race_id=202207030512
19:07:33 INFO: 取得完了: race_id=202207030512, 出走頭数=12
19:07:33 INFO: レース結果取得開始: race_id=202204010601
19:07:35 INFO: 取得完了: race_id=202204010601, 出走頭数=15
19:07:35 INFO: レース結果取得開始: race_id=202204010602
19:07:36 INFO: 取得完了: race_id=202204010602, 出走頭数=16
19:07:36 INFO: レース結果取得開始: race_id=202204010603
19:07:37 INFO: 取得完了: race_id=202204010603, 出走頭数=12
19:07:37 INFO: レース結果取得開始: race_id=202204010604
19:07:39 INFO: 取得完了: race_id=202204010604, 出走頭数=14
19:07:39 INFO: レース結果取得開始: race_id=202204010605
19:07:41 INFO: 取得完了: race_id=202204010605, 出走頭数=16
19:07:41 INFO: レース結果取得開始: race_id=202204010606
19:07:43 INFO: 取得完了: race_id=202204010606, 出走頭数=15
19:07:43 INFO: レース結果取得開始: race_id=202204010607
19:07:44 INFO: 取得完了: race_id=202204010607, 出走頭数=15
19:07:44 INFO: レース結果取得開始: race_id=202204010608
19:07:46 INFO: 取得完了: race_id=202204010608, 出走頭数=10
19:07:46 INFO: レース結果取得開始: race_id=202204010609
19:07:48 INFO: 取得完了: race_id=202204010609, 出走頭数=13
19:07:48 INFO: レース結果取得開始: race_id=202204010610
19:07:50 INFO: 取得完了: race_id=202204010610, 出走頭数=15
19:07:50 INFO: レース結果取得開始: race_id=202204010611
19:07:52 INFO: 取得完了: race_id=202204010611, 出走頭数=16
19:07:52 INFO: レース結果取得開始: race_id=202204010612
19:07:53 INFO: 取得完了: race_id=202204010612, 出走頭数=16
19:07:53 INFO: レース結果取得開始: race_id=202205021001
19:07:55 INFO: 取得完了: race_id=202205021001, 出走頭数=16
19:07:55 INFO: レース結果取得開始: race_id=202205021002
19:07:57 INFO: 取得完了: race_id=202205021002, 出走頭数=15
19:07:57 INFO: レース結果取得開始: race_id=202205021003
19:07:59 INFO: 取得完了: race_id=202205021003, 出走頭数=18
19:07:59 INFO: レース結果取得開始: race_id=202205021004
19:08:01 INFO: 取得完了: race_id=202205021004, 出走頭数=13
19:08:01 INFO: レース結果取得開始: race_id=202205021005
19:08:03 INFO: 取得完了: race_id=202205021005, 出走頭数=16
19:08:03 INFO: レース結果取得開始: race_id=202205021006
19:08:04 INFO: 取得完了: race_id=202205021006, 出走頭数=16
19:08:04 INFO: レース結果取得開始: race_id=202205021007
19:08:06 INFO: 取得完了: race_id=202205021007, 出走頭数=10
19:08:06 INFO: レース結果取得開始: race_id=202205021008
19:08:08 INFO: 取得完了: race_id=202205021008, 出走頭数=13
19:08:08 INFO: レース結果取得開始: race_id=202205021009
19:08:10 INFO: 取得完了: race_id=202205021009, 出走頭数=9
19:08:10 INFO: レース結果取得開始: race_id=202205021010
19:08:12 INFO: 取得完了: race_id=202205021010, 出走頭数=17
19:08:12 INFO: レース結果取得開始: race_id=202205021011
19:08:13 INFO: 取得完了: race_id=202205021011, 出走頭数=18
19:08:13 INFO: レース結果取得開始: race_id=202205021012
19:08:15 INFO: 取得完了: race_id=202205021012, 出走頭数=16
19:08:15 INFO: レース結果取得開始: race_id=202207030601
19:08:16 INFO: 取得完了: race_id=202207030601, 出走頭数=16
19:08:16 INFO: レース結果取得開始: race_id=202207030602
19:08:18 INFO: 取得完了: race_id=202207030602, 出走頭数=16
19:08:18 INFO: レース結果取得開始: race_id=202207030603
19:08:19 INFO: 取得完了: race_id=202207030603, 出走頭数=10
19:08:19 INFO: レース結果取得開始: race_id=202207030604
19:08:21 INFO: 取得完了: race_id=202207030604, 出走頭数=18
19:08:21 INFO: レース結果取得開始: race_id=202207030605
19:08:23 INFO: 取得完了: race_id=202207030605, 出走頭数=11
19:08:23 INFO: レース結果取得開始: race_id=202207030606
19:08:24 INFO: 取得完了: race_id=202207030606, 出走頭数=13
19:08:24 INFO: レース結果取得開始: race_id=202207030607
19:08:26 INFO: 取得完了: race_id=202207030607, 出走頭数=8
19:08:26 INFO: レース結果取得開始: race_id=202207030608
19:08:28 INFO: 取得完了: race_id=202207030608, 出走頭数=14
19:08:28 INFO: レース結果取得開始: race_id=202207030609
19:08:29 INFO: 取得完了: race_id=202207030609, 出走頭数=11
19:08:29 INFO: レース結果取得開始: race_id=202207030610
19:08:31 INFO: 取得完了: race_id=202207030610, 出走頭数=10
19:08:31 INFO: レース結果取得開始: race_id=202207030611
19:08:32 INFO: 取得完了: race_id=202207030611, 出走頭数=16
19:08:32 INFO: レース結果取得開始: race_id=202207030612
19:08:34 INFO: 取得完了: race_id=202207030612, 出走頭数=10
19:08:34 INFO: レース結果取得開始: race_id=202204010701
19:08:36 INFO: 取得完了: race_id=202204010701, 出走頭数=14
19:08:36 INFO: レース結果取得開始: race_id=202204010702
19:08:37 INFO: 取得完了: race_id=202204010702, 出走頭数=15
19:08:37 INFO: レース結果取得開始: race_id=202204010703
19:08:39 INFO: 取得完了: race_id=202204010703, 出走頭数=15
19:08:39 INFO: レース結果取得開始: race_id=202204010704
19:08:42 INFO: 取得完了: race_id=202204010704, 出走頭数=14
19:08:42 INFO: レース結果取得開始: race_id=202204010705
19:08:43 INFO: 取得完了: race_id=202204010705, 出走頭数=16
19:08:43 INFO: レース結果取得開始: race_id=202204010706
19:08:45 INFO: 取得完了: race_id=202204010706, 出走頭数=14
19:08:45 INFO: レース結果取得開始: race_id=202204010707
19:08:47 INFO: 取得完了: race_id=202204010707, 出走頭数=16
19:08:47 INFO: レース結果取得開始: race_id=202204010708
19:08:48 INFO: 取得完了: race_id=202204010708, 出走頭数=13
[ 1400/6912] 202204010708: 13頭  errors=0  残り≈163分
19:08:48 INFO: レース結果取得開始: race_id=202204010709
19:08:51 INFO: 取得完了: race_id=202204010709, 出走頭数=16
19:08:51 INFO: レース結果取得開始: race_id=202204010710
19:08:53 INFO: 取得完了: race_id=202204010710, 出走頭数=14
19:08:53 INFO: レース結果取得開始: race_id=202204010711
19:08:55 INFO: 取得完了: race_id=202204010711, 出走頭数=12
19:08:55 INFO: レース結果取得開始: race_id=202204010712
19:08:56 INFO: 取得完了: race_id=202204010712, 出走頭数=16
19:08:56 INFO: レース結果取得開始: race_id=202205021101
19:08:58 INFO: 取得完了: race_id=202205021101, 出走頭数=15
19:08:58 INFO: レース結果取得開始: race_id=202205021102
19:09:00 INFO: 取得完了: race_id=202205021102, 出走頭数=16
19:09:00 INFO: レース結果取得開始: race_id=202205021103
19:09:02 INFO: 取得完了: race_id=202205021103, 出走頭数=16
19:09:02 INFO: レース結果取得開始: race_id=202205021104
19:09:03 INFO: 取得完了: race_id=202205021104, 出走頭数=16
19:09:03 INFO: レース結果取得開始: race_id=202205021105
19:09:05 INFO: 取得完了: race_id=202205021105, 出走頭数=13
19:09:05 INFO: レース結果取得開始: race_id=202205021106
19:09:07 INFO: 取得完了: race_id=202205021106, 出走頭数=11
19:09:07 INFO: レース結果取得開始: race_id=202205021107
19:09:09 INFO: 取得完了: race_id=202205021107, 出走頭数=5
19:09:09 INFO: レース結果取得開始: race_id=202205021108
19:09:11 INFO: 取得完了: race_id=202205021108, 出走頭数=13
19:09:11 INFO: レース結果取得開始: race_id=202205021109
19:09:13 INFO: 取得完了: race_id=202205021109, 出走頭数=16
19:09:13 INFO: レース結果取得開始: race_id=202205021110
19:09:14 INFO: 取得完了: race_id=202205021110, 出走頭数=9
19:09:14 INFO: レース結果取得開始: race_id=202205021111
19:09:15 INFO: 取得完了: race_id=202205021111, 出走頭数=16
19:09:15 INFO: レース結果取得開始: race_id=202205021112
19:09:17 INFO: 取得完了: race_id=202205021112, 出走頭数=11
19:09:17 INFO: レース結果取得開始: race_id=202207030701
19:09:18 INFO: 取得完了: race_id=202207030701, 出走頭数=16
19:09:19 INFO: レース結果取得開始: race_id=202207030702
19:09:21 INFO: 取得完了: race_id=202207030702, 出走頭数=16
19:09:21 INFO: レース結果取得開始: race_id=202207030703
19:09:23 INFO: 取得完了: race_id=202207030703, 出走頭数=18
19:09:23 INFO: レース結果取得開始: race_id=202207030704
19:09:24 INFO: 取得完了: race_id=202207030704, 出走頭数=12
19:09:24 INFO: レース結果取得開始: race_id=202207030705
19:09:26 INFO: 取得完了: race_id=202207030705, 出走頭数=12
19:09:26 INFO: レース結果取得開始: race_id=202207030706
19:09:28 INFO: 取得完了: race_id=202207030706, 出走頭数=9
19:09:28 INFO: レース結果取得開始: race_id=202207030707
19:09:29 INFO: 取得完了: race_id=202207030707, 出走頭数=9
19:09:29 INFO: レース結果取得開始: race_id=202207030708
19:09:31 INFO: 取得完了: race_id=202207030708, 出走頭数=11
19:09:31 INFO: レース結果取得開始: race_id=202207030709
19:09:33 INFO: 取得完了: race_id=202207030709, 出走頭数=9
19:09:33 INFO: レース結果取得開始: race_id=202207030710
19:09:35 INFO: 取得完了: race_id=202207030710, 出走頭数=16
19:09:35 INFO: レース結果取得開始: race_id=202207030711
19:09:37 INFO: 取得完了: race_id=202207030711, 出走頭数=17
19:09:37 INFO: レース結果取得開始: race_id=202207030712
19:09:39 INFO: 取得完了: race_id=202207030712, 出走頭数=16
19:09:39 INFO: レース結果取得開始: race_id=202204010801
19:09:41 INFO: 取得完了: race_id=202204010801, 出走頭数=15
19:09:41 INFO: レース結果取得開始: race_id=202204010802
19:09:43 INFO: 取得完了: race_id=202204010802, 出走頭数=16
19:09:43 INFO: レース結果取得開始: race_id=202204010803
19:09:44 INFO: 取得完了: race_id=202204010803, 出走頭数=14
19:09:44 INFO: レース結果取得開始: race_id=202204010804
19:09:46 INFO: 取得完了: race_id=202204010804, 出走頭数=14
19:09:46 INFO: レース結果取得開始: race_id=202204010805
19:09:49 INFO: 取得完了: race_id=202204010805, 出走頭数=15
19:09:49 INFO: レース結果取得開始: race_id=202204010806
19:09:50 INFO: 取得完了: race_id=202204010806, 出走頭数=12
19:09:50 INFO: レース結果取得開始: race_id=202204010807
19:09:52 INFO: 取得完了: race_id=202204010807, 出走頭数=15
19:09:52 INFO: レース結果取得開始: race_id=202204010808
19:09:54 INFO: 取得完了: race_id=202204010808, 出走頭数=13
19:09:54 INFO: レース結果取得開始: race_id=202204010809
19:09:56 INFO: 取得完了: race_id=202204010809, 出走頭数=13
19:09:56 INFO: レース結果取得開始: race_id=202204010810
19:09:58 INFO: 取得完了: race_id=202204010810, 出走頭数=16
19:09:58 INFO: レース結果取得開始: race_id=202204010811
19:10:00 INFO: 取得完了: race_id=202204010811, 出走頭数=13
19:10:00 INFO: レース結果取得開始: race_id=202204010812
19:10:01 INFO: 取得完了: race_id=202204010812, 出走頭数=15
19:10:01 INFO: レース結果取得開始: race_id=202205021201
19:10:03 INFO: 取得完了: race_id=202205021201, 出走頭数=16
19:10:03 INFO: レース結果取得開始: race_id=202205021202
19:10:05 INFO: 取得完了: race_id=202205021202, 出走頭数=16
19:10:05 INFO: レース結果取得開始: race_id=202205021203
19:10:07 INFO: 取得完了: race_id=202205021203, 出走頭数=12
19:10:07 INFO: レース結果取得開始: race_id=202205021204
19:10:08 INFO: 取得完了: race_id=202205021204, 出走頭数=18
19:10:08 INFO: レース結果取得開始: race_id=202205021205
19:10:10 INFO: 取得完了: race_id=202205021205, 出走頭数=16
19:10:10 INFO: レース結果取得開始: race_id=202205021206
19:10:11 INFO: 取得完了: race_id=202205021206, 出走頭数=16
19:10:11 INFO: レース結果取得開始: race_id=202205021207
19:10:13 INFO: 取得完了: race_id=202205021207, 出走頭数=6
19:10:13 INFO: レース結果取得開始: race_id=202205021208
19:10:15 INFO: 取得完了: race_id=202205021208, 出走頭数=12
19:10:15 INFO: レース結果取得開始: race_id=202205021209
19:10:17 INFO: 取得完了: race_id=202205021209, 出走頭数=13
19:10:17 INFO: レース結果取得開始: race_id=202205021210
19:10:19 INFO: 取得完了: race_id=202205021210, 出走頭数=17
19:10:19 INFO: レース結果取得開始: race_id=202205021211
19:10:21 INFO: 取得完了: race_id=202205021211, 出走頭数=18
19:10:21 INFO: レース結果取得開始: race_id=202205021212
19:10:22 INFO: 取得完了: race_id=202205021212, 出走頭数=18
19:10:22 INFO: レース結果取得開始: race_id=202207030801
19:10:24 INFO: 取得完了: race_id=202207030801, 出走頭数=16
19:10:24 INFO: レース結果取得開始: race_id=202207030802
19:10:26 INFO: 取得完了: race_id=202207030802, 出走頭数=15
19:10:26 INFO: レース結果取得開始: race_id=202207030803
19:10:27 INFO: 取得完了: race_id=202207030803, 出走頭数=16
19:10:27 INFO: レース結果取得開始: race_id=202207030804
19:10:30 INFO: 取得完了: race_id=202207030804, 出走頭数=16
19:10:30 INFO: レース結果取得開始: race_id=202207030805
19:10:32 INFO: 取得完了: race_id=202207030805, 出走頭数=16
19:10:32 INFO: レース結果取得開始: race_id=202207030806
19:10:34 INFO: 取得完了: race_id=202207030806, 出走頭数=15
19:10:34 INFO: レース結果取得開始: race_id=202207030807
19:10:36 INFO: 取得完了: race_id=202207030807, 出走頭数=13
19:10:37 INFO: レース結果取得開始: race_id=202207030808
19:10:39 INFO: 取得完了: race_id=202207030808, 出走頭数=14
19:10:39 INFO: レース結果取得開始: race_id=202207030809
19:10:40 INFO: 取得完了: race_id=202207030809, 出走頭数=9
19:10:40 INFO: レース結果取得開始: race_id=202207030810
19:10:42 INFO: 取得完了: race_id=202207030810, 出走頭数=18
19:10:42 INFO: レース結果取得開始: race_id=202207030811
19:10:44 INFO: 取得完了: race_id=202207030811, 出走頭数=7
19:10:44 INFO: レース結果取得開始: race_id=202207030812
19:10:46 INFO: 取得完了: race_id=202207030812, 出走頭数=16
19:10:46 INFO: レース結果取得開始: race_id=202205030101
19:10:47 INFO: 取得完了: race_id=202205030101, 出走頭数=11
19:10:47 INFO: レース結果取得開始: race_id=202205030102
19:10:49 INFO: 取得完了: race_id=202205030102, 出走頭数=15
19:10:49 INFO: レース結果取得開始: race_id=202205030103
19:10:51 INFO: 取得完了: race_id=202205030103, 出走頭数=16
19:10:51 INFO: レース結果取得開始: race_id=202205030104
19:10:53 INFO: 取得完了: race_id=202205030104, 出走頭数=18
19:10:53 INFO: レース結果取得開始: race_id=202205030105
19:10:56 INFO: 取得完了: race_id=202205030105, 出走頭数=13
19:10:56 INFO: レース結果取得開始: race_id=202205030106
19:10:58 INFO: 取得完了: race_id=202205030106, 出走頭数=16
19:10:58 INFO: レース結果取得開始: race_id=202205030107
19:10:59 INFO: 取得完了: race_id=202205030107, 出走頭数=9
19:10:59 INFO: レース結果取得開始: race_id=202205030108
19:11:01 INFO: 取得完了: race_id=202205030108, 出走頭数=16
19:11:01 INFO: レース結果取得開始: race_id=202205030109
19:11:04 INFO: 取得完了: race_id=202205030109, 出走頭数=8
19:11:04 INFO: レース結果取得開始: race_id=202205030110
19:11:05 INFO: 取得完了: race_id=202205030110, 出走頭数=13
19:11:05 INFO: レース結果取得開始: race_id=202205030111
19:11:08 INFO: 取得完了: race_id=202205030111, 出走頭数=16
19:11:08 INFO: レース結果取得開始: race_id=202205030112
19:11:09 INFO: 取得完了: race_id=202205030112, 出走頭数=16
19:11:09 INFO: レース結果取得開始: race_id=202207040101
19:11:11 INFO: 取得完了: race_id=202207040101, 出走頭数=16
19:11:11 INFO: レース結果取得開始: race_id=202207040102
19:11:12 INFO: 取得完了: race_id=202207040102, 出走頭数=12
19:11:12 INFO: レース結果取得開始: race_id=202207040103
19:11:15 INFO: 取得完了: race_id=202207040103, 出走頭数=16
19:11:15 INFO: レース結果取得開始: race_id=202207040104
19:11:16 INFO: 取得完了: race_id=202207040104, 出走頭数=14
19:11:16 INFO: レース結果取得開始: race_id=202207040105
19:11:18 INFO: 取得完了: race_id=202207040105, 出走頭数=9
19:11:18 INFO: レース結果取得開始: race_id=202207040106
19:11:20 INFO: 取得完了: race_id=202207040106, 出走頭数=14
19:11:20 INFO: レース結果取得開始: race_id=202207040107
19:11:22 INFO: 取得完了: race_id=202207040107, 出走頭数=8
19:11:22 INFO: レース結果取得開始: race_id=202207040108
19:11:24 INFO: 取得完了: race_id=202207040108, 出走頭数=16
19:11:24 INFO: レース結果取得開始: race_id=202207040109
19:11:26 INFO: 取得完了: race_id=202207040109, 出走頭数=16
19:11:26 INFO: レース結果取得開始: race_id=202207040110
19:11:28 INFO: 取得完了: race_id=202207040110, 出走頭数=10
19:11:28 INFO: レース結果取得開始: race_id=202207040111
19:11:30 INFO: 取得完了: race_id=202207040111, 出走頭数=10
19:11:30 INFO: レース結果取得開始: race_id=202207040112
19:11:31 INFO: 取得完了: race_id=202207040112, 出走頭数=16
19:11:31 INFO: レース結果取得開始: race_id=202205030201
19:11:33 INFO: 取得完了: race_id=202205030201, 出走頭数=11
19:11:33 INFO: レース結果取得開始: race_id=202205030202
19:11:35 INFO: 取得完了: race_id=202205030202, 出走頭数=15
19:11:35 INFO: レース結果取得開始: race_id=202205030203
19:11:37 INFO: 取得完了: race_id=202205030203, 出走頭数=15
19:11:37 INFO: レース結果取得開始: race_id=202205030204
19:11:39 INFO: 取得完了: race_id=202205030204, 出走頭数=10
19:11:39 INFO: レース結果取得開始: race_id=202205030205
19:11:40 INFO: 取得完了: race_id=202205030205, 出走頭数=12
19:11:40 INFO: レース結果取得開始: race_id=202205030206
19:11:42 INFO: 取得完了: race_id=202205030206, 出走頭数=16
19:11:42 INFO: レース結果取得開始: race_id=202205030207
19:11:44 INFO: 取得完了: race_id=202205030207, 出走頭数=16
19:11:44 INFO: レース結果取得開始: race_id=202205030208
19:11:46 INFO: 取得完了: race_id=202205030208, 出走頭数=13
19:11:46 INFO: レース結果取得開始: race_id=202205030209
19:11:47 INFO: 取得完了: race_id=202205030209, 出走頭数=7
19:11:47 INFO: レース結果取得開始: race_id=202205030210
19:11:49 INFO: 取得完了: race_id=202205030210, 出走頭数=16
19:11:49 INFO: レース結果取得開始: race_id=202205030211
19:11:51 INFO: 取得完了: race_id=202205030211, 出走頭数=18
19:11:51 INFO: レース結果取得開始: race_id=202205030212
19:11:53 INFO: 取得完了: race_id=202205030212, 出走頭数=10
[ 1500/6912] 202205030212: 10頭  errors=0  残り≈161分
19:11:53 INFO: レース結果取得開始: race_id=202207040201
19:11:55 INFO: 取得完了: race_id=202207040201, 出走頭数=9
19:11:55 INFO: レース結果取得開始: race_id=202207040202
19:11:57 INFO: 取得完了: race_id=202207040202, 出走頭数=14
19:11:57 INFO: レース結果取得開始: race_id=202207040203
19:11:59 INFO: 取得完了: race_id=202207040203, 出走頭数=13
19:11:59 INFO: レース結果取得開始: race_id=202207040204
19:12:01 INFO: 取得完了: race_id=202207040204, 出走頭数=16
19:12:01 INFO: レース結果取得開始: race_id=202207040205
19:12:03 INFO: 取得完了: race_id=202207040205, 出走頭数=9
19:12:03 INFO: レース結果取得開始: race_id=202207040206
19:12:05 INFO: 取得完了: race_id=202207040206, 出走頭数=16
19:12:05 INFO: レース結果取得開始: race_id=202207040207
19:12:07 INFO: 取得完了: race_id=202207040207, 出走頭数=12
19:12:07 INFO: レース結果取得開始: race_id=202207040208
19:12:09 INFO: 取得完了: race_id=202207040208, 出走頭数=15
19:12:09 INFO: レース結果取得開始: race_id=202207040209
19:12:10 INFO: 取得完了: race_id=202207040209, 出走頭数=8
19:12:10 INFO: レース結果取得開始: race_id=202207040210
19:12:12 INFO: 取得完了: race_id=202207040210, 出走頭数=15
19:12:12 INFO: レース結果取得開始: race_id=202207040211
19:12:14 INFO: 取得完了: race_id=202207040211, 出走頭数=16
19:12:14 INFO: レース結果取得開始: race_id=202207040212
19:12:15 INFO: 取得完了: race_id=202207040212, 出走頭数=10
19:12:15 INFO: レース結果取得開始: race_id=202202010101
19:12:17 INFO: 取得完了: race_id=202202010101, 出走頭数=16
19:12:17 INFO: レース結果取得開始: race_id=202202010102
19:12:19 INFO: 取得完了: race_id=202202010102, 出走頭数=11
19:12:19 INFO: レース結果取得開始: race_id=202202010103
19:12:21 INFO: 取得完了: race_id=202202010103, 出走頭数=12
19:12:21 INFO: レース結果取得開始: race_id=202202010104
19:12:23 INFO: 取得完了: race_id=202202010104, 出走頭数=11
19:12:23 INFO: レース結果取得開始: race_id=202202010105
19:12:25 INFO: 取得完了: race_id=202202010105, 出走頭数=9
19:12:25 INFO: レース結果取得開始: race_id=202202010106
19:12:26 INFO: 取得完了: race_id=202202010106, 出走頭数=14
19:12:26 INFO: レース結果取得開始: race_id=202202010107
19:12:28 INFO: 取得完了: race_id=202202010107, 出走頭数=14
19:12:28 INFO: レース結果取得開始: race_id=202202010108
19:12:30 INFO: 取得完了: race_id=202202010108, 出走頭数=12
19:12:30 INFO: レース結果取得開始: race_id=202202010109
19:12:32 INFO: 取得完了: race_id=202202010109, 出走頭数=12
19:12:32 INFO: レース結果取得開始: race_id=202202010110
19:12:34 INFO: 取得完了: race_id=202202010110, 出走頭数=16
19:12:34 INFO: レース結果取得開始: race_id=202202010111
19:12:36 INFO: 取得完了: race_id=202202010111, 出走頭数=14
19:12:36 INFO: レース結果取得開始: race_id=202202010112
19:12:37 INFO: 取得完了: race_id=202202010112, 出走頭数=14
19:12:37 INFO: レース結果取得開始: race_id=202205030301
19:12:38 INFO: 取得完了: race_id=202205030301, 出走頭数=12
19:12:38 INFO: レース結果取得開始: race_id=202205030302
19:12:40 INFO: 取得完了: race_id=202205030302, 出走頭数=15
19:12:40 INFO: レース結果取得開始: race_id=202205030303
19:12:42 INFO: 取得完了: race_id=202205030303, 出走頭数=16
19:12:42 INFO: レース結果取得開始: race_id=202205030304
19:12:44 INFO: 取得完了: race_id=202205030304, 出走頭数=18
19:12:44 INFO: レース結果取得開始: race_id=202205030305
19:12:46 INFO: 取得完了: race_id=202205030305, 出走頭数=13
19:12:46 INFO: レース結果取得開始: race_id=202205030306
19:12:47 INFO: 取得完了: race_id=202205030306, 出走頭数=11
19:12:47 INFO: レース結果取得開始: race_id=202205030307
19:12:49 INFO: 取得完了: race_id=202205030307, 出走頭数=16
19:12:49 INFO: レース結果取得開始: race_id=202205030308
19:12:51 INFO: 取得完了: race_id=202205030308, 出走頭数=9
19:12:51 INFO: レース結果取得開始: race_id=202205030309
19:12:52 INFO: 取得完了: race_id=202205030309, 出走頭数=16
19:12:52 INFO: レース結果取得開始: race_id=202205030310
19:12:54 INFO: 取得完了: race_id=202205030310, 出走頭数=9
19:12:54 INFO: レース結果取得開始: race_id=202205030311
19:12:56 INFO: 取得完了: race_id=202205030311, 出走頭数=15
19:12:56 INFO: レース結果取得開始: race_id=202205030312
19:12:58 INFO: 取得完了: race_id=202205030312, 出走頭数=16
19:12:58 INFO: レース結果取得開始: race_id=202207040301
19:13:00 INFO: 取得完了: race_id=202207040301, 出走頭数=14
19:13:00 INFO: レース結果取得開始: race_id=202207040302
19:13:01 INFO: 取得完了: race_id=202207040302, 出走頭数=16
19:13:01 INFO: レース結果取得開始: race_id=202207040303
19:13:04 INFO: 取得完了: race_id=202207040303, 出走頭数=12
19:13:04 INFO: レース結果取得開始: race_id=202207040304
19:13:05 INFO: 取得完了: race_id=202207040304, 出走頭数=15
19:13:05 INFO: レース結果取得開始: race_id=202207040305
19:13:06 INFO: 取得完了: race_id=202207040305, 出走頭数=11
19:13:06 INFO: レース結果取得開始: race_id=202207040306
19:13:08 INFO: 取得完了: race_id=202207040306, 出走頭数=18
19:13:08 INFO: レース結果取得開始: race_id=202207040307
19:13:10 INFO: 取得完了: race_id=202207040307, 出走頭数=16
19:13:10 INFO: レース結果取得開始: race_id=202207040308
19:13:12 INFO: 取得完了: race_id=202207040308, 出走頭数=10
19:13:12 INFO: レース結果取得開始: race_id=202207040309
19:13:14 INFO: 取得完了: race_id=202207040309, 出走頭数=11
19:13:14 INFO: レース結果取得開始: race_id=202207040310
19:13:15 INFO: 取得完了: race_id=202207040310, 出走頭数=16
19:13:15 INFO: レース結果取得開始: race_id=202207040311
19:13:17 INFO: 取得完了: race_id=202207040311, 出走頭数=15
19:13:17 INFO: レース結果取得開始: race_id=202207040312
19:13:18 INFO: 取得完了: race_id=202207040312, 出走頭数=12
19:13:18 INFO: レース結果取得開始: race_id=202202010201
19:13:20 INFO: 取得完了: race_id=202202010201, 出走頭数=16
19:13:20 INFO: レース結果取得開始: race_id=202202010202
19:13:22 INFO: 取得完了: race_id=202202010202, 出走頭数=14
19:13:22 INFO: レース結果取得開始: race_id=202202010203
19:13:25 INFO: 取得完了: race_id=202202010203, 出走頭数=10
19:13:25 INFO: レース結果取得開始: race_id=202202010204
19:13:26 INFO: 取得完了: race_id=202202010204, 出走頭数=15
19:13:26 INFO: レース結果取得開始: race_id=202202010205
19:13:28 INFO: 取得完了: race_id=202202010205, 出走頭数=9
19:13:28 INFO: レース結果取得開始: race_id=202202010206
19:13:30 INFO: 取得完了: race_id=202202010206, 出走頭数=13
19:13:30 INFO: レース結果取得開始: race_id=202202010207
19:13:32 INFO: 取得完了: race_id=202202010207, 出走頭数=12
19:13:32 INFO: レース結果取得開始: race_id=202202010208
19:13:35 INFO: 取得完了: race_id=202202010208, 出走頭数=14
19:13:35 INFO: レース結果取得開始: race_id=202202010209
19:13:36 INFO: 取得完了: race_id=202202010209, 出走頭数=14
19:13:36 INFO: レース結果取得開始: race_id=202202010210
19:13:38 INFO: 取得完了: race_id=202202010210, 出走頭数=10
19:13:38 INFO: レース結果取得開始: race_id=202202010211
19:13:39 INFO: 取得完了: race_id=202202010211, 出走頭数=16
19:13:39 INFO: レース結果取得開始: race_id=202202010212
19:13:41 INFO: 取得完了: race_id=202202010212, 出走頭数=14
19:13:41 INFO: レース結果取得開始: race_id=202205030401
19:13:42 INFO: 取得完了: race_id=202205030401, 出走頭数=11
19:13:42 INFO: レース結果取得開始: race_id=202205030402
19:13:44 INFO: 取得完了: race_id=202205030402, 出走頭数=11
19:13:44 INFO: レース結果取得開始: race_id=202205030403
19:13:46 INFO: 取得完了: race_id=202205030403, 出走頭数=16
19:13:46 INFO: レース結果取得開始: race_id=202205030404
19:13:48 INFO: 取得完了: race_id=202205030404, 出走頭数=18
19:13:48 INFO: レース結果取得開始: race_id=202205030405
19:13:49 INFO: 取得完了: race_id=202205030405, 出走頭数=12
19:13:49 INFO: レース結果取得開始: race_id=202205030406
19:13:51 INFO: 取得完了: race_id=202205030406, 出走頭数=14
19:13:51 INFO: レース結果取得開始: race_id=202205030407
19:13:53 INFO: 取得完了: race_id=202205030407, 出走頭数=13
19:13:53 INFO: レース結果取得開始: race_id=202205030408
19:13:55 INFO: 取得完了: race_id=202205030408, 出走頭数=11
19:13:55 INFO: レース結果取得開始: race_id=202205030409
19:13:57 INFO: 取得完了: race_id=202205030409, 出走頭数=16
19:13:57 INFO: レース結果取得開始: race_id=202205030410
19:13:58 INFO: 取得完了: race_id=202205030410, 出走頭数=15
19:13:58 INFO: レース結果取得開始: race_id=202205030411
19:14:00 INFO: 取得完了: race_id=202205030411, 出走頭数=12
19:14:00 INFO: レース結果取得開始: race_id=202205030412
19:14:02 INFO: 取得完了: race_id=202205030412, 出走頭数=17
19:14:02 INFO: レース結果取得開始: race_id=202207040401
19:14:04 INFO: 取得完了: race_id=202207040401, 出走頭数=13
19:14:04 INFO: レース結果取得開始: race_id=202207040402
19:14:06 INFO: 取得完了: race_id=202207040402, 出走頭数=10
19:14:06 INFO: レース結果取得開始: race_id=202207040403
19:14:08 INFO: 取得完了: race_id=202207040403, 出走頭数=16
19:14:08 INFO: レース結果取得開始: race_id=202207040404
19:14:09 INFO: 取得完了: race_id=202207040404, 出走頭数=16
19:14:09 INFO: レース結果取得開始: race_id=202207040405
19:14:11 INFO: 取得完了: race_id=202207040405, 出走頭数=9
19:14:11 INFO: レース結果取得開始: race_id=202207040406
19:14:13 INFO: 取得完了: race_id=202207040406, 出走頭数=12
19:14:13 INFO: レース結果取得開始: race_id=202207040407
19:14:14 INFO: 取得完了: race_id=202207040407, 出走頭数=16
19:14:14 INFO: レース結果取得開始: race_id=202207040408
19:14:16 INFO: 取得完了: race_id=202207040408, 出走頭数=13
19:14:16 INFO: レース結果取得開始: race_id=202207040409
19:14:18 INFO: 取得完了: race_id=202207040409, 出走頭数=16
19:14:18 INFO: レース結果取得開始: race_id=202207040410
19:14:20 INFO: 取得完了: race_id=202207040410, 出走頭数=10
19:14:20 INFO: レース結果取得開始: race_id=202207040411
19:14:22 INFO: 取得完了: race_id=202207040411, 出走頭数=16
19:14:22 INFO: レース結果取得開始: race_id=202207040412
19:14:23 INFO: 取得完了: race_id=202207040412, 出走頭数=16
19:14:23 INFO: レース結果取得開始: race_id=202202010301
19:14:25 INFO: 取得完了: race_id=202202010301, 出走頭数=16
19:14:25 INFO: レース結果取得開始: race_id=202202010302
19:14:26 INFO: 取得完了: race_id=202202010302, 出走頭数=12
19:14:26 INFO: レース結果取得開始: race_id=202202010303
19:14:27 INFO: 取得完了: race_id=202202010303, 出走頭数=12
19:14:27 INFO: レース結果取得開始: race_id=202202010304
19:14:29 INFO: 取得完了: race_id=202202010304, 出走頭数=13
19:14:29 INFO: レース結果取得開始: race_id=202202010305
19:14:31 INFO: 取得完了: race_id=202202010305, 出走頭数=10
19:14:31 INFO: レース結果取得開始: race_id=202202010306
19:14:33 INFO: 取得完了: race_id=202202010306, 出走頭数=8
19:14:33 INFO: レース結果取得開始: race_id=202202010307
19:14:35 INFO: 取得完了: race_id=202202010307, 出走頭数=9
19:14:35 INFO: レース結果取得開始: race_id=202202010308
19:14:36 INFO: 取得完了: race_id=202202010308, 出走頭数=12
19:14:36 INFO: レース結果取得開始: race_id=202202010309
19:14:38 INFO: 取得完了: race_id=202202010309, 出走頭数=8
19:14:38 INFO: レース結果取得開始: race_id=202202010310
19:14:40 INFO: 取得完了: race_id=202202010310, 出走頭数=9
19:14:40 INFO: レース結果取得開始: race_id=202202010311
19:14:41 INFO: 取得完了: race_id=202202010311, 出走頭数=12
19:14:41 INFO: レース結果取得開始: race_id=202202010312
19:14:43 INFO: 取得完了: race_id=202202010312, 出走頭数=14
19:14:43 INFO: レース結果取得開始: race_id=202205030501
19:14:45 INFO: 取得完了: race_id=202205030501, 出走頭数=7
19:14:45 INFO: レース結果取得開始: race_id=202205030502
19:14:46 INFO: 取得完了: race_id=202205030502, 出走頭数=14
19:14:46 INFO: レース結果取得開始: race_id=202205030503
19:14:48 INFO: 取得完了: race_id=202205030503, 出走頭数=16
19:14:48 INFO: レース結果取得開始: race_id=202205030504
19:14:50 INFO: 取得完了: race_id=202205030504, 出走頭数=14
[ 1600/6912] 202205030504: 14頭  errors=0  残り≈158分
19:14:50 INFO: レース結果取得開始: race_id=202205030505
19:14:52 INFO: 取得完了: race_id=202205030505, 出走頭数=16
19:14:52 INFO: レース結果取得開始: race_id=202205030506
19:14:54 INFO: 取得完了: race_id=202205030506, 出走頭数=16
19:14:54 INFO: レース結果取得開始: race_id=202205030507
19:14:56 INFO: 取得完了: race_id=202205030507, 出走頭数=16
19:14:56 INFO: レース結果取得開始: race_id=202205030508
19:14:58 INFO: 取得完了: race_id=202205030508, 出走頭数=8
19:14:58 INFO: レース結果取得開始: race_id=202205030509
19:14:59 INFO: 取得完了: race_id=202205030509, 出走頭数=16
19:14:59 INFO: レース結果取得開始: race_id=202205030510
19:15:01 INFO: 取得完了: race_id=202205030510, 出走頭数=11
19:15:01 INFO: レース結果取得開始: race_id=202205030511
19:15:03 INFO: 取得完了: race_id=202205030511, 出走頭数=12
19:15:03 INFO: レース結果取得開始: race_id=202205030512
19:15:05 INFO: 取得完了: race_id=202205030512, 出走頭数=12
19:15:05 INFO: レース結果取得開始: race_id=202209030101
19:15:07 INFO: 取得完了: race_id=202209030101, 出走頭数=11
19:15:07 INFO: レース結果取得開始: race_id=202209030102
19:15:09 INFO: 取得完了: race_id=202209030102, 出走頭数=13
19:15:09 INFO: レース結果取得開始: race_id=202209030103
19:15:11 INFO: 取得完了: race_id=202209030103, 出走頭数=13
19:15:11 INFO: レース結果取得開始: race_id=202209030104
19:15:12 INFO: 取得完了: race_id=202209030104, 出走頭数=9
19:15:12 INFO: レース結果取得開始: race_id=202209030105
19:15:14 INFO: 取得完了: race_id=202209030105, 出走頭数=12
19:15:14 INFO: レース結果取得開始: race_id=202209030106
19:15:16 INFO: 取得完了: race_id=202209030106, 出走頭数=16
19:15:16 INFO: レース結果取得開始: race_id=202209030107
19:15:17 INFO: 取得完了: race_id=202209030107, 出走頭数=9
19:15:17 INFO: レース結果取得開始: race_id=202209030108
19:15:19 INFO: 取得完了: race_id=202209030108, 出走頭数=16
19:15:19 INFO: レース結果取得開始: race_id=202209030109
19:15:21 INFO: 取得完了: race_id=202209030109, 出走頭数=11
19:15:21 INFO: レース結果取得開始: race_id=202209030110
19:15:23 INFO: 取得完了: race_id=202209030110, 出走頭数=12
19:15:23 INFO: レース結果取得開始: race_id=202209030111
19:15:25 INFO: 取得完了: race_id=202209030111, 出走頭数=16
19:15:25 INFO: レース結果取得開始: race_id=202209030112
19:15:27 INFO: 取得完了: race_id=202209030112, 出走頭数=16
19:15:27 INFO: レース結果取得開始: race_id=202202010401
19:15:28 INFO: 取得完了: race_id=202202010401, 出走頭数=13
19:15:28 INFO: レース結果取得開始: race_id=202202010402
19:15:30 INFO: 取得完了: race_id=202202010402, 出走頭数=16
19:15:30 INFO: レース結果取得開始: race_id=202202010403
19:15:31 INFO: 取得完了: race_id=202202010403, 出走頭数=12
19:15:31 INFO: レース結果取得開始: race_id=202202010404
19:15:33 INFO: 取得完了: race_id=202202010404, 出走頭数=10
19:15:33 INFO: レース結果取得開始: race_id=202202010405
19:15:35 INFO: 取得完了: race_id=202202010405, 出走頭数=8
19:15:35 INFO: レース結果取得開始: race_id=202202010406
19:15:37 INFO: 取得完了: race_id=202202010406, 出走頭数=11
19:15:37 INFO: レース結果取得開始: race_id=202202010407
19:15:39 INFO: 取得完了: race_id=202202010407, 出走頭数=14
19:15:39 INFO: レース結果取得開始: race_id=202202010408
19:15:40 INFO: 取得完了: race_id=202202010408, 出走頭数=12
19:15:41 INFO: レース結果取得開始: race_id=202202010409
19:15:42 INFO: 取得完了: race_id=202202010409, 出走頭数=11
19:15:42 INFO: レース結果取得開始: race_id=202202010410
19:15:44 INFO: 取得完了: race_id=202202010410, 出走頭数=14
19:15:44 INFO: レース結果取得開始: race_id=202202010411
19:15:46 INFO: 取得完了: race_id=202202010411, 出走頭数=16
19:15:46 INFO: レース結果取得開始: race_id=202202010412
19:15:48 INFO: 取得完了: race_id=202202010412, 出走頭数=10
19:15:48 INFO: レース結果取得開始: race_id=202205030601
19:15:50 INFO: 取得完了: race_id=202205030601, 出走頭数=11
19:15:50 INFO: レース結果取得開始: race_id=202205030602
19:15:52 INFO: 取得完了: race_id=202205030602, 出走頭数=16
19:15:52 INFO: レース結果取得開始: race_id=202205030603
19:15:54 INFO: 取得完了: race_id=202205030603, 出走頭数=16
19:15:54 INFO: レース結果取得開始: race_id=202205030604
19:15:56 INFO: 取得完了: race_id=202205030604, 出走頭数=16
19:15:56 INFO: レース結果取得開始: race_id=202205030605
19:15:57 INFO: 取得完了: race_id=202205030605, 出走頭数=16
19:15:57 INFO: レース結果取得開始: race_id=202205030606
19:15:59 INFO: 取得完了: race_id=202205030606, 出走頭数=16
19:15:59 INFO: レース結果取得開始: race_id=202205030607
19:16:01 INFO: 取得完了: race_id=202205030607, 出走頭数=16
19:16:01 INFO: レース結果取得開始: race_id=202205030608
19:16:03 INFO: 取得完了: race_id=202205030608, 出走頭数=9
19:16:03 INFO: レース結果取得開始: race_id=202205030609
19:16:04 INFO: 取得完了: race_id=202205030609, 出走頭数=10
19:16:04 INFO: レース結果取得開始: race_id=202205030610
19:16:06 INFO: 取得完了: race_id=202205030610, 出走頭数=10
19:16:06 INFO: レース結果取得開始: race_id=202205030611
19:16:07 INFO: 取得完了: race_id=202205030611, 出走頭数=15
19:16:07 INFO: レース結果取得開始: race_id=202205030612
19:16:08 INFO: 取得完了: race_id=202205030612, 出走頭数=16
19:16:08 INFO: レース結果取得開始: race_id=202209030201
19:16:10 INFO: 取得完了: race_id=202209030201, 出走頭数=16
19:16:10 INFO: レース結果取得開始: race_id=202209030202
19:16:12 INFO: 取得完了: race_id=202209030202, 出走頭数=18
19:16:12 INFO: レース結果取得開始: race_id=202209030203
19:16:14 INFO: 取得完了: race_id=202209030203, 出走頭数=16
19:16:14 INFO: レース結果取得開始: race_id=202209030204
19:16:15 INFO: 取得完了: race_id=202209030204, 出走頭数=16
19:16:15 INFO: レース結果取得開始: race_id=202209030205
19:16:17 INFO: 取得完了: race_id=202209030205, 出走頭数=14
19:16:17 INFO: レース結果取得開始: race_id=202209030206
19:16:18 INFO: 取得完了: race_id=202209030206, 出走頭数=16
19:16:18 INFO: レース結果取得開始: race_id=202209030207
19:16:20 INFO: 取得完了: race_id=202209030207, 出走頭数=11
19:16:20 INFO: レース結果取得開始: race_id=202209030208
19:16:22 INFO: 取得完了: race_id=202209030208, 出走頭数=13
19:16:22 INFO: レース結果取得開始: race_id=202209030209
19:16:24 INFO: 取得完了: race_id=202209030209, 出走頭数=11
19:16:24 INFO: レース結果取得開始: race_id=202209030210
19:16:25 INFO: 取得完了: race_id=202209030210, 出走頭数=16
19:16:25 INFO: レース結果取得開始: race_id=202209030211
19:16:28 INFO: 取得完了: race_id=202209030211, 出走頭数=16
19:16:28 INFO: レース結果取得開始: race_id=202209030212
19:16:29 INFO: 取得完了: race_id=202209030212, 出走頭数=10
19:16:29 INFO: レース結果取得開始: race_id=202202010501
19:16:31 INFO: 取得完了: race_id=202202010501, 出走頭数=12
19:16:31 INFO: レース結果取得開始: race_id=202202010502
19:16:33 INFO: 取得完了: race_id=202202010502, 出走頭数=8
19:16:33 INFO: レース結果取得開始: race_id=202202010503
19:16:34 INFO: 取得完了: race_id=202202010503, 出走頭数=16
19:16:34 INFO: レース結果取得開始: race_id=202202010504
19:16:37 INFO: 取得完了: race_id=202202010504, 出走頭数=9
19:16:37 INFO: レース結果取得開始: race_id=202202010505
19:16:38 INFO: 取得完了: race_id=202202010505, 出走頭数=8
19:16:38 INFO: レース結果取得開始: race_id=202202010506
19:16:40 INFO: 取得完了: race_id=202202010506, 出走頭数=12
19:16:40 INFO: レース結果取得開始: race_id=202202010507
19:16:41 INFO: 取得完了: race_id=202202010507, 出走頭数=12
19:16:41 INFO: レース結果取得開始: race_id=202202010508
19:16:43 INFO: 取得完了: race_id=202202010508, 出走頭数=12
19:16:43 INFO: レース結果取得開始: race_id=202202010509
19:16:44 INFO: 取得完了: race_id=202202010509, 出走頭数=14
19:16:44 INFO: レース結果取得開始: race_id=202202010510
19:16:47 INFO: 取得完了: race_id=202202010510, 出走頭数=10
19:16:47 INFO: レース結果取得開始: race_id=202202010511
19:16:49 INFO: 取得完了: race_id=202202010511, 出走頭数=16
19:16:49 INFO: レース結果取得開始: race_id=202202010512
19:16:51 INFO: 取得完了: race_id=202202010512, 出走頭数=12
19:16:51 INFO: レース結果取得開始: race_id=202205030701
19:16:53 INFO: 取得完了: race_id=202205030701, 出走頭数=9
19:16:53 INFO: レース結果取得開始: race_id=202205030702
19:16:55 INFO: 取得完了: race_id=202205030702, 出走頭数=16
19:16:55 INFO: レース結果取得開始: race_id=202205030703
19:16:56 INFO: 取得完了: race_id=202205030703, 出走頭数=16
19:16:56 INFO: レース結果取得開始: race_id=202205030704
19:16:58 INFO: 取得完了: race_id=202205030704, 出走頭数=16
19:16:58 INFO: レース結果取得開始: race_id=202205030705
19:17:00 INFO: 取得完了: race_id=202205030705, 出走頭数=16
19:17:00 INFO: レース結果取得開始: race_id=202205030706
19:17:01 INFO: 取得完了: race_id=202205030706, 出走頭数=16
19:17:01 INFO: レース結果取得開始: race_id=202205030707
19:17:03 INFO: 取得完了: race_id=202205030707, 出走頭数=16
19:17:04 INFO: レース結果取得開始: race_id=202205030708
19:17:05 INFO: 取得完了: race_id=202205030708, 出走頭数=12
19:17:05 INFO: レース結果取得開始: race_id=202205030709
19:17:07 INFO: 取得完了: race_id=202205030709, 出走頭数=16
19:17:07 INFO: レース結果取得開始: race_id=202205030710
19:17:09 INFO: 取得完了: race_id=202205030710, 出走頭数=16
19:17:09 INFO: レース結果取得開始: race_id=202205030711
19:17:11 INFO: 取得完了: race_id=202205030711, 出走頭数=11
19:17:11 INFO: レース結果取得開始: race_id=202205030712
19:17:12 INFO: 取得完了: race_id=202205030712, 出走頭数=16
19:17:12 INFO: レース結果取得開始: race_id=202209030301
19:17:14 INFO: 取得完了: race_id=202209030301, 出走頭数=8
19:17:14 INFO: レース結果取得開始: race_id=202209030302
19:17:16 INFO: 取得完了: race_id=202209030302, 出走頭数=16
19:17:16 INFO: レース結果取得開始: race_id=202209030303
19:17:18 INFO: 取得完了: race_id=202209030303, 出走頭数=16
19:17:18 INFO: レース結果取得開始: race_id=202209030304
19:17:20 INFO: 取得完了: race_id=202209030304, 出走頭数=16
19:17:20 INFO: レース結果取得開始: race_id=202209030305
19:17:22 INFO: 取得完了: race_id=202209030305, 出走頭数=11
19:17:22 INFO: レース結果取得開始: race_id=202209030306
19:17:23 INFO: 取得完了: race_id=202209030306, 出走頭数=18
19:17:23 INFO: レース結果取得開始: race_id=202209030307
19:17:25 INFO: 取得完了: race_id=202209030307, 出走頭数=16
19:17:25 INFO: レース結果取得開始: race_id=202209030308
19:17:27 INFO: 取得完了: race_id=202209030308, 出走頭数=18
19:17:27 INFO: レース結果取得開始: race_id=202209030309
19:17:29 INFO: 取得完了: race_id=202209030309, 出走頭数=16
19:17:29 INFO: レース結果取得開始: race_id=202209030310
19:17:30 INFO: 取得完了: race_id=202209030310, 出走頭数=15
19:17:30 INFO: レース結果取得開始: race_id=202209030311
19:17:32 INFO: 取得完了: race_id=202209030311, 出走頭数=16
19:17:32 INFO: レース結果取得開始: race_id=202209030312
19:17:34 INFO: 取得完了: race_id=202209030312, 出走頭数=16
19:17:34 INFO: レース結果取得開始: race_id=202202010601
19:17:35 INFO: 取得完了: race_id=202202010601, 出走頭数=16
19:17:35 INFO: レース結果取得開始: race_id=202202010602
19:17:37 INFO: 取得完了: race_id=202202010602, 出走頭数=12
19:17:37 INFO: レース結果取得開始: race_id=202202010603
19:17:39 INFO: 取得完了: race_id=202202010603, 出走頭数=12
19:17:39 INFO: レース結果取得開始: race_id=202202010604
19:17:41 INFO: 取得完了: race_id=202202010604, 出走頭数=16
19:17:41 INFO: レース結果取得開始: race_id=202202010605
19:17:43 INFO: 取得完了: race_id=202202010605, 出走頭数=8
19:17:43 INFO: レース結果取得開始: race_id=202202010606
19:17:44 INFO: 取得完了: race_id=202202010606, 出走頭数=9
19:17:44 INFO: レース結果取得開始: race_id=202202010607
19:17:46 INFO: 取得完了: race_id=202202010607, 出走頭数=12
19:17:46 INFO: レース結果取得開始: race_id=202202010608
19:17:48 INFO: 取得完了: race_id=202202010608, 出走頭数=12
[ 1700/6912] 202202010608: 12頭  errors=0  残り≈155分
19:17:48 INFO: レース結果取得開始: race_id=202202010609
19:17:49 INFO: 取得完了: race_id=202202010609, 出走頭数=12
19:17:49 INFO: レース結果取得開始: race_id=202202010610
19:17:51 INFO: 取得完了: race_id=202202010610, 出走頭数=15
19:17:51 INFO: レース結果取得開始: race_id=202202010611
19:17:53 INFO: 取得完了: race_id=202202010611, 出走頭数=10
19:17:53 INFO: レース結果取得開始: race_id=202202010612
19:17:55 INFO: 取得完了: race_id=202202010612, 出走頭数=13
19:17:55 INFO: レース結果取得開始: race_id=202205030801
19:17:56 INFO: 取得完了: race_id=202205030801, 出走頭数=16
19:17:56 INFO: レース結果取得開始: race_id=202205030802
19:17:58 INFO: 取得完了: race_id=202205030802, 出走頭数=16
19:17:58 INFO: レース結果取得開始: race_id=202205030803
19:17:59 INFO: 取得完了: race_id=202205030803, 出走頭数=15
19:17:59 INFO: レース結果取得開始: race_id=202205030804
19:18:01 INFO: 取得完了: race_id=202205030804, 出走頭数=16
19:18:01 INFO: レース結果取得開始: race_id=202205030805
19:18:03 INFO: 取得完了: race_id=202205030805, 出走頭数=16
19:18:03 INFO: レース結果取得開始: race_id=202205030806
19:18:05 INFO: 取得完了: race_id=202205030806, 出走頭数=12
19:18:05 INFO: レース結果取得開始: race_id=202205030807
19:18:08 INFO: 取得完了: race_id=202205030807, 出走頭数=14
19:18:08 INFO: レース結果取得開始: race_id=202205030808
19:18:10 INFO: 取得完了: race_id=202205030808, 出走頭数=16
19:18:10 INFO: レース結果取得開始: race_id=202205030809
19:18:12 INFO: 取得完了: race_id=202205030809, 出走頭数=9
19:18:12 INFO: レース結果取得開始: race_id=202205030810
19:18:14 INFO: 取得完了: race_id=202205030810, 出走頭数=16
19:18:14 INFO: レース結果取得開始: race_id=202205030811
19:18:16 INFO: 取得完了: race_id=202205030811, 出走頭数=16
19:18:16 INFO: レース結果取得開始: race_id=202205030812
19:18:18 INFO: 取得完了: race_id=202205030812, 出走頭数=16
19:18:18 INFO: レース結果取得開始: race_id=202209030401
19:18:20 INFO: 取得完了: race_id=202209030401, 出走頭数=16
19:18:20 INFO: レース結果取得開始: race_id=202209030402
19:18:21 INFO: 取得完了: race_id=202209030402, 出走頭数=16
19:18:21 INFO: レース結果取得開始: race_id=202209030403
19:18:23 INFO: 取得完了: race_id=202209030403, 出走頭数=16
19:18:23 INFO: レース結果取得開始: race_id=202209030404
19:18:25 INFO: 取得完了: race_id=202209030404, 出走頭数=18
19:18:25 INFO: レース結果取得開始: race_id=202209030405
19:18:27 INFO: 取得完了: race_id=202209030405, 出走頭数=12
19:18:27 INFO: レース結果取得開始: race_id=202209030406
19:18:29 INFO: 取得完了: race_id=202209030406, 出走頭数=16
19:18:29 INFO: レース結果取得開始: race_id=202209030407
19:18:31 INFO: 取得完了: race_id=202209030407, 出走頭数=14
19:18:31 INFO: レース結果取得開始: race_id=202209030408
19:18:32 INFO: 取得完了: race_id=202209030408, 出走頭数=11
19:18:32 INFO: レース結果取得開始: race_id=202209030409
19:18:34 INFO: 取得完了: race_id=202209030409, 出走頭数=17
19:18:34 INFO: レース結果取得開始: race_id=202209030410
19:18:36 INFO: 取得完了: race_id=202209030410, 出走頭数=16
19:18:36 INFO: レース結果取得開始: race_id=202209030411
19:18:38 INFO: 取得完了: race_id=202209030411, 出走頭数=18
19:18:38 INFO: レース結果取得開始: race_id=202209030412
19:18:40 INFO: 取得完了: race_id=202209030412, 出走頭数=16
19:18:40 INFO: レース結果取得開始: race_id=202202010701
19:18:42 INFO: 取得完了: race_id=202202010701, 出走頭数=6
19:18:42 INFO: レース結果取得開始: race_id=202202010702
19:18:44 INFO: 取得完了: race_id=202202010702, 出走頭数=14
19:18:44 INFO: レース結果取得開始: race_id=202202010703
19:18:45 INFO: 取得完了: race_id=202202010703, 出走頭数=15
19:18:45 INFO: レース結果取得開始: race_id=202202010704
19:18:47 INFO: 取得完了: race_id=202202010704, 出走頭数=14
19:18:47 INFO: レース結果取得開始: race_id=202202010705
19:18:48 INFO: 取得完了: race_id=202202010705, 出走頭数=8
19:18:48 INFO: レース結果取得開始: race_id=202202010706
19:18:50 INFO: 取得完了: race_id=202202010706, 出走頭数=7
19:18:50 INFO: レース結果取得開始: race_id=202202010707
19:18:52 INFO: 取得完了: race_id=202202010707, 出走頭数=9
19:18:52 INFO: レース結果取得開始: race_id=202202010708
19:18:54 INFO: 取得完了: race_id=202202010708, 出走頭数=12
19:18:54 INFO: レース結果取得開始: race_id=202202010709
19:18:56 INFO: 取得完了: race_id=202202010709, 出走頭数=14
19:18:56 INFO: レース結果取得開始: race_id=202202010710
19:18:58 INFO: 取得完了: race_id=202202010710, 出走頭数=10
19:18:58 INFO: レース結果取得開始: race_id=202202010711
19:19:00 INFO: 取得完了: race_id=202202010711, 出走頭数=16
19:19:00 INFO: レース結果取得開始: race_id=202202010712
19:19:02 INFO: 取得完了: race_id=202202010712, 出走頭数=13
19:19:02 INFO: レース結果取得開始: race_id=202203020101
19:19:04 INFO: 取得完了: race_id=202203020101, 出走頭数=13
19:19:04 INFO: レース結果取得開始: race_id=202203020102
19:19:06 INFO: 取得完了: race_id=202203020102, 出走頭数=15
19:19:06 INFO: レース結果取得開始: race_id=202203020103
19:19:08 INFO: 取得完了: race_id=202203020103, 出走頭数=15
19:19:08 INFO: レース結果取得開始: race_id=202203020104
19:19:10 INFO: 取得完了: race_id=202203020104, 出走頭数=13
19:19:10 INFO: レース結果取得開始: race_id=202203020105
19:19:12 INFO: 取得完了: race_id=202203020105, 出走頭数=15
19:19:12 INFO: レース結果取得開始: race_id=202203020106
19:19:14 INFO: 取得完了: race_id=202203020106, 出走頭数=12
19:19:14 INFO: レース結果取得開始: race_id=202203020107
19:19:16 INFO: 取得完了: race_id=202203020107, 出走頭数=10
19:19:16 INFO: レース結果取得開始: race_id=202203020108
19:19:17 INFO: 取得完了: race_id=202203020108, 出走頭数=12
19:19:17 INFO: レース結果取得開始: race_id=202203020109
19:19:19 INFO: 取得完了: race_id=202203020109, 出走頭数=10
19:19:19 INFO: レース結果取得開始: race_id=202203020110
19:19:21 INFO: 取得完了: race_id=202203020110, 出走頭数=11
19:19:21 INFO: レース結果取得開始: race_id=202203020111
19:19:22 INFO: 取得完了: race_id=202203020111, 出走頭数=11
19:19:22 INFO: レース結果取得開始: race_id=202203020112
19:19:24 INFO: 取得完了: race_id=202203020112, 出走頭数=15
19:19:24 INFO: レース結果取得開始: race_id=202210030101
19:19:26 INFO: 取得完了: race_id=202210030101, 出走頭数=10
19:19:26 INFO: レース結果取得開始: race_id=202210030102
19:19:28 INFO: 取得完了: race_id=202210030102, 出走頭数=12
19:19:28 INFO: レース結果取得開始: race_id=202210030103
19:19:30 INFO: 取得完了: race_id=202210030103, 出走頭数=18
19:19:30 INFO: レース結果取得開始: race_id=202210030104
19:19:32 INFO: 取得完了: race_id=202210030104, 出走頭数=15
19:19:32 INFO: レース結果取得開始: race_id=202210030105
19:19:33 INFO: 取得完了: race_id=202210030105, 出走頭数=18
19:19:33 INFO: レース結果取得開始: race_id=202210030106
19:19:35 INFO: 取得完了: race_id=202210030106, 出走頭数=11
19:19:35 INFO: レース結果取得開始: race_id=202210030107
19:19:37 INFO: 取得完了: race_id=202210030107, 出走頭数=16
19:19:37 INFO: レース結果取得開始: race_id=202210030108
19:19:39 INFO: 取得完了: race_id=202210030108, 出走頭数=10
19:19:39 INFO: レース結果取得開始: race_id=202210030109
19:19:40 INFO: 取得完了: race_id=202210030109, 出走頭数=12
19:19:40 INFO: レース結果取得開始: race_id=202210030110
19:19:42 INFO: 取得完了: race_id=202210030110, 出走頭数=10
19:19:42 INFO: レース結果取得開始: race_id=202210030111
19:19:44 INFO: 取得完了: race_id=202210030111, 出走頭数=16
19:19:44 INFO: レース結果取得開始: race_id=202210030112
19:19:45 INFO: 取得完了: race_id=202210030112, 出走頭数=14
19:19:45 INFO: レース結果取得開始: race_id=202202010801
19:19:47 INFO: 取得完了: race_id=202202010801, 出走頭数=11
19:19:47 INFO: レース結果取得開始: race_id=202202010802
19:19:49 INFO: 取得完了: race_id=202202010802, 出走頭数=12
19:19:49 INFO: レース結果取得開始: race_id=202202010803
19:19:51 INFO: 取得完了: race_id=202202010803, 出走頭数=12
19:19:51 INFO: レース結果取得開始: race_id=202202010804
19:19:52 INFO: 取得完了: race_id=202202010804, 出走頭数=16
19:19:52 INFO: レース結果取得開始: race_id=202202010805
19:19:54 INFO: 取得完了: race_id=202202010805, 出走頭数=8
19:19:54 INFO: レース結果取得開始: race_id=202202010806
19:19:56 INFO: 取得完了: race_id=202202010806, 出走頭数=13
19:19:56 INFO: レース結果取得開始: race_id=202202010807
19:19:58 INFO: 取得完了: race_id=202202010807, 出走頭数=14
19:19:58 INFO: レース結果取得開始: race_id=202202010808
19:20:00 INFO: 取得完了: race_id=202202010808, 出走頭数=10
19:20:00 INFO: レース結果取得開始: race_id=202202010809
19:20:01 INFO: 取得完了: race_id=202202010809, 出走頭数=16
19:20:01 INFO: レース結果取得開始: race_id=202202010810
19:20:03 INFO: 取得完了: race_id=202202010810, 出走頭数=10
19:20:03 INFO: レース結果取得開始: race_id=202202010811
19:20:04 INFO: 取得完了: race_id=202202010811, 出走頭数=12
19:20:04 INFO: レース結果取得開始: race_id=202202010812
19:20:06 INFO: 取得完了: race_id=202202010812, 出走頭数=12
19:20:06 INFO: レース結果取得開始: race_id=202203020201
19:20:07 INFO: 取得完了: race_id=202203020201, 出走頭数=8
19:20:07 INFO: レース結果取得開始: race_id=202203020202
19:20:09 INFO: 取得完了: race_id=202203020202, 出走頭数=16
19:20:09 INFO: レース結果取得開始: race_id=202203020203
19:20:11 INFO: 取得完了: race_id=202203020203, 出走頭数=16
19:20:11 INFO: レース結果取得開始: race_id=202203020204
19:20:13 INFO: 取得完了: race_id=202203020204, 出走頭数=16
19:20:13 INFO: レース結果取得開始: race_id=202203020205
19:20:15 INFO: 取得完了: race_id=202203020205, 出走頭数=13
19:20:15 INFO: レース結果取得開始: race_id=202203020206
19:20:16 INFO: 取得完了: race_id=202203020206, 出走頭数=16
19:20:16 INFO: レース結果取得開始: race_id=202203020207
19:20:17 INFO: 取得完了: race_id=202203020207, 出走頭数=15
19:20:17 INFO: レース結果取得開始: race_id=202203020208
19:20:19 INFO: 取得完了: race_id=202203020208, 出走頭数=11
19:20:19 INFO: レース結果取得開始: race_id=202203020209
19:20:20 INFO: 取得完了: race_id=202203020209, 出走頭数=13
19:20:20 INFO: レース結果取得開始: race_id=202203020210
19:20:22 INFO: 取得完了: race_id=202203020210, 出走頭数=14
19:20:22 INFO: レース結果取得開始: race_id=202203020211
19:20:23 INFO: 取得完了: race_id=202203020211, 出走頭数=13
19:20:23 INFO: レース結果取得開始: race_id=202203020212
19:20:26 INFO: 取得完了: race_id=202203020212, 出走頭数=16
19:20:26 INFO: レース結果取得開始: race_id=202210030201
19:20:28 INFO: 取得完了: race_id=202210030201, 出走頭数=8
19:20:28 INFO: レース結果取得開始: race_id=202210030202
19:20:29 INFO: 取得完了: race_id=202210030202, 出走頭数=16
19:20:30 INFO: レース結果取得開始: race_id=202210030203
19:20:32 INFO: 取得完了: race_id=202210030203, 出走頭数=14
19:20:32 INFO: レース結果取得開始: race_id=202210030204
19:20:33 INFO: 取得完了: race_id=202210030204, 出走頭数=16
19:20:33 INFO: レース結果取得開始: race_id=202210030205
19:20:35 INFO: 取得完了: race_id=202210030205, 出走頭数=8
19:20:35 INFO: レース結果取得開始: race_id=202210030206
19:20:37 INFO: 取得完了: race_id=202210030206, 出走頭数=9
19:20:37 INFO: レース結果取得開始: race_id=202210030207
19:20:38 INFO: 取得完了: race_id=202210030207, 出走頭数=12
19:20:38 INFO: レース結果取得開始: race_id=202210030208
19:20:40 INFO: 取得完了: race_id=202210030208, 出走頭数=12
19:20:40 INFO: レース結果取得開始: race_id=202210030209
19:20:42 INFO: 取得完了: race_id=202210030209, 出走頭数=10
19:20:42 INFO: レース結果取得開始: race_id=202210030210
19:20:44 INFO: 取得完了: race_id=202210030210, 出走頭数=12
19:20:44 INFO: レース結果取得開始: race_id=202210030211
19:20:45 INFO: 取得完了: race_id=202210030211, 出走頭数=17
19:20:45 INFO: レース結果取得開始: race_id=202210030212
19:20:47 INFO: 取得完了: race_id=202210030212, 出走頭数=13
[ 1800/6912] 202210030212: 13頭  errors=0  残り≈152分
19:20:47 INFO: レース結果取得開始: race_id=202202010901
19:20:50 INFO: 取得完了: race_id=202202010901, 出走頭数=7
19:20:50 INFO: レース結果取得開始: race_id=202202010902
19:20:51 INFO: 取得完了: race_id=202202010902, 出走頭数=12
19:20:51 INFO: レース結果取得開始: race_id=202202010903
19:20:54 INFO: 取得完了: race_id=202202010903, 出走頭数=14
19:20:54 INFO: レース結果取得開始: race_id=202202010904
19:20:56 INFO: 取得完了: race_id=202202010904, 出走頭数=14
19:20:56 INFO: レース結果取得開始: race_id=202202010905
19:20:58 INFO: 取得完了: race_id=202202010905, 出走頭数=13
19:20:58 INFO: レース結果取得開始: race_id=202202010906
19:20:59 INFO: 取得完了: race_id=202202010906, 出走頭数=14
19:20:59 INFO: レース結果取得開始: race_id=202202010907
19:21:01 INFO: 取得完了: race_id=202202010907, 出走頭数=12
19:21:01 INFO: レース結果取得開始: race_id=202202010908
19:21:03 INFO: 取得完了: race_id=202202010908, 出走頭数=11
19:21:03 INFO: レース結果取得開始: race_id=202202010909
19:21:04 INFO: 取得完了: race_id=202202010909, 出走頭数=7
19:21:04 INFO: レース結果取得開始: race_id=202202010910
19:21:06 INFO: 取得完了: race_id=202202010910, 出走頭数=13
19:21:06 INFO: レース結果取得開始: race_id=202202010911
19:21:08 INFO: 取得完了: race_id=202202010911, 出走頭数=14
19:21:08 INFO: レース結果取得開始: race_id=202202010912
19:21:10 INFO: 取得完了: race_id=202202010912, 出走頭数=14
19:21:10 INFO: レース結果取得開始: race_id=202203020301
19:21:12 INFO: 取得完了: race_id=202203020301, 出走頭数=10
19:21:12 INFO: レース結果取得開始: race_id=202203020302
19:21:13 INFO: 取得完了: race_id=202203020302, 出走頭数=8
19:21:13 INFO: レース結果取得開始: race_id=202203020303
19:21:16 INFO: 取得完了: race_id=202203020303, 出走頭数=16
19:21:16 INFO: レース結果取得開始: race_id=202203020304
19:21:17 INFO: 取得完了: race_id=202203020304, 出走頭数=15
19:21:17 INFO: レース結果取得開始: race_id=202203020305
19:21:19 INFO: 取得完了: race_id=202203020305, 出走頭数=11
19:21:19 INFO: レース結果取得開始: race_id=202203020306
19:21:21 INFO: 取得完了: race_id=202203020306, 出走頭数=11
19:21:21 INFO: レース結果取得開始: race_id=202203020307
19:21:22 INFO: 取得完了: race_id=202203020307, 出走頭数=16
19:21:22 INFO: レース結果取得開始: race_id=202203020308
19:21:24 INFO: 取得完了: race_id=202203020308, 出走頭数=15
19:21:24 INFO: レース結果取得開始: race_id=202203020309
19:21:26 INFO: 取得完了: race_id=202203020309, 出走頭数=11
19:21:26 INFO: レース結果取得開始: race_id=202203020310
19:21:28 INFO: 取得完了: race_id=202203020310, 出走頭数=13
19:21:28 INFO: レース結果取得開始: race_id=202203020311
19:21:30 INFO: 取得完了: race_id=202203020311, 出走頭数=16
19:21:30 INFO: レース結果取得開始: race_id=202203020312
19:21:32 INFO: 取得完了: race_id=202203020312, 出走頭数=16
19:21:32 INFO: レース結果取得開始: race_id=202210030301
19:21:34 INFO: 取得完了: race_id=202210030301, 出走頭数=10
19:21:34 INFO: レース結果取得開始: race_id=202210030302
19:21:35 INFO: 取得完了: race_id=202210030302, 出走頭数=6
19:21:35 INFO: レース結果取得開始: race_id=202210030303
19:21:38 INFO: 取得完了: race_id=202210030303, 出走頭数=14
19:21:38 INFO: レース結果取得開始: race_id=202210030304
19:21:39 INFO: 取得完了: race_id=202210030304, 出走頭数=6
19:21:39 INFO: レース結果取得開始: race_id=202210030305
19:21:41 INFO: 取得完了: race_id=202210030305, 出走頭数=10
19:21:41 INFO: レース結果取得開始: race_id=202210030306
19:21:42 INFO: 取得完了: race_id=202210030306, 出走頭数=18
19:21:42 INFO: レース結果取得開始: race_id=202210030307
19:21:44 INFO: 取得完了: race_id=202210030307, 出走頭数=18
19:21:44 INFO: レース結果取得開始: race_id=202210030308
19:21:45 INFO: 取得完了: race_id=202210030308, 出走頭数=16
19:21:45 INFO: レース結果取得開始: race_id=202210030309
19:21:47 INFO: 取得完了: race_id=202210030309, 出走頭数=11
19:21:47 INFO: レース結果取得開始: race_id=202210030310
19:21:49 INFO: 取得完了: race_id=202210030310, 出走頭数=12
19:21:49 INFO: レース結果取得開始: race_id=202210030311
19:21:51 INFO: 取得完了: race_id=202210030311, 出走頭数=11
19:21:51 INFO: レース結果取得開始: race_id=202210030312
19:21:53 INFO: 取得完了: race_id=202210030312, 出走頭数=13
19:21:53 INFO: レース結果取得開始: race_id=202202011001
19:21:55 INFO: 取得完了: race_id=202202011001, 出走頭数=11
19:21:55 INFO: レース結果取得開始: race_id=202202011002
19:21:57 INFO: 取得完了: race_id=202202011002, 出走頭数=14
19:21:57 INFO: レース結果取得開始: race_id=202202011003
19:21:59 INFO: 取得完了: race_id=202202011003, 出走頭数=14
19:21:59 INFO: レース結果取得開始: race_id=202202011004
19:22:00 INFO: 取得完了: race_id=202202011004, 出走頭数=16
19:22:00 INFO: レース結果取得開始: race_id=202202011005
19:22:02 INFO: 取得完了: race_id=202202011005, 出走頭数=6
19:22:02 INFO: レース結果取得開始: race_id=202202011006
19:22:04 INFO: 取得完了: race_id=202202011006, 出走頭数=12
19:22:04 INFO: レース結果取得開始: race_id=202202011007
19:22:06 INFO: 取得完了: race_id=202202011007, 出走頭数=8
19:22:06 INFO: レース結果取得開始: race_id=202202011008
19:22:08 INFO: 取得完了: race_id=202202011008, 出走頭数=12
19:22:08 INFO: レース結果取得開始: race_id=202202011009
19:22:10 INFO: 取得完了: race_id=202202011009, 出走頭数=11
19:22:10 INFO: レース結果取得開始: race_id=202202011010
19:22:12 INFO: 取得完了: race_id=202202011010, 出走頭数=13
19:22:12 INFO: レース結果取得開始: race_id=202202011011
19:22:15 INFO: 取得完了: race_id=202202011011, 出走頭数=16
19:22:15 INFO: レース結果取得開始: race_id=202202011012
19:22:17 INFO: 取得完了: race_id=202202011012, 出走頭数=12
19:22:17 INFO: レース結果取得開始: race_id=202203020401
19:22:18 INFO: 取得完了: race_id=202203020401, 出走頭数=13
19:22:18 INFO: レース結果取得開始: race_id=202203020402
19:22:21 INFO: 取得完了: race_id=202203020402, 出走頭数=15
19:22:21 INFO: レース結果取得開始: race_id=202203020403
19:22:22 INFO: 取得完了: race_id=202203020403, 出走頭数=16
19:22:22 INFO: レース結果取得開始: race_id=202203020404
19:22:23 INFO: 取得完了: race_id=202203020404, 出走頭数=16
19:22:23 INFO: レース結果取得開始: race_id=202203020405
19:22:25 INFO: 取得完了: race_id=202203020405, 出走頭数=10
19:22:25 INFO: レース結果取得開始: race_id=202203020406
19:22:27 INFO: 取得完了: race_id=202203020406, 出走頭数=9
19:22:27 INFO: レース結果取得開始: race_id=202203020407
19:22:29 INFO: 取得完了: race_id=202203020407, 出走頭数=15
19:22:29 INFO: レース結果取得開始: race_id=202203020408
19:22:30 INFO: 取得完了: race_id=202203020408, 出走頭数=16
19:22:30 INFO: レース結果取得開始: race_id=202203020409
19:22:32 INFO: 取得完了: race_id=202203020409, 出走頭数=16
19:22:32 INFO: レース結果取得開始: race_id=202203020410
19:22:34 INFO: 取得完了: race_id=202203020410, 出走頭数=13
19:22:34 INFO: レース結果取得開始: race_id=202203020411
19:22:36 INFO: 取得完了: race_id=202203020411, 出走頭数=16
19:22:36 INFO: レース結果取得開始: race_id=202203020412
19:22:38 INFO: 取得完了: race_id=202203020412, 出走頭数=16
19:22:38 INFO: レース結果取得開始: race_id=202210030401
19:22:40 INFO: 取得完了: race_id=202210030401, 出走頭数=16
19:22:40 INFO: レース結果取得開始: race_id=202210030402
19:22:42 INFO: 取得完了: race_id=202210030402, 出走頭数=16
19:22:42 INFO: レース結果取得開始: race_id=202210030403
19:22:44 INFO: 取得完了: race_id=202210030403, 出走頭数=16
19:22:44 INFO: レース結果取得開始: race_id=202210030404
19:22:45 INFO: 取得完了: race_id=202210030404, 出走頭数=16
19:22:45 INFO: レース結果取得開始: race_id=202210030405
19:22:47 INFO: 取得完了: race_id=202210030405, 出走頭数=12
19:22:47 INFO: レース結果取得開始: race_id=202210030406
19:22:50 INFO: 取得完了: race_id=202210030406, 出走頭数=14
19:22:50 INFO: レース結果取得開始: race_id=202210030407
19:22:51 INFO: 取得完了: race_id=202210030407, 出走頭数=11
19:22:51 INFO: レース結果取得開始: race_id=202210030408
19:22:54 INFO: 取得完了: race_id=202210030408, 出走頭数=15
19:22:54 INFO: レース結果取得開始: race_id=202210030409
19:22:55 INFO: 取得完了: race_id=202210030409, 出走頭数=13
19:22:55 INFO: レース結果取得開始: race_id=202210030410
19:22:57 INFO: 取得完了: race_id=202210030410, 出走頭数=10
19:22:57 INFO: レース結果取得開始: race_id=202210030411
19:22:59 INFO: 取得完了: race_id=202210030411, 出走頭数=16
19:22:59 INFO: レース結果取得開始: race_id=202210030412
19:23:00 INFO: 取得完了: race_id=202210030412, 出走頭数=7
19:23:00 INFO: レース結果取得開始: race_id=202202011101
19:23:03 INFO: 取得完了: race_id=202202011101, 出走頭数=8
19:23:03 INFO: レース結果取得開始: race_id=202202011102
19:23:04 INFO: 取得完了: race_id=202202011102, 出走頭数=14
19:23:05 INFO: レース結果取得開始: race_id=202202011103
19:23:06 INFO: 取得完了: race_id=202202011103, 出走頭数=16
19:23:06 INFO: レース結果取得開始: race_id=202202011104
19:23:08 INFO: 取得完了: race_id=202202011104, 出走頭数=14
19:23:08 INFO: レース結果取得開始: race_id=202202011105
19:23:10 INFO: 取得完了: race_id=202202011105, 出走頭数=16
19:23:10 INFO: レース結果取得開始: race_id=202202011106
19:23:12 INFO: 取得完了: race_id=202202011106, 出走頭数=14
19:23:12 INFO: レース結果取得開始: race_id=202202011107
19:23:14 INFO: 取得完了: race_id=202202011107, 出走頭数=12
19:23:14 INFO: レース結果取得開始: race_id=202202011108
19:23:16 INFO: 取得完了: race_id=202202011108, 出走頭数=14
19:23:16 INFO: レース結果取得開始: race_id=202202011109
19:23:18 INFO: 取得完了: race_id=202202011109, 出走頭数=12
19:23:18 INFO: レース結果取得開始: race_id=202202011110
19:23:19 INFO: 取得完了: race_id=202202011110, 出走頭数=14
19:23:19 INFO: レース結果取得開始: race_id=202202011111
19:23:21 INFO: 取得完了: race_id=202202011111, 出走頭数=13
19:23:21 INFO: レース結果取得開始: race_id=202202011112
19:23:22 INFO: 取得完了: race_id=202202011112, 出走頭数=9
19:23:22 INFO: レース結果取得開始: race_id=202203020501
19:23:24 INFO: 取得完了: race_id=202203020501, 出走頭数=12
19:23:24 INFO: レース結果取得開始: race_id=202203020502
19:23:26 INFO: 取得完了: race_id=202203020502, 出走頭数=15
19:23:26 INFO: レース結果取得開始: race_id=202203020503
19:23:27 INFO: 取得完了: race_id=202203020503, 出走頭数=15
19:23:27 INFO: レース結果取得開始: race_id=202203020504
19:23:30 INFO: 取得完了: race_id=202203020504, 出走頭数=6
19:23:30 INFO: レース結果取得開始: race_id=202203020505
19:23:32 INFO: 取得完了: race_id=202203020505, 出走頭数=13
19:23:32 INFO: レース結果取得開始: race_id=202203020506
19:23:33 INFO: 取得完了: race_id=202203020506, 出走頭数=13
19:23:33 INFO: レース結果取得開始: race_id=202203020507
19:23:36 INFO: 取得完了: race_id=202203020507, 出走頭数=16
19:23:36 INFO: レース結果取得開始: race_id=202203020508
19:23:37 INFO: 取得完了: race_id=202203020508, 出走頭数=16
19:23:37 INFO: レース結果取得開始: race_id=202203020509
19:23:38 INFO: 取得完了: race_id=202203020509, 出走頭数=10
19:23:38 INFO: レース結果取得開始: race_id=202203020510
19:23:40 INFO: 取得完了: race_id=202203020510, 出走頭数=15
19:23:40 INFO: レース結果取得開始: race_id=202203020511
19:23:41 INFO: 取得完了: race_id=202203020511, 出走頭数=9
19:23:41 INFO: レース結果取得開始: race_id=202203020512
19:23:43 INFO: 取得完了: race_id=202203020512, 出走頭数=16
19:23:43 INFO: レース結果取得開始: race_id=202210030501
19:23:45 INFO: 取得完了: race_id=202210030501, 出走頭数=15
19:23:45 INFO: レース結果取得開始: race_id=202210030502
19:23:47 INFO: 取得完了: race_id=202210030502, 出走頭数=16
19:23:47 INFO: レース結果取得開始: race_id=202210030503
19:23:49 INFO: 取得完了: race_id=202210030503, 出走頭数=16
19:23:49 INFO: レース結果取得開始: race_id=202210030504
19:23:51 INFO: 取得完了: race_id=202210030504, 出走頭数=14
[ 1900/6912] 202210030504: 14頭  errors=0  残り≈149分
19:23:51 INFO: レース結果取得開始: race_id=202210030505
19:23:53 INFO: 取得完了: race_id=202210030505, 出走頭数=7
19:23:53 INFO: レース結果取得開始: race_id=202210030506
19:23:55 INFO: 取得完了: race_id=202210030506, 出走頭数=8
19:23:55 INFO: レース結果取得開始: race_id=202210030507
19:23:57 INFO: 取得完了: race_id=202210030507, 出走頭数=18
19:23:57 INFO: レース結果取得開始: race_id=202210030508
19:23:58 INFO: 取得完了: race_id=202210030508, 出走頭数=14
19:23:58 INFO: レース結果取得開始: race_id=202210030509
19:24:00 INFO: 取得完了: race_id=202210030509, 出走頭数=9
19:24:00 INFO: レース結果取得開始: race_id=202210030510
19:24:02 INFO: 取得完了: race_id=202210030510, 出走頭数=14
19:24:02 INFO: レース結果取得開始: race_id=202210030511
19:24:04 INFO: 取得完了: race_id=202210030511, 出走頭数=16
19:24:04 INFO: レース結果取得開始: race_id=202210030512
19:24:06 INFO: 取得完了: race_id=202210030512, 出走頭数=12
19:24:06 INFO: レース結果取得開始: race_id=202202011201
19:24:07 INFO: 取得完了: race_id=202202011201, 出走頭数=8
19:24:07 INFO: レース結果取得開始: race_id=202202011202
19:24:09 INFO: 取得完了: race_id=202202011202, 出走頭数=14
19:24:09 INFO: レース結果取得開始: race_id=202202011203
19:24:10 INFO: 取得完了: race_id=202202011203, 出走頭数=16
19:24:10 INFO: レース結果取得開始: race_id=202202011204
19:24:12 INFO: 取得完了: race_id=202202011204, 出走頭数=12
19:24:12 INFO: レース結果取得開始: race_id=202202011205
19:24:14 INFO: 取得完了: race_id=202202011205, 出走頭数=11
19:24:14 INFO: レース結果取得開始: race_id=202202011206
19:24:15 INFO: 取得完了: race_id=202202011206, 出走頭数=16
19:24:15 INFO: レース結果取得開始: race_id=202202011207
19:24:17 INFO: 取得完了: race_id=202202011207, 出走頭数=13
19:24:17 INFO: レース結果取得開始: race_id=202202011208
19:24:20 INFO: 取得完了: race_id=202202011208, 出走頭数=16
19:24:20 INFO: レース結果取得開始: race_id=202202011209
19:24:21 INFO: 取得完了: race_id=202202011209, 出走頭数=7
19:24:21 INFO: レース結果取得開始: race_id=202202011210
19:24:23 INFO: 取得完了: race_id=202202011210, 出走頭数=13
19:24:23 INFO: レース結果取得開始: race_id=202202011211
19:24:24 INFO: 取得完了: race_id=202202011211, 出走頭数=16
19:24:24 INFO: レース結果取得開始: race_id=202202011212
19:24:25 INFO: 取得完了: race_id=202202011212, 出走頭数=14
19:24:25 INFO: レース結果取得開始: race_id=202203020601
19:24:27 INFO: 取得完了: race_id=202203020601, 出走頭数=10
19:24:27 INFO: レース結果取得開始: race_id=202203020602
19:24:29 INFO: 取得完了: race_id=202203020602, 出走頭数=11
19:24:29 INFO: レース結果取得開始: race_id=202203020603
19:24:31 INFO: 取得完了: race_id=202203020603, 出走頭数=16
19:24:31 INFO: レース結果取得開始: race_id=202203020604
19:24:33 INFO: 取得完了: race_id=202203020604, 出走頭数=16
19:24:33 INFO: レース結果取得開始: race_id=202203020605
19:24:35 INFO: 取得完了: race_id=202203020605, 出走頭数=14
19:24:35 INFO: レース結果取得開始: race_id=202203020606
19:24:36 INFO: 取得完了: race_id=202203020606, 出走頭数=11
19:24:36 INFO: レース結果取得開始: race_id=202203020607
19:24:39 INFO: 取得完了: race_id=202203020607, 出走頭数=16
19:24:39 INFO: レース結果取得開始: race_id=202203020608
19:24:41 INFO: 取得完了: race_id=202203020608, 出走頭数=15
19:24:41 INFO: レース結果取得開始: race_id=202203020609
19:24:42 INFO: 取得完了: race_id=202203020609, 出走頭数=10
19:24:42 INFO: レース結果取得開始: race_id=202203020610
19:24:43 INFO: 取得完了: race_id=202203020610, 出走頭数=8
19:24:43 INFO: レース結果取得開始: race_id=202203020611
19:24:45 INFO: 取得完了: race_id=202203020611, 出走頭数=16
19:24:45 INFO: レース結果取得開始: race_id=202203020612
19:24:46 INFO: 取得完了: race_id=202203020612, 出走頭数=15
19:24:46 INFO: レース結果取得開始: race_id=202210030601
19:24:48 INFO: 取得完了: race_id=202210030601, 出走頭数=8
19:24:48 INFO: レース結果取得開始: race_id=202210030602
19:24:50 INFO: 取得完了: race_id=202210030602, 出走頭数=18
19:24:50 INFO: レース結果取得開始: race_id=202210030603
19:24:52 INFO: 取得完了: race_id=202210030603, 出走頭数=12
19:24:52 INFO: レース結果取得開始: race_id=202210030604
19:24:54 INFO: 取得完了: race_id=202210030604, 出走頭数=15
19:24:54 INFO: レース結果取得開始: race_id=202210030605
19:24:56 INFO: 取得完了: race_id=202210030605, 出走頭数=10
19:24:56 INFO: レース結果取得開始: race_id=202210030606
19:24:57 INFO: 取得完了: race_id=202210030606, 出走頭数=16
19:24:57 INFO: レース結果取得開始: race_id=202210030607
19:25:00 INFO: 取得完了: race_id=202210030607, 出走頭数=14
19:25:00 INFO: レース結果取得開始: race_id=202210030608
19:25:02 INFO: 取得完了: race_id=202210030608, 出走頭数=11
19:25:02 INFO: レース結果取得開始: race_id=202210030609
19:25:03 INFO: 取得完了: race_id=202210030609, 出走頭数=14
19:25:03 INFO: レース結果取得開始: race_id=202210030610
19:25:05 INFO: 取得完了: race_id=202210030610, 出走頭数=8
19:25:05 INFO: レース結果取得開始: race_id=202210030611
19:25:07 INFO: 取得完了: race_id=202210030611, 出走頭数=12
19:25:07 INFO: レース結果取得開始: race_id=202210030612
19:25:08 INFO: 取得完了: race_id=202210030612, 出走頭数=15
19:25:08 INFO: レース結果取得開始: race_id=202201010101
19:25:10 INFO: 取得完了: race_id=202201010101, 出走頭数=5
19:25:10 INFO: レース結果取得開始: race_id=202201010102
19:25:12 INFO: 取得完了: race_id=202201010102, 出走頭数=10
19:25:12 INFO: レース結果取得開始: race_id=202201010103
19:25:14 INFO: 取得完了: race_id=202201010103, 出走頭数=14
19:25:14 INFO: レース結果取得開始: race_id=202201010104
19:25:16 INFO: 取得完了: race_id=202201010104, 出走頭数=16
19:25:16 INFO: レース結果取得開始: race_id=202201010105
19:25:17 INFO: 取得完了: race_id=202201010105, 出走頭数=14
19:25:17 INFO: レース結果取得開始: race_id=202201010106
19:25:19 INFO: 取得完了: race_id=202201010106, 出走頭数=14
19:25:19 INFO: レース結果取得開始: race_id=202201010107
19:25:21 INFO: 取得完了: race_id=202201010107, 出走頭数=10
19:25:21 INFO: レース結果取得開始: race_id=202201010108
19:25:23 INFO: 取得完了: race_id=202201010108, 出走頭数=13
19:25:23 INFO: レース結果取得開始: race_id=202201010109
19:25:25 INFO: 取得完了: race_id=202201010109, 出走頭数=8
19:25:25 INFO: レース結果取得開始: race_id=202201010110
19:25:27 INFO: 取得完了: race_id=202201010110, 出走頭数=11
19:25:27 INFO: レース結果取得開始: race_id=202201010111
19:25:29 INFO: 取得完了: race_id=202201010111, 出走頭数=15
19:25:29 INFO: レース結果取得開始: race_id=202201010112
19:25:31 INFO: 取得完了: race_id=202201010112, 出走頭数=10
19:25:31 INFO: レース結果取得開始: race_id=202203020701
19:25:32 INFO: 取得完了: race_id=202203020701, 出走頭数=15
19:25:32 INFO: レース結果取得開始: race_id=202203020702
19:25:35 INFO: 取得完了: race_id=202203020702, 出走頭数=13
19:25:35 INFO: レース結果取得開始: race_id=202203020703
19:25:37 INFO: 取得完了: race_id=202203020703, 出走頭数=16
19:25:37 INFO: レース結果取得開始: race_id=202203020704
19:25:39 INFO: 取得完了: race_id=202203020704, 出走頭数=15
19:25:39 INFO: レース結果取得開始: race_id=202203020705
19:25:40 INFO: 取得完了: race_id=202203020705, 出走頭数=10
19:25:40 INFO: レース結果取得開始: race_id=202203020706
19:25:42 INFO: 取得完了: race_id=202203020706, 出走頭数=12
19:25:42 INFO: レース結果取得開始: race_id=202203020707
19:25:44 INFO: 取得完了: race_id=202203020707, 出走頭数=16
19:25:44 INFO: レース結果取得開始: race_id=202203020708
19:25:46 INFO: 取得完了: race_id=202203020708, 出走頭数=16
19:25:46 INFO: レース結果取得開始: race_id=202203020709
19:25:47 INFO: 取得完了: race_id=202203020709, 出走頭数=14
19:25:47 INFO: レース結果取得開始: race_id=202203020710
19:25:49 INFO: 取得完了: race_id=202203020710, 出走頭数=15
19:25:49 INFO: レース結果取得開始: race_id=202203020711
19:25:51 INFO: 取得完了: race_id=202203020711, 出走頭数=15
19:25:51 INFO: レース結果取得開始: race_id=202203020712
19:25:53 INFO: 取得完了: race_id=202203020712, 出走頭数=15
19:25:53 INFO: レース結果取得開始: race_id=202210030701
19:25:54 INFO: 取得完了: race_id=202210030701, 出走頭数=11
19:25:54 INFO: レース結果取得開始: race_id=202210030702
19:25:56 INFO: 取得完了: race_id=202210030702, 出走頭数=9
19:25:56 INFO: レース結果取得開始: race_id=202210030703
19:25:57 INFO: 取得完了: race_id=202210030703, 出走頭数=14
19:25:57 INFO: レース結果取得開始: race_id=202210030704
19:25:59 INFO: 取得完了: race_id=202210030704, 出走頭数=7
19:25:59 INFO: レース結果取得開始: race_id=202210030705
19:26:00 INFO: 取得完了: race_id=202210030705, 出走頭数=8
19:26:00 INFO: レース結果取得開始: race_id=202210030706
19:26:02 INFO: 取得完了: race_id=202210030706, 出走頭数=16
19:26:02 INFO: レース結果取得開始: race_id=202210030707
19:26:04 INFO: 取得完了: race_id=202210030707, 出走頭数=18
19:26:04 INFO: レース結果取得開始: race_id=202210030708
19:26:06 INFO: 取得完了: race_id=202210030708, 出走頭数=14
19:26:06 INFO: レース結果取得開始: race_id=202210030709
19:26:08 INFO: 取得完了: race_id=202210030709, 出走頭数=17
19:26:08 INFO: レース結果取得開始: race_id=202210030710
19:26:10 INFO: 取得完了: race_id=202210030710, 出走頭数=9
19:26:10 INFO: レース結果取得開始: race_id=202210030711
19:26:12 INFO: 取得完了: race_id=202210030711, 出走頭数=9
19:26:12 INFO: レース結果取得開始: race_id=202210030712
19:26:14 INFO: 取得完了: race_id=202210030712, 出走頭数=16
19:26:14 INFO: レース結果取得開始: race_id=202201010201
19:26:15 INFO: 取得完了: race_id=202201010201, 出走頭数=11
19:26:15 INFO: レース結果取得開始: race_id=202201010202
19:26:18 INFO: 取得完了: race_id=202201010202, 出走頭数=14
19:26:18 INFO: レース結果取得開始: race_id=202201010203
19:26:19 INFO: 取得完了: race_id=202201010203, 出走頭数=12
19:26:19 INFO: レース結果取得開始: race_id=202201010204
19:26:21 INFO: 取得完了: race_id=202201010204, 出走頭数=14
19:26:21 INFO: レース結果取得開始: race_id=202201010205
19:26:23 INFO: 取得完了: race_id=202201010205, 出走頭数=9
19:26:23 INFO: レース結果取得開始: race_id=202201010206
19:26:24 INFO: 取得完了: race_id=202201010206, 出走頭数=15
19:26:25 INFO: レース結果取得開始: race_id=202201010207
19:26:26 INFO: 取得完了: race_id=202201010207, 出走頭数=12
19:26:26 INFO: レース結果取得開始: race_id=202201010208
19:26:27 INFO: 取得完了: race_id=202201010208, 出走頭数=10
19:26:27 INFO: レース結果取得開始: race_id=202201010209
19:26:28 INFO: 取得完了: race_id=202201010209, 出走頭数=15
19:26:28 INFO: レース結果取得開始: race_id=202201010210
19:26:30 INFO: 取得完了: race_id=202201010210, 出走頭数=9
19:26:30 INFO: レース結果取得開始: race_id=202201010211
19:26:32 INFO: 取得完了: race_id=202201010211, 出走頭数=10
19:26:32 INFO: レース結果取得開始: race_id=202201010212
19:26:33 INFO: 取得完了: race_id=202201010212, 出走頭数=11
19:26:33 INFO: レース結果取得開始: race_id=202203020801
19:26:35 INFO: 取得完了: race_id=202203020801, 出走頭数=11
19:26:35 INFO: レース結果取得開始: race_id=202203020802
19:26:37 INFO: 取得完了: race_id=202203020802, 出走頭数=15
19:26:37 INFO: レース結果取得開始: race_id=202203020803
19:26:38 INFO: 取得完了: race_id=202203020803, 出走頭数=13
19:26:38 INFO: レース結果取得開始: race_id=202203020804
19:26:40 INFO: 取得完了: race_id=202203020804, 出走頭数=16
19:26:40 INFO: レース結果取得開始: race_id=202203020805
19:26:42 INFO: 取得完了: race_id=202203020805, 出走頭数=12
19:26:42 INFO: レース結果取得開始: race_id=202203020806
19:26:44 INFO: 取得完了: race_id=202203020806, 出走頭数=14
19:26:44 INFO: レース結果取得開始: race_id=202203020807
19:26:46 INFO: 取得完了: race_id=202203020807, 出走頭数=16
19:26:46 INFO: レース結果取得開始: race_id=202203020808
19:26:48 INFO: 取得完了: race_id=202203020808, 出走頭数=15
[ 2000/6912] 202203020808: 15頭  errors=0  残り≈146分
19:26:48 INFO: レース結果取得開始: race_id=202203020809
19:26:50 INFO: 取得完了: race_id=202203020809, 出走頭数=16
19:26:50 INFO: レース結果取得開始: race_id=202203020810
19:26:52 INFO: 取得完了: race_id=202203020810, 出走頭数=10
19:26:52 INFO: レース結果取得開始: race_id=202203020811
19:26:54 INFO: 取得完了: race_id=202203020811, 出走頭数=15
19:26:54 INFO: レース結果取得開始: race_id=202203020812
19:26:55 INFO: 取得完了: race_id=202203020812, 出走頭数=16
19:26:55 INFO: レース結果取得開始: race_id=202210030801
19:26:58 INFO: 取得完了: race_id=202210030801, 出走頭数=12
19:26:58 INFO: レース結果取得開始: race_id=202210030802
19:26:59 INFO: 取得完了: race_id=202210030802, 出走頭数=16
19:26:59 INFO: レース結果取得開始: race_id=202210030803
19:27:01 INFO: 取得完了: race_id=202210030803, 出走頭数=16
19:27:01 INFO: レース結果取得開始: race_id=202210030804
19:27:03 INFO: 取得完了: race_id=202210030804, 出走頭数=18
19:27:03 INFO: レース結果取得開始: race_id=202210030805
19:27:05 INFO: 取得完了: race_id=202210030805, 出走頭数=10
19:27:05 INFO: レース結果取得開始: race_id=202210030806
19:27:06 INFO: 取得完了: race_id=202210030806, 出走頭数=16
19:27:06 INFO: レース結果取得開始: race_id=202210030807
19:27:09 INFO: 取得完了: race_id=202210030807, 出走頭数=12
19:27:09 INFO: レース結果取得開始: race_id=202210030808
19:27:11 INFO: 取得完了: race_id=202210030808, 出走頭数=14
19:27:11 INFO: レース結果取得開始: race_id=202210030809
19:27:12 INFO: 取得完了: race_id=202210030809, 出走頭数=11
19:27:12 INFO: レース結果取得開始: race_id=202210030810
19:27:14 INFO: 取得完了: race_id=202210030810, 出走頭数=16
19:27:14 INFO: レース結果取得開始: race_id=202210030811
19:27:16 INFO: 取得完了: race_id=202210030811, 出走頭数=16
19:27:16 INFO: レース結果取得開始: race_id=202210030812
19:27:18 INFO: 取得完了: race_id=202210030812, 出走頭数=12
19:27:18 INFO: レース結果取得開始: race_id=202201010301
19:27:20 INFO: 取得完了: race_id=202201010301, 出走頭数=7
19:27:20 INFO: レース結果取得開始: race_id=202201010302
19:27:22 INFO: 取得完了: race_id=202201010302, 出走頭数=14
19:27:22 INFO: レース結果取得開始: race_id=202201010303
19:27:24 INFO: 取得完了: race_id=202201010303, 出走頭数=14
19:27:24 INFO: レース結果取得開始: race_id=202201010304
19:27:26 INFO: 取得完了: race_id=202201010304, 出走頭数=14
19:27:26 INFO: レース結果取得開始: race_id=202201010305
19:27:28 INFO: 取得完了: race_id=202201010305, 出走頭数=12
19:27:28 INFO: レース結果取得開始: race_id=202201010306
19:27:30 INFO: 取得完了: race_id=202201010306, 出走頭数=12
19:27:30 INFO: レース結果取得開始: race_id=202201010307
19:27:31 INFO: 取得完了: race_id=202201010307, 出走頭数=14
19:27:31 INFO: レース結果取得開始: race_id=202201010308
19:27:33 INFO: 取得完了: race_id=202201010308, 出走頭数=13
19:27:33 INFO: レース結果取得開始: race_id=202201010309
19:27:35 INFO: 取得完了: race_id=202201010309, 出走頭数=12
19:27:35 INFO: レース結果取得開始: race_id=202201010310
19:27:37 INFO: 取得完了: race_id=202201010310, 出走頭数=14
19:27:37 INFO: レース結果取得開始: race_id=202201010311
19:27:38 INFO: 取得完了: race_id=202201010311, 出走頭数=13
19:27:38 INFO: レース結果取得開始: race_id=202201010312
19:27:41 INFO: 取得完了: race_id=202201010312, 出走頭数=16
19:27:41 INFO: レース結果取得開始: race_id=202204020101
19:27:42 INFO: 取得完了: race_id=202204020101, 出走頭数=8
19:27:42 INFO: レース結果取得開始: race_id=202204020102
19:27:44 INFO: 取得完了: race_id=202204020102, 出走頭数=15
19:27:44 INFO: レース結果取得開始: race_id=202204020103
19:27:46 INFO: 取得完了: race_id=202204020103, 出走頭数=18
19:27:46 INFO: レース結果取得開始: race_id=202204020104
19:27:47 INFO: 取得完了: race_id=202204020104, 出走頭数=18
19:27:47 INFO: レース結果取得開始: race_id=202204020105
19:27:49 INFO: 取得完了: race_id=202204020105, 出走頭数=12
19:27:49 INFO: レース結果取得開始: race_id=202204020106
19:27:51 INFO: 取得完了: race_id=202204020106, 出走頭数=15
19:27:51 INFO: レース結果取得開始: race_id=202204020107
19:27:52 INFO: 取得完了: race_id=202204020107, 出走頭数=15
19:27:52 INFO: レース結果取得開始: race_id=202204020108
19:27:54 INFO: 取得完了: race_id=202204020108, 出走頭数=14
19:27:54 INFO: レース結果取得開始: race_id=202204020109
19:27:56 INFO: 取得完了: race_id=202204020109, 出走頭数=15
19:27:56 INFO: レース結果取得開始: race_id=202204020110
19:27:58 INFO: 取得完了: race_id=202204020110, 出走頭数=18
19:27:58 INFO: レース結果取得開始: race_id=202204020111
19:28:00 INFO: 取得完了: race_id=202204020111, 出走頭数=18
19:28:00 INFO: レース結果取得開始: race_id=202204020112
19:28:02 INFO: 取得完了: race_id=202204020112, 出走頭数=18
19:28:02 INFO: レース結果取得開始: race_id=202201010401
19:28:03 INFO: 取得完了: race_id=202201010401, 出走頭数=7
19:28:03 INFO: レース結果取得開始: race_id=202201010402
19:28:05 INFO: 取得完了: race_id=202201010402, 出走頭数=12
19:28:05 INFO: レース結果取得開始: race_id=202201010403
19:28:07 INFO: 取得完了: race_id=202201010403, 出走頭数=14
19:28:07 INFO: レース結果取得開始: race_id=202201010404
19:28:09 INFO: 取得完了: race_id=202201010404, 出走頭数=13
19:28:09 INFO: レース結果取得開始: race_id=202201010405
19:28:10 INFO: 取得完了: race_id=202201010405, 出走頭数=6
19:28:10 INFO: レース結果取得開始: race_id=202201010406
19:28:12 INFO: 取得完了: race_id=202201010406, 出走頭数=12
19:28:12 INFO: レース結果取得開始: race_id=202201010407
19:28:14 INFO: 取得完了: race_id=202201010407, 出走頭数=14
19:28:14 INFO: レース結果取得開始: race_id=202201010408
19:28:16 INFO: 取得完了: race_id=202201010408, 出走頭数=14
19:28:16 INFO: レース結果取得開始: race_id=202201010409
19:28:17 INFO: 取得完了: race_id=202201010409, 出走頭数=10
19:28:17 INFO: レース結果取得開始: race_id=202201010410
19:28:19 INFO: 取得完了: race_id=202201010410, 出走頭数=10
19:28:19 INFO: レース結果取得開始: race_id=202201010411
19:28:22 INFO: 取得完了: race_id=202201010411, 出走頭数=14
19:28:22 INFO: レース結果取得開始: race_id=202201010412
19:28:24 INFO: 取得完了: race_id=202201010412, 出走頭数=12
19:28:24 INFO: レース結果取得開始: race_id=202204020201
19:28:26 INFO: 取得完了: race_id=202204020201, 出走頭数=13
19:28:26 INFO: レース結果取得開始: race_id=202204020202
19:28:27 INFO: 取得完了: race_id=202204020202, 出走頭数=6
19:28:27 INFO: レース結果取得開始: race_id=202204020203
19:28:29 INFO: 取得完了: race_id=202204020203, 出走頭数=15
19:28:29 INFO: レース結果取得開始: race_id=202204020204
19:28:31 INFO: 取得完了: race_id=202204020204, 出走頭数=18
19:28:31 INFO: レース結果取得開始: race_id=202204020205
19:28:33 INFO: 取得完了: race_id=202204020205, 出走頭数=10
19:28:33 INFO: レース結果取得開始: race_id=202204020206
19:28:34 INFO: 取得完了: race_id=202204020206, 出走頭数=16
19:28:34 INFO: レース結果取得開始: race_id=202204020207
19:28:36 INFO: 取得完了: race_id=202204020207, 出走頭数=15
19:28:36 INFO: レース結果取得開始: race_id=202204020208
19:28:37 INFO: 取得完了: race_id=202204020208, 出走頭数=15
19:28:37 INFO: レース結果取得開始: race_id=202204020209
19:28:39 INFO: 取得完了: race_id=202204020209, 出走頭数=17
19:28:39 INFO: レース結果取得開始: race_id=202204020210
19:28:41 INFO: 取得完了: race_id=202204020210, 出走頭数=11
19:28:41 INFO: レース結果取得開始: race_id=202204020211
19:28:43 INFO: 取得完了: race_id=202204020211, 出走頭数=18
19:28:43 INFO: レース結果取得開始: race_id=202204020212
19:28:46 INFO: 取得完了: race_id=202204020212, 出走頭数=15
19:28:46 INFO: レース結果取得開始: race_id=202201010501
19:28:48 INFO: 取得完了: race_id=202201010501, 出走頭数=10
19:28:48 INFO: レース結果取得開始: race_id=202201010502
19:28:50 INFO: 取得完了: race_id=202201010502, 出走頭数=14
19:28:50 INFO: レース結果取得開始: race_id=202201010503
19:28:52 INFO: 取得完了: race_id=202201010503, 出走頭数=16
19:28:52 INFO: レース結果取得開始: race_id=202201010504
19:28:54 INFO: 取得完了: race_id=202201010504, 出走頭数=14
19:28:54 INFO: レース結果取得開始: race_id=202201010505
19:28:56 INFO: 取得完了: race_id=202201010505, 出走頭数=8
19:28:56 INFO: レース結果取得開始: race_id=202201010506
19:28:58 INFO: 取得完了: race_id=202201010506, 出走頭数=16
19:28:58 INFO: レース結果取得開始: race_id=202201010507
19:28:59 INFO: 取得完了: race_id=202201010507, 出走頭数=11
19:28:59 INFO: レース結果取得開始: race_id=202201010508
19:29:01 INFO: 取得完了: race_id=202201010508, 出走頭数=14
19:29:01 INFO: レース結果取得開始: race_id=202201010509
19:29:02 INFO: 取得完了: race_id=202201010509, 出走頭数=11
19:29:02 INFO: レース結果取得開始: race_id=202201010510
19:29:04 INFO: 取得完了: race_id=202201010510, 出走頭数=14
19:29:04 INFO: レース結果取得開始: race_id=202201010511
19:29:06 INFO: 取得完了: race_id=202201010511, 出走頭数=10
19:29:06 INFO: レース結果取得開始: race_id=202201010512
19:29:07 INFO: 取得完了: race_id=202201010512, 出走頭数=14
19:29:07 INFO: レース結果取得開始: race_id=202204020301
19:29:09 INFO: 取得完了: race_id=202204020301, 出走頭数=9
19:29:09 INFO: レース結果取得開始: race_id=202204020302
19:29:11 INFO: 取得完了: race_id=202204020302, 出走頭数=15
19:29:11 INFO: レース結果取得開始: race_id=202204020303
19:29:13 INFO: 取得完了: race_id=202204020303, 出走頭数=18
19:29:13 INFO: レース結果取得開始: race_id=202204020304
19:29:15 INFO: 取得完了: race_id=202204020304, 出走頭数=15
19:29:15 INFO: レース結果取得開始: race_id=202204020305
19:29:17 INFO: 取得完了: race_id=202204020305, 出走頭数=11
19:29:17 INFO: レース結果取得開始: race_id=202204020306
19:29:19 INFO: 取得完了: race_id=202204020306, 出走頭数=18
19:29:19 INFO: レース結果取得開始: race_id=202204020307
19:29:21 INFO: 取得完了: race_id=202204020307, 出走頭数=18
19:29:21 INFO: レース結果取得開始: race_id=202204020308
19:29:23 INFO: 取得完了: race_id=202204020308, 出走頭数=15
19:29:23 INFO: レース結果取得開始: race_id=202204020309
19:29:25 INFO: 取得完了: race_id=202204020309, 出走頭数=11
19:29:25 INFO: レース結果取得開始: race_id=202204020310
19:29:26 INFO: 取得完了: race_id=202204020310, 出走頭数=15
19:29:26 INFO: レース結果取得開始: race_id=202204020311
19:29:28 INFO: 取得完了: race_id=202204020311, 出走頭数=18
19:29:28 INFO: レース結果取得開始: race_id=202204020312
19:29:29 INFO: 取得完了: race_id=202204020312, 出走頭数=15
19:29:29 INFO: レース結果取得開始: race_id=202201010601
19:29:31 INFO: 取得完了: race_id=202201010601, 出走頭数=11
19:29:31 INFO: レース結果取得開始: race_id=202201010602
19:29:33 INFO: 取得完了: race_id=202201010602, 出走頭数=12
19:29:33 INFO: レース結果取得開始: race_id=202201010603
19:29:35 INFO: 取得完了: race_id=202201010603, 出走頭数=16
19:29:35 INFO: レース結果取得開始: race_id=202201010604
19:29:36 INFO: 取得完了: race_id=202201010604, 出走頭数=14
19:29:36 INFO: レース結果取得開始: race_id=202201010605
19:29:38 INFO: 取得完了: race_id=202201010605, 出走頭数=9
19:29:38 INFO: レース結果取得開始: race_id=202201010606
19:29:40 INFO: 取得完了: race_id=202201010606, 出走頭数=14
19:29:40 INFO: レース結果取得開始: race_id=202201010607
19:29:42 INFO: 取得完了: race_id=202201010607, 出走頭数=14
19:29:42 INFO: レース結果取得開始: race_id=202201010608
19:29:43 INFO: 取得完了: race_id=202201010608, 出走頭数=14
19:29:43 INFO: レース結果取得開始: race_id=202201010609
19:29:44 INFO: 取得完了: race_id=202201010609, 出走頭数=14
19:29:44 INFO: レース結果取得開始: race_id=202201010610
19:29:46 INFO: 取得完了: race_id=202201010610, 出走頭数=16
19:29:46 INFO: レース結果取得開始: race_id=202201010611
19:29:48 INFO: 取得完了: race_id=202201010611, 出走頭数=14
19:29:48 INFO: レース結果取得開始: race_id=202201010612
19:29:50 INFO: 取得完了: race_id=202201010612, 出走頭数=16
[ 2100/6912] 202201010612: 16頭  errors=0  残り≈143分
19:29:50 INFO: レース結果取得開始: race_id=202204020401
19:29:51 INFO: 取得完了: race_id=202204020401, 出走頭数=15
19:29:51 INFO: レース結果取得開始: race_id=202204020402
19:29:53 INFO: 取得完了: race_id=202204020402, 出走頭数=9
19:29:53 INFO: レース結果取得開始: race_id=202204020403
19:29:55 INFO: 取得完了: race_id=202204020403, 出走頭数=15
19:29:55 INFO: レース結果取得開始: race_id=202204020404
19:29:57 INFO: 取得完了: race_id=202204020404, 出走頭数=18
19:29:57 INFO: レース結果取得開始: race_id=202204020405
19:29:58 INFO: 取得完了: race_id=202204020405, 出走頭数=16
19:29:58 INFO: レース結果取得開始: race_id=202204020406
19:30:00 INFO: 取得完了: race_id=202204020406, 出走頭数=15
19:30:00 INFO: レース結果取得開始: race_id=202204020407
19:30:02 INFO: 取得完了: race_id=202204020407, 出走頭数=14
19:30:02 INFO: レース結果取得開始: race_id=202204020408
19:30:04 INFO: 取得完了: race_id=202204020408, 出走頭数=14
19:30:04 INFO: レース結果取得開始: race_id=202204020409
19:30:06 INFO: 取得完了: race_id=202204020409, 出走頭数=18
19:30:06 INFO: レース結果取得開始: race_id=202204020410
19:30:07 INFO: 取得完了: race_id=202204020410, 出走頭数=9
19:30:07 INFO: レース結果取得開始: race_id=202204020411
19:30:09 INFO: 取得完了: race_id=202204020411, 出走頭数=15
19:30:09 INFO: レース結果取得開始: race_id=202204020412
19:30:11 INFO: 取得完了: race_id=202204020412, 出走頭数=18
19:30:11 INFO: レース結果取得開始: race_id=202201020101
19:30:13 INFO: 取得完了: race_id=202201020101, 出走頭数=12
19:30:13 INFO: レース結果取得開始: race_id=202201020102
19:30:14 INFO: 取得完了: race_id=202201020102, 出走頭数=14
19:30:14 INFO: レース結果取得開始: race_id=202201020103
19:30:16 INFO: 取得完了: race_id=202201020103, 出走頭数=12
19:30:16 INFO: レース結果取得開始: race_id=202201020104
19:30:18 INFO: 取得完了: race_id=202201020104, 出走頭数=14
19:30:18 INFO: レース結果取得開始: race_id=202201020105
19:30:20 INFO: 取得完了: race_id=202201020105, 出走頭数=14
19:30:20 INFO: レース結果取得開始: race_id=202201020106
19:30:22 INFO: 取得完了: race_id=202201020106, 出走頭数=16
19:30:22 INFO: レース結果取得開始: race_id=202201020107
19:30:24 INFO: 取得完了: race_id=202201020107, 出走頭数=11
19:30:24 INFO: レース結果取得開始: race_id=202201020108
19:30:25 INFO: 取得完了: race_id=202201020108, 出走頭数=11
19:30:25 INFO: レース結果取得開始: race_id=202201020109
19:30:27 INFO: 取得完了: race_id=202201020109, 出走頭数=9
19:30:27 INFO: レース結果取得開始: race_id=202201020110
19:30:29 INFO: 取得完了: race_id=202201020110, 出走頭数=14
19:30:29 INFO: レース結果取得開始: race_id=202201020111
19:30:31 INFO: 取得完了: race_id=202201020111, 出走頭数=14
19:30:31 INFO: レース結果取得開始: race_id=202201020112
19:30:32 INFO: 取得完了: race_id=202201020112, 出走頭数=16
19:30:32 INFO: レース結果取得開始: race_id=202204030101
19:30:34 INFO: 取得完了: race_id=202204030101, 出走頭数=15
19:30:34 INFO: レース結果取得開始: race_id=202204030102
19:30:37 INFO: 取得完了: race_id=202204030102, 出走頭数=16
19:30:37 INFO: レース結果取得開始: race_id=202204030103
19:30:38 INFO: 取得完了: race_id=202204030103, 出走頭数=15
19:30:38 INFO: レース結果取得開始: race_id=202204030104
19:30:40 INFO: 取得完了: race_id=202204030104, 出走頭数=15
19:30:40 INFO: レース結果取得開始: race_id=202204030105
19:30:42 INFO: 取得完了: race_id=202204030105, 出走頭数=17
19:30:42 INFO: レース結果取得開始: race_id=202204030106
19:30:43 INFO: 取得完了: race_id=202204030106, 出走頭数=18
19:30:43 INFO: レース結果取得開始: race_id=202204030107
19:30:45 INFO: 取得完了: race_id=202204030107, 出走頭数=18
19:30:45 INFO: レース結果取得開始: race_id=202204030108
19:30:47 INFO: 取得完了: race_id=202204030108, 出走頭数=15
19:30:47 INFO: レース結果取得開始: race_id=202204030109
19:30:49 INFO: 取得完了: race_id=202204030109, 出走頭数=13
19:30:49 INFO: レース結果取得開始: race_id=202204030110
19:30:50 INFO: 取得完了: race_id=202204030110, 出走頭数=13
19:30:50 INFO: レース結果取得開始: race_id=202204030111
19:30:52 INFO: 取得完了: race_id=202204030111, 出走頭数=18
19:30:52 INFO: レース結果取得開始: race_id=202204030112
19:30:54 INFO: 取得完了: race_id=202204030112, 出走頭数=15
19:30:54 INFO: レース結果取得開始: race_id=202210040101
19:30:56 INFO: 取得完了: race_id=202210040101, 出走頭数=12
19:30:56 INFO: レース結果取得開始: race_id=202210040102
19:30:58 INFO: 取得完了: race_id=202210040102, 出走頭数=12
19:30:58 INFO: レース結果取得開始: race_id=202210040103
19:31:00 INFO: 取得完了: race_id=202210040103, 出走頭数=14
19:31:00 INFO: レース結果取得開始: race_id=202210040104
19:31:01 INFO: 取得完了: race_id=202210040104, 出走頭数=8
19:31:01 INFO: レース結果取得開始: race_id=202210040105
19:31:03 INFO: 取得完了: race_id=202210040105, 出走頭数=14
19:31:03 INFO: レース結果取得開始: race_id=202210040106
19:31:05 INFO: 取得完了: race_id=202210040106, 出走頭数=16
19:31:05 INFO: レース結果取得開始: race_id=202210040107
19:31:07 INFO: 取得完了: race_id=202210040107, 出走頭数=18
19:31:07 INFO: レース結果取得開始: race_id=202210040108
19:31:08 INFO: 取得完了: race_id=202210040108, 出走頭数=16
19:31:08 INFO: レース結果取得開始: race_id=202210040109
19:31:10 INFO: 取得完了: race_id=202210040109, 出走頭数=9
19:31:10 INFO: レース結果取得開始: race_id=202210040110
19:31:12 INFO: 取得完了: race_id=202210040110, 出走頭数=7
19:31:12 INFO: レース結果取得開始: race_id=202210040111
19:31:13 INFO: 取得完了: race_id=202210040111, 出走頭数=11
19:31:13 INFO: レース結果取得開始: race_id=202210040112
19:31:15 INFO: 取得完了: race_id=202210040112, 出走頭数=15
19:31:16 INFO: レース結果取得開始: race_id=202201020201
19:31:17 INFO: 取得完了: race_id=202201020201, 出走頭数=13
19:31:17 INFO: レース結果取得開始: race_id=202201020202
19:31:19 INFO: 取得完了: race_id=202201020202, 出走頭数=12
19:31:19 INFO: レース結果取得開始: race_id=202201020203
19:31:20 INFO: 取得完了: race_id=202201020203, 出走頭数=14
19:31:20 INFO: レース結果取得開始: race_id=202201020204
19:31:22 INFO: 取得完了: race_id=202201020204, 出走頭数=14
19:31:22 INFO: レース結果取得開始: race_id=202201020205
19:31:23 INFO: 取得完了: race_id=202201020205, 出走頭数=11
19:31:23 INFO: レース結果取得開始: race_id=202201020206
19:31:25 INFO: 取得完了: race_id=202201020206, 出走頭数=14
19:31:25 INFO: レース結果取得開始: race_id=202201020207
19:31:27 INFO: 取得完了: race_id=202201020207, 出走頭数=12
19:31:27 INFO: レース結果取得開始: race_id=202201020208
19:31:28 INFO: 取得完了: race_id=202201020208, 出走頭数=13
19:31:28 INFO: レース結果取得開始: race_id=202201020209
19:31:31 INFO: 取得完了: race_id=202201020209, 出走頭数=9
19:31:31 INFO: レース結果取得開始: race_id=202201020210
19:31:32 INFO: 取得完了: race_id=202201020210, 出走頭数=13
19:31:32 INFO: レース結果取得開始: race_id=202201020211
19:31:34 INFO: 取得完了: race_id=202201020211, 出走頭数=16
19:31:34 INFO: レース結果取得開始: race_id=202201020212
19:31:35 INFO: 取得完了: race_id=202201020212, 出走頭数=12
19:31:35 INFO: レース結果取得開始: race_id=202204030201
19:31:37 INFO: 取得完了: race_id=202204030201, 出走頭数=14
19:31:37 INFO: レース結果取得開始: race_id=202204030202
19:31:39 INFO: 取得完了: race_id=202204030202, 出走頭数=15
19:31:39 INFO: レース結果取得開始: race_id=202204030203
19:31:41 INFO: 取得完了: race_id=202204030203, 出走頭数=18
19:31:41 INFO: レース結果取得開始: race_id=202204030204
19:31:42 INFO: 取得完了: race_id=202204030204, 出走頭数=15
19:31:42 INFO: レース結果取得開始: race_id=202204030205
19:31:44 INFO: 取得完了: race_id=202204030205, 出走頭数=15
19:31:44 INFO: レース結果取得開始: race_id=202204030206
19:31:45 INFO: 取得完了: race_id=202204030206, 出走頭数=18
19:31:45 INFO: レース結果取得開始: race_id=202204030207
19:31:46 INFO: 取得完了: race_id=202204030207, 出走頭数=18
19:31:46 INFO: レース結果取得開始: race_id=202204030208
19:31:48 INFO: 取得完了: race_id=202204030208, 出走頭数=15
19:31:48 INFO: レース結果取得開始: race_id=202204030209
19:31:50 INFO: 取得完了: race_id=202204030209, 出走頭数=15
19:31:50 INFO: レース結果取得開始: race_id=202204030210
19:31:52 INFO: 取得完了: race_id=202204030210, 出走頭数=11
19:31:52 INFO: レース結果取得開始: race_id=202204030211
19:31:54 INFO: 取得完了: race_id=202204030211, 出走頭数=14
19:31:54 INFO: レース結果取得開始: race_id=202204030212
19:31:56 INFO: 取得完了: race_id=202204030212, 出走頭数=18
19:31:56 INFO: レース結果取得開始: race_id=202210040201
19:31:58 INFO: 取得完了: race_id=202210040201, 出走頭数=10
19:31:58 INFO: レース結果取得開始: race_id=202210040202
19:32:00 INFO: 取得完了: race_id=202210040202, 出走頭数=7
19:32:00 INFO: レース結果取得開始: race_id=202210040203
19:32:01 INFO: 取得完了: race_id=202210040203, 出走頭数=16
19:32:01 INFO: レース結果取得開始: race_id=202210040204
19:32:03 INFO: 取得完了: race_id=202210040204, 出走頭数=18
19:32:03 INFO: レース結果取得開始: race_id=202210040205
19:32:05 INFO: 取得完了: race_id=202210040205, 出走頭数=13
19:32:05 INFO: レース結果取得開始: race_id=202210040206
19:32:07 INFO: 取得完了: race_id=202210040206, 出走頭数=16
19:32:07 INFO: レース結果取得開始: race_id=202210040207
19:32:09 INFO: 取得完了: race_id=202210040207, 出走頭数=12
19:32:09 INFO: レース結果取得開始: race_id=202210040208
19:32:10 INFO: 取得完了: race_id=202210040208, 出走頭数=14
19:32:10 INFO: レース結果取得開始: race_id=202210040209
19:32:12 INFO: 取得完了: race_id=202210040209, 出走頭数=18
19:32:12 INFO: レース結果取得開始: race_id=202210040210
19:32:13 INFO: 取得完了: race_id=202210040210, 出走頭数=13
19:32:13 INFO: レース結果取得開始: race_id=202210040211
19:32:15 INFO: 取得完了: race_id=202210040211, 出走頭数=16
19:32:15 INFO: レース結果取得開始: race_id=202210040212
19:32:17 INFO: 取得完了: race_id=202210040212, 出走頭数=15
19:32:17 INFO: レース結果取得開始: race_id=202201020301
19:32:18 INFO: 取得完了: race_id=202201020301, 出走頭数=10
19:32:18 INFO: レース結果取得開始: race_id=202201020302
19:32:21 INFO: 取得完了: race_id=202201020302, 出走頭数=12
19:32:21 INFO: レース結果取得開始: race_id=202201020303
19:32:22 INFO: 取得完了: race_id=202201020303, 出走頭数=14
19:32:22 INFO: レース結果取得開始: race_id=202201020304
19:32:24 INFO: 取得完了: race_id=202201020304, 出走頭数=16
19:32:24 INFO: レース結果取得開始: race_id=202201020305
19:32:26 INFO: 取得完了: race_id=202201020305, 出走頭数=12
19:32:26 INFO: レース結果取得開始: race_id=202201020306
19:32:28 INFO: 取得完了: race_id=202201020306, 出走頭数=14
19:32:28 INFO: レース結果取得開始: race_id=202201020307
19:32:30 INFO: 取得完了: race_id=202201020307, 出走頭数=16
19:32:30 INFO: レース結果取得開始: race_id=202201020308
19:32:31 INFO: 取得完了: race_id=202201020308, 出走頭数=12
19:32:31 INFO: レース結果取得開始: race_id=202201020309
19:32:33 INFO: 取得完了: race_id=202201020309, 出走頭数=14
19:32:33 INFO: レース結果取得開始: race_id=202201020310
19:32:35 INFO: 取得完了: race_id=202201020310, 出走頭数=11
19:32:35 INFO: レース結果取得開始: race_id=202201020311
19:32:37 INFO: 取得完了: race_id=202201020311, 出走頭数=14
19:32:37 INFO: レース結果取得開始: race_id=202201020312
19:32:39 INFO: 取得完了: race_id=202201020312, 出走頭数=8
19:32:39 INFO: レース結果取得開始: race_id=202204030301
19:32:40 INFO: 取得完了: race_id=202204030301, 出走頭数=12
19:32:40 INFO: レース結果取得開始: race_id=202204030302
19:32:41 INFO: 取得完了: race_id=202204030302, 出走頭数=15
19:32:41 INFO: レース結果取得開始: race_id=202204030303
19:32:43 INFO: 取得完了: race_id=202204030303, 出走頭数=15
19:32:43 INFO: レース結果取得開始: race_id=202204030304
19:32:45 INFO: 取得完了: race_id=202204030304, 出走頭数=8
[ 2200/6912] 202204030304: 8頭  errors=0  残り≈140分
19:32:45 INFO: レース結果取得開始: race_id=202204030305
19:32:46 INFO: 取得完了: race_id=202204030305, 出走頭数=17
19:32:46 INFO: レース結果取得開始: race_id=202204030306
19:32:48 INFO: 取得完了: race_id=202204030306, 出走頭数=18
19:32:48 INFO: レース結果取得開始: race_id=202204030307
19:32:50 INFO: 取得完了: race_id=202204030307, 出走頭数=18
19:32:50 INFO: レース結果取得開始: race_id=202204030308
19:32:51 INFO: 取得完了: race_id=202204030308, 出走頭数=15
19:32:51 INFO: レース結果取得開始: race_id=202204030309
19:32:53 INFO: 取得完了: race_id=202204030309, 出走頭数=15
19:32:53 INFO: レース結果取得開始: race_id=202204030310
19:32:55 INFO: 取得完了: race_id=202204030310, 出走頭数=15
19:32:55 INFO: レース結果取得開始: race_id=202204030311
19:32:57 INFO: 取得完了: race_id=202204030311, 出走頭数=13
19:32:57 INFO: レース結果取得開始: race_id=202204030312
19:32:58 INFO: 取得完了: race_id=202204030312, 出走頭数=15
19:32:58 INFO: レース結果取得開始: race_id=202210040301
19:33:00 INFO: 取得完了: race_id=202210040301, 出走頭数=10
19:33:00 INFO: レース結果取得開始: race_id=202210040302
19:33:03 INFO: 取得完了: race_id=202210040302, 出走頭数=16
19:33:03 INFO: レース結果取得開始: race_id=202210040303
19:33:05 INFO: 取得完了: race_id=202210040303, 出走頭数=18
19:33:05 INFO: レース結果取得開始: race_id=202210040304
19:33:07 INFO: 取得完了: race_id=202210040304, 出走頭数=16
19:33:07 INFO: レース結果取得開始: race_id=202210040305
19:33:08 INFO: 取得完了: race_id=202210040305, 出走頭数=14
19:33:08 INFO: レース結果取得開始: race_id=202210040306
19:33:10 INFO: 取得完了: race_id=202210040306, 出走頭数=16
19:33:10 INFO: レース結果取得開始: race_id=202210040307
19:33:11 INFO: 取得完了: race_id=202210040307, 出走頭数=18
19:33:11 INFO: レース結果取得開始: race_id=202210040308
19:33:13 INFO: 取得完了: race_id=202210040308, 出走頭数=16
19:33:13 INFO: レース結果取得開始: race_id=202210040309
19:33:15 INFO: 取得完了: race_id=202210040309, 出走頭数=11
19:33:15 INFO: レース結果取得開始: race_id=202210040310
19:33:17 INFO: 取得完了: race_id=202210040310, 出走頭数=8
19:33:17 INFO: レース結果取得開始: race_id=202210040311
19:33:18 INFO: 取得完了: race_id=202210040311, 出走頭数=12
19:33:18 INFO: レース結果取得開始: race_id=202210040312
19:33:20 INFO: 取得完了: race_id=202210040312, 出走頭数=14
19:33:20 INFO: レース結果取得開始: race_id=202201020401
19:33:21 INFO: 取得完了: race_id=202201020401, 出走頭数=14
19:33:21 INFO: レース結果取得開始: race_id=202201020402
19:33:23 INFO: 取得完了: race_id=202201020402, 出走頭数=12
19:33:23 INFO: レース結果取得開始: race_id=202201020403
19:33:25 INFO: 取得完了: race_id=202201020403, 出走頭数=14
19:33:25 INFO: レース結果取得開始: race_id=202201020404
19:33:27 INFO: 取得完了: race_id=202201020404, 出走頭数=14
19:33:27 INFO: レース結果取得開始: race_id=202201020405
19:33:29 INFO: 取得完了: race_id=202201020405, 出走頭数=6
19:33:29 INFO: レース結果取得開始: race_id=202201020406
19:33:31 INFO: 取得完了: race_id=202201020406, 出走頭数=12
19:33:31 INFO: レース結果取得開始: race_id=202201020407
19:33:32 INFO: 取得完了: race_id=202201020407, 出走頭数=13
19:33:32 INFO: レース結果取得開始: race_id=202201020408
19:33:34 INFO: 取得完了: race_id=202201020408, 出走頭数=14
19:33:34 INFO: レース結果取得開始: race_id=202201020409
19:33:35 INFO: 取得完了: race_id=202201020409, 出走頭数=11
19:33:35 INFO: レース結果取得開始: race_id=202201020410
19:33:36 INFO: 取得完了: race_id=202201020410, 出走頭数=14
19:33:36 INFO: レース結果取得開始: race_id=202201020411
19:33:38 INFO: 取得完了: race_id=202201020411, 出走頭数=16
19:33:38 INFO: レース結果取得開始: race_id=202201020412
19:33:39 INFO: 取得完了: race_id=202201020412, 出走頭数=16
19:33:39 INFO: レース結果取得開始: race_id=202204030401
19:33:41 INFO: 取得完了: race_id=202204030401, 出走頭数=10
19:33:41 INFO: レース結果取得開始: race_id=202204030402
19:33:43 INFO: 取得完了: race_id=202204030402, 出走頭数=9
19:33:43 INFO: レース結果取得開始: race_id=202204030403
19:33:45 INFO: 取得完了: race_id=202204030403, 出走頭数=18
19:33:45 INFO: レース結果取得開始: race_id=202204030404
19:33:46 INFO: 取得完了: race_id=202204030404, 出走頭数=15
19:33:46 INFO: レース結果取得開始: race_id=202204030405
19:33:47 INFO: 取得完了: race_id=202204030405, 出走頭数=13
19:33:47 INFO: レース結果取得開始: race_id=202204030406
19:33:49 INFO: 取得完了: race_id=202204030406, 出走頭数=18
19:33:49 INFO: レース結果取得開始: race_id=202204030407
19:33:50 INFO: 取得完了: race_id=202204030407, 出走頭数=15
19:33:50 INFO: レース結果取得開始: race_id=202204030408
19:33:52 INFO: 取得完了: race_id=202204030408, 出走頭数=12
19:33:52 INFO: レース結果取得開始: race_id=202204030409
19:33:54 INFO: 取得完了: race_id=202204030409, 出走頭数=18
19:33:54 INFO: レース結果取得開始: race_id=202204030410
19:33:55 INFO: 取得完了: race_id=202204030410, 出走頭数=9
19:33:55 INFO: レース結果取得開始: race_id=202204030411
19:33:56 INFO: 取得完了: race_id=202204030411, 出走頭数=15
19:33:56 INFO: レース結果取得開始: race_id=202204030412
19:33:58 INFO: 取得完了: race_id=202204030412, 出走頭数=15
19:33:58 INFO: レース結果取得開始: race_id=202210040401
19:34:00 INFO: 取得完了: race_id=202210040401, 出走頭数=10
19:34:00 INFO: レース結果取得開始: race_id=202210040402
19:34:02 INFO: 取得完了: race_id=202210040402, 出走頭数=5
19:34:02 INFO: レース結果取得開始: race_id=202210040403
19:34:03 INFO: 取得完了: race_id=202210040403, 出走頭数=16
19:34:03 INFO: レース結果取得開始: race_id=202210040404
19:34:04 INFO: 取得完了: race_id=202210040404, 出走頭数=18
19:34:04 INFO: レース結果取得開始: race_id=202210040405
19:34:06 INFO: 取得完了: race_id=202210040405, 出走頭数=8
19:34:06 INFO: レース結果取得開始: race_id=202210040406
19:34:07 INFO: 取得完了: race_id=202210040406, 出走頭数=13
19:34:07 INFO: レース結果取得開始: race_id=202210040407
19:34:09 INFO: 取得完了: race_id=202210040407, 出走頭数=15
19:34:09 INFO: レース結果取得開始: race_id=202210040408
19:34:11 INFO: 取得完了: race_id=202210040408, 出走頭数=16
19:34:11 INFO: レース結果取得開始: race_id=202210040409
19:34:13 INFO: 取得完了: race_id=202210040409, 出走頭数=12
19:34:13 INFO: レース結果取得開始: race_id=202210040410
19:34:15 INFO: 取得完了: race_id=202210040410, 出走頭数=16
19:34:15 INFO: レース結果取得開始: race_id=202210040411
19:34:16 INFO: 取得完了: race_id=202210040411, 出走頭数=18
19:34:16 INFO: レース結果取得開始: race_id=202210040412
19:34:18 INFO: 取得完了: race_id=202210040412, 出走頭数=10
19:34:18 INFO: レース結果取得開始: race_id=202201020501
19:34:20 INFO: 取得完了: race_id=202201020501, 出走頭数=7
19:34:20 INFO: レース結果取得開始: race_id=202201020502
19:34:22 INFO: 取得完了: race_id=202201020502, 出走頭数=8
19:34:22 INFO: レース結果取得開始: race_id=202201020503
19:34:23 INFO: 取得完了: race_id=202201020503, 出走頭数=12
19:34:23 INFO: レース結果取得開始: race_id=202201020504
19:34:26 INFO: 取得完了: race_id=202201020504, 出走頭数=14
19:34:26 INFO: レース結果取得開始: race_id=202201020505
19:34:27 INFO: 取得完了: race_id=202201020505, 出走頭数=7
19:34:27 INFO: レース結果取得開始: race_id=202201020506
19:34:29 INFO: 取得完了: race_id=202201020506, 出走頭数=14
19:34:29 INFO: レース結果取得開始: race_id=202201020507
19:34:31 INFO: 取得完了: race_id=202201020507, 出走頭数=14
19:34:31 INFO: レース結果取得開始: race_id=202201020508
19:34:33 INFO: 取得完了: race_id=202201020508, 出走頭数=14
19:34:33 INFO: レース結果取得開始: race_id=202201020509
19:34:35 INFO: 取得完了: race_id=202201020509, 出走頭数=14
19:34:35 INFO: レース結果取得開始: race_id=202201020510
19:34:36 INFO: 取得完了: race_id=202201020510, 出走頭数=14
19:34:36 INFO: レース結果取得開始: race_id=202201020511
19:34:38 INFO: 取得完了: race_id=202201020511, 出走頭数=14
19:34:38 INFO: レース結果取得開始: race_id=202201020512
19:34:41 INFO: 取得完了: race_id=202201020512, 出走頭数=14
19:34:41 INFO: レース結果取得開始: race_id=202204030501
19:34:43 INFO: 取得完了: race_id=202204030501, 出走頭数=15
19:34:43 INFO: レース結果取得開始: race_id=202204030502
19:34:44 INFO: 取得完了: race_id=202204030502, 出走頭数=15
19:34:44 INFO: レース結果取得開始: race_id=202204030503
19:34:46 INFO: 取得完了: race_id=202204030503, 出走頭数=15
19:34:46 INFO: レース結果取得開始: race_id=202204030504
19:34:48 INFO: 取得完了: race_id=202204030504, 出走頭数=14
19:34:48 INFO: レース結果取得開始: race_id=202204030505
19:34:49 INFO: 取得完了: race_id=202204030505, 出走頭数=13
19:34:49 INFO: レース結果取得開始: race_id=202204030506
19:34:51 INFO: 取得完了: race_id=202204030506, 出走頭数=18
19:34:51 INFO: レース結果取得開始: race_id=202204030507
19:34:53 INFO: 取得完了: race_id=202204030507, 出走頭数=18
19:34:53 INFO: レース結果取得開始: race_id=202204030508
19:34:55 INFO: 取得完了: race_id=202204030508, 出走頭数=15
19:34:55 INFO: レース結果取得開始: race_id=202204030509
19:34:57 INFO: 取得完了: race_id=202204030509, 出走頭数=15
19:34:57 INFO: レース結果取得開始: race_id=202204030510
19:34:59 INFO: 取得完了: race_id=202204030510, 出走頭数=15
19:34:59 INFO: レース結果取得開始: race_id=202204030511
19:35:01 INFO: 取得完了: race_id=202204030511, 出走頭数=15
19:35:01 INFO: レース結果取得開始: race_id=202204030512
19:35:03 INFO: 取得完了: race_id=202204030512, 出走頭数=18
19:35:03 INFO: レース結果取得開始: race_id=202210040501
19:35:04 INFO: 取得完了: race_id=202210040501, 出走頭数=8
19:35:04 INFO: レース結果取得開始: race_id=202210040502
19:35:06 INFO: 取得完了: race_id=202210040502, 出走頭数=14
19:35:06 INFO: レース結果取得開始: race_id=202210040503
19:35:08 INFO: 取得完了: race_id=202210040503, 出走頭数=18
19:35:08 INFO: レース結果取得開始: race_id=202210040504
19:35:10 INFO: 取得完了: race_id=202210040504, 出走頭数=16
19:35:10 INFO: レース結果取得開始: race_id=202210040505
19:35:12 INFO: 取得完了: race_id=202210040505, 出走頭数=9
19:35:12 INFO: レース結果取得開始: race_id=202210040506
19:35:14 INFO: 取得完了: race_id=202210040506, 出走頭数=17
19:35:14 INFO: レース結果取得開始: race_id=202210040507
19:35:16 INFO: 取得完了: race_id=202210040507, 出走頭数=16
19:35:16 INFO: レース結果取得開始: race_id=202210040508
19:35:18 INFO: 取得完了: race_id=202210040508, 出走頭数=13
19:35:18 INFO: レース結果取得開始: race_id=202210040509
19:35:20 INFO: 取得完了: race_id=202210040509, 出走頭数=17
19:35:20 INFO: レース結果取得開始: race_id=202210040510
19:35:22 INFO: 取得完了: race_id=202210040510, 出走頭数=9
19:35:22 INFO: レース結果取得開始: race_id=202210040511
19:35:23 INFO: 取得完了: race_id=202210040511, 出走頭数=14
19:35:23 INFO: レース結果取得開始: race_id=202210040512
19:35:25 INFO: 取得完了: race_id=202210040512, 出走頭数=8
19:35:26 INFO: レース結果取得開始: race_id=202201020601
19:35:27 INFO: 取得完了: race_id=202201020601, 出走頭数=8
19:35:27 INFO: レース結果取得開始: race_id=202201020602
19:35:29 INFO: 取得完了: race_id=202201020602, 出走頭数=14
19:35:30 INFO: レース結果取得開始: race_id=202201020603
19:35:32 INFO: 取得完了: race_id=202201020603, 出走頭数=12
19:35:32 INFO: レース結果取得開始: race_id=202201020604
19:35:33 INFO: 取得完了: race_id=202201020604, 出走頭数=14
19:35:33 INFO: レース結果取得開始: race_id=202201020605
19:35:35 INFO: 取得完了: race_id=202201020605, 出走頭数=7
19:35:35 INFO: レース結果取得開始: race_id=202201020606
19:35:36 INFO: 取得完了: race_id=202201020606, 出走頭数=16
19:35:36 INFO: レース結果取得開始: race_id=202201020607
19:35:38 INFO: 取得完了: race_id=202201020607, 出走頭数=12
19:35:38 INFO: レース結果取得開始: race_id=202201020608
19:35:40 INFO: 取得完了: race_id=202201020608, 出走頭数=14
[ 2300/6912] 202201020608: 14頭  errors=0  残り≈137分
19:35:40 INFO: レース結果取得開始: race_id=202201020609
19:35:42 INFO: 取得完了: race_id=202201020609, 出走頭数=16
19:35:42 INFO: レース結果取得開始: race_id=202201020610
19:35:43 INFO: 取得完了: race_id=202201020610, 出走頭数=14
19:35:43 INFO: レース結果取得開始: race_id=202201020611
19:35:45 INFO: 取得完了: race_id=202201020611, 出走頭数=16
19:35:45 INFO: レース結果取得開始: race_id=202201020612
19:35:47 INFO: 取得完了: race_id=202201020612, 出走頭数=14
19:35:47 INFO: レース結果取得開始: race_id=202204030601
19:35:49 INFO: 取得完了: race_id=202204030601, 出走頭数=8
19:35:49 INFO: レース結果取得開始: race_id=202204030602
19:35:51 INFO: 取得完了: race_id=202204030602, 出走頭数=14
19:35:51 INFO: レース結果取得開始: race_id=202204030603
19:35:53 INFO: 取得完了: race_id=202204030603, 出走頭数=18
19:35:53 INFO: レース結果取得開始: race_id=202204030604
19:35:55 INFO: 取得完了: race_id=202204030604, 出走頭数=18
19:35:55 INFO: レース結果取得開始: race_id=202204030605
19:35:57 INFO: 取得完了: race_id=202204030605, 出走頭数=11
19:35:57 INFO: レース結果取得開始: race_id=202204030606
19:35:59 INFO: 取得完了: race_id=202204030606, 出走頭数=15
19:35:59 INFO: レース結果取得開始: race_id=202204030607
19:36:00 INFO: 取得完了: race_id=202204030607, 出走頭数=9
19:36:00 INFO: レース結果取得開始: race_id=202204030608
19:36:02 INFO: 取得完了: race_id=202204030608, 出走頭数=8
19:36:02 INFO: レース結果取得開始: race_id=202204030609
19:36:04 INFO: 取得完了: race_id=202204030609, 出走頭数=11
19:36:04 INFO: レース結果取得開始: race_id=202204030610
19:36:05 INFO: 取得完了: race_id=202204030610, 出走頭数=18
19:36:05 INFO: レース結果取得開始: race_id=202204030611
19:36:07 INFO: 取得完了: race_id=202204030611, 出走頭数=11
19:36:07 INFO: レース結果取得開始: race_id=202204030612
19:36:08 INFO: 取得完了: race_id=202204030612, 出走頭数=15
19:36:08 INFO: レース結果取得開始: race_id=202210040601
19:36:10 INFO: 取得完了: race_id=202210040601, 出走頭数=12
19:36:10 INFO: レース結果取得開始: race_id=202210040602
19:36:12 INFO: 取得完了: race_id=202210040602, 出走頭数=16
19:36:12 INFO: レース結果取得開始: race_id=202210040603
19:36:13 INFO: 取得完了: race_id=202210040603, 出走頭数=16
19:36:13 INFO: レース結果取得開始: race_id=202210040604
19:36:15 INFO: 取得完了: race_id=202210040604, 出走頭数=16
19:36:15 INFO: レース結果取得開始: race_id=202210040605
19:36:17 INFO: 取得完了: race_id=202210040605, 出走頭数=10
19:36:17 INFO: レース結果取得開始: race_id=202210040606
19:36:18 INFO: 取得完了: race_id=202210040606, 出走頭数=9
19:36:18 INFO: レース結果取得開始: race_id=202210040607
19:36:20 INFO: 取得完了: race_id=202210040607, 出走頭数=16
19:36:20 INFO: レース結果取得開始: race_id=202210040608
19:36:21 INFO: 取得完了: race_id=202210040608, 出走頭数=13
19:36:21 INFO: レース結果取得開始: race_id=202210040609
19:36:22 INFO: 取得完了: race_id=202210040609, 出走頭数=7
19:36:23 INFO: レース結果取得開始: race_id=202210040610
19:36:24 INFO: 取得完了: race_id=202210040610, 出走頭数=16
19:36:24 INFO: レース結果取得開始: race_id=202210040611
19:36:26 INFO: 取得完了: race_id=202210040611, 出走頭数=11
19:36:26 INFO: レース結果取得開始: race_id=202210040612
19:36:28 INFO: 取得完了: race_id=202210040612, 出走頭数=11
19:36:28 INFO: レース結果取得開始: race_id=202201020701
19:36:30 INFO: 取得完了: race_id=202201020701, 出走頭数=14
19:36:30 INFO: レース結果取得開始: race_id=202201020702
19:36:31 INFO: 取得完了: race_id=202201020702, 出走頭数=11
19:36:31 INFO: レース結果取得開始: race_id=202201020703
19:36:34 INFO: 取得完了: race_id=202201020703, 出走頭数=13
19:36:34 INFO: レース結果取得開始: race_id=202201020704
19:36:35 INFO: 取得完了: race_id=202201020704, 出走頭数=16
19:36:35 INFO: レース結果取得開始: race_id=202201020705
19:36:36 INFO: 取得完了: race_id=202201020705, 出走頭数=13
19:36:36 INFO: レース結果取得開始: race_id=202201020706
19:36:38 INFO: 取得完了: race_id=202201020706, 出走頭数=12
19:36:38 INFO: レース結果取得開始: race_id=202201020707
19:36:40 INFO: 取得完了: race_id=202201020707, 出走頭数=16
19:36:40 INFO: レース結果取得開始: race_id=202201020708
19:36:42 INFO: 取得完了: race_id=202201020708, 出走頭数=14
19:36:42 INFO: レース結果取得開始: race_id=202201020709
19:36:44 INFO: 取得完了: race_id=202201020709, 出走頭数=16
19:36:44 INFO: レース結果取得開始: race_id=202201020710
19:36:46 INFO: 取得完了: race_id=202201020710, 出走頭数=14
19:36:46 INFO: レース結果取得開始: race_id=202201020711
19:36:48 INFO: 取得完了: race_id=202201020711, 出走頭数=14
19:36:48 INFO: レース結果取得開始: race_id=202201020712
19:36:50 INFO: 取得完了: race_id=202201020712, 出走頭数=14
19:36:50 INFO: レース結果取得開始: race_id=202204030701
19:36:52 INFO: 取得完了: race_id=202204030701, 出走頭数=14
19:36:52 INFO: レース結果取得開始: race_id=202204030702
19:36:53 INFO: 取得完了: race_id=202204030702, 出走頭数=15
19:36:53 INFO: レース結果取得開始: race_id=202204030703
19:36:55 INFO: 取得完了: race_id=202204030703, 出走頭数=15
19:36:55 INFO: レース結果取得開始: race_id=202204030704
19:36:57 INFO: 取得完了: race_id=202204030704, 出走頭数=12
19:36:57 INFO: レース結果取得開始: race_id=202204030705
19:36:58 INFO: 取得完了: race_id=202204030705, 出走頭数=7
19:36:58 INFO: レース結果取得開始: race_id=202204030706
19:37:00 INFO: 取得完了: race_id=202204030706, 出走頭数=18
19:37:00 INFO: レース結果取得開始: race_id=202204030707
19:37:02 INFO: 取得完了: race_id=202204030707, 出走頭数=18
19:37:02 INFO: レース結果取得開始: race_id=202204030708
19:37:04 INFO: 取得完了: race_id=202204030708, 出走頭数=15
19:37:04 INFO: レース結果取得開始: race_id=202204030709
19:37:05 INFO: 取得完了: race_id=202204030709, 出走頭数=12
19:37:05 INFO: レース結果取得開始: race_id=202204030710
19:37:07 INFO: 取得完了: race_id=202204030710, 出走頭数=13
19:37:07 INFO: レース結果取得開始: race_id=202204030711
19:37:08 INFO: 取得完了: race_id=202204030711, 出走頭数=15
19:37:08 INFO: レース結果取得開始: race_id=202204030712
19:37:10 INFO: 取得完了: race_id=202204030712, 出走頭数=18
19:37:10 INFO: レース結果取得開始: race_id=202210040701
19:37:11 INFO: 取得完了: race_id=202210040701, 出走頭数=11
19:37:11 INFO: レース結果取得開始: race_id=202210040702
19:37:13 INFO: 取得完了: race_id=202210040702, 出走頭数=16
19:37:13 INFO: レース結果取得開始: race_id=202210040703
19:37:15 INFO: 取得完了: race_id=202210040703, 出走頭数=18
19:37:15 INFO: レース結果取得開始: race_id=202210040704
19:37:17 INFO: 取得完了: race_id=202210040704, 出走頭数=16
19:37:17 INFO: レース結果取得開始: race_id=202210040705
19:37:18 INFO: 取得完了: race_id=202210040705, 出走頭数=7
19:37:18 INFO: レース結果取得開始: race_id=202210040706
19:37:20 INFO: 取得完了: race_id=202210040706, 出走頭数=14
19:37:20 INFO: レース結果取得開始: race_id=202210040707
19:37:22 INFO: 取得完了: race_id=202210040707, 出走頭数=14
19:37:22 INFO: レース結果取得開始: race_id=202210040708
19:37:24 INFO: 取得完了: race_id=202210040708, 出走頭数=15
19:37:24 INFO: レース結果取得開始: race_id=202210040709
19:37:26 INFO: 取得完了: race_id=202210040709, 出走頭数=10
19:37:26 INFO: レース結果取得開始: race_id=202210040710
19:37:28 INFO: 取得完了: race_id=202210040710, 出走頭数=16
19:37:28 INFO: レース結果取得開始: race_id=202210040711
19:37:30 INFO: 取得完了: race_id=202210040711, 出走頭数=18
19:37:30 INFO: レース結果取得開始: race_id=202210040712
19:37:31 INFO: 取得完了: race_id=202210040712, 出走頭数=14
19:37:31 INFO: レース結果取得開始: race_id=202201020801
19:37:33 INFO: 取得完了: race_id=202201020801, 出走頭数=8
19:37:33 INFO: レース結果取得開始: race_id=202201020802
19:37:36 INFO: 取得完了: race_id=202201020802, 出走頭数=14
19:37:36 INFO: レース結果取得開始: race_id=202201020803
19:37:37 INFO: 取得完了: race_id=202201020803, 出走頭数=14
19:37:37 INFO: レース結果取得開始: race_id=202201020804
19:37:39 INFO: 取得完了: race_id=202201020804, 出走頭数=16
19:37:39 INFO: レース結果取得開始: race_id=202201020805
19:37:41 INFO: 取得完了: race_id=202201020805, 出走頭数=14
19:37:41 INFO: レース結果取得開始: race_id=202201020806
19:37:43 INFO: 取得完了: race_id=202201020806, 出走頭数=16
19:37:43 INFO: レース結果取得開始: race_id=202201020807
19:37:44 INFO: 取得完了: race_id=202201020807, 出走頭数=14
19:37:44 INFO: レース結果取得開始: race_id=202201020808
19:37:46 INFO: 取得完了: race_id=202201020808, 出走頭数=14
19:37:46 INFO: レース結果取得開始: race_id=202201020809
19:37:48 INFO: 取得完了: race_id=202201020809, 出走頭数=14
19:37:48 INFO: レース結果取得開始: race_id=202201020810
19:37:49 INFO: 取得完了: race_id=202201020810, 出走頭数=15
19:37:49 INFO: レース結果取得開始: race_id=202201020811
19:37:51 INFO: 取得完了: race_id=202201020811, 出走頭数=11
19:37:51 INFO: レース結果取得開始: race_id=202201020812
19:37:52 INFO: 取得完了: race_id=202201020812, 出走頭数=14
19:37:52 INFO: レース結果取得開始: race_id=202204030801
19:37:54 INFO: 取得完了: race_id=202204030801, 出走頭数=13
19:37:54 INFO: レース結果取得開始: race_id=202204030802
19:37:56 INFO: 取得完了: race_id=202204030802, 出走頭数=18
19:37:56 INFO: レース結果取得開始: race_id=202204030803
19:37:58 INFO: 取得完了: race_id=202204030803, 出走頭数=15
19:37:58 INFO: レース結果取得開始: race_id=202204030804
19:37:59 INFO: 取得完了: race_id=202204030804, 出走頭数=18
19:37:59 INFO: レース結果取得開始: race_id=202204030805
19:38:01 INFO: 取得完了: race_id=202204030805, 出走頭数=13
19:38:01 INFO: レース結果取得開始: race_id=202204030806
19:38:03 INFO: 取得完了: race_id=202204030806, 出走頭数=18
19:38:03 INFO: レース結果取得開始: race_id=202204030807
19:38:05 INFO: 取得完了: race_id=202204030807, 出走頭数=15
19:38:05 INFO: レース結果取得開始: race_id=202204030808
19:38:07 INFO: 取得完了: race_id=202204030808, 出走頭数=15
19:38:07 INFO: レース結果取得開始: race_id=202204030809
19:38:08 INFO: 取得完了: race_id=202204030809, 出走頭数=14
19:38:08 INFO: レース結果取得開始: race_id=202204030810
19:38:10 INFO: 取得完了: race_id=202204030810, 出走頭数=15
19:38:10 INFO: レース結果取得開始: race_id=202204030811
19:38:12 INFO: 取得完了: race_id=202204030811, 出走頭数=18
19:38:12 INFO: レース結果取得開始: race_id=202204030812
19:38:14 INFO: 取得完了: race_id=202204030812, 出走頭数=18
19:38:14 INFO: レース結果取得開始: race_id=202210040801
19:38:16 INFO: 取得完了: race_id=202210040801, 出走頭数=9
19:38:16 INFO: レース結果取得開始: race_id=202210040802
19:38:18 INFO: 取得完了: race_id=202210040802, 出走頭数=13
19:38:18 INFO: レース結果取得開始: race_id=202210040803
19:38:19 INFO: 取得完了: race_id=202210040803, 出走頭数=16
19:38:19 INFO: レース結果取得開始: race_id=202210040804
19:38:20 INFO: 取得完了: race_id=202210040804, 出走頭数=18
19:38:20 INFO: レース結果取得開始: race_id=202210040805
19:38:21 INFO: 取得完了: race_id=202210040805, 出走頭数=11
19:38:22 INFO: レース結果取得開始: race_id=202210040806
19:38:23 INFO: 取得完了: race_id=202210040806, 出走頭数=15
19:38:23 INFO: レース結果取得開始: race_id=202210040807
19:38:24 INFO: 取得完了: race_id=202210040807, 出走頭数=16
19:38:24 INFO: レース結果取得開始: race_id=202210040808
19:38:26 INFO: 取得完了: race_id=202210040808, 出走頭数=11
19:38:26 INFO: レース結果取得開始: race_id=202210040809
19:38:28 INFO: 取得完了: race_id=202210040809, 出走頭数=18
19:38:28 INFO: レース結果取得開始: race_id=202210040810
19:38:30 INFO: 取得完了: race_id=202210040810, 出走頭数=14
19:38:30 INFO: レース結果取得開始: race_id=202210040811
19:38:32 INFO: 取得完了: race_id=202210040811, 出走頭数=13
19:38:32 INFO: レース結果取得開始: race_id=202210040812
19:38:34 INFO: 取得完了: race_id=202210040812, 出走頭数=15
[ 2400/6912] 202210040812: 15頭  errors=0  残り≈134分
19:38:34 INFO: レース結果取得開始: race_id=202206040101
19:38:36 INFO: 取得完了: race_id=202206040101, 出走頭数=13
19:38:36 INFO: レース結果取得開始: race_id=202206040102
19:38:38 INFO: 取得完了: race_id=202206040102, 出走頭数=14
19:38:38 INFO: レース結果取得開始: race_id=202206040103
19:38:39 INFO: 取得完了: race_id=202206040103, 出走頭数=12
19:38:39 INFO: レース結果取得開始: race_id=202206040104
19:38:41 INFO: 取得完了: race_id=202206040104, 出走頭数=13
19:38:41 INFO: レース結果取得開始: race_id=202206040105
19:38:43 INFO: 取得完了: race_id=202206040105, 出走頭数=8
19:38:43 INFO: レース結果取得開始: race_id=202206040106
19:38:45 INFO: 取得完了: race_id=202206040106, 出走頭数=13
19:38:45 INFO: レース結果取得開始: race_id=202206040107
19:38:47 INFO: 取得完了: race_id=202206040107, 出走頭数=13
19:38:47 INFO: レース結果取得開始: race_id=202206040108
19:38:49 INFO: 取得完了: race_id=202206040108, 出走頭数=12
19:38:49 INFO: レース結果取得開始: race_id=202206040109
19:38:50 INFO: 取得完了: race_id=202206040109, 出走頭数=10
19:38:50 INFO: レース結果取得開始: race_id=202206040110
19:38:52 INFO: 取得完了: race_id=202206040110, 出走頭数=16
19:38:52 INFO: レース結果取得開始: race_id=202206040111
19:38:53 INFO: 取得完了: race_id=202206040111, 出走頭数=12
19:38:53 INFO: レース結果取得開始: race_id=202206040112
19:38:55 INFO: 取得完了: race_id=202206040112, 出走頭数=10
19:38:55 INFO: レース結果取得開始: race_id=202207050101
19:38:56 INFO: 取得完了: race_id=202207050101, 出走頭数=12
19:38:56 INFO: レース結果取得開始: race_id=202207050102
19:38:57 INFO: 取得完了: race_id=202207050102, 出走頭数=8
19:38:57 INFO: レース結果取得開始: race_id=202207050103
19:38:59 INFO: 取得完了: race_id=202207050103, 出走頭数=9
19:38:59 INFO: レース結果取得開始: race_id=202207050104
19:39:01 INFO: 取得完了: race_id=202207050104, 出走頭数=12
19:39:01 INFO: レース結果取得開始: race_id=202207050105
19:39:03 INFO: 取得完了: race_id=202207050105, 出走頭数=8
19:39:03 INFO: レース結果取得開始: race_id=202207050106
19:39:05 INFO: 取得完了: race_id=202207050106, 出走頭数=10
19:39:05 INFO: レース結果取得開始: race_id=202207050107
19:39:07 INFO: 取得完了: race_id=202207050107, 出走頭数=11
19:39:07 INFO: レース結果取得開始: race_id=202207050108
19:39:08 INFO: 取得完了: race_id=202207050108, 出走頭数=10
19:39:08 INFO: レース結果取得開始: race_id=202207050109
19:39:10 INFO: 取得完了: race_id=202207050109, 出走頭数=13
19:39:10 INFO: レース結果取得開始: race_id=202207050110
19:39:12 INFO: 取得完了: race_id=202207050110, 出走頭数=12
19:39:12 INFO: レース結果取得開始: race_id=202207050111
19:39:14 INFO: 取得完了: race_id=202207050111, 出走頭数=16
19:39:14 INFO: レース結果取得開始: race_id=202207050112
19:39:16 INFO: 取得完了: race_id=202207050112, 出走頭数=16
19:39:16 INFO: レース結果取得開始: race_id=202206040201
19:39:17 INFO: 取得完了: race_id=202206040201, 出走頭数=16
19:39:17 INFO: レース結果取得開始: race_id=202206040202
19:39:19 INFO: 取得完了: race_id=202206040202, 出走頭数=9
19:39:19 INFO: レース結果取得開始: race_id=202206040203
19:39:21 INFO: 取得完了: race_id=202206040203, 出走頭数=12
19:39:21 INFO: レース結果取得開始: race_id=202206040204
19:39:22 INFO: 取得完了: race_id=202206040204, 出走頭数=12
19:39:22 INFO: レース結果取得開始: race_id=202206040205
19:39:24 INFO: 取得完了: race_id=202206040205, 出走頭数=16
19:39:24 INFO: レース結果取得開始: race_id=202206040206
19:39:26 INFO: 取得完了: race_id=202206040206, 出走頭数=12
19:39:26 INFO: レース結果取得開始: race_id=202206040207
19:39:28 INFO: 取得完了: race_id=202206040207, 出走頭数=13
19:39:28 INFO: レース結果取得開始: race_id=202206040208
19:39:29 INFO: 取得完了: race_id=202206040208, 出走頭数=12
19:39:29 INFO: レース結果取得開始: race_id=202206040209
19:39:31 INFO: 取得完了: race_id=202206040209, 出走頭数=9
19:39:31 INFO: レース結果取得開始: race_id=202206040210
19:39:32 INFO: 取得完了: race_id=202206040210, 出走頭数=14
19:39:32 INFO: レース結果取得開始: race_id=202206040211
19:39:34 INFO: 取得完了: race_id=202206040211, 出走頭数=14
19:39:34 INFO: レース結果取得開始: race_id=202206040212
19:39:36 INFO: 取得完了: race_id=202206040212, 出走頭数=16
19:39:36 INFO: レース結果取得開始: race_id=202207050201
19:39:38 INFO: 取得完了: race_id=202207050201, 出走頭数=11
19:39:38 INFO: レース結果取得開始: race_id=202207050202
19:39:40 INFO: 取得完了: race_id=202207050202, 出走頭数=11
19:39:40 INFO: レース結果取得開始: race_id=202207050203
19:39:42 INFO: 取得完了: race_id=202207050203, 出走頭数=13
19:39:42 INFO: レース結果取得開始: race_id=202207050204
19:39:43 INFO: 取得完了: race_id=202207050204, 出走頭数=14
19:39:43 INFO: レース結果取得開始: race_id=202207050205
19:39:45 INFO: 取得完了: race_id=202207050205, 出走頭数=7
19:39:45 INFO: レース結果取得開始: race_id=202207050206
19:39:46 INFO: 取得完了: race_id=202207050206, 出走頭数=12
19:39:47 INFO: レース結果取得開始: race_id=202207050207
19:39:48 INFO: 取得完了: race_id=202207050207, 出走頭数=12
19:39:48 INFO: レース結果取得開始: race_id=202207050208
19:39:50 INFO: 取得完了: race_id=202207050208, 出走頭数=13
19:39:50 INFO: レース結果取得開始: race_id=202207050209
19:39:52 INFO: 取得完了: race_id=202207050209, 出走頭数=8
19:39:52 INFO: レース結果取得開始: race_id=202207050210
19:39:53 INFO: 取得完了: race_id=202207050210, 出走頭数=16
19:39:53 INFO: レース結果取得開始: race_id=202207050211
19:39:56 INFO: 取得完了: race_id=202207050211, 出走頭数=13
19:39:56 INFO: レース結果取得開始: race_id=202207050212
19:39:57 INFO: 取得完了: race_id=202207050212, 出走頭数=12
19:39:57 INFO: レース結果取得開始: race_id=202206040301
19:39:59 INFO: 取得完了: race_id=202206040301, 出走頭数=14
19:39:59 INFO: レース結果取得開始: race_id=202206040302
19:40:01 INFO: 取得完了: race_id=202206040302, 出走頭数=11
19:40:01 INFO: レース結果取得開始: race_id=202206040303
19:40:02 INFO: 取得完了: race_id=202206040303, 出走頭数=16
19:40:02 INFO: レース結果取得開始: race_id=202206040304
19:40:04 INFO: 取得完了: race_id=202206040304, 出走頭数=10
19:40:04 INFO: レース結果取得開始: race_id=202206040305
19:40:06 INFO: 取得完了: race_id=202206040305, 出走頭数=13
19:40:06 INFO: レース結果取得開始: race_id=202206040306
19:40:08 INFO: 取得完了: race_id=202206040306, 出走頭数=15
19:40:08 INFO: レース結果取得開始: race_id=202206040307
19:40:10 INFO: 取得完了: race_id=202206040307, 出走頭数=8
19:40:10 INFO: レース結果取得開始: race_id=202206040308
19:40:12 INFO: 取得完了: race_id=202206040308, 出走頭数=11
19:40:12 INFO: レース結果取得開始: race_id=202206040309
19:40:14 INFO: 取得完了: race_id=202206040309, 出走頭数=15
19:40:14 INFO: レース結果取得開始: race_id=202206040310
19:40:15 INFO: 取得完了: race_id=202206040310, 出走頭数=10
19:40:15 INFO: レース結果取得開始: race_id=202206040311
19:40:17 INFO: 取得完了: race_id=202206040311, 出走頭数=16
19:40:17 INFO: レース結果取得開始: race_id=202206040312
19:40:19 INFO: 取得完了: race_id=202206040312, 出走頭数=12
19:40:19 INFO: レース結果取得開始: race_id=202207050301
19:40:21 INFO: 取得完了: race_id=202207050301, 出走頭数=10
19:40:21 INFO: レース結果取得開始: race_id=202207050302
19:40:22 INFO: 取得完了: race_id=202207050302, 出走頭数=8
19:40:22 INFO: レース結果取得開始: race_id=202207050303
19:40:24 INFO: 取得完了: race_id=202207050303, 出走頭数=14
19:40:24 INFO: レース結果取得開始: race_id=202207050304
19:40:26 INFO: 取得完了: race_id=202207050304, 出走頭数=11
19:40:26 INFO: レース結果取得開始: race_id=202207050305
19:40:28 INFO: 取得完了: race_id=202207050305, 出走頭数=10
19:40:28 INFO: レース結果取得開始: race_id=202207050306
19:40:30 INFO: 取得完了: race_id=202207050306, 出走頭数=12
19:40:30 INFO: レース結果取得開始: race_id=202207050307
19:40:32 INFO: 取得完了: race_id=202207050307, 出走頭数=14
19:40:32 INFO: レース結果取得開始: race_id=202207050308
19:40:34 INFO: 取得完了: race_id=202207050308, 出走頭数=14
19:40:34 INFO: レース結果取得開始: race_id=202207050309
19:40:36 INFO: 取得完了: race_id=202207050309, 出走頭数=11
19:40:36 INFO: レース結果取得開始: race_id=202207050310
19:40:38 INFO: 取得完了: race_id=202207050310, 出走頭数=15
19:40:38 INFO: レース結果取得開始: race_id=202207050311
19:40:40 INFO: 取得完了: race_id=202207050311, 出走頭数=10
19:40:40 INFO: レース結果取得開始: race_id=202207050312
19:40:42 INFO: 取得完了: race_id=202207050312, 出走頭数=16
19:40:42 INFO: レース結果取得開始: race_id=202206040401
19:40:43 INFO: 取得完了: race_id=202206040401, 出走頭数=12
19:40:43 INFO: レース結果取得開始: race_id=202206040402
19:40:45 INFO: 取得完了: race_id=202206040402, 出走頭数=14
19:40:45 INFO: レース結果取得開始: race_id=202206040403
19:40:47 INFO: 取得完了: race_id=202206040403, 出走頭数=12
19:40:47 INFO: レース結果取得開始: race_id=202206040404
19:40:48 INFO: 取得完了: race_id=202206040404, 出走頭数=16
19:40:48 INFO: レース結果取得開始: race_id=202206040405
19:40:51 INFO: 取得完了: race_id=202206040405, 出走頭数=16
19:40:51 INFO: レース結果取得開始: race_id=202206040406
19:40:53 INFO: 取得完了: race_id=202206040406, 出走頭数=12
19:40:53 INFO: レース結果取得開始: race_id=202206040407
19:40:54 INFO: 取得完了: race_id=202206040407, 出走頭数=13
19:40:54 INFO: レース結果取得開始: race_id=202206040408
19:40:56 INFO: 取得完了: race_id=202206040408, 出走頭数=14
19:40:56 INFO: レース結果取得開始: race_id=202206040409
19:40:58 INFO: 取得完了: race_id=202206040409, 出走頭数=16
19:40:58 INFO: レース結果取得開始: race_id=202206040410
19:41:00 INFO: 取得完了: race_id=202206040410, 出走頭数=15
19:41:00 INFO: レース結果取得開始: race_id=202206040411
19:41:02 INFO: 取得完了: race_id=202206040411, 出走頭数=16
19:41:02 INFO: レース結果取得開始: race_id=202206040412
19:41:04 INFO: 取得完了: race_id=202206040412, 出走頭数=16
19:41:04 INFO: レース結果取得開始: race_id=202207050401
19:41:06 INFO: 取得完了: race_id=202207050401, 出走頭数=10
19:41:06 INFO: レース結果取得開始: race_id=202207050402
19:41:08 INFO: 取得完了: race_id=202207050402, 出走頭数=7
19:41:08 INFO: レース結果取得開始: race_id=202207050403
19:41:09 INFO: 取得完了: race_id=202207050403, 出走頭数=8
19:41:09 INFO: レース結果取得開始: race_id=202207050404
19:41:11 INFO: 取得完了: race_id=202207050404, 出走頭数=13
19:41:11 INFO: レース結果取得開始: race_id=202207050405
19:41:13 INFO: 取得完了: race_id=202207050405, 出走頭数=11
19:41:13 INFO: レース結果取得開始: race_id=202207050406
19:41:14 INFO: 取得完了: race_id=202207050406, 出走頭数=11
19:41:14 INFO: レース結果取得開始: race_id=202207050407
19:41:16 INFO: 取得完了: race_id=202207050407, 出走頭数=15
19:41:16 INFO: レース結果取得開始: race_id=202207050408
19:41:18 INFO: 取得完了: race_id=202207050408, 出走頭数=15
19:41:18 INFO: レース結果取得開始: race_id=202207050409
19:41:20 INFO: 取得完了: race_id=202207050409, 出走頭数=11
19:41:20 INFO: レース結果取得開始: race_id=202207050410
19:41:22 INFO: 取得完了: race_id=202207050410, 出走頭数=13
19:41:22 INFO: レース結果取得開始: race_id=202207050411
19:41:24 INFO: 取得完了: race_id=202207050411, 出走頭数=14
19:41:24 INFO: レース結果取得開始: race_id=202207050412
19:41:26 INFO: 取得完了: race_id=202207050412, 出走頭数=16
19:41:26 INFO: レース結果取得開始: race_id=202206040501
19:41:28 INFO: 取得完了: race_id=202206040501, 出走頭数=10
19:41:28 INFO: レース結果取得開始: race_id=202206040502
19:41:30 INFO: 取得完了: race_id=202206040502, 出走頭数=13
19:41:30 INFO: レース結果取得開始: race_id=202206040503
19:41:32 INFO: 取得完了: race_id=202206040503, 出走頭数=11
19:41:32 INFO: レース結果取得開始: race_id=202206040504
19:41:33 INFO: 取得完了: race_id=202206040504, 出走頭数=14
[ 2500/6912] 202206040504: 14頭  errors=0  残り≈131分
19:41:33 INFO: レース結果取得開始: race_id=202206040505
19:41:35 INFO: 取得完了: race_id=202206040505, 出走頭数=12
19:41:35 INFO: レース結果取得開始: race_id=202206040506
19:41:37 INFO: 取得完了: race_id=202206040506, 出走頭数=10
19:41:37 INFO: レース結果取得開始: race_id=202206040507
19:41:38 INFO: 取得完了: race_id=202206040507, 出走頭数=9
19:41:38 INFO: レース結果取得開始: race_id=202206040508
19:41:39 INFO: 取得完了: race_id=202206040508, 出走頭数=16
19:41:39 INFO: レース結果取得開始: race_id=202206040509
19:41:41 INFO: 取得完了: race_id=202206040509, 出走頭数=15
19:41:41 INFO: レース結果取得開始: race_id=202206040510
19:41:43 INFO: 取得完了: race_id=202206040510, 出走頭数=10
19:41:43 INFO: レース結果取得開始: race_id=202206040511
19:41:45 INFO: 取得完了: race_id=202206040511, 出走頭数=13
19:41:45 INFO: レース結果取得開始: race_id=202206040512
19:41:46 INFO: 取得完了: race_id=202206040512, 出走頭数=15
19:41:46 INFO: レース結果取得開始: race_id=202207050501
19:41:48 INFO: 取得完了: race_id=202207050501, 出走頭数=10
19:41:48 INFO: レース結果取得開始: race_id=202207050502
19:41:50 INFO: 取得完了: race_id=202207050502, 出走頭数=10
19:41:50 INFO: レース結果取得開始: race_id=202207050503
19:41:52 INFO: 取得完了: race_id=202207050503, 出走頭数=8
19:41:52 INFO: レース結果取得開始: race_id=202207050504
19:41:54 INFO: 取得完了: race_id=202207050504, 出走頭数=12
19:41:54 INFO: レース結果取得開始: race_id=202207050505
19:41:56 INFO: 取得完了: race_id=202207050505, 出走頭数=14
19:41:56 INFO: レース結果取得開始: race_id=202207050506
19:41:57 INFO: 取得完了: race_id=202207050506, 出走頭数=11
19:41:57 INFO: レース結果取得開始: race_id=202207050507
19:41:59 INFO: 取得完了: race_id=202207050507, 出走頭数=15
19:41:59 INFO: レース結果取得開始: race_id=202207050508
19:42:01 INFO: 取得完了: race_id=202207050508, 出走頭数=12
19:42:01 INFO: レース結果取得開始: race_id=202207050509
19:42:03 INFO: 取得完了: race_id=202207050509, 出走頭数=8
19:42:03 INFO: レース結果取得開始: race_id=202207050510
19:42:04 INFO: 取得完了: race_id=202207050510, 出走頭数=11
19:42:04 INFO: レース結果取得開始: race_id=202207050511
19:42:06 INFO: 取得完了: race_id=202207050511, 出走頭数=16
19:42:06 INFO: レース結果取得開始: race_id=202207050512
19:42:07 INFO: 取得完了: race_id=202207050512, 出走頭数=15
19:42:07 INFO: レース結果取得開始: race_id=202206040601
19:42:09 INFO: 取得完了: race_id=202206040601, 出走頭数=15
19:42:09 INFO: レース結果取得開始: race_id=202206040602
19:42:11 INFO: 取得完了: race_id=202206040602, 出走頭数=16
19:42:11 INFO: レース結果取得開始: race_id=202206040603
19:42:13 INFO: 取得完了: race_id=202206040603, 出走頭数=16
19:42:13 INFO: レース結果取得開始: race_id=202206040604
19:42:15 INFO: 取得完了: race_id=202206040604, 出走頭数=16
19:42:15 INFO: レース結果取得開始: race_id=202206040605
19:42:16 INFO: 取得完了: race_id=202206040605, 出走頭数=16
19:42:16 INFO: レース結果取得開始: race_id=202206040606
19:42:18 INFO: 取得完了: race_id=202206040606, 出走頭数=11
19:42:18 INFO: レース結果取得開始: race_id=202206040607
19:42:20 INFO: 取得完了: race_id=202206040607, 出走頭数=12
19:42:20 INFO: レース結果取得開始: race_id=202206040608
19:42:22 INFO: 取得完了: race_id=202206040608, 出走頭数=14
19:42:22 INFO: レース結果取得開始: race_id=202206040609
19:42:23 INFO: 取得完了: race_id=202206040609, 出走頭数=10
19:42:23 INFO: レース結果取得開始: race_id=202206040610
19:42:25 INFO: 取得完了: race_id=202206040610, 出走頭数=12
19:42:25 INFO: レース結果取得開始: race_id=202206040611
19:42:27 INFO: 取得完了: race_id=202206040611, 出走頭数=16
19:42:27 INFO: レース結果取得開始: race_id=202206040612
19:42:29 INFO: 取得完了: race_id=202206040612, 出走頭数=16
19:42:29 INFO: レース結果取得開始: race_id=202207050601
19:42:31 INFO: 取得完了: race_id=202207050601, 出走頭数=10
19:42:31 INFO: レース結果取得開始: race_id=202207050602
19:42:33 INFO: 取得完了: race_id=202207050602, 出走頭数=13
19:42:33 INFO: レース結果取得開始: race_id=202207050603
19:42:35 INFO: 取得完了: race_id=202207050603, 出走頭数=11
19:42:35 INFO: レース結果取得開始: race_id=202207050604
19:42:37 INFO: 取得完了: race_id=202207050604, 出走頭数=10
19:42:37 INFO: レース結果取得開始: race_id=202207050605
19:42:38 INFO: 取得完了: race_id=202207050605, 出走頭数=14
19:42:38 INFO: レース結果取得開始: race_id=202207050606
19:42:40 INFO: 取得完了: race_id=202207050606, 出走頭数=9
19:42:40 INFO: レース結果取得開始: race_id=202207050607
19:42:42 INFO: 取得完了: race_id=202207050607, 出走頭数=16
19:42:42 INFO: レース結果取得開始: race_id=202207050608
19:42:43 INFO: 取得完了: race_id=202207050608, 出走頭数=16
19:42:43 INFO: レース結果取得開始: race_id=202207050609
19:42:45 INFO: 取得完了: race_id=202207050609, 出走頭数=7
19:42:45 INFO: レース結果取得開始: race_id=202207050610
19:42:47 INFO: 取得完了: race_id=202207050610, 出走頭数=11
19:42:47 INFO: レース結果取得開始: race_id=202207050611
19:42:49 INFO: 取得完了: race_id=202207050611, 出走頭数=17
19:42:49 INFO: レース結果取得開始: race_id=202207050612
19:42:51 INFO: 取得完了: race_id=202207050612, 出走頭数=13
19:42:51 INFO: レース結果取得開始: race_id=202206040701
19:42:53 INFO: 取得完了: race_id=202206040701, 出走頭数=11
19:42:53 INFO: レース結果取得開始: race_id=202206040702
19:42:55 INFO: 取得完了: race_id=202206040702, 出走頭数=16
19:42:55 INFO: レース結果取得開始: race_id=202206040703
19:42:57 INFO: 取得完了: race_id=202206040703, 出走頭数=14
19:42:57 INFO: レース結果取得開始: race_id=202206040704
19:42:59 INFO: 取得完了: race_id=202206040704, 出走頭数=16
19:42:59 INFO: レース結果取得開始: race_id=202206040705
19:43:01 INFO: 取得完了: race_id=202206040705, 出走頭数=10
19:43:01 INFO: レース結果取得開始: race_id=202206040706
19:43:03 INFO: 取得完了: race_id=202206040706, 出走頭数=16
19:43:03 INFO: レース結果取得開始: race_id=202206040707
19:43:05 INFO: 取得完了: race_id=202206040707, 出走頭数=16
19:43:05 INFO: レース結果取得開始: race_id=202206040708
19:43:07 INFO: 取得完了: race_id=202206040708, 出走頭数=13
19:43:07 INFO: レース結果取得開始: race_id=202206040709
19:43:09 INFO: 取得完了: race_id=202206040709, 出走頭数=13
19:43:09 INFO: レース結果取得開始: race_id=202206040710
19:43:11 INFO: 取得完了: race_id=202206040710, 出走頭数=16
19:43:11 INFO: レース結果取得開始: race_id=202206040711
19:43:12 INFO: 取得完了: race_id=202206040711, 出走頭数=13
19:43:12 INFO: レース結果取得開始: race_id=202206040712
19:43:14 INFO: 取得完了: race_id=202206040712, 出走頭数=16
19:43:14 INFO: レース結果取得開始: race_id=202207050701
19:43:15 INFO: 取得完了: race_id=202207050701, 出走頭数=12
19:43:15 INFO: レース結果取得開始: race_id=202207050702
19:43:17 INFO: 取得完了: race_id=202207050702, 出走頭数=13
19:43:17 INFO: レース結果取得開始: race_id=202207050703
19:43:20 INFO: 取得完了: race_id=202207050703, 出走頭数=15
19:43:20 INFO: レース結果取得開始: race_id=202207050704
19:43:21 INFO: 取得完了: race_id=202207050704, 出走頭数=8
19:43:21 INFO: レース結果取得開始: race_id=202207050705
19:43:23 INFO: 取得完了: race_id=202207050705, 出走頭数=8
19:43:23 INFO: レース結果取得開始: race_id=202207050706
19:43:24 INFO: 取得完了: race_id=202207050706, 出走頭数=16
19:43:24 INFO: レース結果取得開始: race_id=202207050707
19:43:26 INFO: 取得完了: race_id=202207050707, 出走頭数=11
19:43:26 INFO: レース結果取得開始: race_id=202207050708
19:43:28 INFO: 取得完了: race_id=202207050708, 出走頭数=13
19:43:28 INFO: レース結果取得開始: race_id=202207050709
19:43:30 INFO: 取得完了: race_id=202207050709, 出走頭数=17
19:43:30 INFO: レース結果取得開始: race_id=202207050710
19:43:32 INFO: 取得完了: race_id=202207050710, 出走頭数=16
19:43:32 INFO: レース結果取得開始: race_id=202207050711
19:43:34 INFO: 取得完了: race_id=202207050711, 出走頭数=17
19:43:34 INFO: レース結果取得開始: race_id=202207050712
19:43:35 INFO: 取得完了: race_id=202207050712, 出走頭数=16
19:43:35 INFO: レース結果取得開始: race_id=202206040801
19:43:37 INFO: 取得完了: race_id=202206040801, 出走頭数=12
19:43:37 INFO: レース結果取得開始: race_id=202206040802
19:43:38 INFO: 取得完了: race_id=202206040802, 出走頭数=16
19:43:38 INFO: レース結果取得開始: race_id=202206040803
19:43:40 INFO: 取得完了: race_id=202206040803, 出走頭数=15
19:43:40 INFO: レース結果取得開始: race_id=202206040804
19:43:42 INFO: 取得完了: race_id=202206040804, 出走頭数=17
19:43:42 INFO: レース結果取得開始: race_id=202206040805
19:43:44 INFO: 取得完了: race_id=202206040805, 出走頭数=16
19:43:44 INFO: レース結果取得開始: race_id=202206040806
19:43:46 INFO: 取得完了: race_id=202206040806, 出走頭数=16
19:43:46 INFO: レース結果取得開始: race_id=202206040807
19:43:48 INFO: 取得完了: race_id=202206040807, 出走頭数=8
19:43:48 INFO: レース結果取得開始: race_id=202206040808
19:43:49 INFO: 取得完了: race_id=202206040808, 出走頭数=16
19:43:49 INFO: レース結果取得開始: race_id=202206040809
19:43:51 INFO: 取得完了: race_id=202206040809, 出走頭数=7
19:43:51 INFO: レース結果取得開始: race_id=202206040810
19:43:53 INFO: 取得完了: race_id=202206040810, 出走頭数=14
19:43:53 INFO: レース結果取得開始: race_id=202206040811
19:43:54 INFO: 取得完了: race_id=202206040811, 出走頭数=16
19:43:54 INFO: レース結果取得開始: race_id=202206040812
19:43:56 INFO: 取得完了: race_id=202206040812, 出走頭数=16
19:43:56 INFO: レース結果取得開始: race_id=202207050801
19:43:57 INFO: 取得完了: race_id=202207050801, 出走頭数=15
19:43:57 INFO: レース結果取得開始: race_id=202207050802
19:43:59 INFO: 取得完了: race_id=202207050802, 出走頭数=10
19:43:59 INFO: レース結果取得開始: race_id=202207050803
19:44:01 INFO: 取得完了: race_id=202207050803, 出走頭数=12
19:44:01 INFO: レース結果取得開始: race_id=202207050804
19:44:03 INFO: 取得完了: race_id=202207050804, 出走頭数=16
19:44:03 INFO: レース結果取得開始: race_id=202207050805
19:44:05 INFO: 取得完了: race_id=202207050805, 出走頭数=14
19:44:05 INFO: レース結果取得開始: race_id=202207050806
19:44:07 INFO: 取得完了: race_id=202207050806, 出走頭数=16
19:44:07 INFO: レース結果取得開始: race_id=202207050807
19:44:09 INFO: 取得完了: race_id=202207050807, 出走頭数=14
19:44:09 INFO: レース結果取得開始: race_id=202207050808
19:44:11 INFO: 取得完了: race_id=202207050808, 出走頭数=15
19:44:11 INFO: レース結果取得開始: race_id=202207050809
19:44:13 INFO: 取得完了: race_id=202207050809, 出走頭数=9
19:44:13 INFO: レース結果取得開始: race_id=202207050810
19:44:14 INFO: 取得完了: race_id=202207050810, 出走頭数=17
19:44:14 INFO: レース結果取得開始: race_id=202207050811
19:44:15 INFO: 取得完了: race_id=202207050811, 出走頭数=16
19:44:15 INFO: レース結果取得開始: race_id=202207050812
19:44:17 INFO: 取得完了: race_id=202207050812, 出走頭数=13
19:44:17 INFO: レース結果取得開始: race_id=202206040901
19:44:19 INFO: 取得完了: race_id=202206040901, 出走頭数=16
19:44:19 INFO: レース結果取得開始: race_id=202206040902
19:44:20 INFO: 取得完了: race_id=202206040902, 出走頭数=14
19:44:20 INFO: レース結果取得開始: race_id=202206040903
19:44:22 INFO: 取得完了: race_id=202206040903, 出走頭数=16
19:44:22 INFO: レース結果取得開始: race_id=202206040904
19:44:24 INFO: 取得完了: race_id=202206040904, 出走頭数=15
19:44:24 INFO: レース結果取得開始: race_id=202206040905
19:44:25 INFO: 取得完了: race_id=202206040905, 出走頭数=14
19:44:25 INFO: レース結果取得開始: race_id=202206040906
19:44:27 INFO: 取得完了: race_id=202206040906, 出走頭数=16
19:44:27 INFO: レース結果取得開始: race_id=202206040907
19:44:29 INFO: 取得完了: race_id=202206040907, 出走頭数=12
19:44:29 INFO: レース結果取得開始: race_id=202206040908
19:44:31 INFO: 取得完了: race_id=202206040908, 出走頭数=16
[ 2600/6912] 202206040908: 16頭  errors=0  残り≈128分
19:44:31 INFO: レース結果取得開始: race_id=202206040909
19:44:32 INFO: 取得完了: race_id=202206040909, 出走頭数=8
19:44:32 INFO: レース結果取得開始: race_id=202206040910
19:44:34 INFO: 取得完了: race_id=202206040910, 出走頭数=14
19:44:34 INFO: レース結果取得開始: race_id=202206040911
19:44:36 INFO: 取得完了: race_id=202206040911, 出走頭数=16
19:44:36 INFO: レース結果取得開始: race_id=202206040912
19:44:37 INFO: 取得完了: race_id=202206040912, 出走頭数=15
19:44:37 INFO: レース結果取得開始: race_id=202207050901
19:44:39 INFO: 取得完了: race_id=202207050901, 出走頭数=11
19:44:39 INFO: レース結果取得開始: race_id=202207050902
19:44:41 INFO: 取得完了: race_id=202207050902, 出走頭数=11
19:44:41 INFO: レース結果取得開始: race_id=202207050903
19:44:43 INFO: 取得完了: race_id=202207050903, 出走頭数=13
19:44:43 INFO: レース結果取得開始: race_id=202207050904
19:44:44 INFO: 取得完了: race_id=202207050904, 出走頭数=13
19:44:44 INFO: レース結果取得開始: race_id=202207050905
19:44:46 INFO: 取得完了: race_id=202207050905, 出走頭数=14
19:44:46 INFO: レース結果取得開始: race_id=202207050906
19:44:48 INFO: 取得完了: race_id=202207050906, 出走頭数=15
19:44:48 INFO: レース結果取得開始: race_id=202207050907
19:44:50 INFO: 取得完了: race_id=202207050907, 出走頭数=16
19:44:50 INFO: レース結果取得開始: race_id=202207050908
19:44:52 INFO: 取得完了: race_id=202207050908, 出走頭数=17
19:44:52 INFO: レース結果取得開始: race_id=202207050909
19:44:53 INFO: 取得完了: race_id=202207050909, 出走頭数=10
19:44:53 INFO: レース結果取得開始: race_id=202207050910
19:44:55 INFO: 取得完了: race_id=202207050910, 出走頭数=15
19:44:55 INFO: レース結果取得開始: race_id=202207050911
19:44:57 INFO: 取得完了: race_id=202207050911, 出走頭数=12
19:44:57 INFO: レース結果取得開始: race_id=202207050912
19:44:59 INFO: 取得完了: race_id=202207050912, 出走頭数=16
19:44:59 INFO: レース結果取得開始: race_id=202205040101
19:45:01 INFO: 取得完了: race_id=202205040101, 出走頭数=16
19:45:01 INFO: レース結果取得開始: race_id=202205040102
19:45:03 INFO: 取得完了: race_id=202205040102, 出走頭数=15
19:45:03 INFO: レース結果取得開始: race_id=202205040103
19:45:05 INFO: 取得完了: race_id=202205040103, 出走頭数=16
19:45:05 INFO: レース結果取得開始: race_id=202205040104
19:45:07 INFO: 取得完了: race_id=202205040104, 出走頭数=16
19:45:07 INFO: レース結果取得開始: race_id=202205040105
19:45:09 INFO: 取得完了: race_id=202205040105, 出走頭数=17
19:45:09 INFO: レース結果取得開始: race_id=202205040106
19:45:10 INFO: 取得完了: race_id=202205040106, 出走頭数=18
19:45:10 INFO: レース結果取得開始: race_id=202205040107
19:45:12 INFO: 取得完了: race_id=202205040107, 出走頭数=16
19:45:12 INFO: レース結果取得開始: race_id=202205040108
19:45:14 INFO: 取得完了: race_id=202205040108, 出走頭数=13
19:45:14 INFO: レース結果取得開始: race_id=202205040109
19:45:15 INFO: 取得完了: race_id=202205040109, 出走頭数=13
19:45:15 INFO: レース結果取得開始: race_id=202205040110
19:45:17 INFO: 取得完了: race_id=202205040110, 出走頭数=16
19:45:17 INFO: レース結果取得開始: race_id=202205040111
19:45:18 INFO: 取得完了: race_id=202205040111, 出走頭数=9
19:45:18 INFO: レース結果取得開始: race_id=202205040112
19:45:20 INFO: 取得完了: race_id=202205040112, 出走頭数=16
19:45:20 INFO: レース結果取得開始: race_id=202209040101
19:45:23 INFO: 取得完了: race_id=202209040101, 出走頭数=10
19:45:23 INFO: レース結果取得開始: race_id=202209040102
19:45:24 INFO: 取得完了: race_id=202209040102, 出走頭数=10
19:45:24 INFO: レース結果取得開始: race_id=202209040103
19:45:27 INFO: 取得完了: race_id=202209040103, 出走頭数=10
19:45:27 INFO: レース結果取得開始: race_id=202209040104
19:45:28 INFO: 取得完了: race_id=202209040104, 出走頭数=7
19:45:28 INFO: レース結果取得開始: race_id=202209040105
19:45:30 INFO: 取得完了: race_id=202209040105, 出走頭数=18
19:45:30 INFO: レース結果取得開始: race_id=202209040106
19:45:31 INFO: 取得完了: race_id=202209040106, 出走頭数=11
19:45:31 INFO: レース結果取得開始: race_id=202209040107
19:45:34 INFO: 取得完了: race_id=202209040107, 出走頭数=14
19:45:34 INFO: レース結果取得開始: race_id=202209040108
19:45:35 INFO: 取得完了: race_id=202209040108, 出走頭数=16
19:45:35 INFO: レース結果取得開始: race_id=202209040109
19:45:37 INFO: 取得完了: race_id=202209040109, 出走頭数=13
19:45:37 INFO: レース結果取得開始: race_id=202209040110
19:45:39 INFO: 取得完了: race_id=202209040110, 出走頭数=18
19:45:39 INFO: レース結果取得開始: race_id=202209040111
19:45:41 INFO: 取得完了: race_id=202209040111, 出走頭数=16
19:45:41 INFO: レース結果取得開始: race_id=202209040112
19:45:43 INFO: 取得完了: race_id=202209040112, 出走頭数=13
19:45:43 INFO: レース結果取得開始: race_id=202205040201
19:45:44 INFO: 取得完了: race_id=202205040201, 出走頭数=16
19:45:44 INFO: レース結果取得開始: race_id=202205040202
19:45:46 INFO: 取得完了: race_id=202205040202, 出走頭数=12
19:45:46 INFO: レース結果取得開始: race_id=202205040203
19:45:47 INFO: 取得完了: race_id=202205040203, 出走頭数=9
19:45:47 INFO: レース結果取得開始: race_id=202205040204
19:45:49 INFO: 取得完了: race_id=202205040204, 出走頭数=16
19:45:49 INFO: レース結果取得開始: race_id=202205040205
19:45:51 INFO: 取得完了: race_id=202205040205, 出走頭数=15
19:45:51 INFO: レース結果取得開始: race_id=202205040206
19:45:52 INFO: 取得完了: race_id=202205040206, 出走頭数=16
19:45:52 INFO: レース結果取得開始: race_id=202205040207
19:45:53 INFO: 取得完了: race_id=202205040207, 出走頭数=14
19:45:53 INFO: レース結果取得開始: race_id=202205040208
19:45:55 INFO: 取得完了: race_id=202205040208, 出走頭数=13
19:45:55 INFO: レース結果取得開始: race_id=202205040209
19:45:57 INFO: 取得完了: race_id=202205040209, 出走頭数=11
19:45:57 INFO: レース結果取得開始: race_id=202205040210
19:45:59 INFO: 取得完了: race_id=202205040210, 出走頭数=16
19:45:59 INFO: レース結果取得開始: race_id=202205040211
19:46:00 INFO: 取得完了: race_id=202205040211, 出走頭数=10
19:46:00 INFO: レース結果取得開始: race_id=202205040212
19:46:02 INFO: 取得完了: race_id=202205040212, 出走頭数=16
19:46:02 INFO: レース結果取得開始: race_id=202209040201
19:46:03 INFO: 取得完了: race_id=202209040201, 出走頭数=8
19:46:03 INFO: レース結果取得開始: race_id=202209040202
19:46:05 INFO: 取得完了: race_id=202209040202, 出走頭数=10
19:46:05 INFO: レース結果取得開始: race_id=202209040203
19:46:06 INFO: 取得完了: race_id=202209040203, 出走頭数=11
19:46:06 INFO: レース結果取得開始: race_id=202209040204
19:46:07 INFO: 取得完了: race_id=202209040204, 出走頭数=7
19:46:07 INFO: レース結果取得開始: race_id=202209040205
19:46:09 INFO: 取得完了: race_id=202209040205, 出走頭数=9
19:46:09 INFO: レース結果取得開始: race_id=202209040206
19:46:11 INFO: 取得完了: race_id=202209040206, 出走頭数=16
19:46:11 INFO: レース結果取得開始: race_id=202209040207
19:46:13 INFO: 取得完了: race_id=202209040207, 出走頭数=16
19:46:13 INFO: レース結果取得開始: race_id=202209040208
19:46:14 INFO: 取得完了: race_id=202209040208, 出走頭数=7
19:46:14 INFO: レース結果取得開始: race_id=202209040209
19:46:16 INFO: 取得完了: race_id=202209040209, 出走頭数=15
19:46:16 INFO: レース結果取得開始: race_id=202209040210
19:46:18 INFO: 取得完了: race_id=202209040210, 出走頭数=15
19:46:18 INFO: レース結果取得開始: race_id=202209040211
19:46:20 INFO: 取得完了: race_id=202209040211, 出走頭数=16
19:46:20 INFO: レース結果取得開始: race_id=202209040212
19:46:22 INFO: 取得完了: race_id=202209040212, 出走頭数=16
19:46:22 INFO: レース結果取得開始: race_id=202205040301
19:46:23 INFO: 取得完了: race_id=202205040301, 出走頭数=14
19:46:23 INFO: レース結果取得開始: race_id=202205040302
19:46:25 INFO: 取得完了: race_id=202205040302, 出走頭数=14
19:46:25 INFO: レース結果取得開始: race_id=202205040303
19:46:27 INFO: 取得完了: race_id=202205040303, 出走頭数=8
19:46:27 INFO: レース結果取得開始: race_id=202205040304
19:46:29 INFO: 取得完了: race_id=202205040304, 出走頭数=9
19:46:29 INFO: レース結果取得開始: race_id=202205040305
19:46:31 INFO: 取得完了: race_id=202205040305, 出走頭数=13
19:46:31 INFO: レース結果取得開始: race_id=202205040306
19:46:32 INFO: 取得完了: race_id=202205040306, 出走頭数=16
19:46:32 INFO: レース結果取得開始: race_id=202205040307
19:46:34 INFO: 取得完了: race_id=202205040307, 出走頭数=13
19:46:34 INFO: レース結果取得開始: race_id=202205040308
19:46:36 INFO: 取得完了: race_id=202205040308, 出走頭数=18
19:46:36 INFO: レース結果取得開始: race_id=202205040309
19:46:38 INFO: 取得完了: race_id=202205040309, 出走頭数=16
19:46:38 INFO: レース結果取得開始: race_id=202205040310
19:46:39 INFO: 取得完了: race_id=202205040310, 出走頭数=10
19:46:39 INFO: レース結果取得開始: race_id=202205040311
19:46:41 INFO: 取得完了: race_id=202205040311, 出走頭数=16
19:46:41 INFO: レース結果取得開始: race_id=202205040312
19:46:43 INFO: 取得完了: race_id=202205040312, 出走頭数=16
19:46:43 INFO: レース結果取得開始: race_id=202209040301
19:46:44 INFO: 取得完了: race_id=202209040301, 出走頭数=12
19:46:44 INFO: レース結果取得開始: race_id=202209040302
19:46:47 INFO: 取得完了: race_id=202209040302, 出走頭数=11
19:46:47 INFO: レース結果取得開始: race_id=202209040303
19:46:48 INFO: 取得完了: race_id=202209040303, 出走頭数=12
19:46:48 INFO: レース結果取得開始: race_id=202209040304
19:46:50 INFO: 取得完了: race_id=202209040304, 出走頭数=13
19:46:50 INFO: レース結果取得開始: race_id=202209040305
19:46:52 INFO: 取得完了: race_id=202209040305, 出走頭数=9
19:46:52 INFO: レース結果取得開始: race_id=202209040306
19:46:53 INFO: 取得完了: race_id=202209040306, 出走頭数=11
19:46:53 INFO: レース結果取得開始: race_id=202209040307
19:46:55 INFO: 取得完了: race_id=202209040307, 出走頭数=14
19:46:55 INFO: レース結果取得開始: race_id=202209040308
19:46:57 INFO: 取得完了: race_id=202209040308, 出走頭数=6
19:46:57 INFO: レース結果取得開始: race_id=202209040309
19:46:59 INFO: 取得完了: race_id=202209040309, 出走頭数=11
19:46:59 INFO: レース結果取得開始: race_id=202209040310
19:47:01 INFO: 取得完了: race_id=202209040310, 出走頭数=12
19:47:01 INFO: レース結果取得開始: race_id=202209040311
19:47:02 INFO: 取得完了: race_id=202209040311, 出走頭数=14
19:47:02 INFO: レース結果取得開始: race_id=202209040312
19:47:04 INFO: 取得完了: race_id=202209040312, 出走頭数=15
19:47:04 INFO: レース結果取得開始: race_id=202204040101
19:47:06 INFO: 取得完了: race_id=202204040101, 出走頭数=11
19:47:06 INFO: レース結果取得開始: race_id=202204040102
19:47:08 INFO: 取得完了: race_id=202204040102, 出走頭数=15
19:47:08 INFO: レース結果取得開始: race_id=202204040103
19:47:10 INFO: 取得完了: race_id=202204040103, 出走頭数=15
19:47:10 INFO: レース結果取得開始: race_id=202204040104
19:47:11 INFO: 取得完了: race_id=202204040104, 出走頭数=10
19:47:11 INFO: レース結果取得開始: race_id=202204040105
19:47:13 INFO: 取得完了: race_id=202204040105, 出走頭数=17
19:47:13 INFO: レース結果取得開始: race_id=202204040106
19:47:15 INFO: 取得完了: race_id=202204040106, 出走頭数=11
19:47:15 INFO: レース結果取得開始: race_id=202204040107
19:47:17 INFO: 取得完了: race_id=202204040107, 出走頭数=14
19:47:17 INFO: レース結果取得開始: race_id=202204040108
19:47:19 INFO: 取得完了: race_id=202204040108, 出走頭数=13
19:47:19 INFO: レース結果取得開始: race_id=202204040109
19:47:21 INFO: 取得完了: race_id=202204040109, 出走頭数=13
19:47:21 INFO: レース結果取得開始: race_id=202204040110
19:47:23 INFO: 取得完了: race_id=202204040110, 出走頭数=18
19:47:23 INFO: レース結果取得開始: race_id=202204040111
19:47:24 INFO: 取得完了: race_id=202204040111, 出走頭数=18
19:47:24 INFO: レース結果取得開始: race_id=202204040112
19:47:26 INFO: 取得完了: race_id=202204040112, 出走頭数=13
[ 2700/6912] 202204040112: 13頭  errors=0  残り≈125分
19:47:26 INFO: レース結果取得開始: race_id=202205040401
19:47:28 INFO: 取得完了: race_id=202205040401, 出走頭数=9
19:47:28 INFO: レース結果取得開始: race_id=202205040402
19:47:30 INFO: 取得完了: race_id=202205040402, 出走頭数=7
19:47:30 INFO: レース結果取得開始: race_id=202205040403
19:47:32 INFO: 取得完了: race_id=202205040403, 出走頭数=18
19:47:32 INFO: レース結果取得開始: race_id=202205040404
19:47:33 INFO: 取得完了: race_id=202205040404, 出走頭数=12
19:47:33 INFO: レース結果取得開始: race_id=202205040405
19:47:35 INFO: 取得完了: race_id=202205040405, 出走頭数=11
19:47:35 INFO: レース結果取得開始: race_id=202205040406
19:47:37 INFO: 取得完了: race_id=202205040406, 出走頭数=12
19:47:37 INFO: レース結果取得開始: race_id=202205040407
19:47:39 INFO: 取得完了: race_id=202205040407, 出走頭数=14
19:47:39 INFO: レース結果取得開始: race_id=202205040408
19:47:41 INFO: 取得完了: race_id=202205040408, 出走頭数=8
19:47:41 INFO: レース結果取得開始: race_id=202205040409
19:47:43 INFO: 取得完了: race_id=202205040409, 出走頭数=8
19:47:43 INFO: レース結果取得開始: race_id=202205040410
19:47:44 INFO: 取得完了: race_id=202205040410, 出走頭数=18
19:47:44 INFO: レース結果取得開始: race_id=202205040411
19:47:46 INFO: 取得完了: race_id=202205040411, 出走頭数=15
19:47:46 INFO: レース結果取得開始: race_id=202205040412
19:47:48 INFO: 取得完了: race_id=202205040412, 出走頭数=16
19:47:48 INFO: レース結果取得開始: race_id=202209040401
19:47:50 INFO: 取得完了: race_id=202209040401, 出走頭数=10
19:47:50 INFO: レース結果取得開始: race_id=202209040402
19:47:51 INFO: 取得完了: race_id=202209040402, 出走頭数=9
19:47:51 INFO: レース結果取得開始: race_id=202209040403
19:47:53 INFO: 取得完了: race_id=202209040403, 出走頭数=5
19:47:53 INFO: レース結果取得開始: race_id=202209040404
19:47:55 INFO: 取得完了: race_id=202209040404, 出走頭数=11
19:47:55 INFO: レース結果取得開始: race_id=202209040405
19:47:57 INFO: 取得完了: race_id=202209040405, 出走頭数=10
19:47:58 INFO: レース結果取得開始: race_id=202209040406
19:47:59 INFO: 取得完了: race_id=202209040406, 出走頭数=11
19:47:59 INFO: レース結果取得開始: race_id=202209040407
19:48:01 INFO: 取得完了: race_id=202209040407, 出走頭数=15
19:48:01 INFO: レース結果取得開始: race_id=202209040408
19:48:02 INFO: 取得完了: race_id=202209040408, 出走頭数=12
19:48:02 INFO: レース結果取得開始: race_id=202209040409
19:48:04 INFO: 取得完了: race_id=202209040409, 出走頭数=7
19:48:04 INFO: レース結果取得開始: race_id=202209040410
19:48:06 INFO: 取得完了: race_id=202209040410, 出走頭数=7
19:48:06 INFO: レース結果取得開始: race_id=202209040411
19:48:07 INFO: 取得完了: race_id=202209040411, 出走頭数=16
19:48:07 INFO: レース結果取得開始: race_id=202209040412
19:48:10 INFO: 取得完了: race_id=202209040412, 出走頭数=15
19:48:10 INFO: レース結果取得開始: race_id=202204040201
19:48:11 INFO: 取得完了: race_id=202204040201, 出走頭数=16
19:48:11 INFO: レース結果取得開始: race_id=202204040202
19:48:13 INFO: 取得完了: race_id=202204040202, 出走頭数=9
19:48:13 INFO: レース結果取得開始: race_id=202204040203
19:48:15 INFO: 取得完了: race_id=202204040203, 出走頭数=15
19:48:15 INFO: レース結果取得開始: race_id=202204040204
19:48:16 INFO: 取得完了: race_id=202204040204, 出走頭数=10
19:48:16 INFO: レース結果取得開始: race_id=202204040205
19:48:18 INFO: 取得完了: race_id=202204040205, 出走頭数=15
19:48:18 INFO: レース結果取得開始: race_id=202204040206
19:48:20 INFO: 取得完了: race_id=202204040206, 出走頭数=12
19:48:20 INFO: レース結果取得開始: race_id=202204040207
19:48:22 INFO: 取得完了: race_id=202204040207, 出走頭数=18
19:48:22 INFO: レース結果取得開始: race_id=202204040208
19:48:23 INFO: 取得完了: race_id=202204040208, 出走頭数=15
19:48:23 INFO: レース結果取得開始: race_id=202204040209
19:48:25 INFO: 取得完了: race_id=202204040209, 出走頭数=11
19:48:25 INFO: レース結果取得開始: race_id=202204040210
19:48:26 INFO: 取得完了: race_id=202204040210, 出走頭数=15
19:48:27 INFO: レース結果取得開始: race_id=202204040211
19:48:28 INFO: 取得完了: race_id=202204040211, 出走頭数=18
19:48:28 INFO: レース結果取得開始: race_id=202204040212
19:48:30 INFO: 取得完了: race_id=202204040212, 出走頭数=12
19:48:30 INFO: レース結果取得開始: race_id=202205040501
19:48:31 INFO: 取得完了: race_id=202205040501, 出走頭数=11
19:48:31 INFO: レース結果取得開始: race_id=202205040502
19:48:33 INFO: 取得完了: race_id=202205040502, 出走頭数=9
19:48:33 INFO: レース結果取得開始: race_id=202205040503
19:48:35 INFO: 取得完了: race_id=202205040503, 出走頭数=14
19:48:35 INFO: レース結果取得開始: race_id=202205040504
19:48:37 INFO: 取得完了: race_id=202205040504, 出走頭数=15
19:48:37 INFO: レース結果取得開始: race_id=202205040505
19:48:39 INFO: 取得完了: race_id=202205040505, 出走頭数=18
19:48:39 INFO: レース結果取得開始: race_id=202205040506
19:48:40 INFO: 取得完了: race_id=202205040506, 出走頭数=9
19:48:40 INFO: レース結果取得開始: race_id=202205040507
19:48:42 INFO: 取得完了: race_id=202205040507, 出走頭数=12
19:48:42 INFO: レース結果取得開始: race_id=202205040508
19:48:45 INFO: 取得完了: race_id=202205040508, 出走頭数=15
19:48:45 INFO: レース結果取得開始: race_id=202205040509
19:48:47 INFO: 取得完了: race_id=202205040509, 出走頭数=12
19:48:47 INFO: レース結果取得開始: race_id=202205040510
19:48:49 INFO: 取得完了: race_id=202205040510, 出走頭数=14
19:48:49 INFO: レース結果取得開始: race_id=202205040511
19:48:51 INFO: 取得完了: race_id=202205040511, 出走頭数=16
19:48:51 INFO: レース結果取得開始: race_id=202205040512
19:48:53 INFO: 取得完了: race_id=202205040512, 出走頭数=18
19:48:53 INFO: レース結果取得開始: race_id=202209040501
19:48:55 INFO: 取得完了: race_id=202209040501, 出走頭数=10
19:48:55 INFO: レース結果取得開始: race_id=202209040502
19:48:56 INFO: 取得完了: race_id=202209040502, 出走頭数=8
19:48:56 INFO: レース結果取得開始: race_id=202209040503
19:48:58 INFO: 取得完了: race_id=202209040503, 出走頭数=8
19:48:58 INFO: レース結果取得開始: race_id=202209040504
19:49:00 INFO: 取得完了: race_id=202209040504, 出走頭数=12
19:49:00 INFO: レース結果取得開始: race_id=202209040505
19:49:02 INFO: 取得完了: race_id=202209040505, 出走頭数=8
19:49:02 INFO: レース結果取得開始: race_id=202209040506
19:49:03 INFO: 取得完了: race_id=202209040506, 出走頭数=13
19:49:03 INFO: レース結果取得開始: race_id=202209040507
19:49:05 INFO: 取得完了: race_id=202209040507, 出走頭数=10
19:49:05 INFO: レース結果取得開始: race_id=202209040508
19:49:06 INFO: 取得完了: race_id=202209040508, 出走頭数=13
19:49:06 INFO: レース結果取得開始: race_id=202209040509
19:49:08 INFO: 取得完了: race_id=202209040509, 出走頭数=7
19:49:08 INFO: レース結果取得開始: race_id=202209040510
19:49:09 INFO: 取得完了: race_id=202209040510, 出走頭数=9
19:49:09 INFO: レース結果取得開始: race_id=202209040511
19:49:11 INFO: 取得完了: race_id=202209040511, 出走頭数=16
19:49:11 INFO: レース結果取得開始: race_id=202209040512
19:49:13 INFO: 取得完了: race_id=202209040512, 出走頭数=15
19:49:13 INFO: レース結果取得開始: race_id=202204040301
19:49:15 INFO: 取得完了: race_id=202204040301, 出走頭数=13
19:49:15 INFO: レース結果取得開始: race_id=202204040302
19:49:16 INFO: 取得完了: race_id=202204040302, 出走頭数=15
19:49:16 INFO: レース結果取得開始: race_id=202204040303
19:49:18 INFO: 取得完了: race_id=202204040303, 出走頭数=13
19:49:18 INFO: レース結果取得開始: race_id=202204040304
19:49:20 INFO: 取得完了: race_id=202204040304, 出走頭数=11
19:49:20 INFO: レース結果取得開始: race_id=202204040305
19:49:22 INFO: 取得完了: race_id=202204040305, 出走頭数=18
19:49:22 INFO: レース結果取得開始: race_id=202204040306
19:49:24 INFO: 取得完了: race_id=202204040306, 出走頭数=10
19:49:24 INFO: レース結果取得開始: race_id=202204040307
19:49:26 INFO: 取得完了: race_id=202204040307, 出走頭数=18
19:49:26 INFO: レース結果取得開始: race_id=202204040308
19:49:28 INFO: 取得完了: race_id=202204040308, 出走頭数=15
19:49:28 INFO: レース結果取得開始: race_id=202204040309
19:49:30 INFO: 取得完了: race_id=202204040309, 出走頭数=16
19:49:30 INFO: レース結果取得開始: race_id=202204040310
19:49:31 INFO: 取得完了: race_id=202204040310, 出走頭数=13
19:49:31 INFO: レース結果取得開始: race_id=202204040311
19:49:33 INFO: 取得完了: race_id=202204040311, 出走頭数=14
19:49:33 INFO: レース結果取得開始: race_id=202204040312
19:49:35 INFO: 取得完了: race_id=202204040312, 出走頭数=13
19:49:35 INFO: レース結果取得開始: race_id=202205040601
19:49:37 INFO: 取得完了: race_id=202205040601, 出走頭数=13
19:49:37 INFO: レース結果取得開始: race_id=202205040602
19:49:39 INFO: 取得完了: race_id=202205040602, 出走頭数=14
19:49:39 INFO: レース結果取得開始: race_id=202205040603
19:49:40 INFO: 取得完了: race_id=202205040603, 出走頭数=12
19:49:40 INFO: レース結果取得開始: race_id=202205040604
19:49:42 INFO: 取得完了: race_id=202205040604, 出走頭数=14
19:49:42 INFO: レース結果取得開始: race_id=202205040605
19:49:43 INFO: 取得完了: race_id=202205040605, 出走頭数=11
19:49:43 INFO: レース結果取得開始: race_id=202205040606
19:49:45 INFO: 取得完了: race_id=202205040606, 出走頭数=16
19:49:45 INFO: レース結果取得開始: race_id=202205040607
19:49:46 INFO: 取得完了: race_id=202205040607, 出走頭数=13
19:49:46 INFO: レース結果取得開始: race_id=202205040608
19:49:48 INFO: 取得完了: race_id=202205040608, 出走頭数=16
19:49:48 INFO: レース結果取得開始: race_id=202205040609
19:49:49 INFO: 取得完了: race_id=202205040609, 出走頭数=8
19:49:49 INFO: レース結果取得開始: race_id=202205040610
19:49:51 INFO: 取得完了: race_id=202205040610, 出走頭数=11
19:49:51 INFO: レース結果取得開始: race_id=202205040611
19:49:53 INFO: 取得完了: race_id=202205040611, 出走頭数=16
19:49:53 INFO: レース結果取得開始: race_id=202205040612
19:49:54 INFO: 取得完了: race_id=202205040612, 出走頭数=11
19:49:54 INFO: レース結果取得開始: race_id=202209040601
19:49:56 INFO: 取得完了: race_id=202209040601, 出走頭数=12
19:49:56 INFO: レース結果取得開始: race_id=202209040602
19:49:57 INFO: 取得完了: race_id=202209040602, 出走頭数=10
19:49:57 INFO: レース結果取得開始: race_id=202209040603
19:49:59 INFO: 取得完了: race_id=202209040603, 出走頭数=10
19:49:59 INFO: レース結果取得開始: race_id=202209040604
19:50:01 INFO: 取得完了: race_id=202209040604, 出走頭数=18
19:50:01 INFO: レース結果取得開始: race_id=202209040605
19:50:03 INFO: 取得完了: race_id=202209040605, 出走頭数=10
19:50:03 INFO: レース結果取得開始: race_id=202209040606
19:50:05 INFO: 取得完了: race_id=202209040606, 出走頭数=11
19:50:05 INFO: レース結果取得開始: race_id=202209040607
19:50:07 INFO: 取得完了: race_id=202209040607, 出走頭数=9
19:50:07 INFO: レース結果取得開始: race_id=202209040608
19:50:08 INFO: 取得完了: race_id=202209040608, 出走頭数=9
19:50:08 INFO: レース結果取得開始: race_id=202209040609
19:50:10 INFO: 取得完了: race_id=202209040609, 出走頭数=10
19:50:10 INFO: レース結果取得開始: race_id=202209040610
19:50:12 INFO: 取得完了: race_id=202209040610, 出走頭数=11
19:50:12 INFO: レース結果取得開始: race_id=202209040611
19:50:13 INFO: 取得完了: race_id=202209040611, 出走頭数=16
19:50:13 INFO: レース結果取得開始: race_id=202209040612
19:50:15 INFO: 取得完了: race_id=202209040612, 出走頭数=14
19:50:15 INFO: レース結果取得開始: race_id=202204040401
19:50:17 INFO: 取得完了: race_id=202204040401, 出走頭数=13
19:50:17 INFO: レース結果取得開始: race_id=202204040402
19:50:18 INFO: 取得完了: race_id=202204040402, 出走頭数=15
19:50:18 INFO: レース結果取得開始: race_id=202204040403
19:50:20 INFO: 取得完了: race_id=202204040403, 出走頭数=10
19:50:20 INFO: レース結果取得開始: race_id=202204040404
19:50:22 INFO: 取得完了: race_id=202204040404, 出走頭数=13
[ 2800/6912] 202204040404: 13頭  errors=0  残り≈122分
19:50:22 INFO: レース結果取得開始: race_id=202204040405
19:50:23 INFO: 取得完了: race_id=202204040405, 出走頭数=15
19:50:23 INFO: レース結果取得開始: race_id=202204040406
19:50:25 INFO: 取得完了: race_id=202204040406, 出走頭数=13
19:50:25 INFO: レース結果取得開始: race_id=202204040407
19:50:27 INFO: 取得完了: race_id=202204040407, 出走頭数=15
19:50:27 INFO: レース結果取得開始: race_id=202204040408
19:50:28 INFO: 取得完了: race_id=202204040408, 出走頭数=11
19:50:28 INFO: レース結果取得開始: race_id=202204040409
19:50:30 INFO: 取得完了: race_id=202204040409, 出走頭数=16
19:50:30 INFO: レース結果取得開始: race_id=202204040410
19:50:32 INFO: 取得完了: race_id=202204040410, 出走頭数=15
19:50:32 INFO: レース結果取得開始: race_id=202204040411
19:50:34 INFO: 取得完了: race_id=202204040411, 出走頭数=14
19:50:34 INFO: レース結果取得開始: race_id=202204040412
19:50:36 INFO: 取得完了: race_id=202204040412, 出走頭数=15
19:50:36 INFO: レース結果取得開始: race_id=202205040701
19:50:37 INFO: 取得完了: race_id=202205040701, 出走頭数=14
19:50:37 INFO: レース結果取得開始: race_id=202205040702
19:50:39 INFO: 取得完了: race_id=202205040702, 出走頭数=15
19:50:39 INFO: レース結果取得開始: race_id=202205040703
19:50:40 INFO: 取得完了: race_id=202205040703, 出走頭数=16
19:50:40 INFO: レース結果取得開始: race_id=202205040704
19:50:42 INFO: 取得完了: race_id=202205040704, 出走頭数=17
19:50:42 INFO: レース結果取得開始: race_id=202205040705
19:50:44 INFO: 取得完了: race_id=202205040705, 出走頭数=13
19:50:44 INFO: レース結果取得開始: race_id=202205040706
19:50:45 INFO: 取得完了: race_id=202205040706, 出走頭数=7
19:50:45 INFO: レース結果取得開始: race_id=202205040707
19:50:47 INFO: 取得完了: race_id=202205040707, 出走頭数=14
19:50:47 INFO: レース結果取得開始: race_id=202205040708
19:50:49 INFO: 取得完了: race_id=202205040708, 出走頭数=11
19:50:49 INFO: レース結果取得開始: race_id=202205040709
19:50:51 INFO: 取得完了: race_id=202205040709, 出走頭数=9
19:50:51 INFO: レース結果取得開始: race_id=202205040710
19:50:53 INFO: 取得完了: race_id=202205040710, 出走頭数=10
19:50:53 INFO: レース結果取得開始: race_id=202205040711
19:50:54 INFO: 取得完了: race_id=202205040711, 出走頭数=15
19:50:54 INFO: レース結果取得開始: race_id=202205040712
19:50:56 INFO: 取得完了: race_id=202205040712, 出走頭数=13
19:50:56 INFO: レース結果取得開始: race_id=202209040701
19:50:58 INFO: 取得完了: race_id=202209040701, 出走頭数=12
19:50:58 INFO: レース結果取得開始: race_id=202209040702
19:51:01 INFO: 取得完了: race_id=202209040702, 出走頭数=11
19:51:01 INFO: レース結果取得開始: race_id=202209040703
19:51:02 INFO: 取得完了: race_id=202209040703, 出走頭数=10
19:51:02 INFO: レース結果取得開始: race_id=202209040704
19:51:04 INFO: 取得完了: race_id=202209040704, 出走頭数=15
19:51:04 INFO: レース結果取得開始: race_id=202209040705
19:51:05 INFO: 取得完了: race_id=202209040705, 出走頭数=11
19:51:05 INFO: レース結果取得開始: race_id=202209040706
19:51:08 INFO: 取得完了: race_id=202209040706, 出走頭数=15
19:51:08 INFO: レース結果取得開始: race_id=202209040707
19:51:10 INFO: 取得完了: race_id=202209040707, 出走頭数=16
19:51:10 INFO: レース結果取得開始: race_id=202209040708
19:51:12 INFO: 取得完了: race_id=202209040708, 出走頭数=9
19:51:12 INFO: レース結果取得開始: race_id=202209040709
19:51:14 INFO: 取得完了: race_id=202209040709, 出走頭数=13
19:51:14 INFO: レース結果取得開始: race_id=202209040710
19:51:16 INFO: 取得完了: race_id=202209040710, 出走頭数=10
19:51:16 INFO: レース結果取得開始: race_id=202209040711
19:51:18 INFO: 取得完了: race_id=202209040711, 出走頭数=18
19:51:18 INFO: レース結果取得開始: race_id=202209040712
19:51:20 INFO: 取得完了: race_id=202209040712, 出走頭数=16
19:51:20 INFO: レース結果取得開始: race_id=202204040501
19:51:21 INFO: 取得完了: race_id=202204040501, 出走頭数=12
19:51:22 INFO: レース結果取得開始: race_id=202204040502
19:51:23 INFO: 取得完了: race_id=202204040502, 出走頭数=12
19:51:23 INFO: レース結果取得開始: race_id=202204040503
19:51:25 INFO: 取得完了: race_id=202204040503, 出走頭数=14
19:51:25 INFO: レース結果取得開始: race_id=202204040504
19:51:27 INFO: 取得完了: race_id=202204040504, 出走頭数=11
19:51:27 INFO: レース結果取得開始: race_id=202204040505
19:51:29 INFO: 取得完了: race_id=202204040505, 出走頭数=18
19:51:29 INFO: レース結果取得開始: race_id=202204040506
19:51:31 INFO: 取得完了: race_id=202204040506, 出走頭数=11
19:51:31 INFO: レース結果取得開始: race_id=202204040507
19:51:33 INFO: 取得完了: race_id=202204040507, 出走頭数=18
19:51:33 INFO: レース結果取得開始: race_id=202204040508
19:51:35 INFO: 取得完了: race_id=202204040508, 出走頭数=13
19:51:35 INFO: レース結果取得開始: race_id=202204040509
19:51:37 INFO: 取得完了: race_id=202204040509, 出走頭数=15
19:51:37 INFO: レース結果取得開始: race_id=202204040510
19:51:38 INFO: 取得完了: race_id=202204040510, 出走頭数=18
19:51:38 INFO: レース結果取得開始: race_id=202204040511
19:51:40 INFO: 取得完了: race_id=202204040511, 出走頭数=14
19:51:40 INFO: レース結果取得開始: race_id=202204040512
19:51:42 INFO: 取得完了: race_id=202204040512, 出走頭数=11
19:51:42 INFO: レース結果取得開始: race_id=202205040801
19:51:43 INFO: 取得完了: race_id=202205040801, 出走頭数=11
19:51:43 INFO: レース結果取得開始: race_id=202205040802
19:51:45 INFO: 取得完了: race_id=202205040802, 出走頭数=16
19:51:45 INFO: レース結果取得開始: race_id=202205040803
19:51:47 INFO: 取得完了: race_id=202205040803, 出走頭数=9
19:51:47 INFO: レース結果取得開始: race_id=202205040804
19:51:49 INFO: 取得完了: race_id=202205040804, 出走頭数=15
19:51:49 INFO: レース結果取得開始: race_id=202205040805
19:51:51 INFO: 取得完了: race_id=202205040805, 出走頭数=15
19:51:51 INFO: レース結果取得開始: race_id=202205040806
19:51:53 INFO: 取得完了: race_id=202205040806, 出走頭数=12
19:51:53 INFO: レース結果取得開始: race_id=202205040807
19:51:55 INFO: 取得完了: race_id=202205040807, 出走頭数=13
19:51:55 INFO: レース結果取得開始: race_id=202205040808
19:51:57 INFO: 取得完了: race_id=202205040808, 出走頭数=11
19:51:57 INFO: レース結果取得開始: race_id=202205040809
19:51:59 INFO: 取得完了: race_id=202205040809, 出走頭数=16
19:51:59 INFO: レース結果取得開始: race_id=202205040810
19:52:01 INFO: 取得完了: race_id=202205040810, 出走頭数=12
19:52:01 INFO: レース結果取得開始: race_id=202205040811
19:52:03 INFO: 取得完了: race_id=202205040811, 出走頭数=10
19:52:03 INFO: レース結果取得開始: race_id=202205040812
19:52:05 INFO: 取得完了: race_id=202205040812, 出走頭数=16
19:52:05 INFO: レース結果取得開始: race_id=202209040801
19:52:07 INFO: 取得完了: race_id=202209040801, 出走頭数=10
19:52:07 INFO: レース結果取得開始: race_id=202209040802
19:52:08 INFO: 取得完了: race_id=202209040802, 出走頭数=11
19:52:08 INFO: レース結果取得開始: race_id=202209040803
19:52:10 INFO: 取得完了: race_id=202209040803, 出走頭数=13
19:52:10 INFO: レース結果取得開始: race_id=202209040804
19:52:12 INFO: 取得完了: race_id=202209040804, 出走頭数=13
19:52:12 INFO: レース結果取得開始: race_id=202209040805
19:52:14 INFO: 取得完了: race_id=202209040805, 出走頭数=11
19:52:14 INFO: レース結果取得開始: race_id=202209040806
19:52:15 INFO: 取得完了: race_id=202209040806, 出走頭数=13
19:52:15 INFO: レース結果取得開始: race_id=202209040807
19:52:16 INFO: 取得完了: race_id=202209040807, 出走頭数=18
19:52:16 INFO: レース結果取得開始: race_id=202209040808
19:52:18 INFO: 取得完了: race_id=202209040808, 出走頭数=10
19:52:18 INFO: レース結果取得開始: race_id=202209040809
19:52:20 INFO: 取得完了: race_id=202209040809, 出走頭数=7
19:52:20 INFO: レース結果取得開始: race_id=202209040810
19:52:22 INFO: 取得完了: race_id=202209040810, 出走頭数=14
19:52:22 INFO: レース結果取得開始: race_id=202209040811
19:52:23 INFO: 取得完了: race_id=202209040811, 出走頭数=18
19:52:23 INFO: レース結果取得開始: race_id=202209040812
19:52:25 INFO: 取得完了: race_id=202209040812, 出走頭数=12
19:52:25 INFO: レース結果取得開始: race_id=202204040601
19:52:26 INFO: 取得完了: race_id=202204040601, 出走頭数=14
19:52:26 INFO: レース結果取得開始: race_id=202204040602
19:52:29 INFO: 取得完了: race_id=202204040602, 出走頭数=13
19:52:29 INFO: レース結果取得開始: race_id=202204040603
19:52:30 INFO: 取得完了: race_id=202204040603, 出走頭数=11
19:52:30 INFO: レース結果取得開始: race_id=202204040604
19:52:32 INFO: 取得完了: race_id=202204040604, 出走頭数=14
19:52:32 INFO: レース結果取得開始: race_id=202204040605
19:52:34 INFO: 取得完了: race_id=202204040605, 出走頭数=18
19:52:34 INFO: レース結果取得開始: race_id=202204040606
19:52:36 INFO: 取得完了: race_id=202204040606, 出走頭数=12
19:52:36 INFO: レース結果取得開始: race_id=202204040607
19:52:37 INFO: 取得完了: race_id=202204040607, 出走頭数=13
19:52:37 INFO: レース結果取得開始: race_id=202204040608
19:52:39 INFO: 取得完了: race_id=202204040608, 出走頭数=10
19:52:39 INFO: レース結果取得開始: race_id=202204040609
19:52:41 INFO: 取得完了: race_id=202204040609, 出走頭数=18
19:52:41 INFO: レース結果取得開始: race_id=202204040610
19:52:43 INFO: 取得完了: race_id=202204040610, 出走頭数=15
19:52:43 INFO: レース結果取得開始: race_id=202204040611
19:52:45 INFO: 取得完了: race_id=202204040611, 出走頭数=18
19:52:45 INFO: レース結果取得開始: race_id=202204040612
19:52:47 INFO: 取得完了: race_id=202204040612, 出走頭数=18
19:52:47 INFO: レース結果取得開始: race_id=202205040901
19:52:49 INFO: 取得完了: race_id=202205040901, 出走頭数=14
19:52:49 INFO: レース結果取得開始: race_id=202205040902
19:52:50 INFO: 取得完了: race_id=202205040902, 出走頭数=10
19:52:50 INFO: レース結果取得開始: race_id=202205040903
19:52:52 INFO: 取得完了: race_id=202205040903, 出走頭数=10
19:52:52 INFO: レース結果取得開始: race_id=202205040904
19:52:53 INFO: 取得完了: race_id=202205040904, 出走頭数=15
19:52:53 INFO: レース結果取得開始: race_id=202205040905
19:52:55 INFO: 取得完了: race_id=202205040905, 出走頭数=14
19:52:55 INFO: レース結果取得開始: race_id=202205040906
19:52:57 INFO: 取得完了: race_id=202205040906, 出走頭数=16
19:52:57 INFO: レース結果取得開始: race_id=202205040907
19:52:59 INFO: 取得完了: race_id=202205040907, 出走頭数=10
19:52:59 INFO: レース結果取得開始: race_id=202205040908
19:53:01 INFO: 取得完了: race_id=202205040908, 出走頭数=11
19:53:01 INFO: レース結果取得開始: race_id=202205040909
19:53:02 INFO: 取得完了: race_id=202205040909, 出走頭数=13
19:53:02 INFO: レース結果取得開始: race_id=202205040910
19:53:04 INFO: 取得完了: race_id=202205040910, 出走頭数=16
19:53:04 INFO: レース結果取得開始: race_id=202205040911
19:53:05 INFO: 取得完了: race_id=202205040911, 出走頭数=15
19:53:05 INFO: レース結果取得開始: race_id=202205040912
19:53:07 INFO: 取得完了: race_id=202205040912, 出走頭数=16
19:53:07 INFO: レース結果取得開始: race_id=202209040901
19:53:09 INFO: 取得完了: race_id=202209040901, 出走頭数=12
19:53:09 INFO: レース結果取得開始: race_id=202209040902
19:53:10 INFO: 取得完了: race_id=202209040902, 出走頭数=8
19:53:10 INFO: レース結果取得開始: race_id=202209040903
19:53:12 INFO: 取得完了: race_id=202209040903, 出走頭数=14
19:53:12 INFO: レース結果取得開始: race_id=202209040904
19:53:14 INFO: 取得完了: race_id=202209040904, 出走頭数=13
19:53:14 INFO: レース結果取得開始: race_id=202209040905
19:53:16 INFO: 取得完了: race_id=202209040905, 出走頭数=12
19:53:16 INFO: レース結果取得開始: race_id=202209040906
19:53:18 INFO: 取得完了: race_id=202209040906, 出走頭数=11
19:53:18 INFO: レース結果取得開始: race_id=202209040907
19:53:20 INFO: 取得完了: race_id=202209040907, 出走頭数=12
19:53:20 INFO: レース結果取得開始: race_id=202209040908
19:53:21 INFO: 取得完了: race_id=202209040908, 出走頭数=10
[ 2900/6912] 202209040908: 10頭  errors=0  残り≈119分
19:53:21 INFO: レース結果取得開始: race_id=202209040909
19:53:23 INFO: 取得完了: race_id=202209040909, 出走頭数=9
19:53:23 INFO: レース結果取得開始: race_id=202209040910
19:53:25 INFO: 取得完了: race_id=202209040910, 出走頭数=14
19:53:25 INFO: レース結果取得開始: race_id=202209040911
19:53:27 INFO: 取得完了: race_id=202209040911, 出走頭数=15
19:53:27 INFO: レース結果取得開始: race_id=202209040912
19:53:28 INFO: 取得完了: race_id=202209040912, 出走頭数=14
19:53:28 INFO: レース結果取得開始: race_id=202203030101
19:53:30 INFO: 取得完了: race_id=202203030101, 出走頭数=16
19:53:30 INFO: レース結果取得開始: race_id=202203030102
19:53:32 INFO: 取得完了: race_id=202203030102, 出走頭数=16
19:53:32 INFO: レース結果取得開始: race_id=202203030103
19:53:34 INFO: 取得完了: race_id=202203030103, 出走頭数=15
19:53:34 INFO: レース結果取得開始: race_id=202203030104
19:53:36 INFO: 取得完了: race_id=202203030104, 出走頭数=14
19:53:36 INFO: レース結果取得開始: race_id=202203030105
19:53:38 INFO: 取得完了: race_id=202203030105, 出走頭数=8
19:53:38 INFO: レース結果取得開始: race_id=202203030106
19:53:40 INFO: 取得完了: race_id=202203030106, 出走頭数=11
19:53:40 INFO: レース結果取得開始: race_id=202203030107
19:53:42 INFO: 取得完了: race_id=202203030107, 出走頭数=16
19:53:42 INFO: レース結果取得開始: race_id=202203030108
19:53:44 INFO: 取得完了: race_id=202203030108, 出走頭数=16
19:53:44 INFO: レース結果取得開始: race_id=202203030109
19:53:46 INFO: 取得完了: race_id=202203030109, 出走頭数=15
19:53:46 INFO: レース結果取得開始: race_id=202203030110
19:53:48 INFO: 取得完了: race_id=202203030110, 出走頭数=16
19:53:48 INFO: レース結果取得開始: race_id=202203030111
19:53:49 INFO: 取得完了: race_id=202203030111, 出走頭数=15
19:53:49 INFO: レース結果取得開始: race_id=202203030112
19:53:51 INFO: 取得完了: race_id=202203030112, 出走頭数=16
19:53:51 INFO: レース結果取得開始: race_id=202205050101
19:53:53 INFO: 取得完了: race_id=202205050101, 出走頭数=16
19:53:53 INFO: レース結果取得開始: race_id=202205050102
19:53:55 INFO: 取得完了: race_id=202205050102, 出走頭数=14
19:53:55 INFO: レース結果取得開始: race_id=202205050103
19:53:57 INFO: 取得完了: race_id=202205050103, 出走頭数=15
19:53:57 INFO: レース結果取得開始: race_id=202205050104
19:53:59 INFO: 取得完了: race_id=202205050104, 出走頭数=11
19:53:59 INFO: レース結果取得開始: race_id=202205050105
19:54:01 INFO: 取得完了: race_id=202205050105, 出走頭数=16
19:54:01 INFO: レース結果取得開始: race_id=202205050106
19:54:02 INFO: 取得完了: race_id=202205050106, 出走頭数=10
19:54:02 INFO: レース結果取得開始: race_id=202205050107
19:54:04 INFO: 取得完了: race_id=202205050107, 出走頭数=14
19:54:04 INFO: レース結果取得開始: race_id=202205050108
19:54:06 INFO: 取得完了: race_id=202205050108, 出走頭数=16
19:54:06 INFO: レース結果取得開始: race_id=202205050109
19:54:08 INFO: 取得完了: race_id=202205050109, 出走頭数=16
19:54:08 INFO: レース結果取得開始: race_id=202205050110
19:54:10 INFO: 取得完了: race_id=202205050110, 出走頭数=10
19:54:10 INFO: レース結果取得開始: race_id=202205050111
19:54:12 INFO: 取得完了: race_id=202205050111, 出走頭数=18
19:54:12 INFO: レース結果取得開始: race_id=202205050112
19:54:14 INFO: 取得完了: race_id=202205050112, 出走頭数=10
19:54:14 INFO: レース結果取得開始: race_id=202209050101
19:54:15 INFO: 取得完了: race_id=202209050101, 出走頭数=10
19:54:15 INFO: レース結果取得開始: race_id=202209050102
19:54:17 INFO: 取得完了: race_id=202209050102, 出走頭数=14
19:54:17 INFO: レース結果取得開始: race_id=202209050103
19:54:19 INFO: 取得完了: race_id=202209050103, 出走頭数=11
19:54:19 INFO: レース結果取得開始: race_id=202209050104
19:54:21 INFO: 取得完了: race_id=202209050104, 出走頭数=8
19:54:21 INFO: レース結果取得開始: race_id=202209050105
19:54:23 INFO: 取得完了: race_id=202209050105, 出走頭数=12
19:54:23 INFO: レース結果取得開始: race_id=202209050106
19:54:24 INFO: 取得完了: race_id=202209050106, 出走頭数=9
19:54:24 INFO: レース結果取得開始: race_id=202209050107
19:54:26 INFO: 取得完了: race_id=202209050107, 出走頭数=16
19:54:26 INFO: レース結果取得開始: race_id=202209050108
19:54:28 INFO: 取得完了: race_id=202209050108, 出走頭数=12
19:54:28 INFO: レース結果取得開始: race_id=202209050109
19:54:29 INFO: 取得完了: race_id=202209050109, 出走頭数=10
19:54:29 INFO: レース結果取得開始: race_id=202209050110
19:54:31 INFO: 取得完了: race_id=202209050110, 出走頭数=16
19:54:32 INFO: レース結果取得開始: race_id=202209050111
19:54:33 INFO: 取得完了: race_id=202209050111, 出走頭数=12
19:54:34 INFO: レース結果取得開始: race_id=202209050112
19:54:35 INFO: 取得完了: race_id=202209050112, 出走頭数=12
19:54:35 INFO: レース結果取得開始: race_id=202203030201
19:54:38 INFO: 取得完了: race_id=202203030201, 出走頭数=11
19:54:38 INFO: レース結果取得開始: race_id=202203030202
19:54:40 INFO: 取得完了: race_id=202203030202, 出走頭数=16
19:54:40 INFO: レース結果取得開始: race_id=202203030203
19:54:42 INFO: 取得完了: race_id=202203030203, 出走頭数=15
19:54:42 INFO: レース結果取得開始: race_id=202203030204
19:54:44 INFO: 取得完了: race_id=202203030204, 出走頭数=12
19:54:44 INFO: レース結果取得開始: race_id=202203030205
19:54:45 INFO: 取得完了: race_id=202203030205, 出走頭数=16
19:54:45 INFO: レース結果取得開始: race_id=202203030206
19:54:47 INFO: 取得完了: race_id=202203030206, 出走頭数=16
19:54:47 INFO: レース結果取得開始: race_id=202203030207
19:54:49 INFO: 取得完了: race_id=202203030207, 出走頭数=15
19:54:49 INFO: レース結果取得開始: race_id=202203030208
19:54:51 INFO: 取得完了: race_id=202203030208, 出走頭数=16
19:54:51 INFO: レース結果取得開始: race_id=202203030209
19:54:54 INFO: 取得完了: race_id=202203030209, 出走頭数=15
19:54:54 INFO: レース結果取得開始: race_id=202203030210
19:54:55 INFO: 取得完了: race_id=202203030210, 出走頭数=15
19:54:55 INFO: レース結果取得開始: race_id=202203030211
19:54:56 INFO: 取得完了: race_id=202203030211, 出走頭数=13
19:54:56 INFO: レース結果取得開始: race_id=202203030212
19:54:58 INFO: 取得完了: race_id=202203030212, 出走頭数=16
19:54:58 INFO: レース結果取得開始: race_id=202205050201
19:55:00 INFO: 取得完了: race_id=202205050201, 出走頭数=11
19:55:00 INFO: レース結果取得開始: race_id=202205050202
19:55:02 INFO: 取得完了: race_id=202205050202, 出走頭数=15
19:55:02 INFO: レース結果取得開始: race_id=202205050203
19:55:03 INFO: 取得完了: race_id=202205050203, 出走頭数=10
19:55:04 INFO: レース結果取得開始: race_id=202205050204
19:55:05 INFO: 取得完了: race_id=202205050204, 出走頭数=16
19:55:06 INFO: レース結果取得開始: race_id=202205050205
19:55:08 INFO: 取得完了: race_id=202205050205, 出走頭数=10
19:55:08 INFO: レース結果取得開始: race_id=202205050206
19:55:10 INFO: 取得完了: race_id=202205050206, 出走頭数=17
19:55:10 INFO: レース結果取得開始: race_id=202205050207
19:55:12 INFO: 取得完了: race_id=202205050207, 出走頭数=12
19:55:12 INFO: レース結果取得開始: race_id=202205050208
19:55:13 INFO: 取得完了: race_id=202205050208, 出走頭数=16
19:55:13 INFO: レース結果取得開始: race_id=202205050209
19:55:15 INFO: 取得完了: race_id=202205050209, 出走頭数=9
19:55:15 INFO: レース結果取得開始: race_id=202205050210
19:55:16 INFO: 取得完了: race_id=202205050210, 出走頭数=16
19:55:16 INFO: レース結果取得開始: race_id=202205050211
19:55:19 INFO: 取得完了: race_id=202205050211, 出走頭数=18
19:55:19 INFO: レース結果取得開始: race_id=202205050212
19:55:20 INFO: 取得完了: race_id=202205050212, 出走頭数=14
19:55:20 INFO: レース結果取得開始: race_id=202209050201
19:55:22 INFO: 取得完了: race_id=202209050201, 出走頭数=8
19:55:22 INFO: レース結果取得開始: race_id=202209050202
19:55:24 INFO: 取得完了: race_id=202209050202, 出走頭数=12
19:55:24 INFO: レース結果取得開始: race_id=202209050203
19:55:25 INFO: 取得完了: race_id=202209050203, 出走頭数=6
19:55:26 INFO: レース結果取得開始: race_id=202209050204
19:55:27 INFO: 取得完了: race_id=202209050204, 出走頭数=12
19:55:27 INFO: レース結果取得開始: race_id=202209050205
19:55:29 INFO: 取得完了: race_id=202209050205, 出走頭数=13
19:55:29 INFO: レース結果取得開始: race_id=202209050206
19:55:31 INFO: 取得完了: race_id=202209050206, 出走頭数=17
19:55:31 INFO: レース結果取得開始: race_id=202209050207
19:55:32 INFO: 取得完了: race_id=202209050207, 出走頭数=12
19:55:32 INFO: レース結果取得開始: race_id=202209050208
19:55:34 INFO: 取得完了: race_id=202209050208, 出走頭数=16
19:55:35 INFO: レース結果取得開始: race_id=202209050209
19:55:37 INFO: 取得完了: race_id=202209050209, 出走頭数=7
19:55:38 INFO: レース結果取得開始: race_id=202209050210
19:55:40 INFO: 取得完了: race_id=202209050210, 出走頭数=10
19:55:41 INFO: レース結果取得開始: race_id=202209050211
19:55:42 INFO: 取得完了: race_id=202209050211, 出走頭数=16
19:55:42 INFO: レース結果取得開始: race_id=202209050212
19:55:44 INFO: 取得完了: race_id=202209050212, 出走頭数=9
19:55:44 INFO: レース結果取得開始: race_id=202203030301
19:55:46 INFO: 取得完了: race_id=202203030301, 出走頭数=16
19:55:46 INFO: レース結果取得開始: race_id=202203030302
19:55:47 INFO: 取得完了: race_id=202203030302, 出走頭数=14
19:55:47 INFO: レース結果取得開始: race_id=202203030303
19:55:49 INFO: 取得完了: race_id=202203030303, 出走頭数=16
19:55:49 INFO: レース結果取得開始: race_id=202203030304
19:55:51 INFO: 取得完了: race_id=202203030304, 出走頭数=16
19:55:51 INFO: レース結果取得開始: race_id=202203030305
19:55:52 INFO: 取得完了: race_id=202203030305, 出走頭数=14
19:55:52 INFO: レース結果取得開始: race_id=202203030306
19:55:54 INFO: 取得完了: race_id=202203030306, 出走頭数=16
19:55:54 INFO: レース結果取得開始: race_id=202203030307
19:55:55 INFO: 取得完了: race_id=202203030307, 出走頭数=15
19:55:55 INFO: レース結果取得開始: race_id=202203030308
19:55:58 INFO: 取得完了: race_id=202203030308, 出走頭数=16
19:55:58 INFO: レース結果取得開始: race_id=202203030309
19:56:00 INFO: 取得完了: race_id=202203030309, 出走頭数=15
19:56:00 INFO: レース結果取得開始: race_id=202203030310
19:56:02 INFO: 取得完了: race_id=202203030310, 出走頭数=16
19:56:02 INFO: レース結果取得開始: race_id=202203030311
19:56:03 INFO: 取得完了: race_id=202203030311, 出走頭数=15
19:56:03 INFO: レース結果取得開始: race_id=202203030312
19:56:05 INFO: 取得完了: race_id=202203030312, 出走頭数=16
19:56:05 INFO: レース結果取得開始: race_id=202205050301
19:56:06 INFO: 取得完了: race_id=202205050301, 出走頭数=16
19:56:06 INFO: レース結果取得開始: race_id=202205050302
19:56:09 INFO: 取得完了: race_id=202205050302, 出走頭数=12
19:56:09 INFO: レース結果取得開始: race_id=202205050303
19:56:10 INFO: 取得完了: race_id=202205050303, 出走頭数=11
19:56:10 INFO: レース結果取得開始: race_id=202205050304
19:56:12 INFO: 取得完了: race_id=202205050304, 出走頭数=16
19:56:12 INFO: レース結果取得開始: race_id=202205050305
19:56:14 INFO: 取得完了: race_id=202205050305, 出走頭数=11
19:56:14 INFO: レース結果取得開始: race_id=202205050306
19:56:16 INFO: 取得完了: race_id=202205050306, 出走頭数=15
19:56:16 INFO: レース結果取得開始: race_id=202205050307
19:56:17 INFO: 取得完了: race_id=202205050307, 出走頭数=13
19:56:17 INFO: レース結果取得開始: race_id=202205050308
19:56:20 INFO: 取得完了: race_id=202205050308, 出走頭数=16
19:56:20 INFO: レース結果取得開始: race_id=202205050309
19:56:22 INFO: 取得完了: race_id=202205050309, 出走頭数=16
19:56:22 INFO: レース結果取得開始: race_id=202205050310
19:56:23 INFO: 取得完了: race_id=202205050310, 出走頭数=16
19:56:23 INFO: レース結果取得開始: race_id=202205050311
19:56:25 INFO: 取得完了: race_id=202205050311, 出走頭数=16
19:56:25 INFO: レース結果取得開始: race_id=202205050312
19:56:27 INFO: 取得完了: race_id=202205050312, 出走頭数=9
[ 3000/6912] 202205050312: 9頭  errors=0  残り≈116分
19:56:27 INFO: レース結果取得開始: race_id=202209050301
19:56:29 INFO: 取得完了: race_id=202209050301, 出走頭数=7
19:56:29 INFO: レース結果取得開始: race_id=202209050302
19:56:30 INFO: 取得完了: race_id=202209050302, 出走頭数=15
19:56:30 INFO: レース結果取得開始: race_id=202209050303
19:56:32 INFO: 取得完了: race_id=202209050303, 出走頭数=11
19:56:33 INFO: レース結果取得開始: race_id=202209050304
19:56:34 INFO: 取得完了: race_id=202209050304, 出走頭数=9
19:56:34 INFO: レース結果取得開始: race_id=202209050305
19:56:36 INFO: 取得完了: race_id=202209050305, 出走頭数=13
19:56:36 INFO: レース結果取得開始: race_id=202209050306
19:56:37 INFO: 取得完了: race_id=202209050306, 出走頭数=15
19:56:37 INFO: レース結果取得開始: race_id=202209050307
19:56:40 INFO: 取得完了: race_id=202209050307, 出走頭数=16
19:56:40 INFO: レース結果取得開始: race_id=202209050308
19:56:42 INFO: 取得完了: race_id=202209050308, 出走頭数=13
19:56:42 INFO: レース結果取得開始: race_id=202209050309
19:56:43 INFO: 取得完了: race_id=202209050309, 出走頭数=10
19:56:43 INFO: レース結果取得開始: race_id=202209050310
19:56:45 INFO: 取得完了: race_id=202209050310, 出走頭数=14
19:56:45 INFO: レース結果取得開始: race_id=202209050311
19:56:47 INFO: 取得完了: race_id=202209050311, 出走頭数=10
19:56:47 INFO: レース結果取得開始: race_id=202209050312
19:56:49 INFO: 取得完了: race_id=202209050312, 出走頭数=11
19:56:49 INFO: レース結果取得開始: race_id=202203030401
19:56:51 INFO: 取得完了: race_id=202203030401, 出走頭数=15
19:56:51 INFO: レース結果取得開始: race_id=202203030402
19:56:53 INFO: 取得完了: race_id=202203030402, 出走頭数=16
19:56:53 INFO: レース結果取得開始: race_id=202203030403
19:56:55 INFO: 取得完了: race_id=202203030403, 出走頭数=15
19:56:55 INFO: レース結果取得開始: race_id=202203030404
19:56:56 INFO: 取得完了: race_id=202203030404, 出走頭数=8
19:56:56 INFO: レース結果取得開始: race_id=202203030405
19:56:58 INFO: 取得完了: race_id=202203030405, 出走頭数=8
19:56:58 INFO: レース結果取得開始: race_id=202203030406
19:56:59 INFO: 取得完了: race_id=202203030406, 出走頭数=15
19:57:00 INFO: レース結果取得開始: race_id=202203030407
19:57:01 INFO: 取得完了: race_id=202203030407, 出走頭数=16
19:57:01 INFO: レース結果取得開始: race_id=202203030408
19:57:03 INFO: 取得完了: race_id=202203030408, 出走頭数=16
19:57:03 INFO: レース結果取得開始: race_id=202203030409
19:57:05 INFO: 取得完了: race_id=202203030409, 出走頭数=16
19:57:05 INFO: レース結果取得開始: race_id=202203030410
19:57:07 INFO: 取得完了: race_id=202203030410, 出走頭数=15
19:57:07 INFO: レース結果取得開始: race_id=202203030411
19:57:09 INFO: 取得完了: race_id=202203030411, 出走頭数=16
19:57:09 INFO: レース結果取得開始: race_id=202203030412
19:57:11 INFO: 取得完了: race_id=202203030412, 出走頭数=16
19:57:11 INFO: レース結果取得開始: race_id=202205050401
19:57:13 INFO: 取得完了: race_id=202205050401, 出走頭数=16
19:57:13 INFO: レース結果取得開始: race_id=202205050402
19:57:15 INFO: 取得完了: race_id=202205050402, 出走頭数=12
19:57:15 INFO: レース結果取得開始: race_id=202205050403
19:57:16 INFO: 取得完了: race_id=202205050403, 出走頭数=17
19:57:16 INFO: レース結果取得開始: race_id=202205050404
19:57:18 INFO: 取得完了: race_id=202205050404, 出走頭数=15
19:57:18 INFO: レース結果取得開始: race_id=202205050405
19:57:20 INFO: 取得完了: race_id=202205050405, 出走頭数=9
19:57:20 INFO: レース結果取得開始: race_id=202205050406
19:57:22 INFO: 取得完了: race_id=202205050406, 出走頭数=9
19:57:22 INFO: レース結果取得開始: race_id=202205050407
19:57:23 INFO: 取得完了: race_id=202205050407, 出走頭数=16
19:57:23 INFO: レース結果取得開始: race_id=202205050408
19:57:25 INFO: 取得完了: race_id=202205050408, 出走頭数=15
19:57:25 INFO: レース結果取得開始: race_id=202205050409
19:57:27 INFO: 取得完了: race_id=202205050409, 出走頭数=14
19:57:27 INFO: レース結果取得開始: race_id=202205050410
19:57:28 INFO: 取得完了: race_id=202205050410, 出走頭数=15
19:57:28 INFO: レース結果取得開始: race_id=202205050411
19:57:29 INFO: 取得完了: race_id=202205050411, 出走頭数=18
19:57:29 INFO: レース結果取得開始: race_id=202205050412
19:57:30 INFO: 取得完了: race_id=202205050412, 出走頭数=11
19:57:30 INFO: レース結果取得開始: race_id=202209050401
19:57:32 INFO: 取得完了: race_id=202209050401, 出走頭数=11
19:57:32 INFO: レース結果取得開始: race_id=202209050402
19:57:34 INFO: 取得完了: race_id=202209050402, 出走頭数=14
19:57:34 INFO: レース結果取得開始: race_id=202209050403
19:57:35 INFO: 取得完了: race_id=202209050403, 出走頭数=15
19:57:35 INFO: レース結果取得開始: race_id=202209050404
19:57:37 INFO: 取得完了: race_id=202209050404, 出走頭数=10
19:57:37 INFO: レース結果取得開始: race_id=202209050405
19:57:38 INFO: 取得完了: race_id=202209050405, 出走頭数=7
19:57:38 INFO: レース結果取得開始: race_id=202209050406
19:57:40 INFO: 取得完了: race_id=202209050406, 出走頭数=12
19:57:40 INFO: レース結果取得開始: race_id=202209050407
19:57:42 INFO: 取得完了: race_id=202209050407, 出走頭数=11
19:57:42 INFO: レース結果取得開始: race_id=202209050408
19:57:43 INFO: 取得完了: race_id=202209050408, 出走頭数=14
19:57:43 INFO: レース結果取得開始: race_id=202209050409
19:57:45 INFO: 取得完了: race_id=202209050409, 出走頭数=9
19:57:45 INFO: レース結果取得開始: race_id=202209050410
19:57:47 INFO: 取得完了: race_id=202209050410, 出走頭数=16
19:57:47 INFO: レース結果取得開始: race_id=202209050411
19:57:49 INFO: 取得完了: race_id=202209050411, 出走頭数=18
19:57:49 INFO: レース結果取得開始: race_id=202209050412
19:57:50 INFO: 取得完了: race_id=202209050412, 出走頭数=13
19:57:50 INFO: レース結果取得開始: race_id=202203030501
19:57:52 INFO: 取得完了: race_id=202203030501, 出走頭数=15
19:57:53 INFO: レース結果取得開始: race_id=202203030502
19:57:55 INFO: 取得完了: race_id=202203030502, 出走頭数=15
19:57:55 INFO: レース結果取得開始: race_id=202203030503
19:57:56 INFO: 取得完了: race_id=202203030503, 出走頭数=16
19:57:56 INFO: レース結果取得開始: race_id=202203030504
19:57:58 INFO: 取得完了: race_id=202203030504, 出走頭数=16
19:57:58 INFO: レース結果取得開始: race_id=202203030505
19:58:00 INFO: 取得完了: race_id=202203030505, 出走頭数=11
19:58:00 INFO: レース結果取得開始: race_id=202203030506
19:58:02 INFO: 取得完了: race_id=202203030506, 出走頭数=16
19:58:02 INFO: レース結果取得開始: race_id=202203030507
19:58:04 INFO: 取得完了: race_id=202203030507, 出走頭数=16
19:58:04 INFO: レース結果取得開始: race_id=202203030508
19:58:05 INFO: 取得完了: race_id=202203030508, 出走頭数=16
19:58:05 INFO: レース結果取得開始: race_id=202203030509
19:58:07 INFO: 取得完了: race_id=202203030509, 出走頭数=16
19:58:07 INFO: レース結果取得開始: race_id=202203030510
19:58:09 INFO: 取得完了: race_id=202203030510, 出走頭数=16
19:58:09 INFO: レース結果取得開始: race_id=202203030511
19:58:11 INFO: 取得完了: race_id=202203030511, 出走頭数=16
19:58:11 INFO: レース結果取得開始: race_id=202203030512
19:58:12 INFO: 取得完了: race_id=202203030512, 出走頭数=16
19:58:12 INFO: レース結果取得開始: race_id=202205050501
19:58:14 INFO: 取得完了: race_id=202205050501, 出走頭数=16
19:58:14 INFO: レース結果取得開始: race_id=202205050502
19:58:15 INFO: 取得完了: race_id=202205050502, 出走頭数=14
19:58:15 INFO: レース結果取得開始: race_id=202205050503
19:58:17 INFO: 取得完了: race_id=202205050503, 出走頭数=16
19:58:17 INFO: レース結果取得開始: race_id=202205050504
19:58:19 INFO: 取得完了: race_id=202205050504, 出走頭数=16
19:58:19 INFO: レース結果取得開始: race_id=202205050505
19:58:20 INFO: 取得完了: race_id=202205050505, 出走頭数=14
19:58:21 INFO: レース結果取得開始: race_id=202205050506
19:58:23 INFO: 取得完了: race_id=202205050506, 出走頭数=9
19:58:23 INFO: レース結果取得開始: race_id=202205050507
19:58:24 INFO: 取得完了: race_id=202205050507, 出走頭数=16
19:58:24 INFO: レース結果取得開始: race_id=202205050508
19:58:25 INFO: 取得完了: race_id=202205050508, 出走頭数=14
19:58:25 INFO: レース結果取得開始: race_id=202205050509
19:58:27 INFO: 取得完了: race_id=202205050509, 出走頭数=16
19:58:27 INFO: レース結果取得開始: race_id=202205050510
19:58:29 INFO: 取得完了: race_id=202205050510, 出走頭数=16
19:58:29 INFO: レース結果取得開始: race_id=202205050511
19:58:31 INFO: 取得完了: race_id=202205050511, 出走頭数=11
19:58:31 INFO: レース結果取得開始: race_id=202205050512
19:58:32 INFO: 取得完了: race_id=202205050512, 出走頭数=18
19:58:32 INFO: レース結果取得開始: race_id=202209050501
19:58:34 INFO: 取得完了: race_id=202209050501, 出走頭数=15
19:58:34 INFO: レース結果取得開始: race_id=202209050502
19:58:36 INFO: 取得完了: race_id=202209050502, 出走頭数=11
19:58:36 INFO: レース結果取得開始: race_id=202209050503
19:58:37 INFO: 取得完了: race_id=202209050503, 出走頭数=13
19:58:37 INFO: レース結果取得開始: race_id=202209050504
19:58:39 INFO: 取得完了: race_id=202209050504, 出走頭数=13
19:58:39 INFO: レース結果取得開始: race_id=202209050505
19:58:40 INFO: 取得完了: race_id=202209050505, 出走頭数=14
19:58:40 INFO: レース結果取得開始: race_id=202209050506
19:58:42 INFO: 取得完了: race_id=202209050506, 出走頭数=16
19:58:42 INFO: レース結果取得開始: race_id=202209050507
19:58:44 INFO: 取得完了: race_id=202209050507, 出走頭数=11
19:58:44 INFO: レース結果取得開始: race_id=202209050508
19:58:45 INFO: 取得完了: race_id=202209050508, 出走頭数=16
19:58:45 INFO: レース結果取得開始: race_id=202209050509
19:58:47 INFO: 取得完了: race_id=202209050509, 出走頭数=16
19:58:47 INFO: レース結果取得開始: race_id=202209050510
19:58:48 INFO: 取得完了: race_id=202209050510, 出走頭数=12
19:58:48 INFO: レース結果取得開始: race_id=202209050511
19:58:49 INFO: 取得完了: race_id=202209050511, 出走頭数=11
19:58:49 INFO: レース結果取得開始: race_id=202209050512
19:58:51 INFO: 取得完了: race_id=202209050512, 出走頭数=18
19:58:51 INFO: レース結果取得開始: race_id=202203030601
19:58:53 INFO: 取得完了: race_id=202203030601, 出走頭数=16
19:58:53 INFO: レース結果取得開始: race_id=202203030602
19:58:54 INFO: 取得完了: race_id=202203030602, 出走頭数=15
19:58:54 INFO: レース結果取得開始: race_id=202203030603
19:58:56 INFO: 取得完了: race_id=202203030603, 出走頭数=15
19:58:56 INFO: レース結果取得開始: race_id=202203030604
19:58:58 INFO: 取得完了: race_id=202203030604, 出走頭数=12
19:58:58 INFO: レース結果取得開始: race_id=202203030605
19:58:59 INFO: 取得完了: race_id=202203030605, 出走頭数=11
19:58:59 INFO: レース結果取得開始: race_id=202203030606
19:59:01 INFO: 取得完了: race_id=202203030606, 出走頭数=15
19:59:01 INFO: レース結果取得開始: race_id=202203030607
19:59:03 INFO: 取得完了: race_id=202203030607, 出走頭数=16
19:59:03 INFO: レース結果取得開始: race_id=202203030608
19:59:04 INFO: 取得完了: race_id=202203030608, 出走頭数=16
19:59:04 INFO: レース結果取得開始: race_id=202203030609
19:59:06 INFO: 取得完了: race_id=202203030609, 出走頭数=15
19:59:06 INFO: レース結果取得開始: race_id=202203030610
19:59:08 INFO: 取得完了: race_id=202203030610, 出走頭数=16
19:59:08 INFO: レース結果取得開始: race_id=202203030611
19:59:10 INFO: 取得完了: race_id=202203030611, 出走頭数=14
19:59:10 INFO: レース結果取得開始: race_id=202203030612
19:59:11 INFO: 取得完了: race_id=202203030612, 出走頭数=16
19:59:11 INFO: レース結果取得開始: race_id=202205050601
19:59:13 INFO: 取得完了: race_id=202205050601, 出走頭数=16
19:59:13 INFO: レース結果取得開始: race_id=202205050602
19:59:15 INFO: 取得完了: race_id=202205050602, 出走頭数=15
19:59:15 INFO: レース結果取得開始: race_id=202205050603
19:59:17 INFO: 取得完了: race_id=202205050603, 出走頭数=17
19:59:17 INFO: レース結果取得開始: race_id=202205050604
19:59:18 INFO: 取得完了: race_id=202205050604, 出走頭数=16
[ 3100/6912] 202205050604: 16頭  errors=0  残り≈113分
19:59:19 INFO: レース結果取得開始: race_id=202205050605
19:59:20 INFO: 取得完了: race_id=202205050605, 出走頭数=10
19:59:20 INFO: レース結果取得開始: race_id=202205050606
19:59:22 INFO: 取得完了: race_id=202205050606, 出走頭数=18
19:59:22 INFO: レース結果取得開始: race_id=202205050607
19:59:23 INFO: 取得完了: race_id=202205050607, 出走頭数=16
19:59:23 INFO: レース結果取得開始: race_id=202205050608
19:59:26 INFO: 取得完了: race_id=202205050608, 出走頭数=6
19:59:26 INFO: レース結果取得開始: race_id=202205050609
19:59:28 INFO: 取得完了: race_id=202205050609, 出走頭数=16
19:59:28 INFO: レース結果取得開始: race_id=202205050610
19:59:30 INFO: 取得完了: race_id=202205050610, 出走頭数=10
19:59:30 INFO: レース結果取得開始: race_id=202205050611
19:59:32 INFO: 取得完了: race_id=202205050611, 出走頭数=14
19:59:32 INFO: レース結果取得開始: race_id=202205050612
19:59:33 INFO: 取得完了: race_id=202205050612, 出走頭数=16
19:59:33 INFO: レース結果取得開始: race_id=202209050601
19:59:35 INFO: 取得完了: race_id=202209050601, 出走頭数=12
19:59:35 INFO: レース結果取得開始: race_id=202209050602
19:59:37 INFO: 取得完了: race_id=202209050602, 出走頭数=14
19:59:37 INFO: レース結果取得開始: race_id=202209050603
19:59:38 INFO: 取得完了: race_id=202209050603, 出走頭数=14
19:59:38 INFO: レース結果取得開始: race_id=202209050604
19:59:41 INFO: 取得完了: race_id=202209050604, 出走頭数=9
19:59:41 INFO: レース結果取得開始: race_id=202209050605
19:59:43 INFO: 取得完了: race_id=202209050605, 出走頭数=9
19:59:44 INFO: レース結果取得開始: race_id=202209050606
19:59:46 INFO: 取得完了: race_id=202209050606, 出走頭数=12
19:59:46 INFO: レース結果取得開始: race_id=202209050607
19:59:47 INFO: 取得完了: race_id=202209050607, 出走頭数=16
19:59:47 INFO: レース結果取得開始: race_id=202209050608
19:59:49 INFO: 取得完了: race_id=202209050608, 出走頭数=5
19:59:49 INFO: レース結果取得開始: race_id=202209050609
19:59:51 INFO: 取得完了: race_id=202209050609, 出走頭数=16
19:59:51 INFO: レース結果取得開始: race_id=202209050610
19:59:53 INFO: 取得完了: race_id=202209050610, 出走頭数=11
19:59:53 INFO: レース結果取得開始: race_id=202209050611
19:59:55 INFO: 取得完了: race_id=202209050611, 出走頭数=17
19:59:55 INFO: レース結果取得開始: race_id=202209050612
19:59:57 INFO: 取得完了: race_id=202209050612, 出走頭数=14
19:59:57 INFO: レース結果取得開始: race_id=202205050701
19:59:59 INFO: 取得完了: race_id=202205050701, 出走頭数=16
19:59:59 INFO: レース結果取得開始: race_id=202205050702
20:00:01 INFO: 取得完了: race_id=202205050702, 出走頭数=18
20:00:01 INFO: レース結果取得開始: race_id=202205050703
20:00:02 INFO: 取得完了: race_id=202205050703, 出走頭数=16
20:00:02 INFO: レース結果取得開始: race_id=202205050704
20:00:04 INFO: 取得完了: race_id=202205050704, 出走頭数=12
20:00:04 INFO: レース結果取得開始: race_id=202205050705
20:00:07 INFO: 取得完了: race_id=202205050705, 出走頭数=18
20:00:07 INFO: レース結果取得開始: race_id=202205050706
20:00:08 INFO: 取得完了: race_id=202205050706, 出走頭数=16
20:00:08 INFO: レース結果取得開始: race_id=202205050707
20:00:10 INFO: 取得完了: race_id=202205050707, 出走頭数=7
20:00:10 INFO: レース結果取得開始: race_id=202205050708
20:00:12 INFO: 取得完了: race_id=202205050708, 出走頭数=16
20:00:12 INFO: レース結果取得開始: race_id=202205050709
20:00:14 INFO: 取得完了: race_id=202205050709, 出走頭数=10
20:00:14 INFO: レース結果取得開始: race_id=202205050710
20:00:16 INFO: 取得完了: race_id=202205050710, 出走頭数=14
20:00:16 INFO: レース結果取得開始: race_id=202205050711
20:00:18 INFO: 取得完了: race_id=202205050711, 出走頭数=18
20:00:18 INFO: レース結果取得開始: race_id=202205050712
20:00:20 INFO: 取得完了: race_id=202205050712, 出走頭数=13
20:00:20 INFO: レース結果取得開始: race_id=202209050701
20:00:21 INFO: 取得完了: race_id=202209050701, 出走頭数=11
20:00:21 INFO: レース結果取得開始: race_id=202209050702
20:00:23 INFO: 取得完了: race_id=202209050702, 出走頭数=13
20:00:23 INFO: レース結果取得開始: race_id=202209050703
20:00:24 INFO: 取得完了: race_id=202209050703, 出走頭数=16
20:00:24 INFO: レース結果取得開始: race_id=202209050704
20:00:26 INFO: 取得完了: race_id=202209050704, 出走頭数=16
20:00:27 INFO: レース結果取得開始: race_id=202209050705
20:00:28 INFO: 取得完了: race_id=202209050705, 出走頭数=18
20:00:28 INFO: レース結果取得開始: race_id=202209050706
20:00:30 INFO: 取得完了: race_id=202209050706, 出走頭数=9
20:00:30 INFO: レース結果取得開始: race_id=202209050707
20:00:31 INFO: 取得完了: race_id=202209050707, 出走頭数=15
20:00:31 INFO: レース結果取得開始: race_id=202209050708
20:00:33 INFO: 取得完了: race_id=202209050708, 出走頭数=13
20:00:33 INFO: レース結果取得開始: race_id=202209050709
20:00:35 INFO: 取得完了: race_id=202209050709, 出走頭数=11
20:00:35 INFO: レース結果取得開始: race_id=202209050710
20:00:37 INFO: 取得完了: race_id=202209050710, 出走頭数=16
20:00:37 INFO: レース結果取得開始: race_id=202209050711
20:00:38 INFO: 取得完了: race_id=202209050711, 出走頭数=15
20:00:38 INFO: レース結果取得開始: race_id=202209050712
20:00:40 INFO: 取得完了: race_id=202209050712, 出走頭数=16
20:00:40 INFO: レース結果取得開始: race_id=202205050801
20:00:41 INFO: 取得完了: race_id=202205050801, 出走頭数=16
20:00:41 INFO: レース結果取得開始: race_id=202205050802
20:00:43 INFO: 取得完了: race_id=202205050802, 出走頭数=17
20:00:43 INFO: レース結果取得開始: race_id=202205050803
20:00:45 INFO: 取得完了: race_id=202205050803, 出走頭数=16
20:00:45 INFO: レース結果取得開始: race_id=202205050804
20:00:46 INFO: 取得完了: race_id=202205050804, 出走頭数=9
20:00:46 INFO: レース結果取得開始: race_id=202205050805
20:00:47 INFO: 取得完了: race_id=202205050805, 出走頭数=16
20:00:47 INFO: レース結果取得開始: race_id=202205050806
20:00:49 INFO: 取得完了: race_id=202205050806, 出走頭数=16
20:00:49 INFO: レース結果取得開始: race_id=202205050807
20:00:51 INFO: 取得完了: race_id=202205050807, 出走頭数=16
20:00:51 INFO: レース結果取得開始: race_id=202205050808
20:00:53 INFO: 取得完了: race_id=202205050808, 出走頭数=10
20:00:53 INFO: レース結果取得開始: race_id=202205050809
20:00:54 INFO: 取得完了: race_id=202205050809, 出走頭数=15
20:00:54 INFO: レース結果取得開始: race_id=202205050810
20:00:56 INFO: 取得完了: race_id=202205050810, 出走頭数=16
20:00:56 INFO: レース結果取得開始: race_id=202205050811
20:00:57 INFO: 取得完了: race_id=202205050811, 出走頭数=16
20:00:57 INFO: レース結果取得開始: race_id=202205050812
20:00:59 INFO: 取得完了: race_id=202205050812, 出走頭数=18
20:00:59 INFO: レース結果取得開始: race_id=202209050801
20:01:00 INFO: 取得完了: race_id=202209050801, 出走頭数=13
20:01:00 INFO: レース結果取得開始: race_id=202209050802
20:01:03 INFO: 取得完了: race_id=202209050802, 出走頭数=16
20:01:03 INFO: レース結果取得開始: race_id=202209050803
20:01:05 INFO: 取得完了: race_id=202209050803, 出走頭数=12
20:01:05 INFO: レース結果取得開始: race_id=202209050804
20:01:06 INFO: 取得完了: race_id=202209050804, 出走頭数=16
20:01:06 INFO: レース結果取得開始: race_id=202209050805
20:01:08 INFO: 取得完了: race_id=202209050805, 出走頭数=8
20:01:08 INFO: レース結果取得開始: race_id=202209050806
20:01:10 INFO: 取得完了: race_id=202209050806, 出走頭数=14
20:01:10 INFO: レース結果取得開始: race_id=202209050807
20:01:11 INFO: 取得完了: race_id=202209050807, 出走頭数=8
20:01:11 INFO: レース結果取得開始: race_id=202209050808
20:01:13 INFO: 取得完了: race_id=202209050808, 出走頭数=16
20:01:13 INFO: レース結果取得開始: race_id=202209050809
20:01:14 INFO: 取得完了: race_id=202209050809, 出走頭数=11
20:01:14 INFO: レース結果取得開始: race_id=202209050810
20:01:16 INFO: 取得完了: race_id=202209050810, 出走頭数=13
20:01:16 INFO: レース結果取得開始: race_id=202209050811
20:01:17 INFO: 取得完了: race_id=202209050811, 出走頭数=16
20:01:17 INFO: レース結果取得開始: race_id=202209050812
20:01:19 INFO: 取得完了: race_id=202209050812, 出走頭数=16
20:01:19 INFO: レース結果取得開始: race_id=202206050101
20:01:21 INFO: 取得完了: race_id=202206050101, 出走頭数=16
20:01:22 INFO: レース結果取得開始: race_id=202206050102
20:01:24 INFO: 取得完了: race_id=202206050102, 出走頭数=16
20:01:24 INFO: レース結果取得開始: race_id=202206050103
20:01:26 INFO: 取得完了: race_id=202206050103, 出走頭数=15
20:01:26 INFO: レース結果取得開始: race_id=202206050104
20:01:28 INFO: 取得完了: race_id=202206050104, 出走頭数=16
20:01:28 INFO: レース結果取得開始: race_id=202206050105
20:01:30 INFO: 取得完了: race_id=202206050105, 出走頭数=16
20:01:30 INFO: レース結果取得開始: race_id=202206050106
20:01:32 INFO: 取得完了: race_id=202206050106, 出走頭数=16
20:01:32 INFO: レース結果取得開始: race_id=202206050107
20:01:34 INFO: 取得完了: race_id=202206050107, 出走頭数=11
20:01:34 INFO: レース結果取得開始: race_id=202206050108
20:01:36 INFO: 取得完了: race_id=202206050108, 出走頭数=14
20:01:36 INFO: レース結果取得開始: race_id=202206050109
20:01:38 INFO: 取得完了: race_id=202206050109, 出走頭数=18
20:01:38 INFO: レース結果取得開始: race_id=202206050110
20:01:39 INFO: 取得完了: race_id=202206050110, 出走頭数=16
20:01:39 INFO: レース結果取得開始: race_id=202206050111
20:01:41 INFO: 取得完了: race_id=202206050111, 出走頭数=14
20:01:41 INFO: レース結果取得開始: race_id=202206050112
20:01:42 INFO: 取得完了: race_id=202206050112, 出走頭数=16
20:01:42 INFO: レース結果取得開始: race_id=202207060101
20:01:44 INFO: 取得完了: race_id=202207060101, 出走頭数=14
20:01:44 INFO: レース結果取得開始: race_id=202207060102
20:01:46 INFO: 取得完了: race_id=202207060102, 出走頭数=16
20:01:46 INFO: レース結果取得開始: race_id=202207060103
20:01:48 INFO: 取得完了: race_id=202207060103, 出走頭数=13
20:01:48 INFO: レース結果取得開始: race_id=202207060104
20:01:49 INFO: 取得完了: race_id=202207060104, 出走頭数=16
20:01:49 INFO: レース結果取得開始: race_id=202207060105
20:01:52 INFO: 取得完了: race_id=202207060105, 出走頭数=16
20:01:52 INFO: レース結果取得開始: race_id=202207060106
20:01:54 INFO: 取得完了: race_id=202207060106, 出走頭数=10
20:01:54 INFO: レース結果取得開始: race_id=202207060107
20:01:55 INFO: 取得完了: race_id=202207060107, 出走頭数=16
20:01:55 INFO: レース結果取得開始: race_id=202207060108
20:01:57 INFO: 取得完了: race_id=202207060108, 出走頭数=15
20:01:57 INFO: レース結果取得開始: race_id=202207060109
20:01:59 INFO: 取得完了: race_id=202207060109, 出走頭数=15
20:01:59 INFO: レース結果取得開始: race_id=202207060110
20:02:01 INFO: 取得完了: race_id=202207060110, 出走頭数=10
20:02:01 INFO: レース結果取得開始: race_id=202207060111
20:02:02 INFO: 取得完了: race_id=202207060111, 出走頭数=11
20:02:02 INFO: レース結果取得開始: race_id=202207060112
20:02:04 INFO: 取得完了: race_id=202207060112, 出走頭数=16
20:02:04 INFO: レース結果取得開始: race_id=202209060101
20:02:06 INFO: 取得完了: race_id=202209060101, 出走頭数=13
20:02:06 INFO: レース結果取得開始: race_id=202209060102
20:02:08 INFO: 取得完了: race_id=202209060102, 出走頭数=14
20:02:08 INFO: レース結果取得開始: race_id=202209060103
20:02:10 INFO: 取得完了: race_id=202209060103, 出走頭数=14
20:02:10 INFO: レース結果取得開始: race_id=202209060104
20:02:12 INFO: 取得完了: race_id=202209060104, 出走頭数=11
20:02:12 INFO: レース結果取得開始: race_id=202209060105
20:02:14 INFO: 取得完了: race_id=202209060105, 出走頭数=12
20:02:14 INFO: レース結果取得開始: race_id=202209060106
20:02:16 INFO: 取得完了: race_id=202209060106, 出走頭数=16
20:02:16 INFO: レース結果取得開始: race_id=202209060107
20:02:18 INFO: 取得完了: race_id=202209060107, 出走頭数=9
20:02:18 INFO: レース結果取得開始: race_id=202209060108
20:02:19 INFO: 取得完了: race_id=202209060108, 出走頭数=12
[ 3200/6912] 202209060108: 12頭  errors=0  残り≈110分
20:02:19 INFO: レース結果取得開始: race_id=202209060109
20:02:21 INFO: 取得完了: race_id=202209060109, 出走頭数=12
20:02:21 INFO: レース結果取得開始: race_id=202209060110
20:02:22 INFO: 取得完了: race_id=202209060110, 出走頭数=13
20:02:22 INFO: レース結果取得開始: race_id=202209060111
20:02:24 INFO: 取得完了: race_id=202209060111, 出走頭数=14
20:02:24 INFO: レース結果取得開始: race_id=202209060112
20:02:26 INFO: 取得完了: race_id=202209060112, 出走頭数=9
20:02:26 INFO: レース結果取得開始: race_id=202206050201
20:02:27 INFO: 取得完了: race_id=202206050201, 出走頭数=16
20:02:27 INFO: レース結果取得開始: race_id=202206050202
20:02:29 INFO: 取得完了: race_id=202206050202, 出走頭数=16
20:02:29 INFO: レース結果取得開始: race_id=202206050203
20:02:31 INFO: 取得完了: race_id=202206050203, 出走頭数=16
20:02:31 INFO: レース結果取得開始: race_id=202206050204
20:02:34 INFO: 取得完了: race_id=202206050204, 出走頭数=15
20:02:34 INFO: レース結果取得開始: race_id=202206050205
20:02:35 INFO: 取得完了: race_id=202206050205, 出走頭数=14
20:02:35 INFO: レース結果取得開始: race_id=202206050206
20:02:37 INFO: 取得完了: race_id=202206050206, 出走頭数=12
20:02:37 INFO: レース結果取得開始: race_id=202206050207
20:02:38 INFO: 取得完了: race_id=202206050207, 出走頭数=16
20:02:38 INFO: レース結果取得開始: race_id=202206050208
20:02:40 INFO: 取得完了: race_id=202206050208, 出走頭数=16
20:02:40 INFO: レース結果取得開始: race_id=202206050209
20:02:42 INFO: 取得完了: race_id=202206050209, 出走頭数=16
20:02:42 INFO: レース結果取得開始: race_id=202206050210
20:02:43 INFO: 取得完了: race_id=202206050210, 出走頭数=16
20:02:43 INFO: レース結果取得開始: race_id=202206050211
20:02:45 INFO: 取得完了: race_id=202206050211, 出走頭数=16
20:02:45 INFO: レース結果取得開始: race_id=202206050212
20:02:47 INFO: 取得完了: race_id=202206050212, 出走頭数=10
20:02:47 INFO: レース結果取得開始: race_id=202207060201
20:02:49 INFO: 取得完了: race_id=202207060201, 出走頭数=14
20:02:49 INFO: レース結果取得開始: race_id=202207060202
20:02:50 INFO: 取得完了: race_id=202207060202, 出走頭数=10
20:02:50 INFO: レース結果取得開始: race_id=202207060203
20:02:52 INFO: 取得完了: race_id=202207060203, 出走頭数=16
20:02:52 INFO: レース結果取得開始: race_id=202207060204
20:02:54 INFO: 取得完了: race_id=202207060204, 出走頭数=18
20:02:54 INFO: レース結果取得開始: race_id=202207060205
20:02:56 INFO: 取得完了: race_id=202207060205, 出走頭数=9
20:02:56 INFO: レース結果取得開始: race_id=202207060206
20:02:58 INFO: 取得完了: race_id=202207060206, 出走頭数=16
20:02:58 INFO: レース結果取得開始: race_id=202207060207
20:03:00 INFO: 取得完了: race_id=202207060207, 出走頭数=12
20:03:00 INFO: レース結果取得開始: race_id=202207060208
20:03:01 INFO: 取得完了: race_id=202207060208, 出走頭数=18
20:03:01 INFO: レース結果取得開始: race_id=202207060209
20:03:03 INFO: 取得完了: race_id=202207060209, 出走頭数=12
20:03:03 INFO: レース結果取得開始: race_id=202207060210
20:03:05 INFO: 取得完了: race_id=202207060210, 出走頭数=16
20:03:05 INFO: レース結果取得開始: race_id=202207060211
20:03:07 INFO: 取得完了: race_id=202207060211, 出走頭数=16
20:03:07 INFO: レース結果取得開始: race_id=202207060212
20:03:09 INFO: 取得完了: race_id=202207060212, 出走頭数=11
20:03:09 INFO: レース結果取得開始: race_id=202209060201
20:03:11 INFO: 取得完了: race_id=202209060201, 出走頭数=13
20:03:11 INFO: レース結果取得開始: race_id=202209060202
20:03:12 INFO: 取得完了: race_id=202209060202, 出走頭数=11
20:03:12 INFO: レース結果取得開始: race_id=202209060203
20:03:14 INFO: 取得完了: race_id=202209060203, 出走頭数=11
20:03:14 INFO: レース結果取得開始: race_id=202209060204
20:03:16 INFO: 取得完了: race_id=202209060204, 出走頭数=8
20:03:16 INFO: レース結果取得開始: race_id=202209060205
20:03:18 INFO: 取得完了: race_id=202209060205, 出走頭数=14
20:03:18 INFO: レース結果取得開始: race_id=202209060206
20:03:19 INFO: 取得完了: race_id=202209060206, 出走頭数=12
20:03:19 INFO: レース結果取得開始: race_id=202209060207
20:03:20 INFO: 取得完了: race_id=202209060207, 出走頭数=9
20:03:20 INFO: レース結果取得開始: race_id=202209060208
20:03:22 INFO: 取得完了: race_id=202209060208, 出走頭数=15
20:03:22 INFO: レース結果取得開始: race_id=202209060209
20:03:24 INFO: 取得完了: race_id=202209060209, 出走頭数=8
20:03:24 INFO: レース結果取得開始: race_id=202209060210
20:03:26 INFO: 取得完了: race_id=202209060210, 出走頭数=12
20:03:26 INFO: レース結果取得開始: race_id=202209060211
20:03:27 INFO: 取得完了: race_id=202209060211, 出走頭数=14
20:03:27 INFO: レース結果取得開始: race_id=202209060212
20:03:29 INFO: 取得完了: race_id=202209060212, 出走頭数=12
20:03:29 INFO: レース結果取得開始: race_id=202206050301
20:03:30 INFO: 取得完了: race_id=202206050301, 出走頭数=16
20:03:30 INFO: レース結果取得開始: race_id=202206050302
20:03:33 INFO: 取得完了: race_id=202206050302, 出走頭数=15
20:03:33 INFO: レース結果取得開始: race_id=202206050303
20:03:34 INFO: 取得完了: race_id=202206050303, 出走頭数=16
20:03:34 INFO: レース結果取得開始: race_id=202206050304
20:03:37 INFO: 取得完了: race_id=202206050304, 出走頭数=16
20:03:37 INFO: レース結果取得開始: race_id=202206050305
20:03:38 INFO: 取得完了: race_id=202206050305, 出走頭数=16
20:03:38 INFO: レース結果取得開始: race_id=202206050306
20:03:40 INFO: 取得完了: race_id=202206050306, 出走頭数=16
20:03:40 INFO: レース結果取得開始: race_id=202206050307
20:03:42 INFO: 取得完了: race_id=202206050307, 出走頭数=16
20:03:42 INFO: レース結果取得開始: race_id=202206050308
20:03:44 INFO: 取得完了: race_id=202206050308, 出走頭数=13
20:03:44 INFO: レース結果取得開始: race_id=202206050309
20:03:45 INFO: 取得完了: race_id=202206050309, 出走頭数=11
20:03:45 INFO: レース結果取得開始: race_id=202206050310
20:03:47 INFO: 取得完了: race_id=202206050310, 出走頭数=16
20:03:47 INFO: レース結果取得開始: race_id=202206050311
20:03:49 INFO: 取得完了: race_id=202206050311, 出走頭数=16
20:03:49 INFO: レース結果取得開始: race_id=202206050312
20:03:51 INFO: 取得完了: race_id=202206050312, 出走頭数=18
20:03:51 INFO: レース結果取得開始: race_id=202207060301
20:03:52 INFO: 取得完了: race_id=202207060301, 出走頭数=13
20:03:53 INFO: レース結果取得開始: race_id=202207060302
20:03:54 INFO: 取得完了: race_id=202207060302, 出走頭数=12
20:03:54 INFO: レース結果取得開始: race_id=202207060303
20:03:56 INFO: 取得完了: race_id=202207060303, 出走頭数=14
20:03:56 INFO: レース結果取得開始: race_id=202207060304
20:03:58 INFO: 取得完了: race_id=202207060304, 出走頭数=16
20:03:58 INFO: レース結果取得開始: race_id=202207060305
20:04:00 INFO: 取得完了: race_id=202207060305, 出走頭数=13
20:04:00 INFO: レース結果取得開始: race_id=202207060306
20:04:02 INFO: 取得完了: race_id=202207060306, 出走頭数=15
20:04:02 INFO: レース結果取得開始: race_id=202207060307
20:04:03 INFO: 取得完了: race_id=202207060307, 出走頭数=15
20:04:03 INFO: レース結果取得開始: race_id=202207060308
20:04:05 INFO: 取得完了: race_id=202207060308, 出走頭数=9
20:04:05 INFO: レース結果取得開始: race_id=202207060309
20:04:07 INFO: 取得完了: race_id=202207060309, 出走頭数=13
20:04:07 INFO: レース結果取得開始: race_id=202207060310
20:04:09 INFO: 取得完了: race_id=202207060310, 出走頭数=16
20:04:09 INFO: レース結果取得開始: race_id=202207060311
20:04:11 INFO: 取得完了: race_id=202207060311, 出走頭数=18
20:04:11 INFO: レース結果取得開始: race_id=202207060312
20:04:12 INFO: 取得完了: race_id=202207060312, 出走頭数=18
20:04:12 INFO: レース結果取得開始: race_id=202209060301
20:04:14 INFO: 取得完了: race_id=202209060301, 出走頭数=13
20:04:14 INFO: レース結果取得開始: race_id=202209060302
20:04:15 INFO: 取得完了: race_id=202209060302, 出走頭数=13
20:04:15 INFO: レース結果取得開始: race_id=202209060303
20:04:17 INFO: 取得完了: race_id=202209060303, 出走頭数=11
20:04:17 INFO: レース結果取得開始: race_id=202209060304
20:04:18 INFO: 取得完了: race_id=202209060304, 出走頭数=14
20:04:18 INFO: レース結果取得開始: race_id=202209060305
20:04:20 INFO: 取得完了: race_id=202209060305, 出走頭数=9
20:04:20 INFO: レース結果取得開始: race_id=202209060306
20:04:21 INFO: 取得完了: race_id=202209060306, 出走頭数=14
20:04:21 INFO: レース結果取得開始: race_id=202209060307
20:04:23 INFO: 取得完了: race_id=202209060307, 出走頭数=16
20:04:23 INFO: レース結果取得開始: race_id=202209060308
20:04:25 INFO: 取得完了: race_id=202209060308, 出走頭数=13
20:04:25 INFO: レース結果取得開始: race_id=202209060309
20:04:27 INFO: 取得完了: race_id=202209060309, 出走頭数=13
20:04:27 INFO: レース結果取得開始: race_id=202209060310
20:04:29 INFO: 取得完了: race_id=202209060310, 出走頭数=16
20:04:29 INFO: レース結果取得開始: race_id=202209060311
20:04:31 INFO: 取得完了: race_id=202209060311, 出走頭数=9
20:04:31 INFO: レース結果取得開始: race_id=202209060312
20:04:32 INFO: 取得完了: race_id=202209060312, 出走頭数=13
20:04:32 INFO: レース結果取得開始: race_id=202206050401
20:04:34 INFO: 取得完了: race_id=202206050401, 出走頭数=16
20:04:34 INFO: レース結果取得開始: race_id=202206050402
20:04:37 INFO: 取得完了: race_id=202206050402, 出走頭数=16
20:04:37 INFO: レース結果取得開始: race_id=202206050403
20:04:38 INFO: 取得完了: race_id=202206050403, 出走頭数=15
20:04:38 INFO: レース結果取得開始: race_id=202206050404
20:04:40 INFO: 取得完了: race_id=202206050404, 出走頭数=13
20:04:40 INFO: レース結果取得開始: race_id=202206050405
20:04:41 INFO: 取得完了: race_id=202206050405, 出走頭数=16
20:04:41 INFO: レース結果取得開始: race_id=202206050406
20:04:43 INFO: 取得完了: race_id=202206050406, 出走頭数=15
20:04:43 INFO: レース結果取得開始: race_id=202206050407
20:04:44 INFO: 取得完了: race_id=202206050407, 出走頭数=15
20:04:44 INFO: レース結果取得開始: race_id=202206050408
20:04:46 INFO: 取得完了: race_id=202206050408, 出走頭数=11
20:04:46 INFO: レース結果取得開始: race_id=202206050409
20:04:48 INFO: 取得完了: race_id=202206050409, 出走頭数=16
20:04:48 INFO: レース結果取得開始: race_id=202206050410
20:04:50 INFO: 取得完了: race_id=202206050410, 出走頭数=16
20:04:50 INFO: レース結果取得開始: race_id=202206050411
20:04:53 INFO: 取得完了: race_id=202206050411, 出走頭数=16
20:04:53 INFO: レース結果取得開始: race_id=202206050412
20:04:55 INFO: 取得完了: race_id=202206050412, 出走頭数=15
20:04:55 INFO: レース結果取得開始: race_id=202207060401
20:04:56 INFO: 取得完了: race_id=202207060401, 出走頭数=11
20:04:56 INFO: レース結果取得開始: race_id=202207060402
20:04:58 INFO: 取得完了: race_id=202207060402, 出走頭数=13
20:04:58 INFO: レース結果取得開始: race_id=202207060403
20:04:59 INFO: 取得完了: race_id=202207060403, 出走頭数=11
20:04:59 INFO: レース結果取得開始: race_id=202207060404
20:05:01 INFO: 取得完了: race_id=202207060404, 出走頭数=18
20:05:01 INFO: レース結果取得開始: race_id=202207060405
20:05:03 INFO: 取得完了: race_id=202207060405, 出走頭数=12
20:05:03 INFO: レース結果取得開始: race_id=202207060406
20:05:05 INFO: 取得完了: race_id=202207060406, 出走頭数=15
20:05:05 INFO: レース結果取得開始: race_id=202207060407
20:05:07 INFO: 取得完了: race_id=202207060407, 出走頭数=12
20:05:07 INFO: レース結果取得開始: race_id=202207060408
20:05:09 INFO: 取得完了: race_id=202207060408, 出走頭数=16
20:05:09 INFO: レース結果取得開始: race_id=202207060409
20:05:11 INFO: 取得完了: race_id=202207060409, 出走頭数=10
20:05:11 INFO: レース結果取得開始: race_id=202207060410
20:05:12 INFO: 取得完了: race_id=202207060410, 出走頭数=11
20:05:12 INFO: レース結果取得開始: race_id=202207060411
20:05:13 INFO: 取得完了: race_id=202207060411, 出走頭数=16
20:05:13 INFO: レース結果取得開始: race_id=202207060412
20:05:16 INFO: 取得完了: race_id=202207060412, 出走頭数=16
[ 3300/6912] 202207060412: 16頭  errors=0  残り≈107分
20:05:16 INFO: レース結果取得開始: race_id=202209060401
20:05:17 INFO: 取得完了: race_id=202209060401, 出走頭数=9
20:05:17 INFO: レース結果取得開始: race_id=202209060402
20:05:19 INFO: 取得完了: race_id=202209060402, 出走頭数=11
20:05:19 INFO: レース結果取得開始: race_id=202209060403
20:05:21 INFO: 取得完了: race_id=202209060403, 出走頭数=15
20:05:21 INFO: レース結果取得開始: race_id=202209060404
20:05:23 INFO: 取得完了: race_id=202209060404, 出走頭数=9
20:05:23 INFO: レース結果取得開始: race_id=202209060405
20:05:24 INFO: 取得完了: race_id=202209060405, 出走頭数=14
20:05:24 INFO: レース結果取得開始: race_id=202209060406
20:05:26 INFO: 取得完了: race_id=202209060406, 出走頭数=8
20:05:26 INFO: レース結果取得開始: race_id=202209060407
20:05:27 INFO: 取得完了: race_id=202209060407, 出走頭数=10
20:05:27 INFO: レース結果取得開始: race_id=202209060408
20:05:29 INFO: 取得完了: race_id=202209060408, 出走頭数=10
20:05:29 INFO: レース結果取得開始: race_id=202209060409
20:05:30 INFO: 取得完了: race_id=202209060409, 出走頭数=12
20:05:30 INFO: レース結果取得開始: race_id=202209060410
20:05:32 INFO: 取得完了: race_id=202209060410, 出走頭数=12
20:05:32 INFO: レース結果取得開始: race_id=202209060411
20:05:34 INFO: 取得完了: race_id=202209060411, 出走頭数=18
20:05:34 INFO: レース結果取得開始: race_id=202209060412
20:05:37 INFO: 取得完了: race_id=202209060412, 出走頭数=16
20:05:37 INFO: レース結果取得開始: race_id=202206050501
20:05:39 INFO: 取得完了: race_id=202206050501, 出走頭数=16
20:05:39 INFO: レース結果取得開始: race_id=202206050502
20:05:40 INFO: 取得完了: race_id=202206050502, 出走頭数=16
20:05:40 INFO: レース結果取得開始: race_id=202206050503
20:05:42 INFO: 取得完了: race_id=202206050503, 出走頭数=16
20:05:42 INFO: レース結果取得開始: race_id=202206050504
20:05:45 INFO: 取得完了: race_id=202206050504, 出走頭数=16
20:05:45 INFO: レース結果取得開始: race_id=202206050505
20:05:47 INFO: 取得完了: race_id=202206050505, 出走頭数=17
20:05:47 INFO: レース結果取得開始: race_id=202206050506
20:05:49 INFO: 取得完了: race_id=202206050506, 出走頭数=15
20:05:49 INFO: レース結果取得開始: race_id=202206050507
20:05:51 INFO: 取得完了: race_id=202206050507, 出走頭数=18
20:05:51 INFO: レース結果取得開始: race_id=202206050508
20:05:53 INFO: 取得完了: race_id=202206050508, 出走頭数=16
20:05:53 INFO: レース結果取得開始: race_id=202206050509
20:05:55 INFO: 取得完了: race_id=202206050509, 出走頭数=13
20:05:55 INFO: レース結果取得開始: race_id=202206050510
20:05:57 INFO: 取得完了: race_id=202206050510, 出走頭数=16
20:05:57 INFO: レース結果取得開始: race_id=202206050511
20:05:58 INFO: 取得完了: race_id=202206050511, 出走頭数=16
20:05:58 INFO: レース結果取得開始: race_id=202206050512
20:05:59 INFO: 取得完了: race_id=202206050512, 出走頭数=15
20:05:59 INFO: レース結果取得開始: race_id=202207060501
20:06:01 INFO: 取得完了: race_id=202207060501, 出走頭数=16
20:06:01 INFO: レース結果取得開始: race_id=202207060502
20:06:03 INFO: 取得完了: race_id=202207060502, 出走頭数=16
20:06:03 INFO: レース結果取得開始: race_id=202207060503
20:06:04 INFO: 取得完了: race_id=202207060503, 出走頭数=11
20:06:04 INFO: レース結果取得開始: race_id=202207060504
20:06:06 INFO: 取得完了: race_id=202207060504, 出走頭数=16
20:06:06 INFO: レース結果取得開始: race_id=202207060505
20:06:07 INFO: 取得完了: race_id=202207060505, 出走頭数=8
20:06:07 INFO: レース結果取得開始: race_id=202207060506
20:06:09 INFO: 取得完了: race_id=202207060506, 出走頭数=15
20:06:09 INFO: レース結果取得開始: race_id=202207060507
20:06:10 INFO: 取得完了: race_id=202207060507, 出走頭数=16
20:06:10 INFO: レース結果取得開始: race_id=202207060508
20:06:12 INFO: 取得完了: race_id=202207060508, 出走頭数=16
20:06:12 INFO: レース結果取得開始: race_id=202207060509
20:06:14 INFO: 取得完了: race_id=202207060509, 出走頭数=10
20:06:14 INFO: レース結果取得開始: race_id=202207060510
20:06:16 INFO: 取得完了: race_id=202207060510, 出走頭数=16
20:06:16 INFO: レース結果取得開始: race_id=202207060511
20:06:17 INFO: 取得完了: race_id=202207060511, 出走頭数=16
20:06:17 INFO: レース結果取得開始: race_id=202207060512
20:06:19 INFO: 取得完了: race_id=202207060512, 出走頭数=17
20:06:19 INFO: レース結果取得開始: race_id=202209060501
20:06:20 INFO: 取得完了: race_id=202209060501, 出走頭数=14
20:06:20 INFO: レース結果取得開始: race_id=202209060502
20:06:22 INFO: 取得完了: race_id=202209060502, 出走頭数=15
20:06:22 INFO: レース結果取得開始: race_id=202209060503
20:06:24 INFO: 取得完了: race_id=202209060503, 出走頭数=16
20:06:24 INFO: レース結果取得開始: race_id=202209060504
20:06:25 INFO: 取得完了: race_id=202209060504, 出走頭数=11
20:06:25 INFO: レース結果取得開始: race_id=202209060505
20:06:27 INFO: 取得完了: race_id=202209060505, 出走頭数=9
20:06:27 INFO: レース結果取得開始: race_id=202209060506
20:06:29 INFO: 取得完了: race_id=202209060506, 出走頭数=9
20:06:29 INFO: レース結果取得開始: race_id=202209060507
20:06:31 INFO: 取得完了: race_id=202209060507, 出走頭数=18
20:06:31 INFO: レース結果取得開始: race_id=202209060508
20:06:32 INFO: 取得完了: race_id=202209060508, 出走頭数=15
20:06:32 INFO: レース結果取得開始: race_id=202209060509
20:06:35 INFO: 取得完了: race_id=202209060509, 出走頭数=11
20:06:35 INFO: レース結果取得開始: race_id=202209060510
20:06:37 INFO: 取得完了: race_id=202209060510, 出走頭数=12
20:06:37 INFO: レース結果取得開始: race_id=202209060511
20:06:39 INFO: 取得完了: race_id=202209060511, 出走頭数=16
20:06:39 INFO: レース結果取得開始: race_id=202209060512
20:06:41 INFO: 取得完了: race_id=202209060512, 出走頭数=15
20:06:42 INFO: レース結果取得開始: race_id=202206050601
20:06:43 INFO: 取得完了: race_id=202206050601, 出走頭数=16
20:06:43 INFO: レース結果取得開始: race_id=202206050602
20:06:45 INFO: 取得完了: race_id=202206050602, 出走頭数=16
20:06:45 INFO: レース結果取得開始: race_id=202206050603
20:06:47 INFO: 取得完了: race_id=202206050603, 出走頭数=16
20:06:47 INFO: レース結果取得開始: race_id=202206050604
20:06:49 INFO: 取得完了: race_id=202206050604, 出走頭数=12
20:06:49 INFO: レース結果取得開始: race_id=202206050605
20:06:50 INFO: 取得完了: race_id=202206050605, 出走頭数=16
20:06:50 INFO: レース結果取得開始: race_id=202206050606
20:06:51 INFO: 取得完了: race_id=202206050606, 出走頭数=16
20:06:51 INFO: レース結果取得開始: race_id=202206050607
20:06:53 INFO: 取得完了: race_id=202206050607, 出走頭数=16
20:06:53 INFO: レース結果取得開始: race_id=202206050608
20:06:55 INFO: 取得完了: race_id=202206050608, 出走頭数=15
20:06:55 INFO: レース結果取得開始: race_id=202206050609
20:06:57 INFO: 取得完了: race_id=202206050609, 出走頭数=16
20:06:57 INFO: レース結果取得開始: race_id=202206050610
20:06:58 INFO: 取得完了: race_id=202206050610, 出走頭数=13
20:06:58 INFO: レース結果取得開始: race_id=202206050611
20:07:00 INFO: 取得完了: race_id=202206050611, 出走頭数=16
20:07:00 INFO: レース結果取得開始: race_id=202206050612
20:07:02 INFO: 取得完了: race_id=202206050612, 出走頭数=12
20:07:02 INFO: レース結果取得開始: race_id=202207060601
20:07:04 INFO: 取得完了: race_id=202207060601, 出走頭数=16
20:07:04 INFO: レース結果取得開始: race_id=202207060602
20:07:05 INFO: 取得完了: race_id=202207060602, 出走頭数=11
20:07:05 INFO: レース結果取得開始: race_id=202207060603
20:07:07 INFO: 取得完了: race_id=202207060603, 出走頭数=16
20:07:07 INFO: レース結果取得開始: race_id=202207060604
20:07:08 INFO: 取得完了: race_id=202207060604, 出走頭数=18
20:07:08 INFO: レース結果取得開始: race_id=202207060605
20:07:10 INFO: 取得完了: race_id=202207060605, 出走頭数=18
20:07:10 INFO: レース結果取得開始: race_id=202207060606
20:07:11 INFO: 取得完了: race_id=202207060606, 出走頭数=13
20:07:11 INFO: レース結果取得開始: race_id=202207060607
20:07:13 INFO: 取得完了: race_id=202207060607, 出走頭数=16
20:07:13 INFO: レース結果取得開始: race_id=202207060608
20:07:15 INFO: 取得完了: race_id=202207060608, 出走頭数=10
20:07:15 INFO: レース結果取得開始: race_id=202207060609
20:07:17 INFO: 取得完了: race_id=202207060609, 出走頭数=15
20:07:17 INFO: レース結果取得開始: race_id=202207060610
20:07:19 INFO: 取得完了: race_id=202207060610, 出走頭数=16
20:07:19 INFO: レース結果取得開始: race_id=202207060611
20:07:21 INFO: 取得完了: race_id=202207060611, 出走頭数=16
20:07:21 INFO: レース結果取得開始: race_id=202207060612
20:07:23 INFO: 取得完了: race_id=202207060612, 出走頭数=12
20:07:23 INFO: レース結果取得開始: race_id=202209060601
20:07:25 INFO: 取得完了: race_id=202209060601, 出走頭数=12
20:07:25 INFO: レース結果取得開始: race_id=202209060602
20:07:27 INFO: 取得完了: race_id=202209060602, 出走頭数=16
20:07:27 INFO: レース結果取得開始: race_id=202209060603
20:07:28 INFO: 取得完了: race_id=202209060603, 出走頭数=15
20:07:28 INFO: レース結果取得開始: race_id=202209060604
20:07:29 INFO: 取得完了: race_id=202209060604, 出走頭数=15
20:07:29 INFO: レース結果取得開始: race_id=202209060605
20:07:31 INFO: 取得完了: race_id=202209060605, 出走頭数=8
20:07:31 INFO: レース結果取得開始: race_id=202209060606
20:07:33 INFO: 取得完了: race_id=202209060606, 出走頭数=13
20:07:33 INFO: レース結果取得開始: race_id=202209060607
20:07:35 INFO: 取得完了: race_id=202209060607, 出走頭数=7
20:07:35 INFO: レース結果取得開始: race_id=202209060608
20:07:37 INFO: 取得完了: race_id=202209060608, 出走頭数=13
20:07:37 INFO: レース結果取得開始: race_id=202209060609
20:07:38 INFO: 取得完了: race_id=202209060609, 出走頭数=16
20:07:38 INFO: レース結果取得開始: race_id=202209060610
20:07:40 INFO: 取得完了: race_id=202209060610, 出走頭数=15
20:07:40 INFO: レース結果取得開始: race_id=202209060611
20:07:41 INFO: 取得完了: race_id=202209060611, 出走頭数=17
20:07:41 INFO: レース結果取得開始: race_id=202209060612
20:07:44 INFO: 取得完了: race_id=202209060612, 出走頭数=16
20:07:44 INFO: レース結果取得開始: race_id=202206050701
20:07:45 INFO: 取得完了: race_id=202206050701, 出走頭数=16
20:07:45 INFO: レース結果取得開始: race_id=202206050702
20:07:47 INFO: 取得完了: race_id=202206050702, 出走頭数=16
20:07:47 INFO: レース結果取得開始: race_id=202206050703
20:07:49 INFO: 取得完了: race_id=202206050703, 出走頭数=16
20:07:49 INFO: レース結果取得開始: race_id=202206050704
20:07:51 INFO: 取得完了: race_id=202206050704, 出走頭数=16
20:07:51 INFO: レース結果取得開始: race_id=202206050705
20:07:54 INFO: 取得完了: race_id=202206050705, 出走頭数=16
20:07:54 INFO: レース結果取得開始: race_id=202206050706
20:07:56 INFO: 取得完了: race_id=202206050706, 出走頭数=16
20:07:56 INFO: レース結果取得開始: race_id=202206050707
20:07:58 INFO: 取得完了: race_id=202206050707, 出走頭数=16
20:07:58 INFO: レース結果取得開始: race_id=202206050708
20:08:00 INFO: 取得完了: race_id=202206050708, 出走頭数=16
20:08:00 INFO: レース結果取得開始: race_id=202206050709
20:08:01 INFO: 取得完了: race_id=202206050709, 出走頭数=16
20:08:01 INFO: レース結果取得開始: race_id=202206050710
20:08:03 INFO: 取得完了: race_id=202206050710, 出走頭数=11
20:08:03 INFO: レース結果取得開始: race_id=202206050711
20:08:05 INFO: 取得完了: race_id=202206050711, 出走頭数=16
20:08:05 INFO: レース結果取得開始: race_id=202206050712
20:08:06 INFO: 取得完了: race_id=202206050712, 出走頭数=14
20:08:06 INFO: レース結果取得開始: race_id=202209060701
20:08:08 INFO: 取得完了: race_id=202209060701, 出走頭数=15
20:08:08 INFO: レース結果取得開始: race_id=202209060702
20:08:10 INFO: 取得完了: race_id=202209060702, 出走頭数=16
20:08:10 INFO: レース結果取得開始: race_id=202209060703
20:08:11 INFO: 取得完了: race_id=202209060703, 出走頭数=16
20:08:11 INFO: レース結果取得開始: race_id=202209060704
20:08:14 INFO: 取得完了: race_id=202209060704, 出走頭数=16
[ 3400/6912] 202209060704: 16頭  errors=0  残り≈104分
20:08:14 INFO: レース結果取得開始: race_id=202209060705
20:08:16 INFO: 取得完了: race_id=202209060705, 出走頭数=18
20:08:16 INFO: レース結果取得開始: race_id=202209060706
20:08:18 INFO: 取得完了: race_id=202209060706, 出走頭数=16
20:08:18 INFO: レース結果取得開始: race_id=202209060707
20:08:20 INFO: 取得完了: race_id=202209060707, 出走頭数=10
20:08:20 INFO: レース結果取得開始: race_id=202209060708
20:08:22 INFO: 取得完了: race_id=202209060708, 出走頭数=16
20:08:22 INFO: レース結果取得開始: race_id=202209060709
20:08:24 INFO: 取得完了: race_id=202209060709, 出走頭数=9
20:08:24 INFO: レース結果取得開始: race_id=202209060710
20:08:25 INFO: 取得完了: race_id=202209060710, 出走頭数=16
20:08:25 INFO: レース結果取得開始: race_id=202209060711
20:08:27 INFO: 取得完了: race_id=202209060711, 出走頭数=18
20:08:27 INFO: レース結果取得開始: race_id=202209060712
20:08:29 INFO: 取得完了: race_id=202209060712, 出走頭数=8
20:08:29 INFO: レース結果取得開始: race_id=202206050801
20:08:31 INFO: 取得完了: race_id=202206050801, 出走頭数=16
20:08:31 INFO: レース結果取得開始: race_id=202206050802
20:08:33 INFO: 取得完了: race_id=202206050802, 出走頭数=16
20:08:33 INFO: レース結果取得開始: race_id=202206050803
20:08:34 INFO: 取得完了: race_id=202206050803, 出走頭数=16
20:08:34 INFO: レース結果取得開始: race_id=202206050804
20:08:36 INFO: 取得完了: race_id=202206050804, 出走頭数=18
20:08:36 INFO: レース結果取得開始: race_id=202206050805
20:08:38 INFO: 取得完了: race_id=202206050805, 出走頭数=16
20:08:38 INFO: レース結果取得開始: race_id=202206050806
20:08:39 INFO: 取得完了: race_id=202206050806, 出走頭数=16
20:08:39 INFO: レース結果取得開始: race_id=202206050807
20:08:41 INFO: 取得完了: race_id=202206050807, 出走頭数=16
20:08:41 INFO: レース結果取得開始: race_id=202206050808
20:08:43 INFO: 取得完了: race_id=202206050808, 出走頭数=16
20:08:43 INFO: レース結果取得開始: race_id=202206050809
20:08:45 INFO: 取得完了: race_id=202206050809, 出走頭数=16
20:08:45 INFO: レース結果取得開始: race_id=202206050810
20:08:48 INFO: 取得完了: race_id=202206050810, 出走頭数=16
20:08:48 INFO: レース結果取得開始: race_id=202206050811
20:08:49 INFO: 取得完了: race_id=202206050811, 出走頭数=16
20:08:49 INFO: レース結果取得開始: race_id=202206050812
20:08:51 INFO: 取得完了: race_id=202206050812, 出走頭数=16
20:08:51 INFO: レース結果取得開始: race_id=202209060801
20:08:52 INFO: 取得完了: race_id=202209060801, 出走頭数=16
20:08:52 INFO: レース結果取得開始: race_id=202209060802
20:08:54 INFO: 取得完了: race_id=202209060802, 出走頭数=16
20:08:54 INFO: レース結果取得開始: race_id=202209060803
20:08:55 INFO: 取得完了: race_id=202209060803, 出走頭数=15
20:08:55 INFO: レース結果取得開始: race_id=202209060804
20:08:57 INFO: 取得完了: race_id=202209060804, 出走頭数=14
20:08:57 INFO: レース結果取得開始: race_id=202209060805
20:08:58 INFO: 取得完了: race_id=202209060805, 出走頭数=9
20:08:58 INFO: レース結果取得開始: race_id=202209060806
20:09:00 INFO: 取得完了: race_id=202209060806, 出走頭数=18
20:09:00 INFO: レース結果取得開始: race_id=202209060807
20:09:01 INFO: 取得完了: race_id=202209060807, 出走頭数=12
20:09:01 INFO: レース結果取得開始: race_id=202209060808
20:09:04 INFO: 取得完了: race_id=202209060808, 出走頭数=15
20:09:04 INFO: レース結果取得開始: race_id=202209060809
20:09:06 INFO: 取得完了: race_id=202209060809, 出走頭数=15
20:09:06 INFO: レース結果取得開始: race_id=202209060810
20:09:07 INFO: 取得完了: race_id=202209060810, 出走頭数=13
20:09:07 INFO: レース結果取得開始: race_id=202209060811
20:09:09 INFO: 取得完了: race_id=202209060811, 出走頭数=16
20:09:09 INFO: レース結果取得開始: race_id=202209060812
20:09:11 INFO: 取得完了: race_id=202209060812, 出走頭数=12
20:09:11 INFO: レース結果取得開始: race_id=202206050901
20:09:12 INFO: 取得完了: race_id=202206050901, 出走頭数=16
20:09:12 INFO: レース結果取得開始: race_id=202206050902
20:09:14 INFO: 取得完了: race_id=202206050902, 出走頭数=16
20:09:14 INFO: レース結果取得開始: race_id=202206050903
20:09:16 INFO: 取得完了: race_id=202206050903, 出走頭数=16
20:09:16 INFO: レース結果取得開始: race_id=202206050904
20:09:18 INFO: 取得完了: race_id=202206050904, 出走頭数=16
20:09:18 INFO: レース結果取得開始: race_id=202206050905
20:09:19 INFO: 取得完了: race_id=202206050905, 出走頭数=16
20:09:20 INFO: レース結果取得開始: race_id=202206050906
20:09:21 INFO: 取得完了: race_id=202206050906, 出走頭数=16
20:09:21 INFO: レース結果取得開始: race_id=202206050907
20:09:23 INFO: 取得完了: race_id=202206050907, 出走頭数=18
20:09:23 INFO: レース結果取得開始: race_id=202206050908
20:09:25 INFO: 取得完了: race_id=202206050908, 出走頭数=16
20:09:25 INFO: レース結果取得開始: race_id=202206050909
20:09:27 INFO: 取得完了: race_id=202206050909, 出走頭数=16
20:09:27 INFO: レース結果取得開始: race_id=202206050910
20:09:29 INFO: 取得完了: race_id=202206050910, 出走頭数=16
20:09:30 INFO: レース結果取得開始: race_id=202206050911
20:09:32 INFO: 取得完了: race_id=202206050911, 出走頭数=18
20:09:32 INFO: レース結果取得開始: race_id=202206050912
20:09:34 INFO: 取得完了: race_id=202206050912, 出走頭数=16
20:09:34 INFO: レース結果取得開始: race_id=202209060901
20:09:35 INFO: 取得完了: race_id=202209060901, 出走頭数=13
20:09:35 INFO: レース結果取得開始: race_id=202209060902
20:09:37 INFO: 取得完了: race_id=202209060902, 出走頭数=16
20:09:37 INFO: レース結果取得開始: race_id=202209060903
20:09:39 INFO: 取得完了: race_id=202209060903, 出走頭数=16
20:09:39 INFO: レース結果取得開始: race_id=202209060904
20:09:40 INFO: 取得完了: race_id=202209060904, 出走頭数=9
20:09:40 INFO: レース結果取得開始: race_id=202209060905
20:09:42 INFO: 取得完了: race_id=202209060905, 出走頭数=18
20:09:42 INFO: レース結果取得開始: race_id=202209060906
20:09:43 INFO: 取得完了: race_id=202209060906, 出走頭数=11
20:09:43 INFO: レース結果取得開始: race_id=202209060907
20:09:45 INFO: 取得完了: race_id=202209060907, 出走頭数=16
20:09:45 INFO: レース結果取得開始: race_id=202209060908
20:09:47 INFO: 取得完了: race_id=202209060908, 出走頭数=11
20:09:47 INFO: レース結果取得開始: race_id=202209060909
20:09:49 INFO: 取得完了: race_id=202209060909, 出走頭数=16
20:09:49 INFO: レース結果取得開始: race_id=202209060910
20:09:51 INFO: 取得完了: race_id=202209060910, 出走頭数=14
20:09:51 INFO: レース結果取得開始: race_id=202209060911
20:09:52 INFO: 取得完了: race_id=202209060911, 出走頭数=13
20:09:52 INFO: レース結果取得開始: race_id=202209060912
20:09:54 INFO: 取得完了: race_id=202209060912, 出走頭数=16
20:09:54 INFO: レース結果取得開始: race_id=202306010101
20:09:56 INFO: 取得完了: race_id=202306010101, 出走頭数=16
20:09:56 INFO: レース結果取得開始: race_id=202306010102
20:09:58 INFO: 取得完了: race_id=202306010102, 出走頭数=16
20:09:58 INFO: レース結果取得開始: race_id=202306010103
20:10:00 INFO: 取得完了: race_id=202306010103, 出走頭数=16
20:10:00 INFO: レース結果取得開始: race_id=202306010104
20:10:01 INFO: 取得完了: race_id=202306010104, 出走頭数=16
20:10:01 INFO: レース結果取得開始: race_id=202306010105
20:10:03 INFO: 取得完了: race_id=202306010105, 出走頭数=16
20:10:03 INFO: レース結果取得開始: race_id=202306010106
20:10:06 INFO: 取得完了: race_id=202306010106, 出走頭数=10
20:10:06 INFO: レース結果取得開始: race_id=202306010107
20:10:07 INFO: 取得完了: race_id=202306010107, 出走頭数=16
20:10:07 INFO: レース結果取得開始: race_id=202306010108
20:10:09 INFO: 取得完了: race_id=202306010108, 出走頭数=15
20:10:09 INFO: レース結果取得開始: race_id=202306010109
20:10:10 INFO: 取得完了: race_id=202306010109, 出走頭数=12
20:10:10 INFO: レース結果取得開始: race_id=202306010110
20:10:12 INFO: 取得完了: race_id=202306010110, 出走頭数=13
20:10:12 INFO: レース結果取得開始: race_id=202306010111
20:10:15 INFO: 取得完了: race_id=202306010111, 出走頭数=17
20:10:15 INFO: レース結果取得開始: race_id=202306010112
20:10:16 INFO: 取得完了: race_id=202306010112, 出走頭数=14
20:10:16 INFO: レース結果取得開始: race_id=202307010101
20:10:17 INFO: 取得完了: race_id=202307010101, 出走頭数=13
20:10:17 INFO: レース結果取得開始: race_id=202307010102
20:10:19 INFO: 取得完了: race_id=202307010102, 出走頭数=15
20:10:19 INFO: レース結果取得開始: race_id=202307010103
20:10:20 INFO: 取得完了: race_id=202307010103, 出走頭数=12
20:10:20 INFO: レース結果取得開始: race_id=202307010104
20:10:22 INFO: 取得完了: race_id=202307010104, 出走頭数=12
20:10:22 INFO: レース結果取得開始: race_id=202307010105
20:10:24 INFO: 取得完了: race_id=202307010105, 出走頭数=12
20:10:24 INFO: レース結果取得開始: race_id=202307010106
20:10:26 INFO: 取得完了: race_id=202307010106, 出走頭数=9
20:10:26 INFO: レース結果取得開始: race_id=202307010107
20:10:28 INFO: 取得完了: race_id=202307010107, 出走頭数=16
20:10:28 INFO: レース結果取得開始: race_id=202307010108
20:10:30 INFO: 取得完了: race_id=202307010108, 出走頭数=16
20:10:30 INFO: レース結果取得開始: race_id=202307010109
20:10:31 INFO: 取得完了: race_id=202307010109, 出走頭数=16
20:10:31 INFO: レース結果取得開始: race_id=202307010110
20:10:33 INFO: 取得完了: race_id=202307010110, 出走頭数=16
20:10:33 INFO: レース結果取得開始: race_id=202307010111
20:10:35 INFO: 取得完了: race_id=202307010111, 出走頭数=16
20:10:35 INFO: レース結果取得開始: race_id=202307010112
20:10:37 INFO: 取得完了: race_id=202307010112, 出走頭数=12
20:10:37 INFO: レース結果取得開始: race_id=202306010201
20:10:39 INFO: 取得完了: race_id=202306010201, 出走頭数=16
20:10:39 INFO: レース結果取得開始: race_id=202306010202
20:10:40 INFO: 取得完了: race_id=202306010202, 出走頭数=16
20:10:40 INFO: レース結果取得開始: race_id=202306010203
20:10:42 INFO: 取得完了: race_id=202306010203, 出走頭数=16
20:10:42 INFO: レース結果取得開始: race_id=202306010204
20:10:44 INFO: 取得完了: race_id=202306010204, 出走頭数=11
20:10:44 INFO: レース結果取得開始: race_id=202306010205
20:10:46 INFO: 取得完了: race_id=202306010205, 出走頭数=16
20:10:46 INFO: レース結果取得開始: race_id=202306010206
20:10:47 INFO: 取得完了: race_id=202306010206, 出走頭数=17
20:10:47 INFO: レース結果取得開始: race_id=202306010207
20:10:49 INFO: 取得完了: race_id=202306010207, 出走頭数=16
20:10:49 INFO: レース結果取得開始: race_id=202306010208
20:10:50 INFO: 取得完了: race_id=202306010208, 出走頭数=11
20:10:50 INFO: レース結果取得開始: race_id=202306010209
20:10:52 INFO: 取得完了: race_id=202306010209, 出走頭数=16
20:10:52 INFO: レース結果取得開始: race_id=202306010210
20:10:54 INFO: 取得完了: race_id=202306010210, 出走頭数=15
20:10:54 INFO: レース結果取得開始: race_id=202306010211
20:10:56 INFO: 取得完了: race_id=202306010211, 出走頭数=13
20:10:56 INFO: レース結果取得開始: race_id=202306010212
20:10:57 INFO: 取得完了: race_id=202306010212, 出走頭数=11
20:10:57 INFO: レース結果取得開始: race_id=202307010201
20:10:59 INFO: 取得完了: race_id=202307010201, 出走頭数=15
20:10:59 INFO: レース結果取得開始: race_id=202307010202
20:11:00 INFO: 取得完了: race_id=202307010202, 出走頭数=16
20:11:00 INFO: レース結果取得開始: race_id=202307010203
20:11:02 INFO: 取得完了: race_id=202307010203, 出走頭数=13
20:11:02 INFO: レース結果取得開始: race_id=202307010204
20:11:04 INFO: 取得完了: race_id=202307010204, 出走頭数=12
20:11:04 INFO: レース結果取得開始: race_id=202307010205
20:11:05 INFO: 取得完了: race_id=202307010205, 出走頭数=15
20:11:05 INFO: レース結果取得開始: race_id=202307010206
20:11:07 INFO: 取得完了: race_id=202307010206, 出走頭数=9
20:11:07 INFO: レース結果取得開始: race_id=202307010207
20:11:09 INFO: 取得完了: race_id=202307010207, 出走頭数=12
20:11:09 INFO: レース結果取得開始: race_id=202307010208
20:11:10 INFO: 取得完了: race_id=202307010208, 出走頭数=15
[ 3500/6912] 202307010208: 15頭  errors=0  残り≈101分
20:11:10 INFO: レース結果取得開始: race_id=202307010209
20:11:12 INFO: 取得完了: race_id=202307010209, 出走頭数=14
20:11:12 INFO: レース結果取得開始: race_id=202307010210
20:11:13 INFO: 取得完了: race_id=202307010210, 出走頭数=13
20:11:13 INFO: レース結果取得開始: race_id=202307010211
20:11:15 INFO: 取得完了: race_id=202307010211, 出走頭数=14
20:11:15 INFO: レース結果取得開始: race_id=202307010212
20:11:17 INFO: 取得完了: race_id=202307010212, 出走頭数=18
20:11:17 INFO: レース結果取得開始: race_id=202306010301
20:11:19 INFO: 取得完了: race_id=202306010301, 出走頭数=16
20:11:19 INFO: レース結果取得開始: race_id=202306010302
20:11:20 INFO: 取得完了: race_id=202306010302, 出走頭数=16
20:11:20 INFO: レース結果取得開始: race_id=202306010303
20:11:23 INFO: 取得完了: race_id=202306010303, 出走頭数=16
20:11:23 INFO: レース結果取得開始: race_id=202306010304
20:11:25 INFO: 取得完了: race_id=202306010304, 出走頭数=14
20:11:25 INFO: レース結果取得開始: race_id=202306010305
20:11:26 INFO: 取得完了: race_id=202306010305, 出走頭数=17
20:11:26 INFO: レース結果取得開始: race_id=202306010306
20:11:28 INFO: 取得完了: race_id=202306010306, 出走頭数=17
20:11:28 INFO: レース結果取得開始: race_id=202306010307
20:11:31 INFO: 取得完了: race_id=202306010307, 出走頭数=16
20:11:31 INFO: レース結果取得開始: race_id=202306010308
20:11:32 INFO: 取得完了: race_id=202306010308, 出走頭数=16
20:11:32 INFO: レース結果取得開始: race_id=202306010309
20:11:34 INFO: 取得完了: race_id=202306010309, 出走頭数=12
20:11:34 INFO: レース結果取得開始: race_id=202306010310
20:11:36 INFO: 取得完了: race_id=202306010310, 出走頭数=12
20:11:36 INFO: レース結果取得開始: race_id=202306010311
20:11:38 INFO: 取得完了: race_id=202306010311, 出走頭数=14
20:11:38 INFO: レース結果取得開始: race_id=202306010312
20:11:39 INFO: 取得完了: race_id=202306010312, 出走頭数=16
20:11:39 INFO: レース結果取得開始: race_id=202307010301
20:11:41 INFO: 取得完了: race_id=202307010301, 出走頭数=15
20:11:41 INFO: レース結果取得開始: race_id=202307010302
20:11:42 INFO: 取得完了: race_id=202307010302, 出走頭数=16
20:11:42 INFO: レース結果取得開始: race_id=202307010303
20:11:44 INFO: 取得完了: race_id=202307010303, 出走頭数=11
20:11:44 INFO: レース結果取得開始: race_id=202307010304
20:11:46 INFO: 取得完了: race_id=202307010304, 出走頭数=16
20:11:46 INFO: レース結果取得開始: race_id=202307010305
20:11:48 INFO: 取得完了: race_id=202307010305, 出走頭数=18
20:11:48 INFO: レース結果取得開始: race_id=202307010306
20:11:50 INFO: 取得完了: race_id=202307010306, 出走頭数=15
20:11:50 INFO: レース結果取得開始: race_id=202307010307
20:11:51 INFO: 取得完了: race_id=202307010307, 出走頭数=16
20:11:51 INFO: レース結果取得開始: race_id=202307010308
20:11:53 INFO: 取得完了: race_id=202307010308, 出走頭数=12
20:11:53 INFO: レース結果取得開始: race_id=202307010309
20:11:55 INFO: 取得完了: race_id=202307010309, 出走頭数=16
20:11:55 INFO: レース結果取得開始: race_id=202307010310
20:11:57 INFO: 取得完了: race_id=202307010310, 出走頭数=11
20:11:57 INFO: レース結果取得開始: race_id=202307010311
20:12:00 INFO: 取得完了: race_id=202307010311, 出走頭数=7
20:12:00 INFO: レース結果取得開始: race_id=202307010312
20:12:01 INFO: 取得完了: race_id=202307010312, 出走頭数=13
20:12:01 INFO: レース結果取得開始: race_id=202306010401
20:12:03 INFO: 取得完了: race_id=202306010401, 出走頭数=15
20:12:03 INFO: レース結果取得開始: race_id=202306010402
20:12:05 INFO: 取得完了: race_id=202306010402, 出走頭数=16
20:12:05 INFO: レース結果取得開始: race_id=202306010403
20:12:07 INFO: 取得完了: race_id=202306010403, 出走頭数=16
20:12:07 INFO: レース結果取得開始: race_id=202306010404
20:12:09 INFO: 取得完了: race_id=202306010404, 出走頭数=16
20:12:09 INFO: レース結果取得開始: race_id=202306010405
20:12:11 INFO: 取得完了: race_id=202306010405, 出走頭数=16
20:12:11 INFO: レース結果取得開始: race_id=202306010406
20:12:13 INFO: 取得完了: race_id=202306010406, 出走頭数=11
20:12:13 INFO: レース結果取得開始: race_id=202306010407
20:12:15 INFO: 取得完了: race_id=202306010407, 出走頭数=16
20:12:15 INFO: レース結果取得開始: race_id=202306010408
20:12:17 INFO: 取得完了: race_id=202306010408, 出走頭数=15
20:12:17 INFO: レース結果取得開始: race_id=202306010409
20:12:19 INFO: 取得完了: race_id=202306010409, 出走頭数=16
20:12:19 INFO: レース結果取得開始: race_id=202306010410
20:12:21 INFO: 取得完了: race_id=202306010410, 出走頭数=12
20:12:21 INFO: レース結果取得開始: race_id=202306010411
20:12:23 INFO: 取得完了: race_id=202306010411, 出走頭数=16
20:12:23 INFO: レース結果取得開始: race_id=202306010412
20:12:25 INFO: 取得完了: race_id=202306010412, 出走頭数=17
20:12:25 INFO: レース結果取得開始: race_id=202307010401
20:12:27 INFO: 取得完了: race_id=202307010401, 出走頭数=11
20:12:27 INFO: レース結果取得開始: race_id=202307010402
20:12:29 INFO: 取得完了: race_id=202307010402, 出走頭数=16
20:12:29 INFO: レース結果取得開始: race_id=202307010403
20:12:32 INFO: 取得完了: race_id=202307010403, 出走頭数=12
20:12:32 INFO: レース結果取得開始: race_id=202307010404
20:12:34 INFO: 取得完了: race_id=202307010404, 出走頭数=16
20:12:34 INFO: レース結果取得開始: race_id=202307010405
20:12:35 INFO: 取得完了: race_id=202307010405, 出走頭数=16
20:12:35 INFO: レース結果取得開始: race_id=202307010406
20:12:37 INFO: 取得完了: race_id=202307010406, 出走頭数=16
20:12:37 INFO: レース結果取得開始: race_id=202307010407
20:12:39 INFO: 取得完了: race_id=202307010407, 出走頭数=18
20:12:39 INFO: レース結果取得開始: race_id=202307010408
20:12:41 INFO: 取得完了: race_id=202307010408, 出走頭数=15
20:12:41 INFO: レース結果取得開始: race_id=202307010409
20:12:43 INFO: 取得完了: race_id=202307010409, 出走頭数=14
20:12:43 INFO: レース結果取得開始: race_id=202307010410
20:12:44 INFO: 取得完了: race_id=202307010410, 出走頭数=16
20:12:44 INFO: レース結果取得開始: race_id=202307010411
20:12:46 INFO: 取得完了: race_id=202307010411, 出走頭数=15
20:12:46 INFO: レース結果取得開始: race_id=202307010412
20:12:48 INFO: 取得完了: race_id=202307010412, 出走頭数=14
20:12:48 INFO: レース結果取得開始: race_id=202306010501
20:12:49 INFO: 取得完了: race_id=202306010501, 出走頭数=16
20:12:49 INFO: レース結果取得開始: race_id=202306010502
20:12:51 INFO: 取得完了: race_id=202306010502, 出走頭数=16
20:12:51 INFO: レース結果取得開始: race_id=202306010503
20:12:52 INFO: 取得完了: race_id=202306010503, 出走頭数=16
20:12:52 INFO: レース結果取得開始: race_id=202306010504
20:12:54 INFO: 取得完了: race_id=202306010504, 出走頭数=16
20:12:54 INFO: レース結果取得開始: race_id=202306010505
20:12:55 INFO: 取得完了: race_id=202306010505, 出走頭数=16
20:12:55 INFO: レース結果取得開始: race_id=202306010506
20:12:57 INFO: 取得完了: race_id=202306010506, 出走頭数=17
20:12:57 INFO: レース結果取得開始: race_id=202306010507
20:12:59 INFO: 取得完了: race_id=202306010507, 出走頭数=16
20:13:00 INFO: レース結果取得開始: race_id=202306010508
20:13:01 INFO: 取得完了: race_id=202306010508, 出走頭数=15
20:13:01 INFO: レース結果取得開始: race_id=202306010509
20:13:03 INFO: 取得完了: race_id=202306010509, 出走頭数=13
20:13:03 INFO: レース結果取得開始: race_id=202306010510
20:13:05 INFO: 取得完了: race_id=202306010510, 出走頭数=12
20:13:05 INFO: レース結果取得開始: race_id=202306010511
20:13:07 INFO: 取得完了: race_id=202306010511, 出走頭数=16
20:13:07 INFO: レース結果取得開始: race_id=202306010512
20:13:08 INFO: 取得完了: race_id=202306010512, 出走頭数=11
20:13:08 INFO: レース結果取得開始: race_id=202307010501
20:13:10 INFO: 取得完了: race_id=202307010501, 出走頭数=16
20:13:10 INFO: レース結果取得開始: race_id=202307010502
20:13:12 INFO: 取得完了: race_id=202307010502, 出走頭数=15
20:13:12 INFO: レース結果取得開始: race_id=202307010503
20:13:14 INFO: 取得完了: race_id=202307010503, 出走頭数=13
20:13:14 INFO: レース結果取得開始: race_id=202307010504
20:13:15 INFO: 取得完了: race_id=202307010504, 出走頭数=16
20:13:15 INFO: レース結果取得開始: race_id=202307010505
20:13:17 INFO: 取得完了: race_id=202307010505, 出走頭数=18
20:13:17 INFO: レース結果取得開始: race_id=202307010506
20:13:19 INFO: 取得完了: race_id=202307010506, 出走頭数=6
20:13:19 INFO: レース結果取得開始: race_id=202307010507
20:13:21 INFO: 取得完了: race_id=202307010507, 出走頭数=9
20:13:21 INFO: レース結果取得開始: race_id=202307010508
20:13:22 INFO: 取得完了: race_id=202307010508, 出走頭数=14
20:13:22 INFO: レース結果取得開始: race_id=202307010509
20:13:24 INFO: 取得完了: race_id=202307010509, 出走頭数=8
20:13:24 INFO: レース結果取得開始: race_id=202307010510
20:13:26 INFO: 取得完了: race_id=202307010510, 出走頭数=16
20:13:26 INFO: レース結果取得開始: race_id=202307010511
20:13:28 INFO: 取得完了: race_id=202307010511, 出走頭数=15
20:13:28 INFO: レース結果取得開始: race_id=202307010512
20:13:30 INFO: 取得完了: race_id=202307010512, 出走頭数=16
20:13:30 INFO: レース結果取得開始: race_id=202310010101
20:13:32 INFO: 取得完了: race_id=202310010101, 出走頭数=16
20:13:32 INFO: レース結果取得開始: race_id=202310010102
20:13:33 INFO: 取得完了: race_id=202310010102, 出走頭数=18
20:13:33 INFO: レース結果取得開始: race_id=202310010103
20:13:36 INFO: 取得完了: race_id=202310010103, 出走頭数=14
20:13:36 INFO: レース結果取得開始: race_id=202310010104
20:13:37 INFO: 取得完了: race_id=202310010104, 出走頭数=12
20:13:37 INFO: レース結果取得開始: race_id=202310010105
20:13:39 INFO: 取得完了: race_id=202310010105, 出走頭数=11
20:13:39 INFO: レース結果取得開始: race_id=202310010106
20:13:41 INFO: 取得完了: race_id=202310010106, 出走頭数=13
20:13:41 INFO: レース結果取得開始: race_id=202310010107
20:13:43 INFO: 取得完了: race_id=202310010107, 出走頭数=11
20:13:43 INFO: レース結果取得開始: race_id=202310010108
20:13:45 INFO: 取得完了: race_id=202310010108, 出走頭数=16
20:13:45 INFO: レース結果取得開始: race_id=202310010109
20:13:47 INFO: 取得完了: race_id=202310010109, 出走頭数=16
20:13:47 INFO: レース結果取得開始: race_id=202310010110
20:13:49 INFO: 取得完了: race_id=202310010110, 出走頭数=16
20:13:49 INFO: レース結果取得開始: race_id=202310010111
20:13:51 INFO: 取得完了: race_id=202310010111, 出走頭数=16
20:13:51 INFO: レース結果取得開始: race_id=202310010112
20:13:52 INFO: 取得完了: race_id=202310010112, 出走頭数=18
20:13:52 INFO: レース結果取得開始: race_id=202306010601
20:13:54 INFO: 取得完了: race_id=202306010601, 出走頭数=16
20:13:54 INFO: レース結果取得開始: race_id=202306010602
20:13:56 INFO: 取得完了: race_id=202306010602, 出走頭数=16
20:13:56 INFO: レース結果取得開始: race_id=202306010603
20:13:58 INFO: 取得完了: race_id=202306010603, 出走頭数=16
20:13:58 INFO: レース結果取得開始: race_id=202306010604
20:13:59 INFO: 取得完了: race_id=202306010604, 出走頭数=16
20:13:59 INFO: レース結果取得開始: race_id=202306010605
20:14:01 INFO: 取得完了: race_id=202306010605, 出走頭数=16
20:14:01 INFO: レース結果取得開始: race_id=202306010606
20:14:03 INFO: 取得完了: race_id=202306010606, 出走頭数=13
20:14:03 INFO: レース結果取得開始: race_id=202306010607
20:14:05 INFO: 取得完了: race_id=202306010607, 出走頭数=16
20:14:05 INFO: レース結果取得開始: race_id=202306010608
20:14:06 INFO: 取得完了: race_id=202306010608, 出走頭数=16
20:14:06 INFO: レース結果取得開始: race_id=202306010609
20:14:08 INFO: 取得完了: race_id=202306010609, 出走頭数=11
20:14:08 INFO: レース結果取得開始: race_id=202306010610
20:14:10 INFO: 取得完了: race_id=202306010610, 出走頭数=11
20:14:10 INFO: レース結果取得開始: race_id=202306010611
20:14:12 INFO: 取得完了: race_id=202306010611, 出走頭数=9
20:14:12 INFO: レース結果取得開始: race_id=202306010612
20:14:13 INFO: 取得完了: race_id=202306010612, 出走頭数=11
[ 3600/6912] 202306010612: 11頭  errors=0  残り≈98分
20:14:13 INFO: レース結果取得開始: race_id=202307010601
20:14:15 INFO: 取得完了: race_id=202307010601, 出走頭数=11
20:14:15 INFO: レース結果取得開始: race_id=202307010602
20:14:16 INFO: 取得完了: race_id=202307010602, 出走頭数=16
20:14:16 INFO: レース結果取得開始: race_id=202307010603
20:14:17 INFO: 取得完了: race_id=202307010603, 出走頭数=14
20:14:17 INFO: レース結果取得開始: race_id=202307010604
20:14:19 INFO: 取得完了: race_id=202307010604, 出走頭数=11
20:14:19 INFO: レース結果取得開始: race_id=202307010605
20:14:21 INFO: 取得完了: race_id=202307010605, 出走頭数=12
20:14:21 INFO: レース結果取得開始: race_id=202307010606
20:14:23 INFO: 取得完了: race_id=202307010606, 出走頭数=12
20:14:23 INFO: レース結果取得開始: race_id=202307010607
20:14:24 INFO: 取得完了: race_id=202307010607, 出走頭数=14
20:14:24 INFO: レース結果取得開始: race_id=202307010608
20:14:26 INFO: 取得完了: race_id=202307010608, 出走頭数=13
20:14:26 INFO: レース結果取得開始: race_id=202307010609
20:14:27 INFO: 取得完了: race_id=202307010609, 出走頭数=14
20:14:27 INFO: レース結果取得開始: race_id=202307010610
20:14:29 INFO: 取得完了: race_id=202307010610, 出走頭数=10
20:14:29 INFO: レース結果取得開始: race_id=202307010611
20:14:30 INFO: 取得完了: race_id=202307010611, 出走頭数=14
20:14:30 INFO: レース結果取得開始: race_id=202307010612
20:14:32 INFO: 取得完了: race_id=202307010612, 出走頭数=12
20:14:32 INFO: レース結果取得開始: race_id=202310010201
20:14:34 INFO: 取得完了: race_id=202310010201, 出走頭数=14
20:14:34 INFO: レース結果取得開始: race_id=202310010202
20:14:35 INFO: 取得完了: race_id=202310010202, 出走頭数=18
20:14:35 INFO: レース結果取得開始: race_id=202310010203
20:14:37 INFO: 取得完了: race_id=202310010203, 出走頭数=14
20:14:37 INFO: レース結果取得開始: race_id=202310010204
20:14:39 INFO: 取得完了: race_id=202310010204, 出走頭数=12
20:14:39 INFO: レース結果取得開始: race_id=202310010205
20:14:40 INFO: 取得完了: race_id=202310010205, 出走頭数=18
20:14:40 INFO: レース結果取得開始: race_id=202310010206
20:14:42 INFO: 取得完了: race_id=202310010206, 出走頭数=14
20:14:42 INFO: レース結果取得開始: race_id=202310010207
20:14:43 INFO: 取得完了: race_id=202310010207, 出走頭数=13
20:14:43 INFO: レース結果取得開始: race_id=202310010208
20:14:45 INFO: 取得完了: race_id=202310010208, 出走頭数=16
20:14:45 INFO: レース結果取得開始: race_id=202310010209
20:14:47 INFO: 取得完了: race_id=202310010209, 出走頭数=18
20:14:47 INFO: レース結果取得開始: race_id=202310010210
20:14:49 INFO: 取得完了: race_id=202310010210, 出走頭数=15
20:14:49 INFO: レース結果取得開始: race_id=202310010211
20:14:50 INFO: 取得完了: race_id=202310010211, 出走頭数=14
20:14:50 INFO: レース結果取得開始: race_id=202310010212
20:14:52 INFO: 取得完了: race_id=202310010212, 出走頭数=16
20:14:52 INFO: レース結果取得開始: race_id=202306010701
20:14:54 INFO: 取得完了: race_id=202306010701, 出走頭数=16
20:14:54 INFO: レース結果取得開始: race_id=202306010702
20:14:56 INFO: 取得完了: race_id=202306010702, 出走頭数=16
20:14:56 INFO: レース結果取得開始: race_id=202306010703
20:14:59 INFO: 取得完了: race_id=202306010703, 出走頭数=16
20:14:59 INFO: レース結果取得開始: race_id=202306010704
20:15:00 INFO: 取得完了: race_id=202306010704, 出走頭数=16
20:15:01 INFO: レース結果取得開始: race_id=202306010705
20:15:03 INFO: 取得完了: race_id=202306010705, 出走頭数=13
20:15:03 INFO: レース結果取得開始: race_id=202306010706
20:15:04 INFO: 取得完了: race_id=202306010706, 出走頭数=16
20:15:04 INFO: レース結果取得開始: race_id=202306010707
20:15:06 INFO: 取得完了: race_id=202306010707, 出走頭数=13
20:15:06 INFO: レース結果取得開始: race_id=202306010708
20:15:07 INFO: 取得完了: race_id=202306010708, 出走頭数=13
20:15:07 INFO: レース結果取得開始: race_id=202306010709
20:15:09 INFO: 取得完了: race_id=202306010709, 出走頭数=16
20:15:09 INFO: レース結果取得開始: race_id=202306010710
20:15:11 INFO: 取得完了: race_id=202306010710, 出走頭数=10
20:15:11 INFO: レース結果取得開始: race_id=202306010711
20:15:13 INFO: 取得完了: race_id=202306010711, 出走頭数=14
20:15:13 INFO: レース結果取得開始: race_id=202306010712
20:15:14 INFO: 取得完了: race_id=202306010712, 出走頭数=14
20:15:14 INFO: レース結果取得開始: race_id=202307010701
20:15:16 INFO: 取得完了: race_id=202307010701, 出走頭数=13
20:15:16 INFO: レース結果取得開始: race_id=202307010702
20:15:18 INFO: 取得完了: race_id=202307010702, 出走頭数=12
20:15:18 INFO: レース結果取得開始: race_id=202307010703
20:15:20 INFO: 取得完了: race_id=202307010703, 出走頭数=16
20:15:20 INFO: レース結果取得開始: race_id=202307010704
20:15:22 INFO: 取得完了: race_id=202307010704, 出走頭数=9
20:15:22 INFO: レース結果取得開始: race_id=202307010705
20:15:24 INFO: 取得完了: race_id=202307010705, 出走頭数=11
20:15:24 INFO: レース結果取得開始: race_id=202307010706
20:15:26 INFO: 取得完了: race_id=202307010706, 出走頭数=11
20:15:26 INFO: レース結果取得開始: race_id=202307010707
20:15:27 INFO: 取得完了: race_id=202307010707, 出走頭数=16
20:15:27 INFO: レース結果取得開始: race_id=202307010708
20:15:29 INFO: 取得完了: race_id=202307010708, 出走頭数=16
20:15:29 INFO: レース結果取得開始: race_id=202307010709
20:15:31 INFO: 取得完了: race_id=202307010709, 出走頭数=16
20:15:31 INFO: レース結果取得開始: race_id=202307010710
20:15:33 INFO: 取得完了: race_id=202307010710, 出走頭数=7
20:15:33 INFO: レース結果取得開始: race_id=202307010711
20:15:34 INFO: 取得完了: race_id=202307010711, 出走頭数=9
20:15:34 INFO: レース結果取得開始: race_id=202307010712
20:15:37 INFO: 取得完了: race_id=202307010712, 出走頭数=7
20:15:37 INFO: レース結果取得開始: race_id=202310010301
20:15:38 INFO: 取得完了: race_id=202310010301, 出走頭数=16
20:15:39 INFO: レース結果取得開始: race_id=202310010302
20:15:41 INFO: 取得完了: race_id=202310010302, 出走頭数=13
20:15:41 INFO: レース結果取得開始: race_id=202310010303
20:15:42 INFO: 取得完了: race_id=202310010303, 出走頭数=14
20:15:42 INFO: レース結果取得開始: race_id=202310010304
20:15:44 INFO: 取得完了: race_id=202310010304, 出走頭数=12
20:15:44 INFO: レース結果取得開始: race_id=202310010305
20:15:46 INFO: 取得完了: race_id=202310010305, 出走頭数=12
20:15:46 INFO: レース結果取得開始: race_id=202310010306
20:15:48 INFO: 取得完了: race_id=202310010306, 出走頭数=15
20:15:48 INFO: レース結果取得開始: race_id=202310010307
20:15:50 INFO: 取得完了: race_id=202310010307, 出走頭数=9
20:15:50 INFO: レース結果取得開始: race_id=202310010308
20:15:52 INFO: 取得完了: race_id=202310010308, 出走頭数=15
20:15:52 INFO: レース結果取得開始: race_id=202310010309
20:15:54 INFO: 取得完了: race_id=202310010309, 出走頭数=8
20:15:54 INFO: レース結果取得開始: race_id=202310010310
20:15:55 INFO: 取得完了: race_id=202310010310, 出走頭数=15
20:15:55 INFO: レース結果取得開始: race_id=202310010311
20:15:57 INFO: 取得完了: race_id=202310010311, 出走頭数=16
20:15:57 INFO: レース結果取得開始: race_id=202310010312
20:15:59 INFO: 取得完了: race_id=202310010312, 出走頭数=17
20:15:59 INFO: レース結果取得開始: race_id=202306010801
20:16:01 INFO: 取得完了: race_id=202306010801, 出走頭数=16
20:16:01 INFO: レース結果取得開始: race_id=202306010802
20:16:03 INFO: 取得完了: race_id=202306010802, 出走頭数=15
20:16:03 INFO: レース結果取得開始: race_id=202306010803
20:16:05 INFO: 取得完了: race_id=202306010803, 出走頭数=16
20:16:05 INFO: レース結果取得開始: race_id=202306010804
20:16:07 INFO: 取得完了: race_id=202306010804, 出走頭数=16
20:16:07 INFO: レース結果取得開始: race_id=202306010805
20:16:08 INFO: 取得完了: race_id=202306010805, 出走頭数=15
20:16:08 INFO: レース結果取得開始: race_id=202306010806
20:16:10 INFO: 取得完了: race_id=202306010806, 出走頭数=17
20:16:10 INFO: レース結果取得開始: race_id=202306010807
20:16:12 INFO: 取得完了: race_id=202306010807, 出走頭数=13
20:16:12 INFO: レース結果取得開始: race_id=202306010808
20:16:14 INFO: 取得完了: race_id=202306010808, 出走頭数=16
20:16:14 INFO: レース結果取得開始: race_id=202306010809
20:16:15 INFO: 取得完了: race_id=202306010809, 出走頭数=10
20:16:15 INFO: レース結果取得開始: race_id=202306010810
20:16:17 INFO: 取得完了: race_id=202306010810, 出走頭数=16
20:16:17 INFO: レース結果取得開始: race_id=202306010811
20:16:19 INFO: 取得完了: race_id=202306010811, 出走頭数=14
20:16:19 INFO: レース結果取得開始: race_id=202306010812
20:16:21 INFO: 取得完了: race_id=202306010812, 出走頭数=9
20:16:21 INFO: レース結果取得開始: race_id=202307010801
20:16:22 INFO: 取得完了: race_id=202307010801, 出走頭数=15
20:16:22 INFO: レース結果取得開始: race_id=202307010802
20:16:24 INFO: 取得完了: race_id=202307010802, 出走頭数=15
20:16:24 INFO: レース結果取得開始: race_id=202307010803
20:16:26 INFO: 取得完了: race_id=202307010803, 出走頭数=16
20:16:26 INFO: レース結果取得開始: race_id=202307010804
20:16:27 INFO: 取得完了: race_id=202307010804, 出走頭数=8
20:16:27 INFO: レース結果取得開始: race_id=202307010805
20:16:29 INFO: 取得完了: race_id=202307010805, 出走頭数=11
20:16:29 INFO: レース結果取得開始: race_id=202307010806
20:16:31 INFO: 取得完了: race_id=202307010806, 出走頭数=16
20:16:31 INFO: レース結果取得開始: race_id=202307010807
20:16:33 INFO: 取得完了: race_id=202307010807, 出走頭数=12
20:16:33 INFO: レース結果取得開始: race_id=202307010808
20:16:34 INFO: 取得完了: race_id=202307010808, 出走頭数=15
20:16:34 INFO: レース結果取得開始: race_id=202307010809
20:16:35 INFO: 取得完了: race_id=202307010809, 出走頭数=8
20:16:35 INFO: レース結果取得開始: race_id=202307010810
20:16:37 INFO: 取得完了: race_id=202307010810, 出走頭数=10
20:16:37 INFO: レース結果取得開始: race_id=202307010811
20:16:39 INFO: 取得完了: race_id=202307010811, 出走頭数=15
20:16:39 INFO: レース結果取得開始: race_id=202307010812
20:16:41 INFO: 取得完了: race_id=202307010812, 出走頭数=8
20:16:41 INFO: レース結果取得開始: race_id=202310010401
20:16:42 INFO: 取得完了: race_id=202310010401, 出走頭数=15
20:16:42 INFO: レース結果取得開始: race_id=202310010402
20:16:43 INFO: 取得完了: race_id=202310010402, 出走頭数=18
20:16:43 INFO: レース結果取得開始: race_id=202310010403
20:16:46 INFO: 取得完了: race_id=202310010403, 出走頭数=14
20:16:46 INFO: レース結果取得開始: race_id=202310010404
20:16:48 INFO: 取得完了: race_id=202310010404, 出走頭数=12
20:16:48 INFO: レース結果取得開始: race_id=202310010405
20:16:49 INFO: 取得完了: race_id=202310010405, 出走頭数=16
20:16:49 INFO: レース結果取得開始: race_id=202310010406
20:16:51 INFO: 取得完了: race_id=202310010406, 出走頭数=18
20:16:51 INFO: レース結果取得開始: race_id=202310010407
20:16:52 INFO: 取得完了: race_id=202310010407, 出走頭数=8
20:16:52 INFO: レース結果取得開始: race_id=202310010408
20:16:54 INFO: 取得完了: race_id=202310010408, 出走頭数=16
20:16:54 INFO: レース結果取得開始: race_id=202310010409
20:16:56 INFO: 取得完了: race_id=202310010409, 出走頭数=12
20:16:56 INFO: レース結果取得開始: race_id=202310010410
20:16:57 INFO: 取得完了: race_id=202310010410, 出走頭数=13
20:16:57 INFO: レース結果取得開始: race_id=202310010411
20:17:00 INFO: 取得完了: race_id=202310010411, 出走頭数=16
20:17:00 INFO: レース結果取得開始: race_id=202310010412
20:17:02 INFO: 取得完了: race_id=202310010412, 出走頭数=16
20:17:02 INFO: レース結果取得開始: race_id=202305010101
20:17:04 INFO: 取得完了: race_id=202305010101, 出走頭数=16
20:17:04 INFO: レース結果取得開始: race_id=202305010102
20:17:06 INFO: 取得完了: race_id=202305010102, 出走頭数=16
20:17:06 INFO: レース結果取得開始: race_id=202305010103
20:17:08 INFO: 取得完了: race_id=202305010103, 出走頭数=16
20:17:08 INFO: レース結果取得開始: race_id=202305010104
20:17:10 INFO: 取得完了: race_id=202305010104, 出走頭数=12
[ 3700/6912] 202305010104: 12頭  errors=0  残り≈95分
20:17:10 INFO: レース結果取得開始: race_id=202305010105
20:17:11 INFO: 取得完了: race_id=202305010105, 出走頭数=16
20:17:11 INFO: レース結果取得開始: race_id=202305010106
20:17:13 INFO: 取得完了: race_id=202305010106, 出走頭数=16
20:17:13 INFO: レース結果取得開始: race_id=202305010107
20:17:15 INFO: 取得完了: race_id=202305010107, 出走頭数=16
20:17:15 INFO: レース結果取得開始: race_id=202305010108
20:17:17 INFO: 取得完了: race_id=202305010108, 出走頭数=16
20:17:17 INFO: レース結果取得開始: race_id=202305010109
20:17:19 INFO: 取得完了: race_id=202305010109, 出走頭数=15
20:17:19 INFO: レース結果取得開始: race_id=202305010110
20:17:21 INFO: 取得完了: race_id=202305010110, 出走頭数=10
20:17:21 INFO: レース結果取得開始: race_id=202305010111
20:17:23 INFO: 取得完了: race_id=202305010111, 出走頭数=10
20:17:23 INFO: レース結果取得開始: race_id=202305010112
20:17:24 INFO: 取得完了: race_id=202305010112, 出走頭数=13
20:17:24 INFO: レース結果取得開始: race_id=202307010901
20:17:26 INFO: 取得完了: race_id=202307010901, 出走頭数=11
20:17:27 INFO: レース結果取得開始: race_id=202307010902
20:17:29 INFO: 取得完了: race_id=202307010902, 出走頭数=12
20:17:29 INFO: レース結果取得開始: race_id=202307010903
20:17:31 INFO: 取得完了: race_id=202307010903, 出走頭数=15
20:17:31 INFO: レース結果取得開始: race_id=202307010904
20:17:32 INFO: 取得完了: race_id=202307010904, 出走頭数=16
20:17:32 INFO: レース結果取得開始: race_id=202307010905
20:17:34 INFO: 取得完了: race_id=202307010905, 出走頭数=8
20:17:34 INFO: レース結果取得開始: race_id=202307010906
20:17:36 INFO: 取得完了: race_id=202307010906, 出走頭数=13
20:17:36 INFO: レース結果取得開始: race_id=202307010907
20:17:38 INFO: 取得完了: race_id=202307010907, 出走頭数=8
20:17:38 INFO: レース結果取得開始: race_id=202307010908
20:17:40 INFO: 取得完了: race_id=202307010908, 出走頭数=16
20:17:40 INFO: レース結果取得開始: race_id=202307010909
20:17:41 INFO: 取得完了: race_id=202307010909, 出走頭数=7
20:17:41 INFO: レース結果取得開始: race_id=202307010910
20:17:43 INFO: 取得完了: race_id=202307010910, 出走頭数=9
20:17:43 INFO: レース結果取得開始: race_id=202307010911
20:17:45 INFO: 取得完了: race_id=202307010911, 出走頭数=16
20:17:45 INFO: レース結果取得開始: race_id=202307010912
20:17:46 INFO: 取得完了: race_id=202307010912, 出走頭数=13
20:17:46 INFO: レース結果取得開始: race_id=202310010501
20:17:48 INFO: 取得完了: race_id=202310010501, 出走頭数=12
20:17:48 INFO: レース結果取得開始: race_id=202310010502
20:17:50 INFO: 取得完了: race_id=202310010502, 出走頭数=16
20:17:50 INFO: レース結果取得開始: race_id=202310010503
20:17:51 INFO: 取得完了: race_id=202310010503, 出走頭数=14
20:17:51 INFO: レース結果取得開始: race_id=202310010504
20:17:54 INFO: 取得完了: race_id=202310010504, 出走頭数=11
20:17:54 INFO: レース結果取得開始: race_id=202310010505
20:17:55 INFO: 取得完了: race_id=202310010505, 出走頭数=10
20:17:56 INFO: レース結果取得開始: race_id=202310010506
20:17:57 INFO: 取得完了: race_id=202310010506, 出走頭数=10
20:17:57 INFO: レース結果取得開始: race_id=202310010507
20:18:00 INFO: 取得完了: race_id=202310010507, 出走頭数=15
20:18:00 INFO: レース結果取得開始: race_id=202310010508
20:18:02 INFO: 取得完了: race_id=202310010508, 出走頭数=10
20:18:02 INFO: レース結果取得開始: race_id=202310010509
20:18:03 INFO: 取得完了: race_id=202310010509, 出走頭数=14
20:18:03 INFO: レース結果取得開始: race_id=202310010510
20:18:05 INFO: 取得完了: race_id=202310010510, 出走頭数=15
20:18:05 INFO: レース結果取得開始: race_id=202310010511
20:18:07 INFO: 取得完了: race_id=202310010511, 出走頭数=18
20:18:07 INFO: レース結果取得開始: race_id=202310010512
20:18:08 INFO: 取得完了: race_id=202310010512, 出走頭数=18
20:18:08 INFO: レース結果取得開始: race_id=202305010201
20:18:10 INFO: 取得完了: race_id=202305010201, 出走頭数=16
20:18:10 INFO: レース結果取得開始: race_id=202305010202
20:18:11 INFO: 取得完了: race_id=202305010202, 出走頭数=16
20:18:11 INFO: レース結果取得開始: race_id=202305010203
20:18:13 INFO: 取得完了: race_id=202305010203, 出走頭数=16
20:18:13 INFO: レース結果取得開始: race_id=202305010204
20:18:14 INFO: 取得完了: race_id=202305010204, 出走頭数=16
20:18:14 INFO: レース結果取得開始: race_id=202305010205
20:18:16 INFO: 取得完了: race_id=202305010205, 出走頭数=16
20:18:16 INFO: レース結果取得開始: race_id=202305010206
20:18:17 INFO: 取得完了: race_id=202305010206, 出走頭数=16
20:18:17 INFO: レース結果取得開始: race_id=202305010207
20:18:19 INFO: 取得完了: race_id=202305010207, 出走頭数=11
20:18:19 INFO: レース結果取得開始: race_id=202305010208
20:18:20 INFO: 取得完了: race_id=202305010208, 出走頭数=16
20:18:20 INFO: レース結果取得開始: race_id=202305010209
20:18:21 INFO: 取得完了: race_id=202305010209, 出走頭数=8
20:18:21 INFO: レース結果取得開始: race_id=202305010210
20:18:23 INFO: 取得完了: race_id=202305010210, 出走頭数=12
20:18:23 INFO: レース結果取得開始: race_id=202305010211
20:18:24 INFO: 取得完了: race_id=202305010211, 出走頭数=16
20:18:24 INFO: レース結果取得開始: race_id=202305010212
20:18:26 INFO: 取得完了: race_id=202305010212, 出走頭数=11
20:18:26 INFO: レース結果取得開始: race_id=202307011001
20:18:28 INFO: 取得完了: race_id=202307011001, 出走頭数=13
20:18:28 INFO: レース結果取得開始: race_id=202307011002
20:18:30 INFO: 取得完了: race_id=202307011002, 出走頭数=12
20:18:30 INFO: レース結果取得開始: race_id=202307011003
20:18:31 INFO: 取得完了: race_id=202307011003, 出走頭数=15
20:18:31 INFO: レース結果取得開始: race_id=202307011004
20:18:33 INFO: 取得完了: race_id=202307011004, 出走頭数=13
20:18:33 INFO: レース結果取得開始: race_id=202307011005
20:18:35 INFO: 取得完了: race_id=202307011005, 出走頭数=16
20:18:35 INFO: レース結果取得開始: race_id=202307011006
20:18:36 INFO: 取得完了: race_id=202307011006, 出走頭数=12
20:18:36 INFO: レース結果取得開始: race_id=202307011007
20:18:38 INFO: 取得完了: race_id=202307011007, 出走頭数=8
20:18:38 INFO: レース結果取得開始: race_id=202307011008
20:18:40 INFO: 取得完了: race_id=202307011008, 出走頭数=16
20:18:40 INFO: レース結果取得開始: race_id=202307011009
20:18:41 INFO: 取得完了: race_id=202307011009, 出走頭数=7
20:18:41 INFO: レース結果取得開始: race_id=202307011010
20:18:43 INFO: 取得完了: race_id=202307011010, 出走頭数=16
20:18:43 INFO: レース結果取得開始: race_id=202307011011
20:18:45 INFO: 取得完了: race_id=202307011011, 出走頭数=15
20:18:45 INFO: レース結果取得開始: race_id=202307011012
20:18:47 INFO: 取得完了: race_id=202307011012, 出走頭数=9
20:18:47 INFO: レース結果取得開始: race_id=202310010601
20:18:49 INFO: 取得完了: race_id=202310010601, 出走頭数=13
20:18:49 INFO: レース結果取得開始: race_id=202310010602
20:18:50 INFO: 取得完了: race_id=202310010602, 出走頭数=18
20:18:50 INFO: レース結果取得開始: race_id=202310010603
20:18:52 INFO: 取得完了: race_id=202310010603, 出走頭数=11
20:18:52 INFO: レース結果取得開始: race_id=202310010604
20:18:53 INFO: 取得完了: race_id=202310010604, 出走頭数=12
20:18:53 INFO: レース結果取得開始: race_id=202310010605
20:18:55 INFO: 取得完了: race_id=202310010605, 出走頭数=18
20:18:55 INFO: レース結果取得開始: race_id=202310010606
20:18:56 INFO: 取得完了: race_id=202310010606, 出走頭数=11
20:18:56 INFO: レース結果取得開始: race_id=202310010607
20:18:58 INFO: 取得完了: race_id=202310010607, 出走頭数=13
20:18:58 INFO: レース結果取得開始: race_id=202310010608
20:18:59 INFO: 取得完了: race_id=202310010608, 出走頭数=15
20:18:59 INFO: レース結果取得開始: race_id=202310010609
20:19:01 INFO: 取得完了: race_id=202310010609, 出走頭数=14
20:19:01 INFO: レース結果取得開始: race_id=202310010610
20:19:02 INFO: 取得完了: race_id=202310010610, 出走頭数=7
20:19:02 INFO: レース結果取得開始: race_id=202310010611
20:19:04 INFO: 取得完了: race_id=202310010611, 出走頭数=18
20:19:04 INFO: レース結果取得開始: race_id=202310010612
20:19:05 INFO: 取得完了: race_id=202310010612, 出走頭数=12
20:19:05 INFO: レース結果取得開始: race_id=202305010301
20:19:07 INFO: 取得完了: race_id=202305010301, 出走頭数=16
20:19:07 INFO: レース結果取得開始: race_id=202305010302
20:19:08 INFO: 取得完了: race_id=202305010302, 出走頭数=16
20:19:08 INFO: レース結果取得開始: race_id=202305010303
20:19:10 INFO: 取得完了: race_id=202305010303, 出走頭数=16
20:19:10 INFO: レース結果取得開始: race_id=202305010304
20:19:12 INFO: 取得完了: race_id=202305010304, 出走頭数=11
20:19:12 INFO: レース結果取得開始: race_id=202305010305
20:19:14 INFO: 取得完了: race_id=202305010305, 出走頭数=18
20:19:14 INFO: レース結果取得開始: race_id=202305010306
20:19:16 INFO: 取得完了: race_id=202305010306, 出走頭数=16
20:19:16 INFO: レース結果取得開始: race_id=202305010307
20:19:18 INFO: 取得完了: race_id=202305010307, 出走頭数=15
20:19:18 INFO: レース結果取得開始: race_id=202305010308
20:19:20 INFO: 取得完了: race_id=202305010308, 出走頭数=16
20:19:20 INFO: レース結果取得開始: race_id=202305010309
20:19:21 INFO: 取得完了: race_id=202305010309, 出走頭数=11
20:19:21 INFO: レース結果取得開始: race_id=202305010310
20:19:23 INFO: 取得完了: race_id=202305010310, 出走頭数=11
20:19:23 INFO: レース結果取得開始: race_id=202305010311
20:19:25 INFO: 取得完了: race_id=202305010311, 出走頭数=12
20:19:25 INFO: レース結果取得開始: race_id=202305010312
20:19:27 INFO: 取得完了: race_id=202305010312, 出走頭数=16
20:19:27 INFO: レース結果取得開始: race_id=202307011101
20:19:29 INFO: 取得完了: race_id=202307011101, 出走頭数=15
20:19:29 INFO: レース結果取得開始: race_id=202307011102
20:19:30 INFO: 取得完了: race_id=202307011102, 出走頭数=16
20:19:30 INFO: レース結果取得開始: race_id=202307011103
20:19:32 INFO: 取得完了: race_id=202307011103, 出走頭数=16
20:19:32 INFO: レース結果取得開始: race_id=202307011104
20:19:34 INFO: 取得完了: race_id=202307011104, 出走頭数=9
20:19:34 INFO: レース結果取得開始: race_id=202307011105
20:19:36 INFO: 取得完了: race_id=202307011105, 出走頭数=13
20:19:36 INFO: レース結果取得開始: race_id=202307011106
20:19:37 INFO: 取得完了: race_id=202307011106, 出走頭数=16
20:19:37 INFO: レース結果取得開始: race_id=202307011107
20:19:39 INFO: 取得完了: race_id=202307011107, 出走頭数=11
20:19:39 INFO: レース結果取得開始: race_id=202307011108
20:19:41 INFO: 取得完了: race_id=202307011108, 出走頭数=16
20:19:41 INFO: レース結果取得開始: race_id=202307011109
20:19:43 INFO: 取得完了: race_id=202307011109, 出走頭数=9
20:19:43 INFO: レース結果取得開始: race_id=202307011110
20:19:45 INFO: 取得完了: race_id=202307011110, 出走頭数=11
20:19:45 INFO: レース結果取得開始: race_id=202307011111
20:19:47 INFO: 取得完了: race_id=202307011111, 出走頭数=16
20:19:47 INFO: レース結果取得開始: race_id=202307011112
20:19:49 INFO: 取得完了: race_id=202307011112, 出走頭数=11
20:19:49 INFO: レース結果取得開始: race_id=202310010701
20:19:51 INFO: 取得完了: race_id=202310010701, 出走頭数=12
20:19:51 INFO: レース結果取得開始: race_id=202310010702
20:19:52 INFO: 取得完了: race_id=202310010702, 出走頭数=13
20:19:52 INFO: レース結果取得開始: race_id=202310010703
20:19:54 INFO: 取得完了: race_id=202310010703, 出走頭数=14
20:19:54 INFO: レース結果取得開始: race_id=202310010704
20:19:56 INFO: 取得完了: race_id=202310010704, 出走頭数=14
20:19:56 INFO: レース結果取得開始: race_id=202310010705
20:19:58 INFO: 取得完了: race_id=202310010705, 出走頭数=12
20:19:58 INFO: レース結果取得開始: race_id=202310010706
20:20:00 INFO: 取得完了: race_id=202310010706, 出走頭数=9
20:20:00 INFO: レース結果取得開始: race_id=202310010707
20:20:02 INFO: 取得完了: race_id=202310010707, 出走頭数=13
20:20:02 INFO: レース結果取得開始: race_id=202310010708
20:20:03 INFO: 取得完了: race_id=202310010708, 出走頭数=15
[ 3800/6912] 202310010708: 15頭  errors=0  残り≈92分
20:20:03 INFO: レース結果取得開始: race_id=202310010709
20:20:05 INFO: 取得完了: race_id=202310010709, 出走頭数=13
20:20:05 INFO: レース結果取得開始: race_id=202310010710
20:20:07 INFO: 取得完了: race_id=202310010710, 出走頭数=14
20:20:07 INFO: レース結果取得開始: race_id=202310010711
20:20:08 INFO: 取得完了: race_id=202310010711, 出走頭数=14
20:20:08 INFO: レース結果取得開始: race_id=202310010712
20:20:10 INFO: 取得完了: race_id=202310010712, 出走頭数=18
20:20:10 INFO: レース結果取得開始: race_id=202305010401
20:20:12 INFO: 取得完了: race_id=202305010401, 出走頭数=16
20:20:12 INFO: レース結果取得開始: race_id=202305010402
20:20:14 INFO: 取得完了: race_id=202305010402, 出走頭数=16
20:20:14 INFO: レース結果取得開始: race_id=202305010403
20:20:16 INFO: 取得完了: race_id=202305010403, 出走頭数=16
20:20:16 INFO: レース結果取得開始: race_id=202305010404
20:20:17 INFO: 取得完了: race_id=202305010404, 出走頭数=16
20:20:17 INFO: レース結果取得開始: race_id=202305010405
20:20:19 INFO: 取得完了: race_id=202305010405, 出走頭数=16
20:20:19 INFO: レース結果取得開始: race_id=202305010406
20:20:21 INFO: 取得完了: race_id=202305010406, 出走頭数=16
20:20:21 INFO: レース結果取得開始: race_id=202305010407
20:20:23 INFO: 取得完了: race_id=202305010407, 出走頭数=16
20:20:23 INFO: レース結果取得開始: race_id=202305010408
20:20:25 INFO: 取得完了: race_id=202305010408, 出走頭数=10
20:20:25 INFO: レース結果取得開始: race_id=202305010409
20:20:27 INFO: 取得完了: race_id=202305010409, 出走頭数=10
20:20:27 INFO: レース結果取得開始: race_id=202305010410
20:20:28 INFO: 取得完了: race_id=202305010410, 出走頭数=16
20:20:28 INFO: レース結果取得開始: race_id=202305010411
20:20:30 INFO: 取得完了: race_id=202305010411, 出走頭数=16
20:20:30 INFO: レース結果取得開始: race_id=202305010412
20:20:31 INFO: 取得完了: race_id=202305010412, 出走頭数=16
20:20:31 INFO: レース結果取得開始: race_id=202307011201
20:20:33 INFO: 取得完了: race_id=202307011201, 出走頭数=11
20:20:33 INFO: レース結果取得開始: race_id=202307011202
20:20:35 INFO: 取得完了: race_id=202307011202, 出走頭数=15
20:20:35 INFO: レース結果取得開始: race_id=202307011203
20:20:37 INFO: 取得完了: race_id=202307011203, 出走頭数=16
20:20:37 INFO: レース結果取得開始: race_id=202307011204
20:20:39 INFO: 取得完了: race_id=202307011204, 出走頭数=8
20:20:39 INFO: レース結果取得開始: race_id=202307011205
20:20:41 INFO: 取得完了: race_id=202307011205, 出走頭数=15
20:20:41 INFO: レース結果取得開始: race_id=202307011206
20:20:43 INFO: 取得完了: race_id=202307011206, 出走頭数=15
20:20:43 INFO: レース結果取得開始: race_id=202307011207
20:20:45 INFO: 取得完了: race_id=202307011207, 出走頭数=9
20:20:45 INFO: レース結果取得開始: race_id=202307011208
20:20:47 INFO: 取得完了: race_id=202307011208, 出走頭数=9
20:20:47 INFO: レース結果取得開始: race_id=202307011209
20:20:49 INFO: 取得完了: race_id=202307011209, 出走頭数=14
20:20:49 INFO: レース結果取得開始: race_id=202307011210
20:20:51 INFO: 取得完了: race_id=202307011210, 出走頭数=11
20:20:51 INFO: レース結果取得開始: race_id=202307011211
20:20:53 INFO: 取得完了: race_id=202307011211, 出走頭数=8
20:20:53 INFO: レース結果取得開始: race_id=202307011212
20:20:54 INFO: 取得完了: race_id=202307011212, 出走頭数=11
20:20:55 INFO: レース結果取得開始: race_id=202310010801
20:20:57 INFO: 取得完了: race_id=202310010801, 出走頭数=15
20:20:57 INFO: レース結果取得開始: race_id=202310010802
20:20:59 INFO: 取得完了: race_id=202310010802, 出走頭数=14
20:20:59 INFO: レース結果取得開始: race_id=202310010803
20:21:00 INFO: 取得完了: race_id=202310010803, 出走頭数=14
20:21:00 INFO: レース結果取得開始: race_id=202310010804
20:21:01 INFO: 取得完了: race_id=202310010804, 出走頭数=12
20:21:01 INFO: レース結果取得開始: race_id=202310010805
20:21:03 INFO: 取得完了: race_id=202310010805, 出走頭数=16
20:21:03 INFO: レース結果取得開始: race_id=202310010806
20:21:06 INFO: 取得完了: race_id=202310010806, 出走頭数=18
20:21:06 INFO: レース結果取得開始: race_id=202310010807
20:21:07 INFO: 取得完了: race_id=202310010807, 出走頭数=9
20:21:07 INFO: レース結果取得開始: race_id=202310010808
20:21:08 INFO: 取得完了: race_id=202310010808, 出走頭数=12
20:21:08 INFO: レース結果取得開始: race_id=202310010809
20:21:10 INFO: 取得完了: race_id=202310010809, 出走頭数=18
20:21:10 INFO: レース結果取得開始: race_id=202310010810
20:21:12 INFO: 取得完了: race_id=202310010810, 出走頭数=16
20:21:12 INFO: レース結果取得開始: race_id=202310010811
20:21:14 INFO: 取得完了: race_id=202310010811, 出走頭数=15
20:21:14 INFO: レース結果取得開始: race_id=202310010812
20:21:15 INFO: 取得完了: race_id=202310010812, 出走頭数=16
20:21:15 INFO: レース結果取得開始: race_id=202305010501
20:21:17 INFO: 取得完了: race_id=202305010501, 出走頭数=16
20:21:17 INFO: レース結果取得開始: race_id=202305010502
20:21:18 INFO: 取得完了: race_id=202305010502, 出走頭数=16
20:21:18 INFO: レース結果取得開始: race_id=202305010503
20:21:21 INFO: 取得完了: race_id=202305010503, 出走頭数=16
20:21:21 INFO: レース結果取得開始: race_id=202305010504
20:21:22 INFO: 取得完了: race_id=202305010504, 出走頭数=16
20:21:22 INFO: レース結果取得開始: race_id=202305010505
20:21:24 INFO: 取得完了: race_id=202305010505, 出走頭数=16
20:21:24 INFO: レース結果取得開始: race_id=202305010506
20:21:26 INFO: 取得完了: race_id=202305010506, 出走頭数=16
20:21:26 INFO: レース結果取得開始: race_id=202305010507
20:21:27 INFO: 取得完了: race_id=202305010507, 出走頭数=14
20:21:27 INFO: レース結果取得開始: race_id=202305010508
20:21:30 INFO: 取得完了: race_id=202305010508, 出走頭数=16
20:21:30 INFO: レース結果取得開始: race_id=202305010509
20:21:32 INFO: 取得完了: race_id=202305010509, 出走頭数=13
20:21:32 INFO: レース結果取得開始: race_id=202305010510
20:21:34 INFO: 取得完了: race_id=202305010510, 出走頭数=15
20:21:34 INFO: レース結果取得開始: race_id=202305010511
20:21:36 INFO: 取得完了: race_id=202305010511, 出走頭数=16
20:21:36 INFO: レース結果取得開始: race_id=202305010512
20:21:37 INFO: 取得完了: race_id=202305010512, 出走頭数=16
20:21:37 INFO: レース結果取得開始: race_id=202309010101
20:21:38 INFO: 取得完了: race_id=202309010101, 出走頭数=12
20:21:38 INFO: レース結果取得開始: race_id=202309010102
20:21:41 INFO: 取得完了: race_id=202309010102, 出走頭数=16
20:21:41 INFO: レース結果取得開始: race_id=202309010103
20:21:42 INFO: 取得完了: race_id=202309010103, 出走頭数=10
20:21:42 INFO: レース結果取得開始: race_id=202309010104
20:21:44 INFO: 取得完了: race_id=202309010104, 出走頭数=16
20:21:44 INFO: レース結果取得開始: race_id=202309010105
20:21:46 INFO: 取得完了: race_id=202309010105, 出走頭数=18
20:21:46 INFO: レース結果取得開始: race_id=202309010106
20:21:48 INFO: 取得完了: race_id=202309010106, 出走頭数=10
20:21:48 INFO: レース結果取得開始: race_id=202309010107
20:21:49 INFO: 取得完了: race_id=202309010107, 出走頭数=8
20:21:49 INFO: レース結果取得開始: race_id=202309010108
20:21:51 INFO: 取得完了: race_id=202309010108, 出走頭数=14
20:21:51 INFO: レース結果取得開始: race_id=202309010109
20:21:52 INFO: 取得完了: race_id=202309010109, 出走頭数=10
20:21:52 INFO: レース結果取得開始: race_id=202309010110
20:21:55 INFO: 取得完了: race_id=202309010110, 出走頭数=13
20:21:55 INFO: レース結果取得開始: race_id=202309010111
20:21:56 INFO: 取得完了: race_id=202309010111, 出走頭数=11
20:21:56 INFO: レース結果取得開始: race_id=202309010112
20:21:58 INFO: 取得完了: race_id=202309010112, 出走頭数=10
20:21:58 INFO: レース結果取得開始: race_id=202310020101
20:21:59 INFO: 取得完了: race_id=202310020101, 出走頭数=16
20:21:59 INFO: レース結果取得開始: race_id=202310020102
20:22:01 INFO: 取得完了: race_id=202310020102, 出走頭数=13
20:22:01 INFO: レース結果取得開始: race_id=202310020103
20:22:04 INFO: 取得完了: race_id=202310020103, 出走頭数=14
20:22:04 INFO: レース結果取得開始: race_id=202310020104
20:22:05 INFO: 取得完了: race_id=202310020104, 出走頭数=12
20:22:05 INFO: レース結果取得開始: race_id=202310020105
20:22:07 INFO: 取得完了: race_id=202310020105, 出走頭数=11
20:22:07 INFO: レース結果取得開始: race_id=202310020106
20:22:09 INFO: 取得完了: race_id=202310020106, 出走頭数=18
20:22:09 INFO: レース結果取得開始: race_id=202310020107
20:22:11 INFO: 取得完了: race_id=202310020107, 出走頭数=11
20:22:11 INFO: レース結果取得開始: race_id=202310020108
20:22:13 INFO: 取得完了: race_id=202310020108, 出走頭数=16
20:22:13 INFO: レース結果取得開始: race_id=202310020109
20:22:15 INFO: 取得完了: race_id=202310020109, 出走頭数=12
20:22:15 INFO: レース結果取得開始: race_id=202310020110
20:22:16 INFO: 取得完了: race_id=202310020110, 出走頭数=18
20:22:16 INFO: レース結果取得開始: race_id=202310020111
20:22:18 INFO: 取得完了: race_id=202310020111, 出走頭数=15
20:22:18 INFO: レース結果取得開始: race_id=202310020112
20:22:19 INFO: 取得完了: race_id=202310020112, 出走頭数=14
20:22:19 INFO: レース結果取得開始: race_id=202305010601
20:22:21 INFO: 取得完了: race_id=202305010601, 出走頭数=16
20:22:21 INFO: レース結果取得開始: race_id=202305010602
20:22:23 INFO: 取得完了: race_id=202305010602, 出走頭数=16
20:22:23 INFO: レース結果取得開始: race_id=202305010603
20:22:25 INFO: 取得完了: race_id=202305010603, 出走頭数=16
20:22:25 INFO: レース結果取得開始: race_id=202305010604
20:22:27 INFO: 取得完了: race_id=202305010604, 出走頭数=15
20:22:27 INFO: レース結果取得開始: race_id=202305010605
20:22:29 INFO: 取得完了: race_id=202305010605, 出走頭数=16
20:22:29 INFO: レース結果取得開始: race_id=202305010606
20:22:31 INFO: 取得完了: race_id=202305010606, 出走頭数=10
20:22:31 INFO: レース結果取得開始: race_id=202305010607
20:22:32 INFO: 取得完了: race_id=202305010607, 出走頭数=15
20:22:32 INFO: レース結果取得開始: race_id=202305010608
20:22:34 INFO: 取得完了: race_id=202305010608, 出走頭数=12
20:22:34 INFO: レース結果取得開始: race_id=202305010609
20:22:36 INFO: 取得完了: race_id=202305010609, 出走頭数=16
20:22:36 INFO: レース結果取得開始: race_id=202305010610
20:22:38 INFO: 取得完了: race_id=202305010610, 出走頭数=16
20:22:38 INFO: レース結果取得開始: race_id=202305010611
20:22:40 INFO: 取得完了: race_id=202305010611, 出走頭数=12
20:22:40 INFO: レース結果取得開始: race_id=202305010612
20:22:42 INFO: 取得完了: race_id=202305010612, 出走頭数=16
20:22:42 INFO: レース結果取得開始: race_id=202309010201
20:22:44 INFO: 取得完了: race_id=202309010201, 出走頭数=16
20:22:44 INFO: レース結果取得開始: race_id=202309010202
20:22:46 INFO: 取得完了: race_id=202309010202, 出走頭数=11
20:22:46 INFO: レース結果取得開始: race_id=202309010203
20:22:47 INFO: 取得完了: race_id=202309010203, 出走頭数=16
20:22:47 INFO: レース結果取得開始: race_id=202309010204
20:22:49 INFO: 取得完了: race_id=202309010204, 出走頭数=13
20:22:50 INFO: レース結果取得開始: race_id=202309010205
20:22:51 INFO: 取得完了: race_id=202309010205, 出走頭数=10
20:22:51 INFO: レース結果取得開始: race_id=202309010206
20:22:53 INFO: 取得完了: race_id=202309010206, 出走頭数=12
20:22:53 INFO: レース結果取得開始: race_id=202309010207
20:22:54 INFO: 取得完了: race_id=202309010207, 出走頭数=16
20:22:54 INFO: レース結果取得開始: race_id=202309010208
20:22:56 INFO: 取得完了: race_id=202309010208, 出走頭数=7
20:22:56 INFO: レース結果取得開始: race_id=202309010209
20:22:58 INFO: 取得完了: race_id=202309010209, 出走頭数=17
20:22:58 INFO: レース結果取得開始: race_id=202309010210
20:23:00 INFO: 取得完了: race_id=202309010210, 出走頭数=13
20:23:00 INFO: レース結果取得開始: race_id=202309010211
20:23:02 INFO: 取得完了: race_id=202309010211, 出走頭数=13
20:23:02 INFO: レース結果取得開始: race_id=202309010212
20:23:04 INFO: 取得完了: race_id=202309010212, 出走頭数=16
[ 3900/6912] 202309010212: 16頭  errors=0  残り≈89分
20:23:04 INFO: レース結果取得開始: race_id=202310020201
20:23:05 INFO: 取得完了: race_id=202310020201, 出走頭数=16
20:23:05 INFO: レース結果取得開始: race_id=202310020202
20:23:07 INFO: 取得完了: race_id=202310020202, 出走頭数=18
20:23:07 INFO: レース結果取得開始: race_id=202310020203
20:23:09 INFO: 取得完了: race_id=202310020203, 出走頭数=14
20:23:09 INFO: レース結果取得開始: race_id=202310020204
20:23:11 INFO: 取得完了: race_id=202310020204, 出走頭数=12
20:23:11 INFO: レース結果取得開始: race_id=202310020205
20:23:13 INFO: 取得完了: race_id=202310020205, 出走頭数=13
20:23:13 INFO: レース結果取得開始: race_id=202310020206
20:23:14 INFO: 取得完了: race_id=202310020206, 出走頭数=18
20:23:14 INFO: レース結果取得開始: race_id=202310020207
20:23:17 INFO: 取得完了: race_id=202310020207, 出走頭数=8
20:23:17 INFO: レース結果取得開始: race_id=202310020208
20:23:18 INFO: 取得完了: race_id=202310020208, 出走頭数=14
20:23:18 INFO: レース結果取得開始: race_id=202310020209
20:23:20 INFO: 取得完了: race_id=202310020209, 出走頭数=14
20:23:20 INFO: レース結果取得開始: race_id=202310020210
20:23:21 INFO: 取得完了: race_id=202310020210, 出走頭数=16
20:23:21 INFO: レース結果取得開始: race_id=202310020211
20:23:23 INFO: 取得完了: race_id=202310020211, 出走頭数=18
20:23:23 INFO: レース結果取得開始: race_id=202310020212
20:23:25 INFO: 取得完了: race_id=202310020212, 出走頭数=16
20:23:25 INFO: レース結果取得開始: race_id=202305010701
20:23:26 INFO: 取得完了: race_id=202305010701, 出走頭数=16
20:23:26 INFO: レース結果取得開始: race_id=202305010702
20:23:28 INFO: 取得完了: race_id=202305010702, 出走頭数=16
20:23:28 INFO: レース結果取得開始: race_id=202305010703
20:23:30 INFO: 取得完了: race_id=202305010703, 出走頭数=16
20:23:30 INFO: レース結果取得開始: race_id=202305010704
20:23:32 INFO: 取得完了: race_id=202305010704, 出走頭数=16
20:23:32 INFO: レース結果取得開始: race_id=202305010705
20:23:34 INFO: 取得完了: race_id=202305010705, 出走頭数=18
20:23:34 INFO: レース結果取得開始: race_id=202305010706
20:23:36 INFO: 取得完了: race_id=202305010706, 出走頭数=16
20:23:36 INFO: レース結果取得開始: race_id=202305010707
20:23:38 INFO: 取得完了: race_id=202305010707, 出走頭数=16
20:23:38 INFO: レース結果取得開始: race_id=202305010708
20:23:40 INFO: 取得完了: race_id=202305010708, 出走頭数=16
20:23:40 INFO: レース結果取得開始: race_id=202305010709
20:23:41 INFO: 取得完了: race_id=202305010709, 出走頭数=10
20:23:41 INFO: レース結果取得開始: race_id=202305010710
20:23:43 INFO: 取得完了: race_id=202305010710, 出走頭数=16
20:23:43 INFO: レース結果取得開始: race_id=202305010711
20:23:45 INFO: 取得完了: race_id=202305010711, 出走頭数=16
20:23:46 INFO: レース結果取得開始: race_id=202305010712
20:23:47 INFO: 取得完了: race_id=202305010712, 出走頭数=12
20:23:47 INFO: レース結果取得開始: race_id=202309010301
20:23:49 INFO: 取得完了: race_id=202309010301, 出走頭数=12
20:23:49 INFO: レース結果取得開始: race_id=202309010302
20:23:50 INFO: 取得完了: race_id=202309010302, 出走頭数=16
20:23:50 INFO: レース結果取得開始: race_id=202309010303
20:23:53 INFO: 取得完了: race_id=202309010303, 出走頭数=9
20:23:53 INFO: レース結果取得開始: race_id=202309010304
20:23:54 INFO: 取得完了: race_id=202309010304, 出走頭数=16
20:23:54 INFO: レース結果取得開始: race_id=202309010305
20:23:56 INFO: 取得完了: race_id=202309010305, 出走頭数=16
20:23:56 INFO: レース結果取得開始: race_id=202309010306
20:23:57 INFO: 取得完了: race_id=202309010306, 出走頭数=15
20:23:57 INFO: レース結果取得開始: race_id=202309010307
20:23:59 INFO: 取得完了: race_id=202309010307, 出走頭数=8
20:23:59 INFO: レース結果取得開始: race_id=202309010308
20:24:01 INFO: 取得完了: race_id=202309010308, 出走頭数=16
20:24:01 INFO: レース結果取得開始: race_id=202309010309
20:24:03 INFO: 取得完了: race_id=202309010309, 出走頭数=12
20:24:03 INFO: レース結果取得開始: race_id=202309010310
20:24:04 INFO: 取得完了: race_id=202309010310, 出走頭数=16
20:24:04 INFO: レース結果取得開始: race_id=202309010311
20:24:06 INFO: 取得完了: race_id=202309010311, 出走頭数=18
20:24:06 INFO: レース結果取得開始: race_id=202309010312
20:24:07 INFO: 取得完了: race_id=202309010312, 出走頭数=14
20:24:07 INFO: レース結果取得開始: race_id=202310020301
20:24:09 INFO: 取得完了: race_id=202310020301, 出走頭数=16
20:24:09 INFO: レース結果取得開始: race_id=202310020302
20:24:11 INFO: 取得完了: race_id=202310020302, 出走頭数=17
20:24:11 INFO: レース結果取得開始: race_id=202310020303
20:24:12 INFO: 取得完了: race_id=202310020303, 出走頭数=14
20:24:12 INFO: レース結果取得開始: race_id=202310020304
20:24:14 INFO: 取得完了: race_id=202310020304, 出走頭数=12
20:24:14 INFO: レース結果取得開始: race_id=202310020305
20:24:16 INFO: 取得完了: race_id=202310020305, 出走頭数=12
20:24:16 INFO: レース結果取得開始: race_id=202310020306
20:24:17 INFO: 取得完了: race_id=202310020306, 出走頭数=18
20:24:17 INFO: レース結果取得開始: race_id=202310020307
20:24:18 INFO: 取得完了: race_id=202310020307, 出走頭数=12
20:24:18 INFO: レース結果取得開始: race_id=202310020308
20:24:20 INFO: 取得完了: race_id=202310020308, 出走頭数=16
20:24:20 INFO: レース結果取得開始: race_id=202310020309
20:24:22 INFO: 取得完了: race_id=202310020309, 出走頭数=12
20:24:22 INFO: レース結果取得開始: race_id=202310020310
20:24:24 INFO: 取得完了: race_id=202310020310, 出走頭数=11
20:24:24 INFO: レース結果取得開始: race_id=202310020311
20:24:25 INFO: 取得完了: race_id=202310020311, 出走頭数=18
20:24:25 INFO: レース結果取得開始: race_id=202310020312
20:24:27 INFO: 取得完了: race_id=202310020312, 出走頭数=16
20:24:27 INFO: レース結果取得開始: race_id=202305010801
20:24:29 INFO: 取得完了: race_id=202305010801, 出走頭数=16
20:24:29 INFO: レース結果取得開始: race_id=202305010802
20:24:30 INFO: 取得完了: race_id=202305010802, 出走頭数=16
20:24:30 INFO: レース結果取得開始: race_id=202305010803
20:24:31 INFO: 取得完了: race_id=202305010803, 出走頭数=16
20:24:31 INFO: レース結果取得開始: race_id=202305010804
20:24:33 INFO: 取得完了: race_id=202305010804, 出走頭数=16
20:24:33 INFO: レース結果取得開始: race_id=202305010805
20:24:35 INFO: 取得完了: race_id=202305010805, 出走頭数=16
20:24:35 INFO: レース結果取得開始: race_id=202305010806
20:24:38 INFO: 取得完了: race_id=202305010806, 出走頭数=12
20:24:38 INFO: レース結果取得開始: race_id=202305010807
20:24:39 INFO: 取得完了: race_id=202305010807, 出走頭数=16
20:24:39 INFO: レース結果取得開始: race_id=202305010808
20:24:41 INFO: 取得完了: race_id=202305010808, 出走頭数=10
20:24:41 INFO: レース結果取得開始: race_id=202305010809
20:24:42 INFO: 取得完了: race_id=202305010809, 出走頭数=14
20:24:42 INFO: レース結果取得開始: race_id=202305010810
20:24:44 INFO: 取得完了: race_id=202305010810, 出走頭数=14
20:24:44 INFO: レース結果取得開始: race_id=202305010811
20:24:45 INFO: 取得完了: race_id=202305010811, 出走頭数=16
20:24:45 INFO: レース結果取得開始: race_id=202305010812
20:24:47 INFO: 取得完了: race_id=202305010812, 出走頭数=16
20:24:47 INFO: レース結果取得開始: race_id=202309010401
20:24:49 INFO: 取得完了: race_id=202309010401, 出走頭数=13
20:24:49 INFO: レース結果取得開始: race_id=202309010402
20:24:50 INFO: 取得完了: race_id=202309010402, 出走頭数=16
20:24:50 INFO: レース結果取得開始: race_id=202309010403
20:24:52 INFO: 取得完了: race_id=202309010403, 出走頭数=11
20:24:52 INFO: レース結果取得開始: race_id=202309010404
20:24:53 INFO: 取得完了: race_id=202309010404, 出走頭数=16
20:24:53 INFO: レース結果取得開始: race_id=202309010405
20:24:55 INFO: 取得完了: race_id=202309010405, 出走頭数=17
20:24:55 INFO: レース結果取得開始: race_id=202309010406
20:24:57 INFO: 取得完了: race_id=202309010406, 出走頭数=11
20:24:57 INFO: レース結果取得開始: race_id=202309010407
20:24:59 INFO: 取得完了: race_id=202309010407, 出走頭数=13
20:24:59 INFO: レース結果取得開始: race_id=202309010408
20:25:01 INFO: 取得完了: race_id=202309010408, 出走頭数=15
20:25:01 INFO: レース結果取得開始: race_id=202309010409
20:25:03 INFO: 取得完了: race_id=202309010409, 出走頭数=11
20:25:03 INFO: レース結果取得開始: race_id=202309010410
20:25:04 INFO: 取得完了: race_id=202309010410, 出走頭数=14
20:25:04 INFO: レース結果取得開始: race_id=202309010411
20:25:06 INFO: 取得完了: race_id=202309010411, 出走頭数=16
20:25:06 INFO: レース結果取得開始: race_id=202309010412
20:25:07 INFO: 取得完了: race_id=202309010412, 出走頭数=11
20:25:07 INFO: レース結果取得開始: race_id=202310020401
20:25:09 INFO: 取得完了: race_id=202310020401, 出走頭数=16
20:25:09 INFO: レース結果取得開始: race_id=202310020402
20:25:11 INFO: 取得完了: race_id=202310020402, 出走頭数=18
20:25:11 INFO: レース結果取得開始: race_id=202310020403
20:25:14 INFO: 取得完了: race_id=202310020403, 出走頭数=14
20:25:14 INFO: レース結果取得開始: race_id=202310020404
20:25:15 INFO: 取得完了: race_id=202310020404, 出走頭数=12
20:25:15 INFO: レース結果取得開始: race_id=202310020405
20:25:17 INFO: 取得完了: race_id=202310020405, 出走頭数=18
20:25:18 INFO: レース結果取得開始: race_id=202310020406
20:25:20 INFO: 取得完了: race_id=202310020406, 出走頭数=16
20:25:20 INFO: レース結果取得開始: race_id=202310020407
20:25:21 INFO: 取得完了: race_id=202310020407, 出走頭数=9
20:25:21 INFO: レース結果取得開始: race_id=202310020408
20:25:23 INFO: 取得完了: race_id=202310020408, 出走頭数=18
20:25:23 INFO: レース結果取得開始: race_id=202310020409
20:25:25 INFO: 取得完了: race_id=202310020409, 出走頭数=11
20:25:25 INFO: レース結果取得開始: race_id=202310020410
20:25:26 INFO: 取得完了: race_id=202310020410, 出走頭数=14
20:25:26 INFO: レース結果取得開始: race_id=202310020411
20:25:28 INFO: 取得完了: race_id=202310020411, 出走頭数=16
20:25:28 INFO: レース結果取得開始: race_id=202310020412
20:25:30 INFO: 取得完了: race_id=202310020412, 出走頭数=18
20:25:30 INFO: レース結果取得開始: race_id=202306020101
20:25:32 INFO: 取得完了: race_id=202306020101, 出走頭数=16
20:25:32 INFO: レース結果取得開始: race_id=202306020102
20:25:34 INFO: 取得完了: race_id=202306020102, 出走頭数=16
20:25:34 INFO: レース結果取得開始: race_id=202306020103
20:25:36 INFO: 取得完了: race_id=202306020103, 出走頭数=16
20:25:36 INFO: レース結果取得開始: race_id=202306020104
20:25:39 INFO: 取得完了: race_id=202306020104, 出走頭数=16
20:25:39 INFO: レース結果取得開始: race_id=202306020105
20:25:41 INFO: 取得完了: race_id=202306020105, 出走頭数=16
20:25:41 INFO: レース結果取得開始: race_id=202306020106
20:25:42 INFO: 取得完了: race_id=202306020106, 出走頭数=17
20:25:42 INFO: レース結果取得開始: race_id=202306020107
20:25:44 INFO: 取得完了: race_id=202306020107, 出走頭数=12
20:25:44 INFO: レース結果取得開始: race_id=202306020108
20:25:47 INFO: 取得完了: race_id=202306020108, 出走頭数=16
20:25:47 INFO: レース結果取得開始: race_id=202306020109
20:25:49 INFO: 取得完了: race_id=202306020109, 出走頭数=8
20:25:49 INFO: レース結果取得開始: race_id=202306020110
20:25:51 INFO: 取得完了: race_id=202306020110, 出走頭数=10
20:25:51 INFO: レース結果取得開始: race_id=202306020111
20:25:52 INFO: 取得完了: race_id=202306020111, 出走頭数=16
20:25:52 INFO: レース結果取得開始: race_id=202306020112
20:25:54 INFO: 取得完了: race_id=202306020112, 出走頭数=14
20:25:54 INFO: レース結果取得開始: race_id=202309010501
20:25:56 INFO: 取得完了: race_id=202309010501, 出走頭数=13
20:25:56 INFO: レース結果取得開始: race_id=202309010502
20:25:58 INFO: 取得完了: race_id=202309010502, 出走頭数=14
20:25:58 INFO: レース結果取得開始: race_id=202309010503
20:26:00 INFO: 取得完了: race_id=202309010503, 出走頭数=16
20:26:00 INFO: レース結果取得開始: race_id=202309010504
20:26:01 INFO: 取得完了: race_id=202309010504, 出走頭数=16
[ 4000/6912] 202309010504: 16頭  errors=0  残り≈86分
20:26:01 INFO: レース結果取得開始: race_id=202309010505
20:26:04 INFO: 取得完了: race_id=202309010505, 出走頭数=16
20:26:04 INFO: レース結果取得開始: race_id=202309010506
20:26:05 INFO: 取得完了: race_id=202309010506, 出走頭数=10
20:26:05 INFO: レース結果取得開始: race_id=202309010507
20:26:07 INFO: 取得完了: race_id=202309010507, 出走頭数=8
20:26:07 INFO: レース結果取得開始: race_id=202309010508
20:26:09 INFO: 取得完了: race_id=202309010508, 出走頭数=16
20:26:09 INFO: レース結果取得開始: race_id=202309010509
20:26:11 INFO: 取得完了: race_id=202309010509, 出走頭数=6
20:26:11 INFO: レース結果取得開始: race_id=202309010510
20:26:12 INFO: 取得完了: race_id=202309010510, 出走頭数=16
20:26:12 INFO: レース結果取得開始: race_id=202309010511
20:26:14 INFO: 取得完了: race_id=202309010511, 出走頭数=16
20:26:14 INFO: レース結果取得開始: race_id=202309010512
20:26:16 INFO: 取得完了: race_id=202309010512, 出走頭数=15
20:26:16 INFO: レース結果取得開始: race_id=202310020501
20:26:18 INFO: 取得完了: race_id=202310020501, 出走頭数=15
20:26:18 INFO: レース結果取得開始: race_id=202310020502
20:26:19 INFO: 取得完了: race_id=202310020502, 出走頭数=18
20:26:19 INFO: レース結果取得開始: race_id=202310020503
20:26:20 INFO: 取得完了: race_id=202310020503, 出走頭数=14
20:26:20 INFO: レース結果取得開始: race_id=202310020504
20:26:22 INFO: 取得完了: race_id=202310020504, 出走頭数=12
20:26:22 INFO: レース結果取得開始: race_id=202310020505
20:26:23 INFO: 取得完了: race_id=202310020505, 出走頭数=16
20:26:23 INFO: レース結果取得開始: race_id=202310020506
20:26:25 INFO: 取得完了: race_id=202310020506, 出走頭数=13
20:26:25 INFO: レース結果取得開始: race_id=202310020507
20:26:27 INFO: 取得完了: race_id=202310020507, 出走頭数=12
20:26:27 INFO: レース結果取得開始: race_id=202310020508
20:26:29 INFO: 取得完了: race_id=202310020508, 出走頭数=14
20:26:29 INFO: レース結果取得開始: race_id=202310020509
20:26:31 INFO: 取得完了: race_id=202310020509, 出走頭数=15
20:26:31 INFO: レース結果取得開始: race_id=202310020510
20:26:33 INFO: 取得完了: race_id=202310020510, 出走頭数=12
20:26:33 INFO: レース結果取得開始: race_id=202310020511
20:26:34 INFO: 取得完了: race_id=202310020511, 出走頭数=16
20:26:34 INFO: レース結果取得開始: race_id=202310020512
20:26:36 INFO: 取得完了: race_id=202310020512, 出走頭数=18
20:26:36 INFO: レース結果取得開始: race_id=202306020201
20:26:38 INFO: 取得完了: race_id=202306020201, 出走頭数=16
20:26:38 INFO: レース結果取得開始: race_id=202306020202
20:26:40 INFO: 取得完了: race_id=202306020202, 出走頭数=16
20:26:40 INFO: レース結果取得開始: race_id=202306020203
20:26:42 INFO: 取得完了: race_id=202306020203, 出走頭数=16
20:26:42 INFO: レース結果取得開始: race_id=202306020204
20:26:44 INFO: 取得完了: race_id=202306020204, 出走頭数=16
20:26:44 INFO: レース結果取得開始: race_id=202306020205
20:26:46 INFO: 取得完了: race_id=202306020205, 出走頭数=18
20:26:46 INFO: レース結果取得開始: race_id=202306020206
20:26:47 INFO: 取得完了: race_id=202306020206, 出走頭数=15
20:26:47 INFO: レース結果取得開始: race_id=202306020207
20:26:49 INFO: 取得完了: race_id=202306020207, 出走頭数=12
20:26:49 INFO: レース結果取得開始: race_id=202306020208
20:26:51 INFO: 取得完了: race_id=202306020208, 出走頭数=16
20:26:51 INFO: レース結果取得開始: race_id=202306020209
20:26:53 INFO: 取得完了: race_id=202306020209, 出走頭数=9
20:26:53 INFO: レース結果取得開始: race_id=202306020210
20:26:55 INFO: 取得完了: race_id=202306020210, 出走頭数=16
20:26:55 INFO: レース結果取得開始: race_id=202306020211
20:26:57 INFO: 取得完了: race_id=202306020211, 出走頭数=14
20:26:57 INFO: レース結果取得開始: race_id=202306020212
20:26:59 INFO: 取得完了: race_id=202306020212, 出走頭数=16
20:26:59 INFO: レース結果取得開始: race_id=202309010601
20:27:01 INFO: 取得完了: race_id=202309010601, 出走頭数=16
20:27:01 INFO: レース結果取得開始: race_id=202309010602
20:27:03 INFO: 取得完了: race_id=202309010602, 出走頭数=13
20:27:03 INFO: レース結果取得開始: race_id=202309010603
20:27:05 INFO: 取得完了: race_id=202309010603, 出走頭数=15
20:27:05 INFO: レース結果取得開始: race_id=202309010604
20:27:07 INFO: 取得完了: race_id=202309010604, 出走頭数=13
20:27:07 INFO: レース結果取得開始: race_id=202309010605
20:27:09 INFO: 取得完了: race_id=202309010605, 出走頭数=17
20:27:09 INFO: レース結果取得開始: race_id=202309010606
20:27:11 INFO: 取得完了: race_id=202309010606, 出走頭数=12
20:27:11 INFO: レース結果取得開始: race_id=202309010607
20:27:13 INFO: 取得完了: race_id=202309010607, 出走頭数=15
20:27:13 INFO: レース結果取得開始: race_id=202309010608
20:27:14 INFO: 取得完了: race_id=202309010608, 出走頭数=16
20:27:14 INFO: レース結果取得開始: race_id=202309010609
20:27:16 INFO: 取得完了: race_id=202309010609, 出走頭数=13
20:27:16 INFO: レース結果取得開始: race_id=202309010610
20:27:17 INFO: 取得完了: race_id=202309010610, 出走頭数=10
20:27:17 INFO: レース結果取得開始: race_id=202309010611
20:27:19 INFO: 取得完了: race_id=202309010611, 出走頭数=16
20:27:19 INFO: レース結果取得開始: race_id=202309010612
20:27:21 INFO: 取得完了: race_id=202309010612, 出走頭数=16
20:27:21 INFO: レース結果取得開始: race_id=202310020601
20:27:23 INFO: 取得完了: race_id=202310020601, 出走頭数=16
20:27:23 INFO: レース結果取得開始: race_id=202310020602
20:27:24 INFO: 取得完了: race_id=202310020602, 出走頭数=18
20:27:24 INFO: レース結果取得開始: race_id=202310020603
20:27:26 INFO: 取得完了: race_id=202310020603, 出走頭数=14
20:27:26 INFO: レース結果取得開始: race_id=202310020604
20:27:27 INFO: 取得完了: race_id=202310020604, 出走頭数=12
20:27:27 INFO: レース結果取得開始: race_id=202310020605
20:27:29 INFO: 取得完了: race_id=202310020605, 出走頭数=16
20:27:29 INFO: レース結果取得開始: race_id=202310020606
20:27:31 INFO: 取得完了: race_id=202310020606, 出走頭数=18
20:27:31 INFO: レース結果取得開始: race_id=202310020607
20:27:33 INFO: 取得完了: race_id=202310020607, 出走頭数=13
20:27:33 INFO: レース結果取得開始: race_id=202310020608
20:27:35 INFO: 取得完了: race_id=202310020608, 出走頭数=16
20:27:35 INFO: レース結果取得開始: race_id=202310020609
20:27:37 INFO: 取得完了: race_id=202310020609, 出走頭数=15
20:27:37 INFO: レース結果取得開始: race_id=202310020610
20:27:39 INFO: 取得完了: race_id=202310020610, 出走頭数=18
20:27:39 INFO: レース結果取得開始: race_id=202310020611
20:27:40 INFO: 取得完了: race_id=202310020611, 出走頭数=17
20:27:40 INFO: レース結果取得開始: race_id=202310020612
20:27:43 INFO: 取得完了: race_id=202310020612, 出走頭数=16
20:27:43 INFO: レース結果取得開始: race_id=202306020301
20:27:44 INFO: 取得完了: race_id=202306020301, 出走頭数=16
20:27:44 INFO: レース結果取得開始: race_id=202306020302
20:27:46 INFO: 取得完了: race_id=202306020302, 出走頭数=16
20:27:46 INFO: レース結果取得開始: race_id=202306020303
20:27:47 INFO: 取得完了: race_id=202306020303, 出走頭数=16
20:27:47 INFO: レース結果取得開始: race_id=202306020304
20:27:49 INFO: 取得完了: race_id=202306020304, 出走頭数=14
20:27:49 INFO: レース結果取得開始: race_id=202306020305
20:27:51 INFO: 取得完了: race_id=202306020305, 出走頭数=16
20:27:51 INFO: レース結果取得開始: race_id=202306020306
20:27:52 INFO: 取得完了: race_id=202306020306, 出走頭数=16
20:27:52 INFO: レース結果取得開始: race_id=202306020307
20:27:54 INFO: 取得完了: race_id=202306020307, 出走頭数=16
20:27:54 INFO: レース結果取得開始: race_id=202306020308
20:27:56 INFO: 取得完了: race_id=202306020308, 出走頭数=16
20:27:56 INFO: レース結果取得開始: race_id=202306020309
20:27:58 INFO: 取得完了: race_id=202306020309, 出走頭数=11
20:27:58 INFO: レース結果取得開始: race_id=202306020310
20:28:00 INFO: 取得完了: race_id=202306020310, 出走頭数=16
20:28:00 INFO: レース結果取得開始: race_id=202306020311
20:28:02 INFO: 取得完了: race_id=202306020311, 出走頭数=16
20:28:02 INFO: レース結果取得開始: race_id=202306020312
20:28:04 INFO: 取得完了: race_id=202306020312, 出走頭数=16
20:28:04 INFO: レース結果取得開始: race_id=202309010701
20:28:06 INFO: 取得完了: race_id=202309010701, 出走頭数=13
20:28:06 INFO: レース結果取得開始: race_id=202309010702
20:28:07 INFO: 取得完了: race_id=202309010702, 出走頭数=13
20:28:07 INFO: レース結果取得開始: race_id=202309010703
20:28:10 INFO: 取得完了: race_id=202309010703, 出走頭数=16
20:28:10 INFO: レース結果取得開始: race_id=202309010704
20:28:12 INFO: 取得完了: race_id=202309010704, 出走頭数=12
20:28:12 INFO: レース結果取得開始: race_id=202309010705
20:28:14 INFO: 取得完了: race_id=202309010705, 出走頭数=18
20:28:14 INFO: レース結果取得開始: race_id=202309010706
20:28:16 INFO: 取得完了: race_id=202309010706, 出走頭数=10
20:28:16 INFO: レース結果取得開始: race_id=202309010707
20:28:18 INFO: 取得完了: race_id=202309010707, 出走頭数=8
20:28:18 INFO: レース結果取得開始: race_id=202309010708
20:28:20 INFO: 取得完了: race_id=202309010708, 出走頭数=15
20:28:20 INFO: レース結果取得開始: race_id=202309010709
20:28:22 INFO: 取得完了: race_id=202309010709, 出走頭数=10
20:28:22 INFO: レース結果取得開始: race_id=202309010710
20:28:23 INFO: 取得完了: race_id=202309010710, 出走頭数=16
20:28:23 INFO: レース結果取得開始: race_id=202309010711
20:28:25 INFO: 取得完了: race_id=202309010711, 出走頭数=17
20:28:25 INFO: レース結果取得開始: race_id=202309010712
20:28:27 INFO: 取得完了: race_id=202309010712, 出走頭数=16
20:28:27 INFO: レース結果取得開始: race_id=202306020401
20:28:29 INFO: 取得完了: race_id=202306020401, 出走頭数=16
20:28:29 INFO: レース結果取得開始: race_id=202306020402
20:28:31 INFO: 取得完了: race_id=202306020402, 出走頭数=16
20:28:31 INFO: レース結果取得開始: race_id=202306020403
20:28:33 INFO: 取得完了: race_id=202306020403, 出走頭数=16
20:28:33 INFO: レース結果取得開始: race_id=202306020404
20:28:34 INFO: 取得完了: race_id=202306020404, 出走頭数=16
20:28:34 INFO: レース結果取得開始: race_id=202306020405
20:28:36 INFO: 取得完了: race_id=202306020405, 出走頭数=18
20:28:36 INFO: レース結果取得開始: race_id=202306020406
20:28:39 INFO: 取得完了: race_id=202306020406, 出走頭数=9
20:28:39 INFO: レース結果取得開始: race_id=202306020407
20:28:41 INFO: 取得完了: race_id=202306020407, 出走頭数=16
20:28:41 INFO: レース結果取得開始: race_id=202306020408
20:28:43 INFO: 取得完了: race_id=202306020408, 出走頭数=15
20:28:43 INFO: レース結果取得開始: race_id=202306020409
20:28:45 INFO: 取得完了: race_id=202306020409, 出走頭数=18
20:28:45 INFO: レース結果取得開始: race_id=202306020410
20:28:46 INFO: 取得完了: race_id=202306020410, 出走頭数=16
20:28:46 INFO: レース結果取得開始: race_id=202306020411
20:28:48 INFO: 取得完了: race_id=202306020411, 出走頭数=10
20:28:48 INFO: レース結果取得開始: race_id=202306020412
20:28:50 INFO: 取得完了: race_id=202306020412, 出走頭数=16
20:28:50 INFO: レース結果取得開始: race_id=202309010801
20:28:52 INFO: 取得完了: race_id=202309010801, 出走頭数=15
20:28:52 INFO: レース結果取得開始: race_id=202309010802
20:28:53 INFO: 取得完了: race_id=202309010802, 出走頭数=16
20:28:53 INFO: レース結果取得開始: race_id=202309010803
20:28:55 INFO: 取得完了: race_id=202309010803, 出走頭数=11
20:28:55 INFO: レース結果取得開始: race_id=202309010804
20:28:57 INFO: 取得完了: race_id=202309010804, 出走頭数=10
20:28:57 INFO: レース結果取得開始: race_id=202309010805
20:28:59 INFO: 取得完了: race_id=202309010805, 出走頭数=14
20:28:59 INFO: レース結果取得開始: race_id=202309010806
20:29:01 INFO: 取得完了: race_id=202309010806, 出走頭数=9
20:29:01 INFO: レース結果取得開始: race_id=202309010807
20:29:04 INFO: 取得完了: race_id=202309010807, 出走頭数=17
20:29:04 INFO: レース結果取得開始: race_id=202309010808
20:29:06 INFO: 取得完了: race_id=202309010808, 出走頭数=7
[ 4100/6912] 202309010808: 7頭  errors=0  残り≈84分
20:29:06 INFO: レース結果取得開始: race_id=202309010809
20:29:07 INFO: 取得完了: race_id=202309010809, 出走頭数=12
20:29:07 INFO: レース結果取得開始: race_id=202309010810
20:29:09 INFO: 取得完了: race_id=202309010810, 出走頭数=10
20:29:09 INFO: レース結果取得開始: race_id=202309010811
20:29:12 INFO: 取得完了: race_id=202309010811, 出走頭数=16
20:29:12 INFO: レース結果取得開始: race_id=202309010812
20:29:13 INFO: 取得完了: race_id=202309010812, 出走頭数=16
20:29:13 INFO: レース結果取得開始: race_id=202306020501
20:29:14 INFO: 取得完了: race_id=202306020501, 出走頭数=12
20:29:14 INFO: レース結果取得開始: race_id=202306020502
20:29:16 INFO: 取得完了: race_id=202306020502, 出走頭数=16
20:29:16 INFO: レース結果取得開始: race_id=202306020503
20:29:18 INFO: 取得完了: race_id=202306020503, 出走頭数=16
20:29:18 INFO: レース結果取得開始: race_id=202306020504
20:29:20 INFO: 取得完了: race_id=202306020504, 出走頭数=16
20:29:20 INFO: レース結果取得開始: race_id=202306020505
20:29:21 INFO: 取得完了: race_id=202306020505, 出走頭数=16
20:29:21 INFO: レース結果取得開始: race_id=202306020506
20:29:23 INFO: 取得完了: race_id=202306020506, 出走頭数=16
20:29:23 INFO: レース結果取得開始: race_id=202306020507
20:29:25 INFO: 取得完了: race_id=202306020507, 出走頭数=11
20:29:25 INFO: レース結果取得開始: race_id=202306020508
20:29:26 INFO: 取得完了: race_id=202306020508, 出走頭数=13
20:29:26 INFO: レース結果取得開始: race_id=202306020509
20:29:28 INFO: 取得完了: race_id=202306020509, 出走頭数=15
20:29:28 INFO: レース結果取得開始: race_id=202306020510
20:29:30 INFO: 取得完了: race_id=202306020510, 出走頭数=16
20:29:30 INFO: レース結果取得開始: race_id=202306020511
20:29:32 INFO: 取得完了: race_id=202306020511, 出走頭数=14
20:29:32 INFO: レース結果取得開始: race_id=202306020512
20:29:34 INFO: 取得完了: race_id=202306020512, 出走頭数=16
20:29:34 INFO: レース結果取得開始: race_id=202307020101
20:29:35 INFO: 取得完了: race_id=202307020101, 出走頭数=16
20:29:35 INFO: レース結果取得開始: race_id=202307020102
20:29:37 INFO: 取得完了: race_id=202307020102, 出走頭数=14
20:29:37 INFO: レース結果取得開始: race_id=202307020103
20:29:39 INFO: 取得完了: race_id=202307020103, 出走頭数=16
20:29:39 INFO: レース結果取得開始: race_id=202307020104
20:29:40 INFO: 取得完了: race_id=202307020104, 出走頭数=18
20:29:40 INFO: レース結果取得開始: race_id=202307020105
20:29:42 INFO: 取得完了: race_id=202307020105, 出走頭数=18
20:29:42 INFO: レース結果取得開始: race_id=202307020106
20:29:44 INFO: 取得完了: race_id=202307020106, 出走頭数=13
20:29:44 INFO: レース結果取得開始: race_id=202307020107
20:29:45 INFO: 取得完了: race_id=202307020107, 出走頭数=11
20:29:45 INFO: レース結果取得開始: race_id=202307020108
20:29:46 INFO: 取得完了: race_id=202307020108, 出走頭数=13
20:29:46 INFO: レース結果取得開始: race_id=202307020109
20:29:49 INFO: 取得完了: race_id=202307020109, 出走頭数=16
20:29:49 INFO: レース結果取得開始: race_id=202307020110
20:29:50 INFO: 取得完了: race_id=202307020110, 出走頭数=9
20:29:50 INFO: レース結果取得開始: race_id=202307020111
20:29:52 INFO: 取得完了: race_id=202307020111, 出走頭数=16
20:29:52 INFO: レース結果取得開始: race_id=202307020112
20:29:54 INFO: 取得完了: race_id=202307020112, 出走頭数=16
20:29:54 INFO: レース結果取得開始: race_id=202309010901
20:29:55 INFO: 取得完了: race_id=202309010901, 出走頭数=16
20:29:55 INFO: レース結果取得開始: race_id=202309010902
20:29:57 INFO: 取得完了: race_id=202309010902, 出走頭数=13
20:29:57 INFO: レース結果取得開始: race_id=202309010903
20:29:59 INFO: 取得完了: race_id=202309010903, 出走頭数=16
20:29:59 INFO: レース結果取得開始: race_id=202309010904
20:30:00 INFO: 取得完了: race_id=202309010904, 出走頭数=12
20:30:00 INFO: レース結果取得開始: race_id=202309010905
20:30:02 INFO: 取得完了: race_id=202309010905, 出走頭数=15
20:30:02 INFO: レース結果取得開始: race_id=202309010906
20:30:04 INFO: 取得完了: race_id=202309010906, 出走頭数=10
20:30:04 INFO: レース結果取得開始: race_id=202309010907
20:30:05 INFO: 取得完了: race_id=202309010907, 出走頭数=13
20:30:05 INFO: レース結果取得開始: race_id=202309010908
20:30:07 INFO: 取得完了: race_id=202309010908, 出走頭数=12
20:30:07 INFO: レース結果取得開始: race_id=202309010909
20:30:09 INFO: 取得完了: race_id=202309010909, 出走頭数=12
20:30:09 INFO: レース結果取得開始: race_id=202309010910
20:30:11 INFO: 取得完了: race_id=202309010910, 出走頭数=12
20:30:11 INFO: レース結果取得開始: race_id=202309010911
20:30:12 INFO: 取得完了: race_id=202309010911, 出走頭数=16
20:30:12 INFO: レース結果取得開始: race_id=202309010912
20:30:14 INFO: 取得完了: race_id=202309010912, 出走頭数=12
20:30:14 INFO: レース結果取得開始: race_id=202306020601
20:30:15 INFO: 取得完了: race_id=202306020601, 出走頭数=16
20:30:15 INFO: レース結果取得開始: race_id=202306020602
20:30:17 INFO: 取得完了: race_id=202306020602, 出走頭数=16
20:30:17 INFO: レース結果取得開始: race_id=202306020603
20:30:18 INFO: 取得完了: race_id=202306020603, 出走頭数=16
20:30:18 INFO: レース結果取得開始: race_id=202306020604
20:30:20 INFO: 取得完了: race_id=202306020604, 出走頭数=9
20:30:20 INFO: レース結果取得開始: race_id=202306020605
20:30:22 INFO: 取得完了: race_id=202306020605, 出走頭数=18
20:30:22 INFO: レース結果取得開始: race_id=202306020606
20:30:25 INFO: 取得完了: race_id=202306020606, 出走頭数=16
20:30:25 INFO: レース結果取得開始: race_id=202306020607
20:30:26 INFO: 取得完了: race_id=202306020607, 出走頭数=12
20:30:26 INFO: レース結果取得開始: race_id=202306020608
20:30:28 INFO: 取得完了: race_id=202306020608, 出走頭数=16
20:30:28 INFO: レース結果取得開始: race_id=202306020609
20:30:29 INFO: 取得完了: race_id=202306020609, 出走頭数=14
20:30:29 INFO: レース結果取得開始: race_id=202306020610
20:30:31 INFO: 取得完了: race_id=202306020610, 出走頭数=11
20:30:31 INFO: レース結果取得開始: race_id=202306020611
20:30:32 INFO: 取得完了: race_id=202306020611, 出走頭数=16
20:30:32 INFO: レース結果取得開始: race_id=202306020612
20:30:34 INFO: 取得完了: race_id=202306020612, 出走頭数=15
20:30:34 INFO: レース結果取得開始: race_id=202307020201
20:30:35 INFO: 取得完了: race_id=202307020201, 出走頭数=15
20:30:35 INFO: レース結果取得開始: race_id=202307020202
20:30:37 INFO: 取得完了: race_id=202307020202, 出走頭数=16
20:30:37 INFO: レース結果取得開始: race_id=202307020203
20:30:39 INFO: 取得完了: race_id=202307020203, 出走頭数=16
20:30:39 INFO: レース結果取得開始: race_id=202307020204
20:30:40 INFO: 取得完了: race_id=202307020204, 出走頭数=16
20:30:40 INFO: レース結果取得開始: race_id=202307020205
20:30:42 INFO: 取得完了: race_id=202307020205, 出走頭数=15
20:30:42 INFO: レース結果取得開始: race_id=202307020206
20:30:44 INFO: 取得完了: race_id=202307020206, 出走頭数=15
20:30:44 INFO: レース結果取得開始: race_id=202307020207
20:30:46 INFO: 取得完了: race_id=202307020207, 出走頭数=10
20:30:46 INFO: レース結果取得開始: race_id=202307020208
20:30:47 INFO: 取得完了: race_id=202307020208, 出走頭数=15
20:30:47 INFO: レース結果取得開始: race_id=202307020209
20:30:49 INFO: 取得完了: race_id=202307020209, 出走頭数=12
20:30:49 INFO: レース結果取得開始: race_id=202307020210
20:30:51 INFO: 取得完了: race_id=202307020210, 出走頭数=16
20:30:51 INFO: レース結果取得開始: race_id=202307020211
20:30:52 INFO: 取得完了: race_id=202307020211, 出走頭数=12
20:30:52 INFO: レース結果取得開始: race_id=202307020212
20:30:54 INFO: 取得完了: race_id=202307020212, 出走頭数=16
20:30:54 INFO: レース結果取得開始: race_id=202309011001
20:30:56 INFO: 取得完了: race_id=202309011001, 出走頭数=12
20:30:56 INFO: レース結果取得開始: race_id=202309011002
20:30:58 INFO: 取得完了: race_id=202309011002, 出走頭数=16
20:30:58 INFO: レース結果取得開始: race_id=202309011003
20:30:59 INFO: 取得完了: race_id=202309011003, 出走頭数=14
20:30:59 INFO: レース結果取得開始: race_id=202309011004
20:31:02 INFO: 取得完了: race_id=202309011004, 出走頭数=18
20:31:02 INFO: レース結果取得開始: race_id=202309011005
20:31:03 INFO: 取得完了: race_id=202309011005, 出走頭数=16
20:31:03 INFO: レース結果取得開始: race_id=202309011006
20:31:05 INFO: 取得完了: race_id=202309011006, 出走頭数=9
20:31:05 INFO: レース結果取得開始: race_id=202309011007
20:31:07 INFO: 取得完了: race_id=202309011007, 出走頭数=9
20:31:07 INFO: レース結果取得開始: race_id=202309011008
20:31:09 INFO: 取得完了: race_id=202309011008, 出走頭数=11
20:31:09 INFO: レース結果取得開始: race_id=202309011009
20:31:10 INFO: 取得完了: race_id=202309011009, 出走頭数=10
20:31:10 INFO: レース結果取得開始: race_id=202309011010
20:31:12 INFO: 取得完了: race_id=202309011010, 出走頭数=15
20:31:12 INFO: レース結果取得開始: race_id=202309011011
20:31:14 INFO: 取得完了: race_id=202309011011, 出走頭数=18
20:31:14 INFO: レース結果取得開始: race_id=202309011012
20:31:16 INFO: 取得完了: race_id=202309011012, 出走頭数=16
20:31:16 INFO: レース結果取得開始: race_id=202306020701
20:31:18 INFO: 取得完了: race_id=202306020701, 出走頭数=16
20:31:18 INFO: レース結果取得開始: race_id=202306020702
20:31:20 INFO: 取得完了: race_id=202306020702, 出走頭数=16
20:31:20 INFO: レース結果取得開始: race_id=202306020703
20:31:22 INFO: 取得完了: race_id=202306020703, 出走頭数=16
20:31:22 INFO: レース結果取得開始: race_id=202306020704
20:31:24 INFO: 取得完了: race_id=202306020704, 出走頭数=18
20:31:24 INFO: レース結果取得開始: race_id=202306020705
20:31:26 INFO: 取得完了: race_id=202306020705, 出走頭数=18
20:31:26 INFO: レース結果取得開始: race_id=202306020706
20:31:28 INFO: 取得完了: race_id=202306020706, 出走頭数=12
20:31:28 INFO: レース結果取得開始: race_id=202306020707
20:31:30 INFO: 取得完了: race_id=202306020707, 出走頭数=15
20:31:30 INFO: レース結果取得開始: race_id=202306020708
20:31:32 INFO: 取得完了: race_id=202306020708, 出走頭数=14
20:31:32 INFO: レース結果取得開始: race_id=202306020709
20:31:34 INFO: 取得完了: race_id=202306020709, 出走頭数=11
20:31:34 INFO: レース結果取得開始: race_id=202306020710
20:31:36 INFO: 取得完了: race_id=202306020710, 出走頭数=16
20:31:36 INFO: レース結果取得開始: race_id=202306020711
20:31:37 INFO: 取得完了: race_id=202306020711, 出走頭数=16
20:31:38 INFO: レース結果取得開始: race_id=202306020712
20:31:39 INFO: 取得完了: race_id=202306020712, 出走頭数=16
20:31:39 INFO: レース結果取得開始: race_id=202307020301
20:31:41 INFO: 取得完了: race_id=202307020301, 出走頭数=13
20:31:41 INFO: レース結果取得開始: race_id=202307020302
20:31:42 INFO: 取得完了: race_id=202307020302, 出走頭数=16
20:31:42 INFO: レース結果取得開始: race_id=202307020303
20:31:44 INFO: 取得完了: race_id=202307020303, 出走頭数=16
20:31:44 INFO: レース結果取得開始: race_id=202307020304
20:31:46 INFO: 取得完了: race_id=202307020304, 出走頭数=18
20:31:46 INFO: レース結果取得開始: race_id=202307020305
20:31:48 INFO: 取得完了: race_id=202307020305, 出走頭数=18
20:31:48 INFO: レース結果取得開始: race_id=202307020306
20:31:51 INFO: 取得完了: race_id=202307020306, 出走頭数=12
20:31:51 INFO: レース結果取得開始: race_id=202307020307
20:31:52 INFO: 取得完了: race_id=202307020307, 出走頭数=10
20:31:52 INFO: レース結果取得開始: race_id=202307020308
20:31:54 INFO: 取得完了: race_id=202307020308, 出走頭数=18
20:31:54 INFO: レース結果取得開始: race_id=202307020309
20:31:55 INFO: 取得完了: race_id=202307020309, 出走頭数=16
20:31:55 INFO: レース結果取得開始: race_id=202307020310
20:31:58 INFO: 取得完了: race_id=202307020310, 出走頭数=12
20:31:58 INFO: レース結果取得開始: race_id=202307020311
20:31:59 INFO: 取得完了: race_id=202307020311, 出走頭数=14
20:31:59 INFO: レース結果取得開始: race_id=202307020312
20:32:01 INFO: 取得完了: race_id=202307020312, 出走頭数=16
[ 4200/6912] 202307020312: 16頭  errors=0  残り≈81分
20:32:01 INFO: レース結果取得開始: race_id=202309011101
20:32:03 INFO: 取得完了: race_id=202309011101, 出走頭数=16
20:32:03 INFO: レース結果取得開始: race_id=202309011102
20:32:05 INFO: 取得完了: race_id=202309011102, 出走頭数=11
20:32:05 INFO: レース結果取得開始: race_id=202309011103
20:32:07 INFO: 取得完了: race_id=202309011103, 出走頭数=16
20:32:07 INFO: レース結果取得開始: race_id=202309011104
20:32:09 INFO: 取得完了: race_id=202309011104, 出走頭数=12
20:32:09 INFO: レース結果取得開始: race_id=202309011105
20:32:11 INFO: 取得完了: race_id=202309011105, 出走頭数=9
20:32:11 INFO: レース結果取得開始: race_id=202309011106
20:32:13 INFO: 取得完了: race_id=202309011106, 出走頭数=15
20:32:13 INFO: レース結果取得開始: race_id=202309011107
20:32:15 INFO: 取得完了: race_id=202309011107, 出走頭数=9
20:32:15 INFO: レース結果取得開始: race_id=202309011108
20:32:16 INFO: 取得完了: race_id=202309011108, 出走頭数=13
20:32:16 INFO: レース結果取得開始: race_id=202309011109
20:32:18 INFO: 取得完了: race_id=202309011109, 出走頭数=12
20:32:18 INFO: レース結果取得開始: race_id=202309011110
20:32:20 INFO: 取得完了: race_id=202309011110, 出走頭数=16
20:32:20 INFO: レース結果取得開始: race_id=202309011111
20:32:22 INFO: 取得完了: race_id=202309011111, 出走頭数=8
20:32:22 INFO: レース結果取得開始: race_id=202309011112
20:32:24 INFO: 取得完了: race_id=202309011112, 出走頭数=16
20:32:24 INFO: レース結果取得開始: race_id=202306020801
20:32:26 INFO: 取得完了: race_id=202306020801, 出走頭数=16
20:32:26 INFO: レース結果取得開始: race_id=202306020802
20:32:28 INFO: 取得完了: race_id=202306020802, 出走頭数=16
20:32:28 INFO: レース結果取得開始: race_id=202306020803
20:32:30 INFO: 取得完了: race_id=202306020803, 出走頭数=16
20:32:30 INFO: レース結果取得開始: race_id=202306020804
20:32:32 INFO: 取得完了: race_id=202306020804, 出走頭数=16
20:32:32 INFO: レース結果取得開始: race_id=202306020805
20:32:33 INFO: 取得完了: race_id=202306020805, 出走頭数=16
20:32:33 INFO: レース結果取得開始: race_id=202306020806
20:32:35 INFO: 取得完了: race_id=202306020806, 出走頭数=16
20:32:35 INFO: レース結果取得開始: race_id=202306020807
20:32:37 INFO: 取得完了: race_id=202306020807, 出走頭数=16
20:32:37 INFO: レース結果取得開始: race_id=202306020808
20:32:38 INFO: 取得完了: race_id=202306020808, 出走頭数=13
20:32:38 INFO: レース結果取得開始: race_id=202306020809
20:32:41 INFO: 取得完了: race_id=202306020809, 出走頭数=16
20:32:41 INFO: レース結果取得開始: race_id=202306020810
20:32:42 INFO: 取得完了: race_id=202306020810, 出走頭数=16
20:32:42 INFO: レース結果取得開始: race_id=202306020811
20:32:44 INFO: 取得完了: race_id=202306020811, 出走頭数=16
20:32:44 INFO: レース結果取得開始: race_id=202306020812
20:32:46 INFO: 取得完了: race_id=202306020812, 出走頭数=16
20:32:46 INFO: レース結果取得開始: race_id=202307020401
20:32:48 INFO: 取得完了: race_id=202307020401, 出走頭数=16
20:32:48 INFO: レース結果取得開始: race_id=202307020402
20:32:49 INFO: 取得完了: race_id=202307020402, 出走頭数=13
20:32:49 INFO: レース結果取得開始: race_id=202307020403
20:32:52 INFO: 取得完了: race_id=202307020403, 出走頭数=16
20:32:52 INFO: レース結果取得開始: race_id=202307020404
20:32:53 INFO: 取得完了: race_id=202307020404, 出走頭数=14
20:32:53 INFO: レース結果取得開始: race_id=202307020405
20:32:55 INFO: 取得完了: race_id=202307020405, 出走頭数=18
20:32:55 INFO: レース結果取得開始: race_id=202307020406
20:32:57 INFO: 取得完了: race_id=202307020406, 出走頭数=16
20:32:57 INFO: レース結果取得開始: race_id=202307020407
20:32:59 INFO: 取得完了: race_id=202307020407, 出走頭数=10
20:32:59 INFO: レース結果取得開始: race_id=202307020408
20:33:00 INFO: 取得完了: race_id=202307020408, 出走頭数=15
20:33:00 INFO: レース結果取得開始: race_id=202307020409
20:33:02 INFO: 取得完了: race_id=202307020409, 出走頭数=8
20:33:02 INFO: レース結果取得開始: race_id=202307020410
20:33:05 INFO: 取得完了: race_id=202307020410, 出走頭数=10
20:33:05 INFO: レース結果取得開始: race_id=202307020411
20:33:06 INFO: 取得完了: race_id=202307020411, 出走頭数=16
20:33:06 INFO: レース結果取得開始: race_id=202307020412
20:33:08 INFO: 取得完了: race_id=202307020412, 出走頭数=16
20:33:08 INFO: レース結果取得開始: race_id=202309011201
20:33:09 INFO: 取得完了: race_id=202309011201, 出走頭数=10
20:33:09 INFO: レース結果取得開始: race_id=202309011202
20:33:12 INFO: 取得完了: race_id=202309011202, 出走頭数=16
20:33:12 INFO: レース結果取得開始: race_id=202309011203
20:33:14 INFO: 取得完了: race_id=202309011203, 出走頭数=9
20:33:14 INFO: レース結果取得開始: race_id=202309011204
20:33:15 INFO: 取得完了: race_id=202309011204, 出走頭数=9
20:33:15 INFO: レース結果取得開始: race_id=202309011205
20:33:17 INFO: 取得完了: race_id=202309011205, 出走頭数=17
20:33:17 INFO: レース結果取得開始: race_id=202309011206
20:33:19 INFO: 取得完了: race_id=202309011206, 出走頭数=9
20:33:19 INFO: レース結果取得開始: race_id=202309011207
20:33:20 INFO: 取得完了: race_id=202309011207, 出走頭数=7
20:33:20 INFO: レース結果取得開始: race_id=202309011208
20:33:22 INFO: 取得完了: race_id=202309011208, 出走頭数=15
20:33:22 INFO: レース結果取得開始: race_id=202309011209
20:33:23 INFO: 取得完了: race_id=202309011209, 出走頭数=9
20:33:23 INFO: レース結果取得開始: race_id=202309011210
20:33:25 INFO: 取得完了: race_id=202309011210, 出走頭数=16
20:33:25 INFO: レース結果取得開始: race_id=202309011211
20:33:27 INFO: 取得完了: race_id=202309011211, 出走頭数=14
20:33:27 INFO: レース結果取得開始: race_id=202309011212
20:33:28 INFO: 取得完了: race_id=202309011212, 出走頭数=16
20:33:28 INFO: レース結果取得開始: race_id=202306030101
20:33:31 INFO: 取得完了: race_id=202306030101, 出走頭数=15
20:33:31 INFO: レース結果取得開始: race_id=202306030102
20:33:33 INFO: 取得完了: race_id=202306030102, 出走頭数=16
20:33:33 INFO: レース結果取得開始: race_id=202306030103
20:33:35 INFO: 取得完了: race_id=202306030103, 出走頭数=16
20:33:35 INFO: レース結果取得開始: race_id=202306030104
20:33:37 INFO: 取得完了: race_id=202306030104, 出走頭数=16
20:33:37 INFO: レース結果取得開始: race_id=202306030105
20:33:38 INFO: 取得完了: race_id=202306030105, 出走頭数=11
20:33:39 INFO: レース結果取得開始: race_id=202306030106
20:33:40 INFO: 取得完了: race_id=202306030106, 出走頭数=11
20:33:40 INFO: レース結果取得開始: race_id=202306030107
20:33:42 INFO: 取得完了: race_id=202306030107, 出走頭数=16
20:33:42 INFO: レース結果取得開始: race_id=202306030108
20:33:44 INFO: 取得完了: race_id=202306030108, 出走頭数=14
20:33:44 INFO: レース結果取得開始: race_id=202306030109
20:33:46 INFO: 取得完了: race_id=202306030109, 出走頭数=16
20:33:46 INFO: レース結果取得開始: race_id=202306030110
20:33:47 INFO: 取得完了: race_id=202306030110, 出走頭数=14
20:33:47 INFO: レース結果取得開始: race_id=202306030111
20:33:49 INFO: 取得完了: race_id=202306030111, 出走頭数=12
20:33:49 INFO: レース結果取得開始: race_id=202306030112
20:33:51 INFO: 取得完了: race_id=202306030112, 出走頭数=15
20:33:51 INFO: レース結果取得開始: race_id=202307020501
20:33:53 INFO: 取得完了: race_id=202307020501, 出走頭数=14
20:33:53 INFO: レース結果取得開始: race_id=202307020502
20:33:54 INFO: 取得完了: race_id=202307020502, 出走頭数=16
20:33:54 INFO: レース結果取得開始: race_id=202307020503
20:33:56 INFO: 取得完了: race_id=202307020503, 出走頭数=16
20:33:56 INFO: レース結果取得開始: race_id=202307020504
20:33:58 INFO: 取得完了: race_id=202307020504, 出走頭数=18
20:33:58 INFO: レース結果取得開始: race_id=202307020505
20:33:59 INFO: 取得完了: race_id=202307020505, 出走頭数=18
20:33:59 INFO: レース結果取得開始: race_id=202307020506
20:34:01 INFO: 取得完了: race_id=202307020506, 出走頭数=16
20:34:01 INFO: レース結果取得開始: race_id=202307020507
20:34:03 INFO: 取得完了: race_id=202307020507, 出走頭数=16
20:34:03 INFO: レース結果取得開始: race_id=202307020508
20:34:05 INFO: 取得完了: race_id=202307020508, 出走頭数=10
20:34:05 INFO: レース結果取得開始: race_id=202307020509
20:34:06 INFO: 取得完了: race_id=202307020509, 出走頭数=10
20:34:06 INFO: レース結果取得開始: race_id=202307020510
20:34:08 INFO: 取得完了: race_id=202307020510, 出走頭数=13
20:34:08 INFO: レース結果取得開始: race_id=202307020511
20:34:10 INFO: 取得完了: race_id=202307020511, 出走頭数=16
20:34:10 INFO: レース結果取得開始: race_id=202307020512
20:34:12 INFO: 取得完了: race_id=202307020512, 出走頭数=16
20:34:12 INFO: レース結果取得開始: race_id=202309020101
20:34:13 INFO: 取得完了: race_id=202309020101, 出走頭数=16
20:34:13 INFO: レース結果取得開始: race_id=202309020102
20:34:15 INFO: 取得完了: race_id=202309020102, 出走頭数=12
20:34:15 INFO: レース結果取得開始: race_id=202309020103
20:34:17 INFO: 取得完了: race_id=202309020103, 出走頭数=16
20:34:17 INFO: レース結果取得開始: race_id=202309020104
20:34:18 INFO: 取得完了: race_id=202309020104, 出走頭数=13
20:34:18 INFO: レース結果取得開始: race_id=202309020105
20:34:19 INFO: 取得完了: race_id=202309020105, 出走頭数=11
20:34:19 INFO: レース結果取得開始: race_id=202309020106
20:34:22 INFO: 取得完了: race_id=202309020106, 出走頭数=18
20:34:22 INFO: レース結果取得開始: race_id=202309020107
20:34:23 INFO: 取得完了: race_id=202309020107, 出走頭数=10
20:34:23 INFO: レース結果取得開始: race_id=202309020108
20:34:25 INFO: 取得完了: race_id=202309020108, 出走頭数=10
20:34:25 INFO: レース結果取得開始: race_id=202309020109
20:34:27 INFO: 取得完了: race_id=202309020109, 出走頭数=10
20:34:27 INFO: レース結果取得開始: race_id=202309020110
20:34:29 INFO: 取得完了: race_id=202309020110, 出走頭数=10
20:34:29 INFO: レース結果取得開始: race_id=202309020111
20:34:31 INFO: 取得完了: race_id=202309020111, 出走頭数=13
20:34:31 INFO: レース結果取得開始: race_id=202309020112
20:34:33 INFO: 取得完了: race_id=202309020112, 出走頭数=14
20:34:33 INFO: レース結果取得開始: race_id=202306030201
20:34:35 INFO: 取得完了: race_id=202306030201, 出走頭数=16
20:34:35 INFO: レース結果取得開始: race_id=202306030202
20:34:37 INFO: 取得完了: race_id=202306030202, 出走頭数=16
20:34:37 INFO: レース結果取得開始: race_id=202306030203
20:34:39 INFO: 取得完了: race_id=202306030203, 出走頭数=16
20:34:39 INFO: レース結果取得開始: race_id=202306030204
20:34:41 INFO: 取得完了: race_id=202306030204, 出走頭数=14
20:34:41 INFO: レース結果取得開始: race_id=202306030205
20:34:43 INFO: 取得完了: race_id=202306030205, 出走頭数=16
20:34:43 INFO: レース結果取得開始: race_id=202306030206
20:34:45 INFO: 取得完了: race_id=202306030206, 出走頭数=16
20:34:45 INFO: レース結果取得開始: race_id=202306030207
20:34:46 INFO: 取得完了: race_id=202306030207, 出走頭数=12
20:34:46 INFO: レース結果取得開始: race_id=202306030208
20:34:48 INFO: 取得完了: race_id=202306030208, 出走頭数=9
20:34:48 INFO: レース結果取得開始: race_id=202306030209
20:34:50 INFO: 取得完了: race_id=202306030209, 出走頭数=11
20:34:50 INFO: レース結果取得開始: race_id=202306030210
20:34:52 INFO: 取得完了: race_id=202306030210, 出走頭数=16
20:34:52 INFO: レース結果取得開始: race_id=202306030211
20:34:54 INFO: 取得完了: race_id=202306030211, 出走頭数=16
20:34:54 INFO: レース結果取得開始: race_id=202306030212
20:34:56 INFO: 取得完了: race_id=202306030212, 出走頭数=13
20:34:56 INFO: レース結果取得開始: race_id=202307020601
20:34:58 INFO: 取得完了: race_id=202307020601, 出走頭数=16
20:34:58 INFO: レース結果取得開始: race_id=202307020602
20:35:00 INFO: 取得完了: race_id=202307020602, 出走頭数=13
20:35:00 INFO: レース結果取得開始: race_id=202307020603
20:35:02 INFO: 取得完了: race_id=202307020603, 出走頭数=16
20:35:02 INFO: レース結果取得開始: race_id=202307020604
20:35:03 INFO: 取得完了: race_id=202307020604, 出走頭数=18
[ 4300/6912] 202307020604: 18頭  errors=0  残り≈78分
20:35:03 INFO: レース結果取得開始: race_id=202307020605
20:35:05 INFO: 取得完了: race_id=202307020605, 出走頭数=12
20:35:05 INFO: レース結果取得開始: race_id=202307020606
20:35:06 INFO: 取得完了: race_id=202307020606, 出走頭数=16
20:35:06 INFO: レース結果取得開始: race_id=202307020607
20:35:08 INFO: 取得完了: race_id=202307020607, 出走頭数=11
20:35:08 INFO: レース結果取得開始: race_id=202307020608
20:35:10 INFO: 取得完了: race_id=202307020608, 出走頭数=18
20:35:10 INFO: レース結果取得開始: race_id=202307020609
20:35:12 INFO: 取得完了: race_id=202307020609, 出走頭数=8
20:35:12 INFO: レース結果取得開始: race_id=202307020610
20:35:14 INFO: 取得完了: race_id=202307020610, 出走頭数=13
20:35:14 INFO: レース結果取得開始: race_id=202307020611
20:35:16 INFO: 取得完了: race_id=202307020611, 出走頭数=18
20:35:16 INFO: レース結果取得開始: race_id=202307020612
20:35:17 INFO: 取得完了: race_id=202307020612, 出走頭数=15
20:35:17 INFO: レース結果取得開始: race_id=202309020201
20:35:19 INFO: 取得完了: race_id=202309020201, 出走頭数=11
20:35:19 INFO: レース結果取得開始: race_id=202309020202
20:35:21 INFO: 取得完了: race_id=202309020202, 出走頭数=16
20:35:21 INFO: レース結果取得開始: race_id=202309020203
20:35:23 INFO: 取得完了: race_id=202309020203, 出走頭数=13
20:35:23 INFO: レース結果取得開始: race_id=202309020204
20:35:25 INFO: 取得完了: race_id=202309020204, 出走頭数=16
20:35:25 INFO: レース結果取得開始: race_id=202309020205
20:35:27 INFO: 取得完了: race_id=202309020205, 出走頭数=16
20:35:27 INFO: レース結果取得開始: race_id=202309020206
20:35:29 INFO: 取得完了: race_id=202309020206, 出走頭数=15
20:35:29 INFO: レース結果取得開始: race_id=202309020207
20:35:30 INFO: 取得完了: race_id=202309020207, 出走頭数=14
20:35:30 INFO: レース結果取得開始: race_id=202309020208
20:35:31 INFO: 取得完了: race_id=202309020208, 出走頭数=12
20:35:31 INFO: レース結果取得開始: race_id=202309020209
20:35:33 INFO: 取得完了: race_id=202309020209, 出走頭数=10
20:35:33 INFO: レース結果取得開始: race_id=202309020210
20:35:34 INFO: 取得完了: race_id=202309020210, 出走頭数=18
20:35:34 INFO: レース結果取得開始: race_id=202309020211
20:35:36 INFO: 取得完了: race_id=202309020211, 出走頭数=15
20:35:36 INFO: レース結果取得開始: race_id=202309020212
20:35:38 INFO: 取得完了: race_id=202309020212, 出走頭数=16
20:35:38 INFO: レース結果取得開始: race_id=202306030301
20:35:39 INFO: 取得完了: race_id=202306030301, 出走頭数=14
20:35:39 INFO: レース結果取得開始: race_id=202306030302
20:35:42 INFO: 取得完了: race_id=202306030302, 出走頭数=16
20:35:42 INFO: レース結果取得開始: race_id=202306030303
20:35:43 INFO: 取得完了: race_id=202306030303, 出走頭数=15
20:35:43 INFO: レース結果取得開始: race_id=202306030304
20:35:45 INFO: 取得完了: race_id=202306030304, 出走頭数=16
20:35:45 INFO: レース結果取得開始: race_id=202306030305
20:35:46 INFO: 取得完了: race_id=202306030305, 出走頭数=17
20:35:46 INFO: レース結果取得開始: race_id=202306030306
20:35:47 INFO: 取得完了: race_id=202306030306, 出走頭数=14
20:35:47 INFO: レース結果取得開始: race_id=202306030307
20:35:49 INFO: 取得完了: race_id=202306030307, 出走頭数=14
20:35:49 INFO: レース結果取得開始: race_id=202306030308
20:35:50 INFO: 取得完了: race_id=202306030308, 出走頭数=11
20:35:50 INFO: レース結果取得開始: race_id=202306030309
20:35:52 INFO: 取得完了: race_id=202306030309, 出走頭数=13
20:35:52 INFO: レース結果取得開始: race_id=202306030310
20:35:54 INFO: 取得完了: race_id=202306030310, 出走頭数=11
20:35:54 INFO: レース結果取得開始: race_id=202306030311
20:35:56 INFO: 取得完了: race_id=202306030311, 出走頭数=16
20:35:56 INFO: レース結果取得開始: race_id=202306030312
20:35:57 INFO: 取得完了: race_id=202306030312, 出走頭数=16
20:35:57 INFO: レース結果取得開始: race_id=202309020301
20:35:59 INFO: 取得完了: race_id=202309020301, 出走頭数=16
20:35:59 INFO: レース結果取得開始: race_id=202309020302
20:36:00 INFO: 取得完了: race_id=202309020302, 出走頭数=16
20:36:00 INFO: レース結果取得開始: race_id=202309020303
20:36:02 INFO: 取得完了: race_id=202309020303, 出走頭数=16
20:36:02 INFO: レース結果取得開始: race_id=202309020304
20:36:04 INFO: 取得完了: race_id=202309020304, 出走頭数=18
20:36:04 INFO: レース結果取得開始: race_id=202309020305
20:36:05 INFO: 取得完了: race_id=202309020305, 出走頭数=9
20:36:05 INFO: レース結果取得開始: race_id=202309020306
20:36:07 INFO: 取得完了: race_id=202309020306, 出走頭数=12
20:36:07 INFO: レース結果取得開始: race_id=202309020307
20:36:09 INFO: 取得完了: race_id=202309020307, 出走頭数=16
20:36:09 INFO: レース結果取得開始: race_id=202309020308
20:36:11 INFO: 取得完了: race_id=202309020308, 出走頭数=7
20:36:11 INFO: レース結果取得開始: race_id=202309020309
20:36:13 INFO: 取得完了: race_id=202309020309, 出走頭数=8
20:36:13 INFO: レース結果取得開始: race_id=202309020310
20:36:15 INFO: 取得完了: race_id=202309020310, 出走頭数=10
20:36:15 INFO: レース結果取得開始: race_id=202309020311
20:36:17 INFO: 取得完了: race_id=202309020311, 出走頭数=16
20:36:17 INFO: レース結果取得開始: race_id=202309020312
20:36:19 INFO: 取得完了: race_id=202309020312, 出走頭数=10
20:36:19 INFO: レース結果取得開始: race_id=202306030401
20:36:21 INFO: 取得完了: race_id=202306030401, 出走頭数=15
20:36:21 INFO: レース結果取得開始: race_id=202306030402
20:36:23 INFO: 取得完了: race_id=202306030402, 出走頭数=16
20:36:23 INFO: レース結果取得開始: race_id=202306030403
20:36:25 INFO: 取得完了: race_id=202306030403, 出走頭数=13
20:36:25 INFO: レース結果取得開始: race_id=202306030404
20:36:27 INFO: 取得完了: race_id=202306030404, 出走頭数=9
20:36:27 INFO: レース結果取得開始: race_id=202306030405
20:36:29 INFO: 取得完了: race_id=202306030405, 出走頭数=12
20:36:29 INFO: レース結果取得開始: race_id=202306030406
20:36:31 INFO: 取得完了: race_id=202306030406, 出走頭数=16
20:36:31 INFO: レース結果取得開始: race_id=202306030407
20:36:33 INFO: 取得完了: race_id=202306030407, 出走頭数=16
20:36:33 INFO: レース結果取得開始: race_id=202306030408
20:36:35 INFO: 取得完了: race_id=202306030408, 出走頭数=6
20:36:35 INFO: レース結果取得開始: race_id=202306030409
20:36:37 INFO: 取得完了: race_id=202306030409, 出走頭数=13
20:36:37 INFO: レース結果取得開始: race_id=202306030410
20:36:38 INFO: 取得完了: race_id=202306030410, 出走頭数=9
20:36:38 INFO: レース結果取得開始: race_id=202306030411
20:36:40 INFO: 取得完了: race_id=202306030411, 出走頭数=13
20:36:40 INFO: レース結果取得開始: race_id=202306030412
20:36:42 INFO: 取得完了: race_id=202306030412, 出走頭数=16
20:36:42 INFO: レース結果取得開始: race_id=202309020401
20:36:43 INFO: 取得完了: race_id=202309020401, 出走頭数=16
20:36:43 INFO: レース結果取得開始: race_id=202309020402
20:36:46 INFO: 取得完了: race_id=202309020402, 出走頭数=16
20:36:46 INFO: レース結果取得開始: race_id=202309020403
20:36:47 INFO: 取得完了: race_id=202309020403, 出走頭数=11
20:36:47 INFO: レース結果取得開始: race_id=202309020404
20:36:49 INFO: 取得完了: race_id=202309020404, 出走頭数=13
20:36:49 INFO: レース結果取得開始: race_id=202309020405
20:36:51 INFO: 取得完了: race_id=202309020405, 出走頭数=12
20:36:51 INFO: レース結果取得開始: race_id=202309020406
20:36:52 INFO: 取得完了: race_id=202309020406, 出走頭数=9
20:36:52 INFO: レース結果取得開始: race_id=202309020407
20:36:54 INFO: 取得完了: race_id=202309020407, 出走頭数=11
20:36:54 INFO: レース結果取得開始: race_id=202309020408
20:36:56 INFO: 取得完了: race_id=202309020408, 出走頭数=12
20:36:56 INFO: レース結果取得開始: race_id=202309020409
20:36:58 INFO: 取得完了: race_id=202309020409, 出走頭数=11
20:36:58 INFO: レース結果取得開始: race_id=202309020410
20:37:00 INFO: 取得完了: race_id=202309020410, 出走頭数=15
20:37:00 INFO: レース結果取得開始: race_id=202309020411
20:37:02 INFO: 取得完了: race_id=202309020411, 出走頭数=16
20:37:02 INFO: レース結果取得開始: race_id=202309020412
20:37:04 INFO: 取得完了: race_id=202309020412, 出走頭数=16
20:37:04 INFO: レース結果取得開始: race_id=202303010101
20:37:06 INFO: 取得完了: race_id=202303010101, 出走頭数=15
20:37:06 INFO: レース結果取得開始: race_id=202303010102
20:37:08 INFO: 取得完了: race_id=202303010102, 出走頭数=16
20:37:08 INFO: レース結果取得開始: race_id=202303010103
20:37:09 INFO: 取得完了: race_id=202303010103, 出走頭数=15
20:37:09 INFO: レース結果取得開始: race_id=202303010104
20:37:11 INFO: 取得完了: race_id=202303010104, 出走頭数=14
20:37:11 INFO: レース結果取得開始: race_id=202303010105
20:37:13 INFO: 取得完了: race_id=202303010105, 出走頭数=11
20:37:13 INFO: レース結果取得開始: race_id=202303010106
20:37:15 INFO: 取得完了: race_id=202303010106, 出走頭数=15
20:37:15 INFO: レース結果取得開始: race_id=202303010107
20:37:16 INFO: 取得完了: race_id=202303010107, 出走頭数=16
20:37:16 INFO: レース結果取得開始: race_id=202303010108
20:37:18 INFO: 取得完了: race_id=202303010108, 出走頭数=16
20:37:18 INFO: レース結果取得開始: race_id=202303010109
20:37:20 INFO: 取得完了: race_id=202303010109, 出走頭数=11
20:37:20 INFO: レース結果取得開始: race_id=202303010110
20:37:21 INFO: 取得完了: race_id=202303010110, 出走頭数=16
20:37:21 INFO: レース結果取得開始: race_id=202303010111
20:37:23 INFO: 取得完了: race_id=202303010111, 出走頭数=15
20:37:23 INFO: レース結果取得開始: race_id=202303010112
20:37:25 INFO: 取得完了: race_id=202303010112, 出走頭数=16
20:37:25 INFO: レース結果取得開始: race_id=202306030501
20:37:26 INFO: 取得完了: race_id=202306030501, 出走頭数=16
20:37:26 INFO: レース結果取得開始: race_id=202306030502
20:37:28 INFO: 取得完了: race_id=202306030502, 出走頭数=16
20:37:28 INFO: レース結果取得開始: race_id=202306030503
20:37:29 INFO: 取得完了: race_id=202306030503, 出走頭数=11
20:37:29 INFO: レース結果取得開始: race_id=202306030504
20:37:31 INFO: 取得完了: race_id=202306030504, 出走頭数=16
20:37:31 INFO: レース結果取得開始: race_id=202306030505
20:37:33 INFO: 取得完了: race_id=202306030505, 出走頭数=18
20:37:33 INFO: レース結果取得開始: race_id=202306030506
20:37:34 INFO: 取得完了: race_id=202306030506, 出走頭数=15
20:37:34 INFO: レース結果取得開始: race_id=202306030507
20:37:36 INFO: 取得完了: race_id=202306030507, 出走頭数=10
20:37:36 INFO: レース結果取得開始: race_id=202306030508
20:37:38 INFO: 取得完了: race_id=202306030508, 出走頭数=12
20:37:38 INFO: レース結果取得開始: race_id=202306030509
20:37:40 INFO: 取得完了: race_id=202306030509, 出走頭数=16
20:37:40 INFO: レース結果取得開始: race_id=202306030510
20:37:42 INFO: 取得完了: race_id=202306030510, 出走頭数=13
20:37:42 INFO: レース結果取得開始: race_id=202306030511
20:37:43 INFO: 取得完了: race_id=202306030511, 出走頭数=16
20:37:43 INFO: レース結果取得開始: race_id=202306030512
20:37:46 INFO: 取得完了: race_id=202306030512, 出走頭数=15
20:37:46 INFO: レース結果取得開始: race_id=202309020501
20:37:47 INFO: 取得完了: race_id=202309020501, 出走頭数=16
20:37:47 INFO: レース結果取得開始: race_id=202309020502
20:37:49 INFO: 取得完了: race_id=202309020502, 出走頭数=16
20:37:49 INFO: レース結果取得開始: race_id=202309020503
20:37:51 INFO: 取得完了: race_id=202309020503, 出走頭数=16
20:37:51 INFO: レース結果取得開始: race_id=202309020504
20:37:53 INFO: 取得完了: race_id=202309020504, 出走頭数=16
20:37:53 INFO: レース結果取得開始: race_id=202309020505
20:37:55 INFO: 取得完了: race_id=202309020505, 出走頭数=11
20:37:55 INFO: レース結果取得開始: race_id=202309020506
20:37:57 INFO: 取得完了: race_id=202309020506, 出走頭数=11
20:37:57 INFO: レース結果取得開始: race_id=202309020507
20:37:59 INFO: 取得完了: race_id=202309020507, 出走頭数=10
20:37:59 INFO: レース結果取得開始: race_id=202309020508
20:38:01 INFO: 取得完了: race_id=202309020508, 出走頭数=11
[ 4400/6912] 202309020508: 11頭  errors=0  残り≈75分
20:38:01 INFO: レース結果取得開始: race_id=202309020509
20:38:03 INFO: 取得完了: race_id=202309020509, 出走頭数=8
20:38:03 INFO: レース結果取得開始: race_id=202309020510
20:38:05 INFO: 取得完了: race_id=202309020510, 出走頭数=13
20:38:05 INFO: レース結果取得開始: race_id=202309020511
20:38:06 INFO: 取得完了: race_id=202309020511, 出走頭数=12
20:38:06 INFO: レース結果取得開始: race_id=202309020512
20:38:08 INFO: 取得完了: race_id=202309020512, 出走頭数=13
20:38:08 INFO: レース結果取得開始: race_id=202303010201
20:38:10 INFO: 取得完了: race_id=202303010201, 出走頭数=15
20:38:10 INFO: レース結果取得開始: race_id=202303010202
20:38:11 INFO: 取得完了: race_id=202303010202, 出走頭数=16
20:38:11 INFO: レース結果取得開始: race_id=202303010203
20:38:13 INFO: 取得完了: race_id=202303010203, 出走頭数=14
20:38:13 INFO: レース結果取得開始: race_id=202303010204
20:38:14 INFO: 取得完了: race_id=202303010204, 出走頭数=11
20:38:14 INFO: レース結果取得開始: race_id=202303010205
20:38:16 INFO: 取得完了: race_id=202303010205, 出走頭数=16
20:38:16 INFO: レース結果取得開始: race_id=202303010206
20:38:18 INFO: 取得完了: race_id=202303010206, 出走頭数=16
20:38:18 INFO: レース結果取得開始: race_id=202303010207
20:38:19 INFO: 取得完了: race_id=202303010207, 出走頭数=16
20:38:19 INFO: レース結果取得開始: race_id=202303010208
20:38:21 INFO: 取得完了: race_id=202303010208, 出走頭数=15
20:38:21 INFO: レース結果取得開始: race_id=202303010209
20:38:22 INFO: 取得完了: race_id=202303010209, 出走頭数=15
20:38:22 INFO: レース結果取得開始: race_id=202303010210
20:38:24 INFO: 取得完了: race_id=202303010210, 出走頭数=13
20:38:24 INFO: レース結果取得開始: race_id=202303010211
20:38:25 INFO: 取得完了: race_id=202303010211, 出走頭数=16
20:38:25 INFO: レース結果取得開始: race_id=202303010212
20:38:28 INFO: 取得完了: race_id=202303010212, 出走頭数=15
20:38:28 INFO: レース結果取得開始: race_id=202306030601
20:38:29 INFO: 取得完了: race_id=202306030601, 出走頭数=16
20:38:29 INFO: レース結果取得開始: race_id=202306030602
20:38:31 INFO: 取得完了: race_id=202306030602, 出走頭数=15
20:38:31 INFO: レース結果取得開始: race_id=202306030603
20:38:33 INFO: 取得完了: race_id=202306030603, 出走頭数=16
20:38:33 INFO: レース結果取得開始: race_id=202306030604
20:38:34 INFO: 取得完了: race_id=202306030604, 出走頭数=16
20:38:34 INFO: レース結果取得開始: race_id=202306030605
20:38:36 INFO: 取得完了: race_id=202306030605, 出走頭数=15
20:38:36 INFO: レース結果取得開始: race_id=202306030606
20:38:37 INFO: 取得完了: race_id=202306030606, 出走頭数=9
20:38:38 INFO: レース結果取得開始: race_id=202306030607
20:38:39 INFO: 取得完了: race_id=202306030607, 出走頭数=9
20:38:39 INFO: レース結果取得開始: race_id=202306030608
20:38:41 INFO: 取得完了: race_id=202306030608, 出走頭数=13
20:38:41 INFO: レース結果取得開始: race_id=202306030609
20:38:43 INFO: 取得完了: race_id=202306030609, 出走頭数=16
20:38:43 INFO: レース結果取得開始: race_id=202306030610
20:38:44 INFO: 取得完了: race_id=202306030610, 出走頭数=10
20:38:44 INFO: レース結果取得開始: race_id=202306030611
20:38:46 INFO: 取得完了: race_id=202306030611, 出走頭数=13
20:38:46 INFO: レース結果取得開始: race_id=202306030612
20:38:47 INFO: 取得完了: race_id=202306030612, 出走頭数=14
20:38:47 INFO: レース結果取得開始: race_id=202309020601
20:38:49 INFO: 取得完了: race_id=202309020601, 出走頭数=16
20:38:49 INFO: レース結果取得開始: race_id=202309020602
20:38:51 INFO: 取得完了: race_id=202309020602, 出走頭数=16
20:38:51 INFO: レース結果取得開始: race_id=202309020603
20:38:53 INFO: 取得完了: race_id=202309020603, 出走頭数=16
20:38:53 INFO: レース結果取得開始: race_id=202309020604
20:38:55 INFO: 取得完了: race_id=202309020604, 出走頭数=18
20:38:55 INFO: レース結果取得開始: race_id=202309020605
20:38:57 INFO: 取得完了: race_id=202309020605, 出走頭数=14
20:38:57 INFO: レース結果取得開始: race_id=202309020606
20:38:58 INFO: 取得完了: race_id=202309020606, 出走頭数=13
20:38:58 INFO: レース結果取得開始: race_id=202309020607
20:39:01 INFO: 取得完了: race_id=202309020607, 出走頭数=10
20:39:01 INFO: レース結果取得開始: race_id=202309020608
20:39:02 INFO: 取得完了: race_id=202309020608, 出走頭数=11
20:39:02 INFO: レース結果取得開始: race_id=202309020609
20:39:04 INFO: 取得完了: race_id=202309020609, 出走頭数=10
20:39:04 INFO: レース結果取得開始: race_id=202309020610
20:39:05 INFO: 取得完了: race_id=202309020610, 出走頭数=16
20:39:05 INFO: レース結果取得開始: race_id=202309020611
20:39:07 INFO: 取得完了: race_id=202309020611, 出走頭数=18
20:39:07 INFO: レース結果取得開始: race_id=202309020612
20:39:08 INFO: 取得完了: race_id=202309020612, 出走頭数=15
20:39:08 INFO: レース結果取得開始: race_id=202303010301
20:39:10 INFO: 取得完了: race_id=202303010301, 出走頭数=16
20:39:10 INFO: レース結果取得開始: race_id=202303010302
20:39:13 INFO: 取得完了: race_id=202303010302, 出走頭数=16
20:39:13 INFO: レース結果取得開始: race_id=202303010303
20:39:14 INFO: 取得完了: race_id=202303010303, 出走頭数=15
20:39:14 INFO: レース結果取得開始: race_id=202303010304
20:39:16 INFO: 取得完了: race_id=202303010304, 出走頭数=16
20:39:16 INFO: レース結果取得開始: race_id=202303010305
20:39:18 INFO: 取得完了: race_id=202303010305, 出走頭数=16
20:39:18 INFO: レース結果取得開始: race_id=202303010306
20:39:19 INFO: 取得完了: race_id=202303010306, 出走頭数=16
20:39:19 INFO: レース結果取得開始: race_id=202303010307
20:39:21 INFO: 取得完了: race_id=202303010307, 出走頭数=16
20:39:21 INFO: レース結果取得開始: race_id=202303010308
20:39:23 INFO: 取得完了: race_id=202303010308, 出走頭数=16
20:39:23 INFO: レース結果取得開始: race_id=202303010309
20:39:24 INFO: 取得完了: race_id=202303010309, 出走頭数=16
20:39:24 INFO: レース結果取得開始: race_id=202303010310
20:39:26 INFO: 取得完了: race_id=202303010310, 出走頭数=15
20:39:26 INFO: レース結果取得開始: race_id=202303010311
20:39:28 INFO: 取得完了: race_id=202303010311, 出走頭数=16
20:39:28 INFO: レース結果取得開始: race_id=202303010312
20:39:29 INFO: 取得完了: race_id=202303010312, 出走頭数=14
20:39:29 INFO: レース結果取得開始: race_id=202306030701
20:39:31 INFO: 取得完了: race_id=202306030701, 出走頭数=15
20:39:31 INFO: レース結果取得開始: race_id=202306030702
20:39:33 INFO: 取得完了: race_id=202306030702, 出走頭数=14
20:39:33 INFO: レース結果取得開始: race_id=202306030703
20:39:35 INFO: 取得完了: race_id=202306030703, 出走頭数=16
20:39:35 INFO: レース結果取得開始: race_id=202306030704
20:39:37 INFO: 取得完了: race_id=202306030704, 出走頭数=13
20:39:37 INFO: レース結果取得開始: race_id=202306030705
20:39:38 INFO: 取得完了: race_id=202306030705, 出走頭数=16
20:39:38 INFO: レース結果取得開始: race_id=202306030706
20:39:41 INFO: 取得完了: race_id=202306030706, 出走頭数=13
20:39:41 INFO: レース結果取得開始: race_id=202306030707
20:39:42 INFO: 取得完了: race_id=202306030707, 出走頭数=11
20:39:42 INFO: レース結果取得開始: race_id=202306030708
20:39:44 INFO: 取得完了: race_id=202306030708, 出走頭数=16
20:39:44 INFO: レース結果取得開始: race_id=202306030709
20:39:46 INFO: 取得完了: race_id=202306030709, 出走頭数=12
20:39:46 INFO: レース結果取得開始: race_id=202306030710
20:39:47 INFO: 取得完了: race_id=202306030710, 出走頭数=15
20:39:47 INFO: レース結果取得開始: race_id=202306030711
20:39:49 INFO: 取得完了: race_id=202306030711, 出走頭数=10
20:39:49 INFO: レース結果取得開始: race_id=202306030712
20:39:51 INFO: 取得完了: race_id=202306030712, 出走頭数=12
20:39:51 INFO: レース結果取得開始: race_id=202309020701
20:39:52 INFO: 取得完了: race_id=202309020701, 出走頭数=16
20:39:53 INFO: レース結果取得開始: race_id=202309020702
20:39:54 INFO: 取得完了: race_id=202309020702, 出走頭数=16
20:39:54 INFO: レース結果取得開始: race_id=202309020703
20:39:55 INFO: 取得完了: race_id=202309020703, 出走頭数=16
20:39:55 INFO: レース結果取得開始: race_id=202309020704
20:39:57 INFO: 取得完了: race_id=202309020704, 出走頭数=14
20:39:57 INFO: レース結果取得開始: race_id=202309020705
20:39:59 INFO: 取得完了: race_id=202309020705, 出走頭数=16
20:39:59 INFO: レース結果取得開始: race_id=202309020706
20:40:00 INFO: 取得完了: race_id=202309020706, 出走頭数=16
20:40:00 INFO: レース結果取得開始: race_id=202309020707
20:40:02 INFO: 取得完了: race_id=202309020707, 出走頭数=6
20:40:02 INFO: レース結果取得開始: race_id=202309020708
20:40:04 INFO: 取得完了: race_id=202309020708, 出走頭数=7
20:40:04 INFO: レース結果取得開始: race_id=202309020709
20:40:06 INFO: 取得完了: race_id=202309020709, 出走頭数=13
20:40:06 INFO: レース結果取得開始: race_id=202309020710
20:40:07 INFO: 取得完了: race_id=202309020710, 出走頭数=16
20:40:07 INFO: レース結果取得開始: race_id=202309020711
20:40:10 INFO: 取得完了: race_id=202309020711, 出走頭数=18
20:40:10 INFO: レース結果取得開始: race_id=202309020712
20:40:12 INFO: 取得完了: race_id=202309020712, 出走頭数=11
20:40:12 INFO: レース結果取得開始: race_id=202303010401
20:40:14 INFO: 取得完了: race_id=202303010401, 出走頭数=16
20:40:14 INFO: レース結果取得開始: race_id=202303010402
20:40:15 INFO: 取得完了: race_id=202303010402, 出走頭数=16
20:40:15 INFO: レース結果取得開始: race_id=202303010403
20:40:17 INFO: 取得完了: race_id=202303010403, 出走頭数=15
20:40:17 INFO: レース結果取得開始: race_id=202303010404
20:40:18 INFO: 取得完了: race_id=202303010404, 出走頭数=10
20:40:18 INFO: レース結果取得開始: race_id=202303010405
20:40:20 INFO: 取得完了: race_id=202303010405, 出走頭数=9
20:40:20 INFO: レース結果取得開始: race_id=202303010406
20:40:21 INFO: 取得完了: race_id=202303010406, 出走頭数=15
20:40:22 INFO: レース結果取得開始: race_id=202303010407
20:40:23 INFO: 取得完了: race_id=202303010407, 出走頭数=16
20:40:23 INFO: レース結果取得開始: race_id=202303010408
20:40:25 INFO: 取得完了: race_id=202303010408, 出走頭数=14
20:40:25 INFO: レース結果取得開始: race_id=202303010409
20:40:27 INFO: 取得完了: race_id=202303010409, 出走頭数=16
20:40:27 INFO: レース結果取得開始: race_id=202303010410
20:40:29 INFO: 取得完了: race_id=202303010410, 出走頭数=13
20:40:29 INFO: レース結果取得開始: race_id=202303010411
20:40:31 INFO: 取得完了: race_id=202303010411, 出走頭数=14
20:40:31 INFO: レース結果取得開始: race_id=202303010412
20:40:33 INFO: 取得完了: race_id=202303010412, 出走頭数=16
20:40:34 INFO: レース結果取得開始: race_id=202306030801
20:40:35 INFO: 取得完了: race_id=202306030801, 出走頭数=15
20:40:35 INFO: レース結果取得開始: race_id=202306030802
20:40:37 INFO: 取得完了: race_id=202306030802, 出走頭数=16
20:40:37 INFO: レース結果取得開始: race_id=202306030803
20:40:39 INFO: 取得完了: race_id=202306030803, 出走頭数=13
20:40:39 INFO: レース結果取得開始: race_id=202306030804
20:40:41 INFO: 取得完了: race_id=202306030804, 出走頭数=18
20:40:41 INFO: レース結果取得開始: race_id=202306030805
20:40:43 INFO: 取得完了: race_id=202306030805, 出走頭数=16
20:40:43 INFO: レース結果取得開始: race_id=202306030806
20:40:44 INFO: 取得完了: race_id=202306030806, 出走頭数=10
20:40:44 INFO: レース結果取得開始: race_id=202306030807
20:40:46 INFO: 取得完了: race_id=202306030807, 出走頭数=15
20:40:46 INFO: レース結果取得開始: race_id=202306030808
20:40:48 INFO: 取得完了: race_id=202306030808, 出走頭数=16
20:40:48 INFO: レース結果取得開始: race_id=202306030809
20:40:50 INFO: 取得完了: race_id=202306030809, 出走頭数=16
20:40:50 INFO: レース結果取得開始: race_id=202306030810
20:40:51 INFO: 取得完了: race_id=202306030810, 出走頭数=16
20:40:51 INFO: レース結果取得開始: race_id=202306030811
20:40:54 INFO: 取得完了: race_id=202306030811, 出走頭数=18
20:40:54 INFO: レース結果取得開始: race_id=202306030812
20:40:55 INFO: 取得完了: race_id=202306030812, 出走頭数=14
[ 4500/6912] 202306030812: 14頭  errors=0  残り≈72分
20:40:55 INFO: レース結果取得開始: race_id=202309020801
20:40:57 INFO: 取得完了: race_id=202309020801, 出走頭数=15
20:40:57 INFO: レース結果取得開始: race_id=202309020802
20:40:59 INFO: 取得完了: race_id=202309020802, 出走頭数=16
20:40:59 INFO: レース結果取得開始: race_id=202309020803
20:41:01 INFO: 取得完了: race_id=202309020803, 出走頭数=18
20:41:01 INFO: レース結果取得開始: race_id=202309020804
20:41:03 INFO: 取得完了: race_id=202309020804, 出走頭数=18
20:41:03 INFO: レース結果取得開始: race_id=202309020805
20:41:05 INFO: 取得完了: race_id=202309020805, 出走頭数=15
20:41:05 INFO: レース結果取得開始: race_id=202309020806
20:41:06 INFO: 取得完了: race_id=202309020806, 出走頭数=12
20:41:06 INFO: レース結果取得開始: race_id=202309020807
20:41:08 INFO: 取得完了: race_id=202309020807, 出走頭数=13
20:41:08 INFO: レース結果取得開始: race_id=202309020808
20:41:09 INFO: 取得完了: race_id=202309020808, 出走頭数=8
20:41:09 INFO: レース結果取得開始: race_id=202309020809
20:41:11 INFO: 取得完了: race_id=202309020809, 出走頭数=11
20:41:11 INFO: レース結果取得開始: race_id=202309020810
20:41:13 INFO: 取得完了: race_id=202309020810, 出走頭数=10
20:41:13 INFO: レース結果取得開始: race_id=202309020811
20:41:14 INFO: 取得完了: race_id=202309020811, 出走頭数=15
20:41:14 INFO: レース結果取得開始: race_id=202309020812
20:41:16 INFO: 取得完了: race_id=202309020812, 出走頭数=16
20:41:16 INFO: レース結果取得開始: race_id=202303010501
20:41:18 INFO: 取得完了: race_id=202303010501, 出走頭数=16
20:41:18 INFO: レース結果取得開始: race_id=202303010502
20:41:20 INFO: 取得完了: race_id=202303010502, 出走頭数=16
20:41:20 INFO: レース結果取得開始: race_id=202303010503
20:41:21 INFO: 取得完了: race_id=202303010503, 出走頭数=14
20:41:21 INFO: レース結果取得開始: race_id=202303010504
20:41:23 INFO: 取得完了: race_id=202303010504, 出走頭数=14
20:41:23 INFO: レース結果取得開始: race_id=202303010505
20:41:24 INFO: 取得完了: race_id=202303010505, 出走頭数=11
20:41:24 INFO: レース結果取得開始: race_id=202303010506
20:41:26 INFO: 取得完了: race_id=202303010506, 出走頭数=10
20:41:26 INFO: レース結果取得開始: race_id=202303010507
20:41:28 INFO: 取得完了: race_id=202303010507, 出走頭数=16
20:41:28 INFO: レース結果取得開始: race_id=202303010508
20:41:30 INFO: 取得完了: race_id=202303010508, 出走頭数=14
20:41:30 INFO: レース結果取得開始: race_id=202303010509
20:41:31 INFO: 取得完了: race_id=202303010509, 出走頭数=13
20:41:31 INFO: レース結果取得開始: race_id=202303010510
20:41:32 INFO: 取得完了: race_id=202303010510, 出走頭数=15
20:41:32 INFO: レース結果取得開始: race_id=202303010511
20:41:34 INFO: 取得完了: race_id=202303010511, 出走頭数=15
20:41:34 INFO: レース結果取得開始: race_id=202303010512
20:41:36 INFO: 取得完了: race_id=202303010512, 出走頭数=13
20:41:36 INFO: レース結果取得開始: race_id=202305020101
20:41:37 INFO: 取得完了: race_id=202305020101, 出走頭数=14
20:41:37 INFO: レース結果取得開始: race_id=202305020102
20:41:39 INFO: 取得完了: race_id=202305020102, 出走頭数=16
20:41:39 INFO: レース結果取得開始: race_id=202305020103
20:41:41 INFO: 取得完了: race_id=202305020103, 出走頭数=15
20:41:41 INFO: レース結果取得開始: race_id=202305020104
20:41:43 INFO: 取得完了: race_id=202305020104, 出走頭数=15
20:41:43 INFO: レース結果取得開始: race_id=202305020105
20:41:44 INFO: 取得完了: race_id=202305020105, 出走頭数=13
20:41:44 INFO: レース結果取得開始: race_id=202305020106
20:41:46 INFO: 取得完了: race_id=202305020106, 出走頭数=16
20:41:46 INFO: レース結果取得開始: race_id=202305020107
20:41:47 INFO: 取得完了: race_id=202305020107, 出走頭数=15
20:41:47 INFO: レース結果取得開始: race_id=202305020108
20:41:49 INFO: 取得完了: race_id=202305020108, 出走頭数=14
20:41:49 INFO: レース結果取得開始: race_id=202305020109
20:41:51 INFO: 取得完了: race_id=202305020109, 出走頭数=8
20:41:51 INFO: レース結果取得開始: race_id=202305020110
20:41:52 INFO: 取得完了: race_id=202305020110, 出走頭数=18
20:41:52 INFO: レース結果取得開始: race_id=202305020111
20:41:55 INFO: 取得完了: race_id=202305020111, 出走頭数=16
20:41:55 INFO: レース結果取得開始: race_id=202305020112
20:41:56 INFO: 取得完了: race_id=202305020112, 出走頭数=16
20:41:56 INFO: レース結果取得開始: race_id=202308010101
20:41:58 INFO: 取得完了: race_id=202308010101, 出走頭数=18
20:41:58 INFO: レース結果取得開始: race_id=202308010102
20:42:00 INFO: 取得完了: race_id=202308010102, 出走頭数=12
20:42:00 INFO: レース結果取得開始: race_id=202308010103
20:42:02 INFO: 取得完了: race_id=202308010103, 出走頭数=18
20:42:02 INFO: レース結果取得開始: race_id=202308010104
20:42:04 INFO: 取得完了: race_id=202308010104, 出走頭数=13
20:42:04 INFO: レース結果取得開始: race_id=202308010105
20:42:07 INFO: 取得完了: race_id=202308010105, 出走頭数=16
20:42:07 INFO: レース結果取得開始: race_id=202308010106
20:42:08 INFO: 取得完了: race_id=202308010106, 出走頭数=12
20:42:08 INFO: レース結果取得開始: race_id=202308010107
20:42:10 INFO: 取得完了: race_id=202308010107, 出走頭数=13
20:42:10 INFO: レース結果取得開始: race_id=202308010108
20:42:12 INFO: 取得完了: race_id=202308010108, 出走頭数=14
20:42:12 INFO: レース結果取得開始: race_id=202308010109
20:42:13 INFO: 取得完了: race_id=202308010109, 出走頭数=8
20:42:13 INFO: レース結果取得開始: race_id=202308010110
20:42:15 INFO: 取得完了: race_id=202308010110, 出走頭数=16
20:42:15 INFO: レース結果取得開始: race_id=202308010111
20:42:17 INFO: 取得完了: race_id=202308010111, 出走頭数=16
20:42:17 INFO: レース結果取得開始: race_id=202308010112
20:42:19 INFO: 取得完了: race_id=202308010112, 出走頭数=11
20:42:19 INFO: レース結果取得開始: race_id=202303010601
20:42:20 INFO: 取得完了: race_id=202303010601, 出走頭数=16
20:42:20 INFO: レース結果取得開始: race_id=202303010602
20:42:22 INFO: 取得完了: race_id=202303010602, 出走頭数=16
20:42:22 INFO: レース結果取得開始: race_id=202303010603
20:42:25 INFO: 取得完了: race_id=202303010603, 出走頭数=15
20:42:25 INFO: レース結果取得開始: race_id=202303010604
20:42:27 INFO: 取得完了: race_id=202303010604, 出走頭数=12
20:42:27 INFO: レース結果取得開始: race_id=202303010605
20:42:28 INFO: 取得完了: race_id=202303010605, 出走頭数=16
20:42:28 INFO: レース結果取得開始: race_id=202303010606
20:42:30 INFO: 取得完了: race_id=202303010606, 出走頭数=14
20:42:30 INFO: レース結果取得開始: race_id=202303010607
20:42:32 INFO: 取得完了: race_id=202303010607, 出走頭数=16
20:42:32 INFO: レース結果取得開始: race_id=202303010608
20:42:34 INFO: 取得完了: race_id=202303010608, 出走頭数=11
20:42:34 INFO: レース結果取得開始: race_id=202303010609
20:42:36 INFO: 取得完了: race_id=202303010609, 出走頭数=14
20:42:36 INFO: レース結果取得開始: race_id=202303010610
20:42:38 INFO: 取得完了: race_id=202303010610, 出走頭数=14
20:42:38 INFO: レース結果取得開始: race_id=202303010611
20:42:40 INFO: 取得完了: race_id=202303010611, 出走頭数=16
20:42:40 INFO: レース結果取得開始: race_id=202303010612
20:42:42 INFO: 取得完了: race_id=202303010612, 出走頭数=11
20:42:42 INFO: レース結果取得開始: race_id=202305020201
20:42:43 INFO: 取得完了: race_id=202305020201, 出走頭数=16
20:42:43 INFO: レース結果取得開始: race_id=202305020202
20:42:45 INFO: 取得完了: race_id=202305020202, 出走頭数=16
20:42:45 INFO: レース結果取得開始: race_id=202305020203
20:42:46 INFO: 取得完了: race_id=202305020203, 出走頭数=16
20:42:46 INFO: レース結果取得開始: race_id=202305020204
20:42:48 INFO: 取得完了: race_id=202305020204, 出走頭数=16
20:42:48 INFO: レース結果取得開始: race_id=202305020205
20:42:50 INFO: 取得完了: race_id=202305020205, 出走頭数=12
20:42:50 INFO: レース結果取得開始: race_id=202305020206
20:42:53 INFO: 取得完了: race_id=202305020206, 出走頭数=16
20:42:53 INFO: レース結果取得開始: race_id=202305020207
20:42:55 INFO: 取得完了: race_id=202305020207, 出走頭数=10
20:42:55 INFO: レース結果取得開始: race_id=202305020208
20:42:57 INFO: 取得完了: race_id=202305020208, 出走頭数=15
20:42:57 INFO: レース結果取得開始: race_id=202305020209
20:42:59 INFO: 取得完了: race_id=202305020209, 出走頭数=8
20:42:59 INFO: レース結果取得開始: race_id=202305020210
20:43:00 INFO: 取得完了: race_id=202305020210, 出走頭数=15
20:43:00 INFO: レース結果取得開始: race_id=202305020211
20:43:02 INFO: 取得完了: race_id=202305020211, 出走頭数=15
20:43:02 INFO: レース結果取得開始: race_id=202305020212
20:43:04 INFO: 取得完了: race_id=202305020212, 出走頭数=16
20:43:04 INFO: レース結果取得開始: race_id=202308010201
20:43:06 INFO: 取得完了: race_id=202308010201, 出走頭数=18
20:43:06 INFO: レース結果取得開始: race_id=202308010202
20:43:07 INFO: 取得完了: race_id=202308010202, 出走頭数=16
20:43:07 INFO: レース結果取得開始: race_id=202308010203
20:43:09 INFO: 取得完了: race_id=202308010203, 出走頭数=16
20:43:09 INFO: レース結果取得開始: race_id=202308010204
20:43:11 INFO: 取得完了: race_id=202308010204, 出走頭数=13
20:43:11 INFO: レース結果取得開始: race_id=202308010205
20:43:12 INFO: 取得完了: race_id=202308010205, 出走頭数=18
20:43:12 INFO: レース結果取得開始: race_id=202308010206
20:43:14 INFO: 取得完了: race_id=202308010206, 出走頭数=9
20:43:14 INFO: レース結果取得開始: race_id=202308010207
20:43:16 INFO: 取得完了: race_id=202308010207, 出走頭数=18
20:43:16 INFO: レース結果取得開始: race_id=202308010208
20:43:18 INFO: 取得完了: race_id=202308010208, 出走頭数=14
20:43:18 INFO: レース結果取得開始: race_id=202308010209
20:43:19 INFO: 取得完了: race_id=202308010209, 出走頭数=10
20:43:19 INFO: レース結果取得開始: race_id=202308010210
20:43:20 INFO: 取得完了: race_id=202308010210, 出走頭数=14
20:43:20 INFO: レース結果取得開始: race_id=202308010211
20:43:22 INFO: 取得完了: race_id=202308010211, 出走頭数=15
20:43:22 INFO: レース結果取得開始: race_id=202308010212
20:43:24 INFO: 取得完了: race_id=202308010212, 出走頭数=16
20:43:24 INFO: レース結果取得開始: race_id=202304010101
20:43:26 INFO: 取得完了: race_id=202304010101, 出走頭数=14
20:43:26 INFO: レース結果取得開始: race_id=202304010102
20:43:27 INFO: 取得完了: race_id=202304010102, 出走頭数=14
20:43:27 INFO: レース結果取得開始: race_id=202304010103
20:43:29 INFO: 取得完了: race_id=202304010103, 出走頭数=15
20:43:29 INFO: レース結果取得開始: race_id=202304010104
20:43:31 INFO: 取得完了: race_id=202304010104, 出走頭数=11
20:43:31 INFO: レース結果取得開始: race_id=202304010105
20:43:32 INFO: 取得完了: race_id=202304010105, 出走頭数=16
20:43:32 INFO: レース結果取得開始: race_id=202304010106
20:43:34 INFO: 取得完了: race_id=202304010106, 出走頭数=16
20:43:34 INFO: レース結果取得開始: race_id=202304010107
20:43:35 INFO: 取得完了: race_id=202304010107, 出走頭数=14
20:43:35 INFO: レース結果取得開始: race_id=202304010108
20:43:38 INFO: 取得完了: race_id=202304010108, 出走頭数=13
20:43:38 INFO: レース結果取得開始: race_id=202304010109
20:43:39 INFO: 取得完了: race_id=202304010109, 出走頭数=16
20:43:39 INFO: レース結果取得開始: race_id=202304010110
20:43:41 INFO: 取得完了: race_id=202304010110, 出走頭数=12
20:43:41 INFO: レース結果取得開始: race_id=202304010111
20:43:43 INFO: 取得完了: race_id=202304010111, 出走頭数=15
20:43:43 INFO: レース結果取得開始: race_id=202304010112
20:43:45 INFO: 取得完了: race_id=202304010112, 出走頭数=14
20:43:45 INFO: レース結果取得開始: race_id=202305020301
20:43:46 INFO: 取得完了: race_id=202305020301, 出走頭数=16
20:43:46 INFO: レース結果取得開始: race_id=202305020302
20:43:48 INFO: 取得完了: race_id=202305020302, 出走頭数=16
20:43:48 INFO: レース結果取得開始: race_id=202305020303
20:43:51 INFO: 取得完了: race_id=202305020303, 出走頭数=16
20:43:51 INFO: レース結果取得開始: race_id=202305020304
20:43:53 INFO: 取得完了: race_id=202305020304, 出走頭数=12
[ 4600/6912] 202305020304: 12頭  errors=0  残り≈69分
20:43:53 INFO: レース結果取得開始: race_id=202305020305
20:43:55 INFO: 取得完了: race_id=202305020305, 出走頭数=12
20:43:55 INFO: レース結果取得開始: race_id=202305020306
20:43:56 INFO: 取得完了: race_id=202305020306, 出走頭数=13
20:43:56 INFO: レース結果取得開始: race_id=202305020307
20:43:58 INFO: 取得完了: race_id=202305020307, 出走頭数=16
20:43:58 INFO: レース結果取得開始: race_id=202305020308
20:43:59 INFO: 取得完了: race_id=202305020308, 出走頭数=11
20:43:59 INFO: レース結果取得開始: race_id=202305020309
20:44:01 INFO: 取得完了: race_id=202305020309, 出走頭数=16
20:44:01 INFO: レース結果取得開始: race_id=202305020310
20:44:03 INFO: 取得完了: race_id=202305020310, 出走頭数=11
20:44:03 INFO: レース結果取得開始: race_id=202305020311
20:44:05 INFO: 取得完了: race_id=202305020311, 出走頭数=15
20:44:05 INFO: レース結果取得開始: race_id=202305020312
20:44:06 INFO: 取得完了: race_id=202305020312, 出走頭数=16
20:44:06 INFO: レース結果取得開始: race_id=202308010301
20:44:08 INFO: 取得完了: race_id=202308010301, 出走頭数=16
20:44:08 INFO: レース結果取得開始: race_id=202308010302
20:44:10 INFO: 取得完了: race_id=202308010302, 出走頭数=16
20:44:10 INFO: レース結果取得開始: race_id=202308010303
20:44:12 INFO: 取得完了: race_id=202308010303, 出走頭数=14
20:44:12 INFO: レース結果取得開始: race_id=202308010304
20:44:13 INFO: 取得完了: race_id=202308010304, 出走頭数=13
20:44:13 INFO: レース結果取得開始: race_id=202308010305
20:44:14 INFO: 取得完了: race_id=202308010305, 出走頭数=13
20:44:15 INFO: レース結果取得開始: race_id=202308010306
20:44:16 INFO: 取得完了: race_id=202308010306, 出走頭数=9
20:44:16 INFO: レース結果取得開始: race_id=202308010307
20:44:18 INFO: 取得完了: race_id=202308010307, 出走頭数=7
20:44:18 INFO: レース結果取得開始: race_id=202308010308
20:44:19 INFO: 取得完了: race_id=202308010308, 出走頭数=14
20:44:19 INFO: レース結果取得開始: race_id=202308010309
20:44:21 INFO: 取得完了: race_id=202308010309, 出走頭数=8
20:44:21 INFO: レース結果取得開始: race_id=202308010310
20:44:23 INFO: 取得完了: race_id=202308010310, 出走頭数=16
20:44:23 INFO: レース結果取得開始: race_id=202308010311
20:44:24 INFO: 取得完了: race_id=202308010311, 出走頭数=18
20:44:24 INFO: レース結果取得開始: race_id=202308010312
20:44:26 INFO: 取得完了: race_id=202308010312, 出走頭数=15
20:44:26 INFO: レース結果取得開始: race_id=202304010201
20:44:27 INFO: 取得完了: race_id=202304010201, 出走頭数=15
20:44:27 INFO: レース結果取得開始: race_id=202304010202
20:44:30 INFO: 取得完了: race_id=202304010202, 出走頭数=16
20:44:30 INFO: レース結果取得開始: race_id=202304010203
20:44:31 INFO: 取得完了: race_id=202304010203, 出走頭数=15
20:44:31 INFO: レース結果取得開始: race_id=202304010204
20:44:33 INFO: 取得完了: race_id=202304010204, 出走頭数=9
20:44:33 INFO: レース結果取得開始: race_id=202304010205
20:44:35 INFO: 取得完了: race_id=202304010205, 出走頭数=13
20:44:35 INFO: レース結果取得開始: race_id=202304010206
20:44:36 INFO: 取得完了: race_id=202304010206, 出走頭数=9
20:44:36 INFO: レース結果取得開始: race_id=202304010207
20:44:39 INFO: 取得完了: race_id=202304010207, 出走頭数=15
20:44:39 INFO: レース結果取得開始: race_id=202304010208
20:44:41 INFO: 取得完了: race_id=202304010208, 出走頭数=12
20:44:41 INFO: レース結果取得開始: race_id=202304010209
20:44:42 INFO: 取得完了: race_id=202304010209, 出走頭数=15
20:44:42 INFO: レース結果取得開始: race_id=202304010210
20:44:44 INFO: 取得完了: race_id=202304010210, 出走頭数=16
20:44:44 INFO: レース結果取得開始: race_id=202304010211
20:44:46 INFO: 取得完了: race_id=202304010211, 出走頭数=14
20:44:46 INFO: レース結果取得開始: race_id=202304010212
20:44:48 INFO: 取得完了: race_id=202304010212, 出走頭数=15
20:44:48 INFO: レース結果取得開始: race_id=202305020401
20:44:50 INFO: 取得完了: race_id=202305020401, 出走頭数=16
20:44:50 INFO: レース結果取得開始: race_id=202305020402
20:44:53 INFO: 取得完了: race_id=202305020402, 出走頭数=16
20:44:53 INFO: レース結果取得開始: race_id=202305020403
20:44:54 INFO: 取得完了: race_id=202305020403, 出走頭数=16
20:44:54 INFO: レース結果取得開始: race_id=202305020404
20:44:56 INFO: 取得完了: race_id=202305020404, 出走頭数=18
20:44:56 INFO: レース結果取得開始: race_id=202305020405
20:44:57 INFO: 取得完了: race_id=202305020405, 出走頭数=13
20:44:57 INFO: レース結果取得開始: race_id=202305020406
20:44:59 INFO: 取得完了: race_id=202305020406, 出走頭数=12
20:44:59 INFO: レース結果取得開始: race_id=202305020407
20:45:01 INFO: 取得完了: race_id=202305020407, 出走頭数=8
20:45:01 INFO: レース結果取得開始: race_id=202305020408
20:45:02 INFO: 取得完了: race_id=202305020408, 出走頭数=11
20:45:02 INFO: レース結果取得開始: race_id=202305020409
20:45:04 INFO: 取得完了: race_id=202305020409, 出走頭数=10
20:45:04 INFO: レース結果取得開始: race_id=202305020410
20:45:06 INFO: 取得完了: race_id=202305020410, 出走頭数=16
20:45:06 INFO: レース結果取得開始: race_id=202305020411
20:45:08 INFO: 取得完了: race_id=202305020411, 出走頭数=13
20:45:08 INFO: レース結果取得開始: race_id=202305020412
20:45:11 INFO: 取得完了: race_id=202305020412, 出走頭数=15
20:45:11 INFO: レース結果取得開始: race_id=202308010401
20:45:12 INFO: 取得完了: race_id=202308010401, 出走頭数=16
20:45:12 INFO: レース結果取得開始: race_id=202308010402
20:45:14 INFO: 取得完了: race_id=202308010402, 出走頭数=16
20:45:14 INFO: レース結果取得開始: race_id=202308010403
20:45:15 INFO: 取得完了: race_id=202308010403, 出走頭数=18
20:45:15 INFO: レース結果取得開始: race_id=202308010404
20:45:17 INFO: 取得完了: race_id=202308010404, 出走頭数=10
20:45:17 INFO: レース結果取得開始: race_id=202308010405
20:45:19 INFO: 取得完了: race_id=202308010405, 出走頭数=12
20:45:19 INFO: レース結果取得開始: race_id=202308010406
20:45:21 INFO: 取得完了: race_id=202308010406, 出走頭数=12
20:45:21 INFO: レース結果取得開始: race_id=202308010407
20:45:22 INFO: 取得完了: race_id=202308010407, 出走頭数=11
20:45:22 INFO: レース結果取得開始: race_id=202308010408
20:45:24 INFO: 取得完了: race_id=202308010408, 出走頭数=9
20:45:24 INFO: レース結果取得開始: race_id=202308010409
20:45:26 INFO: 取得完了: race_id=202308010409, 出走頭数=12
20:45:26 INFO: レース結果取得開始: race_id=202308010410
20:45:27 INFO: 取得完了: race_id=202308010410, 出走頭数=11
20:45:27 INFO: レース結果取得開始: race_id=202308010411
20:45:29 INFO: 取得完了: race_id=202308010411, 出走頭数=17
20:45:29 INFO: レース結果取得開始: race_id=202308010412
20:45:30 INFO: 取得完了: race_id=202308010412, 出走頭数=16
20:45:30 INFO: レース結果取得開始: race_id=202304010301
20:45:31 INFO: 取得完了: race_id=202304010301, 出走頭数=13
20:45:31 INFO: レース結果取得開始: race_id=202304010302
20:45:33 INFO: 取得完了: race_id=202304010302, 出走頭数=15
20:45:33 INFO: レース結果取得開始: race_id=202304010303
20:45:35 INFO: 取得完了: race_id=202304010303, 出走頭数=15
20:45:35 INFO: レース結果取得開始: race_id=202304010304
20:45:36 INFO: 取得完了: race_id=202304010304, 出走頭数=8
20:45:36 INFO: レース結果取得開始: race_id=202304010305
20:45:38 INFO: 取得完了: race_id=202304010305, 出走頭数=15
20:45:38 INFO: レース結果取得開始: race_id=202304010306
20:45:40 INFO: 取得完了: race_id=202304010306, 出走頭数=16
20:45:40 INFO: レース結果取得開始: race_id=202304010307
20:45:42 INFO: 取得完了: race_id=202304010307, 出走頭数=9
20:45:42 INFO: レース結果取得開始: race_id=202304010308
20:45:44 INFO: 取得完了: race_id=202304010308, 出走頭数=12
20:45:44 INFO: レース結果取得開始: race_id=202304010309
20:45:46 INFO: 取得完了: race_id=202304010309, 出走頭数=15
20:45:46 INFO: レース結果取得開始: race_id=202304010310
20:45:48 INFO: 取得完了: race_id=202304010310, 出走頭数=10
20:45:48 INFO: レース結果取得開始: race_id=202304010311
20:45:49 INFO: 取得完了: race_id=202304010311, 出走頭数=12
20:45:49 INFO: レース結果取得開始: race_id=202304010312
20:45:51 INFO: 取得完了: race_id=202304010312, 出走頭数=16
20:45:51 INFO: レース結果取得開始: race_id=202305020501
20:45:53 INFO: 取得完了: race_id=202305020501, 出走頭数=16
20:45:53 INFO: レース結果取得開始: race_id=202305020502
20:45:54 INFO: 取得完了: race_id=202305020502, 出走頭数=16
20:45:54 INFO: レース結果取得開始: race_id=202305020503
20:45:56 INFO: 取得完了: race_id=202305020503, 出走頭数=16
20:45:56 INFO: レース結果取得開始: race_id=202305020504
20:45:58 INFO: 取得完了: race_id=202305020504, 出走頭数=18
20:45:58 INFO: レース結果取得開始: race_id=202305020505
20:46:00 INFO: 取得完了: race_id=202305020505, 出走頭数=12
20:46:00 INFO: レース結果取得開始: race_id=202305020506
20:46:02 INFO: 取得完了: race_id=202305020506, 出走頭数=15
20:46:02 INFO: レース結果取得開始: race_id=202305020507
20:46:04 INFO: 取得完了: race_id=202305020507, 出走頭数=17
20:46:04 INFO: レース結果取得開始: race_id=202305020508
20:46:06 INFO: 取得完了: race_id=202305020508, 出走頭数=16
20:46:06 INFO: レース結果取得開始: race_id=202305020509
20:46:08 INFO: 取得完了: race_id=202305020509, 出走頭数=9
20:46:08 INFO: レース結果取得開始: race_id=202305020510
20:46:10 INFO: 取得完了: race_id=202305020510, 出走頭数=16
20:46:10 INFO: レース結果取得開始: race_id=202305020511
20:46:11 INFO: 取得完了: race_id=202305020511, 出走頭数=7
20:46:11 INFO: レース結果取得開始: race_id=202305020512
20:46:13 INFO: 取得完了: race_id=202305020512, 出走頭数=10
20:46:13 INFO: レース結果取得開始: race_id=202308010501
20:46:15 INFO: 取得完了: race_id=202308010501, 出走頭数=15
20:46:15 INFO: レース結果取得開始: race_id=202308010502
20:46:16 INFO: 取得完了: race_id=202308010502, 出走頭数=14
20:46:16 INFO: レース結果取得開始: race_id=202308010503
20:46:18 INFO: 取得完了: race_id=202308010503, 出走頭数=16
20:46:18 INFO: レース結果取得開始: race_id=202308010504
20:46:20 INFO: 取得完了: race_id=202308010504, 出走頭数=18
20:46:20 INFO: レース結果取得開始: race_id=202308010505
20:46:22 INFO: 取得完了: race_id=202308010505, 出走頭数=14
20:46:22 INFO: レース結果取得開始: race_id=202308010506
20:46:23 INFO: 取得完了: race_id=202308010506, 出走頭数=16
20:46:23 INFO: レース結果取得開始: race_id=202308010507
20:46:25 INFO: 取得完了: race_id=202308010507, 出走頭数=8
20:46:25 INFO: レース結果取得開始: race_id=202308010508
20:46:27 INFO: 取得完了: race_id=202308010508, 出走頭数=10
20:46:27 INFO: レース結果取得開始: race_id=202308010509
20:46:29 INFO: 取得完了: race_id=202308010509, 出走頭数=10
20:46:29 INFO: レース結果取得開始: race_id=202308010510
20:46:30 INFO: 取得完了: race_id=202308010510, 出走頭数=15
20:46:31 INFO: レース結果取得開始: race_id=202308010511
20:46:33 INFO: 取得完了: race_id=202308010511, 出走頭数=12
20:46:33 INFO: レース結果取得開始: race_id=202308010512
20:46:34 INFO: 取得完了: race_id=202308010512, 出走頭数=14
20:46:34 INFO: レース結果取得開始: race_id=202304010401
20:46:36 INFO: 取得完了: race_id=202304010401, 出走頭数=14
20:46:36 INFO: レース結果取得開始: race_id=202304010402
20:46:38 INFO: 取得完了: race_id=202304010402, 出走頭数=10
20:46:38 INFO: レース結果取得開始: race_id=202304010403
20:46:40 INFO: 取得完了: race_id=202304010403, 出走頭数=15
20:46:40 INFO: レース結果取得開始: race_id=202304010404
20:46:42 INFO: 取得完了: race_id=202304010404, 出走頭数=8
20:46:42 INFO: レース結果取得開始: race_id=202304010405
20:46:44 INFO: 取得完了: race_id=202304010405, 出走頭数=16
20:46:44 INFO: レース結果取得開始: race_id=202304010406
20:46:46 INFO: 取得完了: race_id=202304010406, 出走頭数=15
20:46:46 INFO: レース結果取得開始: race_id=202304010407
20:46:48 INFO: 取得完了: race_id=202304010407, 出走頭数=11
20:46:48 INFO: レース結果取得開始: race_id=202304010408
20:46:49 INFO: 取得完了: race_id=202304010408, 出走頭数=16
[ 4700/6912] 202304010408: 16頭  errors=0  残り≈66分
20:46:49 INFO: レース結果取得開始: race_id=202304010409
20:46:51 INFO: 取得完了: race_id=202304010409, 出走頭数=15
20:46:51 INFO: レース結果取得開始: race_id=202304010410
20:46:53 INFO: 取得完了: race_id=202304010410, 出走頭数=16
20:46:53 INFO: レース結果取得開始: race_id=202304010411
20:46:54 INFO: 取得完了: race_id=202304010411, 出走頭数=16
20:46:54 INFO: レース結果取得開始: race_id=202304010412
20:46:56 INFO: 取得完了: race_id=202304010412, 出走頭数=15
20:46:56 INFO: レース結果取得開始: race_id=202305020601
20:46:58 INFO: 取得完了: race_id=202305020601, 出走頭数=16
20:46:58 INFO: レース結果取得開始: race_id=202305020602
20:46:59 INFO: 取得完了: race_id=202305020602, 出走頭数=16
20:46:59 INFO: レース結果取得開始: race_id=202305020603
20:47:01 INFO: 取得完了: race_id=202305020603, 出走頭数=13
20:47:01 INFO: レース結果取得開始: race_id=202305020604
20:47:03 INFO: 取得完了: race_id=202305020604, 出走頭数=18
20:47:03 INFO: レース結果取得開始: race_id=202305020605
20:47:05 INFO: 取得完了: race_id=202305020605, 出走頭数=16
20:47:05 INFO: レース結果取得開始: race_id=202305020606
20:47:07 INFO: 取得完了: race_id=202305020606, 出走頭数=10
20:47:07 INFO: レース結果取得開始: race_id=202305020607
20:47:09 INFO: 取得完了: race_id=202305020607, 出走頭数=18
20:47:09 INFO: レース結果取得開始: race_id=202305020608
20:47:10 INFO: 取得完了: race_id=202305020608, 出走頭数=16
20:47:10 INFO: レース結果取得開始: race_id=202305020609
20:47:12 INFO: 取得完了: race_id=202305020609, 出走頭数=13
20:47:12 INFO: レース結果取得開始: race_id=202305020610
20:47:14 INFO: 取得完了: race_id=202305020610, 出走頭数=17
20:47:14 INFO: レース結果取得開始: race_id=202305020611
20:47:16 INFO: 取得完了: race_id=202305020611, 出走頭数=18
20:47:16 INFO: レース結果取得開始: race_id=202305020612
20:47:17 INFO: 取得完了: race_id=202305020612, 出走頭数=10
20:47:17 INFO: レース結果取得開始: race_id=202308010601
20:47:20 INFO: 取得完了: race_id=202308010601, 出走頭数=16
20:47:20 INFO: レース結果取得開始: race_id=202308010602
20:47:22 INFO: 取得完了: race_id=202308010602, 出走頭数=16
20:47:22 INFO: レース結果取得開始: race_id=202308010603
20:47:23 INFO: 取得完了: race_id=202308010603, 出走頭数=11
20:47:23 INFO: レース結果取得開始: race_id=202308010604
20:47:26 INFO: 取得完了: race_id=202308010604, 出走頭数=15
20:47:26 INFO: レース結果取得開始: race_id=202308010605
20:47:27 INFO: 取得完了: race_id=202308010605, 出走頭数=9
20:47:27 INFO: レース結果取得開始: race_id=202308010606
20:47:29 INFO: 取得完了: race_id=202308010606, 出走頭数=12
20:47:29 INFO: レース結果取得開始: race_id=202308010607
20:47:31 INFO: 取得完了: race_id=202308010607, 出走頭数=9
20:47:31 INFO: レース結果取得開始: race_id=202308010608
20:47:32 INFO: 取得完了: race_id=202308010608, 出走頭数=16
20:47:32 INFO: レース結果取得開始: race_id=202308010609
20:47:35 INFO: 取得完了: race_id=202308010609, 出走頭数=15
20:47:35 INFO: レース結果取得開始: race_id=202308010610
20:47:37 INFO: 取得完了: race_id=202308010610, 出走頭数=9
20:47:37 INFO: レース結果取得開始: race_id=202308010611
20:47:38 INFO: 取得完了: race_id=202308010611, 出走頭数=18
20:47:38 INFO: レース結果取得開始: race_id=202308010612
20:47:41 INFO: 取得完了: race_id=202308010612, 出走頭数=12
20:47:41 INFO: レース結果取得開始: race_id=202304010501
20:47:43 INFO: 取得完了: race_id=202304010501, 出走頭数=15
20:47:43 INFO: レース結果取得開始: race_id=202304010502
20:47:44 INFO: 取得完了: race_id=202304010502, 出走頭数=15
20:47:44 INFO: レース結果取得開始: race_id=202304010503
20:47:46 INFO: 取得完了: race_id=202304010503, 出走頭数=16
20:47:46 INFO: レース結果取得開始: race_id=202304010504
20:47:48 INFO: 取得完了: race_id=202304010504, 出走頭数=13
20:47:48 INFO: レース結果取得開始: race_id=202304010505
20:47:49 INFO: 取得完了: race_id=202304010505, 出走頭数=13
20:47:49 INFO: レース結果取得開始: race_id=202304010506
20:47:51 INFO: 取得完了: race_id=202304010506, 出走頭数=15
20:47:51 INFO: レース結果取得開始: race_id=202304010507
20:47:53 INFO: 取得完了: race_id=202304010507, 出走頭数=10
20:47:53 INFO: レース結果取得開始: race_id=202304010508
20:47:55 INFO: 取得完了: race_id=202304010508, 出走頭数=10
20:47:55 INFO: レース結果取得開始: race_id=202304010509
20:47:57 INFO: 取得完了: race_id=202304010509, 出走頭数=16
20:47:57 INFO: レース結果取得開始: race_id=202304010510
20:47:58 INFO: 取得完了: race_id=202304010510, 出走頭数=14
20:47:58 INFO: レース結果取得開始: race_id=202304010511
20:47:59 INFO: 取得完了: race_id=202304010511, 出走頭数=11
20:47:59 INFO: レース結果取得開始: race_id=202304010512
20:48:01 INFO: 取得完了: race_id=202304010512, 出走頭数=15
20:48:01 INFO: レース結果取得開始: race_id=202305020701
20:48:02 INFO: 取得完了: race_id=202305020701, 出走頭数=16
20:48:02 INFO: レース結果取得開始: race_id=202305020702
20:48:04 INFO: 取得完了: race_id=202305020702, 出走頭数=16
20:48:04 INFO: レース結果取得開始: race_id=202305020703
20:48:05 INFO: 取得完了: race_id=202305020703, 出走頭数=16
20:48:05 INFO: レース結果取得開始: race_id=202305020704
20:48:07 INFO: 取得完了: race_id=202305020704, 出走頭数=12
20:48:07 INFO: レース結果取得開始: race_id=202305020705
20:48:09 INFO: 取得完了: race_id=202305020705, 出走頭数=18
20:48:09 INFO: レース結果取得開始: race_id=202305020706
20:48:10 INFO: 取得完了: race_id=202305020706, 出走頭数=16
20:48:10 INFO: レース結果取得開始: race_id=202305020707
20:48:12 INFO: 取得完了: race_id=202305020707, 出走頭数=15
20:48:12 INFO: レース結果取得開始: race_id=202305020708
20:48:13 INFO: 取得完了: race_id=202305020708, 出走頭数=9
20:48:13 INFO: レース結果取得開始: race_id=202305020709
20:48:15 INFO: 取得完了: race_id=202305020709, 出走頭数=16
20:48:15 INFO: レース結果取得開始: race_id=202305020710
20:48:16 INFO: 取得完了: race_id=202305020710, 出走頭数=17
20:48:16 INFO: レース結果取得開始: race_id=202305020711
20:48:18 INFO: 取得完了: race_id=202305020711, 出走頭数=18
20:48:18 INFO: レース結果取得開始: race_id=202305020712
20:48:19 INFO: 取得完了: race_id=202305020712, 出走頭数=16
20:48:19 INFO: レース結果取得開始: race_id=202308010701
20:48:21 INFO: 取得完了: race_id=202308010701, 出走頭数=13
20:48:21 INFO: レース結果取得開始: race_id=202308010702
20:48:22 INFO: 取得完了: race_id=202308010702, 出走頭数=10
20:48:22 INFO: レース結果取得開始: race_id=202308010703
20:48:24 INFO: 取得完了: race_id=202308010703, 出走頭数=15
20:48:24 INFO: レース結果取得開始: race_id=202308010704
20:48:26 INFO: 取得完了: race_id=202308010704, 出走頭数=16
20:48:26 INFO: レース結果取得開始: race_id=202308010705
20:48:28 INFO: 取得完了: race_id=202308010705, 出走頭数=11
20:48:28 INFO: レース結果取得開始: race_id=202308010706
20:48:29 INFO: 取得完了: race_id=202308010706, 出走頭数=16
20:48:29 INFO: レース結果取得開始: race_id=202308010707
20:48:31 INFO: 取得完了: race_id=202308010707, 出走頭数=16
20:48:31 INFO: レース結果取得開始: race_id=202308010708
20:48:33 INFO: 取得完了: race_id=202308010708, 出走頭数=11
20:48:33 INFO: レース結果取得開始: race_id=202308010709
20:48:34 INFO: 取得完了: race_id=202308010709, 出走頭数=12
20:48:34 INFO: レース結果取得開始: race_id=202308010710
20:48:36 INFO: 取得完了: race_id=202308010710, 出走頭数=16
20:48:36 INFO: レース結果取得開始: race_id=202308010711
20:48:37 INFO: 取得完了: race_id=202308010711, 出走頭数=10
20:48:37 INFO: レース結果取得開始: race_id=202308010712
20:48:39 INFO: 取得完了: race_id=202308010712, 出走頭数=15
20:48:39 INFO: レース結果取得開始: race_id=202304010601
20:48:41 INFO: 取得完了: race_id=202304010601, 出走頭数=16
20:48:41 INFO: レース結果取得開始: race_id=202304010602
20:48:43 INFO: 取得完了: race_id=202304010602, 出走頭数=15
20:48:43 INFO: レース結果取得開始: race_id=202304010603
20:48:45 INFO: 取得完了: race_id=202304010603, 出走頭数=15
20:48:45 INFO: レース結果取得開始: race_id=202304010604
20:48:47 INFO: 取得完了: race_id=202304010604, 出走頭数=12
20:48:47 INFO: レース結果取得開始: race_id=202304010605
20:48:49 INFO: 取得完了: race_id=202304010605, 出走頭数=11
20:48:49 INFO: レース結果取得開始: race_id=202304010606
20:48:50 INFO: 取得完了: race_id=202304010606, 出走頭数=10
20:48:50 INFO: レース結果取得開始: race_id=202304010607
20:48:52 INFO: 取得完了: race_id=202304010607, 出走頭数=16
20:48:52 INFO: レース結果取得開始: race_id=202304010608
20:48:54 INFO: 取得完了: race_id=202304010608, 出走頭数=15
20:48:54 INFO: レース結果取得開始: race_id=202304010609
20:48:56 INFO: 取得完了: race_id=202304010609, 出走頭数=12
20:48:56 INFO: レース結果取得開始: race_id=202304010610
20:48:58 INFO: 取得完了: race_id=202304010610, 出走頭数=15
20:48:58 INFO: レース結果取得開始: race_id=202304010611
20:49:00 INFO: 取得完了: race_id=202304010611, 出走頭数=13
20:49:00 INFO: レース結果取得開始: race_id=202304010612
20:49:02 INFO: 取得完了: race_id=202304010612, 出走頭数=15
20:49:02 INFO: レース結果取得開始: race_id=202305020801
20:49:04 INFO: 取得完了: race_id=202305020801, 出走頭数=16
20:49:04 INFO: レース結果取得開始: race_id=202305020802
20:49:05 INFO: 取得完了: race_id=202305020802, 出走頭数=16
20:49:05 INFO: レース結果取得開始: race_id=202305020803
20:49:07 INFO: 取得完了: race_id=202305020803, 出走頭数=10
20:49:07 INFO: レース結果取得開始: race_id=202305020804
20:49:08 INFO: 取得完了: race_id=202305020804, 出走頭数=18
20:49:08 INFO: レース結果取得開始: race_id=202305020805
20:49:10 INFO: 取得完了: race_id=202305020805, 出走頭数=13
20:49:10 INFO: レース結果取得開始: race_id=202305020806
20:49:12 INFO: 取得完了: race_id=202305020806, 出走頭数=13
20:49:12 INFO: レース結果取得開始: race_id=202305020807
20:49:14 INFO: 取得完了: race_id=202305020807, 出走頭数=15
20:49:15 INFO: レース結果取得開始: race_id=202305020808
20:49:16 INFO: 取得完了: race_id=202305020808, 出走頭数=10
20:49:16 INFO: レース結果取得開始: race_id=202305020809
20:49:19 INFO: 取得完了: race_id=202305020809, 出走頭数=8
20:49:19 INFO: レース結果取得開始: race_id=202305020810
20:49:21 INFO: 取得完了: race_id=202305020810, 出走頭数=9
20:49:21 INFO: レース結果取得開始: race_id=202305020811
20:49:23 INFO: 取得完了: race_id=202305020811, 出走頭数=16
20:49:23 INFO: レース結果取得開始: race_id=202305020812
20:49:24 INFO: 取得完了: race_id=202305020812, 出走頭数=16
20:49:24 INFO: レース結果取得開始: race_id=202308010801
20:49:26 INFO: 取得完了: race_id=202308010801, 出走頭数=16
20:49:26 INFO: レース結果取得開始: race_id=202308010802
20:49:28 INFO: 取得完了: race_id=202308010802, 出走頭数=12
20:49:28 INFO: レース結果取得開始: race_id=202308010803
20:49:29 INFO: 取得完了: race_id=202308010803, 出走頭数=18
20:49:29 INFO: レース結果取得開始: race_id=202308010804
20:49:31 INFO: 取得完了: race_id=202308010804, 出走頭数=10
20:49:31 INFO: レース結果取得開始: race_id=202308010805
20:49:33 INFO: 取得完了: race_id=202308010805, 出走頭数=14
20:49:33 INFO: レース結果取得開始: race_id=202308010806
20:49:34 INFO: 取得完了: race_id=202308010806, 出走頭数=8
20:49:34 INFO: レース結果取得開始: race_id=202308010807
20:49:36 INFO: 取得完了: race_id=202308010807, 出走頭数=12
20:49:36 INFO: レース結果取得開始: race_id=202308010808
20:49:38 INFO: 取得完了: race_id=202308010808, 出走頭数=13
20:49:38 INFO: レース結果取得開始: race_id=202308010809
20:49:40 INFO: 取得完了: race_id=202308010809, 出走頭数=8
20:49:40 INFO: レース結果取得開始: race_id=202308010810
20:49:41 INFO: 取得完了: race_id=202308010810, 出走頭数=13
20:49:41 INFO: レース結果取得開始: race_id=202308010811
20:49:43 INFO: 取得完了: race_id=202308010811, 出走頭数=16
20:49:43 INFO: レース結果取得開始: race_id=202308010812
20:49:45 INFO: 取得完了: race_id=202308010812, 出走頭数=14
[ 4800/6912] 202308010812: 14頭  errors=0  残り≈63分
20:49:45 INFO: レース結果取得開始: race_id=202304010701
20:49:46 INFO: 取得完了: race_id=202304010701, 出走頭数=14
20:49:46 INFO: レース結果取得開始: race_id=202304010702
20:49:48 INFO: 取得完了: race_id=202304010702, 出走頭数=13
20:49:48 INFO: レース結果取得開始: race_id=202304010703
20:49:49 INFO: 取得完了: race_id=202304010703, 出走頭数=15
20:49:49 INFO: レース結果取得開始: race_id=202304010704
20:49:50 INFO: 取得完了: race_id=202304010704, 出走頭数=14
20:49:50 INFO: レース結果取得開始: race_id=202304010705
20:49:52 INFO: 取得完了: race_id=202304010705, 出走頭数=14
20:49:52 INFO: レース結果取得開始: race_id=202304010706
20:49:55 INFO: 取得完了: race_id=202304010706, 出走頭数=15
20:49:55 INFO: レース結果取得開始: race_id=202304010707
20:49:57 INFO: 取得完了: race_id=202304010707, 出走頭数=16
20:49:57 INFO: レース結果取得開始: race_id=202304010708
20:49:59 INFO: 取得完了: race_id=202304010708, 出走頭数=13
20:49:59 INFO: レース結果取得開始: race_id=202304010709
20:50:01 INFO: 取得完了: race_id=202304010709, 出走頭数=16
20:50:01 INFO: レース結果取得開始: race_id=202304010710
20:50:03 INFO: 取得完了: race_id=202304010710, 出走頭数=16
20:50:03 INFO: レース結果取得開始: race_id=202304010711
20:50:05 INFO: 取得完了: race_id=202304010711, 出走頭数=16
20:50:05 INFO: レース結果取得開始: race_id=202304010712
20:50:07 INFO: 取得完了: race_id=202304010712, 出走頭数=15
20:50:07 INFO: レース結果取得開始: race_id=202305020901
20:50:09 INFO: 取得完了: race_id=202305020901, 出走頭数=16
20:50:09 INFO: レース結果取得開始: race_id=202305020902
20:50:11 INFO: 取得完了: race_id=202305020902, 出走頭数=16
20:50:11 INFO: レース結果取得開始: race_id=202305020903
20:50:13 INFO: 取得完了: race_id=202305020903, 出走頭数=16
20:50:13 INFO: レース結果取得開始: race_id=202305020904
20:50:15 INFO: 取得完了: race_id=202305020904, 出走頭数=18
20:50:15 INFO: レース結果取得開始: race_id=202305020905
20:50:16 INFO: 取得完了: race_id=202305020905, 出走頭数=12
20:50:16 INFO: レース結果取得開始: race_id=202305020906
20:50:18 INFO: 取得完了: race_id=202305020906, 出走頭数=16
20:50:18 INFO: レース結果取得開始: race_id=202305020907
20:50:20 INFO: 取得完了: race_id=202305020907, 出走頭数=14
20:50:20 INFO: レース結果取得開始: race_id=202305020908
20:50:22 INFO: 取得完了: race_id=202305020908, 出走頭数=16
20:50:22 INFO: レース結果取得開始: race_id=202305020909
20:50:24 INFO: 取得完了: race_id=202305020909, 出走頭数=13
20:50:24 INFO: レース結果取得開始: race_id=202305020910
20:50:25 INFO: 取得完了: race_id=202305020910, 出走頭数=9
20:50:25 INFO: レース結果取得開始: race_id=202305020911
20:50:27 INFO: 取得完了: race_id=202305020911, 出走頭数=18
20:50:27 INFO: レース結果取得開始: race_id=202305020912
20:50:29 INFO: 取得完了: race_id=202305020912, 出走頭数=16
20:50:29 INFO: レース結果取得開始: race_id=202308010901
20:50:30 INFO: 取得完了: race_id=202308010901, 出走頭数=16
20:50:30 INFO: レース結果取得開始: race_id=202308010902
20:50:32 INFO: 取得完了: race_id=202308010902, 出走頭数=16
20:50:32 INFO: レース結果取得開始: race_id=202308010903
20:50:33 INFO: 取得完了: race_id=202308010903, 出走頭数=16
20:50:33 INFO: レース結果取得開始: race_id=202308010904
20:50:35 INFO: 取得完了: race_id=202308010904, 出走頭数=18
20:50:35 INFO: レース結果取得開始: race_id=202308010905
20:50:37 INFO: 取得完了: race_id=202308010905, 出走頭数=8
20:50:37 INFO: レース結果取得開始: race_id=202308010906
20:50:39 INFO: 取得完了: race_id=202308010906, 出走頭数=16
20:50:39 INFO: レース結果取得開始: race_id=202308010907
20:50:41 INFO: 取得完了: race_id=202308010907, 出走頭数=10
20:50:41 INFO: レース結果取得開始: race_id=202308010908
20:50:43 INFO: 取得完了: race_id=202308010908, 出走頭数=16
20:50:43 INFO: レース結果取得開始: race_id=202308010909
20:50:45 INFO: 取得完了: race_id=202308010909, 出走頭数=10
20:50:45 INFO: レース結果取得開始: race_id=202308010910
20:50:46 INFO: 取得完了: race_id=202308010910, 出走頭数=11
20:50:46 INFO: レース結果取得開始: race_id=202308010911
20:50:48 INFO: 取得完了: race_id=202308010911, 出走頭数=16
20:50:48 INFO: レース結果取得開始: race_id=202308010912
20:50:50 INFO: 取得完了: race_id=202308010912, 出走頭数=14
20:50:50 INFO: レース結果取得開始: race_id=202304010801
20:50:51 INFO: 取得完了: race_id=202304010801, 出走頭数=15
20:50:51 INFO: レース結果取得開始: race_id=202304010802
20:50:53 INFO: 取得完了: race_id=202304010802, 出走頭数=16
20:50:53 INFO: レース結果取得開始: race_id=202304010803
20:50:55 INFO: 取得完了: race_id=202304010803, 出走頭数=15
20:50:55 INFO: レース結果取得開始: race_id=202304010804
20:50:57 INFO: 取得完了: race_id=202304010804, 出走頭数=13
20:50:57 INFO: レース結果取得開始: race_id=202304010805
20:50:59 INFO: 取得完了: race_id=202304010805, 出走頭数=15
20:50:59 INFO: レース結果取得開始: race_id=202304010806
20:51:01 INFO: 取得完了: race_id=202304010806, 出走頭数=16
20:51:01 INFO: レース結果取得開始: race_id=202304010807
20:51:03 INFO: 取得完了: race_id=202304010807, 出走頭数=15
20:51:03 INFO: レース結果取得開始: race_id=202304010808
20:51:05 INFO: 取得完了: race_id=202304010808, 出走頭数=16
20:51:05 INFO: レース結果取得開始: race_id=202304010809
20:51:07 INFO: 取得完了: race_id=202304010809, 出走頭数=14
20:51:07 INFO: レース結果取得開始: race_id=202304010810
20:51:09 INFO: 取得完了: race_id=202304010810, 出走頭数=15
20:51:09 INFO: レース結果取得開始: race_id=202304010811
20:51:10 INFO: 取得完了: race_id=202304010811, 出走頭数=16
20:51:10 INFO: レース結果取得開始: race_id=202304010812
20:51:12 INFO: 取得完了: race_id=202304010812, 出走頭数=15
20:51:13 INFO: レース結果取得開始: race_id=202305021001
20:51:14 INFO: 取得完了: race_id=202305021001, 出走頭数=16
20:51:14 INFO: レース結果取得開始: race_id=202305021002
20:51:16 INFO: 取得完了: race_id=202305021002, 出走頭数=16
20:51:16 INFO: レース結果取得開始: race_id=202305021003
20:51:18 INFO: 取得完了: race_id=202305021003, 出走頭数=16
20:51:18 INFO: レース結果取得開始: race_id=202305021004
20:51:20 INFO: 取得完了: race_id=202305021004, 出走頭数=16
20:51:20 INFO: レース結果取得開始: race_id=202305021005
20:51:22 INFO: 取得完了: race_id=202305021005, 出走頭数=11
20:51:22 INFO: レース結果取得開始: race_id=202305021006
20:51:24 INFO: 取得完了: race_id=202305021006, 出走頭数=8
20:51:24 INFO: レース結果取得開始: race_id=202305021007
20:51:26 INFO: 取得完了: race_id=202305021007, 出走頭数=16
20:51:26 INFO: レース結果取得開始: race_id=202305021008
20:51:28 INFO: 取得完了: race_id=202305021008, 出走頭数=13
20:51:28 INFO: レース結果取得開始: race_id=202305021009
20:51:30 INFO: 取得完了: race_id=202305021009, 出走頭数=10
20:51:30 INFO: レース結果取得開始: race_id=202305021010
20:51:32 INFO: 取得完了: race_id=202305021010, 出走頭数=18
20:51:32 INFO: レース結果取得開始: race_id=202305021011
20:51:34 INFO: 取得完了: race_id=202305021011, 出走頭数=18
20:51:34 INFO: レース結果取得開始: race_id=202305021012
20:51:35 INFO: 取得完了: race_id=202305021012, 出走頭数=16
20:51:35 INFO: レース結果取得開始: race_id=202308011001
20:51:37 INFO: 取得完了: race_id=202308011001, 出走頭数=15
20:51:38 INFO: レース結果取得開始: race_id=202308011002
20:51:40 INFO: 取得完了: race_id=202308011002, 出走頭数=18
20:51:40 INFO: レース結果取得開始: race_id=202308011003
20:51:41 INFO: 取得完了: race_id=202308011003, 出走頭数=16
20:51:41 INFO: レース結果取得開始: race_id=202308011004
20:51:43 INFO: 取得完了: race_id=202308011004, 出走頭数=18
20:51:43 INFO: レース結果取得開始: race_id=202308011005
20:51:45 INFO: 取得完了: race_id=202308011005, 出走頭数=11
20:51:45 INFO: レース結果取得開始: race_id=202308011006
20:51:46 INFO: 取得完了: race_id=202308011006, 出走頭数=13
20:51:46 INFO: レース結果取得開始: race_id=202308011007
20:51:48 INFO: 取得完了: race_id=202308011007, 出走頭数=10
20:51:48 INFO: レース結果取得開始: race_id=202308011008
20:51:50 INFO: 取得完了: race_id=202308011008, 出走頭数=18
20:51:50 INFO: レース結果取得開始: race_id=202308011009
20:51:52 INFO: 取得完了: race_id=202308011009, 出走頭数=12
20:51:52 INFO: レース結果取得開始: race_id=202308011010
20:51:54 INFO: 取得完了: race_id=202308011010, 出走頭数=11
20:51:54 INFO: レース結果取得開始: race_id=202308011011
20:51:56 INFO: 取得完了: race_id=202308011011, 出走頭数=16
20:51:56 INFO: レース結果取得開始: race_id=202308011012
20:51:58 INFO: 取得完了: race_id=202308011012, 出走頭数=11
20:51:58 INFO: レース結果取得開始: race_id=202305021101
20:51:59 INFO: 取得完了: race_id=202305021101, 出走頭数=16
20:51:59 INFO: レース結果取得開始: race_id=202305021102
20:52:01 INFO: 取得完了: race_id=202305021102, 出走頭数=16
20:52:01 INFO: レース結果取得開始: race_id=202305021103
20:52:03 INFO: 取得完了: race_id=202305021103, 出走頭数=15
20:52:03 INFO: レース結果取得開始: race_id=202305021104
20:52:04 INFO: 取得完了: race_id=202305021104, 出走頭数=9
20:52:04 INFO: レース結果取得開始: race_id=202305021105
20:52:06 INFO: 取得完了: race_id=202305021105, 出走頭数=18
20:52:06 INFO: レース結果取得開始: race_id=202305021106
20:52:08 INFO: 取得完了: race_id=202305021106, 出走頭数=8
20:52:08 INFO: レース結果取得開始: race_id=202305021107
20:52:09 INFO: 取得完了: race_id=202305021107, 出走頭数=13
20:52:09 INFO: レース結果取得開始: race_id=202305021108
20:52:11 INFO: 取得完了: race_id=202305021108, 出走頭数=16
20:52:11 INFO: レース結果取得開始: race_id=202305021109
20:52:13 INFO: 取得完了: race_id=202305021109, 出走頭数=16
20:52:13 INFO: レース結果取得開始: race_id=202305021110
20:52:15 INFO: 取得完了: race_id=202305021110, 出走頭数=14
20:52:15 INFO: レース結果取得開始: race_id=202305021111
20:52:16 INFO: 取得完了: race_id=202305021111, 出走頭数=16
20:52:16 INFO: レース結果取得開始: race_id=202305021112
20:52:18 INFO: 取得完了: race_id=202305021112, 出走頭数=16
20:52:18 INFO: レース結果取得開始: race_id=202308011101
20:52:20 INFO: 取得完了: race_id=202308011101, 出走頭数=16
20:52:20 INFO: レース結果取得開始: race_id=202308011102
20:52:22 INFO: 取得完了: race_id=202308011102, 出走頭数=16
20:52:22 INFO: レース結果取得開始: race_id=202308011103
20:52:23 INFO: 取得完了: race_id=202308011103, 出走頭数=18
20:52:23 INFO: レース結果取得開始: race_id=202308011104
20:52:25 INFO: 取得完了: race_id=202308011104, 出走頭数=18
20:52:25 INFO: レース結果取得開始: race_id=202308011105
20:52:26 INFO: 取得完了: race_id=202308011105, 出走頭数=13
20:52:26 INFO: レース結果取得開始: race_id=202308011106
20:52:28 INFO: 取得完了: race_id=202308011106, 出走頭数=16
20:52:28 INFO: レース結果取得開始: race_id=202308011107
20:52:29 INFO: 取得完了: race_id=202308011107, 出走頭数=12
20:52:29 INFO: レース結果取得開始: race_id=202308011108
20:52:31 INFO: 取得完了: race_id=202308011108, 出走頭数=10
20:52:31 INFO: レース結果取得開始: race_id=202308011109
20:52:33 INFO: 取得完了: race_id=202308011109, 出走頭数=15
20:52:33 INFO: レース結果取得開始: race_id=202308011110
20:52:35 INFO: 取得完了: race_id=202308011110, 出走頭数=16
20:52:35 INFO: レース結果取得開始: race_id=202308011111
20:52:37 INFO: 取得完了: race_id=202308011111, 出走頭数=18
20:52:37 INFO: レース結果取得開始: race_id=202308011112
20:52:38 INFO: 取得完了: race_id=202308011112, 出走頭数=14
20:52:38 INFO: レース結果取得開始: race_id=202305021201
20:52:40 INFO: 取得完了: race_id=202305021201, 出走頭数=16
20:52:40 INFO: レース結果取得開始: race_id=202305021202
20:52:41 INFO: 取得完了: race_id=202305021202, 出走頭数=16
20:52:41 INFO: レース結果取得開始: race_id=202305021203
20:52:43 INFO: 取得完了: race_id=202305021203, 出走頭数=16
20:52:43 INFO: レース結果取得開始: race_id=202305021204
20:52:45 INFO: 取得完了: race_id=202305021204, 出走頭数=18
[ 4900/6912] 202305021204: 18頭  errors=0  残り≈60分
20:52:45 INFO: レース結果取得開始: race_id=202305021205
20:52:47 INFO: 取得完了: race_id=202305021205, 出走頭数=16
20:52:47 INFO: レース結果取得開始: race_id=202305021206
20:52:49 INFO: 取得完了: race_id=202305021206, 出走頭数=16
20:52:49 INFO: レース結果取得開始: race_id=202305021207
20:52:50 INFO: 取得完了: race_id=202305021207, 出走頭数=12
20:52:50 INFO: レース結果取得開始: race_id=202305021208
20:52:52 INFO: 取得完了: race_id=202305021208, 出走頭数=11
20:52:52 INFO: レース結果取得開始: race_id=202305021209
20:52:54 INFO: 取得完了: race_id=202305021209, 出走頭数=16
20:52:54 INFO: レース結果取得開始: race_id=202305021210
20:52:56 INFO: 取得完了: race_id=202305021210, 出走頭数=17
20:52:56 INFO: レース結果取得開始: race_id=202305021211
20:52:58 INFO: 取得完了: race_id=202305021211, 出走頭数=18
20:52:58 INFO: レース結果取得開始: race_id=202305021212
20:53:00 INFO: 取得完了: race_id=202305021212, 出走頭数=18
20:53:00 INFO: レース結果取得開始: race_id=202308011201
20:53:02 INFO: 取得完了: race_id=202308011201, 出走頭数=16
20:53:02 INFO: レース結果取得開始: race_id=202308011202
20:53:05 INFO: 取得完了: race_id=202308011202, 出走頭数=16
20:53:05 INFO: レース結果取得開始: race_id=202308011203
20:53:06 INFO: 取得完了: race_id=202308011203, 出走頭数=18
20:53:06 INFO: レース結果取得開始: race_id=202308011204
20:53:08 INFO: 取得完了: race_id=202308011204, 出走頭数=9
20:53:08 INFO: レース結果取得開始: race_id=202308011205
20:53:10 INFO: 取得完了: race_id=202308011205, 出走頭数=17
20:53:10 INFO: レース結果取得開始: race_id=202308011206
20:53:12 INFO: 取得完了: race_id=202308011206, 出走頭数=8
20:53:12 INFO: レース結果取得開始: race_id=202308011207
20:53:14 INFO: 取得完了: race_id=202308011207, 出走頭数=15
20:53:14 INFO: レース結果取得開始: race_id=202308011208
20:53:15 INFO: 取得完了: race_id=202308011208, 出走頭数=16
20:53:15 INFO: レース結果取得開始: race_id=202308011209
20:53:17 INFO: 取得完了: race_id=202308011209, 出走頭数=16
20:53:17 INFO: レース結果取得開始: race_id=202308011210
20:53:18 INFO: 取得完了: race_id=202308011210, 出走頭数=18
20:53:18 INFO: レース結果取得開始: race_id=202308011211
20:53:21 INFO: 取得完了: race_id=202308011211, 出走頭数=8
20:53:21 INFO: レース結果取得開始: race_id=202308011212
20:53:23 INFO: 取得完了: race_id=202308011212, 出走頭数=14
20:53:23 INFO: レース結果取得開始: race_id=202305030101
20:53:24 INFO: 取得完了: race_id=202305030101, 出走頭数=9
20:53:24 INFO: レース結果取得開始: race_id=202305030102
20:53:27 INFO: 取得完了: race_id=202305030102, 出走頭数=16
20:53:27 INFO: レース結果取得開始: race_id=202305030103
20:53:28 INFO: 取得完了: race_id=202305030103, 出走頭数=16
20:53:28 INFO: レース結果取得開始: race_id=202305030104
20:53:30 INFO: 取得完了: race_id=202305030104, 出走頭数=16
20:53:30 INFO: レース結果取得開始: race_id=202305030105
20:53:32 INFO: 取得完了: race_id=202305030105, 出走頭数=9
20:53:32 INFO: レース結果取得開始: race_id=202305030106
20:53:34 INFO: 取得完了: race_id=202305030106, 出走頭数=16
20:53:34 INFO: レース結果取得開始: race_id=202305030107
20:53:35 INFO: 取得完了: race_id=202305030107, 出走頭数=18
20:53:35 INFO: レース結果取得開始: race_id=202305030108
20:53:37 INFO: 取得完了: race_id=202305030108, 出走頭数=6
20:53:37 INFO: レース結果取得開始: race_id=202305030109
20:53:39 INFO: 取得完了: race_id=202305030109, 出走頭数=16
20:53:39 INFO: レース結果取得開始: race_id=202305030110
20:53:41 INFO: 取得完了: race_id=202305030110, 出走頭数=10
20:53:41 INFO: レース結果取得開始: race_id=202305030111
20:53:43 INFO: 取得完了: race_id=202305030111, 出走頭数=16
20:53:43 INFO: レース結果取得開始: race_id=202305030112
20:53:44 INFO: 取得完了: race_id=202305030112, 出走頭数=16
20:53:44 INFO: レース結果取得開始: race_id=202309030101
20:53:46 INFO: 取得完了: race_id=202309030101, 出走頭数=16
20:53:46 INFO: レース結果取得開始: race_id=202309030102
20:53:48 INFO: 取得完了: race_id=202309030102, 出走頭数=16
20:53:48 INFO: レース結果取得開始: race_id=202309030103
20:53:50 INFO: 取得完了: race_id=202309030103, 出走頭数=16
20:53:50 INFO: レース結果取得開始: race_id=202309030104
20:53:53 INFO: 取得完了: race_id=202309030104, 出走頭数=16
20:53:53 INFO: レース結果取得開始: race_id=202309030105
20:53:55 INFO: 取得完了: race_id=202309030105, 出走頭数=5
20:53:55 INFO: レース結果取得開始: race_id=202309030106
20:53:57 INFO: 取得完了: race_id=202309030106, 出走頭数=14
20:53:57 INFO: レース結果取得開始: race_id=202309030107
20:53:58 INFO: 取得完了: race_id=202309030107, 出走頭数=10
20:53:58 INFO: レース結果取得開始: race_id=202309030108
20:54:00 INFO: 取得完了: race_id=202309030108, 出走頭数=16
20:54:00 INFO: レース結果取得開始: race_id=202309030109
20:54:02 INFO: 取得完了: race_id=202309030109, 出走頭数=8
20:54:02 INFO: レース結果取得開始: race_id=202309030110
20:54:04 INFO: 取得完了: race_id=202309030110, 出走頭数=15
20:54:04 INFO: レース結果取得開始: race_id=202309030111
20:54:06 INFO: 取得完了: race_id=202309030111, 出走頭数=15
20:54:06 INFO: レース結果取得開始: race_id=202309030112
20:54:08 INFO: 取得完了: race_id=202309030112, 出走頭数=15
20:54:08 INFO: レース結果取得開始: race_id=202305030201
20:54:10 INFO: 取得完了: race_id=202305030201, 出走頭数=16
20:54:10 INFO: レース結果取得開始: race_id=202305030202
20:54:11 INFO: 取得完了: race_id=202305030202, 出走頭数=16
20:54:11 INFO: レース結果取得開始: race_id=202305030203
20:54:13 INFO: 取得完了: race_id=202305030203, 出走頭数=18
20:54:13 INFO: レース結果取得開始: race_id=202305030204
20:54:15 INFO: 取得完了: race_id=202305030204, 出走頭数=16
20:54:15 INFO: レース結果取得開始: race_id=202305030205
20:54:17 INFO: 取得完了: race_id=202305030205, 出走頭数=11
20:54:17 INFO: レース結果取得開始: race_id=202305030206
20:54:18 INFO: 取得完了: race_id=202305030206, 出走頭数=9
20:54:18 INFO: レース結果取得開始: race_id=202305030207
20:54:20 INFO: 取得完了: race_id=202305030207, 出走頭数=10
20:54:20 INFO: レース結果取得開始: race_id=202305030208
20:54:22 INFO: 取得完了: race_id=202305030208, 出走頭数=16
20:54:22 INFO: レース結果取得開始: race_id=202305030209
20:54:23 INFO: 取得完了: race_id=202305030209, 出走頭数=9
20:54:23 INFO: レース結果取得開始: race_id=202305030210
20:54:24 INFO: 取得完了: race_id=202305030210, 出走頭数=16
20:54:24 INFO: レース結果取得開始: race_id=202305030211
20:54:26 INFO: 取得完了: race_id=202305030211, 出走頭数=18
20:54:26 INFO: レース結果取得開始: race_id=202305030212
20:54:27 INFO: 取得完了: race_id=202305030212, 出走頭数=15
20:54:27 INFO: レース結果取得開始: race_id=202309030201
20:54:29 INFO: 取得完了: race_id=202309030201, 出走頭数=10
20:54:29 INFO: レース結果取得開始: race_id=202309030202
20:54:31 INFO: 取得完了: race_id=202309030202, 出走頭数=18
20:54:31 INFO: レース結果取得開始: race_id=202309030203
20:54:33 INFO: 取得完了: race_id=202309030203, 出走頭数=16
20:54:33 INFO: レース結果取得開始: race_id=202309030204
20:54:34 INFO: 取得完了: race_id=202309030204, 出走頭数=16
20:54:34 INFO: レース結果取得開始: race_id=202309030205
20:54:35 INFO: 取得完了: race_id=202309030205, 出走頭数=8
20:54:35 INFO: レース結果取得開始: race_id=202309030206
20:54:37 INFO: 取得完了: race_id=202309030206, 出走頭数=16
20:54:37 INFO: レース結果取得開始: race_id=202309030207
20:54:38 INFO: 取得完了: race_id=202309030207, 出走頭数=16
20:54:38 INFO: レース結果取得開始: race_id=202309030208
20:54:40 INFO: 取得完了: race_id=202309030208, 出走頭数=10
20:54:40 INFO: レース結果取得開始: race_id=202309030209
20:54:41 INFO: 取得完了: race_id=202309030209, 出走頭数=13
20:54:41 INFO: レース結果取得開始: race_id=202309030210
20:54:43 INFO: 取得完了: race_id=202309030210, 出走頭数=11
20:54:43 INFO: レース結果取得開始: race_id=202309030211
20:54:44 INFO: 取得完了: race_id=202309030211, 出走頭数=16
20:54:44 INFO: レース結果取得開始: race_id=202309030212
20:54:46 INFO: 取得完了: race_id=202309030212, 出走頭数=14
20:54:46 INFO: レース結果取得開始: race_id=202302010101
20:54:49 INFO: 取得完了: race_id=202302010101, 出走頭数=16
20:54:49 INFO: レース結果取得開始: race_id=202302010102
20:54:51 INFO: 取得完了: race_id=202302010102, 出走頭数=14
20:54:51 INFO: レース結果取得開始: race_id=202302010103
20:54:52 INFO: 取得完了: race_id=202302010103, 出走頭数=12
20:54:52 INFO: レース結果取得開始: race_id=202302010104
20:54:54 INFO: 取得完了: race_id=202302010104, 出走頭数=16
20:54:54 INFO: レース結果取得開始: race_id=202302010105
20:54:56 INFO: 取得完了: race_id=202302010105, 出走頭数=11
20:54:56 INFO: レース結果取得開始: race_id=202302010106
20:54:58 INFO: 取得完了: race_id=202302010106, 出走頭数=14
20:54:58 INFO: レース結果取得開始: race_id=202302010107
20:55:00 INFO: 取得完了: race_id=202302010107, 出走頭数=9
20:55:00 INFO: レース結果取得開始: race_id=202302010108
20:55:02 INFO: 取得完了: race_id=202302010108, 出走頭数=11
20:55:02 INFO: レース結果取得開始: race_id=202302010109
20:55:04 INFO: 取得完了: race_id=202302010109, 出走頭数=8
20:55:04 INFO: レース結果取得開始: race_id=202302010110
20:55:06 INFO: 取得完了: race_id=202302010110, 出走頭数=13
20:55:06 INFO: レース結果取得開始: race_id=202302010111
20:55:07 INFO: 取得完了: race_id=202302010111, 出走頭数=13
20:55:07 INFO: レース結果取得開始: race_id=202302010112
20:55:09 INFO: 取得完了: race_id=202302010112, 出走頭数=12
20:55:09 INFO: レース結果取得開始: race_id=202305030301
20:55:10 INFO: 取得完了: race_id=202305030301, 出走頭数=9
20:55:10 INFO: レース結果取得開始: race_id=202305030302
20:55:12 INFO: 取得完了: race_id=202305030302, 出走頭数=16
20:55:12 INFO: レース結果取得開始: race_id=202305030303
20:55:14 INFO: 取得完了: race_id=202305030303, 出走頭数=15
20:55:14 INFO: レース結果取得開始: race_id=202305030304
20:55:16 INFO: 取得完了: race_id=202305030304, 出走頭数=18
20:55:16 INFO: レース結果取得開始: race_id=202305030305
20:55:18 INFO: 取得完了: race_id=202305030305, 出走頭数=12
20:55:18 INFO: レース結果取得開始: race_id=202305030306
20:55:20 INFO: 取得完了: race_id=202305030306, 出走頭数=16
20:55:20 INFO: レース結果取得開始: race_id=202305030307
20:55:22 INFO: 取得完了: race_id=202305030307, 出走頭数=16
20:55:22 INFO: レース結果取得開始: race_id=202305030308
20:55:24 INFO: 取得完了: race_id=202305030308, 出走頭数=12
20:55:24 INFO: レース結果取得開始: race_id=202305030309
20:55:25 INFO: 取得完了: race_id=202305030309, 出走頭数=15
20:55:25 INFO: レース結果取得開始: race_id=202305030310
20:55:26 INFO: 取得完了: race_id=202305030310, 出走頭数=10
20:55:26 INFO: レース結果取得開始: race_id=202305030311
20:55:28 INFO: 取得完了: race_id=202305030311, 出走頭数=18
20:55:28 INFO: レース結果取得開始: race_id=202305030312
20:55:30 INFO: 取得完了: race_id=202305030312, 出走頭数=16
20:55:30 INFO: レース結果取得開始: race_id=202309030301
20:55:32 INFO: 取得完了: race_id=202309030301, 出走頭数=16
20:55:32 INFO: レース結果取得開始: race_id=202309030302
20:55:34 INFO: 取得完了: race_id=202309030302, 出走頭数=16
20:55:34 INFO: レース結果取得開始: race_id=202309030303
20:55:36 INFO: 取得完了: race_id=202309030303, 出走頭数=16
20:55:36 INFO: レース結果取得開始: race_id=202309030304
20:55:37 INFO: 取得完了: race_id=202309030304, 出走頭数=16
20:55:37 INFO: レース結果取得開始: race_id=202309030305
20:55:39 INFO: 取得完了: race_id=202309030305, 出走頭数=10
20:55:39 INFO: レース結果取得開始: race_id=202309030306
20:55:41 INFO: 取得完了: race_id=202309030306, 出走頭数=18
20:55:41 INFO: レース結果取得開始: race_id=202309030307
20:55:43 INFO: 取得完了: race_id=202309030307, 出走頭数=16
20:55:43 INFO: レース結果取得開始: race_id=202309030308
20:55:45 INFO: 取得完了: race_id=202309030308, 出走頭数=11
[ 5000/6912] 202309030308: 11頭  errors=0  残り≈57分
20:55:45 INFO: レース結果取得開始: race_id=202309030309
20:55:46 INFO: 取得完了: race_id=202309030309, 出走頭数=8
20:55:46 INFO: レース結果取得開始: race_id=202309030310
20:55:48 INFO: 取得完了: race_id=202309030310, 出走頭数=12
20:55:48 INFO: レース結果取得開始: race_id=202309030311
20:55:51 INFO: 取得完了: race_id=202309030311, 出走頭数=16
20:55:51 INFO: レース結果取得開始: race_id=202309030312
20:55:52 INFO: 取得完了: race_id=202309030312, 出走頭数=13
20:55:52 INFO: レース結果取得開始: race_id=202302010201
20:55:53 INFO: 取得完了: race_id=202302010201, 出走頭数=16
20:55:53 INFO: レース結果取得開始: race_id=202302010202
20:55:55 INFO: 取得完了: race_id=202302010202, 出走頭数=14
20:55:55 INFO: レース結果取得開始: race_id=202302010203
20:55:57 INFO: 取得完了: race_id=202302010203, 出走頭数=12
20:55:57 INFO: レース結果取得開始: race_id=202302010204
20:55:58 INFO: 取得完了: race_id=202302010204, 出走頭数=16
20:55:58 INFO: レース結果取得開始: race_id=202302010205
20:56:00 INFO: 取得完了: race_id=202302010205, 出走頭数=11
20:56:00 INFO: レース結果取得開始: race_id=202302010206
20:56:02 INFO: 取得完了: race_id=202302010206, 出走頭数=16
20:56:02 INFO: レース結果取得開始: race_id=202302010207
20:56:04 INFO: 取得完了: race_id=202302010207, 出走頭数=11
20:56:04 INFO: レース結果取得開始: race_id=202302010208
20:56:06 INFO: 取得完了: race_id=202302010208, 出走頭数=11
20:56:06 INFO: レース結果取得開始: race_id=202302010209
20:56:07 INFO: 取得完了: race_id=202302010209, 出走頭数=16
20:56:07 INFO: レース結果取得開始: race_id=202302010210
20:56:08 INFO: 取得完了: race_id=202302010210, 出走頭数=14
20:56:08 INFO: レース結果取得開始: race_id=202302010211
20:56:11 INFO: 取得完了: race_id=202302010211, 出走頭数=16
20:56:11 INFO: レース結果取得開始: race_id=202302010212
20:56:12 INFO: 取得完了: race_id=202302010212, 出走頭数=12
20:56:12 INFO: レース結果取得開始: race_id=202305030401
20:56:14 INFO: 取得完了: race_id=202305030401, 出走頭数=16
20:56:14 INFO: レース結果取得開始: race_id=202305030402
20:56:15 INFO: 取得完了: race_id=202305030402, 出走頭数=15
20:56:15 INFO: レース結果取得開始: race_id=202305030403
20:56:17 INFO: 取得完了: race_id=202305030403, 出走頭数=16
20:56:17 INFO: レース結果取得開始: race_id=202305030404
20:56:19 INFO: 取得完了: race_id=202305030404, 出走頭数=17
20:56:19 INFO: レース結果取得開始: race_id=202305030405
20:56:20 INFO: 取得完了: race_id=202305030405, 出走頭数=9
20:56:20 INFO: レース結果取得開始: race_id=202305030406
20:56:22 INFO: 取得完了: race_id=202305030406, 出走頭数=18
20:56:22 INFO: レース結果取得開始: race_id=202305030407
20:56:23 INFO: 取得完了: race_id=202305030407, 出走頭数=16
20:56:23 INFO: レース結果取得開始: race_id=202305030408
20:56:25 INFO: 取得完了: race_id=202305030408, 出走頭数=9
20:56:25 INFO: レース結果取得開始: race_id=202305030409
20:56:27 INFO: 取得完了: race_id=202305030409, 出走頭数=16
20:56:27 INFO: レース結果取得開始: race_id=202305030410
20:56:29 INFO: 取得完了: race_id=202305030410, 出走頭数=16
20:56:29 INFO: レース結果取得開始: race_id=202305030411
20:56:30 INFO: 取得完了: race_id=202305030411, 出走頭数=17
20:56:30 INFO: レース結果取得開始: race_id=202305030412
20:56:31 INFO: 取得完了: race_id=202305030412, 出走頭数=13
20:56:31 INFO: レース結果取得開始: race_id=202309030401
20:56:34 INFO: 取得完了: race_id=202309030401, 出走頭数=6
20:56:34 INFO: レース結果取得開始: race_id=202309030402
20:56:36 INFO: 取得完了: race_id=202309030402, 出走頭数=18
20:56:36 INFO: レース結果取得開始: race_id=202309030403
20:56:38 INFO: 取得完了: race_id=202309030403, 出走頭数=16
20:56:38 INFO: レース結果取得開始: race_id=202309030404
20:56:40 INFO: 取得完了: race_id=202309030404, 出走頭数=16
20:56:40 INFO: レース結果取得開始: race_id=202309030405
20:56:41 INFO: 取得完了: race_id=202309030405, 出走頭数=8
20:56:41 INFO: レース結果取得開始: race_id=202309030406
20:56:43 INFO: 取得完了: race_id=202309030406, 出走頭数=18
20:56:43 INFO: レース結果取得開始: race_id=202309030407
20:56:44 INFO: 取得完了: race_id=202309030407, 出走頭数=12
20:56:44 INFO: レース結果取得開始: race_id=202309030408
20:56:46 INFO: 取得完了: race_id=202309030408, 出走頭数=16
20:56:46 INFO: レース結果取得開始: race_id=202309030409
20:56:47 INFO: 取得完了: race_id=202309030409, 出走頭数=13
20:56:47 INFO: レース結果取得開始: race_id=202309030410
20:56:48 INFO: 取得完了: race_id=202309030410, 出走頭数=16
20:56:48 INFO: レース結果取得開始: race_id=202309030411
20:56:50 INFO: 取得完了: race_id=202309030411, 出走頭数=15
20:56:50 INFO: レース結果取得開始: race_id=202309030412
20:56:52 INFO: 取得完了: race_id=202309030412, 出走頭数=15
20:56:52 INFO: レース結果取得開始: race_id=202302010301
20:56:53 INFO: 取得完了: race_id=202302010301, 出走頭数=16
20:56:53 INFO: レース結果取得開始: race_id=202302010302
20:56:54 INFO: 取得完了: race_id=202302010302, 出走頭数=14
20:56:54 INFO: レース結果取得開始: race_id=202302010303
20:56:57 INFO: 取得完了: race_id=202302010303, 出走頭数=11
20:56:57 INFO: レース結果取得開始: race_id=202302010304
20:56:59 INFO: 取得完了: race_id=202302010304, 出走頭数=12
20:56:59 INFO: レース結果取得開始: race_id=202302010305
20:57:01 INFO: 取得完了: race_id=202302010305, 出走頭数=14
20:57:01 INFO: レース結果取得開始: race_id=202302010306
20:57:03 INFO: 取得完了: race_id=202302010306, 出走頭数=12
20:57:03 INFO: レース結果取得開始: race_id=202302010307
20:57:04 INFO: 取得完了: race_id=202302010307, 出走頭数=14
20:57:04 INFO: レース結果取得開始: race_id=202302010308
20:57:06 INFO: 取得完了: race_id=202302010308, 出走頭数=12
20:57:06 INFO: レース結果取得開始: race_id=202302010309
20:57:08 INFO: 取得完了: race_id=202302010309, 出走頭数=11
20:57:08 INFO: レース結果取得開始: race_id=202302010310
20:57:10 INFO: 取得完了: race_id=202302010310, 出走頭数=9
20:57:10 INFO: レース結果取得開始: race_id=202302010311
20:57:12 INFO: 取得完了: race_id=202302010311, 出走頭数=15
20:57:12 INFO: レース結果取得開始: race_id=202302010312
20:57:14 INFO: 取得完了: race_id=202302010312, 出走頭数=14
20:57:14 INFO: レース結果取得開始: race_id=202305030501
20:57:15 INFO: 取得完了: race_id=202305030501, 出走頭数=16
20:57:15 INFO: レース結果取得開始: race_id=202305030502
20:57:17 INFO: 取得完了: race_id=202305030502, 出走頭数=16
20:57:17 INFO: レース結果取得開始: race_id=202305030503
20:57:19 INFO: 取得完了: race_id=202305030503, 出走頭数=16
20:57:19 INFO: レース結果取得開始: race_id=202305030504
20:57:21 INFO: 取得完了: race_id=202305030504, 出走頭数=16
20:57:21 INFO: レース結果取得開始: race_id=202305030505
20:57:23 INFO: 取得完了: race_id=202305030505, 出走頭数=16
20:57:23 INFO: レース結果取得開始: race_id=202305030506
20:57:24 INFO: 取得完了: race_id=202305030506, 出走頭数=16
20:57:24 INFO: レース結果取得開始: race_id=202305030507
20:57:26 INFO: 取得完了: race_id=202305030507, 出走頭数=16
20:57:26 INFO: レース結果取得開始: race_id=202305030508
20:57:28 INFO: 取得完了: race_id=202305030508, 出走頭数=9
20:57:28 INFO: レース結果取得開始: race_id=202305030509
20:57:30 INFO: 取得完了: race_id=202305030509, 出走頭数=16
20:57:30 INFO: レース結果取得開始: race_id=202305030510
20:57:32 INFO: 取得完了: race_id=202305030510, 出走頭数=13
20:57:32 INFO: レース結果取得開始: race_id=202305030511
20:57:34 INFO: 取得完了: race_id=202305030511, 出走頭数=16
20:57:34 INFO: レース結果取得開始: race_id=202305030512
20:57:36 INFO: 取得完了: race_id=202305030512, 出走頭数=16
20:57:36 INFO: レース結果取得開始: race_id=202309030501
20:57:38 INFO: 取得完了: race_id=202309030501, 出走頭数=8
20:57:38 INFO: レース結果取得開始: race_id=202309030502
20:57:40 INFO: 取得完了: race_id=202309030502, 出走頭数=16
20:57:40 INFO: レース結果取得開始: race_id=202309030503
20:57:41 INFO: 取得完了: race_id=202309030503, 出走頭数=14
20:57:41 INFO: レース結果取得開始: race_id=202309030504
20:57:42 INFO: 取得完了: race_id=202309030504, 出走頭数=5
20:57:42 INFO: レース結果取得開始: race_id=202309030505
20:57:44 INFO: 取得完了: race_id=202309030505, 出走頭数=13
20:57:44 INFO: レース結果取得開始: race_id=202309030506
20:57:45 INFO: 取得完了: race_id=202309030506, 出走頭数=16
20:57:45 INFO: レース結果取得開始: race_id=202309030507
20:57:47 INFO: 取得完了: race_id=202309030507, 出走頭数=16
20:57:47 INFO: レース結果取得開始: race_id=202309030508
20:57:49 INFO: 取得完了: race_id=202309030508, 出走頭数=13
20:57:49 INFO: レース結果取得開始: race_id=202309030509
20:57:51 INFO: 取得完了: race_id=202309030509, 出走頭数=8
20:57:51 INFO: レース結果取得開始: race_id=202309030510
20:57:53 INFO: 取得完了: race_id=202309030510, 出走頭数=10
20:57:53 INFO: レース結果取得開始: race_id=202309030511
20:57:55 INFO: 取得完了: race_id=202309030511, 出走頭数=13
20:57:55 INFO: レース結果取得開始: race_id=202309030512
20:57:56 INFO: 取得完了: race_id=202309030512, 出走頭数=16
20:57:56 INFO: レース結果取得開始: race_id=202302010401
20:57:58 INFO: 取得完了: race_id=202302010401, 出走頭数=14
20:57:58 INFO: レース結果取得開始: race_id=202302010402
20:58:00 INFO: 取得完了: race_id=202302010402, 出走頭数=16
20:58:00 INFO: レース結果取得開始: race_id=202302010403
20:58:02 INFO: 取得完了: race_id=202302010403, 出走頭数=12
20:58:02 INFO: レース結果取得開始: race_id=202302010404
20:58:03 INFO: 取得完了: race_id=202302010404, 出走頭数=13
20:58:03 INFO: レース結果取得開始: race_id=202302010405
20:58:05 INFO: 取得完了: race_id=202302010405, 出走頭数=11
20:58:05 INFO: レース結果取得開始: race_id=202302010406
20:58:07 INFO: 取得完了: race_id=202302010406, 出走頭数=13
20:58:07 INFO: レース結果取得開始: race_id=202302010407
20:58:09 INFO: 取得完了: race_id=202302010407, 出走頭数=12
20:58:09 INFO: レース結果取得開始: race_id=202302010408
20:58:11 INFO: 取得完了: race_id=202302010408, 出走頭数=16
20:58:11 INFO: レース結果取得開始: race_id=202302010409
20:58:12 INFO: 取得完了: race_id=202302010409, 出走頭数=11
20:58:12 INFO: レース結果取得開始: race_id=202302010410
20:58:14 INFO: 取得完了: race_id=202302010410, 出走頭数=13
20:58:14 INFO: レース結果取得開始: race_id=202302010411
20:58:15 INFO: 取得完了: race_id=202302010411, 出走頭数=16
20:58:15 INFO: レース結果取得開始: race_id=202302010412
20:58:17 INFO: 取得完了: race_id=202302010412, 出走頭数=15
20:58:17 INFO: レース結果取得開始: race_id=202305030601
20:58:19 INFO: 取得完了: race_id=202305030601, 出走頭数=6
20:58:19 INFO: レース結果取得開始: race_id=202305030602
20:58:20 INFO: 取得完了: race_id=202305030602, 出走頭数=16
20:58:20 INFO: レース結果取得開始: race_id=202305030603
20:58:22 INFO: 取得完了: race_id=202305030603, 出走頭数=11
20:58:22 INFO: レース結果取得開始: race_id=202305030604
20:58:24 INFO: 取得完了: race_id=202305030604, 出走頭数=16
20:58:24 INFO: レース結果取得開始: race_id=202305030605
20:58:26 INFO: 取得完了: race_id=202305030605, 出走頭数=13
20:58:26 INFO: レース結果取得開始: race_id=202305030606
20:58:28 INFO: 取得完了: race_id=202305030606, 出走頭数=16
20:58:28 INFO: レース結果取得開始: race_id=202305030607
20:58:29 INFO: 取得完了: race_id=202305030607, 出走頭数=15
20:58:29 INFO: レース結果取得開始: race_id=202305030608
20:58:31 INFO: 取得完了: race_id=202305030608, 出走頭数=16
20:58:31 INFO: レース結果取得開始: race_id=202305030609
20:58:33 INFO: 取得完了: race_id=202305030609, 出走頭数=8
20:58:33 INFO: レース結果取得開始: race_id=202305030610
20:58:35 INFO: 取得完了: race_id=202305030610, 出走頭数=16
20:58:35 INFO: レース結果取得開始: race_id=202305030611
20:58:37 INFO: 取得完了: race_id=202305030611, 出走頭数=15
20:58:37 INFO: レース結果取得開始: race_id=202305030612
20:58:39 INFO: 取得完了: race_id=202305030612, 出走頭数=16
[ 5100/6912] 202305030612: 16頭  errors=0  残り≈54分
20:58:39 INFO: レース結果取得開始: race_id=202309030601
20:58:41 INFO: 取得完了: race_id=202309030601, 出走頭数=16
20:58:41 INFO: レース結果取得開始: race_id=202309030602
20:58:43 INFO: 取得完了: race_id=202309030602, 出走頭数=18
20:58:43 INFO: レース結果取得開始: race_id=202309030603
20:58:45 INFO: 取得完了: race_id=202309030603, 出走頭数=16
20:58:45 INFO: レース結果取得開始: race_id=202309030604
20:58:46 INFO: 取得完了: race_id=202309030604, 出走頭数=16
20:58:46 INFO: レース結果取得開始: race_id=202309030605
20:58:48 INFO: 取得完了: race_id=202309030605, 出走頭数=11
20:58:48 INFO: レース結果取得開始: race_id=202309030606
20:58:49 INFO: 取得完了: race_id=202309030606, 出走頭数=16
20:58:49 INFO: レース結果取得開始: race_id=202309030607
20:58:51 INFO: 取得完了: race_id=202309030607, 出走頭数=13
20:58:51 INFO: レース結果取得開始: race_id=202309030608
20:58:53 INFO: 取得完了: race_id=202309030608, 出走頭数=10
20:58:53 INFO: レース結果取得開始: race_id=202309030609
20:58:54 INFO: 取得完了: race_id=202309030609, 出走頭数=11
20:58:54 INFO: レース結果取得開始: race_id=202309030610
20:58:56 INFO: 取得完了: race_id=202309030610, 出走頭数=16
20:58:56 INFO: レース結果取得開始: race_id=202309030611
20:58:58 INFO: 取得完了: race_id=202309030611, 出走頭数=13
20:58:58 INFO: レース結果取得開始: race_id=202309030612
20:59:00 INFO: 取得完了: race_id=202309030612, 出走頭数=16
20:59:00 INFO: レース結果取得開始: race_id=202302010501
20:59:01 INFO: 取得完了: race_id=202302010501, 出走頭数=10
20:59:01 INFO: レース結果取得開始: race_id=202302010502
20:59:03 INFO: 取得完了: race_id=202302010502, 出走頭数=10
20:59:03 INFO: レース結果取得開始: race_id=202302010503
20:59:05 INFO: 取得完了: race_id=202302010503, 出走頭数=16
20:59:05 INFO: レース結果取得開始: race_id=202302010504
20:59:06 INFO: 取得完了: race_id=202302010504, 出走頭数=11
20:59:06 INFO: レース結果取得開始: race_id=202302010505
20:59:08 INFO: 取得完了: race_id=202302010505, 出走頭数=5
20:59:08 INFO: レース結果取得開始: race_id=202302010506
20:59:09 INFO: 取得完了: race_id=202302010506, 出走頭数=11
20:59:09 INFO: レース結果取得開始: race_id=202302010507
20:59:11 INFO: 取得完了: race_id=202302010507, 出走頭数=11
20:59:11 INFO: レース結果取得開始: race_id=202302010508
20:59:13 INFO: 取得完了: race_id=202302010508, 出走頭数=13
20:59:13 INFO: レース結果取得開始: race_id=202302010509
20:59:14 INFO: 取得完了: race_id=202302010509, 出走頭数=8
20:59:14 INFO: レース結果取得開始: race_id=202302010510
20:59:16 INFO: 取得完了: race_id=202302010510, 出走頭数=13
20:59:16 INFO: レース結果取得開始: race_id=202302010511
20:59:18 INFO: 取得完了: race_id=202302010511, 出走頭数=16
20:59:18 INFO: レース結果取得開始: race_id=202302010512
20:59:20 INFO: 取得完了: race_id=202302010512, 出走頭数=12
20:59:20 INFO: レース結果取得開始: race_id=202305030701
20:59:22 INFO: 取得完了: race_id=202305030701, 出走頭数=16
20:59:22 INFO: レース結果取得開始: race_id=202305030702
20:59:24 INFO: 取得完了: race_id=202305030702, 出走頭数=15
20:59:24 INFO: レース結果取得開始: race_id=202305030703
20:59:26 INFO: 取得完了: race_id=202305030703, 出走頭数=16
20:59:26 INFO: レース結果取得開始: race_id=202305030704
20:59:27 INFO: 取得完了: race_id=202305030704, 出走頭数=16
20:59:27 INFO: レース結果取得開始: race_id=202305030705
20:59:29 INFO: 取得完了: race_id=202305030705, 出走頭数=11
20:59:29 INFO: レース結果取得開始: race_id=202305030706
20:59:31 INFO: 取得完了: race_id=202305030706, 出走頭数=16
20:59:31 INFO: レース結果取得開始: race_id=202305030707
20:59:33 INFO: 取得完了: race_id=202305030707, 出走頭数=14
20:59:33 INFO: レース結果取得開始: race_id=202305030708
20:59:35 INFO: 取得完了: race_id=202305030708, 出走頭数=12
20:59:35 INFO: レース結果取得開始: race_id=202305030709
20:59:37 INFO: 取得完了: race_id=202305030709, 出走頭数=16
20:59:37 INFO: レース結果取得開始: race_id=202305030710
20:59:38 INFO: 取得完了: race_id=202305030710, 出走頭数=16
20:59:38 INFO: レース結果取得開始: race_id=202305030711
20:59:40 INFO: 取得完了: race_id=202305030711, 出走頭数=14
20:59:40 INFO: レース結果取得開始: race_id=202305030712
20:59:41 INFO: 取得完了: race_id=202305030712, 出走頭数=16
20:59:41 INFO: レース結果取得開始: race_id=202309030701
20:59:43 INFO: 取得完了: race_id=202309030701, 出走頭数=9
20:59:43 INFO: レース結果取得開始: race_id=202309030702
20:59:44 INFO: 取得完了: race_id=202309030702, 出走頭数=16
20:59:44 INFO: レース結果取得開始: race_id=202309030703
20:59:46 INFO: 取得完了: race_id=202309030703, 出走頭数=18
20:59:46 INFO: レース結果取得開始: race_id=202309030704
20:59:47 INFO: 取得完了: race_id=202309030704, 出走頭数=16
20:59:47 INFO: レース結果取得開始: race_id=202309030705
20:59:49 INFO: 取得完了: race_id=202309030705, 出走頭数=9
20:59:49 INFO: レース結果取得開始: race_id=202309030706
20:59:51 INFO: 取得完了: race_id=202309030706, 出走頭数=18
20:59:51 INFO: レース結果取得開始: race_id=202309030707
20:59:52 INFO: 取得完了: race_id=202309030707, 出走頭数=16
20:59:52 INFO: レース結果取得開始: race_id=202309030708
20:59:54 INFO: 取得完了: race_id=202309030708, 出走頭数=15
20:59:54 INFO: レース結果取得開始: race_id=202309030709
20:59:56 INFO: 取得完了: race_id=202309030709, 出走頭数=16
20:59:56 INFO: レース結果取得開始: race_id=202309030710
20:59:57 INFO: 取得完了: race_id=202309030710, 出走頭数=16
20:59:57 INFO: レース結果取得開始: race_id=202309030711
20:59:59 INFO: 取得完了: race_id=202309030711, 出走頭数=16
20:59:59 INFO: レース結果取得開始: race_id=202309030712
21:00:01 INFO: 取得完了: race_id=202309030712, 出走頭数=15
21:00:01 INFO: レース結果取得開始: race_id=202302010601
21:00:02 INFO: 取得完了: race_id=202302010601, 出走頭数=16
21:00:02 INFO: レース結果取得開始: race_id=202302010602
21:00:03 INFO: 取得完了: race_id=202302010602, 出走頭数=9
21:00:03 INFO: レース結果取得開始: race_id=202302010603
21:00:05 INFO: 取得完了: race_id=202302010603, 出走頭数=12
21:00:05 INFO: レース結果取得開始: race_id=202302010604
21:00:07 INFO: 取得完了: race_id=202302010604, 出走頭数=14
21:00:07 INFO: レース結果取得開始: race_id=202302010605
21:00:09 INFO: 取得完了: race_id=202302010605, 出走頭数=6
21:00:09 INFO: レース結果取得開始: race_id=202302010606
21:00:11 INFO: 取得完了: race_id=202302010606, 出走頭数=10
21:00:11 INFO: レース結果取得開始: race_id=202302010607
21:00:13 INFO: 取得完了: race_id=202302010607, 出走頭数=9
21:00:13 INFO: レース結果取得開始: race_id=202302010608
21:00:14 INFO: 取得完了: race_id=202302010608, 出走頭数=14
21:00:14 INFO: レース結果取得開始: race_id=202302010609
21:00:16 INFO: 取得完了: race_id=202302010609, 出走頭数=13
21:00:16 INFO: レース結果取得開始: race_id=202302010610
21:00:18 INFO: 取得完了: race_id=202302010610, 出走頭数=13
21:00:18 INFO: レース結果取得開始: race_id=202302010611
21:00:20 INFO: 取得完了: race_id=202302010611, 出走頭数=13
21:00:20 INFO: レース結果取得開始: race_id=202302010612
21:00:22 INFO: 取得完了: race_id=202302010612, 出走頭数=13
21:00:22 INFO: レース結果取得開始: race_id=202305030801
21:00:24 INFO: 取得完了: race_id=202305030801, 出走頭数=6
21:00:24 INFO: レース結果取得開始: race_id=202305030802
21:00:25 INFO: 取得完了: race_id=202305030802, 出走頭数=16
21:00:25 INFO: レース結果取得開始: race_id=202305030803
21:00:27 INFO: 取得完了: race_id=202305030803, 出走頭数=16
21:00:27 INFO: レース結果取得開始: race_id=202305030804
21:00:28 INFO: 取得完了: race_id=202305030804, 出走頭数=11
21:00:28 INFO: レース結果取得開始: race_id=202305030805
21:00:30 INFO: 取得完了: race_id=202305030805, 出走頭数=16
21:00:30 INFO: レース結果取得開始: race_id=202305030806
21:00:32 INFO: 取得完了: race_id=202305030806, 出走頭数=16
21:00:32 INFO: レース結果取得開始: race_id=202305030807
21:00:34 INFO: 取得完了: race_id=202305030807, 出走頭数=11
21:00:34 INFO: レース結果取得開始: race_id=202305030808
21:00:36 INFO: 取得完了: race_id=202305030808, 出走頭数=16
21:00:36 INFO: レース結果取得開始: race_id=202305030809
21:00:37 INFO: 取得完了: race_id=202305030809, 出走頭数=12
21:00:37 INFO: レース結果取得開始: race_id=202305030810
21:00:39 INFO: 取得完了: race_id=202305030810, 出走頭数=16
21:00:39 INFO: レース結果取得開始: race_id=202305030811
21:00:41 INFO: 取得完了: race_id=202305030811, 出走頭数=15
21:00:41 INFO: レース結果取得開始: race_id=202305030812
21:00:43 INFO: 取得完了: race_id=202305030812, 出走頭数=16
21:00:43 INFO: レース結果取得開始: race_id=202309030801
21:00:45 INFO: 取得完了: race_id=202309030801, 出走頭数=15
21:00:45 INFO: レース結果取得開始: race_id=202309030802
21:00:48 INFO: 取得完了: race_id=202309030802, 出走頭数=18
21:00:48 INFO: レース結果取得開始: race_id=202309030803
21:00:49 INFO: 取得完了: race_id=202309030803, 出走頭数=15
21:00:49 INFO: レース結果取得開始: race_id=202309030804
21:00:51 INFO: 取得完了: race_id=202309030804, 出走頭数=16
21:00:51 INFO: レース結果取得開始: race_id=202309030805
21:00:52 INFO: 取得完了: race_id=202309030805, 出走頭数=7
21:00:52 INFO: レース結果取得開始: race_id=202309030806
21:00:54 INFO: 取得完了: race_id=202309030806, 出走頭数=11
21:00:54 INFO: レース結果取得開始: race_id=202309030807
21:00:57 INFO: 取得完了: race_id=202309030807, 出走頭数=10
21:00:57 INFO: レース結果取得開始: race_id=202309030808
21:00:59 INFO: 取得完了: race_id=202309030808, 出走頭数=10
21:00:59 INFO: レース結果取得開始: race_id=202309030809
21:01:00 INFO: 取得完了: race_id=202309030809, 出走頭数=12
21:01:00 INFO: レース結果取得開始: race_id=202309030810
21:01:02 INFO: 取得完了: race_id=202309030810, 出走頭数=16
21:01:02 INFO: レース結果取得開始: race_id=202309030811
21:01:04 INFO: 取得完了: race_id=202309030811, 出走頭数=17
21:01:04 INFO: レース結果取得開始: race_id=202309030812
21:01:06 INFO: 取得完了: race_id=202309030812, 出走頭数=16
21:01:06 INFO: レース結果取得開始: race_id=202302020101
21:01:07 INFO: 取得完了: race_id=202302020101, 出走頭数=9
21:01:07 INFO: レース結果取得開始: race_id=202302020102
21:01:09 INFO: 取得完了: race_id=202302020102, 出走頭数=12
21:01:09 INFO: レース結果取得開始: race_id=202302020103
21:01:10 INFO: 取得完了: race_id=202302020103, 出走頭数=12
21:01:10 INFO: レース結果取得開始: race_id=202302020104
21:01:12 INFO: 取得完了: race_id=202302020104, 出走頭数=9
21:01:12 INFO: レース結果取得開始: race_id=202302020105
21:01:14 INFO: 取得完了: race_id=202302020105, 出走頭数=6
21:01:14 INFO: レース結果取得開始: race_id=202302020106
21:01:16 INFO: 取得完了: race_id=202302020106, 出走頭数=6
21:01:16 INFO: レース結果取得開始: race_id=202302020107
21:01:18 INFO: 取得完了: race_id=202302020107, 出走頭数=14
21:01:18 INFO: レース結果取得開始: race_id=202302020108
21:01:19 INFO: 取得完了: race_id=202302020108, 出走頭数=7
21:01:19 INFO: レース結果取得開始: race_id=202302020109
21:01:21 INFO: 取得完了: race_id=202302020109, 出走頭数=12
21:01:21 INFO: レース結果取得開始: race_id=202302020110
21:01:23 INFO: 取得完了: race_id=202302020110, 出走頭数=9
21:01:23 INFO: レース結果取得開始: race_id=202302020111
21:01:24 INFO: 取得完了: race_id=202302020111, 出走頭数=16
21:01:24 INFO: レース結果取得開始: race_id=202302020112
21:01:27 INFO: 取得完了: race_id=202302020112, 出走頭数=11
21:01:27 INFO: レース結果取得開始: race_id=202303020101
21:01:28 INFO: 取得完了: race_id=202303020101, 出走頭数=13
21:01:28 INFO: レース結果取得開始: race_id=202303020102
21:01:30 INFO: 取得完了: race_id=202303020102, 出走頭数=15
21:01:30 INFO: レース結果取得開始: race_id=202303020103
21:01:32 INFO: 取得完了: race_id=202303020103, 出走頭数=15
21:01:32 INFO: レース結果取得開始: race_id=202303020104
21:01:34 INFO: 取得完了: race_id=202303020104, 出走頭数=12
[ 5200/6912] 202303020104: 12頭  errors=0  残り≈51分
21:01:34 INFO: レース結果取得開始: race_id=202303020105
21:01:37 INFO: 取得完了: race_id=202303020105, 出走頭数=13
21:01:37 INFO: レース結果取得開始: race_id=202303020106
21:01:39 INFO: 取得完了: race_id=202303020106, 出走頭数=13
21:01:39 INFO: レース結果取得開始: race_id=202303020107
21:01:40 INFO: 取得完了: race_id=202303020107, 出走頭数=16
21:01:40 INFO: レース結果取得開始: race_id=202303020108
21:01:42 INFO: 取得完了: race_id=202303020108, 出走頭数=15
21:01:42 INFO: レース結果取得開始: race_id=202303020109
21:01:44 INFO: 取得完了: race_id=202303020109, 出走頭数=10
21:01:44 INFO: レース結果取得開始: race_id=202303020110
21:01:46 INFO: 取得完了: race_id=202303020110, 出走頭数=16
21:01:46 INFO: レース結果取得開始: race_id=202303020111
21:01:48 INFO: 取得完了: race_id=202303020111, 出走頭数=13
21:01:48 INFO: レース結果取得開始: race_id=202303020112
21:01:50 INFO: 取得完了: race_id=202303020112, 出走頭数=16
21:01:50 INFO: レース結果取得開始: race_id=202307030101
21:01:51 INFO: 取得完了: race_id=202307030101, 出走頭数=7
21:01:51 INFO: レース結果取得開始: race_id=202307030102
21:01:53 INFO: 取得完了: race_id=202307030102, 出走頭数=16
21:01:53 INFO: レース結果取得開始: race_id=202307030103
21:01:54 INFO: 取得完了: race_id=202307030103, 出走頭数=16
21:01:54 INFO: レース結果取得開始: race_id=202307030104
21:01:56 INFO: 取得完了: race_id=202307030104, 出走頭数=17
21:01:56 INFO: レース結果取得開始: race_id=202307030105
21:01:58 INFO: 取得完了: race_id=202307030105, 出走頭数=7
21:01:58 INFO: レース結果取得開始: race_id=202307030106
21:02:00 INFO: 取得完了: race_id=202307030106, 出走頭数=10
21:02:00 INFO: レース結果取得開始: race_id=202307030107
21:02:02 INFO: 取得完了: race_id=202307030107, 出走頭数=16
21:02:02 INFO: レース結果取得開始: race_id=202307030108
21:02:04 INFO: 取得完了: race_id=202307030108, 出走頭数=7
21:02:04 INFO: レース結果取得開始: race_id=202307030109
21:02:06 INFO: 取得完了: race_id=202307030109, 出走頭数=8
21:02:06 INFO: レース結果取得開始: race_id=202307030110
21:02:07 INFO: 取得完了: race_id=202307030110, 出走頭数=11
21:02:07 INFO: レース結果取得開始: race_id=202307030111
21:02:09 INFO: 取得完了: race_id=202307030111, 出走頭数=13
21:02:09 INFO: レース結果取得開始: race_id=202307030112
21:02:10 INFO: 取得完了: race_id=202307030112, 出走頭数=16
21:02:10 INFO: レース結果取得開始: race_id=202302020201
21:02:12 INFO: 取得完了: race_id=202302020201, 出走頭数=9
21:02:12 INFO: レース結果取得開始: race_id=202302020202
21:02:13 INFO: 取得完了: race_id=202302020202, 出走頭数=12
21:02:13 INFO: レース結果取得開始: race_id=202302020203
21:02:15 INFO: 取得完了: race_id=202302020203, 出走頭数=16
21:02:15 INFO: レース結果取得開始: race_id=202302020204
21:02:17 INFO: 取得完了: race_id=202302020204, 出走頭数=11
21:02:17 INFO: レース結果取得開始: race_id=202302020205
21:02:19 INFO: 取得完了: race_id=202302020205, 出走頭数=5
21:02:19 INFO: レース結果取得開始: race_id=202302020206
21:02:20 INFO: 取得完了: race_id=202302020206, 出走頭数=14
21:02:20 INFO: レース結果取得開始: race_id=202302020207
21:02:22 INFO: 取得完了: race_id=202302020207, 出走頭数=11
21:02:22 INFO: レース結果取得開始: race_id=202302020208
21:02:24 INFO: 取得完了: race_id=202302020208, 出走頭数=13
21:02:24 INFO: レース結果取得開始: race_id=202302020209
21:02:25 INFO: 取得完了: race_id=202302020209, 出走頭数=14
21:02:25 INFO: レース結果取得開始: race_id=202302020210
21:02:27 INFO: 取得完了: race_id=202302020210, 出走頭数=9
21:02:27 INFO: レース結果取得開始: race_id=202302020211
21:02:29 INFO: 取得完了: race_id=202302020211, 出走頭数=16
21:02:29 INFO: レース結果取得開始: race_id=202302020212
21:02:31 INFO: 取得完了: race_id=202302020212, 出走頭数=11
21:02:31 INFO: レース結果取得開始: race_id=202303020201
21:02:32 INFO: 取得完了: race_id=202303020201, 出走頭数=7
21:02:32 INFO: レース結果取得開始: race_id=202303020202
21:02:34 INFO: 取得完了: race_id=202303020202, 出走頭数=16
21:02:34 INFO: レース結果取得開始: race_id=202303020203
21:02:36 INFO: 取得完了: race_id=202303020203, 出走頭数=16
21:02:36 INFO: レース結果取得開始: race_id=202303020204
21:02:37 INFO: 取得完了: race_id=202303020204, 出走頭数=16
21:02:37 INFO: レース結果取得開始: race_id=202303020205
21:02:39 INFO: 取得完了: race_id=202303020205, 出走頭数=16
21:02:39 INFO: レース結果取得開始: race_id=202303020206
21:02:41 INFO: 取得完了: race_id=202303020206, 出走頭数=10
21:02:41 INFO: レース結果取得開始: race_id=202303020207
21:02:42 INFO: 取得完了: race_id=202303020207, 出走頭数=16
21:02:42 INFO: レース結果取得開始: race_id=202303020208
21:02:44 INFO: 取得完了: race_id=202303020208, 出走頭数=10
21:02:44 INFO: レース結果取得開始: race_id=202303020209
21:02:46 INFO: 取得完了: race_id=202303020209, 出走頭数=16
21:02:46 INFO: レース結果取得開始: race_id=202303020210
21:02:48 INFO: 取得完了: race_id=202303020210, 出走頭数=12
21:02:48 INFO: レース結果取得開始: race_id=202303020211
21:02:50 INFO: 取得完了: race_id=202303020211, 出走頭数=16
21:02:50 INFO: レース結果取得開始: race_id=202303020212
21:02:51 INFO: 取得完了: race_id=202303020212, 出走頭数=16
21:02:51 INFO: レース結果取得開始: race_id=202307030201
21:02:53 INFO: 取得完了: race_id=202307030201, 出走頭数=10
21:02:53 INFO: レース結果取得開始: race_id=202307030202
21:02:55 INFO: 取得完了: race_id=202307030202, 出走頭数=16
21:02:55 INFO: レース結果取得開始: race_id=202307030203
21:02:57 INFO: 取得完了: race_id=202307030203, 出走頭数=16
21:02:57 INFO: レース結果取得開始: race_id=202307030204
21:02:59 INFO: 取得完了: race_id=202307030204, 出走頭数=18
21:02:59 INFO: レース結果取得開始: race_id=202307030205
21:03:01 INFO: 取得完了: race_id=202307030205, 出走頭数=8
21:03:01 INFO: レース結果取得開始: race_id=202307030206
21:03:02 INFO: 取得完了: race_id=202307030206, 出走頭数=15
21:03:02 INFO: レース結果取得開始: race_id=202307030207
21:03:04 INFO: 取得完了: race_id=202307030207, 出走頭数=8
21:03:04 INFO: レース結果取得開始: race_id=202307030208
21:03:06 INFO: 取得完了: race_id=202307030208, 出走頭数=18
21:03:06 INFO: レース結果取得開始: race_id=202307030209
21:03:08 INFO: 取得完了: race_id=202307030209, 出走頭数=9
21:03:08 INFO: レース結果取得開始: race_id=202307030210
21:03:09 INFO: 取得完了: race_id=202307030210, 出走頭数=16
21:03:09 INFO: レース結果取得開始: race_id=202307030211
21:03:11 INFO: 取得完了: race_id=202307030211, 出走頭数=12
21:03:11 INFO: レース結果取得開始: race_id=202307030212
21:03:13 INFO: 取得完了: race_id=202307030212, 出走頭数=16
21:03:13 INFO: レース結果取得開始: race_id=202302020301
21:03:15 INFO: 取得完了: race_id=202302020301, 出走頭数=7
21:03:15 INFO: レース結果取得開始: race_id=202302020302
21:03:17 INFO: 取得完了: race_id=202302020302, 出走頭数=12
21:03:17 INFO: レース結果取得開始: race_id=202302020303
21:03:19 INFO: 取得完了: race_id=202302020303, 出走頭数=14
21:03:19 INFO: レース結果取得開始: race_id=202302020304
21:03:21 INFO: 取得完了: race_id=202302020304, 出走頭数=11
21:03:21 INFO: レース結果取得開始: race_id=202302020305
21:03:23 INFO: 取得完了: race_id=202302020305, 出走頭数=13
21:03:23 INFO: レース結果取得開始: race_id=202302020306
21:03:25 INFO: 取得完了: race_id=202302020306, 出走頭数=13
21:03:25 INFO: レース結果取得開始: race_id=202302020307
21:03:27 INFO: 取得完了: race_id=202302020307, 出走頭数=12
21:03:27 INFO: レース結果取得開始: race_id=202302020308
21:03:29 INFO: 取得完了: race_id=202302020308, 出走頭数=11
21:03:29 INFO: レース結果取得開始: race_id=202302020309
21:03:31 INFO: 取得完了: race_id=202302020309, 出走頭数=10
21:03:31 INFO: レース結果取得開始: race_id=202302020310
21:03:33 INFO: 取得完了: race_id=202302020310, 出走頭数=9
21:03:33 INFO: レース結果取得開始: race_id=202302020311
21:03:35 INFO: 取得完了: race_id=202302020311, 出走頭数=14
21:03:35 INFO: レース結果取得開始: race_id=202302020312
21:03:36 INFO: 取得完了: race_id=202302020312, 出走頭数=11
21:03:36 INFO: レース結果取得開始: race_id=202303020301
21:03:38 INFO: 取得完了: race_id=202303020301, 出走頭数=9
21:03:38 INFO: レース結果取得開始: race_id=202303020302
21:03:40 INFO: 取得完了: race_id=202303020302, 出走頭数=7
21:03:40 INFO: レース結果取得開始: race_id=202303020303
21:03:42 INFO: 取得完了: race_id=202303020303, 出走頭数=16
21:03:42 INFO: レース結果取得開始: race_id=202303020304
21:03:43 INFO: 取得完了: race_id=202303020304, 出走頭数=15
21:03:43 INFO: レース結果取得開始: race_id=202303020305
21:03:45 INFO: 取得完了: race_id=202303020305, 出走頭数=12
21:03:45 INFO: レース結果取得開始: race_id=202303020306
21:03:47 INFO: 取得完了: race_id=202303020306, 出走頭数=12
21:03:47 INFO: レース結果取得開始: race_id=202303020307
21:03:49 INFO: 取得完了: race_id=202303020307, 出走頭数=16
21:03:49 INFO: レース結果取得開始: race_id=202303020308
21:03:51 INFO: 取得完了: race_id=202303020308, 出走頭数=15
21:03:51 INFO: レース結果取得開始: race_id=202303020309
21:03:53 INFO: 取得完了: race_id=202303020309, 出走頭数=13
21:03:53 INFO: レース結果取得開始: race_id=202303020310
21:03:55 INFO: 取得完了: race_id=202303020310, 出走頭数=13
21:03:55 INFO: レース結果取得開始: race_id=202303020311
21:03:57 INFO: 取得完了: race_id=202303020311, 出走頭数=11
21:03:57 INFO: レース結果取得開始: race_id=202303020312
21:03:59 INFO: 取得完了: race_id=202303020312, 出走頭数=13
21:03:59 INFO: レース結果取得開始: race_id=202307030301
21:04:01 INFO: 取得完了: race_id=202307030301, 出走頭数=10
21:04:01 INFO: レース結果取得開始: race_id=202307030302
21:04:03 INFO: 取得完了: race_id=202307030302, 出走頭数=16
21:04:03 INFO: レース結果取得開始: race_id=202307030303
21:04:05 INFO: 取得完了: race_id=202307030303, 出走頭数=16
21:04:05 INFO: レース結果取得開始: race_id=202307030304
21:04:06 INFO: 取得完了: race_id=202307030304, 出走頭数=8
21:04:06 INFO: レース結果取得開始: race_id=202307030305
21:04:08 INFO: 取得完了: race_id=202307030305, 出走頭数=9
21:04:08 INFO: レース結果取得開始: race_id=202307030306
21:04:10 INFO: 取得完了: race_id=202307030306, 出走頭数=16
21:04:10 INFO: レース結果取得開始: race_id=202307030307
21:04:12 INFO: 取得完了: race_id=202307030307, 出走頭数=18
21:04:12 INFO: レース結果取得開始: race_id=202307030308
21:04:14 INFO: 取得完了: race_id=202307030308, 出走頭数=15
21:04:14 INFO: レース結果取得開始: race_id=202307030309
21:04:16 INFO: 取得完了: race_id=202307030309, 出走頭数=10
21:04:16 INFO: レース結果取得開始: race_id=202307030310
21:04:18 INFO: 取得完了: race_id=202307030310, 出走頭数=16
21:04:18 INFO: レース結果取得開始: race_id=202307030311
21:04:20 INFO: 取得完了: race_id=202307030311, 出走頭数=16
21:04:20 INFO: レース結果取得開始: race_id=202307030312
21:04:22 INFO: 取得完了: race_id=202307030312, 出走頭数=16
21:04:22 INFO: レース結果取得開始: race_id=202302020401
21:04:24 INFO: 取得完了: race_id=202302020401, 出走頭数=12
21:04:24 INFO: レース結果取得開始: race_id=202302020402
21:04:25 INFO: 取得完了: race_id=202302020402, 出走頭数=12
21:04:25 INFO: レース結果取得開始: race_id=202302020403
21:04:26 INFO: 取得完了: race_id=202302020403, 出走頭数=12
21:04:26 INFO: レース結果取得開始: race_id=202302020404
21:04:28 INFO: 取得完了: race_id=202302020404, 出走頭数=16
21:04:28 INFO: レース結果取得開始: race_id=202302020405
21:04:30 INFO: 取得完了: race_id=202302020405, 出走頭数=9
21:04:30 INFO: レース結果取得開始: race_id=202302020406
21:04:32 INFO: 取得完了: race_id=202302020406, 出走頭数=12
21:04:32 INFO: レース結果取得開始: race_id=202302020407
21:04:34 INFO: 取得完了: race_id=202302020407, 出走頭数=9
21:04:34 INFO: レース結果取得開始: race_id=202302020408
21:04:35 INFO: 取得完了: race_id=202302020408, 出走頭数=11
[ 5300/6912] 202302020408: 11頭  errors=0  残り≈48分
21:04:35 INFO: レース結果取得開始: race_id=202302020409
21:04:37 INFO: 取得完了: race_id=202302020409, 出走頭数=12
21:04:37 INFO: レース結果取得開始: race_id=202302020410
21:04:38 INFO: 取得完了: race_id=202302020410, 出走頭数=10
21:04:38 INFO: レース結果取得開始: race_id=202302020411
21:04:40 INFO: 取得完了: race_id=202302020411, 出走頭数=14
21:04:40 INFO: レース結果取得開始: race_id=202302020412
21:04:41 INFO: 取得完了: race_id=202302020412, 出走頭数=11
21:04:41 INFO: レース結果取得開始: race_id=202303020401
21:04:43 INFO: 取得完了: race_id=202303020401, 出走頭数=11
21:04:43 INFO: レース結果取得開始: race_id=202303020402
21:04:45 INFO: 取得完了: race_id=202303020402, 出走頭数=15
21:04:45 INFO: レース結果取得開始: race_id=202303020403
21:04:47 INFO: 取得完了: race_id=202303020403, 出走頭数=16
21:04:47 INFO: レース結果取得開始: race_id=202303020404
21:04:49 INFO: 取得完了: race_id=202303020404, 出走頭数=15
21:04:49 INFO: レース結果取得開始: race_id=202303020405
21:04:51 INFO: 取得完了: race_id=202303020405, 出走頭数=11
21:04:51 INFO: レース結果取得開始: race_id=202303020406
21:04:53 INFO: 取得完了: race_id=202303020406, 出走頭数=10
21:04:53 INFO: レース結果取得開始: race_id=202303020407
21:04:55 INFO: 取得完了: race_id=202303020407, 出走頭数=15
21:04:55 INFO: レース結果取得開始: race_id=202303020408
21:04:56 INFO: 取得完了: race_id=202303020408, 出走頭数=16
21:04:56 INFO: レース結果取得開始: race_id=202303020409
21:04:57 INFO: 取得完了: race_id=202303020409, 出走頭数=16
21:04:57 INFO: レース結果取得開始: race_id=202303020410
21:04:59 INFO: 取得完了: race_id=202303020410, 出走頭数=15
21:04:59 INFO: レース結果取得開始: race_id=202303020411
21:05:01 INFO: 取得完了: race_id=202303020411, 出走頭数=16
21:05:01 INFO: レース結果取得開始: race_id=202303020412
21:05:03 INFO: 取得完了: race_id=202303020412, 出走頭数=14
21:05:03 INFO: レース結果取得開始: race_id=202307030401
21:05:05 INFO: 取得完了: race_id=202307030401, 出走頭数=5
21:05:05 INFO: レース結果取得開始: race_id=202307030402
21:05:06 INFO: 取得完了: race_id=202307030402, 出走頭数=16
21:05:06 INFO: レース結果取得開始: race_id=202307030403
21:05:08 INFO: 取得完了: race_id=202307030403, 出走頭数=16
21:05:08 INFO: レース結果取得開始: race_id=202307030404
21:05:10 INFO: 取得完了: race_id=202307030404, 出走頭数=16
21:05:10 INFO: レース結果取得開始: race_id=202307030405
21:05:11 INFO: 取得完了: race_id=202307030405, 出走頭数=8
21:05:11 INFO: レース結果取得開始: race_id=202307030406
21:05:13 INFO: 取得完了: race_id=202307030406, 出走頭数=10
21:05:13 INFO: レース結果取得開始: race_id=202307030407
21:05:15 INFO: 取得完了: race_id=202307030407, 出走頭数=14
21:05:15 INFO: レース結果取得開始: race_id=202307030408
21:05:17 INFO: 取得完了: race_id=202307030408, 出走頭数=16
21:05:17 INFO: レース結果取得開始: race_id=202307030409
21:05:19 INFO: 取得完了: race_id=202307030409, 出走頭数=18
21:05:19 INFO: レース結果取得開始: race_id=202307030410
21:05:21 INFO: 取得完了: race_id=202307030410, 出走頭数=13
21:05:21 INFO: レース結果取得開始: race_id=202307030411
21:05:23 INFO: 取得完了: race_id=202307030411, 出走頭数=16
21:05:23 INFO: レース結果取得開始: race_id=202307030412
21:05:25 INFO: 取得完了: race_id=202307030412, 出走頭数=12
21:05:25 INFO: レース結果取得開始: race_id=202302020501
21:05:27 INFO: 取得完了: race_id=202302020501, 出走頭数=9
21:05:27 INFO: レース結果取得開始: race_id=202302020502
21:05:29 INFO: 取得完了: race_id=202302020502, 出走頭数=13
21:05:29 INFO: レース結果取得開始: race_id=202302020503
21:05:31 INFO: 取得完了: race_id=202302020503, 出走頭数=16
21:05:31 INFO: レース結果取得開始: race_id=202302020504
21:05:32 INFO: 取得完了: race_id=202302020504, 出走頭数=14
21:05:32 INFO: レース結果取得開始: race_id=202302020505
21:05:34 INFO: 取得完了: race_id=202302020505, 出走頭数=8
21:05:34 INFO: レース結果取得開始: race_id=202302020506
21:05:35 INFO: 取得完了: race_id=202302020506, 出走頭数=11
21:05:35 INFO: レース結果取得開始: race_id=202302020507
21:05:37 INFO: 取得完了: race_id=202302020507, 出走頭数=11
21:05:37 INFO: レース結果取得開始: race_id=202302020508
21:05:39 INFO: 取得完了: race_id=202302020508, 出走頭数=14
21:05:39 INFO: レース結果取得開始: race_id=202302020509
21:05:41 INFO: 取得完了: race_id=202302020509, 出走頭数=14
21:05:41 INFO: レース結果取得開始: race_id=202302020510
21:05:42 INFO: 取得完了: race_id=202302020510, 出走頭数=14
21:05:42 INFO: レース結果取得開始: race_id=202302020511
21:05:44 INFO: 取得完了: race_id=202302020511, 出走頭数=15
21:05:44 INFO: レース結果取得開始: race_id=202302020512
21:05:46 INFO: 取得完了: race_id=202302020512, 出走頭数=12
21:05:46 INFO: レース結果取得開始: race_id=202303020501
21:05:47 INFO: 取得完了: race_id=202303020501, 出走頭数=13
21:05:47 INFO: レース結果取得開始: race_id=202303020502
21:05:48 INFO: 取得完了: race_id=202303020502, 出走頭数=15
21:05:48 INFO: レース結果取得開始: race_id=202303020503
21:05:49 INFO: 取得完了: race_id=202303020503, 出走頭数=15
21:05:49 INFO: レース結果取得開始: race_id=202303020504
21:05:52 INFO: 取得完了: race_id=202303020504, 出走頭数=11
21:05:52 INFO: レース結果取得開始: race_id=202303020505
21:05:54 INFO: 取得完了: race_id=202303020505, 出走頭数=14
21:05:54 INFO: レース結果取得開始: race_id=202303020506
21:05:55 INFO: 取得完了: race_id=202303020506, 出走頭数=14
21:05:55 INFO: レース結果取得開始: race_id=202303020507
21:05:57 INFO: 取得完了: race_id=202303020507, 出走頭数=16
21:05:57 INFO: レース結果取得開始: race_id=202303020508
21:05:58 INFO: 取得完了: race_id=202303020508, 出走頭数=15
21:05:58 INFO: レース結果取得開始: race_id=202303020509
21:06:00 INFO: 取得完了: race_id=202303020509, 出走頭数=10
21:06:00 INFO: レース結果取得開始: race_id=202303020510
21:06:02 INFO: 取得完了: race_id=202303020510, 出走頭数=16
21:06:02 INFO: レース結果取得開始: race_id=202303020511
21:06:04 INFO: 取得完了: race_id=202303020511, 出走頭数=11
21:06:04 INFO: レース結果取得開始: race_id=202303020512
21:06:05 INFO: 取得完了: race_id=202303020512, 出走頭数=16
21:06:05 INFO: レース結果取得開始: race_id=202307030501
21:06:07 INFO: 取得完了: race_id=202307030501, 出走頭数=8
21:06:07 INFO: レース結果取得開始: race_id=202307030502
21:06:09 INFO: 取得完了: race_id=202307030502, 出走頭数=16
21:06:09 INFO: レース結果取得開始: race_id=202307030503
21:06:10 INFO: 取得完了: race_id=202307030503, 出走頭数=16
21:06:11 INFO: レース結果取得開始: race_id=202307030504
21:06:12 INFO: 取得完了: race_id=202307030504, 出走頭数=14
21:06:12 INFO: レース結果取得開始: race_id=202307030505
21:06:13 INFO: 取得完了: race_id=202307030505, 出走頭数=8
21:06:13 INFO: レース結果取得開始: race_id=202307030506
21:06:15 INFO: 取得完了: race_id=202307030506, 出走頭数=9
21:06:15 INFO: レース結果取得開始: race_id=202307030507
21:06:18 INFO: 取得完了: race_id=202307030507, 出走頭数=11
21:06:18 INFO: レース結果取得開始: race_id=202307030508
21:06:20 INFO: 取得完了: race_id=202307030508, 出走頭数=8
21:06:20 INFO: レース結果取得開始: race_id=202307030509
21:06:21 INFO: 取得完了: race_id=202307030509, 出走頭数=9
21:06:21 INFO: レース結果取得開始: race_id=202307030510
21:06:23 INFO: 取得完了: race_id=202307030510, 出走頭数=16
21:06:23 INFO: レース結果取得開始: race_id=202307030511
21:06:25 INFO: 取得完了: race_id=202307030511, 出走頭数=11
21:06:25 INFO: レース結果取得開始: race_id=202307030512
21:06:27 INFO: 取得完了: race_id=202307030512, 出走頭数=16
21:06:27 INFO: レース結果取得開始: race_id=202302020601
21:06:29 INFO: 取得完了: race_id=202302020601, 出走頭数=16
21:06:29 INFO: レース結果取得開始: race_id=202302020602
21:06:30 INFO: 取得完了: race_id=202302020602, 出走頭数=14
21:06:30 INFO: レース結果取得開始: race_id=202302020603
21:06:32 INFO: 取得完了: race_id=202302020603, 出走頭数=16
21:06:32 INFO: レース結果取得開始: race_id=202302020604
21:06:33 INFO: 取得完了: race_id=202302020604, 出走頭数=12
21:06:33 INFO: レース結果取得開始: race_id=202302020605
21:06:35 INFO: 取得完了: race_id=202302020605, 出走頭数=14
21:06:35 INFO: レース結果取得開始: race_id=202302020606
21:06:37 INFO: 取得完了: race_id=202302020606, 出走頭数=12
21:06:37 INFO: レース結果取得開始: race_id=202302020607
21:06:39 INFO: 取得完了: race_id=202302020607, 出走頭数=14
21:06:39 INFO: レース結果取得開始: race_id=202302020608
21:06:41 INFO: 取得完了: race_id=202302020608, 出走頭数=13
21:06:41 INFO: レース結果取得開始: race_id=202302020609
21:06:42 INFO: 取得完了: race_id=202302020609, 出走頭数=14
21:06:42 INFO: レース結果取得開始: race_id=202302020610
21:06:44 INFO: 取得完了: race_id=202302020610, 出走頭数=14
21:06:44 INFO: レース結果取得開始: race_id=202302020611
21:06:46 INFO: 取得完了: race_id=202302020611, 出走頭数=16
21:06:46 INFO: レース結果取得開始: race_id=202302020612
21:06:48 INFO: 取得完了: race_id=202302020612, 出走頭数=13
21:06:48 INFO: レース結果取得開始: race_id=202303020601
21:06:49 INFO: 取得完了: race_id=202303020601, 出走頭数=11
21:06:49 INFO: レース結果取得開始: race_id=202303020602
21:06:51 INFO: 取得完了: race_id=202303020602, 出走頭数=13
21:06:51 INFO: レース結果取得開始: race_id=202303020603
21:06:53 INFO: 取得完了: race_id=202303020603, 出走頭数=16
21:06:53 INFO: レース結果取得開始: race_id=202303020604
21:06:54 INFO: 取得完了: race_id=202303020604, 出走頭数=16
21:06:54 INFO: レース結果取得開始: race_id=202303020605
21:06:56 INFO: 取得完了: race_id=202303020605, 出走頭数=13
21:06:56 INFO: レース結果取得開始: race_id=202303020606
21:06:58 INFO: 取得完了: race_id=202303020606, 出走頭数=10
21:06:58 INFO: レース結果取得開始: race_id=202303020607
21:07:00 INFO: 取得完了: race_id=202303020607, 出走頭数=16
21:07:00 INFO: レース結果取得開始: race_id=202303020608
21:07:02 INFO: 取得完了: race_id=202303020608, 出走頭数=15
21:07:02 INFO: レース結果取得開始: race_id=202303020609
21:07:03 INFO: 取得完了: race_id=202303020609, 出走頭数=11
21:07:03 INFO: レース結果取得開始: race_id=202303020610
21:07:05 INFO: 取得完了: race_id=202303020610, 出走頭数=16
21:07:05 INFO: レース結果取得開始: race_id=202303020611
21:07:07 INFO: 取得完了: race_id=202303020611, 出走頭数=16
21:07:07 INFO: レース結果取得開始: race_id=202303020612
21:07:08 INFO: 取得完了: race_id=202303020612, 出走頭数=15
21:07:08 INFO: レース結果取得開始: race_id=202307030601
21:07:10 INFO: 取得完了: race_id=202307030601, 出走頭数=10
21:07:10 INFO: レース結果取得開始: race_id=202307030602
21:07:11 INFO: 取得完了: race_id=202307030602, 出走頭数=16
21:07:11 INFO: レース結果取得開始: race_id=202307030603
21:07:13 INFO: 取得完了: race_id=202307030603, 出走頭数=18
21:07:13 INFO: レース結果取得開始: race_id=202307030604
21:07:15 INFO: 取得完了: race_id=202307030604, 出走頭数=16
21:07:15 INFO: レース結果取得開始: race_id=202307030605
21:07:16 INFO: 取得完了: race_id=202307030605, 出走頭数=12
21:07:16 INFO: レース結果取得開始: race_id=202307030606
21:07:18 INFO: 取得完了: race_id=202307030606, 出走頭数=15
21:07:18 INFO: レース結果取得開始: race_id=202307030607
21:07:20 INFO: 取得完了: race_id=202307030607, 出走頭数=13
21:07:20 INFO: レース結果取得開始: race_id=202307030608
21:07:22 INFO: 取得完了: race_id=202307030608, 出走頭数=16
21:07:22 INFO: レース結果取得開始: race_id=202307030609
21:07:23 INFO: 取得完了: race_id=202307030609, 出走頭数=18
21:07:23 INFO: レース結果取得開始: race_id=202307030610
21:07:26 INFO: 取得完了: race_id=202307030610, 出走頭数=14
21:07:26 INFO: レース結果取得開始: race_id=202307030611
21:07:27 INFO: 取得完了: race_id=202307030611, 出走頭数=15
21:07:27 INFO: レース結果取得開始: race_id=202307030612
21:07:30 INFO: 取得完了: race_id=202307030612, 出走頭数=14
[ 5400/6912] 202307030612: 14頭  errors=0  残り≈45分
21:07:30 INFO: レース結果取得開始: race_id=202301010101
21:07:32 INFO: 取得完了: race_id=202301010101, 出走頭数=8
21:07:32 INFO: レース結果取得開始: race_id=202301010102
21:07:33 INFO: 取得完了: race_id=202301010102, 出走頭数=12
21:07:33 INFO: レース結果取得開始: race_id=202301010103
21:07:35 INFO: 取得完了: race_id=202301010103, 出走頭数=14
21:07:35 INFO: レース結果取得開始: race_id=202301010104
21:07:36 INFO: 取得完了: race_id=202301010104, 出走頭数=13
21:07:36 INFO: レース結果取得開始: race_id=202301010105
21:07:38 INFO: 取得完了: race_id=202301010105, 出走頭数=10
21:07:38 INFO: レース結果取得開始: race_id=202301010106
21:07:40 INFO: 取得完了: race_id=202301010106, 出走頭数=14
21:07:40 INFO: レース結果取得開始: race_id=202301010107
21:07:42 INFO: 取得完了: race_id=202301010107, 出走頭数=16
21:07:42 INFO: レース結果取得開始: race_id=202301010108
21:07:44 INFO: 取得完了: race_id=202301010108, 出走頭数=13
21:07:44 INFO: レース結果取得開始: race_id=202301010109
21:07:45 INFO: 取得完了: race_id=202301010109, 出走頭数=9
21:07:45 INFO: レース結果取得開始: race_id=202301010110
21:07:47 INFO: 取得完了: race_id=202301010110, 出走頭数=9
21:07:47 INFO: レース結果取得開始: race_id=202301010111
21:07:49 INFO: 取得完了: race_id=202301010111, 出走頭数=15
21:07:49 INFO: レース結果取得開始: race_id=202301010112
21:07:50 INFO: 取得完了: race_id=202301010112, 出走頭数=14
21:07:50 INFO: レース結果取得開始: race_id=202303020701
21:07:52 INFO: 取得完了: race_id=202303020701, 出走頭数=15
21:07:52 INFO: レース結果取得開始: race_id=202303020702
21:07:54 INFO: 取得完了: race_id=202303020702, 出走頭数=7
21:07:54 INFO: レース結果取得開始: race_id=202303020703
21:07:55 INFO: 取得完了: race_id=202303020703, 出走頭数=16
21:07:55 INFO: レース結果取得開始: race_id=202303020704
21:07:57 INFO: 取得完了: race_id=202303020704, 出走頭数=15
21:07:57 INFO: レース結果取得開始: race_id=202303020705
21:07:59 INFO: 取得完了: race_id=202303020705, 出走頭数=9
21:07:59 INFO: レース結果取得開始: race_id=202303020706
21:08:01 INFO: 取得完了: race_id=202303020706, 出走頭数=12
21:08:01 INFO: レース結果取得開始: race_id=202303020707
21:08:02 INFO: 取得完了: race_id=202303020707, 出走頭数=16
21:08:02 INFO: レース結果取得開始: race_id=202303020708
21:08:04 INFO: 取得完了: race_id=202303020708, 出走頭数=15
21:08:04 INFO: レース結果取得開始: race_id=202303020709
21:08:06 INFO: 取得完了: race_id=202303020709, 出走頭数=14
21:08:06 INFO: レース結果取得開始: race_id=202303020710
21:08:08 INFO: 取得完了: race_id=202303020710, 出走頭数=15
21:08:08 INFO: レース結果取得開始: race_id=202303020711
21:08:10 INFO: 取得完了: race_id=202303020711, 出走頭数=15
21:08:10 INFO: レース結果取得開始: race_id=202303020712
21:08:11 INFO: 取得完了: race_id=202303020712, 出走頭数=16
21:08:11 INFO: レース結果取得開始: race_id=202307030701
21:08:13 INFO: 取得完了: race_id=202307030701, 出走頭数=10
21:08:13 INFO: レース結果取得開始: race_id=202307030702
21:08:15 INFO: 取得完了: race_id=202307030702, 出走頭数=16
21:08:15 INFO: レース結果取得開始: race_id=202307030703
21:08:16 INFO: 取得完了: race_id=202307030703, 出走頭数=16
21:08:16 INFO: レース結果取得開始: race_id=202307030704
21:08:17 INFO: 取得完了: race_id=202307030704, 出走頭数=9
21:08:17 INFO: レース結果取得開始: race_id=202307030705
21:08:19 INFO: 取得完了: race_id=202307030705, 出走頭数=8
21:08:19 INFO: レース結果取得開始: race_id=202307030706
21:08:21 INFO: 取得完了: race_id=202307030706, 出走頭数=16
21:08:21 INFO: レース結果取得開始: race_id=202307030707
21:08:23 INFO: 取得完了: race_id=202307030707, 出走頭数=16
21:08:23 INFO: レース結果取得開始: race_id=202307030708
21:08:24 INFO: 取得完了: race_id=202307030708, 出走頭数=14
21:08:24 INFO: レース結果取得開始: race_id=202307030709
21:08:26 INFO: 取得完了: race_id=202307030709, 出走頭数=12
21:08:26 INFO: レース結果取得開始: race_id=202307030710
21:08:28 INFO: 取得完了: race_id=202307030710, 出走頭数=16
21:08:28 INFO: レース結果取得開始: race_id=202307030711
21:08:29 INFO: 取得完了: race_id=202307030711, 出走頭数=18
21:08:29 INFO: レース結果取得開始: race_id=202307030712
21:08:31 INFO: 取得完了: race_id=202307030712, 出走頭数=16
21:08:31 INFO: レース結果取得開始: race_id=202301010201
21:08:32 INFO: 取得完了: race_id=202301010201, 出走頭数=8
21:08:32 INFO: レース結果取得開始: race_id=202301010202
21:08:34 INFO: 取得完了: race_id=202301010202, 出走頭数=14
21:08:34 INFO: レース結果取得開始: race_id=202301010203
21:08:36 INFO: 取得完了: race_id=202301010203, 出走頭数=16
21:08:36 INFO: レース結果取得開始: race_id=202301010204
21:08:37 INFO: 取得完了: race_id=202301010204, 出走頭数=14
21:08:37 INFO: レース結果取得開始: race_id=202301010205
21:08:39 INFO: 取得完了: race_id=202301010205, 出走頭数=6
21:08:39 INFO: レース結果取得開始: race_id=202301010206
21:08:41 INFO: 取得完了: race_id=202301010206, 出走頭数=16
21:08:41 INFO: レース結果取得開始: race_id=202301010207
21:08:44 INFO: 取得完了: race_id=202301010207, 出走頭数=12
21:08:44 INFO: レース結果取得開始: race_id=202301010208
21:08:46 INFO: 取得完了: race_id=202301010208, 出走頭数=11
21:08:46 INFO: レース結果取得開始: race_id=202301010209
21:08:48 INFO: 取得完了: race_id=202301010209, 出走頭数=10
21:08:48 INFO: レース結果取得開始: race_id=202301010210
21:08:49 INFO: 取得完了: race_id=202301010210, 出走頭数=14
21:08:49 INFO: レース結果取得開始: race_id=202301010211
21:08:51 INFO: 取得完了: race_id=202301010211, 出走頭数=16
21:08:51 INFO: レース結果取得開始: race_id=202301010212
21:08:53 INFO: 取得完了: race_id=202301010212, 出走頭数=14
21:08:53 INFO: レース結果取得開始: race_id=202303020801
21:08:54 INFO: 取得完了: race_id=202303020801, 出走頭数=13
21:08:54 INFO: レース結果取得開始: race_id=202303020802
21:08:56 INFO: 取得完了: race_id=202303020802, 出走頭数=15
21:08:56 INFO: レース結果取得開始: race_id=202303020803
21:08:58 INFO: 取得完了: race_id=202303020803, 出走頭数=14
21:08:58 INFO: レース結果取得開始: race_id=202303020804
21:09:00 INFO: 取得完了: race_id=202303020804, 出走頭数=16
21:09:00 INFO: レース結果取得開始: race_id=202303020805
21:09:02 INFO: 取得完了: race_id=202303020805, 出走頭数=10
21:09:02 INFO: レース結果取得開始: race_id=202303020806
21:09:04 INFO: 取得完了: race_id=202303020806, 出走頭数=11
21:09:04 INFO: レース結果取得開始: race_id=202303020807
21:09:06 INFO: 取得完了: race_id=202303020807, 出走頭数=15
21:09:06 INFO: レース結果取得開始: race_id=202303020808
21:09:08 INFO: 取得完了: race_id=202303020808, 出走頭数=14
21:09:08 INFO: レース結果取得開始: race_id=202303020809
21:09:09 INFO: 取得完了: race_id=202303020809, 出走頭数=15
21:09:09 INFO: レース結果取得開始: race_id=202303020810
21:09:11 INFO: 取得完了: race_id=202303020810, 出走頭数=15
21:09:11 INFO: レース結果取得開始: race_id=202303020811
21:09:13 INFO: 取得完了: race_id=202303020811, 出走頭数=11
21:09:13 INFO: レース結果取得開始: race_id=202303020812
21:09:15 INFO: 取得完了: race_id=202303020812, 出走頭数=14
21:09:15 INFO: レース結果取得開始: race_id=202307030801
21:09:16 INFO: 取得完了: race_id=202307030801, 出走頭数=8
21:09:16 INFO: レース結果取得開始: race_id=202307030802
21:09:18 INFO: 取得完了: race_id=202307030802, 出走頭数=13
21:09:18 INFO: レース結果取得開始: race_id=202307030803
21:09:20 INFO: 取得完了: race_id=202307030803, 出走頭数=17
21:09:20 INFO: レース結果取得開始: race_id=202307030804
21:09:21 INFO: 取得完了: race_id=202307030804, 出走頭数=18
21:09:21 INFO: レース結果取得開始: race_id=202307030805
21:09:23 INFO: 取得完了: race_id=202307030805, 出走頭数=11
21:09:23 INFO: レース結果取得開始: race_id=202307030806
21:09:24 INFO: 取得完了: race_id=202307030806, 出走頭数=14
21:09:24 INFO: レース結果取得開始: race_id=202307030807
21:09:26 INFO: 取得完了: race_id=202307030807, 出走頭数=18
21:09:26 INFO: レース結果取得開始: race_id=202307030808
21:09:27 INFO: 取得完了: race_id=202307030808, 出走頭数=18
21:09:27 INFO: レース結果取得開始: race_id=202307030809
21:09:29 INFO: 取得完了: race_id=202307030809, 出走頭数=10
21:09:29 INFO: レース結果取得開始: race_id=202307030810
21:09:31 INFO: 取得完了: race_id=202307030810, 出走頭数=16
21:09:31 INFO: レース結果取得開始: race_id=202307030811
21:09:33 INFO: 取得完了: race_id=202307030811, 出走頭数=16
21:09:33 INFO: レース結果取得開始: race_id=202307030812
21:09:34 INFO: 取得完了: race_id=202307030812, 出走頭数=16
21:09:34 INFO: レース結果取得開始: race_id=202301010301
21:09:36 INFO: 取得完了: race_id=202301010301, 出走頭数=9
21:09:36 INFO: レース結果取得開始: race_id=202301010302
21:09:38 INFO: 取得完了: race_id=202301010302, 出走頭数=14
21:09:38 INFO: レース結果取得開始: race_id=202301010303
21:09:39 INFO: 取得完了: race_id=202301010303, 出走頭数=15
21:09:39 INFO: レース結果取得開始: race_id=202301010304
21:09:41 INFO: 取得完了: race_id=202301010304, 出走頭数=14
21:09:41 INFO: レース結果取得開始: race_id=202301010305
21:09:43 INFO: 取得完了: race_id=202301010305, 出走頭数=14
21:09:43 INFO: レース結果取得開始: race_id=202301010306
21:09:44 INFO: 取得完了: race_id=202301010306, 出走頭数=12
21:09:44 INFO: レース結果取得開始: race_id=202301010307
21:09:46 INFO: 取得完了: race_id=202301010307, 出走頭数=15
21:09:46 INFO: レース結果取得開始: race_id=202301010308
21:09:48 INFO: 取得完了: race_id=202301010308, 出走頭数=13
21:09:48 INFO: レース結果取得開始: race_id=202301010309
21:09:50 INFO: 取得完了: race_id=202301010309, 出走頭数=14
21:09:50 INFO: レース結果取得開始: race_id=202301010310
21:09:52 INFO: 取得完了: race_id=202301010310, 出走頭数=8
21:09:52 INFO: レース結果取得開始: race_id=202301010311
21:09:54 INFO: 取得完了: race_id=202301010311, 出走頭数=16
21:09:54 INFO: レース結果取得開始: race_id=202301010312
21:09:56 INFO: 取得完了: race_id=202301010312, 出走頭数=11
21:09:56 INFO: レース結果取得開始: race_id=202304020101
21:09:58 INFO: 取得完了: race_id=202304020101, 出走頭数=10
21:09:58 INFO: レース結果取得開始: race_id=202304020102
21:10:01 INFO: 取得完了: race_id=202304020102, 出走頭数=18
21:10:01 INFO: レース結果取得開始: race_id=202304020103
21:10:03 INFO: 取得完了: race_id=202304020103, 出走頭数=15
21:10:03 INFO: レース結果取得開始: race_id=202304020104
21:10:05 INFO: 取得完了: race_id=202304020104, 出走頭数=11
21:10:05 INFO: レース結果取得開始: race_id=202304020105
21:10:07 INFO: 取得完了: race_id=202304020105, 出走頭数=6
21:10:07 INFO: レース結果取得開始: race_id=202304020106
21:10:08 INFO: 取得完了: race_id=202304020106, 出走頭数=12
21:10:08 INFO: レース結果取得開始: race_id=202304020107
21:10:09 INFO: 取得完了: race_id=202304020107, 出走頭数=18
21:10:09 INFO: レース結果取得開始: race_id=202304020108
21:10:11 INFO: 取得完了: race_id=202304020108, 出走頭数=15
21:10:11 INFO: レース結果取得開始: race_id=202304020109
21:10:13 INFO: 取得完了: race_id=202304020109, 出走頭数=17
21:10:13 INFO: レース結果取得開始: race_id=202304020110
21:10:15 INFO: 取得完了: race_id=202304020110, 出走頭数=15
21:10:15 INFO: レース結果取得開始: race_id=202304020111
21:10:16 INFO: 取得完了: race_id=202304020111, 出走頭数=18
21:10:16 INFO: レース結果取得開始: race_id=202304020112
21:10:18 INFO: 取得完了: race_id=202304020112, 出走頭数=18
21:10:18 INFO: レース結果取得開始: race_id=202301010401
21:10:19 INFO: 取得完了: race_id=202301010401, 出走頭数=14
21:10:19 INFO: レース結果取得開始: race_id=202301010402
21:10:21 INFO: 取得完了: race_id=202301010402, 出走頭数=12
21:10:21 INFO: レース結果取得開始: race_id=202301010403
21:10:22 INFO: 取得完了: race_id=202301010403, 出走頭数=14
21:10:22 INFO: レース結果取得開始: race_id=202301010404
21:10:24 INFO: 取得完了: race_id=202301010404, 出走頭数=16
[ 5500/6912] 202301010404: 16頭  errors=0  残り≈42分
21:10:24 INFO: レース結果取得開始: race_id=202301010405
21:10:25 INFO: 取得完了: race_id=202301010405, 出走頭数=12
21:10:25 INFO: レース結果取得開始: race_id=202301010406
21:10:27 INFO: 取得完了: race_id=202301010406, 出走頭数=13
21:10:27 INFO: レース結果取得開始: race_id=202301010407
21:10:29 INFO: 取得完了: race_id=202301010407, 出走頭数=13
21:10:29 INFO: レース結果取得開始: race_id=202301010408
21:10:30 INFO: 取得完了: race_id=202301010408, 出走頭数=12
21:10:30 INFO: レース結果取得開始: race_id=202301010409
21:10:32 INFO: 取得完了: race_id=202301010409, 出走頭数=14
21:10:32 INFO: レース結果取得開始: race_id=202301010410
21:10:34 INFO: 取得完了: race_id=202301010410, 出走頭数=14
21:10:34 INFO: レース結果取得開始: race_id=202301010411
21:10:36 INFO: 取得完了: race_id=202301010411, 出走頭数=14
21:10:36 INFO: レース結果取得開始: race_id=202301010412
21:10:38 INFO: 取得完了: race_id=202301010412, 出走頭数=14
21:10:38 INFO: レース結果取得開始: race_id=202304020201
21:10:39 INFO: 取得完了: race_id=202304020201, 出走頭数=11
21:10:39 INFO: レース結果取得開始: race_id=202304020202
21:10:41 INFO: 取得完了: race_id=202304020202, 出走頭数=10
21:10:41 INFO: レース結果取得開始: race_id=202304020203
21:10:43 INFO: 取得完了: race_id=202304020203, 出走頭数=16
21:10:43 INFO: レース結果取得開始: race_id=202304020204
21:10:45 INFO: 取得完了: race_id=202304020204, 出走頭数=15
21:10:45 INFO: レース結果取得開始: race_id=202304020205
21:10:47 INFO: 取得完了: race_id=202304020205, 出走頭数=9
21:10:47 INFO: レース結果取得開始: race_id=202304020206
21:10:49 INFO: 取得完了: race_id=202304020206, 出走頭数=12
21:10:49 INFO: レース結果取得開始: race_id=202304020207
21:10:50 INFO: 取得完了: race_id=202304020207, 出走頭数=15
21:10:50 INFO: レース結果取得開始: race_id=202304020208
21:10:52 INFO: 取得完了: race_id=202304020208, 出走頭数=15
21:10:52 INFO: レース結果取得開始: race_id=202304020209
21:10:54 INFO: 取得完了: race_id=202304020209, 出走頭数=13
21:10:54 INFO: レース結果取得開始: race_id=202304020210
21:10:56 INFO: 取得完了: race_id=202304020210, 出走頭数=18
21:10:56 INFO: レース結果取得開始: race_id=202304020211
21:10:58 INFO: 取得完了: race_id=202304020211, 出走頭数=18
21:10:58 INFO: レース結果取得開始: race_id=202304020212
21:11:00 INFO: 取得完了: race_id=202304020212, 出走頭数=15
21:11:00 INFO: レース結果取得開始: race_id=202301010501
21:11:01 INFO: 取得完了: race_id=202301010501, 出走頭数=14
21:11:01 INFO: レース結果取得開始: race_id=202301010502
21:11:03 INFO: 取得完了: race_id=202301010502, 出走頭数=12
21:11:03 INFO: レース結果取得開始: race_id=202301010503
21:11:05 INFO: 取得完了: race_id=202301010503, 出走頭数=16
21:11:05 INFO: レース結果取得開始: race_id=202301010504
21:11:07 INFO: 取得完了: race_id=202301010504, 出走頭数=14
21:11:07 INFO: レース結果取得開始: race_id=202301010505
21:11:09 INFO: 取得完了: race_id=202301010505, 出走頭数=10
21:11:09 INFO: レース結果取得開始: race_id=202301010506
21:11:11 INFO: 取得完了: race_id=202301010506, 出走頭数=16
21:11:11 INFO: レース結果取得開始: race_id=202301010507
21:11:13 INFO: 取得完了: race_id=202301010507, 出走頭数=13
21:11:13 INFO: レース結果取得開始: race_id=202301010508
21:11:15 INFO: 取得完了: race_id=202301010508, 出走頭数=13
21:11:15 INFO: レース結果取得開始: race_id=202301010509
21:11:16 INFO: 取得完了: race_id=202301010509, 出走頭数=9
21:11:16 INFO: レース結果取得開始: race_id=202301010510
21:11:17 INFO: 取得完了: race_id=202301010510, 出走頭数=14
21:11:17 INFO: レース結果取得開始: race_id=202301010511
21:11:19 INFO: 取得完了: race_id=202301010511, 出走頭数=14
21:11:19 INFO: レース結果取得開始: race_id=202301010512
21:11:20 INFO: 取得完了: race_id=202301010512, 出走頭数=14
21:11:20 INFO: レース結果取得開始: race_id=202304020301
21:11:23 INFO: 取得完了: race_id=202304020301, 出走頭数=12
21:11:23 INFO: レース結果取得開始: race_id=202304020302
21:11:24 INFO: 取得完了: race_id=202304020302, 出走頭数=15
21:11:24 INFO: レース結果取得開始: race_id=202304020303
21:11:26 INFO: 取得完了: race_id=202304020303, 出走頭数=18
21:11:26 INFO: レース結果取得開始: race_id=202304020304
21:11:28 INFO: 取得完了: race_id=202304020304, 出走頭数=15
21:11:28 INFO: レース結果取得開始: race_id=202304020305
21:11:30 INFO: 取得完了: race_id=202304020305, 出走頭数=13
21:11:30 INFO: レース結果取得開始: race_id=202304020306
21:11:32 INFO: 取得完了: race_id=202304020306, 出走頭数=13
21:11:32 INFO: レース結果取得開始: race_id=202304020307
21:11:34 INFO: 取得完了: race_id=202304020307, 出走頭数=18
21:11:34 INFO: レース結果取得開始: race_id=202304020308
21:11:36 INFO: 取得完了: race_id=202304020308, 出走頭数=15
21:11:36 INFO: レース結果取得開始: race_id=202304020309
21:11:38 INFO: 取得完了: race_id=202304020309, 出走頭数=13
21:11:38 INFO: レース結果取得開始: race_id=202304020310
21:11:40 INFO: 取得完了: race_id=202304020310, 出走頭数=15
21:11:40 INFO: レース結果取得開始: race_id=202304020311
21:11:41 INFO: 取得完了: race_id=202304020311, 出走頭数=14
21:11:41 INFO: レース結果取得開始: race_id=202304020312
21:11:43 INFO: 取得完了: race_id=202304020312, 出走頭数=15
21:11:43 INFO: レース結果取得開始: race_id=202301010601
21:11:44 INFO: 取得完了: race_id=202301010601, 出走頭数=14
21:11:44 INFO: レース結果取得開始: race_id=202301010602
21:11:46 INFO: 取得完了: race_id=202301010602, 出走頭数=14
21:11:46 INFO: レース結果取得開始: race_id=202301010603
21:11:48 INFO: 取得完了: race_id=202301010603, 出走頭数=15
21:11:48 INFO: レース結果取得開始: race_id=202301010604
21:11:50 INFO: 取得完了: race_id=202301010604, 出走頭数=14
21:11:50 INFO: レース結果取得開始: race_id=202301010605
21:11:52 INFO: 取得完了: race_id=202301010605, 出走頭数=7
21:11:52 INFO: レース結果取得開始: race_id=202301010606
21:11:54 INFO: 取得完了: race_id=202301010606, 出走頭数=14
21:11:54 INFO: レース結果取得開始: race_id=202301010607
21:11:55 INFO: 取得完了: race_id=202301010607, 出走頭数=12
21:11:55 INFO: レース結果取得開始: race_id=202301010608
21:11:56 INFO: 取得完了: race_id=202301010608, 出走頭数=14
21:11:56 INFO: レース結果取得開始: race_id=202301010609
21:11:58 INFO: 取得完了: race_id=202301010609, 出走頭数=11
21:11:58 INFO: レース結果取得開始: race_id=202301010610
21:12:00 INFO: 取得完了: race_id=202301010610, 出走頭数=11
21:12:00 INFO: レース結果取得開始: race_id=202301010611
21:12:02 INFO: 取得完了: race_id=202301010611, 出走頭数=14
21:12:02 INFO: レース結果取得開始: race_id=202301010612
21:12:04 INFO: 取得完了: race_id=202301010612, 出走頭数=16
21:12:04 INFO: レース結果取得開始: race_id=202304020401
21:12:06 INFO: 取得完了: race_id=202304020401, 出走頭数=11
21:12:06 INFO: レース結果取得開始: race_id=202304020402
21:12:07 INFO: 取得完了: race_id=202304020402, 出走頭数=11
21:12:07 INFO: レース結果取得開始: race_id=202304020403
21:12:09 INFO: 取得完了: race_id=202304020403, 出走頭数=15
21:12:09 INFO: レース結果取得開始: race_id=202304020404
21:12:11 INFO: 取得完了: race_id=202304020404, 出走頭数=18
21:12:11 INFO: レース結果取得開始: race_id=202304020405
21:12:12 INFO: 取得完了: race_id=202304020405, 出走頭数=11
21:12:12 INFO: レース結果取得開始: race_id=202304020406
21:12:14 INFO: 取得完了: race_id=202304020406, 出走頭数=14
21:12:14 INFO: レース結果取得開始: race_id=202304020407
21:12:15 INFO: 取得完了: race_id=202304020407, 出走頭数=16
21:12:15 INFO: レース結果取得開始: race_id=202304020408
21:12:18 INFO: 取得完了: race_id=202304020408, 出走頭数=8
21:12:18 INFO: レース結果取得開始: race_id=202304020409
21:12:20 INFO: 取得完了: race_id=202304020409, 出走頭数=15
21:12:20 INFO: レース結果取得開始: race_id=202304020410
21:12:21 INFO: 取得完了: race_id=202304020410, 出走頭数=17
21:12:21 INFO: レース結果取得開始: race_id=202304020411
21:12:23 INFO: 取得完了: race_id=202304020411, 出走頭数=15
21:12:23 INFO: レース結果取得開始: race_id=202304020412
21:12:24 INFO: 取得完了: race_id=202304020412, 出走頭数=18
21:12:25 INFO: レース結果取得開始: race_id=202301020101
21:12:26 INFO: 取得完了: race_id=202301020101, 出走頭数=9
21:12:26 INFO: レース結果取得開始: race_id=202301020102
21:12:28 INFO: 取得完了: race_id=202301020102, 出走頭数=14
21:12:28 INFO: レース結果取得開始: race_id=202301020103
21:12:30 INFO: 取得完了: race_id=202301020103, 出走頭数=12
21:12:30 INFO: レース結果取得開始: race_id=202301020104
21:12:32 INFO: 取得完了: race_id=202301020104, 出走頭数=14
21:12:32 INFO: レース結果取得開始: race_id=202301020105
21:12:33 INFO: 取得完了: race_id=202301020105, 出走頭数=13
21:12:33 INFO: レース結果取得開始: race_id=202301020106
21:12:35 INFO: 取得完了: race_id=202301020106, 出走頭数=16
21:12:35 INFO: レース結果取得開始: race_id=202301020107
21:12:37 INFO: 取得完了: race_id=202301020107, 出走頭数=12
21:12:37 INFO: レース結果取得開始: race_id=202301020108
21:12:38 INFO: 取得完了: race_id=202301020108, 出走頭数=13
21:12:38 INFO: レース結果取得開始: race_id=202301020109
21:12:40 INFO: 取得完了: race_id=202301020109, 出走頭数=9
21:12:40 INFO: レース結果取得開始: race_id=202301020110
21:12:42 INFO: 取得完了: race_id=202301020110, 出走頭数=11
21:12:42 INFO: レース結果取得開始: race_id=202301020111
21:12:44 INFO: 取得完了: race_id=202301020111, 出走頭数=14
21:12:44 INFO: レース結果取得開始: race_id=202301020112
21:12:46 INFO: 取得完了: race_id=202301020112, 出走頭数=16
21:12:46 INFO: レース結果取得開始: race_id=202304030101
21:12:47 INFO: 取得完了: race_id=202304030101, 出走頭数=15
21:12:47 INFO: レース結果取得開始: race_id=202304030102
21:12:49 INFO: 取得完了: race_id=202304030102, 出走頭数=10
21:12:49 INFO: レース結果取得開始: race_id=202304030103
21:12:51 INFO: 取得完了: race_id=202304030103, 出走頭数=15
21:12:51 INFO: レース結果取得開始: race_id=202304030104
21:12:53 INFO: 取得完了: race_id=202304030104, 出走頭数=15
21:12:53 INFO: レース結果取得開始: race_id=202304030105
21:12:55 INFO: 取得完了: race_id=202304030105, 出走頭数=13
21:12:55 INFO: レース結果取得開始: race_id=202304030106
21:12:57 INFO: 取得完了: race_id=202304030106, 出走頭数=14
21:12:57 INFO: レース結果取得開始: race_id=202304030107
21:12:59 INFO: 取得完了: race_id=202304030107, 出走頭数=18
21:12:59 INFO: レース結果取得開始: race_id=202304030108
21:13:00 INFO: 取得完了: race_id=202304030108, 出走頭数=15
21:13:00 INFO: レース結果取得開始: race_id=202304030109
21:13:02 INFO: 取得完了: race_id=202304030109, 出走頭数=15
21:13:02 INFO: レース結果取得開始: race_id=202304030110
21:13:03 INFO: 取得完了: race_id=202304030110, 出走頭数=18
21:13:03 INFO: レース結果取得開始: race_id=202304030111
21:13:05 INFO: 取得完了: race_id=202304030111, 出走頭数=16
21:13:05 INFO: レース結果取得開始: race_id=202304030112
21:13:07 INFO: 取得完了: race_id=202304030112, 出走頭数=15
21:13:07 INFO: レース結果取得開始: race_id=202310030101
21:13:09 INFO: 取得完了: race_id=202310030101, 出走頭数=12
21:13:09 INFO: レース結果取得開始: race_id=202310030102
21:13:11 INFO: 取得完了: race_id=202310030102, 出走頭数=8
21:13:11 INFO: レース結果取得開始: race_id=202310030103
21:13:12 INFO: 取得完了: race_id=202310030103, 出走頭数=14
21:13:12 INFO: レース結果取得開始: race_id=202310030104
21:13:14 INFO: 取得完了: race_id=202310030104, 出走頭数=8
21:13:14 INFO: レース結果取得開始: race_id=202310030105
21:13:16 INFO: 取得完了: race_id=202310030105, 出走頭数=14
21:13:16 INFO: レース結果取得開始: race_id=202310030106
21:13:17 INFO: 取得完了: race_id=202310030106, 出走頭数=15
21:13:17 INFO: レース結果取得開始: race_id=202310030107
21:13:19 INFO: 取得完了: race_id=202310030107, 出走頭数=16
21:13:19 INFO: レース結果取得開始: race_id=202310030108
21:13:21 INFO: 取得完了: race_id=202310030108, 出走頭数=16
[ 5600/6912] 202310030108: 16頭  errors=0  残り≈39分
21:13:21 INFO: レース結果取得開始: race_id=202310030109
21:13:23 INFO: 取得完了: race_id=202310030109, 出走頭数=16
21:13:23 INFO: レース結果取得開始: race_id=202310030110
21:13:25 INFO: 取得完了: race_id=202310030110, 出走頭数=11
21:13:25 INFO: レース結果取得開始: race_id=202310030111
21:13:26 INFO: 取得完了: race_id=202310030111, 出走頭数=16
21:13:26 INFO: レース結果取得開始: race_id=202310030112
21:13:28 INFO: 取得完了: race_id=202310030112, 出走頭数=18
21:13:28 INFO: レース結果取得開始: race_id=202301020201
21:13:29 INFO: 取得完了: race_id=202301020201, 出走頭数=7
21:13:29 INFO: レース結果取得開始: race_id=202301020202
21:13:32 INFO: 取得完了: race_id=202301020202, 出走頭数=12
21:13:32 INFO: レース結果取得開始: race_id=202301020203
21:13:34 INFO: 取得完了: race_id=202301020203, 出走頭数=14
21:13:34 INFO: レース結果取得開始: race_id=202301020204
21:13:35 INFO: 取得完了: race_id=202301020204, 出走頭数=14
21:13:35 INFO: レース結果取得開始: race_id=202301020205
21:13:37 INFO: 取得完了: race_id=202301020205, 出走頭数=10
21:13:37 INFO: レース結果取得開始: race_id=202301020206
21:13:39 INFO: 取得完了: race_id=202301020206, 出走頭数=14
21:13:39 INFO: レース結果取得開始: race_id=202301020207
21:13:41 INFO: 取得完了: race_id=202301020207, 出走頭数=14
21:13:41 INFO: レース結果取得開始: race_id=202301020208
21:13:43 INFO: 取得完了: race_id=202301020208, 出走頭数=8
21:13:43 INFO: レース結果取得開始: race_id=202301020209
21:13:45 INFO: 取得完了: race_id=202301020209, 出走頭数=11
21:13:45 INFO: レース結果取得開始: race_id=202301020210
21:13:46 INFO: 取得完了: race_id=202301020210, 出走頭数=9
21:13:46 INFO: レース結果取得開始: race_id=202301020211
21:13:48 INFO: 取得完了: race_id=202301020211, 出走頭数=15
21:13:48 INFO: レース結果取得開始: race_id=202301020212
21:13:50 INFO: 取得完了: race_id=202301020212, 出走頭数=13
21:13:50 INFO: レース結果取得開始: race_id=202304030201
21:13:52 INFO: 取得完了: race_id=202304030201, 出走頭数=14
21:13:52 INFO: レース結果取得開始: race_id=202304030202
21:13:53 INFO: 取得完了: race_id=202304030202, 出走頭数=15
21:13:53 INFO: レース結果取得開始: race_id=202304030203
21:13:55 INFO: 取得完了: race_id=202304030203, 出走頭数=18
21:13:55 INFO: レース結果取得開始: race_id=202304030204
21:13:57 INFO: 取得完了: race_id=202304030204, 出走頭数=15
21:13:57 INFO: レース結果取得開始: race_id=202304030205
21:13:58 INFO: 取得完了: race_id=202304030205, 出走頭数=12
21:13:58 INFO: レース結果取得開始: race_id=202304030206
21:13:59 INFO: 取得完了: race_id=202304030206, 出走頭数=18
21:13:59 INFO: レース結果取得開始: race_id=202304030207
21:14:01 INFO: 取得完了: race_id=202304030207, 出走頭数=18
21:14:01 INFO: レース結果取得開始: race_id=202304030208
21:14:03 INFO: 取得完了: race_id=202304030208, 出走頭数=15
21:14:03 INFO: レース結果取得開始: race_id=202304030209
21:14:05 INFO: 取得完了: race_id=202304030209, 出走頭数=15
21:14:05 INFO: レース結果取得開始: race_id=202304030210
21:14:06 INFO: 取得完了: race_id=202304030210, 出走頭数=9
21:14:06 INFO: レース結果取得開始: race_id=202304030211
21:14:08 INFO: 取得完了: race_id=202304030211, 出走頭数=17
21:14:08 INFO: レース結果取得開始: race_id=202304030212
21:14:10 INFO: 取得完了: race_id=202304030212, 出走頭数=18
21:14:10 INFO: レース結果取得開始: race_id=202310030201
21:14:12 INFO: 取得完了: race_id=202310030201, 出走頭数=10
21:14:12 INFO: レース結果取得開始: race_id=202310030202
21:14:14 INFO: 取得完了: race_id=202310030202, 出走頭数=18
21:14:14 INFO: レース結果取得開始: race_id=202310030203
21:14:16 INFO: 取得完了: race_id=202310030203, 出走頭数=16
21:14:16 INFO: レース結果取得開始: race_id=202310030204
21:14:18 INFO: 取得完了: race_id=202310030204, 出走頭数=18
21:14:18 INFO: レース結果取得開始: race_id=202310030205
21:14:20 INFO: 取得完了: race_id=202310030205, 出走頭数=16
21:14:20 INFO: レース結果取得開始: race_id=202310030206
21:14:21 INFO: 取得完了: race_id=202310030206, 出走頭数=12
21:14:21 INFO: レース結果取得開始: race_id=202310030207
21:14:24 INFO: 取得完了: race_id=202310030207, 出走頭数=16
21:14:24 INFO: レース結果取得開始: race_id=202310030208
21:14:26 INFO: 取得完了: race_id=202310030208, 出走頭数=11
21:14:26 INFO: レース結果取得開始: race_id=202310030209
21:14:27 INFO: 取得完了: race_id=202310030209, 出走頭数=16
21:14:27 INFO: レース結果取得開始: race_id=202310030210
21:14:29 INFO: 取得完了: race_id=202310030210, 出走頭数=13
21:14:29 INFO: レース結果取得開始: race_id=202310030211
21:14:30 INFO: 取得完了: race_id=202310030211, 出走頭数=16
21:14:30 INFO: レース結果取得開始: race_id=202310030212
21:14:32 INFO: 取得完了: race_id=202310030212, 出走頭数=14
21:14:32 INFO: レース結果取得開始: race_id=202301020301
21:14:34 INFO: 取得完了: race_id=202301020301, 出走頭数=12
21:14:34 INFO: レース結果取得開始: race_id=202301020302
21:14:35 INFO: 取得完了: race_id=202301020302, 出走頭数=14
21:14:35 INFO: レース結果取得開始: race_id=202301020303
21:14:37 INFO: 取得完了: race_id=202301020303, 出走頭数=16
21:14:37 INFO: レース結果取得開始: race_id=202301020304
21:14:39 INFO: 取得完了: race_id=202301020304, 出走頭数=14
21:14:39 INFO: レース結果取得開始: race_id=202301020305
21:14:40 INFO: 取得完了: race_id=202301020305, 出走頭数=11
21:14:40 INFO: レース結果取得開始: race_id=202301020306
21:14:42 INFO: 取得完了: race_id=202301020306, 出走頭数=14
21:14:42 INFO: レース結果取得開始: race_id=202301020307
21:14:44 INFO: 取得完了: race_id=202301020307, 出走頭数=16
21:14:44 INFO: レース結果取得開始: race_id=202301020308
21:14:46 INFO: 取得完了: race_id=202301020308, 出走頭数=14
21:14:46 INFO: レース結果取得開始: race_id=202301020309
21:14:48 INFO: 取得完了: race_id=202301020309, 出走頭数=14
21:14:48 INFO: レース結果取得開始: race_id=202301020310
21:14:49 INFO: 取得完了: race_id=202301020310, 出走頭数=16
21:14:49 INFO: レース結果取得開始: race_id=202301020311
21:14:51 INFO: 取得完了: race_id=202301020311, 出走頭数=14
21:14:51 INFO: レース結果取得開始: race_id=202301020312
21:14:53 INFO: 取得完了: race_id=202301020312, 出走頭数=12
21:14:53 INFO: レース結果取得開始: race_id=202304030301
21:14:55 INFO: 取得完了: race_id=202304030301, 出走頭数=14
21:14:55 INFO: レース結果取得開始: race_id=202304030302
21:14:56 INFO: 取得完了: race_id=202304030302, 出走頭数=15
21:14:56 INFO: レース結果取得開始: race_id=202304030303
21:14:58 INFO: 取得完了: race_id=202304030303, 出走頭数=15
21:14:58 INFO: レース結果取得開始: race_id=202304030304
21:15:00 INFO: 取得完了: race_id=202304030304, 出走頭数=10
21:15:00 INFO: レース結果取得開始: race_id=202304030305
21:15:02 INFO: 取得完了: race_id=202304030305, 出走頭数=18
21:15:02 INFO: レース結果取得開始: race_id=202304030306
21:15:04 INFO: 取得完了: race_id=202304030306, 出走頭数=18
21:15:04 INFO: レース結果取得開始: race_id=202304030307
21:15:06 INFO: 取得完了: race_id=202304030307, 出走頭数=15
21:15:06 INFO: レース結果取得開始: race_id=202304030308
21:15:08 INFO: 取得完了: race_id=202304030308, 出走頭数=8
21:15:08 INFO: レース結果取得開始: race_id=202304030309
21:15:10 INFO: 取得完了: race_id=202304030309, 出走頭数=15
21:15:10 INFO: レース結果取得開始: race_id=202304030310
21:15:11 INFO: 取得完了: race_id=202304030310, 出走頭数=15
21:15:11 INFO: レース結果取得開始: race_id=202304030311
21:15:13 INFO: 取得完了: race_id=202304030311, 出走頭数=13
21:15:13 INFO: レース結果取得開始: race_id=202304030312
21:15:15 INFO: 取得完了: race_id=202304030312, 出走頭数=14
21:15:15 INFO: レース結果取得開始: race_id=202310030301
21:15:17 INFO: 取得完了: race_id=202310030301, 出走頭数=18
21:15:17 INFO: レース結果取得開始: race_id=202310030302
21:15:19 INFO: 取得完了: race_id=202310030302, 出走頭数=16
21:15:19 INFO: レース結果取得開始: race_id=202310030303
21:15:20 INFO: 取得完了: race_id=202310030303, 出走頭数=16
21:15:20 INFO: レース結果取得開始: race_id=202310030304
21:15:22 INFO: 取得完了: race_id=202310030304, 出走頭数=18
21:15:22 INFO: レース結果取得開始: race_id=202310030305
21:15:24 INFO: 取得完了: race_id=202310030305, 出走頭数=13
21:15:24 INFO: レース結果取得開始: race_id=202310030306
21:15:25 INFO: 取得完了: race_id=202310030306, 出走頭数=16
21:15:25 INFO: レース結果取得開始: race_id=202310030307
21:15:27 INFO: 取得完了: race_id=202310030307, 出走頭数=18
21:15:27 INFO: レース結果取得開始: race_id=202310030308
21:15:29 INFO: 取得完了: race_id=202310030308, 出走頭数=16
21:15:29 INFO: レース結果取得開始: race_id=202310030309
21:15:30 INFO: 取得完了: race_id=202310030309, 出走頭数=14
21:15:30 INFO: レース結果取得開始: race_id=202310030310
21:15:32 INFO: 取得完了: race_id=202310030310, 出走頭数=10
21:15:32 INFO: レース結果取得開始: race_id=202310030311
21:15:34 INFO: 取得完了: race_id=202310030311, 出走頭数=11
21:15:34 INFO: レース結果取得開始: race_id=202310030312
21:15:35 INFO: 取得完了: race_id=202310030312, 出走頭数=16
21:15:35 INFO: レース結果取得開始: race_id=202301020401
21:15:36 INFO: 取得完了: race_id=202301020401, 出走頭数=11
21:15:36 INFO: レース結果取得開始: race_id=202301020402
21:15:38 INFO: 取得完了: race_id=202301020402, 出走頭数=12
21:15:38 INFO: レース結果取得開始: race_id=202301020403
21:15:40 INFO: 取得完了: race_id=202301020403, 出走頭数=13
21:15:40 INFO: レース結果取得開始: race_id=202301020404
21:15:41 INFO: 取得完了: race_id=202301020404, 出走頭数=14
21:15:41 INFO: レース結果取得開始: race_id=202301020405
21:15:43 INFO: 取得完了: race_id=202301020405, 出走頭数=9
21:15:43 INFO: レース結果取得開始: race_id=202301020406
21:15:45 INFO: 取得完了: race_id=202301020406, 出走頭数=12
21:15:45 INFO: レース結果取得開始: race_id=202301020407
21:15:47 INFO: 取得完了: race_id=202301020407, 出走頭数=16
21:15:47 INFO: レース結果取得開始: race_id=202301020408
21:15:49 INFO: 取得完了: race_id=202301020408, 出走頭数=9
21:15:49 INFO: レース結果取得開始: race_id=202301020409
21:15:50 INFO: 取得完了: race_id=202301020409, 出走頭数=14
21:15:50 INFO: レース結果取得開始: race_id=202301020410
21:15:52 INFO: 取得完了: race_id=202301020410, 出走頭数=14
21:15:52 INFO: レース結果取得開始: race_id=202301020411
21:15:54 INFO: 取得完了: race_id=202301020411, 出走頭数=15
21:15:54 INFO: レース結果取得開始: race_id=202301020412
21:15:56 INFO: 取得完了: race_id=202301020412, 出走頭数=13
21:15:56 INFO: レース結果取得開始: race_id=202304030401
21:15:58 INFO: 取得完了: race_id=202304030401, 出走頭数=9
21:15:58 INFO: レース結果取得開始: race_id=202304030402
21:15:59 INFO: 取得完了: race_id=202304030402, 出走頭数=9
21:15:59 INFO: レース結果取得開始: race_id=202304030403
21:16:01 INFO: 取得完了: race_id=202304030403, 出走頭数=13
21:16:01 INFO: レース結果取得開始: race_id=202304030404
21:16:03 INFO: 取得完了: race_id=202304030404, 出走頭数=15
21:16:03 INFO: レース結果取得開始: race_id=202304030405
21:16:05 INFO: 取得完了: race_id=202304030405, 出走頭数=16
21:16:05 INFO: レース結果取得開始: race_id=202304030406
21:16:07 INFO: 取得完了: race_id=202304030406, 出走頭数=18
21:16:07 INFO: レース結果取得開始: race_id=202304030407
21:16:09 INFO: 取得完了: race_id=202304030407, 出走頭数=18
21:16:10 INFO: レース結果取得開始: race_id=202304030408
21:16:11 INFO: 取得完了: race_id=202304030408, 出走頭数=15
21:16:11 INFO: レース結果取得開始: race_id=202304030409
21:16:13 INFO: 取得完了: race_id=202304030409, 出走頭数=18
21:16:13 INFO: レース結果取得開始: race_id=202304030410
21:16:14 INFO: 取得完了: race_id=202304030410, 出走頭数=18
21:16:14 INFO: レース結果取得開始: race_id=202304030411
21:16:16 INFO: 取得完了: race_id=202304030411, 出走頭数=14
21:16:16 INFO: レース結果取得開始: race_id=202304030412
21:16:19 INFO: 取得完了: race_id=202304030412, 出走頭数=15
[ 5700/6912] 202304030412: 15頭  errors=0  残り≈36分
21:16:19 INFO: レース結果取得開始: race_id=202310030401
21:16:20 INFO: 取得完了: race_id=202310030401, 出走頭数=12
21:16:20 INFO: レース結果取得開始: race_id=202310030402
21:16:22 INFO: 取得完了: race_id=202310030402, 出走頭数=5
21:16:22 INFO: レース結果取得開始: race_id=202310030403
21:16:24 INFO: 取得完了: race_id=202310030403, 出走頭数=16
21:16:24 INFO: レース結果取得開始: race_id=202310030404
21:16:26 INFO: 取得完了: race_id=202310030404, 出走頭数=18
21:16:26 INFO: レース結果取得開始: race_id=202310030405
21:16:28 INFO: 取得完了: race_id=202310030405, 出走頭数=16
21:16:28 INFO: レース結果取得開始: race_id=202310030406
21:16:30 INFO: 取得完了: race_id=202310030406, 出走頭数=14
21:16:30 INFO: レース結果取得開始: race_id=202310030407
21:16:31 INFO: 取得完了: race_id=202310030407, 出走頭数=16
21:16:31 INFO: レース結果取得開始: race_id=202310030408
21:16:33 INFO: 取得完了: race_id=202310030408, 出走頭数=11
21:16:33 INFO: レース結果取得開始: race_id=202310030409
21:16:35 INFO: 取得完了: race_id=202310030409, 出走頭数=16
21:16:35 INFO: レース結果取得開始: race_id=202310030410
21:16:37 INFO: 取得完了: race_id=202310030410, 出走頭数=16
21:16:37 INFO: レース結果取得開始: race_id=202310030411
21:16:39 INFO: 取得完了: race_id=202310030411, 出走頭数=18
21:16:39 INFO: レース結果取得開始: race_id=202310030412
21:16:40 INFO: 取得完了: race_id=202310030412, 出走頭数=16
21:16:40 INFO: レース結果取得開始: race_id=202301020501
21:16:42 INFO: 取得完了: race_id=202301020501, 出走頭数=11
21:16:42 INFO: レース結果取得開始: race_id=202301020502
21:16:44 INFO: 取得完了: race_id=202301020502, 出走頭数=5
21:16:44 INFO: レース結果取得開始: race_id=202301020503
21:16:46 INFO: 取得完了: race_id=202301020503, 出走頭数=12
21:16:46 INFO: レース結果取得開始: race_id=202301020504
21:16:47 INFO: 取得完了: race_id=202301020504, 出走頭数=14
21:16:47 INFO: レース結果取得開始: race_id=202301020505
21:16:49 INFO: 取得完了: race_id=202301020505, 出走頭数=13
21:16:49 INFO: レース結果取得開始: race_id=202301020506
21:16:51 INFO: 取得完了: race_id=202301020506, 出走頭数=14
21:16:51 INFO: レース結果取得開始: race_id=202301020507
21:16:53 INFO: 取得完了: race_id=202301020507, 出走頭数=14
21:16:53 INFO: レース結果取得開始: race_id=202301020508
21:16:55 INFO: 取得完了: race_id=202301020508, 出走頭数=14
21:16:55 INFO: レース結果取得開始: race_id=202301020509
21:16:57 INFO: 取得完了: race_id=202301020509, 出走頭数=14
21:16:57 INFO: レース結果取得開始: race_id=202301020510
21:16:58 INFO: 取得完了: race_id=202301020510, 出走頭数=14
21:16:58 INFO: レース結果取得開始: race_id=202301020511
21:17:00 INFO: 取得完了: race_id=202301020511, 出走頭数=14
21:17:00 INFO: レース結果取得開始: race_id=202301020512
21:17:02 INFO: 取得完了: race_id=202301020512, 出走頭数=14
21:17:02 INFO: レース結果取得開始: race_id=202304030501
21:17:04 INFO: 取得完了: race_id=202304030501, 出走頭数=18
21:17:04 INFO: レース結果取得開始: race_id=202304030502
21:17:06 INFO: 取得完了: race_id=202304030502, 出走頭数=15
21:17:06 INFO: レース結果取得開始: race_id=202304030503
21:17:08 INFO: 取得完了: race_id=202304030503, 出走頭数=15
21:17:08 INFO: レース結果取得開始: race_id=202304030504
21:17:09 INFO: 取得完了: race_id=202304030504, 出走頭数=15
21:17:09 INFO: レース結果取得開始: race_id=202304030505
21:17:11 INFO: 取得完了: race_id=202304030505, 出走頭数=11
21:17:11 INFO: レース結果取得開始: race_id=202304030506
21:17:13 INFO: 取得完了: race_id=202304030506, 出走頭数=18
21:17:13 INFO: レース結果取得開始: race_id=202304030507
21:17:15 INFO: 取得完了: race_id=202304030507, 出走頭数=18
21:17:15 INFO: レース結果取得開始: race_id=202304030508
21:17:16 INFO: 取得完了: race_id=202304030508, 出走頭数=13
21:17:16 INFO: レース結果取得開始: race_id=202304030509
21:17:18 INFO: 取得完了: race_id=202304030509, 出走頭数=15
21:17:18 INFO: レース結果取得開始: race_id=202304030510
21:17:20 INFO: 取得完了: race_id=202304030510, 出走頭数=17
21:17:20 INFO: レース結果取得開始: race_id=202304030511
21:17:22 INFO: 取得完了: race_id=202304030511, 出走頭数=13
21:17:22 INFO: レース結果取得開始: race_id=202304030512
21:17:24 INFO: 取得完了: race_id=202304030512, 出走頭数=14
21:17:24 INFO: レース結果取得開始: race_id=202310030501
21:17:25 INFO: 取得完了: race_id=202310030501, 出走頭数=11
21:17:25 INFO: レース結果取得開始: race_id=202310030502
21:17:27 INFO: 取得完了: race_id=202310030502, 出走頭数=16
21:17:27 INFO: レース結果取得開始: race_id=202310030503
21:17:29 INFO: 取得完了: race_id=202310030503, 出走頭数=14
21:17:29 INFO: レース結果取得開始: race_id=202310030504
21:17:31 INFO: 取得完了: race_id=202310030504, 出走頭数=10
21:17:31 INFO: レース結果取得開始: race_id=202310030505
21:17:33 INFO: 取得完了: race_id=202310030505, 出走頭数=12
21:17:33 INFO: レース結果取得開始: race_id=202310030506
21:17:35 INFO: 取得完了: race_id=202310030506, 出走頭数=16
21:17:35 INFO: レース結果取得開始: race_id=202310030507
21:17:36 INFO: 取得完了: race_id=202310030507, 出走頭数=18
21:17:36 INFO: レース結果取得開始: race_id=202310030508
21:17:38 INFO: 取得完了: race_id=202310030508, 出走頭数=16
21:17:38 INFO: レース結果取得開始: race_id=202310030509
21:17:40 INFO: 取得完了: race_id=202310030509, 出走頭数=18
21:17:40 INFO: レース結果取得開始: race_id=202310030510
21:17:41 INFO: 取得完了: race_id=202310030510, 出走頭数=10
21:17:41 INFO: レース結果取得開始: race_id=202310030511
21:17:43 INFO: 取得完了: race_id=202310030511, 出走頭数=13
21:17:43 INFO: レース結果取得開始: race_id=202310030512
21:17:45 INFO: 取得完了: race_id=202310030512, 出走頭数=14
21:17:45 INFO: レース結果取得開始: race_id=202301020601
21:17:47 INFO: 取得完了: race_id=202301020601, 出走頭数=9
21:17:47 INFO: レース結果取得開始: race_id=202301020602
21:17:48 INFO: 取得完了: race_id=202301020602, 出走頭数=14
21:17:48 INFO: レース結果取得開始: race_id=202301020603
21:17:50 INFO: 取得完了: race_id=202301020603, 出走頭数=12
21:17:50 INFO: レース結果取得開始: race_id=202301020604
21:17:51 INFO: 取得完了: race_id=202301020604, 出走頭数=14
21:17:51 INFO: レース結果取得開始: race_id=202301020605
21:17:53 INFO: 取得完了: race_id=202301020605, 出走頭数=5
21:17:53 INFO: レース結果取得開始: race_id=202301020606
21:17:55 INFO: 取得完了: race_id=202301020606, 出走頭数=16
21:17:55 INFO: レース結果取得開始: race_id=202301020607
21:17:58 INFO: 取得完了: race_id=202301020607, 出走頭数=12
21:17:58 INFO: レース結果取得開始: race_id=202301020608
21:17:59 INFO: 取得完了: race_id=202301020608, 出走頭数=14
21:17:59 INFO: レース結果取得開始: race_id=202301020609
21:18:01 INFO: 取得完了: race_id=202301020609, 出走頭数=16
21:18:01 INFO: レース結果取得開始: race_id=202301020610
21:18:02 INFO: 取得完了: race_id=202301020610, 出走頭数=14
21:18:02 INFO: レース結果取得開始: race_id=202301020611
21:18:04 INFO: 取得完了: race_id=202301020611, 出走頭数=16
21:18:04 INFO: レース結果取得開始: race_id=202301020612
21:18:06 INFO: 取得完了: race_id=202301020612, 出走頭数=14
21:18:06 INFO: レース結果取得開始: race_id=202304030601
21:18:08 INFO: 取得完了: race_id=202304030601, 出走頭数=14
21:18:08 INFO: レース結果取得開始: race_id=202304030602
21:18:09 INFO: 取得完了: race_id=202304030602, 出走頭数=14
21:18:09 INFO: レース結果取得開始: race_id=202304030603
21:18:11 INFO: 取得完了: race_id=202304030603, 出走頭数=12
21:18:11 INFO: レース結果取得開始: race_id=202304030604
21:18:12 INFO: 取得完了: race_id=202304030604, 出走頭数=18
21:18:12 INFO: レース結果取得開始: race_id=202304030605
21:18:13 INFO: 取得完了: race_id=202304030605, 出走頭数=12
21:18:13 INFO: レース結果取得開始: race_id=202304030606
21:18:14 INFO: 取得完了: race_id=202304030606, 出走頭数=14
21:18:14 INFO: レース結果取得開始: race_id=202304030607
21:18:16 INFO: 取得完了: race_id=202304030607, 出走頭数=8
21:18:16 INFO: レース結果取得開始: race_id=202304030608
21:18:18 INFO: 取得完了: race_id=202304030608, 出走頭数=12
21:18:18 INFO: レース結果取得開始: race_id=202304030609
21:18:20 INFO: 取得完了: race_id=202304030609, 出走頭数=17
21:18:20 INFO: レース結果取得開始: race_id=202304030610
21:18:22 INFO: 取得完了: race_id=202304030610, 出走頭数=17
21:18:22 INFO: レース結果取得開始: race_id=202304030611
21:18:23 INFO: 取得完了: race_id=202304030611, 出走頭数=12
21:18:23 INFO: レース結果取得開始: race_id=202304030612
21:18:25 INFO: 取得完了: race_id=202304030612, 出走頭数=15
21:18:25 INFO: レース結果取得開始: race_id=202310030601
21:18:27 INFO: 取得完了: race_id=202310030601, 出走頭数=13
21:18:27 INFO: レース結果取得開始: race_id=202310030602
21:18:29 INFO: 取得完了: race_id=202310030602, 出走頭数=12
21:18:29 INFO: レース結果取得開始: race_id=202310030603
21:18:31 INFO: 取得完了: race_id=202310030603, 出走頭数=16
21:18:31 INFO: レース結果取得開始: race_id=202310030604
21:18:33 INFO: 取得完了: race_id=202310030604, 出走頭数=16
21:18:33 INFO: レース結果取得開始: race_id=202310030605
21:18:35 INFO: 取得完了: race_id=202310030605, 出走頭数=9
21:18:35 INFO: レース結果取得開始: race_id=202310030606
21:18:36 INFO: 取得完了: race_id=202310030606, 出走頭数=18
21:18:36 INFO: レース結果取得開始: race_id=202310030607
21:18:38 INFO: 取得完了: race_id=202310030607, 出走頭数=16
21:18:38 INFO: レース結果取得開始: race_id=202310030608
21:18:40 INFO: 取得完了: race_id=202310030608, 出走頭数=12
21:18:40 INFO: レース結果取得開始: race_id=202310030609
21:18:42 INFO: 取得完了: race_id=202310030609, 出走頭数=12
21:18:42 INFO: レース結果取得開始: race_id=202310030610
21:18:44 INFO: 取得完了: race_id=202310030610, 出走頭数=16
21:18:44 INFO: レース結果取得開始: race_id=202310030611
21:18:45 INFO: 取得完了: race_id=202310030611, 出走頭数=12
21:18:45 INFO: レース結果取得開始: race_id=202310030612
21:18:47 INFO: 取得完了: race_id=202310030612, 出走頭数=14
21:18:47 INFO: レース結果取得開始: race_id=202301020701
21:18:49 INFO: 取得完了: race_id=202301020701, 出走頭数=8
21:18:49 INFO: レース結果取得開始: race_id=202301020702
21:18:52 INFO: 取得完了: race_id=202301020702, 出走頭数=14
21:18:52 INFO: レース結果取得開始: race_id=202301020703
21:18:54 INFO: 取得完了: race_id=202301020703, 出走頭数=16
21:18:54 INFO: レース結果取得開始: race_id=202301020704
21:18:56 INFO: 取得完了: race_id=202301020704, 出走頭数=14
21:18:56 INFO: レース結果取得開始: race_id=202301020705
21:18:58 INFO: 取得完了: race_id=202301020705, 出走頭数=13
21:18:58 INFO: レース結果取得開始: race_id=202301020706
21:19:00 INFO: 取得完了: race_id=202301020706, 出走頭数=12
21:19:00 INFO: レース結果取得開始: race_id=202301020707
21:19:02 INFO: 取得完了: race_id=202301020707, 出走頭数=16
21:19:02 INFO: レース結果取得開始: race_id=202301020708
21:19:04 INFO: 取得完了: race_id=202301020708, 出走頭数=14
21:19:04 INFO: レース結果取得開始: race_id=202301020709
21:19:05 INFO: 取得完了: race_id=202301020709, 出走頭数=16
21:19:05 INFO: レース結果取得開始: race_id=202301020710
21:19:08 INFO: 取得完了: race_id=202301020710, 出走頭数=14
21:19:08 INFO: レース結果取得開始: race_id=202301020711
21:19:10 INFO: 取得完了: race_id=202301020711, 出走頭数=10
21:19:10 INFO: レース結果取得開始: race_id=202301020712
21:19:12 INFO: 取得完了: race_id=202301020712, 出走頭数=14
21:19:12 INFO: レース結果取得開始: race_id=202304030701
21:19:14 INFO: 取得完了: race_id=202304030701, 出走頭数=14
21:19:14 INFO: レース結果取得開始: race_id=202304030702
21:19:15 INFO: 取得完了: race_id=202304030702, 出走頭数=15
21:19:15 INFO: レース結果取得開始: race_id=202304030703
21:19:17 INFO: 取得完了: race_id=202304030703, 出走頭数=15
21:19:17 INFO: レース結果取得開始: race_id=202304030704
21:19:18 INFO: 取得完了: race_id=202304030704, 出走頭数=6
[ 5800/6912] 202304030704: 6頭  errors=0  残り≈33分
21:19:18 INFO: レース結果取得開始: race_id=202304030705
21:19:20 INFO: 取得完了: race_id=202304030705, 出走頭数=13
21:19:20 INFO: レース結果取得開始: race_id=202304030706
21:19:22 INFO: 取得完了: race_id=202304030706, 出走頭数=18
21:19:22 INFO: レース結果取得開始: race_id=202304030707
21:19:24 INFO: 取得完了: race_id=202304030707, 出走頭数=18
21:19:24 INFO: レース結果取得開始: race_id=202304030708
21:19:26 INFO: 取得完了: race_id=202304030708, 出走頭数=15
21:19:26 INFO: レース結果取得開始: race_id=202304030709
21:19:28 INFO: 取得完了: race_id=202304030709, 出走頭数=10
21:19:28 INFO: レース結果取得開始: race_id=202304030710
21:19:29 INFO: 取得完了: race_id=202304030710, 出走頭数=9
21:19:30 INFO: レース結果取得開始: race_id=202304030711
21:19:32 INFO: 取得完了: race_id=202304030711, 出走頭数=15
21:19:32 INFO: レース結果取得開始: race_id=202304030712
21:19:33 INFO: 取得完了: race_id=202304030712, 出走頭数=18
21:19:34 INFO: レース結果取得開始: race_id=202310030701
21:19:35 INFO: 取得完了: race_id=202310030701, 出走頭数=9
21:19:35 INFO: レース結果取得開始: race_id=202310030702
21:19:37 INFO: 取得完了: race_id=202310030702, 出走頭数=16
21:19:37 INFO: レース結果取得開始: race_id=202310030703
21:19:39 INFO: 取得完了: race_id=202310030703, 出走頭数=18
21:19:39 INFO: レース結果取得開始: race_id=202310030704
21:19:41 INFO: 取得完了: race_id=202310030704, 出走頭数=16
21:19:41 INFO: レース結果取得開始: race_id=202310030705
21:19:42 INFO: 取得完了: race_id=202310030705, 出走頭数=13
21:19:42 INFO: レース結果取得開始: race_id=202310030706
21:19:44 INFO: 取得完了: race_id=202310030706, 出走頭数=14
21:19:44 INFO: レース結果取得開始: race_id=202310030707
21:19:46 INFO: 取得完了: race_id=202310030707, 出走頭数=18
21:19:46 INFO: レース結果取得開始: race_id=202310030708
21:19:47 INFO: 取得完了: race_id=202310030708, 出走頭数=10
21:19:47 INFO: レース結果取得開始: race_id=202310030709
21:19:48 INFO: 取得完了: race_id=202310030709, 出走頭数=14
21:19:48 INFO: レース結果取得開始: race_id=202310030710
21:19:50 INFO: 取得完了: race_id=202310030710, 出走頭数=10
21:19:50 INFO: レース結果取得開始: race_id=202310030711
21:19:53 INFO: 取得完了: race_id=202310030711, 出走頭数=13
21:19:53 INFO: レース結果取得開始: race_id=202310030712
21:19:55 INFO: 取得完了: race_id=202310030712, 出走頭数=16
21:19:55 INFO: レース結果取得開始: race_id=202301020801
21:19:56 INFO: 取得完了: race_id=202301020801, 出走頭数=11
21:19:56 INFO: レース結果取得開始: race_id=202301020802
21:19:58 INFO: 取得完了: race_id=202301020802, 出走頭数=9
21:19:58 INFO: レース結果取得開始: race_id=202301020803
21:20:00 INFO: 取得完了: race_id=202301020803, 出走頭数=14
21:20:00 INFO: レース結果取得開始: race_id=202301020804
21:20:02 INFO: 取得完了: race_id=202301020804, 出走頭数=16
21:20:02 INFO: レース結果取得開始: race_id=202301020805
21:20:03 INFO: 取得完了: race_id=202301020805, 出走頭数=14
21:20:03 INFO: レース結果取得開始: race_id=202301020806
21:20:05 INFO: 取得完了: race_id=202301020806, 出走頭数=16
21:20:05 INFO: レース結果取得開始: race_id=202301020807
21:20:07 INFO: 取得完了: race_id=202301020807, 出走頭数=14
21:20:07 INFO: レース結果取得開始: race_id=202301020808
21:20:08 INFO: 取得完了: race_id=202301020808, 出走頭数=14
21:20:08 INFO: レース結果取得開始: race_id=202301020809
21:20:10 INFO: 取得完了: race_id=202301020809, 出走頭数=14
21:20:10 INFO: レース結果取得開始: race_id=202301020810
21:20:11 INFO: 取得完了: race_id=202301020810, 出走頭数=12
21:20:11 INFO: レース結果取得開始: race_id=202301020811
21:20:14 INFO: 取得完了: race_id=202301020811, 出走頭数=14
21:20:14 INFO: レース結果取得開始: race_id=202301020812
21:20:15 INFO: 取得完了: race_id=202301020812, 出走頭数=14
21:20:15 INFO: レース結果取得開始: race_id=202304030801
21:20:17 INFO: 取得完了: race_id=202304030801, 出走頭数=15
21:20:17 INFO: レース結果取得開始: race_id=202304030802
21:20:19 INFO: 取得完了: race_id=202304030802, 出走頭数=13
21:20:19 INFO: レース結果取得開始: race_id=202304030803
21:20:20 INFO: 取得完了: race_id=202304030803, 出走頭数=15
21:20:20 INFO: レース結果取得開始: race_id=202304030804
21:20:22 INFO: 取得完了: race_id=202304030804, 出走頭数=18
21:20:22 INFO: レース結果取得開始: race_id=202304030805
21:20:23 INFO: 取得完了: race_id=202304030805, 出走頭数=13
21:20:23 INFO: レース結果取得開始: race_id=202304030806
21:20:25 INFO: 取得完了: race_id=202304030806, 出走頭数=18
21:20:25 INFO: レース結果取得開始: race_id=202304030807
21:20:27 INFO: 取得完了: race_id=202304030807, 出走頭数=15
21:20:27 INFO: レース結果取得開始: race_id=202304030808
21:20:29 INFO: 取得完了: race_id=202304030808, 出走頭数=15
21:20:29 INFO: レース結果取得開始: race_id=202304030809
21:20:31 INFO: 取得完了: race_id=202304030809, 出走頭数=13
21:20:31 INFO: レース結果取得開始: race_id=202304030810
21:20:32 INFO: 取得完了: race_id=202304030810, 出走頭数=15
21:20:32 INFO: レース結果取得開始: race_id=202304030811
21:20:35 INFO: 取得完了: race_id=202304030811, 出走頭数=14
21:20:35 INFO: レース結果取得開始: race_id=202304030812
21:20:36 INFO: 取得完了: race_id=202304030812, 出走頭数=17
21:20:36 INFO: レース結果取得開始: race_id=202310030801
21:20:38 INFO: 取得完了: race_id=202310030801, 出走頭数=11
21:20:38 INFO: レース結果取得開始: race_id=202310030802
21:20:40 INFO: 取得完了: race_id=202310030802, 出走頭数=14
21:20:41 INFO: レース結果取得開始: race_id=202310030803
21:20:42 INFO: 取得完了: race_id=202310030803, 出走頭数=16
21:20:42 INFO: レース結果取得開始: race_id=202310030804
21:20:44 INFO: 取得完了: race_id=202310030804, 出走頭数=18
21:20:44 INFO: レース結果取得開始: race_id=202310030805
21:20:46 INFO: 取得完了: race_id=202310030805, 出走頭数=16
21:20:46 INFO: レース結果取得開始: race_id=202310030806
21:20:47 INFO: 取得完了: race_id=202310030806, 出走頭数=16
21:20:47 INFO: レース結果取得開始: race_id=202310030807
21:20:49 INFO: 取得完了: race_id=202310030807, 出走頭数=18
21:20:49 INFO: レース結果取得開始: race_id=202310030808
21:20:51 INFO: 取得完了: race_id=202310030808, 出走頭数=13
21:20:51 INFO: レース結果取得開始: race_id=202310030809
21:20:53 INFO: 取得完了: race_id=202310030809, 出走頭数=17
21:20:53 INFO: レース結果取得開始: race_id=202310030810
21:20:55 INFO: 取得完了: race_id=202310030810, 出走頭数=15
21:20:55 INFO: レース結果取得開始: race_id=202310030811
21:20:57 INFO: 取得完了: race_id=202310030811, 出走頭数=10
21:20:57 INFO: レース結果取得開始: race_id=202310030812
21:20:59 INFO: 取得完了: race_id=202310030812, 出走頭数=12
21:20:59 INFO: レース結果取得開始: race_id=202306040101
21:21:01 INFO: 取得完了: race_id=202306040101, 出走頭数=12
21:21:01 INFO: レース結果取得開始: race_id=202306040102
21:21:02 INFO: 取得完了: race_id=202306040102, 出走頭数=12
21:21:02 INFO: レース結果取得開始: race_id=202306040103
21:21:05 INFO: 取得完了: race_id=202306040103, 出走頭数=15
21:21:05 INFO: レース結果取得開始: race_id=202306040104
21:21:07 INFO: 取得完了: race_id=202306040104, 出走頭数=15
21:21:07 INFO: レース結果取得開始: race_id=202306040105
21:21:09 INFO: 取得完了: race_id=202306040105, 出走頭数=10
21:21:09 INFO: レース結果取得開始: race_id=202306040106
21:21:10 INFO: 取得完了: race_id=202306040106, 出走頭数=16
21:21:10 INFO: レース結果取得開始: race_id=202306040107
21:21:13 INFO: 取得完了: race_id=202306040107, 出走頭数=9
21:21:13 INFO: レース結果取得開始: race_id=202306040108
21:21:15 INFO: 取得完了: race_id=202306040108, 出走頭数=10
21:21:15 INFO: レース結果取得開始: race_id=202306040109
21:21:16 INFO: 取得完了: race_id=202306040109, 出走頭数=8
21:21:16 INFO: レース結果取得開始: race_id=202306040110
21:21:18 INFO: 取得完了: race_id=202306040110, 出走頭数=10
21:21:18 INFO: レース結果取得開始: race_id=202306040111
21:21:19 INFO: 取得完了: race_id=202306040111, 出走頭数=17
21:21:19 INFO: レース結果取得開始: race_id=202306040112
21:21:21 INFO: 取得完了: race_id=202306040112, 出走頭数=16
21:21:22 INFO: レース結果取得開始: race_id=202309040101
21:21:23 INFO: 取得完了: race_id=202309040101, 出走頭数=12
21:21:23 INFO: レース結果取得開始: race_id=202309040102
21:21:25 INFO: 取得完了: race_id=202309040102, 出走頭数=9
21:21:25 INFO: レース結果取得開始: race_id=202309040103
21:21:27 INFO: 取得完了: race_id=202309040103, 出走頭数=7
21:21:27 INFO: レース結果取得開始: race_id=202309040104
21:21:28 INFO: 取得完了: race_id=202309040104, 出走頭数=11
21:21:28 INFO: レース結果取得開始: race_id=202309040105
21:21:30 INFO: 取得完了: race_id=202309040105, 出走頭数=6
21:21:30 INFO: レース結果取得開始: race_id=202309040106
21:21:31 INFO: 取得完了: race_id=202309040106, 出走頭数=13
21:21:31 INFO: レース結果取得開始: race_id=202309040107
21:21:33 INFO: 取得完了: race_id=202309040107, 出走頭数=10
21:21:33 INFO: レース結果取得開始: race_id=202309040108
21:21:35 INFO: 取得完了: race_id=202309040108, 出走頭数=10
21:21:35 INFO: レース結果取得開始: race_id=202309040109
21:21:37 INFO: 取得完了: race_id=202309040109, 出走頭数=8
21:21:37 INFO: レース結果取得開始: race_id=202309040110
21:21:39 INFO: 取得完了: race_id=202309040110, 出走頭数=13
21:21:39 INFO: レース結果取得開始: race_id=202309040111
21:21:40 INFO: 取得完了: race_id=202309040111, 出走頭数=9
21:21:40 INFO: レース結果取得開始: race_id=202309040112
21:21:42 INFO: 取得完了: race_id=202309040112, 出走頭数=16
21:21:42 INFO: レース結果取得開始: race_id=202306040201
21:21:44 INFO: 取得完了: race_id=202306040201, 出走頭数=16
21:21:44 INFO: レース結果取得開始: race_id=202306040202
21:21:45 INFO: 取得完了: race_id=202306040202, 出走頭数=10
21:21:45 INFO: レース結果取得開始: race_id=202306040203
21:21:47 INFO: 取得完了: race_id=202306040203, 出走頭数=16
21:21:47 INFO: レース結果取得開始: race_id=202306040204
21:21:49 INFO: 取得完了: race_id=202306040204, 出走頭数=16
21:21:49 INFO: レース結果取得開始: race_id=202306040205
21:21:51 INFO: 取得完了: race_id=202306040205, 出走頭数=13
21:21:51 INFO: レース結果取得開始: race_id=202306040206
21:21:53 INFO: 取得完了: race_id=202306040206, 出走頭数=9
21:21:53 INFO: レース結果取得開始: race_id=202306040207
21:21:54 INFO: 取得完了: race_id=202306040207, 出走頭数=16
21:21:54 INFO: レース結果取得開始: race_id=202306040208
21:21:56 INFO: 取得完了: race_id=202306040208, 出走頭数=10
21:21:56 INFO: レース結果取得開始: race_id=202306040209
21:21:57 INFO: 取得完了: race_id=202306040209, 出走頭数=10
21:21:57 INFO: レース結果取得開始: race_id=202306040210
21:21:59 INFO: 取得完了: race_id=202306040210, 出走頭数=12
21:21:59 INFO: レース結果取得開始: race_id=202306040211
21:22:01 INFO: 取得完了: race_id=202306040211, 出走頭数=11
21:22:01 INFO: レース結果取得開始: race_id=202306040212
21:22:02 INFO: 取得完了: race_id=202306040212, 出走頭数=16
21:22:02 INFO: レース結果取得開始: race_id=202309040201
21:22:04 INFO: 取得完了: race_id=202309040201, 出走頭数=10
21:22:04 INFO: レース結果取得開始: race_id=202309040202
21:22:05 INFO: 取得完了: race_id=202309040202, 出走頭数=8
21:22:05 INFO: レース結果取得開始: race_id=202309040203
21:22:07 INFO: 取得完了: race_id=202309040203, 出走頭数=9
21:22:07 INFO: レース結果取得開始: race_id=202309040204
21:22:09 INFO: 取得完了: race_id=202309040204, 出走頭数=11
21:22:09 INFO: レース結果取得開始: race_id=202309040205
21:22:11 INFO: 取得完了: race_id=202309040205, 出走頭数=7
21:22:11 INFO: レース結果取得開始: race_id=202309040206
21:22:13 INFO: 取得完了: race_id=202309040206, 出走頭数=12
21:22:13 INFO: レース結果取得開始: race_id=202309040207
21:22:15 INFO: 取得完了: race_id=202309040207, 出走頭数=13
21:22:15 INFO: レース結果取得開始: race_id=202309040208
21:22:17 INFO: 取得完了: race_id=202309040208, 出走頭数=15
[ 5900/6912] 202309040208: 15頭  errors=0  残り≈30分
21:22:17 INFO: レース結果取得開始: race_id=202309040209
21:22:19 INFO: 取得完了: race_id=202309040209, 出走頭数=8
21:22:19 INFO: レース結果取得開始: race_id=202309040210
21:22:20 INFO: 取得完了: race_id=202309040210, 出走頭数=12
21:22:20 INFO: レース結果取得開始: race_id=202309040211
21:22:22 INFO: 取得完了: race_id=202309040211, 出走頭数=15
21:22:22 INFO: レース結果取得開始: race_id=202309040212
21:22:24 INFO: 取得完了: race_id=202309040212, 出走頭数=12
21:22:24 INFO: レース結果取得開始: race_id=202306040301
21:22:25 INFO: 取得完了: race_id=202306040301, 出走頭数=13
21:22:25 INFO: レース結果取得開始: race_id=202306040302
21:22:28 INFO: 取得完了: race_id=202306040302, 出走頭数=11
21:22:28 INFO: レース結果取得開始: race_id=202306040303
21:22:29 INFO: 取得完了: race_id=202306040303, 出走頭数=12
21:22:29 INFO: レース結果取得開始: race_id=202306040304
21:22:31 INFO: 取得完了: race_id=202306040304, 出走頭数=15
21:22:31 INFO: レース結果取得開始: race_id=202306040305
21:22:33 INFO: 取得完了: race_id=202306040305, 出走頭数=9
21:22:33 INFO: レース結果取得開始: race_id=202306040306
21:22:35 INFO: 取得完了: race_id=202306040306, 出走頭数=16
21:22:35 INFO: レース結果取得開始: race_id=202306040307
21:22:37 INFO: 取得完了: race_id=202306040307, 出走頭数=14
21:22:37 INFO: レース結果取得開始: race_id=202306040308
21:22:38 INFO: 取得完了: race_id=202306040308, 出走頭数=14
21:22:38 INFO: レース結果取得開始: race_id=202306040309
21:22:40 INFO: 取得完了: race_id=202306040309, 出走頭数=16
21:22:40 INFO: レース結果取得開始: race_id=202306040310
21:22:42 INFO: 取得完了: race_id=202306040310, 出走頭数=9
21:22:42 INFO: レース結果取得開始: race_id=202306040311
21:22:44 INFO: 取得完了: race_id=202306040311, 出走頭数=10
21:22:44 INFO: レース結果取得開始: race_id=202306040312
21:22:46 INFO: 取得完了: race_id=202306040312, 出走頭数=11
21:22:46 INFO: レース結果取得開始: race_id=202309040301
21:22:48 INFO: 取得完了: race_id=202309040301, 出走頭数=9
21:22:48 INFO: レース結果取得開始: race_id=202309040302
21:22:50 INFO: 取得完了: race_id=202309040302, 出走頭数=16
21:22:50 INFO: レース結果取得開始: race_id=202309040303
21:22:51 INFO: 取得完了: race_id=202309040303, 出走頭数=9
21:22:51 INFO: レース結果取得開始: race_id=202309040304
21:22:53 INFO: 取得完了: race_id=202309040304, 出走頭数=18
21:22:53 INFO: レース結果取得開始: race_id=202309040305
21:22:55 INFO: 取得完了: race_id=202309040305, 出走頭数=8
21:22:55 INFO: レース結果取得開始: race_id=202309040306
21:22:56 INFO: 取得完了: race_id=202309040306, 出走頭数=15
21:22:56 INFO: レース結果取得開始: race_id=202309040307
21:22:58 INFO: 取得完了: race_id=202309040307, 出走頭数=15
21:22:58 INFO: レース結果取得開始: race_id=202309040308
21:23:00 INFO: 取得完了: race_id=202309040308, 出走頭数=14
21:23:00 INFO: レース結果取得開始: race_id=202309040309
21:23:02 INFO: 取得完了: race_id=202309040309, 出走頭数=6
21:23:02 INFO: レース結果取得開始: race_id=202309040310
21:23:04 INFO: 取得完了: race_id=202309040310, 出走頭数=16
21:23:04 INFO: レース結果取得開始: race_id=202309040311
21:23:05 INFO: 取得完了: race_id=202309040311, 出走頭数=10
21:23:05 INFO: レース結果取得開始: race_id=202309040312
21:23:07 INFO: 取得完了: race_id=202309040312, 出走頭数=16
21:23:07 INFO: レース結果取得開始: race_id=202306040401
21:23:09 INFO: 取得完了: race_id=202306040401, 出走頭数=14
21:23:09 INFO: レース結果取得開始: race_id=202306040402
21:23:11 INFO: 取得完了: race_id=202306040402, 出走頭数=10
21:23:11 INFO: レース結果取得開始: race_id=202306040403
21:23:12 INFO: 取得完了: race_id=202306040403, 出走頭数=12
21:23:12 INFO: レース結果取得開始: race_id=202306040404
21:23:14 INFO: 取得完了: race_id=202306040404, 出走頭数=16
21:23:14 INFO: レース結果取得開始: race_id=202306040405
21:23:16 INFO: 取得完了: race_id=202306040405, 出走頭数=16
21:23:16 INFO: レース結果取得開始: race_id=202306040406
21:23:17 INFO: 取得完了: race_id=202306040406, 出走頭数=12
21:23:17 INFO: レース結果取得開始: race_id=202306040407
21:23:19 INFO: 取得完了: race_id=202306040407, 出走頭数=16
21:23:19 INFO: レース結果取得開始: race_id=202306040408
21:23:21 INFO: 取得完了: race_id=202306040408, 出走頭数=15
21:23:21 INFO: レース結果取得開始: race_id=202306040409
21:23:22 INFO: 取得完了: race_id=202306040409, 出走頭数=16
21:23:22 INFO: レース結果取得開始: race_id=202306040410
21:23:23 INFO: 取得完了: race_id=202306040410, 出走頭数=15
21:23:23 INFO: レース結果取得開始: race_id=202306040411
21:23:25 INFO: 取得完了: race_id=202306040411, 出走頭数=16
21:23:25 INFO: レース結果取得開始: race_id=202306040412
21:23:27 INFO: 取得完了: race_id=202306040412, 出走頭数=16
21:23:27 INFO: レース結果取得開始: race_id=202309040401
21:23:28 INFO: 取得完了: race_id=202309040401, 出走頭数=8
21:23:28 INFO: レース結果取得開始: race_id=202309040402
21:23:30 INFO: 取得完了: race_id=202309040402, 出走頭数=12
21:23:30 INFO: レース結果取得開始: race_id=202309040403
21:23:32 INFO: 取得完了: race_id=202309040403, 出走頭数=13
21:23:32 INFO: レース結果取得開始: race_id=202309040404
21:23:33 INFO: 取得完了: race_id=202309040404, 出走頭数=8
21:23:33 INFO: レース結果取得開始: race_id=202309040405
21:23:35 INFO: 取得完了: race_id=202309040405, 出走頭数=9
21:23:35 INFO: レース結果取得開始: race_id=202309040406
21:23:37 INFO: 取得完了: race_id=202309040406, 出走頭数=16
21:23:37 INFO: レース結果取得開始: race_id=202309040407
21:23:39 INFO: 取得完了: race_id=202309040407, 出走頭数=16
21:23:39 INFO: レース結果取得開始: race_id=202309040408
21:23:40 INFO: 取得完了: race_id=202309040408, 出走頭数=12
21:23:40 INFO: レース結果取得開始: race_id=202309040409
21:23:42 INFO: 取得完了: race_id=202309040409, 出走頭数=11
21:23:42 INFO: レース結果取得開始: race_id=202309040410
21:23:44 INFO: 取得完了: race_id=202309040410, 出走頭数=15
21:23:44 INFO: レース結果取得開始: race_id=202309040411
21:23:46 INFO: 取得完了: race_id=202309040411, 出走頭数=17
21:23:46 INFO: レース結果取得開始: race_id=202309040412
21:23:48 INFO: 取得完了: race_id=202309040412, 出走頭数=16
21:23:48 INFO: レース結果取得開始: race_id=202306040501
21:23:50 INFO: 取得完了: race_id=202306040501, 出走頭数=13
21:23:50 INFO: レース結果取得開始: race_id=202306040502
21:23:51 INFO: 取得完了: race_id=202306040502, 出走頭数=16
21:23:51 INFO: レース結果取得開始: race_id=202306040503
21:23:53 INFO: 取得完了: race_id=202306040503, 出走頭数=11
21:23:53 INFO: レース結果取得開始: race_id=202306040504
21:23:55 INFO: 取得完了: race_id=202306040504, 出走頭数=11
21:23:55 INFO: レース結果取得開始: race_id=202306040505
21:23:56 INFO: 取得完了: race_id=202306040505, 出走頭数=13
21:23:56 INFO: レース結果取得開始: race_id=202306040506
21:23:58 INFO: 取得完了: race_id=202306040506, 出走頭数=8
21:23:58 INFO: レース結果取得開始: race_id=202306040507
21:24:00 INFO: 取得完了: race_id=202306040507, 出走頭数=16
21:24:00 INFO: レース結果取得開始: race_id=202306040508
21:24:02 INFO: 取得完了: race_id=202306040508, 出走頭数=9
21:24:02 INFO: レース結果取得開始: race_id=202306040509
21:24:04 INFO: 取得完了: race_id=202306040509, 出走頭数=16
21:24:04 INFO: レース結果取得開始: race_id=202306040510
21:24:06 INFO: 取得完了: race_id=202306040510, 出走頭数=14
21:24:06 INFO: レース結果取得開始: race_id=202306040511
21:24:08 INFO: 取得完了: race_id=202306040511, 出走頭数=15
21:24:08 INFO: レース結果取得開始: race_id=202306040512
21:24:10 INFO: 取得完了: race_id=202306040512, 出走頭数=16
21:24:10 INFO: レース結果取得開始: race_id=202309040501
21:24:11 INFO: 取得完了: race_id=202309040501, 出走頭数=11
21:24:11 INFO: レース結果取得開始: race_id=202309040502
21:24:13 INFO: 取得完了: race_id=202309040502, 出走頭数=10
21:24:13 INFO: レース結果取得開始: race_id=202309040503
21:24:14 INFO: 取得完了: race_id=202309040503, 出走頭数=11
21:24:14 INFO: レース結果取得開始: race_id=202309040504
21:24:16 INFO: 取得完了: race_id=202309040504, 出走頭数=8
21:24:16 INFO: レース結果取得開始: race_id=202309040505
21:24:18 INFO: 取得完了: race_id=202309040505, 出走頭数=9
21:24:18 INFO: レース結果取得開始: race_id=202309040506
21:24:19 INFO: 取得完了: race_id=202309040506, 出走頭数=16
21:24:19 INFO: レース結果取得開始: race_id=202309040507
21:24:20 INFO: 取得完了: race_id=202309040507, 出走頭数=11
21:24:20 INFO: レース結果取得開始: race_id=202309040508
21:24:22 INFO: 取得完了: race_id=202309040508, 出走頭数=13
21:24:22 INFO: レース結果取得開始: race_id=202309040509
21:24:24 INFO: 取得完了: race_id=202309040509, 出走頭数=14
21:24:24 INFO: レース結果取得開始: race_id=202309040510
21:24:26 INFO: 取得完了: race_id=202309040510, 出走頭数=10
21:24:26 INFO: レース結果取得開始: race_id=202309040511
21:24:28 INFO: 取得完了: race_id=202309040511, 出走頭数=16
21:24:28 INFO: レース結果取得開始: race_id=202309040512
21:24:30 INFO: 取得完了: race_id=202309040512, 出走頭数=16
21:24:30 INFO: レース結果取得開始: race_id=202306040601
21:24:32 INFO: 取得完了: race_id=202306040601, 出走頭数=14
21:24:32 INFO: レース結果取得開始: race_id=202306040602
21:24:34 INFO: 取得完了: race_id=202306040602, 出走頭数=16
21:24:34 INFO: レース結果取得開始: race_id=202306040603
21:24:36 INFO: 取得完了: race_id=202306040603, 出走頭数=16
21:24:36 INFO: レース結果取得開始: race_id=202306040604
21:24:38 INFO: 取得完了: race_id=202306040604, 出走頭数=16
21:24:38 INFO: レース結果取得開始: race_id=202306040605
21:24:40 INFO: 取得完了: race_id=202306040605, 出走頭数=16
21:24:40 INFO: レース結果取得開始: race_id=202306040606
21:24:41 INFO: 取得完了: race_id=202306040606, 出走頭数=13
21:24:41 INFO: レース結果取得開始: race_id=202306040607
21:24:43 INFO: 取得完了: race_id=202306040607, 出走頭数=11
21:24:43 INFO: レース結果取得開始: race_id=202306040608
21:24:45 INFO: 取得完了: race_id=202306040608, 出走頭数=13
21:24:45 INFO: レース結果取得開始: race_id=202306040609
21:24:47 INFO: 取得完了: race_id=202306040609, 出走頭数=10
21:24:47 INFO: レース結果取得開始: race_id=202306040610
21:24:49 INFO: 取得完了: race_id=202306040610, 出走頭数=12
21:24:49 INFO: レース結果取得開始: race_id=202306040611
21:24:51 INFO: 取得完了: race_id=202306040611, 出走頭数=12
21:24:51 INFO: レース結果取得開始: race_id=202306040612
21:24:52 INFO: 取得完了: race_id=202306040612, 出走頭数=16
21:24:52 INFO: レース結果取得開始: race_id=202309040601
21:24:54 INFO: 取得完了: race_id=202309040601, 出走頭数=12
21:24:54 INFO: レース結果取得開始: race_id=202309040602
21:24:57 INFO: 取得完了: race_id=202309040602, 出走頭数=10
21:24:57 INFO: レース結果取得開始: race_id=202309040603
21:24:58 INFO: 取得完了: race_id=202309040603, 出走頭数=10
21:24:58 INFO: レース結果取得開始: race_id=202309040604
21:24:59 INFO: 取得完了: race_id=202309040604, 出走頭数=14
21:24:59 INFO: レース結果取得開始: race_id=202309040605
21:25:01 INFO: 取得完了: race_id=202309040605, 出走頭数=13
21:25:01 INFO: レース結果取得開始: race_id=202309040606
21:25:03 INFO: 取得完了: race_id=202309040606, 出走頭数=11
21:25:03 INFO: レース結果取得開始: race_id=202309040607
21:25:05 INFO: 取得完了: race_id=202309040607, 出走頭数=14
21:25:05 INFO: レース結果取得開始: race_id=202309040608
21:25:07 INFO: 取得完了: race_id=202309040608, 出走頭数=7
21:25:07 INFO: レース結果取得開始: race_id=202309040609
21:25:09 INFO: 取得完了: race_id=202309040609, 出走頭数=16
21:25:09 INFO: レース結果取得開始: race_id=202309040610
21:25:11 INFO: 取得完了: race_id=202309040610, 出走頭数=16
21:25:11 INFO: レース結果取得開始: race_id=202309040611
21:25:13 INFO: 取得完了: race_id=202309040611, 出走頭数=14
21:25:13 INFO: レース結果取得開始: race_id=202309040612
21:25:14 INFO: 取得完了: race_id=202309040612, 出走頭数=16
[ 6000/6912] 202309040612: 16頭  errors=0  残り≈27分
21:25:14 INFO: レース結果取得開始: race_id=202306040701
21:25:16 INFO: 取得完了: race_id=202306040701, 出走頭数=10
21:25:16 INFO: レース結果取得開始: race_id=202306040702
21:25:18 INFO: 取得完了: race_id=202306040702, 出走頭数=10
21:25:18 INFO: レース結果取得開始: race_id=202306040703
21:25:20 INFO: 取得完了: race_id=202306040703, 出走頭数=12
21:25:20 INFO: レース結果取得開始: race_id=202306040704
21:25:22 INFO: 取得完了: race_id=202306040704, 出走頭数=16
21:25:22 INFO: レース結果取得開始: race_id=202306040705
21:25:24 INFO: 取得完了: race_id=202306040705, 出走頭数=8
21:25:24 INFO: レース結果取得開始: race_id=202306040706
21:25:25 INFO: 取得完了: race_id=202306040706, 出走頭数=11
21:25:25 INFO: レース結果取得開始: race_id=202306040707
21:25:27 INFO: 取得完了: race_id=202306040707, 出走頭数=16
21:25:27 INFO: レース結果取得開始: race_id=202306040708
21:25:29 INFO: 取得完了: race_id=202306040708, 出走頭数=16
21:25:29 INFO: レース結果取得開始: race_id=202306040709
21:25:30 INFO: 取得完了: race_id=202306040709, 出走頭数=16
21:25:30 INFO: レース結果取得開始: race_id=202306040710
21:25:32 INFO: 取得完了: race_id=202306040710, 出走頭数=13
21:25:32 INFO: レース結果取得開始: race_id=202306040711
21:25:33 INFO: 取得完了: race_id=202306040711, 出走頭数=15
21:25:33 INFO: レース結果取得開始: race_id=202306040712
21:25:35 INFO: 取得完了: race_id=202306040712, 出走頭数=16
21:25:35 INFO: レース結果取得開始: race_id=202309040701
21:25:37 INFO: 取得完了: race_id=202309040701, 出走頭数=10
21:25:37 INFO: レース結果取得開始: race_id=202309040702
21:25:38 INFO: 取得完了: race_id=202309040702, 出走頭数=10
21:25:38 INFO: レース結果取得開始: race_id=202309040703
21:25:40 INFO: 取得完了: race_id=202309040703, 出走頭数=13
21:25:40 INFO: レース結果取得開始: race_id=202309040704
21:25:42 INFO: 取得完了: race_id=202309040704, 出走頭数=8
21:25:42 INFO: レース結果取得開始: race_id=202309040705
21:25:43 INFO: 取得完了: race_id=202309040705, 出走頭数=7
21:25:43 INFO: レース結果取得開始: race_id=202309040706
21:25:45 INFO: 取得完了: race_id=202309040706, 出走頭数=16
21:25:45 INFO: レース結果取得開始: race_id=202309040707
21:25:47 INFO: 取得完了: race_id=202309040707, 出走頭数=18
21:25:47 INFO: レース結果取得開始: race_id=202309040708
21:25:49 INFO: 取得完了: race_id=202309040708, 出走頭数=12
21:25:49 INFO: レース結果取得開始: race_id=202309040709
21:25:50 INFO: 取得完了: race_id=202309040709, 出走頭数=11
21:25:50 INFO: レース結果取得開始: race_id=202309040710
21:25:52 INFO: 取得完了: race_id=202309040710, 出走頭数=16
21:25:52 INFO: レース結果取得開始: race_id=202309040711
21:25:54 INFO: 取得完了: race_id=202309040711, 出走頭数=13
21:25:54 INFO: レース結果取得開始: race_id=202309040712
21:25:57 INFO: 取得完了: race_id=202309040712, 出走頭数=15
21:25:57 INFO: レース結果取得開始: race_id=202306040801
21:25:59 INFO: 取得完了: race_id=202306040801, 出走頭数=14
21:25:59 INFO: レース結果取得開始: race_id=202306040802
21:26:01 INFO: 取得完了: race_id=202306040802, 出走頭数=16
21:26:01 INFO: レース結果取得開始: race_id=202306040803
21:26:02 INFO: 取得完了: race_id=202306040803, 出走頭数=16
21:26:02 INFO: レース結果取得開始: race_id=202306040804
21:26:04 INFO: 取得完了: race_id=202306040804, 出走頭数=14
21:26:04 INFO: レース結果取得開始: race_id=202306040805
21:26:06 INFO: 取得完了: race_id=202306040805, 出走頭数=16
21:26:06 INFO: レース結果取得開始: race_id=202306040806
21:26:08 INFO: 取得完了: race_id=202306040806, 出走頭数=16
21:26:08 INFO: レース結果取得開始: race_id=202306040807
21:26:10 INFO: 取得完了: race_id=202306040807, 出走頭数=15
21:26:10 INFO: レース結果取得開始: race_id=202306040808
21:26:12 INFO: 取得完了: race_id=202306040808, 出走頭数=16
21:26:12 INFO: レース結果取得開始: race_id=202306040809
21:26:14 INFO: 取得完了: race_id=202306040809, 出走頭数=9
21:26:14 INFO: レース結果取得開始: race_id=202306040810
21:26:16 INFO: 取得完了: race_id=202306040810, 出走頭数=16
21:26:16 INFO: レース結果取得開始: race_id=202306040811
21:26:18 INFO: 取得完了: race_id=202306040811, 出走頭数=16
21:26:18 INFO: レース結果取得開始: race_id=202306040812
21:26:20 INFO: 取得完了: race_id=202306040812, 出走頭数=16
21:26:20 INFO: レース結果取得開始: race_id=202309040801
21:26:21 INFO: 取得完了: race_id=202309040801, 出走頭数=13
21:26:21 INFO: レース結果取得開始: race_id=202309040802
21:26:23 INFO: 取得完了: race_id=202309040802, 出走頭数=8
21:26:23 INFO: レース結果取得開始: race_id=202309040803
21:26:25 INFO: 取得完了: race_id=202309040803, 出走頭数=6
21:26:25 INFO: レース結果取得開始: race_id=202309040804
21:26:27 INFO: 取得完了: race_id=202309040804, 出走頭数=18
21:26:27 INFO: レース結果取得開始: race_id=202309040805
21:26:28 INFO: 取得完了: race_id=202309040805, 出走頭数=12
21:26:28 INFO: レース結果取得開始: race_id=202309040806
21:26:30 INFO: 取得完了: race_id=202309040806, 出走頭数=11
21:26:30 INFO: レース結果取得開始: race_id=202309040807
21:26:32 INFO: 取得完了: race_id=202309040807, 出走頭数=8
21:26:32 INFO: レース結果取得開始: race_id=202309040808
21:26:34 INFO: 取得完了: race_id=202309040808, 出走頭数=17
21:26:34 INFO: レース結果取得開始: race_id=202309040809
21:26:36 INFO: 取得完了: race_id=202309040809, 出走頭数=9
21:26:36 INFO: レース結果取得開始: race_id=202309040810
21:26:38 INFO: 取得完了: race_id=202309040810, 出走頭数=16
21:26:38 INFO: レース結果取得開始: race_id=202309040811
21:26:40 INFO: 取得完了: race_id=202309040811, 出走頭数=14
21:26:40 INFO: レース結果取得開始: race_id=202309040812
21:26:42 INFO: 取得完了: race_id=202309040812, 出走頭数=16
21:26:42 INFO: レース結果取得開始: race_id=202306040901
21:26:44 INFO: 取得完了: race_id=202306040901, 出走頭数=14
21:26:44 INFO: レース結果取得開始: race_id=202306040902
21:26:45 INFO: 取得完了: race_id=202306040902, 出走頭数=13
21:26:45 INFO: レース結果取得開始: race_id=202306040903
21:26:48 INFO: 取得完了: race_id=202306040903, 出走頭数=16
21:26:48 INFO: レース結果取得開始: race_id=202306040904
21:26:49 INFO: 取得完了: race_id=202306040904, 出走頭数=13
21:26:49 INFO: レース結果取得開始: race_id=202306040905
21:26:51 INFO: 取得完了: race_id=202306040905, 出走頭数=14
21:26:51 INFO: レース結果取得開始: race_id=202306040906
21:26:52 INFO: 取得完了: race_id=202306040906, 出走頭数=16
21:26:52 INFO: レース結果取得開始: race_id=202306040907
21:26:54 INFO: 取得完了: race_id=202306040907, 出走頭数=15
21:26:54 INFO: レース結果取得開始: race_id=202306040908
21:26:56 INFO: 取得完了: race_id=202306040908, 出走頭数=7
21:26:56 INFO: レース結果取得開始: race_id=202306040909
21:26:58 INFO: 取得完了: race_id=202306040909, 出走頭数=16
21:26:58 INFO: レース結果取得開始: race_id=202306040910
21:27:00 INFO: 取得完了: race_id=202306040910, 出走頭数=17
21:27:00 INFO: レース結果取得開始: race_id=202306040911
21:27:02 INFO: 取得完了: race_id=202306040911, 出走頭数=16
21:27:02 INFO: レース結果取得開始: race_id=202306040912
21:27:04 INFO: 取得完了: race_id=202306040912, 出走頭数=16
21:27:04 INFO: レース結果取得開始: race_id=202309040901
21:27:06 INFO: 取得完了: race_id=202309040901, 出走頭数=15
21:27:06 INFO: レース結果取得開始: race_id=202309040902
21:27:09 INFO: 取得完了: race_id=202309040902, 出走頭数=11
21:27:09 INFO: レース結果取得開始: race_id=202309040903
21:27:11 INFO: 取得完了: race_id=202309040903, 出走頭数=13
21:27:11 INFO: レース結果取得開始: race_id=202309040904
21:27:13 INFO: 取得完了: race_id=202309040904, 出走頭数=12
21:27:13 INFO: レース結果取得開始: race_id=202309040905
21:27:14 INFO: 取得完了: race_id=202309040905, 出走頭数=9
21:27:14 INFO: レース結果取得開始: race_id=202309040906
21:27:16 INFO: 取得完了: race_id=202309040906, 出走頭数=16
21:27:16 INFO: レース結果取得開始: race_id=202309040907
21:27:18 INFO: 取得完了: race_id=202309040907, 出走頭数=12
21:27:18 INFO: レース結果取得開始: race_id=202309040908
21:27:20 INFO: 取得完了: race_id=202309040908, 出走頭数=13
21:27:20 INFO: レース結果取得開始: race_id=202309040909
21:27:22 INFO: 取得完了: race_id=202309040909, 出走頭数=12
21:27:22 INFO: レース結果取得開始: race_id=202309040910
21:27:23 INFO: 取得完了: race_id=202309040910, 出走頭数=12
21:27:23 INFO: レース結果取得開始: race_id=202309040911
21:27:25 INFO: 取得完了: race_id=202309040911, 出走頭数=9
21:27:25 INFO: レース結果取得開始: race_id=202309040912
21:27:27 INFO: 取得完了: race_id=202309040912, 出走頭数=16
21:27:27 INFO: レース結果取得開始: race_id=202305040101
21:27:29 INFO: 取得完了: race_id=202305040101, 出走頭数=16
21:27:29 INFO: レース結果取得開始: race_id=202305040102
21:27:31 INFO: 取得完了: race_id=202305040102, 出走頭数=16
21:27:31 INFO: レース結果取得開始: race_id=202305040103
21:27:32 INFO: 取得完了: race_id=202305040103, 出走頭数=16
21:27:32 INFO: レース結果取得開始: race_id=202305040104
21:27:34 INFO: 取得完了: race_id=202305040104, 出走頭数=13
21:27:34 INFO: レース結果取得開始: race_id=202305040105
21:27:36 INFO: 取得完了: race_id=202305040105, 出走頭数=11
21:27:36 INFO: レース結果取得開始: race_id=202305040106
21:27:37 INFO: 取得完了: race_id=202305040106, 出走頭数=18
21:27:37 INFO: レース結果取得開始: race_id=202305040107
21:27:39 INFO: 取得完了: race_id=202305040107, 出走頭数=13
21:27:39 INFO: レース結果取得開始: race_id=202305040108
21:27:40 INFO: 取得完了: race_id=202305040108, 出走頭数=14
21:27:40 INFO: レース結果取得開始: race_id=202305040109
21:27:42 INFO: 取得完了: race_id=202305040109, 出走頭数=12
21:27:42 INFO: レース結果取得開始: race_id=202305040110
21:27:43 INFO: 取得完了: race_id=202305040110, 出走頭数=12
21:27:43 INFO: レース結果取得開始: race_id=202305040111
21:27:46 INFO: 取得完了: race_id=202305040111, 出走頭数=9
21:27:46 INFO: レース結果取得開始: race_id=202305040112
21:27:48 INFO: 取得完了: race_id=202305040112, 出走頭数=15
21:27:48 INFO: レース結果取得開始: race_id=202308020101
21:27:50 INFO: 取得完了: race_id=202308020101, 出走頭数=13
21:27:50 INFO: レース結果取得開始: race_id=202308020102
21:27:51 INFO: 取得完了: race_id=202308020102, 出走頭数=16
21:27:51 INFO: レース結果取得開始: race_id=202308020103
21:27:53 INFO: 取得完了: race_id=202308020103, 出走頭数=6
21:27:53 INFO: レース結果取得開始: race_id=202308020104
21:27:55 INFO: 取得完了: race_id=202308020104, 出走頭数=11
21:27:55 INFO: レース結果取得開始: race_id=202308020105
21:27:57 INFO: 取得完了: race_id=202308020105, 出走頭数=18
21:27:57 INFO: レース結果取得開始: race_id=202308020106
21:27:59 INFO: 取得完了: race_id=202308020106, 出走頭数=16
21:27:59 INFO: レース結果取得開始: race_id=202308020107
21:28:01 INFO: 取得完了: race_id=202308020107, 出走頭数=16
21:28:01 INFO: レース結果取得開始: race_id=202308020108
21:28:03 INFO: 取得完了: race_id=202308020108, 出走頭数=11
21:28:03 INFO: レース結果取得開始: race_id=202308020109
21:28:05 INFO: 取得完了: race_id=202308020109, 出走頭数=11
21:28:05 INFO: レース結果取得開始: race_id=202308020110
21:28:06 INFO: 取得完了: race_id=202308020110, 出走頭数=15
21:28:06 INFO: レース結果取得開始: race_id=202308020111
21:28:08 INFO: 取得完了: race_id=202308020111, 出走頭数=16
21:28:08 INFO: レース結果取得開始: race_id=202308020112
21:28:10 INFO: 取得完了: race_id=202308020112, 出走頭数=15
21:28:10 INFO: レース結果取得開始: race_id=202305040201
21:28:11 INFO: 取得完了: race_id=202305040201, 出走頭数=16
21:28:11 INFO: レース結果取得開始: race_id=202305040202
21:28:14 INFO: 取得完了: race_id=202305040202, 出走頭数=14
21:28:14 INFO: レース結果取得開始: race_id=202305040203
21:28:16 INFO: 取得完了: race_id=202305040203, 出走頭数=9
21:28:16 INFO: レース結果取得開始: race_id=202305040204
21:28:17 INFO: 取得完了: race_id=202305040204, 出走頭数=15
[ 6100/6912] 202305040204: 15頭  errors=0  残り≈24分
21:28:17 INFO: レース結果取得開始: race_id=202305040205
21:28:19 INFO: 取得完了: race_id=202305040205, 出走頭数=12
21:28:19 INFO: レース結果取得開始: race_id=202305040206
21:28:21 INFO: 取得完了: race_id=202305040206, 出走頭数=15
21:28:21 INFO: レース結果取得開始: race_id=202305040207
21:28:22 INFO: 取得完了: race_id=202305040207, 出走頭数=16
21:28:22 INFO: レース結果取得開始: race_id=202305040208
21:28:24 INFO: 取得完了: race_id=202305040208, 出走頭数=16
21:28:24 INFO: レース結果取得開始: race_id=202305040209
21:28:26 INFO: 取得完了: race_id=202305040209, 出走頭数=9
21:28:26 INFO: レース結果取得開始: race_id=202305040210
21:28:28 INFO: 取得完了: race_id=202305040210, 出走頭数=16
21:28:28 INFO: レース結果取得開始: race_id=202305040211
21:28:29 INFO: 取得完了: race_id=202305040211, 出走頭数=12
21:28:29 INFO: レース結果取得開始: race_id=202305040212
21:28:31 INFO: 取得完了: race_id=202305040212, 出走頭数=16
21:28:31 INFO: レース結果取得開始: race_id=202308020201
21:28:33 INFO: 取得完了: race_id=202308020201, 出走頭数=12
21:28:33 INFO: レース結果取得開始: race_id=202308020202
21:28:35 INFO: 取得完了: race_id=202308020202, 出走頭数=12
21:28:35 INFO: レース結果取得開始: race_id=202308020203
21:28:36 INFO: 取得完了: race_id=202308020203, 出走頭数=16
21:28:36 INFO: レース結果取得開始: race_id=202308020204
21:28:39 INFO: 取得完了: race_id=202308020204, 出走頭数=11
21:28:39 INFO: レース結果取得開始: race_id=202308020205
21:28:40 INFO: 取得完了: race_id=202308020205, 出走頭数=12
21:28:40 INFO: レース結果取得開始: race_id=202308020206
21:28:42 INFO: 取得完了: race_id=202308020206, 出走頭数=16
21:28:42 INFO: レース結果取得開始: race_id=202308020207
21:28:43 INFO: 取得完了: race_id=202308020207, 出走頭数=13
21:28:43 INFO: レース結果取得開始: race_id=202308020208
21:28:45 INFO: 取得完了: race_id=202308020208, 出走頭数=17
21:28:45 INFO: レース結果取得開始: race_id=202308020209
21:28:47 INFO: 取得完了: race_id=202308020209, 出走頭数=12
21:28:47 INFO: レース結果取得開始: race_id=202308020210
21:28:48 INFO: 取得完了: race_id=202308020210, 出走頭数=15
21:28:48 INFO: レース結果取得開始: race_id=202308020211
21:28:50 INFO: 取得完了: race_id=202308020211, 出走頭数=18
21:28:50 INFO: レース結果取得開始: race_id=202308020212
21:28:52 INFO: 取得完了: race_id=202308020212, 出走頭数=13
21:28:52 INFO: レース結果取得開始: race_id=202305040301
21:28:53 INFO: 取得完了: race_id=202305040301, 出走頭数=13
21:28:53 INFO: レース結果取得開始: race_id=202305040302
21:28:55 INFO: 取得完了: race_id=202305040302, 出走頭数=13
21:28:55 INFO: レース結果取得開始: race_id=202305040303
21:28:57 INFO: 取得完了: race_id=202305040303, 出走頭数=9
21:28:57 INFO: レース結果取得開始: race_id=202305040304
21:28:58 INFO: 取得完了: race_id=202305040304, 出走頭数=12
21:28:58 INFO: レース結果取得開始: race_id=202305040305
21:29:00 INFO: 取得完了: race_id=202305040305, 出走頭数=13
21:29:00 INFO: レース結果取得開始: race_id=202305040306
21:29:02 INFO: 取得完了: race_id=202305040306, 出走頭数=15
21:29:02 INFO: レース結果取得開始: race_id=202305040307
21:29:04 INFO: 取得完了: race_id=202305040307, 出走頭数=14
21:29:04 INFO: レース結果取得開始: race_id=202305040308
21:29:06 INFO: 取得完了: race_id=202305040308, 出走頭数=16
21:29:06 INFO: レース結果取得開始: race_id=202305040309
21:29:08 INFO: 取得完了: race_id=202305040309, 出走頭数=16
21:29:08 INFO: レース結果取得開始: race_id=202305040310
21:29:10 INFO: 取得完了: race_id=202305040310, 出走頭数=14
21:29:10 INFO: レース結果取得開始: race_id=202305040311
21:29:11 INFO: 取得完了: race_id=202305040311, 出走頭数=16
21:29:11 INFO: レース結果取得開始: race_id=202305040312
21:29:13 INFO: 取得完了: race_id=202305040312, 出走頭数=12
21:29:13 INFO: レース結果取得開始: race_id=202308020301
21:29:15 INFO: 取得完了: race_id=202308020301, 出走頭数=12
21:29:15 INFO: レース結果取得開始: race_id=202308020302
21:29:17 INFO: 取得完了: race_id=202308020302, 出走頭数=10
21:29:17 INFO: レース結果取得開始: race_id=202308020303
21:29:19 INFO: 取得完了: race_id=202308020303, 出走頭数=9
21:29:19 INFO: レース結果取得開始: race_id=202308020304
21:29:20 INFO: 取得完了: race_id=202308020304, 出走頭数=17
21:29:20 INFO: レース結果取得開始: race_id=202308020305
21:29:22 INFO: 取得完了: race_id=202308020305, 出走頭数=10
21:29:22 INFO: レース結果取得開始: race_id=202308020306
21:29:24 INFO: 取得完了: race_id=202308020306, 出走頭数=11
21:29:24 INFO: レース結果取得開始: race_id=202308020307
21:29:26 INFO: 取得完了: race_id=202308020307, 出走頭数=13
21:29:26 INFO: レース結果取得開始: race_id=202308020308
21:29:28 INFO: 取得完了: race_id=202308020308, 出走頭数=16
21:29:28 INFO: レース結果取得開始: race_id=202308020309
21:29:29 INFO: 取得完了: race_id=202308020309, 出走頭数=10
21:29:29 INFO: レース結果取得開始: race_id=202308020310
21:29:31 INFO: 取得完了: race_id=202308020310, 出走頭数=13
21:29:31 INFO: レース結果取得開始: race_id=202308020311
21:29:32 INFO: 取得完了: race_id=202308020311, 出走頭数=14
21:29:32 INFO: レース結果取得開始: race_id=202308020312
21:29:34 INFO: 取得完了: race_id=202308020312, 出走頭数=13
21:29:34 INFO: レース結果取得開始: race_id=202304040101
21:29:37 INFO: 取得完了: race_id=202304040101, 出走頭数=14
21:29:37 INFO: レース結果取得開始: race_id=202304040102
21:29:38 INFO: 取得完了: race_id=202304040102, 出走頭数=12
21:29:38 INFO: レース結果取得開始: race_id=202304040103
21:29:39 INFO: 取得完了: race_id=202304040103, 出走頭数=13
21:29:39 INFO: レース結果取得開始: race_id=202304040104
21:29:41 INFO: 取得完了: race_id=202304040104, 出走頭数=13
21:29:41 INFO: レース結果取得開始: race_id=202304040105
21:29:43 INFO: 取得完了: race_id=202304040105, 出走頭数=15
21:29:43 INFO: レース結果取得開始: race_id=202304040106
21:29:45 INFO: 取得完了: race_id=202304040106, 出走頭数=11
21:29:45 INFO: レース結果取得開始: race_id=202304040107
21:29:47 INFO: 取得完了: race_id=202304040107, 出走頭数=16
21:29:47 INFO: レース結果取得開始: race_id=202304040108
21:29:49 INFO: 取得完了: race_id=202304040108, 出走頭数=11
21:29:49 INFO: レース結果取得開始: race_id=202304040109
21:29:50 INFO: 取得完了: race_id=202304040109, 出走頭数=18
21:29:50 INFO: レース結果取得開始: race_id=202304040110
21:29:52 INFO: 取得完了: race_id=202304040110, 出走頭数=15
21:29:52 INFO: レース結果取得開始: race_id=202304040111
21:29:53 INFO: 取得完了: race_id=202304040111, 出走頭数=18
21:29:53 INFO: レース結果取得開始: race_id=202304040112
21:29:55 INFO: 取得完了: race_id=202304040112, 出走頭数=15
21:29:55 INFO: レース結果取得開始: race_id=202305040401
21:29:57 INFO: 取得完了: race_id=202305040401, 出走頭数=11
21:29:57 INFO: レース結果取得開始: race_id=202305040402
21:29:58 INFO: 取得完了: race_id=202305040402, 出走頭数=7
21:29:58 INFO: レース結果取得開始: race_id=202305040403
21:30:00 INFO: 取得完了: race_id=202305040403, 出走頭数=18
21:30:00 INFO: レース結果取得開始: race_id=202305040404
21:30:02 INFO: 取得完了: race_id=202305040404, 出走頭数=13
21:30:02 INFO: レース結果取得開始: race_id=202305040405
21:30:04 INFO: 取得完了: race_id=202305040405, 出走頭数=11
21:30:04 INFO: レース結果取得開始: race_id=202305040406
21:30:06 INFO: 取得完了: race_id=202305040406, 出走頭数=16
21:30:06 INFO: レース結果取得開始: race_id=202305040407
21:30:07 INFO: 取得完了: race_id=202305040407, 出走頭数=7
21:30:07 INFO: レース結果取得開始: race_id=202305040408
21:30:09 INFO: 取得完了: race_id=202305040408, 出走頭数=18
21:30:09 INFO: レース結果取得開始: race_id=202305040409
21:30:10 INFO: 取得完了: race_id=202305040409, 出走頭数=14
21:30:10 INFO: レース結果取得開始: race_id=202305040410
21:30:12 INFO: 取得完了: race_id=202305040410, 出走頭数=12
21:30:12 INFO: レース結果取得開始: race_id=202305040411
21:30:14 INFO: 取得完了: race_id=202305040411, 出走頭数=13
21:30:14 INFO: レース結果取得開始: race_id=202305040412
21:30:15 INFO: 取得完了: race_id=202305040412, 出走頭数=16
21:30:15 INFO: レース結果取得開始: race_id=202308020401
21:30:17 INFO: 取得完了: race_id=202308020401, 出走頭数=12
21:30:17 INFO: レース結果取得開始: race_id=202308020402
21:30:19 INFO: 取得完了: race_id=202308020402, 出走頭数=8
21:30:19 INFO: レース結果取得開始: race_id=202308020403
21:30:21 INFO: 取得完了: race_id=202308020403, 出走頭数=11
21:30:21 INFO: レース結果取得開始: race_id=202308020404
21:30:23 INFO: 取得完了: race_id=202308020404, 出走頭数=14
21:30:23 INFO: レース結果取得開始: race_id=202308020405
21:30:24 INFO: 取得完了: race_id=202308020405, 出走頭数=13
21:30:24 INFO: レース結果取得開始: race_id=202308020406
21:30:25 INFO: 取得完了: race_id=202308020406, 出走頭数=10
21:30:25 INFO: レース結果取得開始: race_id=202308020407
21:30:27 INFO: 取得完了: race_id=202308020407, 出走頭数=9
21:30:27 INFO: レース結果取得開始: race_id=202308020408
21:30:29 INFO: 取得完了: race_id=202308020408, 出走頭数=5
21:30:29 INFO: レース結果取得開始: race_id=202308020409
21:30:31 INFO: 取得完了: race_id=202308020409, 出走頭数=11
21:30:31 INFO: レース結果取得開始: race_id=202308020410
21:30:33 INFO: 取得完了: race_id=202308020410, 出走頭数=8
21:30:33 INFO: レース結果取得開始: race_id=202308020411
21:30:34 INFO: 取得完了: race_id=202308020411, 出走頭数=12
21:30:34 INFO: レース結果取得開始: race_id=202308020412
21:30:36 INFO: 取得完了: race_id=202308020412, 出走頭数=14
21:30:36 INFO: レース結果取得開始: race_id=202304040201
21:30:37 INFO: 取得完了: race_id=202304040201, 出走頭数=11
21:30:37 INFO: レース結果取得開始: race_id=202304040202
21:30:39 INFO: 取得完了: race_id=202304040202, 出走頭数=11
21:30:39 INFO: レース結果取得開始: race_id=202304040203
21:30:41 INFO: 取得完了: race_id=202304040203, 出走頭数=11
21:30:41 INFO: レース結果取得開始: race_id=202304040204
21:30:43 INFO: 取得完了: race_id=202304040204, 出走頭数=10
21:30:43 INFO: レース結果取得開始: race_id=202304040205
21:30:45 INFO: 取得完了: race_id=202304040205, 出走頭数=18
21:30:45 INFO: レース結果取得開始: race_id=202304040206
21:30:47 INFO: 取得完了: race_id=202304040206, 出走頭数=10
21:30:47 INFO: レース結果取得開始: race_id=202304040207
21:30:49 INFO: 取得完了: race_id=202304040207, 出走頭数=18
21:30:49 INFO: レース結果取得開始: race_id=202304040208
21:30:50 INFO: 取得完了: race_id=202304040208, 出走頭数=15
21:30:50 INFO: レース結果取得開始: race_id=202304040209
21:30:52 INFO: 取得完了: race_id=202304040209, 出走頭数=17
21:30:52 INFO: レース結果取得開始: race_id=202304040210
21:30:54 INFO: 取得完了: race_id=202304040210, 出走頭数=13
21:30:54 INFO: レース結果取得開始: race_id=202304040211
21:30:56 INFO: 取得完了: race_id=202304040211, 出走頭数=15
21:30:56 INFO: レース結果取得開始: race_id=202304040212
21:30:58 INFO: 取得完了: race_id=202304040212, 出走頭数=15
21:30:58 INFO: レース結果取得開始: race_id=202305040501
21:30:59 INFO: 取得完了: race_id=202305040501, 出走頭数=13
21:30:59 INFO: レース結果取得開始: race_id=202305040502
21:31:02 INFO: 取得完了: race_id=202305040502, 出走頭数=7
21:31:02 INFO: レース結果取得開始: race_id=202305040503
21:31:03 INFO: 取得完了: race_id=202305040503, 出走頭数=12
21:31:03 INFO: レース結果取得開始: race_id=202305040504
21:31:05 INFO: 取得完了: race_id=202305040504, 出走頭数=16
21:31:05 INFO: レース結果取得開始: race_id=202305040505
21:31:07 INFO: 取得完了: race_id=202305040505, 出走頭数=14
21:31:07 INFO: レース結果取得開始: race_id=202305040506
21:31:08 INFO: 取得完了: race_id=202305040506, 出走頭数=16
21:31:08 INFO: レース結果取得開始: race_id=202305040507
21:31:10 INFO: 取得完了: race_id=202305040507, 出走頭数=10
21:31:10 INFO: レース結果取得開始: race_id=202305040508
21:31:12 INFO: 取得完了: race_id=202305040508, 出走頭数=12
[ 6200/6912] 202305040508: 12頭  errors=0  残り≈21分
21:31:12 INFO: レース結果取得開始: race_id=202305040509
21:31:14 INFO: 取得完了: race_id=202305040509, 出走頭数=12
21:31:14 INFO: レース結果取得開始: race_id=202305040510
21:31:16 INFO: 取得完了: race_id=202305040510, 出走頭数=14
21:31:16 INFO: レース結果取得開始: race_id=202305040511
21:31:17 INFO: 取得完了: race_id=202305040511, 出走頭数=15
21:31:17 INFO: レース結果取得開始: race_id=202305040512
21:31:19 INFO: 取得完了: race_id=202305040512, 出走頭数=14
21:31:19 INFO: レース結果取得開始: race_id=202308020501
21:31:20 INFO: 取得完了: race_id=202308020501, 出走頭数=9
21:31:20 INFO: レース結果取得開始: race_id=202308020502
21:31:22 INFO: 取得完了: race_id=202308020502, 出走頭数=9
21:31:22 INFO: レース結果取得開始: race_id=202308020503
21:31:24 INFO: 取得完了: race_id=202308020503, 出走頭数=5
21:31:24 INFO: レース結果取得開始: race_id=202308020504
21:31:26 INFO: 取得完了: race_id=202308020504, 出走頭数=11
21:31:26 INFO: レース結果取得開始: race_id=202308020505
21:31:27 INFO: 取得完了: race_id=202308020505, 出走頭数=15
21:31:27 INFO: レース結果取得開始: race_id=202308020506
21:31:29 INFO: 取得完了: race_id=202308020506, 出走頭数=8
21:31:29 INFO: レース結果取得開始: race_id=202308020507
21:31:31 INFO: 取得完了: race_id=202308020507, 出走頭数=13
21:31:31 INFO: レース結果取得開始: race_id=202308020508
21:31:32 INFO: 取得完了: race_id=202308020508, 出走頭数=6
21:31:32 INFO: レース結果取得開始: race_id=202308020509
21:31:34 INFO: 取得完了: race_id=202308020509, 出走頭数=12
21:31:34 INFO: レース結果取得開始: race_id=202308020510
21:31:36 INFO: 取得完了: race_id=202308020510, 出走頭数=7
21:31:36 INFO: レース結果取得開始: race_id=202308020511
21:31:38 INFO: 取得完了: race_id=202308020511, 出走頭数=18
21:31:38 INFO: レース結果取得開始: race_id=202308020512
21:31:40 INFO: 取得完了: race_id=202308020512, 出走頭数=14
21:31:40 INFO: レース結果取得開始: race_id=202304040301
21:31:42 INFO: 取得完了: race_id=202304040301, 出走頭数=14
21:31:42 INFO: レース結果取得開始: race_id=202304040302
21:31:43 INFO: 取得完了: race_id=202304040302, 出走頭数=15
21:31:43 INFO: レース結果取得開始: race_id=202304040303
21:31:46 INFO: 取得完了: race_id=202304040303, 出走頭数=14
21:31:46 INFO: レース結果取得開始: race_id=202304040304
21:31:48 INFO: 取得完了: race_id=202304040304, 出走頭数=13
21:31:48 INFO: レース結果取得開始: race_id=202304040305
21:31:50 INFO: 取得完了: race_id=202304040305, 出走頭数=18
21:31:50 INFO: レース結果取得開始: race_id=202304040306
21:31:51 INFO: 取得完了: race_id=202304040306, 出走頭数=14
21:31:51 INFO: レース結果取得開始: race_id=202304040307
21:31:54 INFO: 取得完了: race_id=202304040307, 出走頭数=18
21:31:54 INFO: レース結果取得開始: race_id=202304040308
21:31:56 INFO: 取得完了: race_id=202304040308, 出走頭数=14
21:31:56 INFO: レース結果取得開始: race_id=202304040309
21:31:58 INFO: 取得完了: race_id=202304040309, 出走頭数=15
21:31:58 INFO: レース結果取得開始: race_id=202304040310
21:32:01 INFO: 取得完了: race_id=202304040310, 出走頭数=10
21:32:01 INFO: レース結果取得開始: race_id=202304040311
21:32:03 INFO: 取得完了: race_id=202304040311, 出走頭数=18
21:32:03 INFO: レース結果取得開始: race_id=202304040312
21:32:05 INFO: 取得完了: race_id=202304040312, 出走頭数=15
21:32:05 INFO: レース結果取得開始: race_id=202305040601
21:32:07 INFO: 取得完了: race_id=202305040601, 出走頭数=13
21:32:07 INFO: レース結果取得開始: race_id=202305040602
21:32:09 INFO: 取得完了: race_id=202305040602, 出走頭数=13
21:32:09 INFO: レース結果取得開始: race_id=202305040603
21:32:11 INFO: 取得完了: race_id=202305040603, 出走頭数=10
21:32:11 INFO: レース結果取得開始: race_id=202305040604
21:32:14 INFO: 取得完了: race_id=202305040604, 出走頭数=16
21:32:14 INFO: レース結果取得開始: race_id=202305040605
21:32:16 INFO: 取得完了: race_id=202305040605, 出走頭数=16
21:32:16 INFO: レース結果取得開始: race_id=202305040606
21:32:19 INFO: 取得完了: race_id=202305040606, 出走頭数=12
21:32:19 INFO: レース結果取得開始: race_id=202305040607
21:32:21 INFO: 取得完了: race_id=202305040607, 出走頭数=15
21:32:21 INFO: レース結果取得開始: race_id=202305040608
21:32:24 INFO: 取得完了: race_id=202305040608, 出走頭数=14
21:32:24 INFO: レース結果取得開始: race_id=202305040609
21:32:26 INFO: 取得完了: race_id=202305040609, 出走頭数=6
21:32:26 INFO: レース結果取得開始: race_id=202305040610
21:32:28 INFO: 取得完了: race_id=202305040610, 出走頭数=16
21:32:28 INFO: レース結果取得開始: race_id=202305040611
21:32:30 INFO: 取得完了: race_id=202305040611, 出走頭数=12
21:32:30 INFO: レース結果取得開始: race_id=202305040612
21:32:32 INFO: 取得完了: race_id=202305040612, 出走頭数=9
21:32:32 INFO: レース結果取得開始: race_id=202308020601
21:32:34 INFO: 取得完了: race_id=202308020601, 出走頭数=11
21:32:34 INFO: レース結果取得開始: race_id=202308020602
21:32:36 INFO: 取得完了: race_id=202308020602, 出走頭数=9
21:32:36 INFO: レース結果取得開始: race_id=202308020603
21:32:38 INFO: 取得完了: race_id=202308020603, 出走頭数=16
21:32:38 INFO: レース結果取得開始: race_id=202308020604
21:32:39 INFO: 取得完了: race_id=202308020604, 出走頭数=18
21:32:39 INFO: レース結果取得開始: race_id=202308020605
21:32:41 INFO: 取得完了: race_id=202308020605, 出走頭数=14
21:32:41 INFO: レース結果取得開始: race_id=202308020606
21:32:43 INFO: 取得完了: race_id=202308020606, 出走頭数=14
21:32:43 INFO: レース結果取得開始: race_id=202308020607
21:32:45 INFO: 取得完了: race_id=202308020607, 出走頭数=7
21:32:45 INFO: レース結果取得開始: race_id=202308020608
21:32:47 INFO: 取得完了: race_id=202308020608, 出走頭数=8
21:32:47 INFO: レース結果取得開始: race_id=202308020609
21:32:49 INFO: 取得完了: race_id=202308020609, 出走頭数=16
21:32:49 INFO: レース結果取得開始: race_id=202308020610
21:32:51 INFO: 取得完了: race_id=202308020610, 出走頭数=12
21:32:51 INFO: レース結果取得開始: race_id=202308020611
21:32:53 INFO: 取得完了: race_id=202308020611, 出走頭数=13
21:32:53 INFO: レース結果取得開始: race_id=202308020612
21:32:55 INFO: 取得完了: race_id=202308020612, 出走頭数=16
21:32:55 INFO: レース結果取得開始: race_id=202304040401
21:32:56 INFO: 取得完了: race_id=202304040401, 出走頭数=9
21:32:56 INFO: レース結果取得開始: race_id=202304040402
21:32:58 INFO: 取得完了: race_id=202304040402, 出走頭数=11
21:32:58 INFO: レース結果取得開始: race_id=202304040403
21:33:00 INFO: 取得完了: race_id=202304040403, 出走頭数=13
21:33:00 INFO: レース結果取得開始: race_id=202304040404
21:33:02 INFO: 取得完了: race_id=202304040404, 出走頭数=14
21:33:02 INFO: レース結果取得開始: race_id=202304040405
21:33:04 INFO: 取得完了: race_id=202304040405, 出走頭数=15
21:33:04 INFO: レース結果取得開始: race_id=202304040406
21:33:06 INFO: 取得完了: race_id=202304040406, 出走頭数=14
21:33:06 INFO: レース結果取得開始: race_id=202304040407
21:33:08 INFO: 取得完了: race_id=202304040407, 出走頭数=16
21:33:08 INFO: レース結果取得開始: race_id=202304040408
21:33:11 INFO: 取得完了: race_id=202304040408, 出走頭数=10
21:33:11 INFO: レース結果取得開始: race_id=202304040409
21:33:13 INFO: 取得完了: race_id=202304040409, 出走頭数=14
21:33:13 INFO: レース結果取得開始: race_id=202304040410
21:33:16 INFO: 取得完了: race_id=202304040410, 出走頭数=15
21:33:16 INFO: レース結果取得開始: race_id=202304040411
21:33:20 INFO: 取得完了: race_id=202304040411, 出走頭数=13
21:33:20 INFO: レース結果取得開始: race_id=202304040412
21:33:24 INFO: 取得完了: race_id=202304040412, 出走頭数=18
21:33:24 INFO: レース結果取得開始: race_id=202305040701
21:33:28 INFO: 取得完了: race_id=202305040701, 出走頭数=16
21:33:28 INFO: レース結果取得開始: race_id=202305040702
21:33:30 INFO: 取得完了: race_id=202305040702, 出走頭数=11
21:33:30 INFO: レース結果取得開始: race_id=202305040703
21:33:33 INFO: 取得完了: race_id=202305040703, 出走頭数=9
21:33:33 INFO: レース結果取得開始: race_id=202305040704
21:33:37 INFO: 取得完了: race_id=202305040704, 出走頭数=15
21:33:37 INFO: レース結果取得開始: race_id=202305040705
21:33:39 INFO: 取得完了: race_id=202305040705, 出走頭数=16
21:33:39 INFO: レース結果取得開始: race_id=202305040706
21:33:42 INFO: 取得完了: race_id=202305040706, 出走頭数=9
21:33:42 INFO: レース結果取得開始: race_id=202305040707
21:33:46 INFO: 取得完了: race_id=202305040707, 出走頭数=14
21:33:46 INFO: レース結果取得開始: race_id=202305040708
21:33:48 INFO: 取得完了: race_id=202305040708, 出走頭数=13
21:33:48 INFO: レース結果取得開始: race_id=202305040709
21:33:52 INFO: 取得完了: race_id=202305040709, 出走頭数=10
21:33:52 INFO: レース結果取得開始: race_id=202305040710
21:33:54 INFO: 取得完了: race_id=202305040710, 出走頭数=16
21:33:54 INFO: レース結果取得開始: race_id=202305040711
21:34:00 INFO: 取得完了: race_id=202305040711, 出走頭数=16
21:34:00 INFO: レース結果取得開始: race_id=202305040712
21:34:04 INFO: 取得完了: race_id=202305040712, 出走頭数=16
21:34:04 INFO: レース結果取得開始: race_id=202308020701
21:34:07 INFO: 取得完了: race_id=202308020701, 出走頭数=11
21:34:07 INFO: レース結果取得開始: race_id=202308020702
21:34:10 INFO: 取得完了: race_id=202308020702, 出走頭数=16
21:34:10 INFO: レース結果取得開始: race_id=202308020703
21:34:13 INFO: 取得完了: race_id=202308020703, 出走頭数=10
21:34:13 INFO: レース結果取得開始: race_id=202308020704
21:34:15 INFO: 取得完了: race_id=202308020704, 出走頭数=12
21:34:15 INFO: レース結果取得開始: race_id=202308020705
21:34:18 INFO: 取得完了: race_id=202308020705, 出走頭数=8
21:34:18 INFO: レース結果取得開始: race_id=202308020706
21:34:20 INFO: 取得完了: race_id=202308020706, 出走頭数=16
21:34:20 INFO: レース結果取得開始: race_id=202308020707
21:34:22 INFO: 取得完了: race_id=202308020707, 出走頭数=16
21:34:22 INFO: レース結果取得開始: race_id=202308020708
21:34:25 INFO: 取得完了: race_id=202308020708, 出走頭数=8
21:34:25 INFO: レース結果取得開始: race_id=202308020709
21:34:29 INFO: 取得完了: race_id=202308020709, 出走頭数=16
21:34:29 INFO: レース結果取得開始: race_id=202308020710
21:34:32 INFO: 取得完了: race_id=202308020710, 出走頭数=13
21:34:32 INFO: レース結果取得開始: race_id=202308020711
21:34:35 INFO: 取得完了: race_id=202308020711, 出走頭数=17
21:34:35 INFO: レース結果取得開始: race_id=202308020712
21:34:38 INFO: 取得完了: race_id=202308020712, 出走頭数=14
21:34:38 INFO: レース結果取得開始: race_id=202304040501
21:34:41 INFO: 取得完了: race_id=202304040501, 出走頭数=14
21:34:41 INFO: レース結果取得開始: race_id=202304040502
21:34:44 INFO: 取得完了: race_id=202304040502, 出走頭数=14
21:34:44 INFO: レース結果取得開始: race_id=202304040503
21:34:47 INFO: 取得完了: race_id=202304040503, 出走頭数=11
21:34:47 INFO: レース結果取得開始: race_id=202304040504
21:34:49 INFO: 取得完了: race_id=202304040504, 出走頭数=14
21:34:49 INFO: レース結果取得開始: race_id=202304040505
21:34:51 INFO: 取得完了: race_id=202304040505, 出走頭数=18
21:34:51 INFO: レース結果取得開始: race_id=202304040506
21:34:54 INFO: 取得完了: race_id=202304040506, 出走頭数=15
21:34:54 INFO: レース結果取得開始: race_id=202304040507
21:34:56 INFO: 取得完了: race_id=202304040507, 出走頭数=18
21:34:56 INFO: レース結果取得開始: race_id=202304040508
21:34:58 INFO: 取得完了: race_id=202304040508, 出走頭数=13
21:34:58 INFO: レース結果取得開始: race_id=202304040509
21:35:01 INFO: 取得完了: race_id=202304040509, 出走頭数=12
21:35:01 INFO: レース結果取得開始: race_id=202304040510
21:35:03 INFO: 取得完了: race_id=202304040510, 出走頭数=18
21:35:03 INFO: レース結果取得開始: race_id=202304040511
21:35:05 INFO: 取得完了: race_id=202304040511, 出走頭数=12
21:35:05 INFO: レース結果取得開始: race_id=202304040512
21:35:07 INFO: 取得完了: race_id=202304040512, 出走頭数=11
[ 6300/6912] 202304040512: 11頭  errors=0  残り≈18分
21:35:07 INFO: レース結果取得開始: race_id=202305040801
21:35:08 INFO: 取得完了: race_id=202305040801, 出走頭数=13
21:35:08 INFO: レース結果取得開始: race_id=202305040802
21:35:10 INFO: 取得完了: race_id=202305040802, 出走頭数=16
21:35:10 INFO: レース結果取得開始: race_id=202305040803
21:35:11 INFO: 取得完了: race_id=202305040803, 出走頭数=10
21:35:11 INFO: レース結果取得開始: race_id=202305040804
21:35:13 INFO: 取得完了: race_id=202305040804, 出走頭数=15
21:35:13 INFO: レース結果取得開始: race_id=202305040805
21:35:14 INFO: 取得完了: race_id=202305040805, 出走頭数=13
21:35:15 INFO: レース結果取得開始: race_id=202305040806
21:35:17 INFO: 取得完了: race_id=202305040806, 出走頭数=13
21:35:17 INFO: レース結果取得開始: race_id=202305040807
21:35:19 INFO: 取得完了: race_id=202305040807, 出走頭数=16
21:35:19 INFO: レース結果取得開始: race_id=202305040808
21:35:20 INFO: 取得完了: race_id=202305040808, 出走頭数=10
21:35:20 INFO: レース結果取得開始: race_id=202305040809
21:35:22 INFO: 取得完了: race_id=202305040809, 出走頭数=16
21:35:22 INFO: レース結果取得開始: race_id=202305040810
21:35:24 INFO: 取得完了: race_id=202305040810, 出走頭数=10
21:35:24 INFO: レース結果取得開始: race_id=202305040811
21:35:26 INFO: 取得完了: race_id=202305040811, 出走頭数=10
21:35:26 INFO: レース結果取得開始: race_id=202305040812
21:35:27 INFO: 取得完了: race_id=202305040812, 出走頭数=11
21:35:27 INFO: レース結果取得開始: race_id=202308020801
21:35:29 INFO: 取得完了: race_id=202308020801, 出走頭数=12
21:35:29 INFO: レース結果取得開始: race_id=202308020802
21:35:31 INFO: 取得完了: race_id=202308020802, 出走頭数=12
21:35:31 INFO: レース結果取得開始: race_id=202308020803
21:35:33 INFO: 取得完了: race_id=202308020803, 出走頭数=10
21:35:33 INFO: レース結果取得開始: race_id=202308020804
21:35:34 INFO: 取得完了: race_id=202308020804, 出走頭数=11
21:35:34 INFO: レース結果取得開始: race_id=202308020805
21:35:36 INFO: 取得完了: race_id=202308020805, 出走頭数=11
21:35:36 INFO: レース結果取得開始: race_id=202308020806
21:35:37 INFO: 取得完了: race_id=202308020806, 出走頭数=11
21:35:37 INFO: レース結果取得開始: race_id=202308020807
21:35:39 INFO: 取得完了: race_id=202308020807, 出走頭数=10
21:35:39 INFO: レース結果取得開始: race_id=202308020808
21:35:41 INFO: 取得完了: race_id=202308020808, 出走頭数=7
21:35:41 INFO: レース結果取得開始: race_id=202308020809
21:35:42 INFO: 取得完了: race_id=202308020809, 出走頭数=13
21:35:42 INFO: レース結果取得開始: race_id=202308020810
21:35:44 INFO: 取得完了: race_id=202308020810, 出走頭数=16
21:35:44 INFO: レース結果取得開始: race_id=202308020811
21:35:46 INFO: 取得完了: race_id=202308020811, 出走頭数=18
21:35:46 INFO: レース結果取得開始: race_id=202308020812
21:35:48 INFO: 取得完了: race_id=202308020812, 出走頭数=14
21:35:48 INFO: レース結果取得開始: race_id=202304040601
21:35:49 INFO: 取得完了: race_id=202304040601, 出走頭数=15
21:35:49 INFO: レース結果取得開始: race_id=202304040602
21:35:51 INFO: 取得完了: race_id=202304040602, 出走頭数=15
21:35:51 INFO: レース結果取得開始: race_id=202304040603
21:35:53 INFO: 取得完了: race_id=202304040603, 出走頭数=15
21:35:53 INFO: レース結果取得開始: race_id=202304040604
21:35:54 INFO: 取得完了: race_id=202304040604, 出走頭数=11
21:35:54 INFO: レース結果取得開始: race_id=202304040605
21:35:55 INFO: 取得完了: race_id=202304040605, 出走頭数=18
21:35:55 INFO: レース結果取得開始: race_id=202304040606
21:35:58 INFO: 取得完了: race_id=202304040606, 出走頭数=12
21:35:58 INFO: レース結果取得開始: race_id=202304040607
21:36:00 INFO: 取得完了: race_id=202304040607, 出走頭数=13
21:36:00 INFO: レース結果取得開始: race_id=202304040608
21:36:01 INFO: 取得完了: race_id=202304040608, 出走頭数=11
21:36:01 INFO: レース結果取得開始: race_id=202304040609
21:36:02 INFO: 取得完了: race_id=202304040609, 出走頭数=13
21:36:02 INFO: レース結果取得開始: race_id=202304040610
21:36:05 INFO: 取得完了: race_id=202304040610, 出走頭数=15
21:36:05 INFO: レース結果取得開始: race_id=202304040611
21:36:06 INFO: 取得完了: race_id=202304040611, 出走頭数=18
21:36:06 INFO: レース結果取得開始: race_id=202304040612
21:36:08 INFO: 取得完了: race_id=202304040612, 出走頭数=18
21:36:08 INFO: レース結果取得開始: race_id=202305040901
21:36:09 INFO: 取得完了: race_id=202305040901, 出走頭数=13
21:36:09 INFO: レース結果取得開始: race_id=202305040902
21:36:11 INFO: 取得完了: race_id=202305040902, 出走頭数=12
21:36:11 INFO: レース結果取得開始: race_id=202305040903
21:36:12 INFO: 取得完了: race_id=202305040903, 出走頭数=11
21:36:12 INFO: レース結果取得開始: race_id=202305040904
21:36:14 INFO: 取得完了: race_id=202305040904, 出走頭数=16
21:36:14 INFO: レース結果取得開始: race_id=202305040905
21:36:16 INFO: 取得完了: race_id=202305040905, 出走頭数=11
21:36:16 INFO: レース結果取得開始: race_id=202305040906
21:36:18 INFO: 取得完了: race_id=202305040906, 出走頭数=14
21:36:18 INFO: レース結果取得開始: race_id=202305040907
21:36:20 INFO: 取得完了: race_id=202305040907, 出走頭数=11
21:36:20 INFO: レース結果取得開始: race_id=202305040908
21:36:21 INFO: 取得完了: race_id=202305040908, 出走頭数=7
21:36:21 INFO: レース結果取得開始: race_id=202305040909
21:36:23 INFO: 取得完了: race_id=202305040909, 出走頭数=8
21:36:23 INFO: レース結果取得開始: race_id=202305040910
21:36:25 INFO: 取得完了: race_id=202305040910, 出走頭数=13
21:36:25 INFO: レース結果取得開始: race_id=202305040911
21:36:27 INFO: 取得完了: race_id=202305040911, 出走頭数=11
21:36:27 INFO: レース結果取得開始: race_id=202305040912
21:36:28 INFO: 取得完了: race_id=202305040912, 出走頭数=16
21:36:28 INFO: レース結果取得開始: race_id=202308020901
21:36:29 INFO: 取得完了: race_id=202308020901, 出走頭数=12
21:36:29 INFO: レース結果取得開始: race_id=202308020902
21:36:31 INFO: 取得完了: race_id=202308020902, 出走頭数=12
21:36:31 INFO: レース結果取得開始: race_id=202308020903
21:36:33 INFO: 取得完了: race_id=202308020903, 出走頭数=13
21:36:33 INFO: レース結果取得開始: race_id=202308020904
21:36:34 INFO: 取得完了: race_id=202308020904, 出走頭数=10
21:36:34 INFO: レース結果取得開始: race_id=202308020905
21:36:36 INFO: 取得完了: race_id=202308020905, 出走頭数=11
21:36:36 INFO: レース結果取得開始: race_id=202308020906
21:36:38 INFO: 取得完了: race_id=202308020906, 出走頭数=10
21:36:38 INFO: レース結果取得開始: race_id=202308020907
21:36:39 INFO: 取得完了: race_id=202308020907, 出走頭数=11
21:36:39 INFO: レース結果取得開始: race_id=202308020908
21:36:41 INFO: 取得完了: race_id=202308020908, 出走頭数=16
21:36:41 INFO: レース結果取得開始: race_id=202308020909
21:36:43 INFO: 取得完了: race_id=202308020909, 出走頭数=9
21:36:43 INFO: レース結果取得開始: race_id=202308020910
21:36:45 INFO: 取得完了: race_id=202308020910, 出走頭数=17
21:36:45 INFO: レース結果取得開始: race_id=202308020911
21:36:46 INFO: 取得完了: race_id=202308020911, 出走頭数=16
21:36:46 INFO: レース結果取得開始: race_id=202308020912
21:36:48 INFO: 取得完了: race_id=202308020912, 出走頭数=16
21:36:48 INFO: レース結果取得開始: race_id=202303030101
21:36:50 INFO: 取得完了: race_id=202303030101, 出走頭数=15
21:36:50 INFO: レース結果取得開始: race_id=202303030102
21:36:52 INFO: 取得完了: race_id=202303030102, 出走頭数=13
21:36:52 INFO: レース結果取得開始: race_id=202303030103
21:36:54 INFO: 取得完了: race_id=202303030103, 出走頭数=12
21:36:54 INFO: レース結果取得開始: race_id=202303030104
21:36:56 INFO: 取得完了: race_id=202303030104, 出走頭数=11
21:36:56 INFO: レース結果取得開始: race_id=202303030105
21:36:58 INFO: 取得完了: race_id=202303030105, 出走頭数=16
21:36:58 INFO: レース結果取得開始: race_id=202303030106
21:37:00 INFO: 取得完了: race_id=202303030106, 出走頭数=14
21:37:00 INFO: レース結果取得開始: race_id=202303030107
21:37:01 INFO: 取得完了: race_id=202303030107, 出走頭数=13
21:37:01 INFO: レース結果取得開始: race_id=202303030108
21:37:03 INFO: 取得完了: race_id=202303030108, 出走頭数=13
21:37:03 INFO: レース結果取得開始: race_id=202303030109
21:37:05 INFO: 取得完了: race_id=202303030109, 出走頭数=16
21:37:05 INFO: レース結果取得開始: race_id=202303030110
21:37:08 INFO: 取得完了: race_id=202303030110, 出走頭数=16
21:37:08 INFO: レース結果取得開始: race_id=202303030111
21:37:10 INFO: 取得完了: race_id=202303030111, 出走頭数=13
21:37:10 INFO: レース結果取得開始: race_id=202303030112
21:37:12 INFO: 取得完了: race_id=202303030112, 出走頭数=11
21:37:12 INFO: レース結果取得開始: race_id=202305050101
21:37:14 INFO: 取得完了: race_id=202305050101, 出走頭数=12
21:37:14 INFO: レース結果取得開始: race_id=202305050102
21:37:16 INFO: 取得完了: race_id=202305050102, 出走頭数=15
21:37:16 INFO: レース結果取得開始: race_id=202305050103
21:37:18 INFO: 取得完了: race_id=202305050103, 出走頭数=14
21:37:18 INFO: レース結果取得開始: race_id=202305050104
21:37:20 INFO: 取得完了: race_id=202305050104, 出走頭数=16
21:37:20 INFO: レース結果取得開始: race_id=202305050105
21:37:22 INFO: 取得完了: race_id=202305050105, 出走頭数=13
21:37:22 INFO: レース結果取得開始: race_id=202305050106
21:37:24 INFO: 取得完了: race_id=202305050106, 出走頭数=16
21:37:24 INFO: レース結果取得開始: race_id=202305050107
21:37:26 INFO: 取得完了: race_id=202305050107, 出走頭数=11
21:37:26 INFO: レース結果取得開始: race_id=202305050108
21:37:27 INFO: 取得完了: race_id=202305050108, 出走頭数=14
21:37:27 INFO: レース結果取得開始: race_id=202305050109
21:37:29 INFO: 取得完了: race_id=202305050109, 出走頭数=16
21:37:29 INFO: レース結果取得開始: race_id=202305050110
21:37:31 INFO: 取得完了: race_id=202305050110, 出走頭数=10
21:37:31 INFO: レース結果取得開始: race_id=202305050111
21:37:32 INFO: 取得完了: race_id=202305050111, 出走頭数=12
21:37:33 INFO: レース結果取得開始: race_id=202305050112
21:37:34 INFO: 取得完了: race_id=202305050112, 出走頭数=10
21:37:34 INFO: レース結果取得開始: race_id=202308030101
21:37:36 INFO: 取得完了: race_id=202308030101, 出走頭数=16
21:37:36 INFO: レース結果取得開始: race_id=202308030102
21:37:39 INFO: 取得完了: race_id=202308030102, 出走頭数=11
21:37:39 INFO: レース結果取得開始: race_id=202308030103
21:37:40 INFO: 取得完了: race_id=202308030103, 出走頭数=13
21:37:40 INFO: レース結果取得開始: race_id=202308030104
21:37:42 INFO: 取得完了: race_id=202308030104, 出走頭数=8
21:37:42 INFO: レース結果取得開始: race_id=202308030105
21:37:44 INFO: 取得完了: race_id=202308030105, 出走頭数=10
21:37:44 INFO: レース結果取得開始: race_id=202308030106
21:37:46 INFO: 取得完了: race_id=202308030106, 出走頭数=14
21:37:46 INFO: レース結果取得開始: race_id=202308030107
21:37:47 INFO: 取得完了: race_id=202308030107, 出走頭数=11
21:37:47 INFO: レース結果取得開始: race_id=202308030108
21:37:49 INFO: 取得完了: race_id=202308030108, 出走頭数=12
21:37:49 INFO: レース結果取得開始: race_id=202308030109
21:37:51 INFO: 取得完了: race_id=202308030109, 出走頭数=10
21:37:51 INFO: レース結果取得開始: race_id=202308030110
21:37:52 INFO: 取得完了: race_id=202308030110, 出走頭数=16
21:37:52 INFO: レース結果取得開始: race_id=202308030111
21:37:54 INFO: 取得完了: race_id=202308030111, 出走頭数=18
21:37:54 INFO: レース結果取得開始: race_id=202308030112
21:37:56 INFO: 取得完了: race_id=202308030112, 出走頭数=10
21:37:56 INFO: レース結果取得開始: race_id=202303030201
21:37:58 INFO: 取得完了: race_id=202303030201, 出走頭数=12
21:37:58 INFO: レース結果取得開始: race_id=202303030202
21:38:00 INFO: 取得完了: race_id=202303030202, 出走頭数=16
21:38:00 INFO: レース結果取得開始: race_id=202303030203
21:38:02 INFO: 取得完了: race_id=202303030203, 出走頭数=12
21:38:02 INFO: レース結果取得開始: race_id=202303030204
21:38:04 INFO: 取得完了: race_id=202303030204, 出走頭数=11
[ 6400/6912] 202303030204: 11頭  errors=0  残り≈15分
21:38:04 INFO: レース結果取得開始: race_id=202303030205
21:38:06 INFO: 取得完了: race_id=202303030205, 出走頭数=9
21:38:06 INFO: レース結果取得開始: race_id=202303030206
21:38:07 INFO: 取得完了: race_id=202303030206, 出走頭数=15
21:38:07 INFO: レース結果取得開始: race_id=202303030207
21:38:09 INFO: 取得完了: race_id=202303030207, 出走頭数=11
21:38:09 INFO: レース結果取得開始: race_id=202303030208
21:38:10 INFO: 取得完了: race_id=202303030208, 出走頭数=13
21:38:10 INFO: レース結果取得開始: race_id=202303030209
21:38:13 INFO: 取得完了: race_id=202303030209, 出走頭数=14
21:38:13 INFO: レース結果取得開始: race_id=202303030210
21:38:14 INFO: 取得完了: race_id=202303030210, 出走頭数=15
21:38:14 INFO: レース結果取得開始: race_id=202303030211
21:38:16 INFO: 取得完了: race_id=202303030211, 出走頭数=16
21:38:16 INFO: レース結果取得開始: race_id=202303030212
21:38:18 INFO: 取得完了: race_id=202303030212, 出走頭数=11
21:38:18 INFO: レース結果取得開始: race_id=202305050201
21:38:20 INFO: 取得完了: race_id=202305050201, 出走頭数=13
21:38:20 INFO: レース結果取得開始: race_id=202305050202
21:38:22 INFO: 取得完了: race_id=202305050202, 出走頭数=13
21:38:22 INFO: レース結果取得開始: race_id=202305050203
21:38:23 INFO: 取得完了: race_id=202305050203, 出走頭数=16
21:38:23 INFO: レース結果取得開始: race_id=202305050204
21:38:25 INFO: 取得完了: race_id=202305050204, 出走頭数=6
21:38:25 INFO: レース結果取得開始: race_id=202305050205
21:38:27 INFO: 取得完了: race_id=202305050205, 出走頭数=9
21:38:27 INFO: レース結果取得開始: race_id=202305050206
21:38:29 INFO: 取得完了: race_id=202305050206, 出走頭数=18
21:38:29 INFO: レース結果取得開始: race_id=202305050207
21:38:31 INFO: 取得完了: race_id=202305050207, 出走頭数=12
21:38:31 INFO: レース結果取得開始: race_id=202305050208
21:38:33 INFO: 取得完了: race_id=202305050208, 出走頭数=16
21:38:33 INFO: レース結果取得開始: race_id=202305050209
21:38:34 INFO: 取得完了: race_id=202305050209, 出走頭数=9
21:38:34 INFO: レース結果取得開始: race_id=202305050210
21:38:36 INFO: 取得完了: race_id=202305050210, 出走頭数=14
21:38:36 INFO: レース結果取得開始: race_id=202305050211
21:38:38 INFO: 取得完了: race_id=202305050211, 出走頭数=18
21:38:38 INFO: レース結果取得開始: race_id=202305050212
21:38:39 INFO: 取得完了: race_id=202305050212, 出走頭数=12
21:38:39 INFO: レース結果取得開始: race_id=202308030201
21:38:41 INFO: 取得完了: race_id=202308030201, 出走頭数=14
21:38:41 INFO: レース結果取得開始: race_id=202308030202
21:38:43 INFO: 取得完了: race_id=202308030202, 出走頭数=10
21:38:43 INFO: レース結果取得開始: race_id=202308030203
21:38:45 INFO: 取得完了: race_id=202308030203, 出走頭数=9
21:38:45 INFO: レース結果取得開始: race_id=202308030204
21:38:46 INFO: 取得完了: race_id=202308030204, 出走頭数=17
21:38:46 INFO: レース結果取得開始: race_id=202308030205
21:38:48 INFO: 取得完了: race_id=202308030205, 出走頭数=8
21:38:48 INFO: レース結果取得開始: race_id=202308030206
21:38:50 INFO: 取得完了: race_id=202308030206, 出走頭数=15
21:38:50 INFO: レース結果取得開始: race_id=202308030207
21:38:52 INFO: 取得完了: race_id=202308030207, 出走頭数=12
21:38:52 INFO: レース結果取得開始: race_id=202308030208
21:38:54 INFO: 取得完了: race_id=202308030208, 出走頭数=14
21:38:54 INFO: レース結果取得開始: race_id=202308030209
21:38:56 INFO: 取得完了: race_id=202308030209, 出走頭数=11
21:38:56 INFO: レース結果取得開始: race_id=202308030210
21:38:57 INFO: 取得完了: race_id=202308030210, 出走頭数=18
21:38:57 INFO: レース結果取得開始: race_id=202308030211
21:38:59 INFO: 取得完了: race_id=202308030211, 出走頭数=16
21:38:59 INFO: レース結果取得開始: race_id=202308030212
21:39:01 INFO: 取得完了: race_id=202308030212, 出走頭数=17
21:39:01 INFO: レース結果取得開始: race_id=202303030301
21:39:03 INFO: 取得完了: race_id=202303030301, 出走頭数=16
21:39:03 INFO: レース結果取得開始: race_id=202303030302
21:39:05 INFO: 取得完了: race_id=202303030302, 出走頭数=15
21:39:05 INFO: レース結果取得開始: race_id=202303030303
21:39:07 INFO: 取得完了: race_id=202303030303, 出走頭数=16
21:39:07 INFO: レース結果取得開始: race_id=202303030304
21:39:09 INFO: 取得完了: race_id=202303030304, 出走頭数=15
21:39:09 INFO: レース結果取得開始: race_id=202303030305
21:39:11 INFO: 取得完了: race_id=202303030305, 出走頭数=16
21:39:11 INFO: レース結果取得開始: race_id=202303030306
21:39:12 INFO: 取得完了: race_id=202303030306, 出走頭数=16
21:39:12 INFO: レース結果取得開始: race_id=202303030307
21:39:14 INFO: 取得完了: race_id=202303030307, 出走頭数=16
21:39:14 INFO: レース結果取得開始: race_id=202303030308
21:39:16 INFO: 取得完了: race_id=202303030308, 出走頭数=12
21:39:16 INFO: レース結果取得開始: race_id=202303030309
21:39:18 INFO: 取得完了: race_id=202303030309, 出走頭数=12
21:39:18 INFO: レース結果取得開始: race_id=202303030310
21:39:20 INFO: 取得完了: race_id=202303030310, 出走頭数=16
21:39:20 INFO: レース結果取得開始: race_id=202303030311
21:39:22 INFO: 取得完了: race_id=202303030311, 出走頭数=15
21:39:22 INFO: レース結果取得開始: race_id=202303030312
21:39:24 INFO: 取得完了: race_id=202303030312, 出走頭数=14
21:39:24 INFO: レース結果取得開始: race_id=202305050301
21:39:26 INFO: 取得完了: race_id=202305050301, 出走頭数=15
21:39:26 INFO: レース結果取得開始: race_id=202305050302
21:39:28 INFO: 取得完了: race_id=202305050302, 出走頭数=8
21:39:28 INFO: レース結果取得開始: race_id=202305050303
21:39:29 INFO: 取得完了: race_id=202305050303, 出走頭数=10
21:39:29 INFO: レース結果取得開始: race_id=202305050304
21:39:31 INFO: 取得完了: race_id=202305050304, 出走頭数=13
21:39:31 INFO: レース結果取得開始: race_id=202305050305
21:39:33 INFO: 取得完了: race_id=202305050305, 出走頭数=12
21:39:33 INFO: レース結果取得開始: race_id=202305050306
21:39:34 INFO: 取得完了: race_id=202305050306, 出走頭数=14
21:39:34 INFO: レース結果取得開始: race_id=202305050307
21:39:36 INFO: 取得完了: race_id=202305050307, 出走頭数=16
21:39:36 INFO: レース結果取得開始: race_id=202305050308
21:39:38 INFO: 取得完了: race_id=202305050308, 出走頭数=16
21:39:38 INFO: レース結果取得開始: race_id=202305050309
21:39:40 INFO: 取得完了: race_id=202305050309, 出走頭数=16
21:39:40 INFO: レース結果取得開始: race_id=202305050310
21:39:41 INFO: 取得完了: race_id=202305050310, 出走頭数=15
21:39:41 INFO: レース結果取得開始: race_id=202305050311
21:39:44 INFO: 取得完了: race_id=202305050311, 出走頭数=16
21:39:44 INFO: レース結果取得開始: race_id=202305050312
21:39:45 INFO: 取得完了: race_id=202305050312, 出走頭数=8
21:39:45 INFO: レース結果取得開始: race_id=202308030301
21:39:47 INFO: 取得完了: race_id=202308030301, 出走頭数=14
21:39:47 INFO: レース結果取得開始: race_id=202308030302
21:39:48 INFO: 取得完了: race_id=202308030302, 出走頭数=13
21:39:48 INFO: レース結果取得開始: race_id=202308030303
21:39:50 INFO: 取得完了: race_id=202308030303, 出走頭数=10
21:39:50 INFO: レース結果取得開始: race_id=202308030304
21:39:52 INFO: 取得完了: race_id=202308030304, 出走頭数=11
21:39:52 INFO: レース結果取得開始: race_id=202308030305
21:39:54 INFO: 取得完了: race_id=202308030305, 出走頭数=11
21:39:54 INFO: レース結果取得開始: race_id=202308030306
21:39:55 INFO: 取得完了: race_id=202308030306, 出走頭数=10
21:39:55 INFO: レース結果取得開始: race_id=202308030307
21:39:57 INFO: 取得完了: race_id=202308030307, 出走頭数=16
21:39:57 INFO: レース結果取得開始: race_id=202308030308
21:39:59 INFO: 取得完了: race_id=202308030308, 出走頭数=12
21:39:59 INFO: レース結果取得開始: race_id=202308030309
21:40:00 INFO: 取得完了: race_id=202308030309, 出走頭数=16
21:40:00 INFO: レース結果取得開始: race_id=202308030310
21:40:03 INFO: 取得完了: race_id=202308030310, 出走頭数=16
21:40:03 INFO: レース結果取得開始: race_id=202308030311
21:40:04 INFO: 取得完了: race_id=202308030311, 出走頭数=11
21:40:04 INFO: レース結果取得開始: race_id=202308030312
21:40:06 INFO: 取得完了: race_id=202308030312, 出走頭数=18
21:40:06 INFO: レース結果取得開始: race_id=202303030401
21:40:08 INFO: 取得完了: race_id=202303030401, 出走頭数=15
21:40:08 INFO: レース結果取得開始: race_id=202303030402
21:40:10 INFO: 取得完了: race_id=202303030402, 出走頭数=16
21:40:10 INFO: レース結果取得開始: race_id=202303030403
21:40:12 INFO: 取得完了: race_id=202303030403, 出走頭数=13
21:40:12 INFO: レース結果取得開始: race_id=202303030404
21:40:14 INFO: 取得完了: race_id=202303030404, 出走頭数=11
21:40:14 INFO: レース結果取得開始: race_id=202303030405
21:40:16 INFO: 取得完了: race_id=202303030405, 出走頭数=10
21:40:16 INFO: レース結果取得開始: race_id=202303030406
21:40:18 INFO: 取得完了: race_id=202303030406, 出走頭数=10
21:40:18 INFO: レース結果取得開始: race_id=202303030407
21:40:20 INFO: 取得完了: race_id=202303030407, 出走頭数=15
21:40:20 INFO: レース結果取得開始: race_id=202303030408
21:40:22 INFO: 取得完了: race_id=202303030408, 出走頭数=11
21:40:22 INFO: レース結果取得開始: race_id=202303030409
21:40:24 INFO: 取得完了: race_id=202303030409, 出走頭数=15
21:40:24 INFO: レース結果取得開始: race_id=202303030410
21:40:25 INFO: 取得完了: race_id=202303030410, 出走頭数=15
21:40:25 INFO: レース結果取得開始: race_id=202303030411
21:40:27 INFO: 取得完了: race_id=202303030411, 出走頭数=16
21:40:27 INFO: レース結果取得開始: race_id=202303030412
21:40:28 INFO: 取得完了: race_id=202303030412, 出走頭数=16
21:40:28 INFO: レース結果取得開始: race_id=202305050401
21:40:30 INFO: 取得完了: race_id=202305050401, 出走頭数=14
21:40:30 INFO: レース結果取得開始: race_id=202305050402
21:40:32 INFO: 取得完了: race_id=202305050402, 出走頭数=12
21:40:32 INFO: レース結果取得開始: race_id=202305050403
21:40:33 INFO: 取得完了: race_id=202305050403, 出走頭数=16
21:40:33 INFO: レース結果取得開始: race_id=202305050404
21:40:35 INFO: 取得完了: race_id=202305050404, 出走頭数=16
21:40:35 INFO: レース結果取得開始: race_id=202305050405
21:40:37 INFO: 取得完了: race_id=202305050405, 出走頭数=11
21:40:37 INFO: レース結果取得開始: race_id=202305050406
21:40:39 INFO: 取得完了: race_id=202305050406, 出走頭数=12
21:40:39 INFO: レース結果取得開始: race_id=202305050407
21:40:40 INFO: 取得完了: race_id=202305050407, 出走頭数=16
21:40:40 INFO: レース結果取得開始: race_id=202305050408
21:40:42 INFO: 取得完了: race_id=202305050408, 出走頭数=8
21:40:42 INFO: レース結果取得開始: race_id=202305050409
21:40:44 INFO: 取得完了: race_id=202305050409, 出走頭数=15
21:40:44 INFO: レース結果取得開始: race_id=202305050410
21:40:45 INFO: 取得完了: race_id=202305050410, 出走頭数=14
21:40:45 INFO: レース結果取得開始: race_id=202305050411
21:40:47 INFO: 取得完了: race_id=202305050411, 出走頭数=18
21:40:47 INFO: レース結果取得開始: race_id=202305050412
21:40:49 INFO: 取得完了: race_id=202305050412, 出走頭数=11
21:40:49 INFO: レース結果取得開始: race_id=202308030401
21:40:50 INFO: 取得完了: race_id=202308030401, 出走頭数=13
21:40:50 INFO: レース結果取得開始: race_id=202308030402
21:40:52 INFO: 取得完了: race_id=202308030402, 出走頭数=17
21:40:53 INFO: レース結果取得開始: race_id=202308030403
21:40:55 INFO: 取得完了: race_id=202308030403, 出走頭数=13
21:40:55 INFO: レース結果取得開始: race_id=202308030404
21:40:56 INFO: 取得完了: race_id=202308030404, 出走頭数=16
21:40:56 INFO: レース結果取得開始: race_id=202308030405
21:40:59 INFO: 取得完了: race_id=202308030405, 出走頭数=8
21:40:59 INFO: レース結果取得開始: race_id=202308030406
21:41:01 INFO: 取得完了: race_id=202308030406, 出走頭数=9
21:41:01 INFO: レース結果取得開始: race_id=202308030407
21:41:02 INFO: 取得完了: race_id=202308030407, 出走頭数=11
21:41:02 INFO: レース結果取得開始: race_id=202308030408
21:41:04 INFO: 取得完了: race_id=202308030408, 出走頭数=16
[ 6500/6912] 202308030408: 16頭  errors=0  残り≈12分
21:41:04 INFO: レース結果取得開始: race_id=202308030409
21:41:06 INFO: 取得完了: race_id=202308030409, 出走頭数=7
21:41:06 INFO: レース結果取得開始: race_id=202308030410
21:41:07 INFO: 取得完了: race_id=202308030410, 出走頭数=16
21:41:08 INFO: レース結果取得開始: race_id=202308030411
21:41:09 INFO: 取得完了: race_id=202308030411, 出走頭数=15
21:41:09 INFO: レース結果取得開始: race_id=202308030412
21:41:10 INFO: 取得完了: race_id=202308030412, 出走頭数=16
21:41:10 INFO: レース結果取得開始: race_id=202303030501
21:41:12 INFO: 取得完了: race_id=202303030501, 出走頭数=16
21:41:12 INFO: レース結果取得開始: race_id=202303030502
21:41:14 INFO: 取得完了: race_id=202303030502, 出走頭数=15
21:41:14 INFO: レース結果取得開始: race_id=202303030503
21:41:15 INFO: 取得完了: race_id=202303030503, 出走頭数=15
21:41:15 INFO: レース結果取得開始: race_id=202303030504
21:41:17 INFO: 取得完了: race_id=202303030504, 出走頭数=14
21:41:17 INFO: レース結果取得開始: race_id=202303030505
21:41:19 INFO: 取得完了: race_id=202303030505, 出走頭数=14
21:41:19 INFO: レース結果取得開始: race_id=202303030506
21:41:20 INFO: 取得完了: race_id=202303030506, 出走頭数=15
21:41:20 INFO: レース結果取得開始: race_id=202303030507
21:41:21 INFO: 取得完了: race_id=202303030507, 出走頭数=16
21:41:21 INFO: レース結果取得開始: race_id=202303030508
21:41:23 INFO: 取得完了: race_id=202303030508, 出走頭数=16
21:41:23 INFO: レース結果取得開始: race_id=202303030509
21:41:26 INFO: 取得完了: race_id=202303030509, 出走頭数=16
21:41:26 INFO: レース結果取得開始: race_id=202303030510
21:41:28 INFO: 取得完了: race_id=202303030510, 出走頭数=16
21:41:28 INFO: レース結果取得開始: race_id=202303030511
21:41:29 INFO: 取得完了: race_id=202303030511, 出走頭数=16
21:41:29 INFO: レース結果取得開始: race_id=202303030512
21:41:30 INFO: 取得完了: race_id=202303030512, 出走頭数=16
21:41:31 INFO: レース結果取得開始: race_id=202305050501
21:41:33 INFO: 取得完了: race_id=202305050501, 出走頭数=16
21:41:33 INFO: レース結果取得開始: race_id=202305050502
21:41:35 INFO: 取得完了: race_id=202305050502, 出走頭数=18
21:41:35 INFO: レース結果取得開始: race_id=202305050503
21:41:37 INFO: 取得完了: race_id=202305050503, 出走頭数=16
21:41:37 INFO: レース結果取得開始: race_id=202305050504
21:41:38 INFO: 取得完了: race_id=202305050504, 出走頭数=14
21:41:38 INFO: レース結果取得開始: race_id=202305050505
21:41:40 INFO: 取得完了: race_id=202305050505, 出走頭数=14
21:41:40 INFO: レース結果取得開始: race_id=202305050506
21:41:42 INFO: 取得完了: race_id=202305050506, 出走頭数=9
21:41:42 INFO: レース結果取得開始: race_id=202305050507
21:41:44 INFO: 取得完了: race_id=202305050507, 出走頭数=11
21:41:44 INFO: レース結果取得開始: race_id=202305050508
21:41:46 INFO: 取得完了: race_id=202305050508, 出走頭数=16
21:41:46 INFO: レース結果取得開始: race_id=202305050509
21:41:48 INFO: 取得完了: race_id=202305050509, 出走頭数=12
21:41:48 INFO: レース結果取得開始: race_id=202305050510
21:41:50 INFO: 取得完了: race_id=202305050510, 出走頭数=16
21:41:50 INFO: レース結果取得開始: race_id=202305050511
21:41:51 INFO: 取得完了: race_id=202305050511, 出走頭数=10
21:41:51 INFO: レース結果取得開始: race_id=202305050512
21:41:53 INFO: 取得完了: race_id=202305050512, 出走頭数=15
21:41:53 INFO: レース結果取得開始: race_id=202308030501
21:41:55 INFO: 取得完了: race_id=202308030501, 出走頭数=16
21:41:55 INFO: レース結果取得開始: race_id=202308030502
21:41:57 INFO: 取得完了: race_id=202308030502, 出走頭数=16
21:41:57 INFO: レース結果取得開始: race_id=202308030503
21:41:59 INFO: 取得完了: race_id=202308030503, 出走頭数=12
21:41:59 INFO: レース結果取得開始: race_id=202308030504
21:42:01 INFO: 取得完了: race_id=202308030504, 出走頭数=13
21:42:01 INFO: レース結果取得開始: race_id=202308030505
21:42:03 INFO: 取得完了: race_id=202308030505, 出走頭数=10
21:42:03 INFO: レース結果取得開始: race_id=202308030506
21:42:04 INFO: 取得完了: race_id=202308030506, 出走頭数=10
21:42:04 INFO: レース結果取得開始: race_id=202308030507
21:42:06 INFO: 取得完了: race_id=202308030507, 出走頭数=12
21:42:06 INFO: レース結果取得開始: race_id=202308030508
21:42:07 INFO: 取得完了: race_id=202308030508, 出走頭数=13
21:42:07 INFO: レース結果取得開始: race_id=202308030509
21:42:09 INFO: 取得完了: race_id=202308030509, 出走頭数=16
21:42:09 INFO: レース結果取得開始: race_id=202308030510
21:42:10 INFO: 取得完了: race_id=202308030510, 出走頭数=14
21:42:10 INFO: レース結果取得開始: race_id=202308030511
21:42:12 INFO: 取得完了: race_id=202308030511, 出走頭数=16
21:42:12 INFO: レース結果取得開始: race_id=202308030512
21:42:14 INFO: 取得完了: race_id=202308030512, 出走頭数=15
21:42:14 INFO: レース結果取得開始: race_id=202303030601
21:42:16 INFO: 取得完了: race_id=202303030601, 出走頭数=16
21:42:16 INFO: レース結果取得開始: race_id=202303030602
21:42:18 INFO: 取得完了: race_id=202303030602, 出走頭数=15
21:42:18 INFO: レース結果取得開始: race_id=202303030603
21:42:19 INFO: 取得完了: race_id=202303030603, 出走頭数=15
21:42:19 INFO: レース結果取得開始: race_id=202303030604
21:42:21 INFO: 取得完了: race_id=202303030604, 出走頭数=14
21:42:21 INFO: レース結果取得開始: race_id=202303030605
21:42:23 INFO: 取得完了: race_id=202303030605, 出走頭数=16
21:42:23 INFO: レース結果取得開始: race_id=202303030606
21:42:25 INFO: 取得完了: race_id=202303030606, 出走頭数=16
21:42:25 INFO: レース結果取得開始: race_id=202303030607
21:42:27 INFO: 取得完了: race_id=202303030607, 出走頭数=16
21:42:27 INFO: レース結果取得開始: race_id=202303030608
21:42:29 INFO: 取得完了: race_id=202303030608, 出走頭数=16
21:42:29 INFO: レース結果取得開始: race_id=202303030609
21:42:31 INFO: 取得完了: race_id=202303030609, 出走頭数=16
21:42:31 INFO: レース結果取得開始: race_id=202303030610
21:42:32 INFO: 取得完了: race_id=202303030610, 出走頭数=16
21:42:32 INFO: レース結果取得開始: race_id=202303030611
21:42:34 INFO: 取得完了: race_id=202303030611, 出走頭数=15
21:42:34 INFO: レース結果取得開始: race_id=202303030612
21:42:36 INFO: 取得完了: race_id=202303030612, 出走頭数=16
21:42:36 INFO: レース結果取得開始: race_id=202305050601
21:42:37 INFO: 取得完了: race_id=202305050601, 出走頭数=16
21:42:37 INFO: レース結果取得開始: race_id=202305050602
21:42:39 INFO: 取得完了: race_id=202305050602, 出走頭数=16
21:42:39 INFO: レース結果取得開始: race_id=202305050603
21:42:40 INFO: 取得完了: race_id=202305050603, 出走頭数=15
21:42:40 INFO: レース結果取得開始: race_id=202305050604
21:42:42 INFO: 取得完了: race_id=202305050604, 出走頭数=16
21:42:42 INFO: レース結果取得開始: race_id=202305050605
21:42:44 INFO: 取得完了: race_id=202305050605, 出走頭数=16
21:42:44 INFO: レース結果取得開始: race_id=202305050606
21:42:46 INFO: 取得完了: race_id=202305050606, 出走頭数=16
21:42:46 INFO: レース結果取得開始: race_id=202305050607
21:42:47 INFO: 取得完了: race_id=202305050607, 出走頭数=16
21:42:47 INFO: レース結果取得開始: race_id=202305050608
21:42:48 INFO: 取得完了: race_id=202305050608, 出走頭数=15
21:42:48 INFO: レース結果取得開始: race_id=202305050609
21:42:50 INFO: 取得完了: race_id=202305050609, 出走頭数=9
21:42:50 INFO: レース結果取得開始: race_id=202305050610
21:42:52 INFO: 取得完了: race_id=202305050610, 出走頭数=9
21:42:52 INFO: レース結果取得開始: race_id=202305050611
21:42:53 INFO: 取得完了: race_id=202305050611, 出走頭数=16
21:42:53 INFO: レース結果取得開始: race_id=202305050612
21:42:55 INFO: 取得完了: race_id=202305050612, 出走頭数=18
21:42:55 INFO: レース結果取得開始: race_id=202308030601
21:42:57 INFO: 取得完了: race_id=202308030601, 出走頭数=16
21:42:57 INFO: レース結果取得開始: race_id=202308030602
21:42:59 INFO: 取得完了: race_id=202308030602, 出走頭数=16
21:42:59 INFO: レース結果取得開始: race_id=202308030603
21:43:01 INFO: 取得完了: race_id=202308030603, 出走頭数=12
21:43:01 INFO: レース結果取得開始: race_id=202308030604
21:43:03 INFO: 取得完了: race_id=202308030604, 出走頭数=13
21:43:03 INFO: レース結果取得開始: race_id=202308030605
21:43:05 INFO: 取得完了: race_id=202308030605, 出走頭数=7
21:43:05 INFO: レース結果取得開始: race_id=202308030606
21:43:07 INFO: 取得完了: race_id=202308030606, 出走頭数=15
21:43:07 INFO: レース結果取得開始: race_id=202308030607
21:43:09 INFO: 取得完了: race_id=202308030607, 出走頭数=16
21:43:09 INFO: レース結果取得開始: race_id=202308030608
21:43:10 INFO: 取得完了: race_id=202308030608, 出走頭数=15
21:43:10 INFO: レース結果取得開始: race_id=202308030609
21:43:12 INFO: 取得完了: race_id=202308030609, 出走頭数=8
21:43:12 INFO: レース結果取得開始: race_id=202308030610
21:43:14 INFO: 取得完了: race_id=202308030610, 出走頭数=17
21:43:14 INFO: レース結果取得開始: race_id=202308030611
21:43:16 INFO: 取得完了: race_id=202308030611, 出走頭数=16
21:43:16 INFO: レース結果取得開始: race_id=202308030612
21:43:17 INFO: 取得完了: race_id=202308030612, 出走頭数=14
21:43:17 INFO: レース結果取得開始: race_id=202305050701
21:43:19 INFO: 取得完了: race_id=202305050701, 出走頭数=15
21:43:19 INFO: レース結果取得開始: race_id=202305050702
21:43:20 INFO: 取得完了: race_id=202305050702, 出走頭数=18
21:43:20 INFO: レース結果取得開始: race_id=202305050703
21:43:22 INFO: 取得完了: race_id=202305050703, 出走頭数=13
21:43:22 INFO: レース結果取得開始: race_id=202305050704
21:43:24 INFO: 取得完了: race_id=202305050704, 出走頭数=16
21:43:24 INFO: レース結果取得開始: race_id=202305050705
21:43:26 INFO: 取得完了: race_id=202305050705, 出走頭数=18
21:43:26 INFO: レース結果取得開始: race_id=202305050706
21:43:28 INFO: 取得完了: race_id=202305050706, 出走頭数=16
21:43:28 INFO: レース結果取得開始: race_id=202305050707
21:43:30 INFO: 取得完了: race_id=202305050707, 出走頭数=16
21:43:30 INFO: レース結果取得開始: race_id=202305050708
21:43:32 INFO: 取得完了: race_id=202305050708, 出走頭数=16
21:43:32 INFO: レース結果取得開始: race_id=202305050709
21:43:34 INFO: 取得完了: race_id=202305050709, 出走頭数=16
21:43:34 INFO: レース結果取得開始: race_id=202305050710
21:43:35 INFO: 取得完了: race_id=202305050710, 出走頭数=16
21:43:35 INFO: レース結果取得開始: race_id=202305050711
21:43:37 INFO: 取得完了: race_id=202305050711, 出走頭数=10
21:43:37 INFO: レース結果取得開始: race_id=202305050712
21:43:39 INFO: 取得完了: race_id=202305050712, 出走頭数=14
21:43:39 INFO: レース結果取得開始: race_id=202308030701
21:43:41 INFO: 取得完了: race_id=202308030701, 出走頭数=16
21:43:41 INFO: レース結果取得開始: race_id=202308030702
21:43:43 INFO: 取得完了: race_id=202308030702, 出走頭数=13
21:43:43 INFO: レース結果取得開始: race_id=202308030703
21:43:44 INFO: 取得完了: race_id=202308030703, 出走頭数=14
21:43:44 INFO: レース結果取得開始: race_id=202308030704
21:43:46 INFO: 取得完了: race_id=202308030704, 出走頭数=10
21:43:46 INFO: レース結果取得開始: race_id=202308030705
21:43:48 INFO: 取得完了: race_id=202308030705, 出走頭数=12
21:43:48 INFO: レース結果取得開始: race_id=202308030706
21:43:49 INFO: 取得完了: race_id=202308030706, 出走頭数=12
21:43:49 INFO: レース結果取得開始: race_id=202308030707
21:43:50 INFO: 取得完了: race_id=202308030707, 出走頭数=14
21:43:50 INFO: レース結果取得開始: race_id=202308030708
21:43:52 INFO: 取得完了: race_id=202308030708, 出走頭数=16
21:43:52 INFO: レース結果取得開始: race_id=202308030709
21:43:53 INFO: 取得完了: race_id=202308030709, 出走頭数=12
21:43:53 INFO: レース結果取得開始: race_id=202308030710
21:43:55 INFO: 取得完了: race_id=202308030710, 出走頭数=16
21:43:55 INFO: レース結果取得開始: race_id=202308030711
21:43:57 INFO: 取得完了: race_id=202308030711, 出走頭数=14
21:43:57 INFO: レース結果取得開始: race_id=202308030712
21:43:59 INFO: 取得完了: race_id=202308030712, 出走頭数=18
[ 6600/6912] 202308030712: 18頭  errors=0  残り≈9分
21:43:59 INFO: レース結果取得開始: race_id=202305050801
21:44:01 INFO: 取得完了: race_id=202305050801, 出走頭数=16
21:44:01 INFO: レース結果取得開始: race_id=202305050802
21:44:02 INFO: 取得完了: race_id=202305050802, 出走頭数=18
21:44:02 INFO: レース結果取得開始: race_id=202305050803
21:44:04 INFO: 取得完了: race_id=202305050803, 出走頭数=16
21:44:04 INFO: レース結果取得開始: race_id=202305050804
21:44:05 INFO: 取得完了: race_id=202305050804, 出走頭数=14
21:44:05 INFO: レース結果取得開始: race_id=202305050805
21:44:08 INFO: 取得完了: race_id=202305050805, 出走頭数=16
21:44:08 INFO: レース結果取得開始: race_id=202305050806
21:44:10 INFO: 取得完了: race_id=202305050806, 出走頭数=16
21:44:10 INFO: レース結果取得開始: race_id=202305050807
21:44:11 INFO: 取得完了: race_id=202305050807, 出走頭数=16
21:44:11 INFO: レース結果取得開始: race_id=202305050808
21:44:12 INFO: 取得完了: race_id=202305050808, 出走頭数=8
21:44:12 INFO: レース結果取得開始: race_id=202305050809
21:44:15 INFO: 取得完了: race_id=202305050809, 出走頭数=11
21:44:15 INFO: レース結果取得開始: race_id=202305050810
21:44:16 INFO: 取得完了: race_id=202305050810, 出走頭数=16
21:44:16 INFO: レース結果取得開始: race_id=202305050811
21:44:18 INFO: 取得完了: race_id=202305050811, 出走頭数=13
21:44:18 INFO: レース結果取得開始: race_id=202305050812
21:44:19 INFO: 取得完了: race_id=202305050812, 出走頭数=18
21:44:19 INFO: レース結果取得開始: race_id=202308030801
21:44:22 INFO: 取得完了: race_id=202308030801, 出走頭数=16
21:44:22 INFO: レース結果取得開始: race_id=202308030802
21:44:23 INFO: 取得完了: race_id=202308030802, 出走頭数=18
21:44:23 INFO: レース結果取得開始: race_id=202308030803
21:44:25 INFO: 取得完了: race_id=202308030803, 出走頭数=15
21:44:25 INFO: レース結果取得開始: race_id=202308030804
21:44:27 INFO: 取得完了: race_id=202308030804, 出走頭数=15
21:44:27 INFO: レース結果取得開始: race_id=202308030805
21:44:28 INFO: 取得完了: race_id=202308030805, 出走頭数=14
21:44:28 INFO: レース結果取得開始: race_id=202308030806
21:44:29 INFO: 取得完了: race_id=202308030806, 出走頭数=15
21:44:29 INFO: レース結果取得開始: race_id=202308030807
21:44:31 INFO: 取得完了: race_id=202308030807, 出走頭数=15
21:44:31 INFO: レース結果取得開始: race_id=202308030808
21:44:33 INFO: 取得完了: race_id=202308030808, 出走頭数=16
21:44:33 INFO: レース結果取得開始: race_id=202308030809
21:44:34 INFO: 取得完了: race_id=202308030809, 出走頭数=10
21:44:34 INFO: レース結果取得開始: race_id=202308030810
21:44:36 INFO: 取得完了: race_id=202308030810, 出走頭数=13
21:44:36 INFO: レース結果取得開始: race_id=202308030811
21:44:37 INFO: 取得完了: race_id=202308030811, 出走頭数=16
21:44:37 INFO: レース結果取得開始: race_id=202308030812
21:44:39 INFO: 取得完了: race_id=202308030812, 出走頭数=18
21:44:39 INFO: レース結果取得開始: race_id=202306050101
21:44:41 INFO: 取得完了: race_id=202306050101, 出走頭数=16
21:44:42 INFO: レース結果取得開始: race_id=202306050102
21:44:43 INFO: 取得完了: race_id=202306050102, 出走頭数=16
21:44:43 INFO: レース結果取得開始: race_id=202306050103
21:44:45 INFO: 取得完了: race_id=202306050103, 出走頭数=16
21:44:45 INFO: レース結果取得開始: race_id=202306050104
21:44:47 INFO: 取得完了: race_id=202306050104, 出走頭数=16
21:44:47 INFO: レース結果取得開始: race_id=202306050105
21:44:50 INFO: 取得完了: race_id=202306050105, 出走頭数=16
21:44:50 INFO: レース結果取得開始: race_id=202306050106
21:44:52 INFO: 取得完了: race_id=202306050106, 出走頭数=16
21:44:52 INFO: レース結果取得開始: race_id=202306050107
21:44:53 INFO: 取得完了: race_id=202306050107, 出走頭数=16
21:44:53 INFO: レース結果取得開始: race_id=202306050108
21:44:56 INFO: 取得完了: race_id=202306050108, 出走頭数=14
21:44:56 INFO: レース結果取得開始: race_id=202306050109
21:44:58 INFO: 取得完了: race_id=202306050109, 出走頭数=9
21:44:58 INFO: レース結果取得開始: race_id=202306050110
21:45:00 INFO: 取得完了: race_id=202306050110, 出走頭数=16
21:45:00 INFO: レース結果取得開始: race_id=202306050111
21:45:01 INFO: 取得完了: race_id=202306050111, 出走頭数=16
21:45:01 INFO: レース結果取得開始: race_id=202306050112
21:45:03 INFO: 取得完了: race_id=202306050112, 出走頭数=16
21:45:03 INFO: レース結果取得開始: race_id=202307040101
21:45:05 INFO: 取得完了: race_id=202307040101, 出走頭数=16
21:45:05 INFO: レース結果取得開始: race_id=202307040102
21:45:07 INFO: 取得完了: race_id=202307040102, 出走頭数=10
21:45:07 INFO: レース結果取得開始: race_id=202307040103
21:45:08 INFO: 取得完了: race_id=202307040103, 出走頭数=16
21:45:08 INFO: レース結果取得開始: race_id=202307040104
21:45:10 INFO: 取得完了: race_id=202307040104, 出走頭数=12
21:45:10 INFO: レース結果取得開始: race_id=202307040105
21:45:12 INFO: 取得完了: race_id=202307040105, 出走頭数=12
21:45:12 INFO: レース結果取得開始: race_id=202307040106
21:45:14 INFO: 取得完了: race_id=202307040106, 出走頭数=16
21:45:14 INFO: レース結果取得開始: race_id=202307040107
21:45:16 INFO: 取得完了: race_id=202307040107, 出走頭数=14
21:45:16 INFO: レース結果取得開始: race_id=202307040108
21:45:17 INFO: 取得完了: race_id=202307040108, 出走頭数=16
21:45:17 INFO: レース結果取得開始: race_id=202307040109
21:45:19 INFO: 取得完了: race_id=202307040109, 出走頭数=16
21:45:19 INFO: レース結果取得開始: race_id=202307040110
21:45:20 INFO: 取得完了: race_id=202307040110, 出走頭数=13
21:45:20 INFO: レース結果取得開始: race_id=202307040111
21:45:22 INFO: 取得完了: race_id=202307040111, 出走頭数=12
21:45:22 INFO: レース結果取得開始: race_id=202307040112
21:45:24 INFO: 取得完了: race_id=202307040112, 出走頭数=17
21:45:24 INFO: レース結果取得開始: race_id=202309050101
21:45:26 INFO: 取得完了: race_id=202309050101, 出走頭数=12
21:45:26 INFO: レース結果取得開始: race_id=202309050102
21:45:28 INFO: 取得完了: race_id=202309050102, 出走頭数=9
21:45:28 INFO: レース結果取得開始: race_id=202309050103
21:45:29 INFO: 取得完了: race_id=202309050103, 出走頭数=10
21:45:29 INFO: レース結果取得開始: race_id=202309050104
21:45:31 INFO: 取得完了: race_id=202309050104, 出走頭数=10
21:45:31 INFO: レース結果取得開始: race_id=202309050105
21:45:33 INFO: 取得完了: race_id=202309050105, 出走頭数=12
21:45:33 INFO: レース結果取得開始: race_id=202309050106
21:45:35 INFO: 取得完了: race_id=202309050106, 出走頭数=11
21:45:35 INFO: レース結果取得開始: race_id=202309050107
21:45:37 INFO: 取得完了: race_id=202309050107, 出走頭数=13
21:45:37 INFO: レース結果取得開始: race_id=202309050108
21:45:38 INFO: 取得完了: race_id=202309050108, 出走頭数=10
21:45:38 INFO: レース結果取得開始: race_id=202309050109
21:45:41 INFO: 取得完了: race_id=202309050109, 出走頭数=10
21:45:41 INFO: レース結果取得開始: race_id=202309050110
21:45:43 INFO: 取得完了: race_id=202309050110, 出走頭数=16
21:45:43 INFO: レース結果取得開始: race_id=202309050111
21:45:44 INFO: 取得完了: race_id=202309050111, 出走頭数=13
21:45:44 INFO: レース結果取得開始: race_id=202309050112
21:45:46 INFO: 取得完了: race_id=202309050112, 出走頭数=10
21:45:46 INFO: レース結果取得開始: race_id=202306050201
21:45:48 INFO: 取得完了: race_id=202306050201, 出走頭数=16
21:45:48 INFO: レース結果取得開始: race_id=202306050202
21:45:49 INFO: 取得完了: race_id=202306050202, 出走頭数=16
21:45:49 INFO: レース結果取得開始: race_id=202306050203
21:45:50 INFO: 取得完了: race_id=202306050203, 出走頭数=18
21:45:50 INFO: レース結果取得開始: race_id=202306050204
21:45:52 INFO: 取得完了: race_id=202306050204, 出走頭数=16
21:45:52 INFO: レース結果取得開始: race_id=202306050205
21:45:54 INFO: 取得完了: race_id=202306050205, 出走頭数=16
21:45:54 INFO: レース結果取得開始: race_id=202306050206
21:45:56 INFO: 取得完了: race_id=202306050206, 出走頭数=13
21:45:56 INFO: レース結果取得開始: race_id=202306050207
21:45:57 INFO: 取得完了: race_id=202306050207, 出走頭数=11
21:45:57 INFO: レース結果取得開始: race_id=202306050208
21:45:59 INFO: 取得完了: race_id=202306050208, 出走頭数=12
21:45:59 INFO: レース結果取得開始: race_id=202306050209
21:46:01 INFO: 取得完了: race_id=202306050209, 出走頭数=15
21:46:01 INFO: レース結果取得開始: race_id=202306050210
21:46:03 INFO: 取得完了: race_id=202306050210, 出走頭数=16
21:46:03 INFO: レース結果取得開始: race_id=202306050211
21:46:04 INFO: 取得完了: race_id=202306050211, 出走頭数=11
21:46:04 INFO: レース結果取得開始: race_id=202306050212
21:46:06 INFO: 取得完了: race_id=202306050212, 出走頭数=16
21:46:06 INFO: レース結果取得開始: race_id=202307040201
21:46:08 INFO: 取得完了: race_id=202307040201, 出走頭数=14
21:46:09 INFO: レース結果取得開始: race_id=202307040202
21:46:10 INFO: 取得完了: race_id=202307040202, 出走頭数=16
21:46:10 INFO: レース結果取得開始: race_id=202307040203
21:46:12 INFO: 取得完了: race_id=202307040203, 出走頭数=15
21:46:12 INFO: レース結果取得開始: race_id=202307040204
21:46:14 INFO: 取得完了: race_id=202307040204, 出走頭数=16
21:46:14 INFO: レース結果取得開始: race_id=202307040205
21:46:15 INFO: 取得完了: race_id=202307040205, 出走頭数=10
21:46:15 INFO: レース結果取得開始: race_id=202307040206
21:46:17 INFO: 取得完了: race_id=202307040206, 出走頭数=12
21:46:17 INFO: レース結果取得開始: race_id=202307040207
21:46:19 INFO: 取得完了: race_id=202307040207, 出走頭数=9
21:46:19 INFO: レース結果取得開始: race_id=202307040208
21:46:21 INFO: 取得完了: race_id=202307040208, 出走頭数=7
21:46:21 INFO: レース結果取得開始: race_id=202307040209
21:46:23 INFO: 取得完了: race_id=202307040209, 出走頭数=15
21:46:23 INFO: レース結果取得開始: race_id=202307040210
21:46:24 INFO: 取得完了: race_id=202307040210, 出走頭数=16
21:46:24 INFO: レース結果取得開始: race_id=202307040211
21:46:26 INFO: 取得完了: race_id=202307040211, 出走頭数=15
21:46:26 INFO: レース結果取得開始: race_id=202307040212
21:46:27 INFO: 取得完了: race_id=202307040212, 出走頭数=11
21:46:27 INFO: レース結果取得開始: race_id=202309050201
21:46:29 INFO: 取得完了: race_id=202309050201, 出走頭数=13
21:46:29 INFO: レース結果取得開始: race_id=202309050202
21:46:31 INFO: 取得完了: race_id=202309050202, 出走頭数=11
21:46:31 INFO: レース結果取得開始: race_id=202309050203
21:46:33 INFO: 取得完了: race_id=202309050203, 出走頭数=15
21:46:33 INFO: レース結果取得開始: race_id=202309050204
21:46:35 INFO: 取得完了: race_id=202309050204, 出走頭数=11
21:46:35 INFO: レース結果取得開始: race_id=202309050205
21:46:36 INFO: 取得完了: race_id=202309050205, 出走頭数=9
21:46:36 INFO: レース結果取得開始: race_id=202309050206
21:46:38 INFO: 取得完了: race_id=202309050206, 出走頭数=12
21:46:38 INFO: レース結果取得開始: race_id=202309050207
21:46:40 INFO: 取得完了: race_id=202309050207, 出走頭数=11
21:46:40 INFO: レース結果取得開始: race_id=202309050208
21:46:42 INFO: 取得完了: race_id=202309050208, 出走頭数=16
21:46:42 INFO: レース結果取得開始: race_id=202309050209
21:46:43 INFO: 取得完了: race_id=202309050209, 出走頭数=16
21:46:43 INFO: レース結果取得開始: race_id=202309050210
21:46:45 INFO: 取得完了: race_id=202309050210, 出走頭数=17
21:46:45 INFO: レース結果取得開始: race_id=202309050211
21:46:47 INFO: 取得完了: race_id=202309050211, 出走頭数=13
21:46:47 INFO: レース結果取得開始: race_id=202309050212
21:46:49 INFO: 取得完了: race_id=202309050212, 出走頭数=15
21:46:49 INFO: レース結果取得開始: race_id=202306050301
21:46:51 INFO: 取得完了: race_id=202306050301, 出走頭数=16
21:46:51 INFO: レース結果取得開始: race_id=202306050302
21:46:53 INFO: 取得完了: race_id=202306050302, 出走頭数=12
21:46:53 INFO: レース結果取得開始: race_id=202306050303
21:46:55 INFO: 取得完了: race_id=202306050303, 出走頭数=16
21:46:55 INFO: レース結果取得開始: race_id=202306050304
21:46:57 INFO: 取得完了: race_id=202306050304, 出走頭数=16
[ 6700/6912] 202306050304: 16頭  errors=0  残り≈6分
21:46:57 INFO: レース結果取得開始: race_id=202306050305
21:46:58 INFO: 取得完了: race_id=202306050305, 出走頭数=16
21:46:58 INFO: レース結果取得開始: race_id=202306050306
21:47:00 INFO: 取得完了: race_id=202306050306, 出走頭数=16
21:47:00 INFO: レース結果取得開始: race_id=202306050307
21:47:02 INFO: 取得完了: race_id=202306050307, 出走頭数=15
21:47:02 INFO: レース結果取得開始: race_id=202306050308
21:47:04 INFO: 取得完了: race_id=202306050308, 出走頭数=16
21:47:04 INFO: レース結果取得開始: race_id=202306050309
21:47:06 INFO: 取得完了: race_id=202306050309, 出走頭数=11
21:47:06 INFO: レース結果取得開始: race_id=202306050310
21:47:07 INFO: 取得完了: race_id=202306050310, 出走頭数=16
21:47:07 INFO: レース結果取得開始: race_id=202306050311
21:47:09 INFO: 取得完了: race_id=202306050311, 出走頭数=15
21:47:09 INFO: レース結果取得開始: race_id=202306050312
21:47:11 INFO: 取得完了: race_id=202306050312, 出走頭数=16
21:47:11 INFO: レース結果取得開始: race_id=202307040301
21:47:13 INFO: 取得完了: race_id=202307040301, 出走頭数=10
21:47:13 INFO: レース結果取得開始: race_id=202307040302
21:47:15 INFO: 取得完了: race_id=202307040302, 出走頭数=16
21:47:15 INFO: レース結果取得開始: race_id=202307040303
21:47:16 INFO: 取得完了: race_id=202307040303, 出走頭数=11
21:47:16 INFO: レース結果取得開始: race_id=202307040304
21:47:18 INFO: 取得完了: race_id=202307040304, 出走頭数=16
21:47:18 INFO: レース結果取得開始: race_id=202307040305
21:47:20 INFO: 取得完了: race_id=202307040305, 出走頭数=16
21:47:20 INFO: レース結果取得開始: race_id=202307040306
21:47:22 INFO: 取得完了: race_id=202307040306, 出走頭数=16
21:47:22 INFO: レース結果取得開始: race_id=202307040307
21:47:24 INFO: 取得完了: race_id=202307040307, 出走頭数=11
21:47:24 INFO: レース結果取得開始: race_id=202307040308
21:47:26 INFO: 取得完了: race_id=202307040308, 出走頭数=18
21:47:26 INFO: レース結果取得開始: race_id=202307040309
21:47:27 INFO: 取得完了: race_id=202307040309, 出走頭数=14
21:47:27 INFO: レース結果取得開始: race_id=202307040310
21:47:29 INFO: 取得完了: race_id=202307040310, 出走頭数=16
21:47:29 INFO: レース結果取得開始: race_id=202307040311
21:47:31 INFO: 取得完了: race_id=202307040311, 出走頭数=17
21:47:31 INFO: レース結果取得開始: race_id=202307040312
21:47:33 INFO: 取得完了: race_id=202307040312, 出走頭数=15
21:47:33 INFO: レース結果取得開始: race_id=202309050301
21:47:35 INFO: 取得完了: race_id=202309050301, 出走頭数=7
21:47:35 INFO: レース結果取得開始: race_id=202309050302
21:47:37 INFO: 取得完了: race_id=202309050302, 出走頭数=9
21:47:37 INFO: レース結果取得開始: race_id=202309050303
21:47:39 INFO: 取得完了: race_id=202309050303, 出走頭数=13
21:47:39 INFO: レース結果取得開始: race_id=202309050304
21:47:40 INFO: 取得完了: race_id=202309050304, 出走頭数=12
21:47:40 INFO: レース結果取得開始: race_id=202309050305
21:47:42 INFO: 取得完了: race_id=202309050305, 出走頭数=12
21:47:42 INFO: レース結果取得開始: race_id=202309050306
21:47:43 INFO: 取得完了: race_id=202309050306, 出走頭数=9
21:47:43 INFO: レース結果取得開始: race_id=202309050307
21:47:44 INFO: 取得完了: race_id=202309050307, 出走頭数=10
21:47:44 INFO: レース結果取得開始: race_id=202309050308
21:47:46 INFO: 取得完了: race_id=202309050308, 出走頭数=16
21:47:46 INFO: レース結果取得開始: race_id=202309050309
21:47:48 INFO: 取得完了: race_id=202309050309, 出走頭数=10
21:47:48 INFO: レース結果取得開始: race_id=202309050310
21:47:50 INFO: 取得完了: race_id=202309050310, 出走頭数=15
21:47:50 INFO: レース結果取得開始: race_id=202309050311
21:47:52 INFO: 取得完了: race_id=202309050311, 出走頭数=13
21:47:52 INFO: レース結果取得開始: race_id=202309050312
21:47:54 INFO: 取得完了: race_id=202309050312, 出走頭数=12
21:47:54 INFO: レース結果取得開始: race_id=202306050401
21:47:55 INFO: 取得完了: race_id=202306050401, 出走頭数=16
21:47:55 INFO: レース結果取得開始: race_id=202306050402
21:47:57 INFO: 取得完了: race_id=202306050402, 出走頭数=16
21:47:57 INFO: レース結果取得開始: race_id=202306050403
21:47:58 INFO: 取得完了: race_id=202306050403, 出走頭数=11
21:47:58 INFO: レース結果取得開始: race_id=202306050404
21:48:00 INFO: 取得完了: race_id=202306050404, 出走頭数=14
21:48:00 INFO: レース結果取得開始: race_id=202306050405
21:48:02 INFO: 取得完了: race_id=202306050405, 出走頭数=16
21:48:02 INFO: レース結果取得開始: race_id=202306050406
21:48:04 INFO: 取得完了: race_id=202306050406, 出走頭数=18
21:48:04 INFO: レース結果取得開始: race_id=202306050407
21:48:06 INFO: 取得完了: race_id=202306050407, 出走頭数=16
21:48:06 INFO: レース結果取得開始: race_id=202306050408
21:48:07 INFO: 取得完了: race_id=202306050408, 出走頭数=11
21:48:07 INFO: レース結果取得開始: race_id=202306050409
21:48:09 INFO: 取得完了: race_id=202306050409, 出走頭数=13
21:48:09 INFO: レース結果取得開始: race_id=202306050410
21:48:10 INFO: 取得完了: race_id=202306050410, 出走頭数=14
21:48:10 INFO: レース結果取得開始: race_id=202306050411
21:48:12 INFO: 取得完了: race_id=202306050411, 出走頭数=16
21:48:12 INFO: レース結果取得開始: race_id=202306050412
21:48:14 INFO: 取得完了: race_id=202306050412, 出走頭数=11
21:48:14 INFO: レース結果取得開始: race_id=202307040401
21:48:16 INFO: 取得完了: race_id=202307040401, 出走頭数=11
21:48:16 INFO: レース結果取得開始: race_id=202307040402
21:48:18 INFO: 取得完了: race_id=202307040402, 出走頭数=13
21:48:18 INFO: レース結果取得開始: race_id=202307040403
21:48:20 INFO: 取得完了: race_id=202307040403, 出走頭数=10
21:48:20 INFO: レース結果取得開始: race_id=202307040404
21:48:22 INFO: 取得完了: race_id=202307040404, 出走頭数=16
21:48:22 INFO: レース結果取得開始: race_id=202307040405
21:48:24 INFO: 取得完了: race_id=202307040405, 出走頭数=16
21:48:24 INFO: レース結果取得開始: race_id=202307040406
21:48:26 INFO: 取得完了: race_id=202307040406, 出走頭数=15
21:48:26 INFO: レース結果取得開始: race_id=202307040407
21:48:28 INFO: 取得完了: race_id=202307040407, 出走頭数=10
21:48:28 INFO: レース結果取得開始: race_id=202307040408
21:48:30 INFO: 取得完了: race_id=202307040408, 出走頭数=16
21:48:30 INFO: レース結果取得開始: race_id=202307040409
21:48:32 INFO: 取得完了: race_id=202307040409, 出走頭数=16
21:48:32 INFO: レース結果取得開始: race_id=202307040410
21:48:33 INFO: 取得完了: race_id=202307040410, 出走頭数=12
21:48:33 INFO: レース結果取得開始: race_id=202307040411
21:48:35 INFO: 取得完了: race_id=202307040411, 出走頭数=9
21:48:35 INFO: レース結果取得開始: race_id=202307040412
21:48:37 INFO: 取得完了: race_id=202307040412, 出走頭数=13
21:48:37 INFO: レース結果取得開始: race_id=202309050401
21:48:39 INFO: 取得完了: race_id=202309050401, 出走頭数=15
21:48:39 INFO: レース結果取得開始: race_id=202309050402
21:48:40 INFO: 取得完了: race_id=202309050402, 出走頭数=10
21:48:40 INFO: レース結果取得開始: race_id=202309050403
21:48:43 INFO: 取得完了: race_id=202309050403, 出走頭数=14
21:48:43 INFO: レース結果取得開始: race_id=202309050404
21:48:45 INFO: 取得完了: race_id=202309050404, 出走頭数=17
21:48:45 INFO: レース結果取得開始: race_id=202309050405
21:48:46 INFO: 取得完了: race_id=202309050405, 出走頭数=9
21:48:46 INFO: レース結果取得開始: race_id=202309050406
21:48:48 INFO: 取得完了: race_id=202309050406, 出走頭数=7
21:48:48 INFO: レース結果取得開始: race_id=202309050407
21:48:50 INFO: 取得完了: race_id=202309050407, 出走頭数=9
21:48:50 INFO: レース結果取得開始: race_id=202309050408
21:48:52 INFO: 取得完了: race_id=202309050408, 出走頭数=8
21:48:52 INFO: レース結果取得開始: race_id=202309050409
21:48:54 INFO: 取得完了: race_id=202309050409, 出走頭数=11
21:48:54 INFO: レース結果取得開始: race_id=202309050410
21:48:55 INFO: 取得完了: race_id=202309050410, 出走頭数=16
21:48:55 INFO: レース結果取得開始: race_id=202309050411
21:48:58 INFO: 取得完了: race_id=202309050411, 出走頭数=18
21:48:58 INFO: レース結果取得開始: race_id=202309050412
21:49:00 INFO: 取得完了: race_id=202309050412, 出走頭数=13
21:49:00 INFO: レース結果取得開始: race_id=202306050501
21:49:02 INFO: 取得完了: race_id=202306050501, 出走頭数=16
21:49:02 INFO: レース結果取得開始: race_id=202306050502
21:49:03 INFO: 取得完了: race_id=202306050502, 出走頭数=16
21:49:03 INFO: レース結果取得開始: race_id=202306050503
21:49:06 INFO: 取得完了: race_id=202306050503, 出走頭数=16
21:49:06 INFO: レース結果取得開始: race_id=202306050504
21:49:07 INFO: 取得完了: race_id=202306050504, 出走頭数=16
21:49:07 INFO: レース結果取得開始: race_id=202306050505
21:49:09 INFO: 取得完了: race_id=202306050505, 出走頭数=18
21:49:09 INFO: レース結果取得開始: race_id=202306050506
21:49:12 INFO: 取得完了: race_id=202306050506, 出走頭数=16
21:49:12 INFO: レース結果取得開始: race_id=202306050507
21:49:13 INFO: 取得完了: race_id=202306050507, 出走頭数=16
21:49:13 INFO: レース結果取得開始: race_id=202306050508
21:49:15 INFO: 取得完了: race_id=202306050508, 出走頭数=16
21:49:15 INFO: レース結果取得開始: race_id=202306050509
21:49:16 INFO: 取得完了: race_id=202306050509, 出走頭数=16
21:49:16 INFO: レース結果取得開始: race_id=202306050510
21:49:18 INFO: 取得完了: race_id=202306050510, 出走頭数=16
21:49:18 INFO: レース結果取得開始: race_id=202306050511
21:49:20 INFO: 取得完了: race_id=202306050511, 出走頭数=16
21:49:20 INFO: レース結果取得開始: race_id=202306050512
21:49:21 INFO: 取得完了: race_id=202306050512, 出走頭数=16
21:49:21 INFO: レース結果取得開始: race_id=202307040501
21:49:23 INFO: 取得完了: race_id=202307040501, 出走頭数=16
21:49:23 INFO: レース結果取得開始: race_id=202307040502
21:49:25 INFO: 取得完了: race_id=202307040502, 出走頭数=15
21:49:25 INFO: レース結果取得開始: race_id=202307040503
21:49:27 INFO: 取得完了: race_id=202307040503, 出走頭数=16
21:49:27 INFO: レース結果取得開始: race_id=202307040504
21:49:28 INFO: 取得完了: race_id=202307040504, 出走頭数=15
21:49:28 INFO: レース結果取得開始: race_id=202307040505
21:49:31 INFO: 取得完了: race_id=202307040505, 出走頭数=13
21:49:31 INFO: レース結果取得開始: race_id=202307040506
21:49:33 INFO: 取得完了: race_id=202307040506, 出走頭数=15
21:49:33 INFO: レース結果取得開始: race_id=202307040507
21:49:35 INFO: 取得完了: race_id=202307040507, 出走頭数=15
21:49:35 INFO: レース結果取得開始: race_id=202307040508
21:49:37 INFO: 取得完了: race_id=202307040508, 出走頭数=16
21:49:37 INFO: レース結果取得開始: race_id=202307040509
21:49:39 INFO: 取得完了: race_id=202307040509, 出走頭数=18
21:49:39 INFO: レース結果取得開始: race_id=202307040510
21:49:40 INFO: 取得完了: race_id=202307040510, 出走頭数=9
21:49:40 INFO: レース結果取得開始: race_id=202307040511
21:49:42 INFO: 取得完了: race_id=202307040511, 出走頭数=14
21:49:42 INFO: レース結果取得開始: race_id=202307040512
21:49:44 INFO: 取得完了: race_id=202307040512, 出走頭数=18
21:49:44 INFO: レース結果取得開始: race_id=202309050501
21:49:46 INFO: 取得完了: race_id=202309050501, 出走頭数=16
21:49:46 INFO: レース結果取得開始: race_id=202309050502
21:49:48 INFO: 取得完了: race_id=202309050502, 出走頭数=13
21:49:48 INFO: レース結果取得開始: race_id=202309050503
21:49:50 INFO: 取得完了: race_id=202309050503, 出走頭数=16
21:49:50 INFO: レース結果取得開始: race_id=202309050504
21:49:52 INFO: 取得完了: race_id=202309050504, 出走頭数=14
21:49:52 INFO: レース結果取得開始: race_id=202309050505
21:49:53 INFO: 取得完了: race_id=202309050505, 出走頭数=11
21:49:53 INFO: レース結果取得開始: race_id=202309050506
21:49:56 INFO: 取得完了: race_id=202309050506, 出走頭数=9
21:49:56 INFO: レース結果取得開始: race_id=202309050507
21:49:58 INFO: 取得完了: race_id=202309050507, 出走頭数=8
21:49:58 INFO: レース結果取得開始: race_id=202309050508
21:49:59 INFO: 取得完了: race_id=202309050508, 出走頭数=16
[ 6800/6912] 202309050508: 16頭  errors=0  残り≈3分
21:49:59 INFO: レース結果取得開始: race_id=202309050509
21:50:00 INFO: 取得完了: race_id=202309050509, 出走頭数=16
21:50:00 INFO: レース結果取得開始: race_id=202309050510
21:50:02 INFO: 取得完了: race_id=202309050510, 出走頭数=14
21:50:02 INFO: レース結果取得開始: race_id=202309050511
21:50:04 INFO: 取得完了: race_id=202309050511, 出走頭数=16
21:50:04 INFO: レース結果取得開始: race_id=202309050512
21:50:06 INFO: 取得完了: race_id=202309050512, 出走頭数=11
21:50:06 INFO: レース結果取得開始: race_id=202306050601
21:50:08 INFO: 取得完了: race_id=202306050601, 出走頭数=16
21:50:08 INFO: レース結果取得開始: race_id=202306050602
21:50:10 INFO: 取得完了: race_id=202306050602, 出走頭数=16
21:50:10 INFO: レース結果取得開始: race_id=202306050603
21:50:11 INFO: 取得完了: race_id=202306050603, 出走頭数=16
21:50:11 INFO: レース結果取得開始: race_id=202306050604
21:50:13 INFO: 取得完了: race_id=202306050604, 出走頭数=13
21:50:13 INFO: レース結果取得開始: race_id=202306050605
21:50:15 INFO: 取得完了: race_id=202306050605, 出走頭数=16
21:50:15 INFO: レース結果取得開始: race_id=202306050606
21:50:16 INFO: 取得完了: race_id=202306050606, 出走頭数=16
21:50:16 INFO: レース結果取得開始: race_id=202306050607
21:50:18 INFO: 取得完了: race_id=202306050607, 出走頭数=18
21:50:18 INFO: レース結果取得開始: race_id=202306050608
21:50:20 INFO: 取得完了: race_id=202306050608, 出走頭数=15
21:50:20 INFO: レース結果取得開始: race_id=202306050609
21:50:21 INFO: 取得完了: race_id=202306050609, 出走頭数=9
21:50:21 INFO: レース結果取得開始: race_id=202306050610
21:50:23 INFO: 取得完了: race_id=202306050610, 出走頭数=10
21:50:23 INFO: レース結果取得開始: race_id=202306050611
21:50:25 INFO: 取得完了: race_id=202306050611, 出走頭数=13
21:50:25 INFO: レース結果取得開始: race_id=202306050612
21:50:27 INFO: 取得完了: race_id=202306050612, 出走頭数=13
21:50:27 INFO: レース結果取得開始: race_id=202307040601
21:50:29 INFO: 取得完了: race_id=202307040601, 出走頭数=16
21:50:29 INFO: レース結果取得開始: race_id=202307040602
21:50:30 INFO: 取得完了: race_id=202307040602, 出走頭数=15
21:50:30 INFO: レース結果取得開始: race_id=202307040603
21:50:32 INFO: 取得完了: race_id=202307040603, 出走頭数=16
21:50:32 INFO: レース結果取得開始: race_id=202307040604
21:50:34 INFO: 取得完了: race_id=202307040604, 出走頭数=16
21:50:34 INFO: レース結果取得開始: race_id=202307040605
21:50:35 INFO: 取得完了: race_id=202307040605, 出走頭数=11
21:50:35 INFO: レース結果取得開始: race_id=202307040606
21:50:37 INFO: 取得完了: race_id=202307040606, 出走頭数=16
21:50:37 INFO: レース結果取得開始: race_id=202307040607
21:50:39 INFO: 取得完了: race_id=202307040607, 出走頭数=12
21:50:39 INFO: レース結果取得開始: race_id=202307040608
21:50:41 INFO: 取得完了: race_id=202307040608, 出走頭数=16
21:50:41 INFO: レース結果取得開始: race_id=202307040609
21:50:42 INFO: 取得完了: race_id=202307040609, 出走頭数=11
21:50:42 INFO: レース結果取得開始: race_id=202307040610
21:50:44 INFO: 取得完了: race_id=202307040610, 出走頭数=16
21:50:44 INFO: レース結果取得開始: race_id=202307040611
21:50:46 INFO: 取得完了: race_id=202307040611, 出走頭数=16
21:50:46 INFO: レース結果取得開始: race_id=202307040612
21:50:48 INFO: 取得完了: race_id=202307040612, 出走頭数=9
21:50:48 INFO: レース結果取得開始: race_id=202309050601
21:50:50 INFO: 取得完了: race_id=202309050601, 出走頭数=13
21:50:50 INFO: レース結果取得開始: race_id=202309050602
21:50:52 INFO: 取得完了: race_id=202309050602, 出走頭数=16
21:50:52 INFO: レース結果取得開始: race_id=202309050603
21:50:54 INFO: 取得完了: race_id=202309050603, 出走頭数=15
21:50:54 INFO: レース結果取得開始: race_id=202309050604
21:50:56 INFO: 取得完了: race_id=202309050604, 出走頭数=12
21:50:56 INFO: レース結果取得開始: race_id=202309050605
21:50:58 INFO: 取得完了: race_id=202309050605, 出走頭数=10
21:50:58 INFO: レース結果取得開始: race_id=202309050606
21:50:59 INFO: 取得完了: race_id=202309050606, 出走頭数=12
21:50:59 INFO: レース結果取得開始: race_id=202309050607
21:51:01 INFO: 取得完了: race_id=202309050607, 出走頭数=9
21:51:01 INFO: レース結果取得開始: race_id=202309050608
21:51:03 INFO: 取得完了: race_id=202309050608, 出走頭数=14
21:51:03 INFO: レース結果取得開始: race_id=202309050609
21:51:05 INFO: 取得完了: race_id=202309050609, 出走頭数=11
21:51:05 INFO: レース結果取得開始: race_id=202309050610
21:51:06 INFO: 取得完了: race_id=202309050610, 出走頭数=18
21:51:06 INFO: レース結果取得開始: race_id=202309050611
21:51:08 INFO: 取得完了: race_id=202309050611, 出走頭数=17
21:51:08 INFO: レース結果取得開始: race_id=202309050612
21:51:10 INFO: 取得完了: race_id=202309050612, 出走頭数=16
21:51:10 INFO: レース結果取得開始: race_id=202306050701
21:51:12 INFO: 取得完了: race_id=202306050701, 出走頭数=16
21:51:12 INFO: レース結果取得開始: race_id=202306050702
21:51:14 INFO: 取得完了: race_id=202306050702, 出走頭数=15
21:51:14 INFO: レース結果取得開始: race_id=202306050703
21:51:16 INFO: 取得完了: race_id=202306050703, 出走頭数=16
21:51:16 INFO: レース結果取得開始: race_id=202306050704
21:51:17 INFO: 取得完了: race_id=202306050704, 出走頭数=16
21:51:17 INFO: レース結果取得開始: race_id=202306050705
21:51:19 INFO: 取得完了: race_id=202306050705, 出走頭数=16
21:51:19 INFO: レース結果取得開始: race_id=202306050706
21:51:21 INFO: 取得完了: race_id=202306050706, 出走頭数=16
21:51:21 INFO: レース結果取得開始: race_id=202306050707
21:51:23 INFO: 取得完了: race_id=202306050707, 出走頭数=15
21:51:23 INFO: レース結果取得開始: race_id=202306050708
21:51:24 INFO: 取得完了: race_id=202306050708, 出走頭数=16
21:51:24 INFO: レース結果取得開始: race_id=202306050709
21:51:26 INFO: 取得完了: race_id=202306050709, 出走頭数=16
21:51:26 INFO: レース結果取得開始: race_id=202306050710
21:51:28 INFO: 取得完了: race_id=202306050710, 出走頭数=12
21:51:28 INFO: レース結果取得開始: race_id=202306050711
21:51:30 INFO: 取得完了: race_id=202306050711, 出走頭数=16
21:51:30 INFO: レース結果取得開始: race_id=202306050712
21:51:31 INFO: 取得完了: race_id=202306050712, 出走頭数=16
21:51:31 INFO: レース結果取得開始: race_id=202309050701
21:51:33 INFO: 取得完了: race_id=202309050701, 出走頭数=14
21:51:33 INFO: レース結果取得開始: race_id=202309050702
21:51:35 INFO: 取得完了: race_id=202309050702, 出走頭数=15
21:51:35 INFO: レース結果取得開始: race_id=202309050703
21:51:36 INFO: 取得完了: race_id=202309050703, 出走頭数=16
21:51:36 INFO: レース結果取得開始: race_id=202309050704
21:51:38 INFO: 取得完了: race_id=202309050704, 出走頭数=14
21:51:38 INFO: レース結果取得開始: race_id=202309050705
21:51:40 INFO: 取得完了: race_id=202309050705, 出走頭数=14
21:51:40 INFO: レース結果取得開始: race_id=202309050706
21:51:42 INFO: 取得完了: race_id=202309050706, 出走頭数=18
21:51:42 INFO: レース結果取得開始: race_id=202309050707
21:51:44 INFO: 取得完了: race_id=202309050707, 出走頭数=8
21:51:44 INFO: レース結果取得開始: race_id=202309050708
21:51:46 INFO: 取得完了: race_id=202309050708, 出走頭数=16
21:51:46 INFO: レース結果取得開始: race_id=202309050709
21:51:47 INFO: 取得完了: race_id=202309050709, 出走頭数=13
21:51:47 INFO: レース結果取得開始: race_id=202309050710
21:51:49 INFO: 取得完了: race_id=202309050710, 出走頭数=16
21:51:49 INFO: レース結果取得開始: race_id=202309050711
21:51:50 INFO: 取得完了: race_id=202309050711, 出走頭数=17
21:51:50 INFO: レース結果取得開始: race_id=202309050712
21:51:52 INFO: 取得完了: race_id=202309050712, 出走頭数=14
21:51:52 INFO: レース結果取得開始: race_id=202306050801
21:51:54 INFO: 取得完了: race_id=202306050801, 出走頭数=16
21:51:54 INFO: レース結果取得開始: race_id=202306050802
21:51:55 INFO: 取得完了: race_id=202306050802, 出走頭数=16
21:51:55 INFO: レース結果取得開始: race_id=202306050803
21:51:57 INFO: 取得完了: race_id=202306050803, 出走頭数=16
21:51:57 INFO: レース結果取得開始: race_id=202306050804
21:51:59 INFO: 取得完了: race_id=202306050804, 出走頭数=16
21:51:59 INFO: レース結果取得開始: race_id=202306050805
21:52:01 INFO: 取得完了: race_id=202306050805, 出走頭数=16
21:52:01 INFO: レース結果取得開始: race_id=202306050806
21:52:03 INFO: 取得完了: race_id=202306050806, 出走頭数=15
21:52:03 INFO: レース結果取得開始: race_id=202306050807
21:52:05 INFO: 取得完了: race_id=202306050807, 出走頭数=16
21:52:05 INFO: レース結果取得開始: race_id=202306050808
21:52:07 INFO: 取得完了: race_id=202306050808, 出走頭数=14
21:52:07 INFO: レース結果取得開始: race_id=202306050809
21:52:09 INFO: 取得完了: race_id=202306050809, 出走頭数=14
21:52:09 INFO: レース結果取得開始: race_id=202306050810
21:52:11 INFO: 取得完了: race_id=202306050810, 出走頭数=16
21:52:11 INFO: レース結果取得開始: race_id=202306050811
21:52:13 INFO: 取得完了: race_id=202306050811, 出走頭数=16
21:52:13 INFO: レース結果取得開始: race_id=202306050812
21:52:14 INFO: 取得完了: race_id=202306050812, 出走頭数=16
21:52:14 INFO: レース結果取得開始: race_id=202309050801
21:52:16 INFO: 取得完了: race_id=202309050801, 出走頭数=16
21:52:16 INFO: レース結果取得開始: race_id=202309050802
21:52:18 INFO: 取得完了: race_id=202309050802, 出走頭数=16
21:52:18 INFO: レース結果取得開始: race_id=202309050803
21:52:20 INFO: 取得完了: race_id=202309050803, 出走頭数=14
21:52:20 INFO: レース結果取得開始: race_id=202309050804
21:52:21 INFO: 取得完了: race_id=202309050804, 出走頭数=16
21:52:21 INFO: レース結果取得開始: race_id=202309050805
21:52:23 INFO: 取得完了: race_id=202309050805, 出走頭数=14
21:52:23 INFO: レース結果取得開始: race_id=202309050806
21:52:25 INFO: 取得完了: race_id=202309050806, 出走頭数=18
21:52:25 INFO: レース結果取得開始: race_id=202309050807
21:52:27 INFO: 取得完了: race_id=202309050807, 出走頭数=11
21:52:27 INFO: レース結果取得開始: race_id=202309050808
21:52:28 INFO: 取得完了: race_id=202309050808, 出走頭数=12
21:52:28 INFO: レース結果取得開始: race_id=202309050809
21:52:30 INFO: 取得完了: race_id=202309050809, 出走頭数=16
21:52:30 INFO: レース結果取得開始: race_id=202309050810
21:52:31 INFO: 取得完了: race_id=202309050810, 出走頭数=13
21:52:31 INFO: レース結果取得開始: race_id=202309050811
21:52:33 INFO: 取得完了: race_id=202309050811, 出走頭数=16
21:52:33 INFO: レース結果取得開始: race_id=202309050812
21:52:35 INFO: 取得完了: race_id=202309050812, 出走頭数=15
21:52:35 INFO: レース結果取得開始: race_id=202306050901
21:52:37 INFO: 取得完了: race_id=202306050901, 出走頭数=16
21:52:37 INFO: レース結果取得開始: race_id=202306050902
21:52:39 INFO: 取得完了: race_id=202306050902, 出走頭数=16
21:52:39 INFO: レース結果取得開始: race_id=202306050903
21:52:41 INFO: 取得完了: race_id=202306050903, 出走頭数=16
21:52:41 INFO: レース結果取得開始: race_id=202306050904
21:52:43 INFO: 取得完了: race_id=202306050904, 出走頭数=16
21:52:43 INFO: レース結果取得開始: race_id=202306050905
21:52:44 INFO: 取得完了: race_id=202306050905, 出走頭数=15
21:52:44 INFO: レース結果取得開始: race_id=202306050906
21:52:47 INFO: 取得完了: race_id=202306050906, 出走頭数=16
21:52:47 INFO: レース結果取得開始: race_id=202306050907
21:52:48 INFO: 取得完了: race_id=202306050907, 出走頭数=16
21:52:48 INFO: レース結果取得開始: race_id=202306050908
21:52:49 INFO: 取得完了: race_id=202306050908, 出走頭数=16
21:52:49 INFO: レース結果取得開始: race_id=202306050909
21:52:51 INFO: 取得完了: race_id=202306050909, 出走頭数=16
21:52:51 INFO: レース結果取得開始: race_id=202306050910
21:52:53 INFO: 取得完了: race_id=202306050910, 出走頭数=16
21:52:53 INFO: レース結果取得開始: race_id=202306050911
21:52:55 INFO: 取得完了: race_id=202306050911, 出走頭数=18
21:52:55 INFO: レース結果取得開始: race_id=202306050912
21:52:56 INFO: 取得完了: race_id=202306050912, 出走頭数=16
[ 6900/6912] 202306050912: 16頭  errors=0  残り≈0分
21:52:56 INFO: レース結果取得開始: race_id=202309050901
21:52:58 INFO: 取得完了: race_id=202309050901, 出走頭数=16
21:52:58 INFO: レース結果取得開始: race_id=202309050902
21:53:00 INFO: 取得完了: race_id=202309050902, 出走頭数=14
21:53:00 INFO: レース結果取得開始: race_id=202309050903
21:53:02 INFO: 取得完了: race_id=202309050903, 出走頭数=14
21:53:02 INFO: レース結果取得開始: race_id=202309050904
21:53:04 INFO: 取得完了: race_id=202309050904, 出走頭数=14
21:53:04 INFO: レース結果取得開始: race_id=202309050905
21:53:05 INFO: 取得完了: race_id=202309050905, 出走頭数=14
21:53:05 INFO: レース結果取得開始: race_id=202309050906
21:53:07 INFO: 取得完了: race_id=202309050906, 出走頭数=9
21:53:07 INFO: レース結果取得開始: race_id=202309050907
21:53:09 INFO: 取得完了: race_id=202309050907, 出走頭数=13
21:53:09 INFO: レース結果取得開始: race_id=202309050908
21:53:11 INFO: 取得完了: race_id=202309050908, 出走頭数=15
21:53:11 INFO: レース結果取得開始: race_id=202309050909
21:53:13 INFO: 取得完了: race_id=202309050909, 出走頭数=16
21:53:13 INFO: レース結果取得開始: race_id=202309050910
21:53:15 INFO: 取得完了: race_id=202309050910, 出走頭数=11
21:53:15 INFO: レース結果取得開始: race_id=202309050911
21:53:17 INFO: 取得完了: race_id=202309050911, 出走頭数=15
21:53:17 INFO: レース結果取得開始: race_id=202309050912
21:53:18 INFO: 取得完了: race_id=202309050912, 出走頭数=16

完了: 成功=6912, エラー=0, 経過=206.0分
